ISO-10303-21;
HEADER;
FILE_DESCRIPTION(('CATIA V5 STEP Exchange','CAx-IF Rec.Pracs.--- Model Styling and Organization---1.5--- 2016-08-15','CAx-IF Rec.Pracs.---Supplemental Geometry---1.0---2011-11-01','CAx-IF Rec.Pracs.--- Composite Materials ---3.4---2017-06-13','CAx-IF Rec.Pracs.---Tessellated 3D Geometry---1.0---2015-12-17'),'2;1');

FILE_NAME('C:\\Users\\icemi\\Desktop\\RZS_Repository\\RES\\catia_macros\\generated\\RES_Enclosure_20260730_135440\\RES_BatteryCover.stp','2026-07-30T05:56:20+00:00',('none'),('none'),'CATIA Version 5-6 Release 2022 SP6','CATIA V5 STEP AP242 v3','none');

FILE_SCHEMA(('AP242_MANAGED_MODEL_BASED_3D_ENGINEERING_MIM_LF  {1 0 10303 442 1 1 4}'));

ENDSEC;
DATA;
#5=PRODUCT('Part73','','',(#2)) ;
#2=PRODUCT_CONTEXT(' ',#1,'mechanical') ;
#1=APPLICATION_CONTEXT('managed model based 3d engineering') ;
#10=PRODUCT_DEFINITION('',' ',#6,#3) ;
#3=PRODUCT_DEFINITION_CONTEXT('part definition',#1,' ') ;
#11=PRODUCT_DEFINITION_SHAPE(' ',' ',#10) ;
#3604=MECHANICAL_DESIGN_GEOMETRIC_PRESENTATION_REPRESENTATION(' ',(#29),#16) ;
#7=PRODUCT_CATEGORY('part','specification') ;
#19=SHAPE_REPRESENTATION(' ',(#18),#16) ;
#17=CARTESIAN_POINT(' ',(0.,0.,0.)) ;
#31=CARTESIAN_POINT('Axis2P3D Location',(-36.,47.,-1.5)) ;
#36=CARTESIAN_POINT('Axis2P3D Location',(-36.,47.,-2.6)) ;
#40=CARTESIAN_POINT('Vertex',(-38.4,47.,-2.6)) ;
#42=CARTESIAN_POINT('Vertex',(-33.6,47.,-2.6)) ;
#45=CARTESIAN_POINT('Line Origine',(-38.4,47.,-1.5)) ;
#49=CARTESIAN_POINT('Vertex',(-38.4,47.,0.)) ;
#52=CARTESIAN_POINT('Axis2P3D Location',(-36.,47.,0.)) ;
#56=CARTESIAN_POINT('Vertex',(-33.6,47.,0.)) ;
#59=CARTESIAN_POINT('Line Origine',(-33.6,47.,-1.5)) ;
#71=CARTESIAN_POINT('Axis2P3D Location',(-36.,47.,-2.6)) ;
#76=CARTESIAN_POINT('Axis2P3D Location',(-36.,47.,0.)) ;
#88=CARTESIAN_POINT('Axis2P3D Location',(-36.,-47.,-1.5)) ;
#93=CARTESIAN_POINT('Axis2P3D Location',(-36.,-47.,-2.6)) ;
#97=CARTESIAN_POINT('Vertex',(-38.4,-47.,-2.6)) ;
#99=CARTESIAN_POINT('Vertex',(-33.6,-47.,-2.6)) ;
#102=CARTESIAN_POINT('Line Origine',(-38.4,-47.,-1.5)) ;
#106=CARTESIAN_POINT('Vertex',(-38.4,-47.,0.)) ;
#109=CARTESIAN_POINT('Axis2P3D Location',(-36.,-47.,0.)) ;
#113=CARTESIAN_POINT('Vertex',(-33.6,-47.,0.)) ;
#116=CARTESIAN_POINT('Line Origine',(-33.6,-47.,-1.5)) ;
#128=CARTESIAN_POINT('Axis2P3D Location',(-36.,-47.,-2.6)) ;
#133=CARTESIAN_POINT('Axis2P3D Location',(-36.,-47.,0.)) ;
#145=CARTESIAN_POINT('Axis2P3D Location',(0.,47.,-1.5)) ;
#150=CARTESIAN_POINT('Axis2P3D Location',(0.,47.,-2.6)) ;
#154=CARTESIAN_POINT('Vertex',(-2.4,47.,-2.6)) ;
#156=CARTESIAN_POINT('Vertex',(2.4,47.,-2.6)) ;
#159=CARTESIAN_POINT('Line Origine',(-2.4,47.,-1.5)) ;
#163=CARTESIAN_POINT('Vertex',(-2.4,47.,0.)) ;
#166=CARTESIAN_POINT('Axis2P3D Location',(0.,47.,0.)) ;
#170=CARTESIAN_POINT('Vertex',(2.4,47.,0.)) ;
#173=CARTESIAN_POINT('Line Origine',(2.4,47.,-1.5)) ;
#185=CARTESIAN_POINT('Axis2P3D Location',(0.,47.,-2.6)) ;
#190=CARTESIAN_POINT('Axis2P3D Location',(0.,47.,0.)) ;
#202=CARTESIAN_POINT('Axis2P3D Location',(0.,-47.,-1.5)) ;
#207=CARTESIAN_POINT('Axis2P3D Location',(0.,-47.,-2.6)) ;
#211=CARTESIAN_POINT('Vertex',(-2.4,-47.,-2.6)) ;
#213=CARTESIAN_POINT('Vertex',(2.4,-47.,-2.6)) ;
#216=CARTESIAN_POINT('Line Origine',(-2.4,-47.,-1.5)) ;
#220=CARTESIAN_POINT('Vertex',(-2.4,-47.,0.)) ;
#223=CARTESIAN_POINT('Axis2P3D Location',(0.,-47.,0.)) ;
#227=CARTESIAN_POINT('Vertex',(2.4,-47.,0.)) ;
#230=CARTESIAN_POINT('Line Origine',(2.4,-47.,-1.5)) ;
#242=CARTESIAN_POINT('Axis2P3D Location',(0.,-47.,-2.6)) ;
#247=CARTESIAN_POINT('Axis2P3D Location',(0.,-47.,0.)) ;
#259=CARTESIAN_POINT('Axis2P3D Location',(36.,47.,-1.5)) ;
#264=CARTESIAN_POINT('Axis2P3D Location',(36.,47.,-2.6)) ;
#268=CARTESIAN_POINT('Vertex',(33.6,47.,-2.6)) ;
#270=CARTESIAN_POINT('Vertex',(38.4,47.,-2.6)) ;
#273=CARTESIAN_POINT('Line Origine',(33.6,47.,-1.5)) ;
#277=CARTESIAN_POINT('Vertex',(33.6,47.,0.)) ;
#280=CARTESIAN_POINT('Axis2P3D Location',(36.,47.,0.)) ;
#284=CARTESIAN_POINT('Vertex',(38.4,47.,0.)) ;
#287=CARTESIAN_POINT('Line Origine',(38.4,47.,-1.5)) ;
#299=CARTESIAN_POINT('Axis2P3D Location',(36.,47.,-2.6)) ;
#304=CARTESIAN_POINT('Axis2P3D Location',(36.,47.,0.)) ;
#316=CARTESIAN_POINT('Axis2P3D Location',(36.,-47.,-1.5)) ;
#321=CARTESIAN_POINT('Axis2P3D Location',(36.,-47.,-2.6)) ;
#325=CARTESIAN_POINT('Vertex',(33.6,-47.,-2.6)) ;
#327=CARTESIAN_POINT('Vertex',(38.4,-47.,-2.6)) ;
#330=CARTESIAN_POINT('Line Origine',(33.6,-47.,-1.5)) ;
#334=CARTESIAN_POINT('Vertex',(33.6,-47.,0.)) ;
#337=CARTESIAN_POINT('Axis2P3D Location',(36.,-47.,0.)) ;
#341=CARTESIAN_POINT('Vertex',(38.4,-47.,0.)) ;
#344=CARTESIAN_POINT('Line Origine',(38.4,-47.,-1.5)) ;
#356=CARTESIAN_POINT('Axis2P3D Location',(36.,-47.,-2.6)) ;
#361=CARTESIAN_POINT('Axis2P3D Location',(36.,-47.,0.)) ;
#373=CARTESIAN_POINT('Axis2P3D Location',(57.,0.,-1.5)) ;
#378=CARTESIAN_POINT('Axis2P3D Location',(57.,0.,-2.6)) ;
#382=CARTESIAN_POINT('Vertex',(54.6,2.93915231795E-16,-2.6)) ;
#384=CARTESIAN_POINT('Vertex',(59.4,0.,-2.6)) ;
#387=CARTESIAN_POINT('Line Origine',(54.6,2.93915231795E-16,-1.5)) ;
#391=CARTESIAN_POINT('Vertex',(54.6,2.93915231795E-16,0.)) ;
#394=CARTESIAN_POINT('Axis2P3D Location',(57.,0.,0.)) ;
#398=CARTESIAN_POINT('Vertex',(59.4,0.,0.)) ;
#401=CARTESIAN_POINT('Line Origine',(59.4,-5.87830463591E-16,-1.5)) ;
#413=CARTESIAN_POINT('Axis2P3D Location',(57.,0.,-2.6)) ;
#418=CARTESIAN_POINT('Axis2P3D Location',(57.,0.,0.)) ;
#430=CARTESIAN_POINT('Axis2P3D Location',(-57.,0.,-1.5)) ;
#435=CARTESIAN_POINT('Axis2P3D Location',(-57.,0.,-2.6)) ;
#439=CARTESIAN_POINT('Vertex',(-59.4,2.93915231795E-16,-2.6)) ;
#441=CARTESIAN_POINT('Vertex',(-54.6,0.,-2.6)) ;
#444=CARTESIAN_POINT('Line Origine',(-59.4,2.93915231795E-16,-1.5)) ;
#448=CARTESIAN_POINT('Vertex',(-59.4,2.93915231795E-16,0.)) ;
#451=CARTESIAN_POINT('Axis2P3D Location',(-57.,0.,0.)) ;
#455=CARTESIAN_POINT('Vertex',(-54.6,0.,0.)) ;
#458=CARTESIAN_POINT('Line Origine',(-54.6,-5.87830463591E-16,-1.5)) ;
#470=CARTESIAN_POINT('Axis2P3D Location',(-57.,0.,-2.6)) ;
#475=CARTESIAN_POINT('Axis2P3D Location',(-57.,0.,0.)) ;
#487=CARTESIAN_POINT('Axis2P3D Location',(-36.,47.,-2.8)) ;
#492=CARTESIAN_POINT('Axis2P3D Location',(-36.,47.,-2.6)) ;
#496=CARTESIAN_POINT('Vertex',(-30.5,47.,-2.6)) ;
#498=CARTESIAN_POINT('Vertex',(-41.5,47.,-2.6)) ;
#501=CARTESIAN_POINT('Line Origine',(-41.5,47.,-2.8)) ;
#505=CARTESIAN_POINT('Vertex',(-41.5,47.,-3.)) ;
#508=CARTESIAN_POINT('Axis2P3D Location',(-36.,47.,-3.)) ;
#512=CARTESIAN_POINT('Vertex',(-30.5,47.,-3.)) ;
#515=CARTESIAN_POINT('Line Origine',(-30.5,47.,-2.8)) ;
#527=CARTESIAN_POINT('Axis2P3D Location',(-36.,47.,-2.6)) ;
#532=CARTESIAN_POINT('Axis2P3D Location',(-36.,47.,-3.)) ;
#544=CARTESIAN_POINT('Axis2P3D Location',(0.,0.,-3.)) ;
#549=CARTESIAN_POINT('Axis2P3D Location',(-59.,-49.,-3.)) ;
#553=CARTESIAN_POINT('Vertex',(-69.,-49.,-3.)) ;
#555=CARTESIAN_POINT('Vertex',(-59.,-59.,-3.)) ;
#558=CARTESIAN_POINT('Line Origine',(-69.,0.,-3.)) ;
#562=CARTESIAN_POINT('Vertex',(-69.,49.,-3.)) ;
#565=CARTESIAN_POINT('Axis2P3D Location',(-59.,49.,-3.)) ;
#569=CARTESIAN_POINT('Vertex',(-59.,59.,-3.)) ;
#572=CARTESIAN_POINT('Line Origine',(0.,59.,-3.)) ;
#576=CARTESIAN_POINT('Vertex',(59.,59.,-3.)) ;
#579=CARTESIAN_POINT('Axis2P3D Location',(59.,49.,-3.)) ;
#583=CARTESIAN_POINT('Vertex',(69.,49.,-3.)) ;
#586=CARTESIAN_POINT('Line Origine',(69.,0.,-3.)) ;
#590=CARTESIAN_POINT('Vertex',(69.,-49.,-3.)) ;
#593=CARTESIAN_POINT('Axis2P3D Location',(59.,-49.,-3.)) ;
#597=CARTESIAN_POINT('Vertex',(59.,-59.,-3.)) ;
#600=CARTESIAN_POINT('Line Origine',(0.,-59.,-3.)) ;
#615=CARTESIAN_POINT('Line Origine',(52.,15.1456439237,-3.)) ;
#619=CARTESIAN_POINT('Vertex',(52.,2.29128784748,-3.)) ;
#621=CARTESIAN_POINT('Vertex',(52.,28.,-3.)) ;
#624=CARTESIAN_POINT('Axis2P3D Location',(40.,28.,-3.)) ;
#628=CARTESIAN_POINT('Vertex',(40.,40.,-3.)) ;
#631=CARTESIAN_POINT('Line Origine',(0.,40.,-3.)) ;
#635=CARTESIAN_POINT('Vertex',(-40.,40.,-3.)) ;
#638=CARTESIAN_POINT('Axis2P3D Location',(-40.,28.,-3.)) ;
#642=CARTESIAN_POINT('Vertex',(-52.,28.,-3.)) ;
#645=CARTESIAN_POINT('Line Origine',(-52.,15.1456439237,-3.)) ;
#649=CARTESIAN_POINT('Vertex',(-52.,2.29128784748,-3.)) ;
#652=CARTESIAN_POINT('Axis2P3D Location',(-57.,0.,-3.)) ;
#656=CARTESIAN_POINT('Vertex',(-62.5,3.11604639371E-15,-3.)) ;
#659=CARTESIAN_POINT('Axis2P3D Location',(-57.,0.,-3.)) ;
#663=CARTESIAN_POINT('Vertex',(-52.,-2.29128784748,-3.)) ;
#666=CARTESIAN_POINT('Line Origine',(-52.,-15.1456439237,-3.)) ;
#670=CARTESIAN_POINT('Vertex',(-52.,-28.,-3.)) ;
#673=CARTESIAN_POINT('Axis2P3D Location',(-40.,-28.,-3.)) ;
#677=CARTESIAN_POINT('Vertex',(-40.,-40.,-3.)) ;
#680=CARTESIAN_POINT('Line Origine',(0.,-40.,-3.)) ;
#684=CARTESIAN_POINT('Vertex',(40.,-40.,-3.)) ;
#687=CARTESIAN_POINT('Axis2P3D Location',(40.,-28.,-3.)) ;
#691=CARTESIAN_POINT('Vertex',(52.,-28.,-3.)) ;
#694=CARTESIAN_POINT('Line Origine',(52.,-15.1456439237,-3.)) ;
#698=CARTESIAN_POINT('Vertex',(52.,-2.29128784748,-3.)) ;
#701=CARTESIAN_POINT('Axis2P3D Location',(57.,0.,-3.)) ;
#705=CARTESIAN_POINT('Vertex',(62.5,0.,-3.)) ;
#708=CARTESIAN_POINT('Axis2P3D Location',(57.,0.,-3.)) ;
#733=CARTESIAN_POINT('Axis2P3D Location',(-36.,-47.,-3.)) ;
#737=CARTESIAN_POINT('Vertex',(-41.5,-47.,-3.)) ;
#739=CARTESIAN_POINT('Vertex',(-30.5,-47.,-3.)) ;
#742=CARTESIAN_POINT('Axis2P3D Location',(-36.,-47.,-3.)) ;
#751=CARTESIAN_POINT('Axis2P3D Location',(0.,47.,-3.)) ;
#755=CARTESIAN_POINT('Vertex',(-5.5,47.,-3.)) ;
#757=CARTESIAN_POINT('Vertex',(5.5,47.,-3.)) ;
#760=CARTESIAN_POINT('Axis2P3D Location',(0.,47.,-3.)) ;
#769=CARTESIAN_POINT('Axis2P3D Location',(0.,-47.,-3.)) ;
#773=CARTESIAN_POINT('Vertex',(-5.5,-47.,-3.)) ;
#775=CARTESIAN_POINT('Vertex',(5.5,-47.,-3.)) ;
#778=CARTESIAN_POINT('Axis2P3D Location',(0.,-47.,-3.)) ;
#787=CARTESIAN_POINT('Axis2P3D Location',(36.,47.,-3.)) ;
#791=CARTESIAN_POINT('Vertex',(30.5,47.,-3.)) ;
#793=CARTESIAN_POINT('Vertex',(41.5,47.,-3.)) ;
#796=CARTESIAN_POINT('Axis2P3D Location',(36.,47.,-3.)) ;
#805=CARTESIAN_POINT('Axis2P3D Location',(36.,-47.,-3.)) ;
#809=CARTESIAN_POINT('Vertex',(30.5,-47.,-3.)) ;
#811=CARTESIAN_POINT('Vertex',(41.5,-47.,-3.)) ;
#814=CARTESIAN_POINT('Axis2P3D Location',(36.,-47.,-3.)) ;
#824=CARTESIAN_POINT('Axis2P3D Location',(0.,0.,-2.6)) ;
#838=CARTESIAN_POINT('Axis2P3D Location',(-59.,-59.,0.)) ;
#843=CARTESIAN_POINT('Line Origine',(59.,-59.,-1.5)) ;
#847=CARTESIAN_POINT('Vertex',(59.,-59.,0.)) ;
#850=CARTESIAN_POINT('Line Origine',(0.,-59.,0.)) ;
#854=CARTESIAN_POINT('Vertex',(-59.,-59.,0.)) ;
#857=CARTESIAN_POINT('Line Origine',(-59.,-59.,-1.5)) ;
#869=CARTESIAN_POINT('Axis2P3D Location',(59.,-49.,-1.5)) ;
#874=CARTESIAN_POINT('Line Origine',(69.,-49.,-1.5)) ;
#878=CARTESIAN_POINT('Vertex',(69.,-49.,0.)) ;
#881=CARTESIAN_POINT('Axis2P3D Location',(59.,-49.,0.)) ;
#893=CARTESIAN_POINT('Axis2P3D Location',(69.,-49.,0.)) ;
#898=CARTESIAN_POINT('Line Origine',(69.,49.,-1.5)) ;
#902=CARTESIAN_POINT('Vertex',(69.,49.,0.)) ;
#905=CARTESIAN_POINT('Line Origine',(69.,-1.42108547152E-14,0.)) ;
#917=CARTESIAN_POINT('Axis2P3D Location',(59.,49.,-1.5)) ;
#922=CARTESIAN_POINT('Line Origine',(59.,59.,-1.5)) ;
#926=CARTESIAN_POINT('Vertex',(59.,59.,0.)) ;
#929=CARTESIAN_POINT('Axis2P3D Location',(59.,49.,0.)) ;
#941=CARTESIAN_POINT('Axis2P3D Location',(59.,59.,0.)) ;
#946=CARTESIAN_POINT('Line Origine',(-59.,59.,-1.5)) ;
#950=CARTESIAN_POINT('Vertex',(-59.,59.,0.)) ;
#953=CARTESIAN_POINT('Line Origine',(0.,59.,0.)) ;
#965=CARTESIAN_POINT('Axis2P3D Location',(-59.,49.,-1.5)) ;
#970=CARTESIAN_POINT('Line Origine',(-69.,49.,-1.5)) ;
#974=CARTESIAN_POINT('Vertex',(-69.,49.,0.)) ;
#977=CARTESIAN_POINT('Axis2P3D Location',(-59.,49.,0.)) ;
#989=CARTESIAN_POINT('Axis2P3D Location',(-69.,49.,0.)) ;
#994=CARTESIAN_POINT('Line Origine',(-69.,-49.,-1.5)) ;
#998=CARTESIAN_POINT('Vertex',(-69.,-49.,0.)) ;
#1001=CARTESIAN_POINT('Line Origine',(-69.,7.1054273576E-15,0.)) ;
#1013=CARTESIAN_POINT('Axis2P3D Location',(-59.,-49.,-1.5)) ;
#1018=CARTESIAN_POINT('Axis2P3D Location',(-59.,-49.,0.)) ;
#1030=CARTESIAN_POINT('Axis2P3D Location',(57.,0.,-2.8)) ;
#1035=CARTESIAN_POINT('Axis2P3D Location',(57.,0.,-2.6)) ;
#1039=CARTESIAN_POINT('Vertex',(62.5,0.,-2.6)) ;
#1041=CARTESIAN_POINT('Vertex',(51.5,3.11604639371E-15,-2.6)) ;
#1044=CARTESIAN_POINT('Line Origine',(51.5,3.11604639371E-15,-2.8)) ;
#1048=CARTESIAN_POINT('Vertex',(51.5,3.11604639371E-15,-3.)) ;
#1051=CARTESIAN_POINT('Axis2P3D Location',(57.,0.,-3.)) ;
#1056=CARTESIAN_POINT('Line Origine',(62.5,0.,-2.8)) ;
#1069=CARTESIAN_POINT('Axis2P3D Location',(57.,0.,-2.6)) ;
#1074=CARTESIAN_POINT('Axis2P3D Location',(57.,0.,-3.)) ;
#1087=CARTESIAN_POINT('Axis2P3D Location',(52.,-28.,-3.)) ;
#1092=CARTESIAN_POINT('Line Origine',(52.,0.,-5.)) ;
#1096=CARTESIAN_POINT('Vertex',(52.,-28.,-5.)) ;
#1098=CARTESIAN_POINT('Vertex',(52.,28.,-5.)) ;
#1101=CARTESIAN_POINT('Line Origine',(52.,28.,-4.)) ;
#1106=CARTESIAN_POINT('Line Origine',(52.,0.,-3.)) ;
#1111=CARTESIAN_POINT('Line Origine',(52.,-28.,-4.)) ;
#1125=CARTESIAN_POINT('Axis2P3D Location',(40.,-28.,-4.)) ;
#1130=CARTESIAN_POINT('Axis2P3D Location',(40.,-28.,-5.)) ;
#1134=CARTESIAN_POINT('Vertex',(40.,-40.,-5.)) ;
#1137=CARTESIAN_POINT('Line Origine',(40.,-40.,-4.)) ;
#1149=CARTESIAN_POINT('Axis2P3D Location',(-40.,-40.,-3.)) ;
#1154=CARTESIAN_POINT('Line Origine',(0.,-40.,-5.)) ;
#1158=CARTESIAN_POINT('Vertex',(-40.,-40.,-5.)) ;
#1161=CARTESIAN_POINT('Line Origine',(-40.,-40.,-4.)) ;
#1173=CARTESIAN_POINT('Axis2P3D Location',(-40.,-28.,-4.)) ;
#1178=CARTESIAN_POINT('Axis2P3D Location',(-40.,-28.,-5.)) ;
#1182=CARTESIAN_POINT('Vertex',(-52.,-28.,-5.)) ;
#1185=CARTESIAN_POINT('Line Origine',(-52.,-28.,-4.)) ;
#1197=CARTESIAN_POINT('Axis2P3D Location',(-52.,28.,-3.)) ;
#1202=CARTESIAN_POINT('Line Origine',(-52.,0.,-5.)) ;
#1206=CARTESIAN_POINT('Vertex',(-52.,28.,-5.)) ;
#1209=CARTESIAN_POINT('Line Origine',(-52.,0.,-3.)) ;
#1214=CARTESIAN_POINT('Line Origine',(-52.,28.,-4.)) ;
#1228=CARTESIAN_POINT('Axis2P3D Location',(-57.,0.,-2.8)) ;
#1233=CARTESIAN_POINT('Axis2P3D Location',(-57.,0.,-2.6)) ;
#1237=CARTESIAN_POINT('Vertex',(-62.5,3.11604639371E-15,-2.6)) ;
#1239=CARTESIAN_POINT('Vertex',(-51.5,0.,-2.6)) ;
#1242=CARTESIAN_POINT('Line Origine',(-51.5,-6.23209278741E-15,-2.8)) ;
#1246=CARTESIAN_POINT('Vertex',(-51.5,0.,-3.)) ;
#1249=CARTESIAN_POINT('Axis2P3D Location',(-57.,0.,-3.)) ;
#1254=CARTESIAN_POINT('Line Origine',(-62.5,3.11604639371E-15,-2.8)) ;
#1267=CARTESIAN_POINT('Axis2P3D Location',(-57.,0.,-2.6)) ;
#1272=CARTESIAN_POINT('Axis2P3D Location',(-57.,0.,-3.)) ;
#1285=CARTESIAN_POINT('Axis2P3D Location',(-40.,28.,-4.)) ;
#1290=CARTESIAN_POINT('Axis2P3D Location',(-40.,28.,-5.)) ;
#1294=CARTESIAN_POINT('Vertex',(-40.,40.,-5.)) ;
#1297=CARTESIAN_POINT('Line Origine',(-40.,40.,-4.)) ;
#1309=CARTESIAN_POINT('Axis2P3D Location',(40.,40.,-3.)) ;
#1314=CARTESIAN_POINT('Line Origine',(0.,40.,-5.)) ;
#1318=CARTESIAN_POINT('Vertex',(40.,40.,-5.)) ;
#1321=CARTESIAN_POINT('Line Origine',(40.,40.,-4.)) ;
#1333=CARTESIAN_POINT('Axis2P3D Location',(40.,28.,-4.)) ;
#1338=CARTESIAN_POINT('Axis2P3D Location',(40.,28.,-5.)) ;
#1350=CARTESIAN_POINT('Axis2P3D Location',(-36.,-47.,-2.8)) ;
#1355=CARTESIAN_POINT('Axis2P3D Location',(-36.,-47.,-2.6)) ;
#1359=CARTESIAN_POINT('Vertex',(-30.5,-47.,-2.6)) ;
#1361=CARTESIAN_POINT('Vertex',(-41.5,-47.,-2.6)) ;
#1364=CARTESIAN_POINT('Line Origine',(-41.5,-47.,-2.8)) ;
#1369=CARTESIAN_POINT('Line Origine',(-30.5,-47.,-2.8)) ;
#1381=CARTESIAN_POINT('Axis2P3D Location',(-36.,-47.,-2.6)) ;
#1393=CARTESIAN_POINT('Axis2P3D Location',(0.,47.,-2.8)) ;
#1398=CARTESIAN_POINT('Axis2P3D Location',(0.,47.,-2.6)) ;
#1402=CARTESIAN_POINT('Vertex',(5.5,47.,-2.6)) ;
#1404=CARTESIAN_POINT('Vertex',(-5.5,47.,-2.6)) ;
#1407=CARTESIAN_POINT('Line Origine',(-5.5,47.,-2.8)) ;
#1412=CARTESIAN_POINT('Line Origine',(5.5,47.,-2.8)) ;
#1424=CARTESIAN_POINT('Axis2P3D Location',(0.,47.,-2.6)) ;
#1436=CARTESIAN_POINT('Axis2P3D Location',(0.,-47.,-2.8)) ;
#1441=CARTESIAN_POINT('Axis2P3D Location',(0.,-47.,-2.6)) ;
#1445=CARTESIAN_POINT('Vertex',(5.5,-47.,-2.6)) ;
#1447=CARTESIAN_POINT('Vertex',(-5.5,-47.,-2.6)) ;
#1450=CARTESIAN_POINT('Line Origine',(-5.5,-47.,-2.8)) ;
#1455=CARTESIAN_POINT('Line Origine',(5.5,-47.,-2.8)) ;
#1467=CARTESIAN_POINT('Axis2P3D Location',(0.,-47.,-2.6)) ;
#1479=CARTESIAN_POINT('Axis2P3D Location',(36.,47.,-2.8)) ;
#1484=CARTESIAN_POINT('Axis2P3D Location',(36.,47.,-2.6)) ;
#1488=CARTESIAN_POINT('Vertex',(41.5,47.,-2.6)) ;
#1490=CARTESIAN_POINT('Vertex',(30.5,47.,-2.6)) ;
#1493=CARTESIAN_POINT('Line Origine',(30.5,47.,-2.8)) ;
#1498=CARTESIAN_POINT('Line Origine',(41.5,47.,-2.8)) ;
#1510=CARTESIAN_POINT('Axis2P3D Location',(36.,47.,-2.6)) ;
#1522=CARTESIAN_POINT('Axis2P3D Location',(36.,-47.,-2.8)) ;
#1527=CARTESIAN_POINT('Axis2P3D Location',(36.,-47.,-2.6)) ;
#1531=CARTESIAN_POINT('Vertex',(41.5,-47.,-2.6)) ;
#1533=CARTESIAN_POINT('Vertex',(30.5,-47.,-2.6)) ;
#1536=CARTESIAN_POINT('Line Origine',(30.5,-47.,-2.8)) ;
#1541=CARTESIAN_POINT('Line Origine',(41.5,-47.,-2.8)) ;
#1553=CARTESIAN_POINT('Axis2P3D Location',(36.,-47.,-2.6)) ;
#1565=CARTESIAN_POINT('Axis2P3D Location',(0.,0.,0.)) ;
#1580=CARTESIAN_POINT('Line Origine',(-67.,0.,0.)) ;
#1584=CARTESIAN_POINT('Vertex',(-67.,45.,0.)) ;
#1586=CARTESIAN_POINT('Vertex',(-67.,-45.,0.)) ;
#1589=CARTESIAN_POINT('Axis2P3D Location',(-55.,45.,0.)) ;
#1593=CARTESIAN_POINT('Vertex',(-55.,57.,0.)) ;
#1596=CARTESIAN_POINT('Line Origine',(0.,57.,0.)) ;
#1600=CARTESIAN_POINT('Vertex',(55.,57.,0.)) ;
#1603=CARTESIAN_POINT('Axis2P3D Location',(55.,45.,0.)) ;
#1607=CARTESIAN_POINT('Vertex',(67.,45.,0.)) ;
#1610=CARTESIAN_POINT('Line Origine',(67.,0.,0.)) ;
#1614=CARTESIAN_POINT('Vertex',(67.,-45.,0.)) ;
#1617=CARTESIAN_POINT('Axis2P3D Location',(55.,-45.,0.)) ;
#1621=CARTESIAN_POINT('Vertex',(55.,-57.,0.)) ;
#1624=CARTESIAN_POINT('Line Origine',(0.,-57.,0.)) ;
#1628=CARTESIAN_POINT('Vertex',(-55.,-57.,0.)) ;
#1631=CARTESIAN_POINT('Axis2P3D Location',(-55.,-45.,0.)) ;
#1662=CARTESIAN_POINT('Axis2P3D Location',(0.,0.,-5.)) ;
#1677=CARTESIAN_POINT('Line Origine',(0.,-32.,-5.)) ;
#1681=CARTESIAN_POINT('Vertex',(-40.,-32.,-5.)) ;
#1683=CARTESIAN_POINT('Vertex',(40.,-32.,-5.)) ;
#1686=CARTESIAN_POINT('Axis2P3D Location',(40.,-28.,-5.)) ;
#1690=CARTESIAN_POINT('Vertex',(44.,-28.,-5.)) ;
#1693=CARTESIAN_POINT('Line Origine',(44.,0.,-5.)) ;
#1697=CARTESIAN_POINT('Vertex',(44.,28.,-5.)) ;
#1700=CARTESIAN_POINT('Axis2P3D Location',(40.,28.,-5.)) ;
#1704=CARTESIAN_POINT('Vertex',(40.,32.,-5.)) ;
#1707=CARTESIAN_POINT('Line Origine',(0.,32.,-5.)) ;
#1711=CARTESIAN_POINT('Vertex',(-40.,32.,-5.)) ;
#1714=CARTESIAN_POINT('Axis2P3D Location',(-40.,28.,-5.)) ;
#1718=CARTESIAN_POINT('Vertex',(-44.,28.,-5.)) ;
#1721=CARTESIAN_POINT('Line Origine',(-44.,0.,-5.)) ;
#1725=CARTESIAN_POINT('Vertex',(-44.,-28.,-5.)) ;
#1728=CARTESIAN_POINT('Axis2P3D Location',(-40.,-28.,-5.)) ;
#1804=CARTESIAN_POINT('Axis2P3D Location',(-67.,45.,0.)) ;
#1809=CARTESIAN_POINT('Line Origine',(-67.,45.,0.75)) ;
#1813=CARTESIAN_POINT('Vertex',(-67.,45.,1.5)) ;
#1816=CARTESIAN_POINT('Line Origine',(-67.,-45.,0.75)) ;
#1820=CARTESIAN_POINT('Vertex',(-67.,-45.,1.5)) ;
#1823=CARTESIAN_POINT('Line Origine',(-67.,0.,1.5)) ;
#1835=CARTESIAN_POINT('Axis2P3D Location',(-55.,45.,0.75)) ;
#1840=CARTESIAN_POINT('Line Origine',(-55.,57.,0.75)) ;
#1844=CARTESIAN_POINT('Vertex',(-55.,57.,1.5)) ;
#1847=CARTESIAN_POINT('Axis2P3D Location',(-55.,45.,1.5)) ;
#1859=CARTESIAN_POINT('Axis2P3D Location',(55.,57.,0.)) ;
#1864=CARTESIAN_POINT('Line Origine',(55.,57.,0.75)) ;
#1868=CARTESIAN_POINT('Vertex',(55.,57.,1.5)) ;
#1871=CARTESIAN_POINT('Line Origine',(0.,57.,1.5)) ;
#1883=CARTESIAN_POINT('Axis2P3D Location',(55.,45.,0.75)) ;
#1888=CARTESIAN_POINT('Line Origine',(67.,45.,0.75)) ;
#1892=CARTESIAN_POINT('Vertex',(67.,45.,1.5)) ;
#1895=CARTESIAN_POINT('Axis2P3D Location',(55.,45.,1.5)) ;
#1907=CARTESIAN_POINT('Axis2P3D Location',(67.,-45.,0.)) ;
#1912=CARTESIAN_POINT('Line Origine',(67.,-45.,0.75)) ;
#1916=CARTESIAN_POINT('Vertex',(67.,-45.,1.5)) ;
#1919=CARTESIAN_POINT('Line Origine',(67.,0.,1.5)) ;
#1931=CARTESIAN_POINT('Axis2P3D Location',(55.,-45.,0.75)) ;
#1936=CARTESIAN_POINT('Line Origine',(55.,-57.,0.75)) ;
#1940=CARTESIAN_POINT('Vertex',(55.,-57.,1.5)) ;
#1943=CARTESIAN_POINT('Axis2P3D Location',(55.,-45.,1.5)) ;
#1955=CARTESIAN_POINT('Axis2P3D Location',(-55.,-57.,0.)) ;
#1960=CARTESIAN_POINT('Line Origine',(-55.,-57.,0.75)) ;
#1964=CARTESIAN_POINT('Vertex',(-55.,-57.,1.5)) ;
#1967=CARTESIAN_POINT('Line Origine',(0.,-57.,1.5)) ;
#1979=CARTESIAN_POINT('Axis2P3D Location',(-55.,-45.,0.75)) ;
#1984=CARTESIAN_POINT('Axis2P3D Location',(-55.,-45.,1.5)) ;
#1996=CARTESIAN_POINT('Axis2P3D Location',(-40.,-28.,-4.)) ;
#2001=CARTESIAN_POINT('Line Origine',(-44.,-28.,-4.)) ;
#2005=CARTESIAN_POINT('Vertex',(-44.,-28.,-3.)) ;
#2008=CARTESIAN_POINT('Axis2P3D Location',(-40.,-28.,-3.)) ;
#2012=CARTESIAN_POINT('Vertex',(-40.,-32.,-3.)) ;
#2015=CARTESIAN_POINT('Line Origine',(-40.,-32.,-4.)) ;
#2027=CARTESIAN_POINT('Axis2P3D Location',(-44.,28.,-3.)) ;
#2032=CARTESIAN_POINT('Line Origine',(-44.,28.,-4.)) ;
#2036=CARTESIAN_POINT('Vertex',(-44.,28.,-3.)) ;
#2039=CARTESIAN_POINT('Line Origine',(-44.,0.,-3.)) ;
#2051=CARTESIAN_POINT('Axis2P3D Location',(-40.,28.,-4.)) ;
#2056=CARTESIAN_POINT('Line Origine',(-40.,32.,-4.)) ;
#2060=CARTESIAN_POINT('Vertex',(-40.,32.,-3.)) ;
#2063=CARTESIAN_POINT('Axis2P3D Location',(-40.,28.,-3.)) ;
#2075=CARTESIAN_POINT('Axis2P3D Location',(40.,32.,-3.)) ;
#2080=CARTESIAN_POINT('Line Origine',(40.,32.,-4.)) ;
#2084=CARTESIAN_POINT('Vertex',(40.,32.,-3.)) ;
#2087=CARTESIAN_POINT('Line Origine',(0.,32.,-3.)) ;
#2099=CARTESIAN_POINT('Axis2P3D Location',(40.,28.,-4.)) ;
#2104=CARTESIAN_POINT('Line Origine',(44.,28.,-4.)) ;
#2108=CARTESIAN_POINT('Vertex',(44.,28.,-3.)) ;
#2111=CARTESIAN_POINT('Axis2P3D Location',(40.,28.,-3.)) ;
#2123=CARTESIAN_POINT('Axis2P3D Location',(44.,-28.,-3.)) ;
#2128=CARTESIAN_POINT('Line Origine',(44.,-28.,-4.)) ;
#2132=CARTESIAN_POINT('Vertex',(44.,-28.,-3.)) ;
#2135=CARTESIAN_POINT('Line Origine',(44.,0.,-3.)) ;
#2147=CARTESIAN_POINT('Axis2P3D Location',(40.,-28.,-4.)) ;
#2152=CARTESIAN_POINT('Line Origine',(40.,-32.,-4.)) ;
#2156=CARTESIAN_POINT('Vertex',(40.,-32.,-3.)) ;
#2159=CARTESIAN_POINT('Axis2P3D Location',(40.,-28.,-3.)) ;
#2171=CARTESIAN_POINT('Axis2P3D Location',(-40.,-32.,-3.)) ;
#2176=CARTESIAN_POINT('Line Origine',(0.,-32.,-3.)) ;
#2188=CARTESIAN_POINT('Axis2P3D Location',(0.,0.,1.5)) ;
#2203=CARTESIAN_POINT('Axis2P3D Location',(-55.,-45.,1.5)) ;
#2207=CARTESIAN_POINT('Vertex',(-65.,-45.,1.5)) ;
#2209=CARTESIAN_POINT('Vertex',(-55.,-55.,1.5)) ;
#2212=CARTESIAN_POINT('Line Origine',(-65.,0.,1.5)) ;
#2216=CARTESIAN_POINT('Vertex',(-65.,45.,1.5)) ;
#2219=CARTESIAN_POINT('Axis2P3D Location',(-55.,45.,1.5)) ;
#2223=CARTESIAN_POINT('Vertex',(-55.,55.,1.5)) ;
#2226=CARTESIAN_POINT('Line Origine',(0.,55.,1.5)) ;
#2230=CARTESIAN_POINT('Vertex',(55.,55.,1.5)) ;
#2233=CARTESIAN_POINT('Axis2P3D Location',(55.,45.,1.5)) ;
#2237=CARTESIAN_POINT('Vertex',(65.,45.,1.5)) ;
#2240=CARTESIAN_POINT('Line Origine',(65.,0.,1.5)) ;
#2244=CARTESIAN_POINT('Vertex',(65.,-45.,1.5)) ;
#2247=CARTESIAN_POINT('Axis2P3D Location',(55.,-45.,1.5)) ;
#2251=CARTESIAN_POINT('Vertex',(55.,-55.,1.5)) ;
#2254=CARTESIAN_POINT('Line Origine',(0.,-55.,1.5)) ;
#2281=CARTESIAN_POINT('Axis2P3D Location',(-55.,-45.,0.75)) ;
#2286=CARTESIAN_POINT('Line Origine',(-55.,-55.,0.75)) ;
#2290=CARTESIAN_POINT('Vertex',(-55.,-55.,0.)) ;
#2293=CARTESIAN_POINT('Axis2P3D Location',(-55.,-45.,0.)) ;
#2297=CARTESIAN_POINT('Vertex',(-65.,-45.,0.)) ;
#2300=CARTESIAN_POINT('Line Origine',(-65.,-45.,0.75)) ;
#2312=CARTESIAN_POINT('Axis2P3D Location',(-65.,45.,0.)) ;
#2317=CARTESIAN_POINT('Line Origine',(-65.,0.,0.)) ;
#2321=CARTESIAN_POINT('Vertex',(-65.,45.,0.)) ;
#2324=CARTESIAN_POINT('Line Origine',(-65.,45.,0.75)) ;
#2336=CARTESIAN_POINT('Axis2P3D Location',(-55.,45.,0.75)) ;
#2341=CARTESIAN_POINT('Axis2P3D Location',(-55.,45.,0.)) ;
#2345=CARTESIAN_POINT('Vertex',(-55.,55.,0.)) ;
#2348=CARTESIAN_POINT('Line Origine',(-55.,55.,0.75)) ;
#2360=CARTESIAN_POINT('Axis2P3D Location',(55.,55.,0.)) ;
#2365=CARTESIAN_POINT('Line Origine',(0.,55.,0.)) ;
#2369=CARTESIAN_POINT('Vertex',(55.,55.,0.)) ;
#2372=CARTESIAN_POINT('Line Origine',(55.,55.,0.75)) ;
#2384=CARTESIAN_POINT('Axis2P3D Location',(55.,45.,0.75)) ;
#2389=CARTESIAN_POINT('Axis2P3D Location',(55.,45.,0.)) ;
#2393=CARTESIAN_POINT('Vertex',(65.,45.,0.)) ;
#2396=CARTESIAN_POINT('Line Origine',(65.,45.,0.75)) ;
#2408=CARTESIAN_POINT('Axis2P3D Location',(65.,-45.,0.)) ;
#2413=CARTESIAN_POINT('Line Origine',(65.,0.,0.)) ;
#2417=CARTESIAN_POINT('Vertex',(65.,-45.,0.)) ;
#2420=CARTESIAN_POINT('Line Origine',(65.,-45.,0.75)) ;
#2432=CARTESIAN_POINT('Axis2P3D Location',(55.,-45.,0.75)) ;
#2437=CARTESIAN_POINT('Axis2P3D Location',(55.,-45.,0.)) ;
#2441=CARTESIAN_POINT('Vertex',(55.,-55.,0.)) ;
#2444=CARTESIAN_POINT('Line Origine',(55.,-55.,0.75)) ;
#2456=CARTESIAN_POINT('Axis2P3D Location',(-55.,-55.,0.)) ;
#2461=CARTESIAN_POINT('Line Origine',(0.,-55.,0.)) ;
#2483=CARTESIAN_POINT('Line Origine',(-49.7,0.,0.)) ;
#2487=CARTESIAN_POINT('Vertex',(-49.7,28.,0.)) ;
#2489=CARTESIAN_POINT('Vertex',(-49.7,-28.,0.)) ;
#2492=CARTESIAN_POINT('Axis2P3D Location',(-40.,28.,0.)) ;
#2496=CARTESIAN_POINT('Vertex',(-40.,37.7,0.)) ;
#2499=CARTESIAN_POINT('Line Origine',(0.,37.7,0.)) ;
#2503=CARTESIAN_POINT('Vertex',(40.,37.7,0.)) ;
#2506=CARTESIAN_POINT('Axis2P3D Location',(40.,28.,0.)) ;
#2510=CARTESIAN_POINT('Vertex',(49.7,28.,0.)) ;
#2513=CARTESIAN_POINT('Line Origine',(49.7,0.,0.)) ;
#2517=CARTESIAN_POINT('Vertex',(49.7,-28.,0.)) ;
#2520=CARTESIAN_POINT('Axis2P3D Location',(40.,-28.,0.)) ;
#2524=CARTESIAN_POINT('Vertex',(40.,-37.7,0.)) ;
#2527=CARTESIAN_POINT('Line Origine',(0.,-37.7,0.)) ;
#2531=CARTESIAN_POINT('Vertex',(-40.,-37.7,0.)) ;
#2534=CARTESIAN_POINT('Axis2P3D Location',(-40.,-28.,0.)) ;
#2582=CARTESIAN_POINT('Axis2P3D Location',(-49.7,28.,0.)) ;
#2587=CARTESIAN_POINT('Line Origine',(-49.7,28.,-0.95)) ;
#2591=CARTESIAN_POINT('Vertex',(-49.7,28.,-1.9)) ;
#2594=CARTESIAN_POINT('Line Origine',(-49.7,-28.,-0.95)) ;
#2598=CARTESIAN_POINT('Vertex',(-49.7,-28.,-1.9)) ;
#2601=CARTESIAN_POINT('Line Origine',(-49.7,-7.1054273576E-15,-1.9)) ;
#2613=CARTESIAN_POINT('Axis2P3D Location',(-40.,28.,-0.95)) ;
#2618=CARTESIAN_POINT('Line Origine',(-40.,37.7,-0.95)) ;
#2622=CARTESIAN_POINT('Vertex',(-40.,37.7,-1.9)) ;
#2625=CARTESIAN_POINT('Axis2P3D Location',(-40.,28.,-1.9)) ;
#2637=CARTESIAN_POINT('Axis2P3D Location',(40.,37.7,0.)) ;
#2642=CARTESIAN_POINT('Line Origine',(40.,37.7,-0.95)) ;
#2646=CARTESIAN_POINT('Vertex',(40.,37.7,-1.9)) ;
#2649=CARTESIAN_POINT('Line Origine',(0.,37.7,-1.9)) ;
#2661=CARTESIAN_POINT('Axis2P3D Location',(40.,28.,-0.95)) ;
#2666=CARTESIAN_POINT('Line Origine',(49.7,28.,-0.95)) ;
#2670=CARTESIAN_POINT('Vertex',(49.7,28.,-1.9)) ;
#2673=CARTESIAN_POINT('Axis2P3D Location',(40.,28.,-1.9)) ;
#2685=CARTESIAN_POINT('Axis2P3D Location',(49.7,-28.,0.)) ;
#2690=CARTESIAN_POINT('Line Origine',(49.7,-28.,-0.95)) ;
#2694=CARTESIAN_POINT('Vertex',(49.7,-28.,-1.9)) ;
#2697=CARTESIAN_POINT('Line Origine',(49.7,7.1054273576E-15,-1.9)) ;
#2709=CARTESIAN_POINT('Axis2P3D Location',(40.,-28.,-0.95)) ;
#2714=CARTESIAN_POINT('Line Origine',(40.,-37.7,-0.95)) ;
#2718=CARTESIAN_POINT('Vertex',(40.,-37.7,-1.9)) ;
#2721=CARTESIAN_POINT('Axis2P3D Location',(40.,-28.,-1.9)) ;
#2733=CARTESIAN_POINT('Axis2P3D Location',(-40.,-37.7,0.)) ;
#2738=CARTESIAN_POINT('Line Origine',(-40.,-37.7,-0.95)) ;
#2742=CARTESIAN_POINT('Vertex',(-40.,-37.7,-1.9)) ;
#2745=CARTESIAN_POINT('Line Origine',(0.,-37.7,-1.9)) ;
#2757=CARTESIAN_POINT('Axis2P3D Location',(-40.,-28.,-0.95)) ;
#2762=CARTESIAN_POINT('Axis2P3D Location',(-40.,-28.,-1.9)) ;
#2774=CARTESIAN_POINT('Axis2P3D Location',(0.,0.,-1.9)) ;
#2789=CARTESIAN_POINT('Axis2P3D Location',(-40.,-28.,-1.9)) ;
#2793=CARTESIAN_POINT('Vertex',(-46.3,-28.,-1.9)) ;
#2795=CARTESIAN_POINT('Vertex',(-40.,-34.3,-1.9)) ;
#2798=CARTESIAN_POINT('Line Origine',(-46.3,0.,-1.9)) ;
#2802=CARTESIAN_POINT('Vertex',(-46.3,28.,-1.9)) ;
#2805=CARTESIAN_POINT('Axis2P3D Location',(-40.,28.,-1.9)) ;
#2809=CARTESIAN_POINT('Vertex',(-40.,34.3,-1.9)) ;
#2812=CARTESIAN_POINT('Line Origine',(0.,34.3,-1.9)) ;
#2816=CARTESIAN_POINT('Vertex',(40.,34.3,-1.9)) ;
#2819=CARTESIAN_POINT('Axis2P3D Location',(40.,28.,-1.9)) ;
#2823=CARTESIAN_POINT('Vertex',(46.3,28.,-1.9)) ;
#2826=CARTESIAN_POINT('Line Origine',(46.3,0.,-1.9)) ;
#2830=CARTESIAN_POINT('Vertex',(46.3,-28.,-1.9)) ;
#2833=CARTESIAN_POINT('Axis2P3D Location',(40.,-28.,-1.9)) ;
#2837=CARTESIAN_POINT('Vertex',(40.,-34.3,-1.9)) ;
#2840=CARTESIAN_POINT('Line Origine',(0.,-34.3,-1.9)) ;
#2856=CARTESIAN_POINT('Axis2P3D Location',(-40.,-28.,-0.95)) ;
#2861=CARTESIAN_POINT('Line Origine',(-40.,-34.3,-0.95)) ;
#2865=CARTESIAN_POINT('Vertex',(-40.,-34.3,0.)) ;
#2868=CARTESIAN_POINT('Axis2P3D Location',(-40.,-28.,0.)) ;
#2872=CARTESIAN_POINT('Vertex',(-46.3,-28.,0.)) ;
#2875=CARTESIAN_POINT('Line Origine',(-46.3,-28.,-0.95)) ;
#2887=CARTESIAN_POINT('Axis2P3D Location',(-46.3,28.,0.)) ;
#2892=CARTESIAN_POINT('Line Origine',(-46.3,0.,0.)) ;
#2896=CARTESIAN_POINT('Vertex',(-46.3,28.,0.)) ;
#2899=CARTESIAN_POINT('Line Origine',(-46.3,28.,-0.95)) ;
#2911=CARTESIAN_POINT('Axis2P3D Location',(-40.,28.,-0.95)) ;
#2916=CARTESIAN_POINT('Axis2P3D Location',(-40.,28.,0.)) ;
#2920=CARTESIAN_POINT('Vertex',(-40.,34.3,0.)) ;
#2923=CARTESIAN_POINT('Line Origine',(-40.,34.3,-0.95)) ;
#2935=CARTESIAN_POINT('Axis2P3D Location',(40.,34.3,0.)) ;
#2940=CARTESIAN_POINT('Line Origine',(0.,34.3,0.)) ;
#2944=CARTESIAN_POINT('Vertex',(40.,34.3,0.)) ;
#2947=CARTESIAN_POINT('Line Origine',(40.,34.3,-0.95)) ;
#2959=CARTESIAN_POINT('Axis2P3D Location',(40.,28.,-0.95)) ;
#2964=CARTESIAN_POINT('Axis2P3D Location',(40.,28.,0.)) ;
#2968=CARTESIAN_POINT('Vertex',(46.3,28.,0.)) ;
#2971=CARTESIAN_POINT('Line Origine',(46.3,28.,-0.95)) ;
#2983=CARTESIAN_POINT('Axis2P3D Location',(46.3,-28.,0.)) ;
#2988=CARTESIAN_POINT('Line Origine',(46.3,0.,0.)) ;
#2992=CARTESIAN_POINT('Vertex',(46.3,-28.,0.)) ;
#2995=CARTESIAN_POINT('Line Origine',(46.3,-28.,-0.95)) ;
#3007=CARTESIAN_POINT('Axis2P3D Location',(40.,-28.,-0.95)) ;
#3012=CARTESIAN_POINT('Axis2P3D Location',(40.,-28.,0.)) ;
#3016=CARTESIAN_POINT('Vertex',(40.,-34.3,0.)) ;
#3019=CARTESIAN_POINT('Line Origine',(40.,-34.3,-0.95)) ;
#3031=CARTESIAN_POINT('Axis2P3D Location',(-40.,-34.3,0.)) ;
#3036=CARTESIAN_POINT('Line Origine',(0.,-34.3,0.)) ;
#3058=CARTESIAN_POINT('Line Origine',(-36.1,0.,0.)) ;
#3062=CARTESIAN_POINT('Vertex',(-36.1,23.7,0.)) ;
#3064=CARTESIAN_POINT('Vertex',(-36.1,-23.7,0.)) ;
#3067=CARTESIAN_POINT('Axis2P3D Location',(-30.7,23.7,0.)) ;
#3071=CARTESIAN_POINT('Vertex',(-30.7,29.1,0.)) ;
#3074=CARTESIAN_POINT('Line Origine',(0.,29.1,0.)) ;
#3078=CARTESIAN_POINT('Vertex',(30.7,29.1,0.)) ;
#3081=CARTESIAN_POINT('Axis2P3D Location',(30.7,23.7,0.)) ;
#3085=CARTESIAN_POINT('Vertex',(36.1,23.7,0.)) ;
#3088=CARTESIAN_POINT('Line Origine',(36.1,0.,0.)) ;
#3092=CARTESIAN_POINT('Vertex',(36.1,-23.7,0.)) ;
#3095=CARTESIAN_POINT('Axis2P3D Location',(30.7,-23.7,0.)) ;
#3099=CARTESIAN_POINT('Vertex',(30.7,-29.1,0.)) ;
#3102=CARTESIAN_POINT('Line Origine',(0.,-29.1,0.)) ;
#3106=CARTESIAN_POINT('Vertex',(-30.7,-29.1,0.)) ;
#3109=CARTESIAN_POINT('Axis2P3D Location',(-30.7,-23.7,0.)) ;
#3125=CARTESIAN_POINT('Axis2P3D Location',(-36.1,23.7,0.)) ;
#3130=CARTESIAN_POINT('Line Origine',(-36.1,23.7,1.25)) ;
#3134=CARTESIAN_POINT('Vertex',(-36.1,23.7,2.5)) ;
#3137=CARTESIAN_POINT('Line Origine',(-36.1,-23.7,1.25)) ;
#3141=CARTESIAN_POINT('Vertex',(-36.1,-23.7,2.5)) ;
#3144=CARTESIAN_POINT('Line Origine',(-36.1,-3.5527136788E-15,2.5)) ;
#3156=CARTESIAN_POINT('Axis2P3D Location',(-30.7,23.7,1.25)) ;
#3161=CARTESIAN_POINT('Line Origine',(-30.7,29.1,1.25)) ;
#3165=CARTESIAN_POINT('Vertex',(-30.7,29.1,2.5)) ;
#3168=CARTESIAN_POINT('Axis2P3D Location',(-30.7,23.7,2.5)) ;
#3180=CARTESIAN_POINT('Axis2P3D Location',(30.7,29.1,0.)) ;
#3185=CARTESIAN_POINT('Line Origine',(30.7,29.1,1.25)) ;
#3189=CARTESIAN_POINT('Vertex',(30.7,29.1,2.5)) ;
#3192=CARTESIAN_POINT('Line Origine',(3.5527136788E-15,29.1,2.5)) ;
#3204=CARTESIAN_POINT('Axis2P3D Location',(30.7,23.7,1.25)) ;
#3209=CARTESIAN_POINT('Line Origine',(36.1,23.7,1.25)) ;
#3213=CARTESIAN_POINT('Vertex',(36.1,23.7,2.5)) ;
#3216=CARTESIAN_POINT('Axis2P3D Location',(30.7,23.7,2.5)) ;
#3228=CARTESIAN_POINT('Axis2P3D Location',(36.1,-23.7,0.)) ;
#3233=CARTESIAN_POINT('Line Origine',(36.1,-23.7,1.25)) ;
#3237=CARTESIAN_POINT('Vertex',(36.1,-23.7,2.5)) ;
#3240=CARTESIAN_POINT('Line Origine',(36.1,3.5527136788E-15,2.5)) ;
#3252=CARTESIAN_POINT('Axis2P3D Location',(30.7,-23.7,1.25)) ;
#3257=CARTESIAN_POINT('Line Origine',(30.7,-29.1,1.25)) ;
#3261=CARTESIAN_POINT('Vertex',(30.7,-29.1,2.5)) ;
#3264=CARTESIAN_POINT('Axis2P3D Location',(30.7,-23.7,2.5)) ;
#3276=CARTESIAN_POINT('Axis2P3D Location',(-30.7,-29.1,0.)) ;
#3281=CARTESIAN_POINT('Line Origine',(-30.7,-29.1,1.25)) ;
#3285=CARTESIAN_POINT('Vertex',(-30.7,-29.1,2.5)) ;
#3288=CARTESIAN_POINT('Line Origine',(-7.1054273576E-15,-29.1,2.5)) ;
#3300=CARTESIAN_POINT('Axis2P3D Location',(-30.7,-23.7,1.25)) ;
#3305=CARTESIAN_POINT('Axis2P3D Location',(-30.7,-23.7,2.5)) ;
#3317=CARTESIAN_POINT('Axis2P3D Location',(0.,0.,2.5)) ;
#3332=CARTESIAN_POINT('Axis2P3D Location',(-30.7,-23.7,2.5)) ;
#3336=CARTESIAN_POINT('Vertex',(-33.6,-23.7,2.5)) ;
#3338=CARTESIAN_POINT('Vertex',(-30.7,-26.6,2.5)) ;
#3341=CARTESIAN_POINT('Line Origine',(-33.6,0.,2.5)) ;
#3345=CARTESIAN_POINT('Vertex',(-33.6,23.7,2.5)) ;
#3348=CARTESIAN_POINT('Axis2P3D Location',(-30.7,23.7,2.5)) ;
#3352=CARTESIAN_POINT('Vertex',(-30.7,26.6,2.5)) ;
#3355=CARTESIAN_POINT('Line Origine',(0.,26.6,2.5)) ;
#3359=CARTESIAN_POINT('Vertex',(30.7,26.6,2.5)) ;
#3362=CARTESIAN_POINT('Axis2P3D Location',(30.7,23.7,2.5)) ;
#3366=CARTESIAN_POINT('Vertex',(33.6,23.7,2.5)) ;
#3369=CARTESIAN_POINT('Line Origine',(33.6,0.,2.5)) ;
#3373=CARTESIAN_POINT('Vertex',(33.6,-23.7,2.5)) ;
#3376=CARTESIAN_POINT('Axis2P3D Location',(30.7,-23.7,2.5)) ;
#3380=CARTESIAN_POINT('Vertex',(30.7,-26.6,2.5)) ;
#3383=CARTESIAN_POINT('Line Origine',(0.,-26.6,2.5)) ;
#3399=CARTESIAN_POINT('Axis2P3D Location',(-30.7,-23.7,1.25)) ;
#3404=CARTESIAN_POINT('Line Origine',(-30.7,-26.6,1.25)) ;
#3408=CARTESIAN_POINT('Vertex',(-30.7,-26.6,0.)) ;
#3411=CARTESIAN_POINT('Axis2P3D Location',(-30.7,-23.7,0.)) ;
#3415=CARTESIAN_POINT('Vertex',(-33.6,-23.7,0.)) ;
#3418=CARTESIAN_POINT('Line Origine',(-33.6,-23.7,1.25)) ;
#3430=CARTESIAN_POINT('Axis2P3D Location',(-33.6,23.7,0.)) ;
#3435=CARTESIAN_POINT('Line Origine',(-33.6,-3.5527136788E-15,0.)) ;
#3439=CARTESIAN_POINT('Vertex',(-33.6,23.7,0.)) ;
#3442=CARTESIAN_POINT('Line Origine',(-33.6,23.7,1.25)) ;
#3454=CARTESIAN_POINT('Axis2P3D Location',(-30.7,23.7,1.25)) ;
#3459=CARTESIAN_POINT('Axis2P3D Location',(-30.7,23.7,0.)) ;
#3463=CARTESIAN_POINT('Vertex',(-30.7,26.6,0.)) ;
#3466=CARTESIAN_POINT('Line Origine',(-30.7,26.6,1.25)) ;
#3478=CARTESIAN_POINT('Axis2P3D Location',(30.7,26.6,0.)) ;
#3483=CARTESIAN_POINT('Line Origine',(3.5527136788E-15,26.6,0.)) ;
#3487=CARTESIAN_POINT('Vertex',(30.7,26.6,0.)) ;
#3490=CARTESIAN_POINT('Line Origine',(30.7,26.6,1.25)) ;
#3502=CARTESIAN_POINT('Axis2P3D Location',(30.7,23.7,1.25)) ;
#3507=CARTESIAN_POINT('Axis2P3D Location',(30.7,23.7,0.)) ;
#3511=CARTESIAN_POINT('Vertex',(33.6,23.7,0.)) ;
#3514=CARTESIAN_POINT('Line Origine',(33.6,23.7,1.25)) ;
#3526=CARTESIAN_POINT('Axis2P3D Location',(33.6,-23.7,0.)) ;
#3531=CARTESIAN_POINT('Line Origine',(33.6,3.5527136788E-15,0.)) ;
#3535=CARTESIAN_POINT('Vertex',(33.6,-23.7,0.)) ;
#3538=CARTESIAN_POINT('Line Origine',(33.6,-23.7,1.25)) ;
#3550=CARTESIAN_POINT('Axis2P3D Location',(30.7,-23.7,1.25)) ;
#3555=CARTESIAN_POINT('Axis2P3D Location',(30.7,-23.7,0.)) ;
#3559=CARTESIAN_POINT('Vertex',(30.7,-26.6,0.)) ;
#3562=CARTESIAN_POINT('Line Origine',(30.7,-26.6,1.25)) ;
#3574=CARTESIAN_POINT('Axis2P3D Location',(-30.7,-26.6,0.)) ;
#3579=CARTESIAN_POINT('Line Origine',(-7.1054273576E-15,-26.6,0.)) ;
#8=PRODUCT_RELATED_PRODUCT_CATEGORY('part',$,(#5)) ;
#15=UNCERTAINTY_MEASURE_WITH_UNIT(LENGTH_MEASURE(0.005),#12,'distance_accuracy_value','CONFUSED CURVE UNCERTAINTY') ;
#29=STYLED_ITEM(' ',(#28),#21) ;
#28=PRESENTATION_STYLE_ASSIGNMENT((#27)) ;
#27=SURFACE_STYLE_USAGE(.BOTH.,#26) ;
#26=SURFACE_SIDE_STYLE(' ',(#25)) ;
#25=SURFACE_STYLE_FILL_AREA(#24) ;
#24=FILL_AREA_STYLE(' ',(#23)) ;
#23=FILL_AREA_STYLE_COLOUR(' ',#22) ;
#47=VECTOR('Line Direction',#46,1.) ;
#61=VECTOR('Line Direction',#60,1.) ;
#104=VECTOR('Line Direction',#103,1.) ;
#118=VECTOR('Line Direction',#117,1.) ;
#161=VECTOR('Line Direction',#160,1.) ;
#175=VECTOR('Line Direction',#174,1.) ;
#218=VECTOR('Line Direction',#217,1.) ;
#232=VECTOR('Line Direction',#231,1.) ;
#275=VECTOR('Line Direction',#274,1.) ;
#289=VECTOR('Line Direction',#288,1.) ;
#332=VECTOR('Line Direction',#331,1.) ;
#346=VECTOR('Line Direction',#345,1.) ;
#389=VECTOR('Line Direction',#388,1.) ;
#403=VECTOR('Line Direction',#402,1.) ;
#446=VECTOR('Line Direction',#445,1.) ;
#460=VECTOR('Line Direction',#459,1.) ;
#503=VECTOR('Line Direction',#502,1.) ;
#517=VECTOR('Line Direction',#516,1.) ;
#560=VECTOR('Line Direction',#559,1.) ;
#574=VECTOR('Line Direction',#573,1.) ;
#588=VECTOR('Line Direction',#587,1.) ;
#602=VECTOR('Line Direction',#601,1.) ;
#617=VECTOR('Line Direction',#616,1.) ;
#633=VECTOR('Line Direction',#632,1.) ;
#647=VECTOR('Line Direction',#646,1.) ;
#668=VECTOR('Line Direction',#667,1.) ;
#682=VECTOR('Line Direction',#681,1.) ;
#696=VECTOR('Line Direction',#695,1.) ;
#845=VECTOR('Line Direction',#844,1.) ;
#852=VECTOR('Line Direction',#851,1.) ;
#859=VECTOR('Line Direction',#858,1.) ;
#876=VECTOR('Line Direction',#875,1.) ;
#900=VECTOR('Line Direction',#899,1.) ;
#907=VECTOR('Line Direction',#906,1.) ;
#924=VECTOR('Line Direction',#923,1.) ;
#948=VECTOR('Line Direction',#947,1.) ;
#955=VECTOR('Line Direction',#954,1.) ;
#972=VECTOR('Line Direction',#971,1.) ;
#996=VECTOR('Line Direction',#995,1.) ;
#1003=VECTOR('Line Direction',#1002,1.) ;
#1046=VECTOR('Line Direction',#1045,1.) ;
#1058=VECTOR('Line Direction',#1057,1.) ;
#1094=VECTOR('Line Direction',#1093,1.) ;
#1103=VECTOR('Line Direction',#1102,1.) ;
#1108=VECTOR('Line Direction',#1107,1.) ;
#1113=VECTOR('Line Direction',#1112,1.) ;
#1139=VECTOR('Line Direction',#1138,1.) ;
#1156=VECTOR('Line Direction',#1155,1.) ;
#1163=VECTOR('Line Direction',#1162,1.) ;
#1187=VECTOR('Line Direction',#1186,1.) ;
#1204=VECTOR('Line Direction',#1203,1.) ;
#1211=VECTOR('Line Direction',#1210,1.) ;
#1216=VECTOR('Line Direction',#1215,1.) ;
#1244=VECTOR('Line Direction',#1243,1.) ;
#1256=VECTOR('Line Direction',#1255,1.) ;
#1299=VECTOR('Line Direction',#1298,1.) ;
#1316=VECTOR('Line Direction',#1315,1.) ;
#1323=VECTOR('Line Direction',#1322,1.) ;
#1366=VECTOR('Line Direction',#1365,1.) ;
#1371=VECTOR('Line Direction',#1370,1.) ;
#1409=VECTOR('Line Direction',#1408,1.) ;
#1414=VECTOR('Line Direction',#1413,1.) ;
#1452=VECTOR('Line Direction',#1451,1.) ;
#1457=VECTOR('Line Direction',#1456,1.) ;
#1495=VECTOR('Line Direction',#1494,1.) ;
#1500=VECTOR('Line Direction',#1499,1.) ;
#1538=VECTOR('Line Direction',#1537,1.) ;
#1543=VECTOR('Line Direction',#1542,1.) ;
#1582=VECTOR('Line Direction',#1581,1.) ;
#1598=VECTOR('Line Direction',#1597,1.) ;
#1612=VECTOR('Line Direction',#1611,1.) ;
#1626=VECTOR('Line Direction',#1625,1.) ;
#1679=VECTOR('Line Direction',#1678,1.) ;
#1695=VECTOR('Line Direction',#1694,1.) ;
#1709=VECTOR('Line Direction',#1708,1.) ;
#1723=VECTOR('Line Direction',#1722,1.) ;
#1811=VECTOR('Line Direction',#1810,1.) ;
#1818=VECTOR('Line Direction',#1817,1.) ;
#1825=VECTOR('Line Direction',#1824,1.) ;
#1842=VECTOR('Line Direction',#1841,1.) ;
#1866=VECTOR('Line Direction',#1865,1.) ;
#1873=VECTOR('Line Direction',#1872,1.) ;
#1890=VECTOR('Line Direction',#1889,1.) ;
#1914=VECTOR('Line Direction',#1913,1.) ;
#1921=VECTOR('Line Direction',#1920,1.) ;
#1938=VECTOR('Line Direction',#1937,1.) ;
#1962=VECTOR('Line Direction',#1961,1.) ;
#1969=VECTOR('Line Direction',#1968,1.) ;
#2003=VECTOR('Line Direction',#2002,1.) ;
#2017=VECTOR('Line Direction',#2016,1.) ;
#2034=VECTOR('Line Direction',#2033,1.) ;
#2041=VECTOR('Line Direction',#2040,1.) ;
#2058=VECTOR('Line Direction',#2057,1.) ;
#2082=VECTOR('Line Direction',#2081,1.) ;
#2089=VECTOR('Line Direction',#2088,1.) ;
#2106=VECTOR('Line Direction',#2105,1.) ;
#2130=VECTOR('Line Direction',#2129,1.) ;
#2137=VECTOR('Line Direction',#2136,1.) ;
#2154=VECTOR('Line Direction',#2153,1.) ;
#2178=VECTOR('Line Direction',#2177,1.) ;
#2214=VECTOR('Line Direction',#2213,1.) ;
#2228=VECTOR('Line Direction',#2227,1.) ;
#2242=VECTOR('Line Direction',#2241,1.) ;
#2256=VECTOR('Line Direction',#2255,1.) ;
#2288=VECTOR('Line Direction',#2287,1.) ;
#2302=VECTOR('Line Direction',#2301,1.) ;
#2319=VECTOR('Line Direction',#2318,1.) ;
#2326=VECTOR('Line Direction',#2325,1.) ;
#2350=VECTOR('Line Direction',#2349,1.) ;
#2367=VECTOR('Line Direction',#2366,1.) ;
#2374=VECTOR('Line Direction',#2373,1.) ;
#2398=VECTOR('Line Direction',#2397,1.) ;
#2415=VECTOR('Line Direction',#2414,1.) ;
#2422=VECTOR('Line Direction',#2421,1.) ;
#2446=VECTOR('Line Direction',#2445,1.) ;
#2463=VECTOR('Line Direction',#2462,1.) ;
#2485=VECTOR('Line Direction',#2484,1.) ;
#2501=VECTOR('Line Direction',#2500,1.) ;
#2515=VECTOR('Line Direction',#2514,1.) ;
#2529=VECTOR('Line Direction',#2528,1.) ;
#2589=VECTOR('Line Direction',#2588,1.) ;
#2596=VECTOR('Line Direction',#2595,1.) ;
#2603=VECTOR('Line Direction',#2602,1.) ;
#2620=VECTOR('Line Direction',#2619,1.) ;
#2644=VECTOR('Line Direction',#2643,1.) ;
#2651=VECTOR('Line Direction',#2650,1.) ;
#2668=VECTOR('Line Direction',#2667,1.) ;
#2692=VECTOR('Line Direction',#2691,1.) ;
#2699=VECTOR('Line Direction',#2698,1.) ;
#2716=VECTOR('Line Direction',#2715,1.) ;
#2740=VECTOR('Line Direction',#2739,1.) ;
#2747=VECTOR('Line Direction',#2746,1.) ;
#2800=VECTOR('Line Direction',#2799,1.) ;
#2814=VECTOR('Line Direction',#2813,1.) ;
#2828=VECTOR('Line Direction',#2827,1.) ;
#2842=VECTOR('Line Direction',#2841,1.) ;
#2863=VECTOR('Line Direction',#2862,1.) ;
#2877=VECTOR('Line Direction',#2876,1.) ;
#2894=VECTOR('Line Direction',#2893,1.) ;
#2901=VECTOR('Line Direction',#2900,1.) ;
#2925=VECTOR('Line Direction',#2924,1.) ;
#2942=VECTOR('Line Direction',#2941,1.) ;
#2949=VECTOR('Line Direction',#2948,1.) ;
#2973=VECTOR('Line Direction',#2972,1.) ;
#2990=VECTOR('Line Direction',#2989,1.) ;
#2997=VECTOR('Line Direction',#2996,1.) ;
#3021=VECTOR('Line Direction',#3020,1.) ;
#3038=VECTOR('Line Direction',#3037,1.) ;
#3060=VECTOR('Line Direction',#3059,1.) ;
#3076=VECTOR('Line Direction',#3075,1.) ;
#3090=VECTOR('Line Direction',#3089,1.) ;
#3104=VECTOR('Line Direction',#3103,1.) ;
#3132=VECTOR('Line Direction',#3131,1.) ;
#3139=VECTOR('Line Direction',#3138,1.) ;
#3146=VECTOR('Line Direction',#3145,1.) ;
#3163=VECTOR('Line Direction',#3162,1.) ;
#3187=VECTOR('Line Direction',#3186,1.) ;
#3194=VECTOR('Line Direction',#3193,1.) ;
#3211=VECTOR('Line Direction',#3210,1.) ;
#3235=VECTOR('Line Direction',#3234,1.) ;
#3242=VECTOR('Line Direction',#3241,1.) ;
#3259=VECTOR('Line Direction',#3258,1.) ;
#3283=VECTOR('Line Direction',#3282,1.) ;
#3290=VECTOR('Line Direction',#3289,1.) ;
#3343=VECTOR('Line Direction',#3342,1.) ;
#3357=VECTOR('Line Direction',#3356,1.) ;
#3371=VECTOR('Line Direction',#3370,1.) ;
#3385=VECTOR('Line Direction',#3384,1.) ;
#3406=VECTOR('Line Direction',#3405,1.) ;
#3420=VECTOR('Line Direction',#3419,1.) ;
#3437=VECTOR('Line Direction',#3436,1.) ;
#3444=VECTOR('Line Direction',#3443,1.) ;
#3468=VECTOR('Line Direction',#3467,1.) ;
#3485=VECTOR('Line Direction',#3484,1.) ;
#3492=VECTOR('Line Direction',#3491,1.) ;
#3516=VECTOR('Line Direction',#3515,1.) ;
#3533=VECTOR('Line Direction',#3532,1.) ;
#3540=VECTOR('Line Direction',#3539,1.) ;
#3564=VECTOR('Line Direction',#3563,1.) ;
#3581=VECTOR('Line Direction',#3580,1.) ;
#32=DIRECTION('Axis2P3D Direction',(0.,0.,1.)) ;
#33=DIRECTION('Axis2P3D XDirection',(1.,0.,0.)) ;
#37=DIRECTION('Axis2P3D Direction',(0.,0.,1.)) ;
#46=DIRECTION('Vector Direction',(0.,0.,1.)) ;
#53=DIRECTION('Axis2P3D Direction',(0.,0.,1.)) ;
#60=DIRECTION('Vector Direction',(0.,0.,1.)) ;
#72=DIRECTION('Axis2P3D Direction',(0.,0.,1.)) ;
#77=DIRECTION('Axis2P3D Direction',(0.,0.,1.)) ;
#89=DIRECTION('Axis2P3D Direction',(0.,0.,1.)) ;
#90=DIRECTION('Axis2P3D XDirection',(1.,0.,0.)) ;
#94=DIRECTION('Axis2P3D Direction',(0.,0.,1.)) ;
#103=DIRECTION('Vector Direction',(0.,0.,1.)) ;
#110=DIRECTION('Axis2P3D Direction',(0.,0.,1.)) ;
#117=DIRECTION('Vector Direction',(0.,0.,1.)) ;
#129=DIRECTION('Axis2P3D Direction',(0.,0.,1.)) ;
#134=DIRECTION('Axis2P3D Direction',(0.,0.,1.)) ;
#146=DIRECTION('Axis2P3D Direction',(0.,0.,1.)) ;
#147=DIRECTION('Axis2P3D XDirection',(1.,0.,0.)) ;
#151=DIRECTION('Axis2P3D Direction',(0.,0.,1.)) ;
#160=DIRECTION('Vector Direction',(0.,0.,1.)) ;
#167=DIRECTION('Axis2P3D Direction',(0.,0.,1.)) ;
#174=DIRECTION('Vector Direction',(0.,0.,1.)) ;
#186=DIRECTION('Axis2P3D Direction',(0.,0.,1.)) ;
#191=DIRECTION('Axis2P3D Direction',(0.,0.,1.)) ;
#203=DIRECTION('Axis2P3D Direction',(0.,0.,1.)) ;
#204=DIRECTION('Axis2P3D XDirection',(1.,0.,0.)) ;
#208=DIRECTION('Axis2P3D Direction',(0.,0.,1.)) ;
#217=DIRECTION('Vector Direction',(0.,0.,1.)) ;
#224=DIRECTION('Axis2P3D Direction',(0.,0.,1.)) ;
#231=DIRECTION('Vector Direction',(0.,0.,1.)) ;
#243=DIRECTION('Axis2P3D Direction',(0.,0.,1.)) ;
#248=DIRECTION('Axis2P3D Direction',(0.,0.,1.)) ;
#260=DIRECTION('Axis2P3D Direction',(0.,0.,1.)) ;
#261=DIRECTION('Axis2P3D XDirection',(1.,0.,0.)) ;
#265=DIRECTION('Axis2P3D Direction',(0.,0.,1.)) ;
#274=DIRECTION('Vector Direction',(0.,0.,1.)) ;
#281=DIRECTION('Axis2P3D Direction',(0.,0.,1.)) ;
#288=DIRECTION('Vector Direction',(0.,0.,1.)) ;
#300=DIRECTION('Axis2P3D Direction',(0.,0.,1.)) ;
#305=DIRECTION('Axis2P3D Direction',(0.,0.,1.)) ;
#317=DIRECTION('Axis2P3D Direction',(0.,0.,1.)) ;
#318=DIRECTION('Axis2P3D XDirection',(1.,0.,0.)) ;
#322=DIRECTION('Axis2P3D Direction',(0.,0.,1.)) ;
#331=DIRECTION('Vector Direction',(0.,0.,1.)) ;
#338=DIRECTION('Axis2P3D Direction',(0.,0.,1.)) ;
#345=DIRECTION('Vector Direction',(0.,0.,1.)) ;
#357=DIRECTION('Axis2P3D Direction',(0.,0.,1.)) ;
#362=DIRECTION('Axis2P3D Direction',(0.,0.,1.)) ;
#374=DIRECTION('Axis2P3D Direction',(0.,0.,1.)) ;
#375=DIRECTION('Axis2P3D XDirection',(1.,0.,0.)) ;
#379=DIRECTION('Axis2P3D Direction',(0.,0.,1.)) ;
#388=DIRECTION('Vector Direction',(0.,0.,1.)) ;
#395=DIRECTION('Axis2P3D Direction',(0.,0.,1.)) ;
#402=DIRECTION('Vector Direction',(0.,0.,1.)) ;
#414=DIRECTION('Axis2P3D Direction',(0.,0.,1.)) ;
#419=DIRECTION('Axis2P3D Direction',(0.,0.,1.)) ;
#431=DIRECTION('Axis2P3D Direction',(0.,0.,1.)) ;
#432=DIRECTION('Axis2P3D XDirection',(1.,0.,0.)) ;
#436=DIRECTION('Axis2P3D Direction',(0.,0.,1.)) ;
#445=DIRECTION('Vector Direction',(0.,0.,1.)) ;
#452=DIRECTION('Axis2P3D Direction',(0.,0.,1.)) ;
#459=DIRECTION('Vector Direction',(0.,0.,1.)) ;
#471=DIRECTION('Axis2P3D Direction',(0.,0.,1.)) ;
#476=DIRECTION('Axis2P3D Direction',(0.,0.,1.)) ;
#488=DIRECTION('Axis2P3D Direction',(0.,0.,1.)) ;
#489=DIRECTION('Axis2P3D XDirection',(1.,0.,0.)) ;
#493=DIRECTION('Axis2P3D Direction',(0.,0.,1.)) ;
#502=DIRECTION('Vector Direction',(0.,0.,1.)) ;
#509=DIRECTION('Axis2P3D Direction',(0.,0.,1.)) ;
#516=DIRECTION('Vector Direction',(0.,0.,1.)) ;
#528=DIRECTION('Axis2P3D Direction',(0.,0.,1.)) ;
#533=DIRECTION('Axis2P3D Direction',(0.,0.,1.)) ;
#545=DIRECTION('Axis2P3D Direction',(0.,0.,1.)) ;
#546=DIRECTION('Axis2P3D XDirection',(1.,0.,0.)) ;
#550=DIRECTION('Axis2P3D Direction',(0.,0.,1.)) ;
#559=DIRECTION('Vector Direction',(0.,-1.,0.)) ;
#566=DIRECTION('Axis2P3D Direction',(0.,0.,1.)) ;
#573=DIRECTION('Vector Direction',(-1.,0.,0.)) ;
#580=DIRECTION('Axis2P3D Direction',(0.,0.,1.)) ;
#587=DIRECTION('Vector Direction',(0.,1.,0.)) ;
#594=DIRECTION('Axis2P3D Direction',(0.,0.,1.)) ;
#601=DIRECTION('Vector Direction',(1.,0.,0.)) ;
#616=DIRECTION('Vector Direction',(0.,1.,0.)) ;
#625=DIRECTION('Axis2P3D Direction',(0.,0.,1.)) ;
#632=DIRECTION('Vector Direction',(-1.,0.,0.)) ;
#639=DIRECTION('Axis2P3D Direction',(0.,0.,1.)) ;
#646=DIRECTION('Vector Direction',(0.,-1.,0.)) ;
#653=DIRECTION('Axis2P3D Direction',(0.,0.,1.)) ;
#660=DIRECTION('Axis2P3D Direction',(0.,0.,1.)) ;
#667=DIRECTION('Vector Direction',(0.,-1.,0.)) ;
#674=DIRECTION('Axis2P3D Direction',(0.,0.,1.)) ;
#681=DIRECTION('Vector Direction',(1.,0.,0.)) ;
#688=DIRECTION('Axis2P3D Direction',(0.,0.,1.)) ;
#695=DIRECTION('Vector Direction',(0.,1.,0.)) ;
#702=DIRECTION('Axis2P3D Direction',(0.,0.,1.)) ;
#709=DIRECTION('Axis2P3D Direction',(0.,0.,1.)) ;
#734=DIRECTION('Axis2P3D Direction',(0.,0.,1.)) ;
#743=DIRECTION('Axis2P3D Direction',(0.,0.,1.)) ;
#752=DIRECTION('Axis2P3D Direction',(0.,0.,1.)) ;
#761=DIRECTION('Axis2P3D Direction',(0.,0.,1.)) ;
#770=DIRECTION('Axis2P3D Direction',(0.,0.,1.)) ;
#779=DIRECTION('Axis2P3D Direction',(0.,0.,1.)) ;
#788=DIRECTION('Axis2P3D Direction',(0.,0.,1.)) ;
#797=DIRECTION('Axis2P3D Direction',(0.,0.,1.)) ;
#806=DIRECTION('Axis2P3D Direction',(0.,0.,1.)) ;
#815=DIRECTION('Axis2P3D Direction',(0.,0.,1.)) ;
#825=DIRECTION('Axis2P3D Direction',(0.,0.,1.)) ;
#826=DIRECTION('Axis2P3D XDirection',(1.,0.,0.)) ;
#839=DIRECTION('Axis2P3D Direction',(-0.,1.,0.)) ;
#840=DIRECTION('Axis2P3D XDirection',(1.,0.,0.)) ;
#844=DIRECTION('Vector Direction',(0.,0.,-1.)) ;
#851=DIRECTION('Vector Direction',(1.,0.,0.)) ;
#858=DIRECTION('Vector Direction',(0.,0.,-1.)) ;
#870=DIRECTION('Axis2P3D Direction',(0.,0.,1.)) ;
#871=DIRECTION('Axis2P3D XDirection',(1.59265981953E-15,-1.,0.)) ;
#875=DIRECTION('Vector Direction',(0.,0.,1.)) ;
#882=DIRECTION('Axis2P3D Direction',(0.,0.,1.)) ;
#894=DIRECTION('Axis2P3D Direction',(-1.,0.,0.)) ;
#895=DIRECTION('Axis2P3D XDirection',(0.,1.,0.)) ;
#899=DIRECTION('Vector Direction',(0.,0.,-1.)) ;
#906=DIRECTION('Vector Direction',(0.,1.,0.)) ;
#918=DIRECTION('Axis2P3D Direction',(0.,0.,1.)) ;
#919=DIRECTION('Axis2P3D XDirection',(1.,0.,0.)) ;
#923=DIRECTION('Vector Direction',(0.,0.,1.)) ;
#930=DIRECTION('Axis2P3D Direction',(0.,0.,1.)) ;
#942=DIRECTION('Axis2P3D Direction',(-0.,-1.,-0.)) ;
#943=DIRECTION('Axis2P3D XDirection',(-1.,0.,0.)) ;
#947=DIRECTION('Vector Direction',(0.,0.,-1.)) ;
#954=DIRECTION('Vector Direction',(-1.,0.,0.)) ;
#966=DIRECTION('Axis2P3D Direction',(0.,0.,1.)) ;
#967=DIRECTION('Axis2P3D XDirection',(1.39349996951E-15,1.,0.)) ;
#971=DIRECTION('Vector Direction',(0.,0.,1.)) ;
#978=DIRECTION('Axis2P3D Direction',(0.,0.,1.)) ;
#990=DIRECTION('Axis2P3D Direction',(1.,0.,0.)) ;
#991=DIRECTION('Axis2P3D XDirection',(0.,-1.,0.)) ;
#995=DIRECTION('Vector Direction',(0.,0.,-1.)) ;
#1002=DIRECTION('Vector Direction',(0.,-1.,0.)) ;
#1014=DIRECTION('Axis2P3D Direction',(0.,0.,1.)) ;
#1015=DIRECTION('Axis2P3D XDirection',(-1.,3.67517835872E-15,0.)) ;
#1019=DIRECTION('Axis2P3D Direction',(0.,0.,1.)) ;
#1031=DIRECTION('Axis2P3D Direction',(0.,0.,1.)) ;
#1032=DIRECTION('Axis2P3D XDirection',(1.,0.,0.)) ;
#1036=DIRECTION('Axis2P3D Direction',(0.,0.,1.)) ;
#1045=DIRECTION('Vector Direction',(0.,0.,1.)) ;
#1052=DIRECTION('Axis2P3D Direction',(0.,0.,1.)) ;
#1057=DIRECTION('Vector Direction',(0.,0.,1.)) ;
#1070=DIRECTION('Axis2P3D Direction',(0.,0.,1.)) ;
#1075=DIRECTION('Axis2P3D Direction',(0.,0.,1.)) ;
#1088=DIRECTION('Axis2P3D Direction',(-1.,0.,0.)) ;
#1089=DIRECTION('Axis2P3D XDirection',(0.,1.,0.)) ;
#1093=DIRECTION('Vector Direction',(0.,1.,0.)) ;
#1102=DIRECTION('Vector Direction',(0.,0.,-1.)) ;
#1107=DIRECTION('Vector Direction',(0.,1.,0.)) ;
#1112=DIRECTION('Vector Direction',(0.,0.,-1.)) ;
#1126=DIRECTION('Axis2P3D Direction',(0.,0.,1.)) ;
#1127=DIRECTION('Axis2P3D XDirection',(1.59265981953E-15,-1.,0.)) ;
#1131=DIRECTION('Axis2P3D Direction',(0.,0.,1.)) ;
#1138=DIRECTION('Vector Direction',(0.,0.,1.)) ;
#1150=DIRECTION('Axis2P3D Direction',(-0.,1.,0.)) ;
#1151=DIRECTION('Axis2P3D XDirection',(1.,0.,0.)) ;
#1155=DIRECTION('Vector Direction',(1.,0.,0.)) ;
#1162=DIRECTION('Vector Direction',(0.,0.,-1.)) ;
#1174=DIRECTION('Axis2P3D Direction',(0.,0.,1.)) ;
#1175=DIRECTION('Axis2P3D XDirection',(-1.,3.23108914887E-15,0.)) ;
#1179=DIRECTION('Axis2P3D Direction',(0.,0.,1.)) ;
#1186=DIRECTION('Vector Direction',(0.,0.,1.)) ;
#1198=DIRECTION('Axis2P3D Direction',(1.,0.,0.)) ;
#1199=DIRECTION('Axis2P3D XDirection',(0.,-1.,0.)) ;
#1203=DIRECTION('Vector Direction',(0.,-1.,0.)) ;
#1210=DIRECTION('Vector Direction',(0.,-1.,0.)) ;
#1215=DIRECTION('Vector Direction',(0.,0.,-1.)) ;
#1229=DIRECTION('Axis2P3D Direction',(0.,0.,1.)) ;
#1230=DIRECTION('Axis2P3D XDirection',(1.,0.,0.)) ;
#1234=DIRECTION('Axis2P3D Direction',(0.,0.,1.)) ;
#1243=DIRECTION('Vector Direction',(0.,0.,1.)) ;
#1250=DIRECTION('Axis2P3D Direction',(0.,0.,1.)) ;
#1255=DIRECTION('Vector Direction',(0.,0.,1.)) ;
#1268=DIRECTION('Axis2P3D Direction',(0.,0.,1.)) ;
#1273=DIRECTION('Axis2P3D Direction',(0.,0.,1.)) ;
#1286=DIRECTION('Axis2P3D Direction',(0.,0.,1.)) ;
#1287=DIRECTION('Axis2P3D XDirection',(1.83758917936E-15,1.,0.)) ;
#1291=DIRECTION('Axis2P3D Direction',(0.,0.,1.)) ;
#1298=DIRECTION('Vector Direction',(0.,0.,1.)) ;
#1310=DIRECTION('Axis2P3D Direction',(-0.,-1.,-0.)) ;
#1311=DIRECTION('Axis2P3D XDirection',(-1.,0.,0.)) ;
#1315=DIRECTION('Vector Direction',(-1.,0.,0.)) ;
#1322=DIRECTION('Vector Direction',(0.,0.,-1.)) ;
#1334=DIRECTION('Axis2P3D Direction',(0.,0.,1.)) ;
#1335=DIRECTION('Axis2P3D XDirection',(1.,0.,0.)) ;
#1339=DIRECTION('Axis2P3D Direction',(0.,0.,1.)) ;
#1351=DIRECTION('Axis2P3D Direction',(0.,0.,1.)) ;
#1352=DIRECTION('Axis2P3D XDirection',(1.,0.,0.)) ;
#1356=DIRECTION('Axis2P3D Direction',(0.,0.,1.)) ;
#1365=DIRECTION('Vector Direction',(0.,0.,1.)) ;
#1370=DIRECTION('Vector Direction',(0.,0.,1.)) ;
#1382=DIRECTION('Axis2P3D Direction',(0.,0.,1.)) ;
#1394=DIRECTION('Axis2P3D Direction',(0.,0.,1.)) ;
#1395=DIRECTION('Axis2P3D XDirection',(1.,0.,0.)) ;
#1399=DIRECTION('Axis2P3D Direction',(0.,0.,1.)) ;
#1408=DIRECTION('Vector Direction',(0.,0.,1.)) ;
#1413=DIRECTION('Vector Direction',(0.,0.,1.)) ;
#1425=DIRECTION('Axis2P3D Direction',(0.,0.,1.)) ;
#1437=DIRECTION('Axis2P3D Direction',(0.,0.,1.)) ;
#1438=DIRECTION('Axis2P3D XDirection',(1.,0.,0.)) ;
#1442=DIRECTION('Axis2P3D Direction',(0.,0.,1.)) ;
#1451=DIRECTION('Vector Direction',(0.,0.,1.)) ;
#1456=DIRECTION('Vector Direction',(0.,0.,1.)) ;
#1468=DIRECTION('Axis2P3D Direction',(0.,0.,1.)) ;
#1480=DIRECTION('Axis2P3D Direction',(0.,0.,1.)) ;
#1481=DIRECTION('Axis2P3D XDirection',(1.,0.,0.)) ;
#1485=DIRECTION('Axis2P3D Direction',(0.,0.,1.)) ;
#1494=DIRECTION('Vector Direction',(0.,0.,1.)) ;
#1499=DIRECTION('Vector Direction',(0.,0.,1.)) ;
#1511=DIRECTION('Axis2P3D Direction',(0.,0.,1.)) ;
#1523=DIRECTION('Axis2P3D Direction',(0.,0.,1.)) ;
#1524=DIRECTION('Axis2P3D XDirection',(1.,0.,0.)) ;
#1528=DIRECTION('Axis2P3D Direction',(0.,0.,1.)) ;
#1537=DIRECTION('Vector Direction',(0.,0.,1.)) ;
#1542=DIRECTION('Vector Direction',(0.,0.,1.)) ;
#1554=DIRECTION('Axis2P3D Direction',(0.,0.,1.)) ;
#1566=DIRECTION('Axis2P3D Direction',(0.,0.,1.)) ;
#1567=DIRECTION('Axis2P3D XDirection',(1.,0.,0.)) ;
#1581=DIRECTION('Vector Direction',(0.,-1.,0.)) ;
#1590=DIRECTION('Axis2P3D Direction',(0.,0.,1.)) ;
#1597=DIRECTION('Vector Direction',(-1.,0.,0.)) ;
#1604=DIRECTION('Axis2P3D Direction',(0.,0.,1.)) ;
#1611=DIRECTION('Vector Direction',(0.,1.,0.)) ;
#1618=DIRECTION('Axis2P3D Direction',(0.,0.,1.)) ;
#1625=DIRECTION('Vector Direction',(1.,0.,0.)) ;
#1632=DIRECTION('Axis2P3D Direction',(0.,0.,1.)) ;
#1663=DIRECTION('Axis2P3D Direction',(0.,0.,1.)) ;
#1664=DIRECTION('Axis2P3D XDirection',(1.,0.,0.)) ;
#1678=DIRECTION('Vector Direction',(1.,0.,0.)) ;
#1687=DIRECTION('Axis2P3D Direction',(0.,0.,1.)) ;
#1694=DIRECTION('Vector Direction',(0.,1.,0.)) ;
#1701=DIRECTION('Axis2P3D Direction',(0.,0.,1.)) ;
#1708=DIRECTION('Vector Direction',(-1.,0.,0.)) ;
#1715=DIRECTION('Axis2P3D Direction',(0.,0.,1.)) ;
#1722=DIRECTION('Vector Direction',(0.,-1.,0.)) ;
#1729=DIRECTION('Axis2P3D Direction',(0.,0.,1.)) ;
#1805=DIRECTION('Axis2P3D Direction',(-1.,0.,0.)) ;
#1806=DIRECTION('Axis2P3D XDirection',(0.,-1.,0.)) ;
#1810=DIRECTION('Vector Direction',(0.,0.,1.)) ;
#1817=DIRECTION('Vector Direction',(0.,0.,1.)) ;
#1824=DIRECTION('Vector Direction',(0.,-1.,0.)) ;
#1836=DIRECTION('Axis2P3D Direction',(0.,0.,1.)) ;
#1837=DIRECTION('Axis2P3D XDirection',(1.83758917936E-15,1.,0.)) ;
#1841=DIRECTION('Vector Direction',(0.,0.,1.)) ;
#1848=DIRECTION('Axis2P3D Direction',(0.,0.,1.)) ;
#1860=DIRECTION('Axis2P3D Direction',(0.,1.,-0.)) ;
#1861=DIRECTION('Axis2P3D XDirection',(-1.,0.,0.)) ;
#1865=DIRECTION('Vector Direction',(0.,0.,1.)) ;
#1872=DIRECTION('Vector Direction',(-1.,0.,0.)) ;
#1884=DIRECTION('Axis2P3D Direction',(0.,0.,1.)) ;
#1885=DIRECTION('Axis2P3D XDirection',(1.,0.,0.)) ;
#1889=DIRECTION('Vector Direction',(0.,0.,1.)) ;
#1896=DIRECTION('Axis2P3D Direction',(0.,0.,1.)) ;
#1908=DIRECTION('Axis2P3D Direction',(1.,0.,0.)) ;
#1909=DIRECTION('Axis2P3D XDirection',(0.,1.,0.)) ;
#1913=DIRECTION('Vector Direction',(0.,0.,1.)) ;
#1920=DIRECTION('Vector Direction',(0.,1.,0.)) ;
#1932=DIRECTION('Axis2P3D Direction',(0.,0.,1.)) ;
#1933=DIRECTION('Axis2P3D XDirection',(1.59265981953E-15,-1.,0.)) ;
#1937=DIRECTION('Vector Direction',(0.,0.,1.)) ;
#1944=DIRECTION('Axis2P3D Direction',(0.,0.,1.)) ;
#1956=DIRECTION('Axis2P3D Direction',(0.,-1.,0.)) ;
#1957=DIRECTION('Axis2P3D XDirection',(1.,0.,0.)) ;
#1961=DIRECTION('Vector Direction',(0.,0.,1.)) ;
#1968=DIRECTION('Vector Direction',(1.,0.,0.)) ;
#1980=DIRECTION('Axis2P3D Direction',(0.,0.,1.)) ;
#1981=DIRECTION('Axis2P3D XDirection',(-1.,2.34291072917E-15,0.)) ;
#1985=DIRECTION('Axis2P3D Direction',(0.,0.,1.)) ;
#1997=DIRECTION('Axis2P3D Direction',(0.,0.,1.)) ;
#1998=DIRECTION('Axis2P3D XDirection',(-1.,3.67517835872E-15,0.)) ;
#2002=DIRECTION('Vector Direction',(0.,0.,1.)) ;
#2009=DIRECTION('Axis2P3D Direction',(0.,0.,1.)) ;
#2016=DIRECTION('Vector Direction',(0.,0.,1.)) ;
#2028=DIRECTION('Axis2P3D Direction',(1.,0.,0.)) ;
#2029=DIRECTION('Axis2P3D XDirection',(0.,-1.,0.)) ;
#2033=DIRECTION('Vector Direction',(0.,0.,-1.)) ;
#2040=DIRECTION('Vector Direction',(0.,-1.,0.)) ;
#2052=DIRECTION('Axis2P3D Direction',(0.,0.,1.)) ;
#2053=DIRECTION('Axis2P3D XDirection',(1.83758917936E-15,1.,0.)) ;
#2057=DIRECTION('Vector Direction',(0.,0.,1.)) ;
#2064=DIRECTION('Axis2P3D Direction',(0.,0.,1.)) ;
#2076=DIRECTION('Axis2P3D Direction',(-0.,-1.,-0.)) ;
#2077=DIRECTION('Axis2P3D XDirection',(-1.,0.,0.)) ;
#2081=DIRECTION('Vector Direction',(0.,0.,-1.)) ;
#2088=DIRECTION('Vector Direction',(-1.,0.,0.)) ;
#2100=DIRECTION('Axis2P3D Direction',(0.,0.,1.)) ;
#2101=DIRECTION('Axis2P3D XDirection',(1.,0.,0.)) ;
#2105=DIRECTION('Vector Direction',(0.,0.,1.)) ;
#2112=DIRECTION('Axis2P3D Direction',(0.,0.,1.)) ;
#2124=DIRECTION('Axis2P3D Direction',(-1.,0.,0.)) ;
#2125=DIRECTION('Axis2P3D XDirection',(0.,1.,0.)) ;
#2129=DIRECTION('Vector Direction',(0.,0.,-1.)) ;
#2136=DIRECTION('Vector Direction',(0.,1.,0.)) ;
#2148=DIRECTION('Axis2P3D Direction',(0.,0.,1.)) ;
#2149=DIRECTION('Axis2P3D XDirection',(1.59265981953E-15,-1.,0.)) ;
#2153=DIRECTION('Vector Direction',(0.,0.,1.)) ;
#2160=DIRECTION('Axis2P3D Direction',(0.,0.,1.)) ;
#2172=DIRECTION('Axis2P3D Direction',(-0.,1.,0.)) ;
#2173=DIRECTION('Axis2P3D XDirection',(1.,0.,0.)) ;
#2177=DIRECTION('Vector Direction',(1.,0.,0.)) ;
#2189=DIRECTION('Axis2P3D Direction',(0.,0.,1.)) ;
#2190=DIRECTION('Axis2P3D XDirection',(1.,0.,0.)) ;
#2204=DIRECTION('Axis2P3D Direction',(0.,0.,1.)) ;
#2213=DIRECTION('Vector Direction',(0.,-1.,0.)) ;
#2220=DIRECTION('Axis2P3D Direction',(0.,0.,1.)) ;
#2227=DIRECTION('Vector Direction',(-1.,0.,0.)) ;
#2234=DIRECTION('Axis2P3D Direction',(0.,0.,1.)) ;
#2241=DIRECTION('Vector Direction',(0.,1.,0.)) ;
#2248=DIRECTION('Axis2P3D Direction',(0.,0.,1.)) ;
#2255=DIRECTION('Vector Direction',(1.,0.,0.)) ;
#2282=DIRECTION('Axis2P3D Direction',(0.,0.,1.)) ;
#2283=DIRECTION('Axis2P3D XDirection',(-1.,3.67517835872E-15,0.)) ;
#2287=DIRECTION('Vector Direction',(0.,0.,1.)) ;
#2294=DIRECTION('Axis2P3D Direction',(0.,0.,1.)) ;
#2301=DIRECTION('Vector Direction',(0.,0.,1.)) ;
#2313=DIRECTION('Axis2P3D Direction',(-1.,0.,0.)) ;
#2314=DIRECTION('Axis2P3D XDirection',(0.,-1.,0.)) ;
#2318=DIRECTION('Vector Direction',(0.,-1.,0.)) ;
#2325=DIRECTION('Vector Direction',(0.,0.,1.)) ;
#2337=DIRECTION('Axis2P3D Direction',(0.,0.,1.)) ;
#2338=DIRECTION('Axis2P3D XDirection',(1.39349996951E-15,1.,0.)) ;
#2342=DIRECTION('Axis2P3D Direction',(0.,0.,1.)) ;
#2349=DIRECTION('Vector Direction',(0.,0.,1.)) ;
#2361=DIRECTION('Axis2P3D Direction',(0.,1.,-0.)) ;
#2362=DIRECTION('Axis2P3D XDirection',(-1.,0.,0.)) ;
#2366=DIRECTION('Vector Direction',(-1.,0.,0.)) ;
#2373=DIRECTION('Vector Direction',(0.,0.,1.)) ;
#2385=DIRECTION('Axis2P3D Direction',(0.,0.,1.)) ;
#2386=DIRECTION('Axis2P3D XDirection',(1.,0.,0.)) ;
#2390=DIRECTION('Axis2P3D Direction',(0.,0.,1.)) ;
#2397=DIRECTION('Vector Direction',(0.,0.,1.)) ;
#2409=DIRECTION('Axis2P3D Direction',(1.,0.,0.)) ;
#2410=DIRECTION('Axis2P3D XDirection',(0.,1.,0.)) ;
#2414=DIRECTION('Vector Direction',(0.,1.,0.)) ;
#2421=DIRECTION('Vector Direction',(0.,0.,1.)) ;
#2433=DIRECTION('Axis2P3D Direction',(0.,0.,1.)) ;
#2434=DIRECTION('Axis2P3D XDirection',(1.59265981953E-15,-1.,0.)) ;
#2438=DIRECTION('Axis2P3D Direction',(0.,0.,1.)) ;
#2445=DIRECTION('Vector Direction',(0.,0.,1.)) ;
#2457=DIRECTION('Axis2P3D Direction',(0.,-1.,0.)) ;
#2458=DIRECTION('Axis2P3D XDirection',(1.,0.,0.)) ;
#2462=DIRECTION('Vector Direction',(1.,0.,0.)) ;
#2484=DIRECTION('Vector Direction',(0.,-1.,0.)) ;
#2493=DIRECTION('Axis2P3D Direction',(0.,0.,1.)) ;
#2500=DIRECTION('Vector Direction',(-1.,0.,0.)) ;
#2507=DIRECTION('Axis2P3D Direction',(0.,0.,1.)) ;
#2514=DIRECTION('Vector Direction',(0.,1.,0.)) ;
#2521=DIRECTION('Axis2P3D Direction',(0.,0.,1.)) ;
#2528=DIRECTION('Vector Direction',(1.,0.,0.)) ;
#2535=DIRECTION('Axis2P3D Direction',(0.,0.,1.)) ;
#2583=DIRECTION('Axis2P3D Direction',(1.,0.,0.)) ;
#2584=DIRECTION('Axis2P3D XDirection',(0.,-1.,0.)) ;
#2588=DIRECTION('Vector Direction',(0.,0.,-1.)) ;
#2595=DIRECTION('Vector Direction',(0.,0.,-1.)) ;
#2602=DIRECTION('Vector Direction',(0.,-1.,0.)) ;
#2614=DIRECTION('Axis2P3D Direction',(0.,0.,1.)) ;
#2615=DIRECTION('Axis2P3D XDirection',(1.39349996951E-15,1.,0.)) ;
#2619=DIRECTION('Vector Direction',(0.,0.,1.)) ;
#2626=DIRECTION('Axis2P3D Direction',(0.,0.,1.)) ;
#2638=DIRECTION('Axis2P3D Direction',(-0.,-1.,-0.)) ;
#2639=DIRECTION('Axis2P3D XDirection',(-1.,0.,0.)) ;
#2643=DIRECTION('Vector Direction',(0.,0.,-1.)) ;
#2650=DIRECTION('Vector Direction',(-1.,0.,0.)) ;
#2662=DIRECTION('Axis2P3D Direction',(0.,0.,1.)) ;
#2663=DIRECTION('Axis2P3D XDirection',(1.,0.,0.)) ;
#2667=DIRECTION('Vector Direction',(0.,0.,1.)) ;
#2674=DIRECTION('Axis2P3D Direction',(0.,0.,1.)) ;
#2686=DIRECTION('Axis2P3D Direction',(-1.,0.,0.)) ;
#2687=DIRECTION('Axis2P3D XDirection',(0.,1.,0.)) ;
#2691=DIRECTION('Vector Direction',(0.,0.,-1.)) ;
#2698=DIRECTION('Vector Direction',(0.,1.,0.)) ;
#2710=DIRECTION('Axis2P3D Direction',(0.,0.,1.)) ;
#2711=DIRECTION('Axis2P3D XDirection',(1.59265981953E-15,-1.,0.)) ;
#2715=DIRECTION('Vector Direction',(0.,0.,1.)) ;
#2722=DIRECTION('Axis2P3D Direction',(0.,0.,1.)) ;
#2734=DIRECTION('Axis2P3D Direction',(-0.,1.,0.)) ;
#2735=DIRECTION('Axis2P3D XDirection',(1.,0.,0.)) ;
#2739=DIRECTION('Vector Direction',(0.,0.,-1.)) ;
#2746=DIRECTION('Vector Direction',(1.,0.,0.)) ;
#2758=DIRECTION('Axis2P3D Direction',(0.,0.,1.)) ;
#2759=DIRECTION('Axis2P3D XDirection',(-1.,3.23108914887E-15,0.)) ;
#2763=DIRECTION('Axis2P3D Direction',(0.,0.,1.)) ;
#2775=DIRECTION('Axis2P3D Direction',(0.,0.,1.)) ;
#2776=DIRECTION('Axis2P3D XDirection',(1.,0.,0.)) ;
#2790=DIRECTION('Axis2P3D Direction',(0.,0.,1.)) ;
#2799=DIRECTION('Vector Direction',(0.,-1.,0.)) ;
#2806=DIRECTION('Axis2P3D Direction',(0.,0.,1.)) ;
#2813=DIRECTION('Vector Direction',(-1.,0.,0.)) ;
#2820=DIRECTION('Axis2P3D Direction',(0.,0.,1.)) ;
#2827=DIRECTION('Vector Direction',(0.,1.,0.)) ;
#2834=DIRECTION('Axis2P3D Direction',(0.,0.,1.)) ;
#2841=DIRECTION('Vector Direction',(1.,0.,0.)) ;
#2857=DIRECTION('Axis2P3D Direction',(0.,0.,1.)) ;
#2858=DIRECTION('Axis2P3D XDirection',(-1.,3.23108914887E-15,0.)) ;
#2862=DIRECTION('Vector Direction',(0.,0.,1.)) ;
#2869=DIRECTION('Axis2P3D Direction',(0.,0.,1.)) ;
#2876=DIRECTION('Vector Direction',(0.,0.,1.)) ;
#2888=DIRECTION('Axis2P3D Direction',(1.,0.,0.)) ;
#2889=DIRECTION('Axis2P3D XDirection',(0.,-1.,0.)) ;
#2893=DIRECTION('Vector Direction',(0.,-1.,0.)) ;
#2900=DIRECTION('Vector Direction',(0.,0.,-1.)) ;
#2912=DIRECTION('Axis2P3D Direction',(0.,0.,1.)) ;
#2913=DIRECTION('Axis2P3D XDirection',(1.39349996951E-15,1.,0.)) ;
#2917=DIRECTION('Axis2P3D Direction',(0.,0.,1.)) ;
#2924=DIRECTION('Vector Direction',(0.,0.,1.)) ;
#2936=DIRECTION('Axis2P3D Direction',(-0.,-1.,-0.)) ;
#2937=DIRECTION('Axis2P3D XDirection',(-1.,0.,0.)) ;
#2941=DIRECTION('Vector Direction',(-1.,0.,0.)) ;
#2948=DIRECTION('Vector Direction',(0.,0.,-1.)) ;
#2960=DIRECTION('Axis2P3D Direction',(0.,0.,1.)) ;
#2961=DIRECTION('Axis2P3D XDirection',(1.,0.,0.)) ;
#2965=DIRECTION('Axis2P3D Direction',(0.,0.,1.)) ;
#2972=DIRECTION('Vector Direction',(0.,0.,1.)) ;
#2984=DIRECTION('Axis2P3D Direction',(-1.,0.,0.)) ;
#2985=DIRECTION('Axis2P3D XDirection',(0.,1.,0.)) ;
#2989=DIRECTION('Vector Direction',(0.,1.,0.)) ;
#2996=DIRECTION('Vector Direction',(0.,0.,-1.)) ;
#3008=DIRECTION('Axis2P3D Direction',(0.,0.,1.)) ;
#3009=DIRECTION('Axis2P3D XDirection',(7.04481399828E-16,-1.,0.)) ;
#3013=DIRECTION('Axis2P3D Direction',(0.,0.,1.)) ;
#3020=DIRECTION('Vector Direction',(0.,0.,1.)) ;
#3032=DIRECTION('Axis2P3D Direction',(-0.,1.,0.)) ;
#3033=DIRECTION('Axis2P3D XDirection',(1.,0.,0.)) ;
#3037=DIRECTION('Vector Direction',(1.,0.,0.)) ;
#3059=DIRECTION('Vector Direction',(0.,-1.,0.)) ;
#3068=DIRECTION('Axis2P3D Direction',(0.,0.,1.)) ;
#3075=DIRECTION('Vector Direction',(-1.,0.,0.)) ;
#3082=DIRECTION('Axis2P3D Direction',(0.,0.,1.)) ;
#3089=DIRECTION('Vector Direction',(0.,1.,0.)) ;
#3096=DIRECTION('Axis2P3D Direction',(0.,0.,1.)) ;
#3103=DIRECTION('Vector Direction',(1.,0.,0.)) ;
#3110=DIRECTION('Axis2P3D Direction',(0.,0.,1.)) ;
#3126=DIRECTION('Axis2P3D Direction',(-1.,0.,0.)) ;
#3127=DIRECTION('Axis2P3D XDirection',(0.,-1.,0.)) ;
#3131=DIRECTION('Vector Direction',(0.,0.,1.)) ;
#3138=DIRECTION('Vector Direction',(0.,0.,1.)) ;
#3145=DIRECTION('Vector Direction',(0.,-1.,0.)) ;
#3157=DIRECTION('Axis2P3D Direction',(0.,0.,1.)) ;
#3158=DIRECTION('Axis2P3D XDirection',(1.39349996951E-15,1.,0.)) ;
#3162=DIRECTION('Vector Direction',(0.,0.,1.)) ;
#3169=DIRECTION('Axis2P3D Direction',(0.,0.,1.)) ;
#3181=DIRECTION('Axis2P3D Direction',(0.,1.,-0.)) ;
#3182=DIRECTION('Axis2P3D XDirection',(-1.,0.,0.)) ;
#3186=DIRECTION('Vector Direction',(0.,0.,1.)) ;
#3193=DIRECTION('Vector Direction',(-1.,0.,0.)) ;
#3205=DIRECTION('Axis2P3D Direction',(0.,0.,1.)) ;
#3206=DIRECTION('Axis2P3D XDirection',(1.,0.,0.)) ;
#3210=DIRECTION('Vector Direction',(0.,0.,1.)) ;
#3217=DIRECTION('Axis2P3D Direction',(0.,0.,1.)) ;
#3229=DIRECTION('Axis2P3D Direction',(1.,0.,0.)) ;
#3230=DIRECTION('Axis2P3D XDirection',(0.,1.,0.)) ;
#3234=DIRECTION('Vector Direction',(0.,0.,1.)) ;
#3241=DIRECTION('Vector Direction',(0.,1.,0.)) ;
#3253=DIRECTION('Axis2P3D Direction',(0.,0.,1.)) ;
#3254=DIRECTION('Axis2P3D XDirection',(1.59265981953E-15,-1.,0.)) ;
#3258=DIRECTION('Vector Direction',(0.,0.,1.)) ;
#3265=DIRECTION('Axis2P3D Direction',(0.,0.,1.)) ;
#3277=DIRECTION('Axis2P3D Direction',(0.,-1.,0.)) ;
#3278=DIRECTION('Axis2P3D XDirection',(1.,0.,0.)) ;
#3282=DIRECTION('Vector Direction',(0.,0.,1.)) ;
#3289=DIRECTION('Vector Direction',(1.,0.,0.)) ;
#3301=DIRECTION('Axis2P3D Direction',(0.,0.,1.)) ;
#3302=DIRECTION('Axis2P3D XDirection',(-1.,2.78699993902E-15,0.)) ;
#3306=DIRECTION('Axis2P3D Direction',(0.,0.,1.)) ;
#3318=DIRECTION('Axis2P3D Direction',(0.,0.,1.)) ;
#3319=DIRECTION('Axis2P3D XDirection',(1.,0.,0.)) ;
#3333=DIRECTION('Axis2P3D Direction',(0.,0.,1.)) ;
#3342=DIRECTION('Vector Direction',(0.,-1.,0.)) ;
#3349=DIRECTION('Axis2P3D Direction',(0.,0.,1.)) ;
#3356=DIRECTION('Vector Direction',(-1.,0.,0.)) ;
#3363=DIRECTION('Axis2P3D Direction',(0.,0.,1.)) ;
#3370=DIRECTION('Vector Direction',(0.,1.,0.)) ;
#3377=DIRECTION('Axis2P3D Direction',(0.,0.,1.)) ;
#3384=DIRECTION('Vector Direction',(1.,0.,0.)) ;
#3400=DIRECTION('Axis2P3D Direction',(0.,0.,1.)) ;
#3401=DIRECTION('Axis2P3D XDirection',(-1.,2.34291072917E-15,0.)) ;
#3405=DIRECTION('Vector Direction',(0.,0.,1.)) ;
#3412=DIRECTION('Axis2P3D Direction',(0.,0.,1.)) ;
#3419=DIRECTION('Vector Direction',(0.,0.,1.)) ;
#3431=DIRECTION('Axis2P3D Direction',(-1.,0.,0.)) ;
#3432=DIRECTION('Axis2P3D XDirection',(0.,-1.,0.)) ;
#3436=DIRECTION('Vector Direction',(0.,-1.,0.)) ;
#3443=DIRECTION('Vector Direction',(0.,0.,1.)) ;
#3455=DIRECTION('Axis2P3D Direction',(0.,0.,1.)) ;
#3456=DIRECTION('Axis2P3D XDirection',(1.17145536458E-15,1.,0.)) ;
#3460=DIRECTION('Axis2P3D Direction',(0.,0.,1.)) ;
#3467=DIRECTION('Vector Direction',(0.,0.,1.)) ;
#3479=DIRECTION('Axis2P3D Direction',(0.,1.,-0.)) ;
#3480=DIRECTION('Axis2P3D XDirection',(-1.,0.,0.)) ;
#3484=DIRECTION('Vector Direction',(-1.,0.,0.)) ;
#3491=DIRECTION('Vector Direction',(0.,0.,1.)) ;
#3503=DIRECTION('Axis2P3D Direction',(0.,0.,1.)) ;
#3504=DIRECTION('Axis2P3D XDirection',(1.,0.,0.)) ;
#3508=DIRECTION('Axis2P3D Direction',(0.,0.,1.)) ;
#3515=DIRECTION('Vector Direction',(0.,0.,1.)) ;
#3527=DIRECTION('Axis2P3D Direction',(1.,0.,0.)) ;
#3528=DIRECTION('Axis2P3D XDirection',(0.,1.,0.)) ;
#3532=DIRECTION('Vector Direction',(0.,1.,0.)) ;
#3539=DIRECTION('Vector Direction',(0.,0.,1.)) ;
#3551=DIRECTION('Axis2P3D Direction',(0.,0.,1.)) ;
#3552=DIRECTION('Axis2P3D XDirection',(7.04481399828E-16,-1.,0.)) ;
#3556=DIRECTION('Axis2P3D Direction',(0.,0.,1.)) ;
#3563=DIRECTION('Vector Direction',(0.,0.,1.)) ;
#3575=DIRECTION('Axis2P3D Direction',(0.,-1.,0.)) ;
#3576=DIRECTION('Axis2P3D XDirection',(1.,0.,0.)) ;
#3580=DIRECTION('Vector Direction',(1.,0.,0.)) ;
#3603=SHAPE_REPRESENTATION_RELATIONSHIP(' ',' ',#19,#3602) ;
#18=AXIS2_PLACEMENT_3D(' ',#17,$,$) ;
#34=AXIS2_PLACEMENT_3D('Cylinder Axis2P3D',#31,#32,#33) ;
#38=AXIS2_PLACEMENT_3D('Circle Axis2P3D',#36,#37,$) ;
#54=AXIS2_PLACEMENT_3D('Circle Axis2P3D',#52,#53,$) ;
#73=AXIS2_PLACEMENT_3D('Circle Axis2P3D',#71,#72,$) ;
#78=AXIS2_PLACEMENT_3D('Circle Axis2P3D',#76,#77,$) ;
#91=AXIS2_PLACEMENT_3D('Cylinder Axis2P3D',#88,#89,#90) ;
#95=AXIS2_PLACEMENT_3D('Circle Axis2P3D',#93,#94,$) ;
#111=AXIS2_PLACEMENT_3D('Circle Axis2P3D',#109,#110,$) ;
#130=AXIS2_PLACEMENT_3D('Circle Axis2P3D',#128,#129,$) ;
#135=AXIS2_PLACEMENT_3D('Circle Axis2P3D',#133,#134,$) ;
#148=AXIS2_PLACEMENT_3D('Cylinder Axis2P3D',#145,#146,#147) ;
#152=AXIS2_PLACEMENT_3D('Circle Axis2P3D',#150,#151,$) ;
#168=AXIS2_PLACEMENT_3D('Circle Axis2P3D',#166,#167,$) ;
#187=AXIS2_PLACEMENT_3D('Circle Axis2P3D',#185,#186,$) ;
#192=AXIS2_PLACEMENT_3D('Circle Axis2P3D',#190,#191,$) ;
#205=AXIS2_PLACEMENT_3D('Cylinder Axis2P3D',#202,#203,#204) ;
#209=AXIS2_PLACEMENT_3D('Circle Axis2P3D',#207,#208,$) ;
#225=AXIS2_PLACEMENT_3D('Circle Axis2P3D',#223,#224,$) ;
#244=AXIS2_PLACEMENT_3D('Circle Axis2P3D',#242,#243,$) ;
#249=AXIS2_PLACEMENT_3D('Circle Axis2P3D',#247,#248,$) ;
#262=AXIS2_PLACEMENT_3D('Cylinder Axis2P3D',#259,#260,#261) ;
#266=AXIS2_PLACEMENT_3D('Circle Axis2P3D',#264,#265,$) ;
#282=AXIS2_PLACEMENT_3D('Circle Axis2P3D',#280,#281,$) ;
#301=AXIS2_PLACEMENT_3D('Circle Axis2P3D',#299,#300,$) ;
#306=AXIS2_PLACEMENT_3D('Circle Axis2P3D',#304,#305,$) ;
#319=AXIS2_PLACEMENT_3D('Cylinder Axis2P3D',#316,#317,#318) ;
#323=AXIS2_PLACEMENT_3D('Circle Axis2P3D',#321,#322,$) ;
#339=AXIS2_PLACEMENT_3D('Circle Axis2P3D',#337,#338,$) ;
#358=AXIS2_PLACEMENT_3D('Circle Axis2P3D',#356,#357,$) ;
#363=AXIS2_PLACEMENT_3D('Circle Axis2P3D',#361,#362,$) ;
#376=AXIS2_PLACEMENT_3D('Cylinder Axis2P3D',#373,#374,#375) ;
#380=AXIS2_PLACEMENT_3D('Circle Axis2P3D',#378,#379,$) ;
#396=AXIS2_PLACEMENT_3D('Circle Axis2P3D',#394,#395,$) ;
#415=AXIS2_PLACEMENT_3D('Circle Axis2P3D',#413,#414,$) ;
#420=AXIS2_PLACEMENT_3D('Circle Axis2P3D',#418,#419,$) ;
#433=AXIS2_PLACEMENT_3D('Cylinder Axis2P3D',#430,#431,#432) ;
#437=AXIS2_PLACEMENT_3D('Circle Axis2P3D',#435,#436,$) ;
#453=AXIS2_PLACEMENT_3D('Circle Axis2P3D',#451,#452,$) ;
#472=AXIS2_PLACEMENT_3D('Circle Axis2P3D',#470,#471,$) ;
#477=AXIS2_PLACEMENT_3D('Circle Axis2P3D',#475,#476,$) ;
#490=AXIS2_PLACEMENT_3D('Cylinder Axis2P3D',#487,#488,#489) ;
#494=AXIS2_PLACEMENT_3D('Circle Axis2P3D',#492,#493,$) ;
#510=AXIS2_PLACEMENT_3D('Circle Axis2P3D',#508,#509,$) ;
#529=AXIS2_PLACEMENT_3D('Circle Axis2P3D',#527,#528,$) ;
#534=AXIS2_PLACEMENT_3D('Circle Axis2P3D',#532,#533,$) ;
#547=AXIS2_PLACEMENT_3D('Plane Axis2P3D',#544,#545,#546) ;
#551=AXIS2_PLACEMENT_3D('Circle Axis2P3D',#549,#550,$) ;
#567=AXIS2_PLACEMENT_3D('Circle Axis2P3D',#565,#566,$) ;
#581=AXIS2_PLACEMENT_3D('Circle Axis2P3D',#579,#580,$) ;
#595=AXIS2_PLACEMENT_3D('Circle Axis2P3D',#593,#594,$) ;
#626=AXIS2_PLACEMENT_3D('Circle Axis2P3D',#624,#625,$) ;
#640=AXIS2_PLACEMENT_3D('Circle Axis2P3D',#638,#639,$) ;
#654=AXIS2_PLACEMENT_3D('Circle Axis2P3D',#652,#653,$) ;
#661=AXIS2_PLACEMENT_3D('Circle Axis2P3D',#659,#660,$) ;
#675=AXIS2_PLACEMENT_3D('Circle Axis2P3D',#673,#674,$) ;
#689=AXIS2_PLACEMENT_3D('Circle Axis2P3D',#687,#688,$) ;
#703=AXIS2_PLACEMENT_3D('Circle Axis2P3D',#701,#702,$) ;
#710=AXIS2_PLACEMENT_3D('Circle Axis2P3D',#708,#709,$) ;
#735=AXIS2_PLACEMENT_3D('Circle Axis2P3D',#733,#734,$) ;
#744=AXIS2_PLACEMENT_3D('Circle Axis2P3D',#742,#743,$) ;
#753=AXIS2_PLACEMENT_3D('Circle Axis2P3D',#751,#752,$) ;
#762=AXIS2_PLACEMENT_3D('Circle Axis2P3D',#760,#761,$) ;
#771=AXIS2_PLACEMENT_3D('Circle Axis2P3D',#769,#770,$) ;
#780=AXIS2_PLACEMENT_3D('Circle Axis2P3D',#778,#779,$) ;
#789=AXIS2_PLACEMENT_3D('Circle Axis2P3D',#787,#788,$) ;
#798=AXIS2_PLACEMENT_3D('Circle Axis2P3D',#796,#797,$) ;
#807=AXIS2_PLACEMENT_3D('Circle Axis2P3D',#805,#806,$) ;
#816=AXIS2_PLACEMENT_3D('Circle Axis2P3D',#814,#815,$) ;
#827=AXIS2_PLACEMENT_3D('Plane Axis2P3D',#824,#825,#826) ;
#841=AXIS2_PLACEMENT_3D('Plane Axis2P3D',#838,#839,#840) ;
#872=AXIS2_PLACEMENT_3D('Cylinder Axis2P3D',#869,#870,#871) ;
#883=AXIS2_PLACEMENT_3D('Circle Axis2P3D',#881,#882,$) ;
#896=AXIS2_PLACEMENT_3D('Plane Axis2P3D',#893,#894,#895) ;
#920=AXIS2_PLACEMENT_3D('Cylinder Axis2P3D',#917,#918,#919) ;
#931=AXIS2_PLACEMENT_3D('Circle Axis2P3D',#929,#930,$) ;
#944=AXIS2_PLACEMENT_3D('Plane Axis2P3D',#941,#942,#943) ;
#968=AXIS2_PLACEMENT_3D('Cylinder Axis2P3D',#965,#966,#967) ;
#979=AXIS2_PLACEMENT_3D('Circle Axis2P3D',#977,#978,$) ;
#992=AXIS2_PLACEMENT_3D('Plane Axis2P3D',#989,#990,#991) ;
#1016=AXIS2_PLACEMENT_3D('Cylinder Axis2P3D',#1013,#1014,#1015) ;
#1020=AXIS2_PLACEMENT_3D('Circle Axis2P3D',#1018,#1019,$) ;
#1033=AXIS2_PLACEMENT_3D('Cylinder Axis2P3D',#1030,#1031,#1032) ;
#1037=AXIS2_PLACEMENT_3D('Circle Axis2P3D',#1035,#1036,$) ;
#1053=AXIS2_PLACEMENT_3D('Circle Axis2P3D',#1051,#1052,$) ;
#1071=AXIS2_PLACEMENT_3D('Circle Axis2P3D',#1069,#1070,$) ;
#1076=AXIS2_PLACEMENT_3D('Circle Axis2P3D',#1074,#1075,$) ;
#1090=AXIS2_PLACEMENT_3D('Plane Axis2P3D',#1087,#1088,#1089) ;
#1128=AXIS2_PLACEMENT_3D('Cylinder Axis2P3D',#1125,#1126,#1127) ;
#1132=AXIS2_PLACEMENT_3D('Circle Axis2P3D',#1130,#1131,$) ;
#1152=AXIS2_PLACEMENT_3D('Plane Axis2P3D',#1149,#1150,#1151) ;
#1176=AXIS2_PLACEMENT_3D('Cylinder Axis2P3D',#1173,#1174,#1175) ;
#1180=AXIS2_PLACEMENT_3D('Circle Axis2P3D',#1178,#1179,$) ;
#1200=AXIS2_PLACEMENT_3D('Plane Axis2P3D',#1197,#1198,#1199) ;
#1231=AXIS2_PLACEMENT_3D('Cylinder Axis2P3D',#1228,#1229,#1230) ;
#1235=AXIS2_PLACEMENT_3D('Circle Axis2P3D',#1233,#1234,$) ;
#1251=AXIS2_PLACEMENT_3D('Circle Axis2P3D',#1249,#1250,$) ;
#1269=AXIS2_PLACEMENT_3D('Circle Axis2P3D',#1267,#1268,$) ;
#1274=AXIS2_PLACEMENT_3D('Circle Axis2P3D',#1272,#1273,$) ;
#1288=AXIS2_PLACEMENT_3D('Cylinder Axis2P3D',#1285,#1286,#1287) ;
#1292=AXIS2_PLACEMENT_3D('Circle Axis2P3D',#1290,#1291,$) ;
#1312=AXIS2_PLACEMENT_3D('Plane Axis2P3D',#1309,#1310,#1311) ;
#1336=AXIS2_PLACEMENT_3D('Cylinder Axis2P3D',#1333,#1334,#1335) ;
#1340=AXIS2_PLACEMENT_3D('Circle Axis2P3D',#1338,#1339,$) ;
#1353=AXIS2_PLACEMENT_3D('Cylinder Axis2P3D',#1350,#1351,#1352) ;
#1357=AXIS2_PLACEMENT_3D('Circle Axis2P3D',#1355,#1356,$) ;
#1383=AXIS2_PLACEMENT_3D('Circle Axis2P3D',#1381,#1382,$) ;
#1396=AXIS2_PLACEMENT_3D('Cylinder Axis2P3D',#1393,#1394,#1395) ;
#1400=AXIS2_PLACEMENT_3D('Circle Axis2P3D',#1398,#1399,$) ;
#1426=AXIS2_PLACEMENT_3D('Circle Axis2P3D',#1424,#1425,$) ;
#1439=AXIS2_PLACEMENT_3D('Cylinder Axis2P3D',#1436,#1437,#1438) ;
#1443=AXIS2_PLACEMENT_3D('Circle Axis2P3D',#1441,#1442,$) ;
#1469=AXIS2_PLACEMENT_3D('Circle Axis2P3D',#1467,#1468,$) ;
#1482=AXIS2_PLACEMENT_3D('Cylinder Axis2P3D',#1479,#1480,#1481) ;
#1486=AXIS2_PLACEMENT_3D('Circle Axis2P3D',#1484,#1485,$) ;
#1512=AXIS2_PLACEMENT_3D('Circle Axis2P3D',#1510,#1511,$) ;
#1525=AXIS2_PLACEMENT_3D('Cylinder Axis2P3D',#1522,#1523,#1524) ;
#1529=AXIS2_PLACEMENT_3D('Circle Axis2P3D',#1527,#1528,$) ;
#1555=AXIS2_PLACEMENT_3D('Circle Axis2P3D',#1553,#1554,$) ;
#1568=AXIS2_PLACEMENT_3D('Plane Axis2P3D',#1565,#1566,#1567) ;
#1591=AXIS2_PLACEMENT_3D('Circle Axis2P3D',#1589,#1590,$) ;
#1605=AXIS2_PLACEMENT_3D('Circle Axis2P3D',#1603,#1604,$) ;
#1619=AXIS2_PLACEMENT_3D('Circle Axis2P3D',#1617,#1618,$) ;
#1633=AXIS2_PLACEMENT_3D('Circle Axis2P3D',#1631,#1632,$) ;
#1665=AXIS2_PLACEMENT_3D('Plane Axis2P3D',#1662,#1663,#1664) ;
#1688=AXIS2_PLACEMENT_3D('Circle Axis2P3D',#1686,#1687,$) ;
#1702=AXIS2_PLACEMENT_3D('Circle Axis2P3D',#1700,#1701,$) ;
#1716=AXIS2_PLACEMENT_3D('Circle Axis2P3D',#1714,#1715,$) ;
#1730=AXIS2_PLACEMENT_3D('Circle Axis2P3D',#1728,#1729,$) ;
#1807=AXIS2_PLACEMENT_3D('Plane Axis2P3D',#1804,#1805,#1806) ;
#1838=AXIS2_PLACEMENT_3D('Cylinder Axis2P3D',#1835,#1836,#1837) ;
#1849=AXIS2_PLACEMENT_3D('Circle Axis2P3D',#1847,#1848,$) ;
#1862=AXIS2_PLACEMENT_3D('Plane Axis2P3D',#1859,#1860,#1861) ;
#1886=AXIS2_PLACEMENT_3D('Cylinder Axis2P3D',#1883,#1884,#1885) ;
#1897=AXIS2_PLACEMENT_3D('Circle Axis2P3D',#1895,#1896,$) ;
#1910=AXIS2_PLACEMENT_3D('Plane Axis2P3D',#1907,#1908,#1909) ;
#1934=AXIS2_PLACEMENT_3D('Cylinder Axis2P3D',#1931,#1932,#1933) ;
#1945=AXIS2_PLACEMENT_3D('Circle Axis2P3D',#1943,#1944,$) ;
#1958=AXIS2_PLACEMENT_3D('Plane Axis2P3D',#1955,#1956,#1957) ;
#1982=AXIS2_PLACEMENT_3D('Cylinder Axis2P3D',#1979,#1980,#1981) ;
#1986=AXIS2_PLACEMENT_3D('Circle Axis2P3D',#1984,#1985,$) ;
#1999=AXIS2_PLACEMENT_3D('Cylinder Axis2P3D',#1996,#1997,#1998) ;
#2010=AXIS2_PLACEMENT_3D('Circle Axis2P3D',#2008,#2009,$) ;
#2030=AXIS2_PLACEMENT_3D('Plane Axis2P3D',#2027,#2028,#2029) ;
#2054=AXIS2_PLACEMENT_3D('Cylinder Axis2P3D',#2051,#2052,#2053) ;
#2065=AXIS2_PLACEMENT_3D('Circle Axis2P3D',#2063,#2064,$) ;
#2078=AXIS2_PLACEMENT_3D('Plane Axis2P3D',#2075,#2076,#2077) ;
#2102=AXIS2_PLACEMENT_3D('Cylinder Axis2P3D',#2099,#2100,#2101) ;
#2113=AXIS2_PLACEMENT_3D('Circle Axis2P3D',#2111,#2112,$) ;
#2126=AXIS2_PLACEMENT_3D('Plane Axis2P3D',#2123,#2124,#2125) ;
#2150=AXIS2_PLACEMENT_3D('Cylinder Axis2P3D',#2147,#2148,#2149) ;
#2161=AXIS2_PLACEMENT_3D('Circle Axis2P3D',#2159,#2160,$) ;
#2174=AXIS2_PLACEMENT_3D('Plane Axis2P3D',#2171,#2172,#2173) ;
#2191=AXIS2_PLACEMENT_3D('Plane Axis2P3D',#2188,#2189,#2190) ;
#2205=AXIS2_PLACEMENT_3D('Circle Axis2P3D',#2203,#2204,$) ;
#2221=AXIS2_PLACEMENT_3D('Circle Axis2P3D',#2219,#2220,$) ;
#2235=AXIS2_PLACEMENT_3D('Circle Axis2P3D',#2233,#2234,$) ;
#2249=AXIS2_PLACEMENT_3D('Circle Axis2P3D',#2247,#2248,$) ;
#2284=AXIS2_PLACEMENT_3D('Cylinder Axis2P3D',#2281,#2282,#2283) ;
#2295=AXIS2_PLACEMENT_3D('Circle Axis2P3D',#2293,#2294,$) ;
#2315=AXIS2_PLACEMENT_3D('Plane Axis2P3D',#2312,#2313,#2314) ;
#2339=AXIS2_PLACEMENT_3D('Cylinder Axis2P3D',#2336,#2337,#2338) ;
#2343=AXIS2_PLACEMENT_3D('Circle Axis2P3D',#2341,#2342,$) ;
#2363=AXIS2_PLACEMENT_3D('Plane Axis2P3D',#2360,#2361,#2362) ;
#2387=AXIS2_PLACEMENT_3D('Cylinder Axis2P3D',#2384,#2385,#2386) ;
#2391=AXIS2_PLACEMENT_3D('Circle Axis2P3D',#2389,#2390,$) ;
#2411=AXIS2_PLACEMENT_3D('Plane Axis2P3D',#2408,#2409,#2410) ;
#2435=AXIS2_PLACEMENT_3D('Cylinder Axis2P3D',#2432,#2433,#2434) ;
#2439=AXIS2_PLACEMENT_3D('Circle Axis2P3D',#2437,#2438,$) ;
#2459=AXIS2_PLACEMENT_3D('Plane Axis2P3D',#2456,#2457,#2458) ;
#2494=AXIS2_PLACEMENT_3D('Circle Axis2P3D',#2492,#2493,$) ;
#2508=AXIS2_PLACEMENT_3D('Circle Axis2P3D',#2506,#2507,$) ;
#2522=AXIS2_PLACEMENT_3D('Circle Axis2P3D',#2520,#2521,$) ;
#2536=AXIS2_PLACEMENT_3D('Circle Axis2P3D',#2534,#2535,$) ;
#2585=AXIS2_PLACEMENT_3D('Plane Axis2P3D',#2582,#2583,#2584) ;
#2616=AXIS2_PLACEMENT_3D('Cylinder Axis2P3D',#2613,#2614,#2615) ;
#2627=AXIS2_PLACEMENT_3D('Circle Axis2P3D',#2625,#2626,$) ;
#2640=AXIS2_PLACEMENT_3D('Plane Axis2P3D',#2637,#2638,#2639) ;
#2664=AXIS2_PLACEMENT_3D('Cylinder Axis2P3D',#2661,#2662,#2663) ;
#2675=AXIS2_PLACEMENT_3D('Circle Axis2P3D',#2673,#2674,$) ;
#2688=AXIS2_PLACEMENT_3D('Plane Axis2P3D',#2685,#2686,#2687) ;
#2712=AXIS2_PLACEMENT_3D('Cylinder Axis2P3D',#2709,#2710,#2711) ;
#2723=AXIS2_PLACEMENT_3D('Circle Axis2P3D',#2721,#2722,$) ;
#2736=AXIS2_PLACEMENT_3D('Plane Axis2P3D',#2733,#2734,#2735) ;
#2760=AXIS2_PLACEMENT_3D('Cylinder Axis2P3D',#2757,#2758,#2759) ;
#2764=AXIS2_PLACEMENT_3D('Circle Axis2P3D',#2762,#2763,$) ;
#2777=AXIS2_PLACEMENT_3D('Plane Axis2P3D',#2774,#2775,#2776) ;
#2791=AXIS2_PLACEMENT_3D('Circle Axis2P3D',#2789,#2790,$) ;
#2807=AXIS2_PLACEMENT_3D('Circle Axis2P3D',#2805,#2806,$) ;
#2821=AXIS2_PLACEMENT_3D('Circle Axis2P3D',#2819,#2820,$) ;
#2835=AXIS2_PLACEMENT_3D('Circle Axis2P3D',#2833,#2834,$) ;
#2859=AXIS2_PLACEMENT_3D('Cylinder Axis2P3D',#2856,#2857,#2858) ;
#2870=AXIS2_PLACEMENT_3D('Circle Axis2P3D',#2868,#2869,$) ;
#2890=AXIS2_PLACEMENT_3D('Plane Axis2P3D',#2887,#2888,#2889) ;
#2914=AXIS2_PLACEMENT_3D('Cylinder Axis2P3D',#2911,#2912,#2913) ;
#2918=AXIS2_PLACEMENT_3D('Circle Axis2P3D',#2916,#2917,$) ;
#2938=AXIS2_PLACEMENT_3D('Plane Axis2P3D',#2935,#2936,#2937) ;
#2962=AXIS2_PLACEMENT_3D('Cylinder Axis2P3D',#2959,#2960,#2961) ;
#2966=AXIS2_PLACEMENT_3D('Circle Axis2P3D',#2964,#2965,$) ;
#2986=AXIS2_PLACEMENT_3D('Plane Axis2P3D',#2983,#2984,#2985) ;
#3010=AXIS2_PLACEMENT_3D('Cylinder Axis2P3D',#3007,#3008,#3009) ;
#3014=AXIS2_PLACEMENT_3D('Circle Axis2P3D',#3012,#3013,$) ;
#3034=AXIS2_PLACEMENT_3D('Plane Axis2P3D',#3031,#3032,#3033) ;
#3069=AXIS2_PLACEMENT_3D('Circle Axis2P3D',#3067,#3068,$) ;
#3083=AXIS2_PLACEMENT_3D('Circle Axis2P3D',#3081,#3082,$) ;
#3097=AXIS2_PLACEMENT_3D('Circle Axis2P3D',#3095,#3096,$) ;
#3111=AXIS2_PLACEMENT_3D('Circle Axis2P3D',#3109,#3110,$) ;
#3128=AXIS2_PLACEMENT_3D('Plane Axis2P3D',#3125,#3126,#3127) ;
#3159=AXIS2_PLACEMENT_3D('Cylinder Axis2P3D',#3156,#3157,#3158) ;
#3170=AXIS2_PLACEMENT_3D('Circle Axis2P3D',#3168,#3169,$) ;
#3183=AXIS2_PLACEMENT_3D('Plane Axis2P3D',#3180,#3181,#3182) ;
#3207=AXIS2_PLACEMENT_3D('Cylinder Axis2P3D',#3204,#3205,#3206) ;
#3218=AXIS2_PLACEMENT_3D('Circle Axis2P3D',#3216,#3217,$) ;
#3231=AXIS2_PLACEMENT_3D('Plane Axis2P3D',#3228,#3229,#3230) ;
#3255=AXIS2_PLACEMENT_3D('Cylinder Axis2P3D',#3252,#3253,#3254) ;
#3266=AXIS2_PLACEMENT_3D('Circle Axis2P3D',#3264,#3265,$) ;
#3279=AXIS2_PLACEMENT_3D('Plane Axis2P3D',#3276,#3277,#3278) ;
#3303=AXIS2_PLACEMENT_3D('Cylinder Axis2P3D',#3300,#3301,#3302) ;
#3307=AXIS2_PLACEMENT_3D('Circle Axis2P3D',#3305,#3306,$) ;
#3320=AXIS2_PLACEMENT_3D('Plane Axis2P3D',#3317,#3318,#3319) ;
#3334=AXIS2_PLACEMENT_3D('Circle Axis2P3D',#3332,#3333,$) ;
#3350=AXIS2_PLACEMENT_3D('Circle Axis2P3D',#3348,#3349,$) ;
#3364=AXIS2_PLACEMENT_3D('Circle Axis2P3D',#3362,#3363,$) ;
#3378=AXIS2_PLACEMENT_3D('Circle Axis2P3D',#3376,#3377,$) ;
#3402=AXIS2_PLACEMENT_3D('Cylinder Axis2P3D',#3399,#3400,#3401) ;
#3413=AXIS2_PLACEMENT_3D('Circle Axis2P3D',#3411,#3412,$) ;
#3433=AXIS2_PLACEMENT_3D('Plane Axis2P3D',#3430,#3431,#3432) ;
#3457=AXIS2_PLACEMENT_3D('Cylinder Axis2P3D',#3454,#3455,#3456) ;
#3461=AXIS2_PLACEMENT_3D('Circle Axis2P3D',#3459,#3460,$) ;
#3481=AXIS2_PLACEMENT_3D('Plane Axis2P3D',#3478,#3479,#3480) ;
#3505=AXIS2_PLACEMENT_3D('Cylinder Axis2P3D',#3502,#3503,#3504) ;
#3509=AXIS2_PLACEMENT_3D('Circle Axis2P3D',#3507,#3508,$) ;
#3529=AXIS2_PLACEMENT_3D('Plane Axis2P3D',#3526,#3527,#3528) ;
#3553=AXIS2_PLACEMENT_3D('Cylinder Axis2P3D',#3550,#3551,#3552) ;
#3557=AXIS2_PLACEMENT_3D('Circle Axis2P3D',#3555,#3556,$) ;
#3577=AXIS2_PLACEMENT_3D('Plane Axis2P3D',#3574,#3575,#3576) ;
#48=LINE('Line',#45,#47) ;
#62=LINE('Line',#59,#61) ;
#105=LINE('Line',#102,#104) ;
#119=LINE('Line',#116,#118) ;
#162=LINE('Line',#159,#161) ;
#176=LINE('Line',#173,#175) ;
#219=LINE('Line',#216,#218) ;
#233=LINE('Line',#230,#232) ;
#276=LINE('Line',#273,#275) ;
#290=LINE('Line',#287,#289) ;
#333=LINE('Line',#330,#332) ;
#347=LINE('Line',#344,#346) ;
#390=LINE('Line',#387,#389) ;
#404=LINE('Line',#401,#403) ;
#447=LINE('Line',#444,#446) ;
#461=LINE('Line',#458,#460) ;
#504=LINE('Line',#501,#503) ;
#518=LINE('Line',#515,#517) ;
#561=LINE('Line',#558,#560) ;
#575=LINE('Line',#572,#574) ;
#589=LINE('Line',#586,#588) ;
#603=LINE('Line',#600,#602) ;
#618=LINE('Line',#615,#617) ;
#634=LINE('Line',#631,#633) ;
#648=LINE('Line',#645,#647) ;
#669=LINE('Line',#666,#668) ;
#683=LINE('Line',#680,#682) ;
#697=LINE('Line',#694,#696) ;
#846=LINE('Line',#843,#845) ;
#853=LINE('Line',#850,#852) ;
#860=LINE('Line',#857,#859) ;
#877=LINE('Line',#874,#876) ;
#901=LINE('Line',#898,#900) ;
#908=LINE('Line',#905,#907) ;
#925=LINE('Line',#922,#924) ;
#949=LINE('Line',#946,#948) ;
#956=LINE('Line',#953,#955) ;
#973=LINE('Line',#970,#972) ;
#997=LINE('Line',#994,#996) ;
#1004=LINE('Line',#1001,#1003) ;
#1047=LINE('Line',#1044,#1046) ;
#1059=LINE('Line',#1056,#1058) ;
#1095=LINE('Line',#1092,#1094) ;
#1104=LINE('Line',#1101,#1103) ;
#1109=LINE('Line',#1106,#1108) ;
#1114=LINE('Line',#1111,#1113) ;
#1140=LINE('Line',#1137,#1139) ;
#1157=LINE('Line',#1154,#1156) ;
#1164=LINE('Line',#1161,#1163) ;
#1188=LINE('Line',#1185,#1187) ;
#1205=LINE('Line',#1202,#1204) ;
#1212=LINE('Line',#1209,#1211) ;
#1217=LINE('Line',#1214,#1216) ;
#1245=LINE('Line',#1242,#1244) ;
#1257=LINE('Line',#1254,#1256) ;
#1300=LINE('Line',#1297,#1299) ;
#1317=LINE('Line',#1314,#1316) ;
#1324=LINE('Line',#1321,#1323) ;
#1367=LINE('Line',#1364,#1366) ;
#1372=LINE('Line',#1369,#1371) ;
#1410=LINE('Line',#1407,#1409) ;
#1415=LINE('Line',#1412,#1414) ;
#1453=LINE('Line',#1450,#1452) ;
#1458=LINE('Line',#1455,#1457) ;
#1496=LINE('Line',#1493,#1495) ;
#1501=LINE('Line',#1498,#1500) ;
#1539=LINE('Line',#1536,#1538) ;
#1544=LINE('Line',#1541,#1543) ;
#1583=LINE('Line',#1580,#1582) ;
#1599=LINE('Line',#1596,#1598) ;
#1613=LINE('Line',#1610,#1612) ;
#1627=LINE('Line',#1624,#1626) ;
#1680=LINE('Line',#1677,#1679) ;
#1696=LINE('Line',#1693,#1695) ;
#1710=LINE('Line',#1707,#1709) ;
#1724=LINE('Line',#1721,#1723) ;
#1812=LINE('Line',#1809,#1811) ;
#1819=LINE('Line',#1816,#1818) ;
#1826=LINE('Line',#1823,#1825) ;
#1843=LINE('Line',#1840,#1842) ;
#1867=LINE('Line',#1864,#1866) ;
#1874=LINE('Line',#1871,#1873) ;
#1891=LINE('Line',#1888,#1890) ;
#1915=LINE('Line',#1912,#1914) ;
#1922=LINE('Line',#1919,#1921) ;
#1939=LINE('Line',#1936,#1938) ;
#1963=LINE('Line',#1960,#1962) ;
#1970=LINE('Line',#1967,#1969) ;
#2004=LINE('Line',#2001,#2003) ;
#2018=LINE('Line',#2015,#2017) ;
#2035=LINE('Line',#2032,#2034) ;
#2042=LINE('Line',#2039,#2041) ;
#2059=LINE('Line',#2056,#2058) ;
#2083=LINE('Line',#2080,#2082) ;
#2090=LINE('Line',#2087,#2089) ;
#2107=LINE('Line',#2104,#2106) ;
#2131=LINE('Line',#2128,#2130) ;
#2138=LINE('Line',#2135,#2137) ;
#2155=LINE('Line',#2152,#2154) ;
#2179=LINE('Line',#2176,#2178) ;
#2215=LINE('Line',#2212,#2214) ;
#2229=LINE('Line',#2226,#2228) ;
#2243=LINE('Line',#2240,#2242) ;
#2257=LINE('Line',#2254,#2256) ;
#2289=LINE('Line',#2286,#2288) ;
#2303=LINE('Line',#2300,#2302) ;
#2320=LINE('Line',#2317,#2319) ;
#2327=LINE('Line',#2324,#2326) ;
#2351=LINE('Line',#2348,#2350) ;
#2368=LINE('Line',#2365,#2367) ;
#2375=LINE('Line',#2372,#2374) ;
#2399=LINE('Line',#2396,#2398) ;
#2416=LINE('Line',#2413,#2415) ;
#2423=LINE('Line',#2420,#2422) ;
#2447=LINE('Line',#2444,#2446) ;
#2464=LINE('Line',#2461,#2463) ;
#2486=LINE('Line',#2483,#2485) ;
#2502=LINE('Line',#2499,#2501) ;
#2516=LINE('Line',#2513,#2515) ;
#2530=LINE('Line',#2527,#2529) ;
#2590=LINE('Line',#2587,#2589) ;
#2597=LINE('Line',#2594,#2596) ;
#2604=LINE('Line',#2601,#2603) ;
#2621=LINE('Line',#2618,#2620) ;
#2645=LINE('Line',#2642,#2644) ;
#2652=LINE('Line',#2649,#2651) ;
#2669=LINE('Line',#2666,#2668) ;
#2693=LINE('Line',#2690,#2692) ;
#2700=LINE('Line',#2697,#2699) ;
#2717=LINE('Line',#2714,#2716) ;
#2741=LINE('Line',#2738,#2740) ;
#2748=LINE('Line',#2745,#2747) ;
#2801=LINE('Line',#2798,#2800) ;
#2815=LINE('Line',#2812,#2814) ;
#2829=LINE('Line',#2826,#2828) ;
#2843=LINE('Line',#2840,#2842) ;
#2864=LINE('Line',#2861,#2863) ;
#2878=LINE('Line',#2875,#2877) ;
#2895=LINE('Line',#2892,#2894) ;
#2902=LINE('Line',#2899,#2901) ;
#2926=LINE('Line',#2923,#2925) ;
#2943=LINE('Line',#2940,#2942) ;
#2950=LINE('Line',#2947,#2949) ;
#2974=LINE('Line',#2971,#2973) ;
#2991=LINE('Line',#2988,#2990) ;
#2998=LINE('Line',#2995,#2997) ;
#3022=LINE('Line',#3019,#3021) ;
#3039=LINE('Line',#3036,#3038) ;
#3061=LINE('Line',#3058,#3060) ;
#3077=LINE('Line',#3074,#3076) ;
#3091=LINE('Line',#3088,#3090) ;
#3105=LINE('Line',#3102,#3104) ;
#3133=LINE('Line',#3130,#3132) ;
#3140=LINE('Line',#3137,#3139) ;
#3147=LINE('Line',#3144,#3146) ;
#3164=LINE('Line',#3161,#3163) ;
#3188=LINE('Line',#3185,#3187) ;
#3195=LINE('Line',#3192,#3194) ;
#3212=LINE('Line',#3209,#3211) ;
#3236=LINE('Line',#3233,#3235) ;
#3243=LINE('Line',#3240,#3242) ;
#3260=LINE('Line',#3257,#3259) ;
#3284=LINE('Line',#3281,#3283) ;
#3291=LINE('Line',#3288,#3290) ;
#3344=LINE('Line',#3341,#3343) ;
#3358=LINE('Line',#3355,#3357) ;
#3372=LINE('Line',#3369,#3371) ;
#3386=LINE('Line',#3383,#3385) ;
#3407=LINE('Line',#3404,#3406) ;
#3421=LINE('Line',#3418,#3420) ;
#3438=LINE('Line',#3435,#3437) ;
#3445=LINE('Line',#3442,#3444) ;
#3469=LINE('Line',#3466,#3468) ;
#3486=LINE('Line',#3483,#3485) ;
#3493=LINE('Line',#3490,#3492) ;
#3517=LINE('Line',#3514,#3516) ;
#3534=LINE('Line',#3531,#3533) ;
#3541=LINE('Line',#3538,#3540) ;
#3565=LINE('Line',#3562,#3564) ;
#3582=LINE('Line',#3579,#3581) ;
#39=CIRCLE('generated circle',#38,2.4) ;
#55=CIRCLE('generated circle',#54,2.4) ;
#74=CIRCLE('generated circle',#73,2.4) ;
#79=CIRCLE('generated circle',#78,2.4) ;
#96=CIRCLE('generated circle',#95,2.4) ;
#112=CIRCLE('generated circle',#111,2.4) ;
#131=CIRCLE('generated circle',#130,2.4) ;
#136=CIRCLE('generated circle',#135,2.4) ;
#153=CIRCLE('generated circle',#152,2.4) ;
#169=CIRCLE('generated circle',#168,2.4) ;
#188=CIRCLE('generated circle',#187,2.4) ;
#193=CIRCLE('generated circle',#192,2.4) ;
#210=CIRCLE('generated circle',#209,2.4) ;
#226=CIRCLE('generated circle',#225,2.4) ;
#245=CIRCLE('generated circle',#244,2.4) ;
#250=CIRCLE('generated circle',#249,2.4) ;
#267=CIRCLE('generated circle',#266,2.4) ;
#283=CIRCLE('generated circle',#282,2.4) ;
#302=CIRCLE('generated circle',#301,2.4) ;
#307=CIRCLE('generated circle',#306,2.4) ;
#324=CIRCLE('generated circle',#323,2.4) ;
#340=CIRCLE('generated circle',#339,2.4) ;
#359=CIRCLE('generated circle',#358,2.4) ;
#364=CIRCLE('generated circle',#363,2.4) ;
#381=CIRCLE('generated circle',#380,2.4) ;
#397=CIRCLE('generated circle',#396,2.4) ;
#416=CIRCLE('generated circle',#415,2.4) ;
#421=CIRCLE('generated circle',#420,2.4) ;
#438=CIRCLE('generated circle',#437,2.4) ;
#454=CIRCLE('generated circle',#453,2.4) ;
#473=CIRCLE('generated circle',#472,2.4) ;
#478=CIRCLE('generated circle',#477,2.4) ;
#495=CIRCLE('generated circle',#494,5.5) ;
#511=CIRCLE('generated circle',#510,5.5) ;
#530=CIRCLE('generated circle',#529,5.5) ;
#535=CIRCLE('generated circle',#534,5.5) ;
#552=CIRCLE('generated circle',#551,10.) ;
#568=CIRCLE('generated circle',#567,10.) ;
#582=CIRCLE('generated circle',#581,10.) ;
#596=CIRCLE('generated circle',#595,10.) ;
#627=CIRCLE('generated circle',#626,12.) ;
#641=CIRCLE('generated circle',#640,12.) ;
#655=CIRCLE('generated circle',#654,5.5) ;
#662=CIRCLE('generated circle',#661,5.5) ;
#676=CIRCLE('generated circle',#675,12.) ;
#690=CIRCLE('generated circle',#689,12.) ;
#704=CIRCLE('generated circle',#703,5.5) ;
#711=CIRCLE('generated circle',#710,5.5) ;
#736=CIRCLE('generated circle',#735,5.5) ;
#745=CIRCLE('generated circle',#744,5.5) ;
#754=CIRCLE('generated circle',#753,5.5) ;
#763=CIRCLE('generated circle',#762,5.5) ;
#772=CIRCLE('generated circle',#771,5.5) ;
#781=CIRCLE('generated circle',#780,5.5) ;
#790=CIRCLE('generated circle',#789,5.5) ;
#799=CIRCLE('generated circle',#798,5.5) ;
#808=CIRCLE('generated circle',#807,5.5) ;
#817=CIRCLE('generated circle',#816,5.5) ;
#884=CIRCLE('generated circle',#883,10.) ;
#932=CIRCLE('generated circle',#931,10.) ;
#980=CIRCLE('generated circle',#979,10.) ;
#1021=CIRCLE('generated circle',#1020,10.) ;
#1038=CIRCLE('generated circle',#1037,5.5) ;
#1054=CIRCLE('generated circle',#1053,5.5) ;
#1072=CIRCLE('generated circle',#1071,5.5) ;
#1077=CIRCLE('generated circle',#1076,5.5) ;
#1133=CIRCLE('generated circle',#1132,12.) ;
#1181=CIRCLE('generated circle',#1180,12.) ;
#1236=CIRCLE('generated circle',#1235,5.5) ;
#1252=CIRCLE('generated circle',#1251,5.5) ;
#1270=CIRCLE('generated circle',#1269,5.5) ;
#1275=CIRCLE('generated circle',#1274,5.5) ;
#1293=CIRCLE('generated circle',#1292,12.) ;
#1341=CIRCLE('generated circle',#1340,12.) ;
#1358=CIRCLE('generated circle',#1357,5.5) ;
#1384=CIRCLE('generated circle',#1383,5.5) ;
#1401=CIRCLE('generated circle',#1400,5.5) ;
#1427=CIRCLE('generated circle',#1426,5.5) ;
#1444=CIRCLE('generated circle',#1443,5.5) ;
#1470=CIRCLE('generated circle',#1469,5.5) ;
#1487=CIRCLE('generated circle',#1486,5.5) ;
#1513=CIRCLE('generated circle',#1512,5.5) ;
#1530=CIRCLE('generated circle',#1529,5.5) ;
#1556=CIRCLE('generated circle',#1555,5.5) ;
#1592=CIRCLE('generated circle',#1591,12.) ;
#1606=CIRCLE('generated circle',#1605,12.) ;
#1620=CIRCLE('generated circle',#1619,12.) ;
#1634=CIRCLE('generated circle',#1633,12.) ;
#1689=CIRCLE('generated circle',#1688,4.) ;
#1703=CIRCLE('generated circle',#1702,4.) ;
#1717=CIRCLE('generated circle',#1716,4.) ;
#1731=CIRCLE('generated circle',#1730,4.) ;
#1850=CIRCLE('generated circle',#1849,12.) ;
#1898=CIRCLE('generated circle',#1897,12.) ;
#1946=CIRCLE('generated circle',#1945,12.) ;
#1987=CIRCLE('generated circle',#1986,12.) ;
#2011=CIRCLE('generated circle',#2010,4.) ;
#2066=CIRCLE('generated circle',#2065,4.) ;
#2114=CIRCLE('generated circle',#2113,4.) ;
#2162=CIRCLE('generated circle',#2161,4.) ;
#2206=CIRCLE('generated circle',#2205,10.) ;
#2222=CIRCLE('generated circle',#2221,10.) ;
#2236=CIRCLE('generated circle',#2235,10.) ;
#2250=CIRCLE('generated circle',#2249,10.) ;
#2296=CIRCLE('generated circle',#2295,10.) ;
#2344=CIRCLE('generated circle',#2343,10.) ;
#2392=CIRCLE('generated circle',#2391,10.) ;
#2440=CIRCLE('generated circle',#2439,10.) ;
#2495=CIRCLE('generated circle',#2494,9.7) ;
#2509=CIRCLE('generated circle',#2508,9.7) ;
#2523=CIRCLE('generated circle',#2522,9.7) ;
#2537=CIRCLE('generated circle',#2536,9.7) ;
#2628=CIRCLE('generated circle',#2627,9.7) ;
#2676=CIRCLE('generated circle',#2675,9.7) ;
#2724=CIRCLE('generated circle',#2723,9.7) ;
#2765=CIRCLE('generated circle',#2764,9.7) ;
#2792=CIRCLE('generated circle',#2791,6.3) ;
#2808=CIRCLE('generated circle',#2807,6.3) ;
#2822=CIRCLE('generated circle',#2821,6.3) ;
#2836=CIRCLE('generated circle',#2835,6.3) ;
#2871=CIRCLE('generated circle',#2870,6.3) ;
#2919=CIRCLE('generated circle',#2918,6.3) ;
#2967=CIRCLE('generated circle',#2966,6.3) ;
#3015=CIRCLE('generated circle',#3014,6.3) ;
#3070=CIRCLE('generated circle',#3069,5.4) ;
#3084=CIRCLE('generated circle',#3083,5.4) ;
#3098=CIRCLE('generated circle',#3097,5.4) ;
#3112=CIRCLE('generated circle',#3111,5.4) ;
#3171=CIRCLE('generated circle',#3170,5.4) ;
#3219=CIRCLE('generated circle',#3218,5.4) ;
#3267=CIRCLE('generated circle',#3266,5.4) ;
#3308=CIRCLE('generated circle',#3307,5.4) ;
#3335=CIRCLE('generated circle',#3334,2.9) ;
#3351=CIRCLE('generated circle',#3350,2.9) ;
#3365=CIRCLE('generated circle',#3364,2.9) ;
#3379=CIRCLE('generated circle',#3378,2.9) ;
#3414=CIRCLE('generated circle',#3413,2.9) ;
#3462=CIRCLE('generated circle',#3461,2.9) ;
#3510=CIRCLE('generated circle',#3509,2.9) ;
#3558=CIRCLE('generated circle',#3557,2.9) ;
#548=PLANE('',#547) ;
#828=PLANE('',#827) ;
#842=PLANE('',#841) ;
#897=PLANE('',#896) ;
#945=PLANE('',#944) ;
#993=PLANE('',#992) ;
#1091=PLANE('',#1090) ;
#1153=PLANE('',#1152) ;
#1201=PLANE('',#1200) ;
#1313=PLANE('',#1312) ;
#1569=PLANE('',#1568) ;
#1666=PLANE('',#1665) ;
#1808=PLANE('',#1807) ;
#1863=PLANE('',#1862) ;
#1911=PLANE('',#1910) ;
#1959=PLANE('',#1958) ;
#2031=PLANE('',#2030) ;
#2079=PLANE('',#2078) ;
#2127=PLANE('',#2126) ;
#2175=PLANE('',#2174) ;
#2192=PLANE('',#2191) ;
#2316=PLANE('',#2315) ;
#2364=PLANE('',#2363) ;
#2412=PLANE('',#2411) ;
#2460=PLANE('',#2459) ;
#2586=PLANE('',#2585) ;
#2641=PLANE('',#2640) ;
#2689=PLANE('',#2688) ;
#2737=PLANE('',#2736) ;
#2778=PLANE('',#2777) ;
#2891=PLANE('',#2890) ;
#2939=PLANE('',#2938) ;
#2987=PLANE('',#2986) ;
#3035=PLANE('',#3034) ;
#3129=PLANE('',#3128) ;
#3184=PLANE('',#3183) ;
#3232=PLANE('',#3231) ;
#3280=PLANE('',#3279) ;
#3321=PLANE('',#3320) ;
#3434=PLANE('',#3433) ;
#3482=PLANE('',#3481) ;
#3530=PLANE('',#3529) ;
#3578=PLANE('',#3577) ;
#35=CYLINDRICAL_SURFACE('generated cylinder',#34,2.4) ;
#92=CYLINDRICAL_SURFACE('generated cylinder',#91,2.4) ;
#149=CYLINDRICAL_SURFACE('generated cylinder',#148,2.4) ;
#206=CYLINDRICAL_SURFACE('generated cylinder',#205,2.4) ;
#263=CYLINDRICAL_SURFACE('generated cylinder',#262,2.4) ;
#320=CYLINDRICAL_SURFACE('generated cylinder',#319,2.4) ;
#377=CYLINDRICAL_SURFACE('generated cylinder',#376,2.4) ;
#434=CYLINDRICAL_SURFACE('generated cylinder',#433,2.4) ;
#491=CYLINDRICAL_SURFACE('generated cylinder',#490,5.5) ;
#873=CYLINDRICAL_SURFACE('generated cylinder',#872,10.) ;
#921=CYLINDRICAL_SURFACE('generated cylinder',#920,10.) ;
#969=CYLINDRICAL_SURFACE('generated cylinder',#968,10.) ;
#1017=CYLINDRICAL_SURFACE('generated cylinder',#1016,10.) ;
#1034=CYLINDRICAL_SURFACE('generated cylinder',#1033,5.5) ;
#1129=CYLINDRICAL_SURFACE('generated cylinder',#1128,12.) ;
#1177=CYLINDRICAL_SURFACE('generated cylinder',#1176,12.) ;
#1232=CYLINDRICAL_SURFACE('generated cylinder',#1231,5.5) ;
#1289=CYLINDRICAL_SURFACE('generated cylinder',#1288,12.) ;
#1337=CYLINDRICAL_SURFACE('generated cylinder',#1336,12.) ;
#1354=CYLINDRICAL_SURFACE('generated cylinder',#1353,5.5) ;
#1397=CYLINDRICAL_SURFACE('generated cylinder',#1396,5.5) ;
#1440=CYLINDRICAL_SURFACE('generated cylinder',#1439,5.5) ;
#1483=CYLINDRICAL_SURFACE('generated cylinder',#1482,5.5) ;
#1526=CYLINDRICAL_SURFACE('generated cylinder',#1525,5.5) ;
#1839=CYLINDRICAL_SURFACE('generated cylinder',#1838,12.) ;
#1887=CYLINDRICAL_SURFACE('generated cylinder',#1886,12.) ;
#1935=CYLINDRICAL_SURFACE('generated cylinder',#1934,12.) ;
#1983=CYLINDRICAL_SURFACE('generated cylinder',#1982,12.) ;
#2000=CYLINDRICAL_SURFACE('generated cylinder',#1999,4.) ;
#2055=CYLINDRICAL_SURFACE('generated cylinder',#2054,4.) ;
#2103=CYLINDRICAL_SURFACE('generated cylinder',#2102,4.) ;
#2151=CYLINDRICAL_SURFACE('generated cylinder',#2150,4.) ;
#2285=CYLINDRICAL_SURFACE('generated cylinder',#2284,10.) ;
#2340=CYLINDRICAL_SURFACE('generated cylinder',#2339,10.) ;
#2388=CYLINDRICAL_SURFACE('generated cylinder',#2387,10.) ;
#2436=CYLINDRICAL_SURFACE('generated cylinder',#2435,10.) ;
#2617=CYLINDRICAL_SURFACE('generated cylinder',#2616,9.7) ;
#2665=CYLINDRICAL_SURFACE('generated cylinder',#2664,9.7) ;
#2713=CYLINDRICAL_SURFACE('generated cylinder',#2712,9.7) ;
#2761=CYLINDRICAL_SURFACE('generated cylinder',#2760,9.7) ;
#2860=CYLINDRICAL_SURFACE('generated cylinder',#2859,6.3) ;
#2915=CYLINDRICAL_SURFACE('generated cylinder',#2914,6.3) ;
#2963=CYLINDRICAL_SURFACE('generated cylinder',#2962,6.3) ;
#3011=CYLINDRICAL_SURFACE('generated cylinder',#3010,6.3) ;
#3160=CYLINDRICAL_SURFACE('generated cylinder',#3159,5.4) ;
#3208=CYLINDRICAL_SURFACE('generated cylinder',#3207,5.4) ;
#3256=CYLINDRICAL_SURFACE('generated cylinder',#3255,5.4) ;
#3304=CYLINDRICAL_SURFACE('generated cylinder',#3303,5.4) ;
#3403=CYLINDRICAL_SURFACE('generated cylinder',#3402,2.9) ;
#3458=CYLINDRICAL_SURFACE('generated cylinder',#3457,2.9) ;
#3506=CYLINDRICAL_SURFACE('generated cylinder',#3505,2.9) ;
#3554=CYLINDRICAL_SURFACE('generated cylinder',#3553,2.9) ;
#728=FACE_BOUND('',#713,.T.) ;
#732=FACE_BOUND('',#729,.T.) ;
#750=FACE_BOUND('',#747,.T.) ;
#768=FACE_BOUND('',#765,.T.) ;
#786=FACE_BOUND('',#783,.T.) ;
#804=FACE_BOUND('',#801,.T.) ;
#822=FACE_BOUND('',#819,.T.) ;
#836=FACE_BOUND('',#833,.T.) ;
#1645=FACE_BOUND('',#1636,.T.) ;
#1660=FACE_BOUND('',#1657,.T.) ;
#1742=FACE_BOUND('',#1733,.T.) ;
#1757=FACE_BOUND('',#1754,.T.) ;
#1766=FACE_BOUND('',#1763,.T.) ;
#1775=FACE_BOUND('',#1772,.T.) ;
#1784=FACE_BOUND('',#1781,.T.) ;
#1793=FACE_BOUND('',#1790,.T.) ;
#1802=FACE_BOUND('',#1799,.T.) ;
#2268=FACE_BOUND('',#2259,.T.) ;
#2548=FACE_BOUND('',#2539,.T.) ;
#2552=FACE_BOUND('',#2549,.T.) ;
#2556=FACE_BOUND('',#2553,.T.) ;
#2560=FACE_BOUND('',#2557,.T.) ;
#2564=FACE_BOUND('',#2561,.T.) ;
#2568=FACE_BOUND('',#2565,.T.) ;
#2572=FACE_BOUND('',#2569,.T.) ;
#2576=FACE_BOUND('',#2573,.T.) ;
#2580=FACE_BOUND('',#2577,.T.) ;
#2854=FACE_BOUND('',#2845,.T.) ;
#3123=FACE_BOUND('',#3114,.T.) ;
#3397=FACE_BOUND('',#3388,.T.) ;
#44=EDGE_CURVE('',#41,#43,#39,.T.) ;
#51=EDGE_CURVE('',#50,#41,#48,.F.) ;
#58=EDGE_CURVE('',#50,#57,#55,.T.) ;
#63=EDGE_CURVE('',#57,#43,#62,.F.) ;
#75=EDGE_CURVE('',#43,#41,#74,.T.) ;
#80=EDGE_CURVE('',#57,#50,#79,.T.) ;
#101=EDGE_CURVE('',#98,#100,#96,.T.) ;
#108=EDGE_CURVE('',#107,#98,#105,.F.) ;
#115=EDGE_CURVE('',#107,#114,#112,.T.) ;
#120=EDGE_CURVE('',#114,#100,#119,.F.) ;
#132=EDGE_CURVE('',#100,#98,#131,.T.) ;
#137=EDGE_CURVE('',#114,#107,#136,.T.) ;
#158=EDGE_CURVE('',#155,#157,#153,.T.) ;
#165=EDGE_CURVE('',#164,#155,#162,.F.) ;
#172=EDGE_CURVE('',#164,#171,#169,.T.) ;
#177=EDGE_CURVE('',#171,#157,#176,.F.) ;
#189=EDGE_CURVE('',#157,#155,#188,.T.) ;
#194=EDGE_CURVE('',#171,#164,#193,.T.) ;
#215=EDGE_CURVE('',#212,#214,#210,.T.) ;
#222=EDGE_CURVE('',#221,#212,#219,.F.) ;
#229=EDGE_CURVE('',#221,#228,#226,.T.) ;
#234=EDGE_CURVE('',#228,#214,#233,.F.) ;
#246=EDGE_CURVE('',#214,#212,#245,.T.) ;
#251=EDGE_CURVE('',#228,#221,#250,.T.) ;
#272=EDGE_CURVE('',#269,#271,#267,.T.) ;
#279=EDGE_CURVE('',#278,#269,#276,.F.) ;
#286=EDGE_CURVE('',#278,#285,#283,.T.) ;
#291=EDGE_CURVE('',#285,#271,#290,.F.) ;
#303=EDGE_CURVE('',#271,#269,#302,.T.) ;
#308=EDGE_CURVE('',#285,#278,#307,.T.) ;
#329=EDGE_CURVE('',#326,#328,#324,.T.) ;
#336=EDGE_CURVE('',#335,#326,#333,.F.) ;
#343=EDGE_CURVE('',#335,#342,#340,.T.) ;
#348=EDGE_CURVE('',#342,#328,#347,.F.) ;
#360=EDGE_CURVE('',#328,#326,#359,.T.) ;
#365=EDGE_CURVE('',#342,#335,#364,.T.) ;
#386=EDGE_CURVE('',#383,#385,#381,.T.) ;
#393=EDGE_CURVE('',#392,#383,#390,.F.) ;
#400=EDGE_CURVE('',#392,#399,#397,.T.) ;
#405=EDGE_CURVE('',#399,#385,#404,.F.) ;
#417=EDGE_CURVE('',#385,#383,#416,.T.) ;
#422=EDGE_CURVE('',#399,#392,#421,.T.) ;
#443=EDGE_CURVE('',#440,#442,#438,.T.) ;
#450=EDGE_CURVE('',#449,#440,#447,.F.) ;
#457=EDGE_CURVE('',#449,#456,#454,.T.) ;
#462=EDGE_CURVE('',#456,#442,#461,.F.) ;
#474=EDGE_CURVE('',#442,#440,#473,.T.) ;
#479=EDGE_CURVE('',#456,#449,#478,.T.) ;
#500=EDGE_CURVE('',#497,#499,#495,.T.) ;
#507=EDGE_CURVE('',#506,#499,#504,.T.) ;
#514=EDGE_CURVE('',#513,#506,#511,.T.) ;
#519=EDGE_CURVE('',#513,#497,#518,.T.) ;
#531=EDGE_CURVE('',#499,#497,#530,.T.) ;
#536=EDGE_CURVE('',#506,#513,#535,.T.) ;
#557=EDGE_CURVE('',#554,#556,#552,.T.) ;
#564=EDGE_CURVE('',#563,#554,#561,.T.) ;
#571=EDGE_CURVE('',#570,#563,#568,.T.) ;
#578=EDGE_CURVE('',#577,#570,#575,.T.) ;
#585=EDGE_CURVE('',#584,#577,#582,.T.) ;
#592=EDGE_CURVE('',#591,#584,#589,.T.) ;
#599=EDGE_CURVE('',#598,#591,#596,.T.) ;
#604=EDGE_CURVE('',#556,#598,#603,.T.) ;
#623=EDGE_CURVE('',#620,#622,#618,.T.) ;
#630=EDGE_CURVE('',#622,#629,#627,.T.) ;
#637=EDGE_CURVE('',#629,#636,#634,.T.) ;
#644=EDGE_CURVE('',#636,#643,#641,.T.) ;
#651=EDGE_CURVE('',#643,#650,#648,.T.) ;
#658=EDGE_CURVE('',#650,#657,#655,.T.) ;
#665=EDGE_CURVE('',#657,#664,#662,.T.) ;
#672=EDGE_CURVE('',#664,#671,#669,.T.) ;
#679=EDGE_CURVE('',#671,#678,#676,.T.) ;
#686=EDGE_CURVE('',#678,#685,#683,.T.) ;
#693=EDGE_CURVE('',#685,#692,#690,.T.) ;
#700=EDGE_CURVE('',#692,#699,#697,.T.) ;
#707=EDGE_CURVE('',#699,#706,#704,.T.) ;
#712=EDGE_CURVE('',#706,#620,#711,.T.) ;
#741=EDGE_CURVE('',#738,#740,#736,.T.) ;
#746=EDGE_CURVE('',#740,#738,#745,.T.) ;
#759=EDGE_CURVE('',#756,#758,#754,.T.) ;
#764=EDGE_CURVE('',#758,#756,#763,.T.) ;
#777=EDGE_CURVE('',#774,#776,#772,.T.) ;
#782=EDGE_CURVE('',#776,#774,#781,.T.) ;
#795=EDGE_CURVE('',#792,#794,#790,.T.) ;
#800=EDGE_CURVE('',#794,#792,#799,.T.) ;
#813=EDGE_CURVE('',#810,#812,#808,.T.) ;
#818=EDGE_CURVE('',#812,#810,#817,.T.) ;
#849=EDGE_CURVE('',#848,#598,#846,.T.) ;
#856=EDGE_CURVE('',#855,#848,#853,.T.) ;
#861=EDGE_CURVE('',#855,#556,#860,.T.) ;
#880=EDGE_CURVE('',#879,#591,#877,.F.) ;
#885=EDGE_CURVE('',#848,#879,#884,.T.) ;
#904=EDGE_CURVE('',#903,#584,#901,.T.) ;
#909=EDGE_CURVE('',#879,#903,#908,.T.) ;
#928=EDGE_CURVE('',#927,#577,#925,.F.) ;
#933=EDGE_CURVE('',#903,#927,#932,.T.) ;
#952=EDGE_CURVE('',#951,#570,#949,.T.) ;
#957=EDGE_CURVE('',#927,#951,#956,.T.) ;
#976=EDGE_CURVE('',#975,#563,#973,.F.) ;
#981=EDGE_CURVE('',#951,#975,#980,.T.) ;
#1000=EDGE_CURVE('',#999,#554,#997,.T.) ;
#1005=EDGE_CURVE('',#975,#999,#1004,.T.) ;
#1022=EDGE_CURVE('',#999,#855,#1021,.T.) ;
#1043=EDGE_CURVE('',#1040,#1042,#1038,.T.) ;
#1050=EDGE_CURVE('',#1049,#1042,#1047,.T.) ;
#1055=EDGE_CURVE('',#620,#1049,#1054,.T.) ;
#1060=EDGE_CURVE('',#706,#1040,#1059,.T.) ;
#1073=EDGE_CURVE('',#1042,#1040,#1072,.T.) ;
#1078=EDGE_CURVE('',#1049,#699,#1077,.T.) ;
#1100=EDGE_CURVE('',#1097,#1099,#1095,.T.) ;
#1105=EDGE_CURVE('',#622,#1099,#1104,.T.) ;
#1110=EDGE_CURVE('',#699,#620,#1109,.T.) ;
#1115=EDGE_CURVE('',#692,#1097,#1114,.T.) ;
#1136=EDGE_CURVE('',#1135,#1097,#1133,.T.) ;
#1141=EDGE_CURVE('',#685,#1135,#1140,.F.) ;
#1160=EDGE_CURVE('',#1159,#1135,#1157,.T.) ;
#1165=EDGE_CURVE('',#678,#1159,#1164,.T.) ;
#1184=EDGE_CURVE('',#1183,#1159,#1181,.T.) ;
#1189=EDGE_CURVE('',#671,#1183,#1188,.F.) ;
#1208=EDGE_CURVE('',#1207,#1183,#1205,.T.) ;
#1213=EDGE_CURVE('',#650,#664,#1212,.T.) ;
#1218=EDGE_CURVE('',#643,#1207,#1217,.T.) ;
#1241=EDGE_CURVE('',#1238,#1240,#1236,.T.) ;
#1248=EDGE_CURVE('',#1247,#1240,#1245,.T.) ;
#1253=EDGE_CURVE('',#664,#1247,#1252,.T.) ;
#1258=EDGE_CURVE('',#657,#1238,#1257,.T.) ;
#1271=EDGE_CURVE('',#1240,#1238,#1270,.T.) ;
#1276=EDGE_CURVE('',#1247,#650,#1275,.T.) ;
#1296=EDGE_CURVE('',#1295,#1207,#1293,.T.) ;
#1301=EDGE_CURVE('',#636,#1295,#1300,.F.) ;
#1320=EDGE_CURVE('',#1319,#1295,#1317,.T.) ;
#1325=EDGE_CURVE('',#629,#1319,#1324,.T.) ;
#1342=EDGE_CURVE('',#1099,#1319,#1341,.T.) ;
#1363=EDGE_CURVE('',#1360,#1362,#1358,.T.) ;
#1368=EDGE_CURVE('',#738,#1362,#1367,.T.) ;
#1373=EDGE_CURVE('',#740,#1360,#1372,.T.) ;
#1385=EDGE_CURVE('',#1362,#1360,#1384,.T.) ;
#1406=EDGE_CURVE('',#1403,#1405,#1401,.T.) ;
#1411=EDGE_CURVE('',#756,#1405,#1410,.T.) ;
#1416=EDGE_CURVE('',#758,#1403,#1415,.T.) ;
#1428=EDGE_CURVE('',#1405,#1403,#1427,.T.) ;
#1449=EDGE_CURVE('',#1446,#1448,#1444,.T.) ;
#1454=EDGE_CURVE('',#774,#1448,#1453,.T.) ;
#1459=EDGE_CURVE('',#776,#1446,#1458,.T.) ;
#1471=EDGE_CURVE('',#1448,#1446,#1470,.T.) ;
#1492=EDGE_CURVE('',#1489,#1491,#1487,.T.) ;
#1497=EDGE_CURVE('',#792,#1491,#1496,.T.) ;
#1502=EDGE_CURVE('',#794,#1489,#1501,.T.) ;
#1514=EDGE_CURVE('',#1491,#1489,#1513,.T.) ;
#1535=EDGE_CURVE('',#1532,#1534,#1530,.T.) ;
#1540=EDGE_CURVE('',#810,#1534,#1539,.T.) ;
#1545=EDGE_CURVE('',#812,#1532,#1544,.T.) ;
#1557=EDGE_CURVE('',#1534,#1532,#1556,.T.) ;
#1588=EDGE_CURVE('',#1585,#1587,#1583,.T.) ;
#1595=EDGE_CURVE('',#1594,#1585,#1592,.T.) ;
#1602=EDGE_CURVE('',#1601,#1594,#1599,.T.) ;
#1609=EDGE_CURVE('',#1608,#1601,#1606,.T.) ;
#1616=EDGE_CURVE('',#1615,#1608,#1613,.T.) ;
#1623=EDGE_CURVE('',#1622,#1615,#1620,.T.) ;
#1630=EDGE_CURVE('',#1629,#1622,#1627,.T.) ;
#1635=EDGE_CURVE('',#1587,#1629,#1634,.T.) ;
#1685=EDGE_CURVE('',#1682,#1684,#1680,.T.) ;
#1692=EDGE_CURVE('',#1684,#1691,#1689,.T.) ;
#1699=EDGE_CURVE('',#1691,#1698,#1696,.T.) ;
#1706=EDGE_CURVE('',#1698,#1705,#1703,.T.) ;
#1713=EDGE_CURVE('',#1705,#1712,#1710,.T.) ;
#1720=EDGE_CURVE('',#1712,#1719,#1717,.T.) ;
#1727=EDGE_CURVE('',#1719,#1726,#1724,.T.) ;
#1732=EDGE_CURVE('',#1726,#1682,#1731,.T.) ;
#1815=EDGE_CURVE('',#1585,#1814,#1812,.T.) ;
#1822=EDGE_CURVE('',#1587,#1821,#1819,.T.) ;
#1827=EDGE_CURVE('',#1814,#1821,#1826,.T.) ;
#1846=EDGE_CURVE('',#1594,#1845,#1843,.T.) ;
#1851=EDGE_CURVE('',#1845,#1814,#1850,.T.) ;
#1870=EDGE_CURVE('',#1601,#1869,#1867,.T.) ;
#1875=EDGE_CURVE('',#1869,#1845,#1874,.T.) ;
#1894=EDGE_CURVE('',#1608,#1893,#1891,.T.) ;
#1899=EDGE_CURVE('',#1893,#1869,#1898,.T.) ;
#1918=EDGE_CURVE('',#1615,#1917,#1915,.T.) ;
#1923=EDGE_CURVE('',#1917,#1893,#1922,.T.) ;
#1942=EDGE_CURVE('',#1622,#1941,#1939,.T.) ;
#1947=EDGE_CURVE('',#1941,#1917,#1946,.T.) ;
#1966=EDGE_CURVE('',#1629,#1965,#1963,.T.) ;
#1971=EDGE_CURVE('',#1965,#1941,#1970,.T.) ;
#1988=EDGE_CURVE('',#1821,#1965,#1987,.T.) ;
#2007=EDGE_CURVE('',#2006,#1726,#2004,.F.) ;
#2014=EDGE_CURVE('',#2006,#2013,#2011,.T.) ;
#2019=EDGE_CURVE('',#2013,#1682,#2018,.F.) ;
#2038=EDGE_CURVE('',#2037,#1719,#2035,.T.) ;
#2043=EDGE_CURVE('',#2037,#2006,#2042,.T.) ;
#2062=EDGE_CURVE('',#2061,#1712,#2059,.F.) ;
#2067=EDGE_CURVE('',#2061,#2037,#2066,.T.) ;
#2086=EDGE_CURVE('',#2085,#1705,#2083,.T.) ;
#2091=EDGE_CURVE('',#2085,#2061,#2090,.T.) ;
#2110=EDGE_CURVE('',#2109,#1698,#2107,.F.) ;
#2115=EDGE_CURVE('',#2109,#2085,#2114,.T.) ;
#2134=EDGE_CURVE('',#2133,#1691,#2131,.T.) ;
#2139=EDGE_CURVE('',#2133,#2109,#2138,.T.) ;
#2158=EDGE_CURVE('',#2157,#1684,#2155,.F.) ;
#2163=EDGE_CURVE('',#2157,#2133,#2162,.T.) ;
#2180=EDGE_CURVE('',#2013,#2157,#2179,.T.) ;
#2211=EDGE_CURVE('',#2208,#2210,#2206,.T.) ;
#2218=EDGE_CURVE('',#2217,#2208,#2215,.T.) ;
#2225=EDGE_CURVE('',#2224,#2217,#2222,.T.) ;
#2232=EDGE_CURVE('',#2231,#2224,#2229,.T.) ;
#2239=EDGE_CURVE('',#2238,#2231,#2236,.T.) ;
#2246=EDGE_CURVE('',#2245,#2238,#2243,.T.) ;
#2253=EDGE_CURVE('',#2252,#2245,#2250,.T.) ;
#2258=EDGE_CURVE('',#2210,#2252,#2257,.T.) ;
#2292=EDGE_CURVE('',#2291,#2210,#2289,.T.) ;
#2299=EDGE_CURVE('',#2298,#2291,#2296,.T.) ;
#2304=EDGE_CURVE('',#2298,#2208,#2303,.T.) ;
#2323=EDGE_CURVE('',#2322,#2298,#2320,.T.) ;
#2328=EDGE_CURVE('',#2322,#2217,#2327,.T.) ;
#2347=EDGE_CURVE('',#2346,#2322,#2344,.T.) ;
#2352=EDGE_CURVE('',#2346,#2224,#2351,.T.) ;
#2371=EDGE_CURVE('',#2370,#2346,#2368,.T.) ;
#2376=EDGE_CURVE('',#2370,#2231,#2375,.T.) ;
#2395=EDGE_CURVE('',#2394,#2370,#2392,.T.) ;
#2400=EDGE_CURVE('',#2394,#2238,#2399,.T.) ;
#2419=EDGE_CURVE('',#2418,#2394,#2416,.T.) ;
#2424=EDGE_CURVE('',#2418,#2245,#2423,.T.) ;
#2443=EDGE_CURVE('',#2442,#2418,#2440,.T.) ;
#2448=EDGE_CURVE('',#2442,#2252,#2447,.T.) ;
#2465=EDGE_CURVE('',#2291,#2442,#2464,.T.) ;
#2491=EDGE_CURVE('',#2488,#2490,#2486,.T.) ;
#2498=EDGE_CURVE('',#2497,#2488,#2495,.T.) ;
#2505=EDGE_CURVE('',#2504,#2497,#2502,.T.) ;
#2512=EDGE_CURVE('',#2511,#2504,#2509,.T.) ;
#2519=EDGE_CURVE('',#2518,#2511,#2516,.T.) ;
#2526=EDGE_CURVE('',#2525,#2518,#2523,.T.) ;
#2533=EDGE_CURVE('',#2532,#2525,#2530,.T.) ;
#2538=EDGE_CURVE('',#2490,#2532,#2537,.T.) ;
#2593=EDGE_CURVE('',#2488,#2592,#2590,.T.) ;
#2600=EDGE_CURVE('',#2490,#2599,#2597,.T.) ;
#2605=EDGE_CURVE('',#2592,#2599,#2604,.T.) ;
#2624=EDGE_CURVE('',#2497,#2623,#2621,.F.) ;
#2629=EDGE_CURVE('',#2623,#2592,#2628,.T.) ;
#2648=EDGE_CURVE('',#2504,#2647,#2645,.T.) ;
#2653=EDGE_CURVE('',#2647,#2623,#2652,.T.) ;
#2672=EDGE_CURVE('',#2511,#2671,#2669,.F.) ;
#2677=EDGE_CURVE('',#2671,#2647,#2676,.T.) ;
#2696=EDGE_CURVE('',#2518,#2695,#2693,.T.) ;
#2701=EDGE_CURVE('',#2695,#2671,#2700,.T.) ;
#2720=EDGE_CURVE('',#2525,#2719,#2717,.F.) ;
#2725=EDGE_CURVE('',#2719,#2695,#2724,.T.) ;
#2744=EDGE_CURVE('',#2532,#2743,#2741,.T.) ;
#2749=EDGE_CURVE('',#2743,#2719,#2748,.T.) ;
#2766=EDGE_CURVE('',#2599,#2743,#2765,.T.) ;
#2797=EDGE_CURVE('',#2794,#2796,#2792,.T.) ;
#2804=EDGE_CURVE('',#2803,#2794,#2801,.T.) ;
#2811=EDGE_CURVE('',#2810,#2803,#2808,.T.) ;
#2818=EDGE_CURVE('',#2817,#2810,#2815,.T.) ;
#2825=EDGE_CURVE('',#2824,#2817,#2822,.T.) ;
#2832=EDGE_CURVE('',#2831,#2824,#2829,.T.) ;
#2839=EDGE_CURVE('',#2838,#2831,#2836,.T.) ;
#2844=EDGE_CURVE('',#2796,#2838,#2843,.T.) ;
#2867=EDGE_CURVE('',#2866,#2796,#2864,.F.) ;
#2874=EDGE_CURVE('',#2873,#2866,#2871,.T.) ;
#2879=EDGE_CURVE('',#2873,#2794,#2878,.F.) ;
#2898=EDGE_CURVE('',#2897,#2873,#2895,.T.) ;
#2903=EDGE_CURVE('',#2897,#2803,#2902,.T.) ;
#2922=EDGE_CURVE('',#2921,#2897,#2919,.T.) ;
#2927=EDGE_CURVE('',#2921,#2810,#2926,.F.) ;
#2946=EDGE_CURVE('',#2945,#2921,#2943,.T.) ;
#2951=EDGE_CURVE('',#2945,#2817,#2950,.T.) ;
#2970=EDGE_CURVE('',#2969,#2945,#2967,.T.) ;
#2975=EDGE_CURVE('',#2969,#2824,#2974,.F.) ;
#2994=EDGE_CURVE('',#2993,#2969,#2991,.T.) ;
#2999=EDGE_CURVE('',#2993,#2831,#2998,.T.) ;
#3018=EDGE_CURVE('',#3017,#2993,#3015,.T.) ;
#3023=EDGE_CURVE('',#3017,#2838,#3022,.F.) ;
#3040=EDGE_CURVE('',#2866,#3017,#3039,.T.) ;
#3066=EDGE_CURVE('',#3063,#3065,#3061,.T.) ;
#3073=EDGE_CURVE('',#3072,#3063,#3070,.T.) ;
#3080=EDGE_CURVE('',#3079,#3072,#3077,.T.) ;
#3087=EDGE_CURVE('',#3086,#3079,#3084,.T.) ;
#3094=EDGE_CURVE('',#3093,#3086,#3091,.T.) ;
#3101=EDGE_CURVE('',#3100,#3093,#3098,.T.) ;
#3108=EDGE_CURVE('',#3107,#3100,#3105,.T.) ;
#3113=EDGE_CURVE('',#3065,#3107,#3112,.T.) ;
#3136=EDGE_CURVE('',#3063,#3135,#3133,.T.) ;
#3143=EDGE_CURVE('',#3065,#3142,#3140,.T.) ;
#3148=EDGE_CURVE('',#3135,#3142,#3147,.T.) ;
#3167=EDGE_CURVE('',#3072,#3166,#3164,.T.) ;
#3172=EDGE_CURVE('',#3166,#3135,#3171,.T.) ;
#3191=EDGE_CURVE('',#3079,#3190,#3188,.T.) ;
#3196=EDGE_CURVE('',#3190,#3166,#3195,.T.) ;
#3215=EDGE_CURVE('',#3086,#3214,#3212,.T.) ;
#3220=EDGE_CURVE('',#3214,#3190,#3219,.T.) ;
#3239=EDGE_CURVE('',#3093,#3238,#3236,.T.) ;
#3244=EDGE_CURVE('',#3238,#3214,#3243,.T.) ;
#3263=EDGE_CURVE('',#3100,#3262,#3260,.T.) ;
#3268=EDGE_CURVE('',#3262,#3238,#3267,.T.) ;
#3287=EDGE_CURVE('',#3107,#3286,#3284,.T.) ;
#3292=EDGE_CURVE('',#3286,#3262,#3291,.T.) ;
#3309=EDGE_CURVE('',#3142,#3286,#3308,.T.) ;
#3340=EDGE_CURVE('',#3337,#3339,#3335,.T.) ;
#3347=EDGE_CURVE('',#3346,#3337,#3344,.T.) ;
#3354=EDGE_CURVE('',#3353,#3346,#3351,.T.) ;
#3361=EDGE_CURVE('',#3360,#3353,#3358,.T.) ;
#3368=EDGE_CURVE('',#3367,#3360,#3365,.T.) ;
#3375=EDGE_CURVE('',#3374,#3367,#3372,.T.) ;
#3382=EDGE_CURVE('',#3381,#3374,#3379,.T.) ;
#3387=EDGE_CURVE('',#3339,#3381,#3386,.T.) ;
#3410=EDGE_CURVE('',#3409,#3339,#3407,.T.) ;
#3417=EDGE_CURVE('',#3416,#3409,#3414,.T.) ;
#3422=EDGE_CURVE('',#3416,#3337,#3421,.T.) ;
#3441=EDGE_CURVE('',#3440,#3416,#3438,.T.) ;
#3446=EDGE_CURVE('',#3440,#3346,#3445,.T.) ;
#3465=EDGE_CURVE('',#3464,#3440,#3462,.T.) ;
#3470=EDGE_CURVE('',#3464,#3353,#3469,.T.) ;
#3489=EDGE_CURVE('',#3488,#3464,#3486,.T.) ;
#3494=EDGE_CURVE('',#3488,#3360,#3493,.T.) ;
#3513=EDGE_CURVE('',#3512,#3488,#3510,.T.) ;
#3518=EDGE_CURVE('',#3512,#3367,#3517,.T.) ;
#3537=EDGE_CURVE('',#3536,#3512,#3534,.T.) ;
#3542=EDGE_CURVE('',#3536,#3374,#3541,.T.) ;
#3561=EDGE_CURVE('',#3560,#3536,#3558,.T.) ;
#3566=EDGE_CURVE('',#3560,#3381,#3565,.T.) ;
#3583=EDGE_CURVE('',#3409,#3560,#3582,.T.) ;
#30=CLOSED_SHELL('Closed Shell',(#70,#87,#127,#144,#184,#201,#241,#258,#298,#315,#355,#372,#412,#429,#469,#486,#526,#543,#823,#837,#868,#892,#916,#940,#964,#988,#1012,#1029,#1068,#1086,#1124,#1148,#1172,#1196,#1227,#1266,#1284,#1308,#1332,#1349,#1380,#1392,#1423,#1435,#1466,#1478,#1509,#1521,#1552,#1564,#1646,#1652,#1661,#1743,#1749,#1758,#1767,#1776,#1785,#1794,#1803,#1834,#1858,#1882,#1906,#1930,#1954,#1978,#1995,#2026,#2050,#2074,#2098,#2122,#2146,#2170,#2187,#2269,#2280,#2311,#2335,#2359,#2383,#2407,#2431,#2455,#2472,#2581,#2612,#2636,#2660,#2684,#2708,#2732,#2756,#2773,#2855,#2886,#2910,#2934,#2958,#2982,#3006,#3030,#3047,#3124,#3155,#3179,#3203,#3227,#3251,#3275,#3299,#3316,#3398,#3429,#3453,#3477,#3501,#3525,#3549,#3573,#3590,#3601)) ;
#65=ORIENTED_EDGE('',*,*,#44,.F.) ;
#66=ORIENTED_EDGE('',*,*,#51,.F.) ;
#67=ORIENTED_EDGE('',*,*,#58,.T.) ;
#68=ORIENTED_EDGE('',*,*,#63,.T.) ;
#82=ORIENTED_EDGE('',*,*,#75,.F.) ;
#83=ORIENTED_EDGE('',*,*,#63,.F.) ;
#84=ORIENTED_EDGE('',*,*,#80,.T.) ;
#85=ORIENTED_EDGE('',*,*,#51,.T.) ;
#122=ORIENTED_EDGE('',*,*,#101,.F.) ;
#123=ORIENTED_EDGE('',*,*,#108,.F.) ;
#124=ORIENTED_EDGE('',*,*,#115,.T.) ;
#125=ORIENTED_EDGE('',*,*,#120,.T.) ;
#139=ORIENTED_EDGE('',*,*,#132,.F.) ;
#140=ORIENTED_EDGE('',*,*,#120,.F.) ;
#141=ORIENTED_EDGE('',*,*,#137,.T.) ;
#142=ORIENTED_EDGE('',*,*,#108,.T.) ;
#179=ORIENTED_EDGE('',*,*,#158,.F.) ;
#180=ORIENTED_EDGE('',*,*,#165,.F.) ;
#181=ORIENTED_EDGE('',*,*,#172,.T.) ;
#182=ORIENTED_EDGE('',*,*,#177,.T.) ;
#196=ORIENTED_EDGE('',*,*,#189,.F.) ;
#197=ORIENTED_EDGE('',*,*,#177,.F.) ;
#198=ORIENTED_EDGE('',*,*,#194,.T.) ;
#199=ORIENTED_EDGE('',*,*,#165,.T.) ;
#236=ORIENTED_EDGE('',*,*,#215,.F.) ;
#237=ORIENTED_EDGE('',*,*,#222,.F.) ;
#238=ORIENTED_EDGE('',*,*,#229,.T.) ;
#239=ORIENTED_EDGE('',*,*,#234,.T.) ;
#253=ORIENTED_EDGE('',*,*,#246,.F.) ;
#254=ORIENTED_EDGE('',*,*,#234,.F.) ;
#255=ORIENTED_EDGE('',*,*,#251,.T.) ;
#256=ORIENTED_EDGE('',*,*,#222,.T.) ;
#293=ORIENTED_EDGE('',*,*,#272,.F.) ;
#294=ORIENTED_EDGE('',*,*,#279,.F.) ;
#295=ORIENTED_EDGE('',*,*,#286,.T.) ;
#296=ORIENTED_EDGE('',*,*,#291,.T.) ;
#310=ORIENTED_EDGE('',*,*,#303,.F.) ;
#311=ORIENTED_EDGE('',*,*,#291,.F.) ;
#312=ORIENTED_EDGE('',*,*,#308,.T.) ;
#313=ORIENTED_EDGE('',*,*,#279,.T.) ;
#350=ORIENTED_EDGE('',*,*,#329,.F.) ;
#351=ORIENTED_EDGE('',*,*,#336,.F.) ;
#352=ORIENTED_EDGE('',*,*,#343,.T.) ;
#353=ORIENTED_EDGE('',*,*,#348,.T.) ;
#367=ORIENTED_EDGE('',*,*,#360,.F.) ;
#368=ORIENTED_EDGE('',*,*,#348,.F.) ;
#369=ORIENTED_EDGE('',*,*,#365,.T.) ;
#370=ORIENTED_EDGE('',*,*,#336,.T.) ;
#407=ORIENTED_EDGE('',*,*,#386,.F.) ;
#408=ORIENTED_EDGE('',*,*,#393,.F.) ;
#409=ORIENTED_EDGE('',*,*,#400,.T.) ;
#410=ORIENTED_EDGE('',*,*,#405,.T.) ;
#424=ORIENTED_EDGE('',*,*,#417,.F.) ;
#425=ORIENTED_EDGE('',*,*,#405,.F.) ;
#426=ORIENTED_EDGE('',*,*,#422,.T.) ;
#427=ORIENTED_EDGE('',*,*,#393,.T.) ;
#464=ORIENTED_EDGE('',*,*,#443,.F.) ;
#465=ORIENTED_EDGE('',*,*,#450,.F.) ;
#466=ORIENTED_EDGE('',*,*,#457,.T.) ;
#467=ORIENTED_EDGE('',*,*,#462,.T.) ;
#481=ORIENTED_EDGE('',*,*,#474,.F.) ;
#482=ORIENTED_EDGE('',*,*,#462,.F.) ;
#483=ORIENTED_EDGE('',*,*,#479,.T.) ;
#484=ORIENTED_EDGE('',*,*,#450,.T.) ;
#521=ORIENTED_EDGE('',*,*,#500,.T.) ;
#522=ORIENTED_EDGE('',*,*,#507,.F.) ;
#523=ORIENTED_EDGE('',*,*,#514,.F.) ;
#524=ORIENTED_EDGE('',*,*,#519,.T.) ;
#538=ORIENTED_EDGE('',*,*,#531,.T.) ;
#539=ORIENTED_EDGE('',*,*,#519,.F.) ;
#540=ORIENTED_EDGE('',*,*,#536,.F.) ;
#541=ORIENTED_EDGE('',*,*,#507,.T.) ;
#606=ORIENTED_EDGE('',*,*,#557,.F.) ;
#607=ORIENTED_EDGE('',*,*,#564,.F.) ;
#608=ORIENTED_EDGE('',*,*,#571,.F.) ;
#609=ORIENTED_EDGE('',*,*,#578,.F.) ;
#610=ORIENTED_EDGE('',*,*,#585,.F.) ;
#611=ORIENTED_EDGE('',*,*,#592,.F.) ;
#612=ORIENTED_EDGE('',*,*,#599,.F.) ;
#613=ORIENTED_EDGE('',*,*,#604,.F.) ;
#714=ORIENTED_EDGE('',*,*,#623,.T.) ;
#715=ORIENTED_EDGE('',*,*,#630,.T.) ;
#716=ORIENTED_EDGE('',*,*,#637,.T.) ;
#717=ORIENTED_EDGE('',*,*,#644,.T.) ;
#718=ORIENTED_EDGE('',*,*,#651,.T.) ;
#719=ORIENTED_EDGE('',*,*,#658,.T.) ;
#720=ORIENTED_EDGE('',*,*,#665,.T.) ;
#721=ORIENTED_EDGE('',*,*,#672,.T.) ;
#722=ORIENTED_EDGE('',*,*,#679,.T.) ;
#723=ORIENTED_EDGE('',*,*,#686,.T.) ;
#724=ORIENTED_EDGE('',*,*,#693,.T.) ;
#725=ORIENTED_EDGE('',*,*,#700,.T.) ;
#726=ORIENTED_EDGE('',*,*,#707,.T.) ;
#727=ORIENTED_EDGE('',*,*,#712,.T.) ;
#730=ORIENTED_EDGE('',*,*,#536,.T.) ;
#731=ORIENTED_EDGE('',*,*,#514,.T.) ;
#748=ORIENTED_EDGE('',*,*,#741,.T.) ;
#749=ORIENTED_EDGE('',*,*,#746,.T.) ;
#766=ORIENTED_EDGE('',*,*,#759,.T.) ;
#767=ORIENTED_EDGE('',*,*,#764,.T.) ;
#784=ORIENTED_EDGE('',*,*,#777,.T.) ;
#785=ORIENTED_EDGE('',*,*,#782,.T.) ;
#802=ORIENTED_EDGE('',*,*,#795,.T.) ;
#803=ORIENTED_EDGE('',*,*,#800,.T.) ;
#820=ORIENTED_EDGE('',*,*,#813,.T.) ;
#821=ORIENTED_EDGE('',*,*,#818,.T.) ;
#830=ORIENTED_EDGE('',*,*,#531,.F.) ;
#831=ORIENTED_EDGE('',*,*,#500,.F.) ;
#834=ORIENTED_EDGE('',*,*,#44,.T.) ;
#835=ORIENTED_EDGE('',*,*,#75,.T.) ;
#863=ORIENTED_EDGE('',*,*,#604,.T.) ;
#864=ORIENTED_EDGE('',*,*,#849,.F.) ;
#865=ORIENTED_EDGE('',*,*,#856,.F.) ;
#866=ORIENTED_EDGE('',*,*,#861,.T.) ;
#887=ORIENTED_EDGE('',*,*,#599,.T.) ;
#888=ORIENTED_EDGE('',*,*,#880,.F.) ;
#889=ORIENTED_EDGE('',*,*,#885,.F.) ;
#890=ORIENTED_EDGE('',*,*,#849,.T.) ;
#911=ORIENTED_EDGE('',*,*,#592,.T.) ;
#912=ORIENTED_EDGE('',*,*,#904,.F.) ;
#913=ORIENTED_EDGE('',*,*,#909,.F.) ;
#914=ORIENTED_EDGE('',*,*,#880,.T.) ;
#935=ORIENTED_EDGE('',*,*,#585,.T.) ;
#936=ORIENTED_EDGE('',*,*,#928,.F.) ;
#937=ORIENTED_EDGE('',*,*,#933,.F.) ;
#938=ORIENTED_EDGE('',*,*,#904,.T.) ;
#959=ORIENTED_EDGE('',*,*,#578,.T.) ;
#960=ORIENTED_EDGE('',*,*,#952,.F.) ;
#961=ORIENTED_EDGE('',*,*,#957,.F.) ;
#962=ORIENTED_EDGE('',*,*,#928,.T.) ;
#983=ORIENTED_EDGE('',*,*,#571,.T.) ;
#984=ORIENTED_EDGE('',*,*,#976,.F.) ;
#985=ORIENTED_EDGE('',*,*,#981,.F.) ;
#986=ORIENTED_EDGE('',*,*,#952,.T.) ;
#1007=ORIENTED_EDGE('',*,*,#564,.T.) ;
#1008=ORIENTED_EDGE('',*,*,#1000,.F.) ;
#1009=ORIENTED_EDGE('',*,*,#1005,.F.) ;
#1010=ORIENTED_EDGE('',*,*,#976,.T.) ;
#1024=ORIENTED_EDGE('',*,*,#557,.T.) ;
#1025=ORIENTED_EDGE('',*,*,#861,.F.) ;
#1026=ORIENTED_EDGE('',*,*,#1022,.F.) ;
#1027=ORIENTED_EDGE('',*,*,#1000,.T.) ;
#1062=ORIENTED_EDGE('',*,*,#1043,.T.) ;
#1063=ORIENTED_EDGE('',*,*,#1050,.F.) ;
#1064=ORIENTED_EDGE('',*,*,#1055,.F.) ;
#1065=ORIENTED_EDGE('',*,*,#712,.F.) ;
#1066=ORIENTED_EDGE('',*,*,#1060,.T.) ;
#1080=ORIENTED_EDGE('',*,*,#1073,.T.) ;
#1081=ORIENTED_EDGE('',*,*,#1060,.F.) ;
#1082=ORIENTED_EDGE('',*,*,#707,.F.) ;
#1083=ORIENTED_EDGE('',*,*,#1078,.F.) ;
#1084=ORIENTED_EDGE('',*,*,#1050,.T.) ;
#1117=ORIENTED_EDGE('',*,*,#1100,.T.) ;
#1118=ORIENTED_EDGE('',*,*,#1105,.F.) ;
#1119=ORIENTED_EDGE('',*,*,#623,.F.) ;
#1120=ORIENTED_EDGE('',*,*,#1110,.F.) ;
#1121=ORIENTED_EDGE('',*,*,#700,.F.) ;
#1122=ORIENTED_EDGE('',*,*,#1115,.T.) ;
#1143=ORIENTED_EDGE('',*,*,#1136,.T.) ;
#1144=ORIENTED_EDGE('',*,*,#1115,.F.) ;
#1145=ORIENTED_EDGE('',*,*,#693,.F.) ;
#1146=ORIENTED_EDGE('',*,*,#1141,.T.) ;
#1167=ORIENTED_EDGE('',*,*,#1160,.T.) ;
#1168=ORIENTED_EDGE('',*,*,#1141,.F.) ;
#1169=ORIENTED_EDGE('',*,*,#686,.F.) ;
#1170=ORIENTED_EDGE('',*,*,#1165,.T.) ;
#1191=ORIENTED_EDGE('',*,*,#1184,.T.) ;
#1192=ORIENTED_EDGE('',*,*,#1165,.F.) ;
#1193=ORIENTED_EDGE('',*,*,#679,.F.) ;
#1194=ORIENTED_EDGE('',*,*,#1189,.T.) ;
#1220=ORIENTED_EDGE('',*,*,#1208,.T.) ;
#1221=ORIENTED_EDGE('',*,*,#1189,.F.) ;
#1222=ORIENTED_EDGE('',*,*,#672,.F.) ;
#1223=ORIENTED_EDGE('',*,*,#1213,.F.) ;
#1224=ORIENTED_EDGE('',*,*,#651,.F.) ;
#1225=ORIENTED_EDGE('',*,*,#1218,.T.) ;
#1260=ORIENTED_EDGE('',*,*,#1241,.T.) ;
#1261=ORIENTED_EDGE('',*,*,#1248,.F.) ;
#1262=ORIENTED_EDGE('',*,*,#1253,.F.) ;
#1263=ORIENTED_EDGE('',*,*,#665,.F.) ;
#1264=ORIENTED_EDGE('',*,*,#1258,.T.) ;
#1278=ORIENTED_EDGE('',*,*,#1271,.T.) ;
#1279=ORIENTED_EDGE('',*,*,#1258,.F.) ;
#1280=ORIENTED_EDGE('',*,*,#658,.F.) ;
#1281=ORIENTED_EDGE('',*,*,#1276,.F.) ;
#1282=ORIENTED_EDGE('',*,*,#1248,.T.) ;
#1303=ORIENTED_EDGE('',*,*,#1296,.T.) ;
#1304=ORIENTED_EDGE('',*,*,#1218,.F.) ;
#1305=ORIENTED_EDGE('',*,*,#644,.F.) ;
#1306=ORIENTED_EDGE('',*,*,#1301,.T.) ;
#1327=ORIENTED_EDGE('',*,*,#1320,.T.) ;
#1328=ORIENTED_EDGE('',*,*,#1301,.F.) ;
#1329=ORIENTED_EDGE('',*,*,#637,.F.) ;
#1330=ORIENTED_EDGE('',*,*,#1325,.T.) ;
#1344=ORIENTED_EDGE('',*,*,#1342,.T.) ;
#1345=ORIENTED_EDGE('',*,*,#1325,.F.) ;
#1346=ORIENTED_EDGE('',*,*,#630,.F.) ;
#1347=ORIENTED_EDGE('',*,*,#1105,.T.) ;
#1375=ORIENTED_EDGE('',*,*,#1363,.T.) ;
#1376=ORIENTED_EDGE('',*,*,#1368,.F.) ;
#1377=ORIENTED_EDGE('',*,*,#746,.F.) ;
#1378=ORIENTED_EDGE('',*,*,#1373,.T.) ;
#1387=ORIENTED_EDGE('',*,*,#1385,.T.) ;
#1388=ORIENTED_EDGE('',*,*,#1373,.F.) ;
#1389=ORIENTED_EDGE('',*,*,#741,.F.) ;
#1390=ORIENTED_EDGE('',*,*,#1368,.T.) ;
#1418=ORIENTED_EDGE('',*,*,#1406,.T.) ;
#1419=ORIENTED_EDGE('',*,*,#1411,.F.) ;
#1420=ORIENTED_EDGE('',*,*,#764,.F.) ;
#1421=ORIENTED_EDGE('',*,*,#1416,.T.) ;
#1430=ORIENTED_EDGE('',*,*,#1428,.T.) ;
#1431=ORIENTED_EDGE('',*,*,#1416,.F.) ;
#1432=ORIENTED_EDGE('',*,*,#759,.F.) ;
#1433=ORIENTED_EDGE('',*,*,#1411,.T.) ;
#1461=ORIENTED_EDGE('',*,*,#1449,.T.) ;
#1462=ORIENTED_EDGE('',*,*,#1454,.F.) ;
#1463=ORIENTED_EDGE('',*,*,#782,.F.) ;
#1464=ORIENTED_EDGE('',*,*,#1459,.T.) ;
#1473=ORIENTED_EDGE('',*,*,#1471,.T.) ;
#1474=ORIENTED_EDGE('',*,*,#1459,.F.) ;
#1475=ORIENTED_EDGE('',*,*,#777,.F.) ;
#1476=ORIENTED_EDGE('',*,*,#1454,.T.) ;
#1504=ORIENTED_EDGE('',*,*,#1492,.T.) ;
#1505=ORIENTED_EDGE('',*,*,#1497,.F.) ;
#1506=ORIENTED_EDGE('',*,*,#800,.F.) ;
#1507=ORIENTED_EDGE('',*,*,#1502,.T.) ;
#1516=ORIENTED_EDGE('',*,*,#1514,.T.) ;
#1517=ORIENTED_EDGE('',*,*,#1502,.F.) ;
#1518=ORIENTED_EDGE('',*,*,#795,.F.) ;
#1519=ORIENTED_EDGE('',*,*,#1497,.T.) ;
#1547=ORIENTED_EDGE('',*,*,#1535,.T.) ;
#1548=ORIENTED_EDGE('',*,*,#1540,.F.) ;
#1549=ORIENTED_EDGE('',*,*,#818,.F.) ;
#1550=ORIENTED_EDGE('',*,*,#1545,.T.) ;
#1559=ORIENTED_EDGE('',*,*,#1557,.T.) ;
#1560=ORIENTED_EDGE('',*,*,#1545,.F.) ;
#1561=ORIENTED_EDGE('',*,*,#813,.F.) ;
#1562=ORIENTED_EDGE('',*,*,#1540,.T.) ;
#1571=ORIENTED_EDGE('',*,*,#856,.T.) ;
#1572=ORIENTED_EDGE('',*,*,#885,.T.) ;
#1573=ORIENTED_EDGE('',*,*,#909,.T.) ;
#1574=ORIENTED_EDGE('',*,*,#933,.T.) ;
#1575=ORIENTED_EDGE('',*,*,#957,.T.) ;
#1576=ORIENTED_EDGE('',*,*,#981,.T.) ;
#1577=ORIENTED_EDGE('',*,*,#1005,.T.) ;
#1578=ORIENTED_EDGE('',*,*,#1022,.T.) ;
#1637=ORIENTED_EDGE('',*,*,#1588,.F.) ;
#1638=ORIENTED_EDGE('',*,*,#1595,.F.) ;
#1639=ORIENTED_EDGE('',*,*,#1602,.F.) ;
#1640=ORIENTED_EDGE('',*,*,#1609,.F.) ;
#1641=ORIENTED_EDGE('',*,*,#1616,.F.) ;
#1642=ORIENTED_EDGE('',*,*,#1623,.F.) ;
#1643=ORIENTED_EDGE('',*,*,#1630,.F.) ;
#1644=ORIENTED_EDGE('',*,*,#1635,.F.) ;
#1648=ORIENTED_EDGE('',*,*,#1055,.T.) ;
#1649=ORIENTED_EDGE('',*,*,#1078,.T.) ;
#1650=ORIENTED_EDGE('',*,*,#1110,.T.) ;
#1654=ORIENTED_EDGE('',*,*,#1073,.F.) ;
#1655=ORIENTED_EDGE('',*,*,#1043,.F.) ;
#1658=ORIENTED_EDGE('',*,*,#386,.T.) ;
#1659=ORIENTED_EDGE('',*,*,#417,.T.) ;
#1668=ORIENTED_EDGE('',*,*,#1184,.F.) ;
#1669=ORIENTED_EDGE('',*,*,#1208,.F.) ;
#1670=ORIENTED_EDGE('',*,*,#1296,.F.) ;
#1671=ORIENTED_EDGE('',*,*,#1320,.F.) ;
#1672=ORIENTED_EDGE('',*,*,#1342,.F.) ;
#1673=ORIENTED_EDGE('',*,*,#1100,.F.) ;
#1674=ORIENTED_EDGE('',*,*,#1136,.F.) ;
#1675=ORIENTED_EDGE('',*,*,#1160,.F.) ;
#1734=ORIENTED_EDGE('',*,*,#1685,.T.) ;
#1735=ORIENTED_EDGE('',*,*,#1692,.T.) ;
#1736=ORIENTED_EDGE('',*,*,#1699,.T.) ;
#1737=ORIENTED_EDGE('',*,*,#1706,.T.) ;
#1738=ORIENTED_EDGE('',*,*,#1713,.T.) ;
#1739=ORIENTED_EDGE('',*,*,#1720,.T.) ;
#1740=ORIENTED_EDGE('',*,*,#1727,.T.) ;
#1741=ORIENTED_EDGE('',*,*,#1732,.T.) ;
#1745=ORIENTED_EDGE('',*,*,#1253,.T.) ;
#1746=ORIENTED_EDGE('',*,*,#1276,.T.) ;
#1747=ORIENTED_EDGE('',*,*,#1213,.T.) ;
#1751=ORIENTED_EDGE('',*,*,#1241,.F.) ;
#1752=ORIENTED_EDGE('',*,*,#1271,.F.) ;
#1755=ORIENTED_EDGE('',*,*,#443,.T.) ;
#1756=ORIENTED_EDGE('',*,*,#474,.T.) ;
#1760=ORIENTED_EDGE('',*,*,#1385,.F.) ;
#1761=ORIENTED_EDGE('',*,*,#1363,.F.) ;
#1764=ORIENTED_EDGE('',*,*,#101,.T.) ;
#1765=ORIENTED_EDGE('',*,*,#132,.T.) ;
#1769=ORIENTED_EDGE('',*,*,#1428,.F.) ;
#1770=ORIENTED_EDGE('',*,*,#1406,.F.) ;
#1773=ORIENTED_EDGE('',*,*,#158,.T.) ;
#1774=ORIENTED_EDGE('',*,*,#189,.T.) ;
#1778=ORIENTED_EDGE('',*,*,#1471,.F.) ;
#1779=ORIENTED_EDGE('',*,*,#1449,.F.) ;
#1782=ORIENTED_EDGE('',*,*,#215,.T.) ;
#1783=ORIENTED_EDGE('',*,*,#246,.T.) ;
#1787=ORIENTED_EDGE('',*,*,#1514,.F.) ;
#1788=ORIENTED_EDGE('',*,*,#1492,.F.) ;
#1791=ORIENTED_EDGE('',*,*,#272,.T.) ;
#1792=ORIENTED_EDGE('',*,*,#303,.T.) ;
#1796=ORIENTED_EDGE('',*,*,#1557,.F.) ;
#1797=ORIENTED_EDGE('',*,*,#1535,.F.) ;
#1800=ORIENTED_EDGE('',*,*,#329,.T.) ;
#1801=ORIENTED_EDGE('',*,*,#360,.T.) ;
#1829=ORIENTED_EDGE('',*,*,#1815,.F.) ;
#1830=ORIENTED_EDGE('',*,*,#1588,.T.) ;
#1831=ORIENTED_EDGE('',*,*,#1822,.T.) ;
#1832=ORIENTED_EDGE('',*,*,#1827,.F.) ;
#1853=ORIENTED_EDGE('',*,*,#1846,.F.) ;
#1854=ORIENTED_EDGE('',*,*,#1595,.T.) ;
#1855=ORIENTED_EDGE('',*,*,#1815,.T.) ;
#1856=ORIENTED_EDGE('',*,*,#1851,.F.) ;
#1877=ORIENTED_EDGE('',*,*,#1870,.F.) ;
#1878=ORIENTED_EDGE('',*,*,#1602,.T.) ;
#1879=ORIENTED_EDGE('',*,*,#1846,.T.) ;
#1880=ORIENTED_EDGE('',*,*,#1875,.F.) ;
#1901=ORIENTED_EDGE('',*,*,#1894,.F.) ;
#1902=ORIENTED_EDGE('',*,*,#1609,.T.) ;
#1903=ORIENTED_EDGE('',*,*,#1870,.T.) ;
#1904=ORIENTED_EDGE('',*,*,#1899,.F.) ;
#1925=ORIENTED_EDGE('',*,*,#1918,.F.) ;
#1926=ORIENTED_EDGE('',*,*,#1616,.T.) ;
#1927=ORIENTED_EDGE('',*,*,#1894,.T.) ;
#1928=ORIENTED_EDGE('',*,*,#1923,.F.) ;
#1949=ORIENTED_EDGE('',*,*,#1942,.F.) ;
#1950=ORIENTED_EDGE('',*,*,#1623,.T.) ;
#1951=ORIENTED_EDGE('',*,*,#1918,.T.) ;
#1952=ORIENTED_EDGE('',*,*,#1947,.F.) ;
#1973=ORIENTED_EDGE('',*,*,#1966,.F.) ;
#1974=ORIENTED_EDGE('',*,*,#1630,.T.) ;
#1975=ORIENTED_EDGE('',*,*,#1942,.T.) ;
#1976=ORIENTED_EDGE('',*,*,#1971,.F.) ;
#1990=ORIENTED_EDGE('',*,*,#1822,.F.) ;
#1991=ORIENTED_EDGE('',*,*,#1635,.T.) ;
#1992=ORIENTED_EDGE('',*,*,#1966,.T.) ;
#1993=ORIENTED_EDGE('',*,*,#1988,.F.) ;
#2021=ORIENTED_EDGE('',*,*,#2007,.F.) ;
#2022=ORIENTED_EDGE('',*,*,#2014,.T.) ;
#2023=ORIENTED_EDGE('',*,*,#2019,.T.) ;
#2024=ORIENTED_EDGE('',*,*,#1732,.F.) ;
#2045=ORIENTED_EDGE('',*,*,#2038,.F.) ;
#2046=ORIENTED_EDGE('',*,*,#2043,.T.) ;
#2047=ORIENTED_EDGE('',*,*,#2007,.T.) ;
#2048=ORIENTED_EDGE('',*,*,#1727,.F.) ;
#2069=ORIENTED_EDGE('',*,*,#2062,.F.) ;
#2070=ORIENTED_EDGE('',*,*,#2067,.T.) ;
#2071=ORIENTED_EDGE('',*,*,#2038,.T.) ;
#2072=ORIENTED_EDGE('',*,*,#1720,.F.) ;
#2093=ORIENTED_EDGE('',*,*,#2086,.F.) ;
#2094=ORIENTED_EDGE('',*,*,#2091,.T.) ;
#2095=ORIENTED_EDGE('',*,*,#2062,.T.) ;
#2096=ORIENTED_EDGE('',*,*,#1713,.F.) ;
#2117=ORIENTED_EDGE('',*,*,#2110,.F.) ;
#2118=ORIENTED_EDGE('',*,*,#2115,.T.) ;
#2119=ORIENTED_EDGE('',*,*,#2086,.T.) ;
#2120=ORIENTED_EDGE('',*,*,#1706,.F.) ;
#2141=ORIENTED_EDGE('',*,*,#2134,.F.) ;
#2142=ORIENTED_EDGE('',*,*,#2139,.T.) ;
#2143=ORIENTED_EDGE('',*,*,#2110,.T.) ;
#2144=ORIENTED_EDGE('',*,*,#1699,.F.) ;
#2165=ORIENTED_EDGE('',*,*,#2158,.F.) ;
#2166=ORIENTED_EDGE('',*,*,#2163,.T.) ;
#2167=ORIENTED_EDGE('',*,*,#2134,.T.) ;
#2168=ORIENTED_EDGE('',*,*,#1692,.F.) ;
#2182=ORIENTED_EDGE('',*,*,#2019,.F.) ;
#2183=ORIENTED_EDGE('',*,*,#2180,.T.) ;
#2184=ORIENTED_EDGE('',*,*,#2158,.T.) ;
#2185=ORIENTED_EDGE('',*,*,#1685,.F.) ;
#2194=ORIENTED_EDGE('',*,*,#1971,.T.) ;
#2195=ORIENTED_EDGE('',*,*,#1947,.T.) ;
#2196=ORIENTED_EDGE('',*,*,#1923,.T.) ;
#2197=ORIENTED_EDGE('',*,*,#1899,.T.) ;
#2198=ORIENTED_EDGE('',*,*,#1875,.T.) ;
#2199=ORIENTED_EDGE('',*,*,#1851,.T.) ;
#2200=ORIENTED_EDGE('',*,*,#1827,.T.) ;
#2201=ORIENTED_EDGE('',*,*,#1988,.T.) ;
#2260=ORIENTED_EDGE('',*,*,#2211,.F.) ;
#2261=ORIENTED_EDGE('',*,*,#2218,.F.) ;
#2262=ORIENTED_EDGE('',*,*,#2225,.F.) ;
#2263=ORIENTED_EDGE('',*,*,#2232,.F.) ;
#2264=ORIENTED_EDGE('',*,*,#2239,.F.) ;
#2265=ORIENTED_EDGE('',*,*,#2246,.F.) ;
#2266=ORIENTED_EDGE('',*,*,#2253,.F.) ;
#2267=ORIENTED_EDGE('',*,*,#2258,.F.) ;
#2271=ORIENTED_EDGE('',*,*,#2180,.F.) ;
#2272=ORIENTED_EDGE('',*,*,#2014,.F.) ;
#2273=ORIENTED_EDGE('',*,*,#2043,.F.) ;
#2274=ORIENTED_EDGE('',*,*,#2067,.F.) ;
#2275=ORIENTED_EDGE('',*,*,#2091,.F.) ;
#2276=ORIENTED_EDGE('',*,*,#2115,.F.) ;
#2277=ORIENTED_EDGE('',*,*,#2139,.F.) ;
#2278=ORIENTED_EDGE('',*,*,#2163,.F.) ;
#2306=ORIENTED_EDGE('',*,*,#2211,.T.) ;
#2307=ORIENTED_EDGE('',*,*,#2292,.F.) ;
#2308=ORIENTED_EDGE('',*,*,#2299,.F.) ;
#2309=ORIENTED_EDGE('',*,*,#2304,.T.) ;
#2330=ORIENTED_EDGE('',*,*,#2218,.T.) ;
#2331=ORIENTED_EDGE('',*,*,#2304,.F.) ;
#2332=ORIENTED_EDGE('',*,*,#2323,.F.) ;
#2333=ORIENTED_EDGE('',*,*,#2328,.T.) ;
#2354=ORIENTED_EDGE('',*,*,#2225,.T.) ;
#2355=ORIENTED_EDGE('',*,*,#2328,.F.) ;
#2356=ORIENTED_EDGE('',*,*,#2347,.F.) ;
#2357=ORIENTED_EDGE('',*,*,#2352,.T.) ;
#2378=ORIENTED_EDGE('',*,*,#2232,.T.) ;
#2379=ORIENTED_EDGE('',*,*,#2352,.F.) ;
#2380=ORIENTED_EDGE('',*,*,#2371,.F.) ;
#2381=ORIENTED_EDGE('',*,*,#2376,.T.) ;
#2402=ORIENTED_EDGE('',*,*,#2239,.T.) ;
#2403=ORIENTED_EDGE('',*,*,#2376,.F.) ;
#2404=ORIENTED_EDGE('',*,*,#2395,.F.) ;
#2405=ORIENTED_EDGE('',*,*,#2400,.T.) ;
#2426=ORIENTED_EDGE('',*,*,#2246,.T.) ;
#2427=ORIENTED_EDGE('',*,*,#2400,.F.) ;
#2428=ORIENTED_EDGE('',*,*,#2419,.F.) ;
#2429=ORIENTED_EDGE('',*,*,#2424,.T.) ;
#2450=ORIENTED_EDGE('',*,*,#2253,.T.) ;
#2451=ORIENTED_EDGE('',*,*,#2424,.F.) ;
#2452=ORIENTED_EDGE('',*,*,#2443,.F.) ;
#2453=ORIENTED_EDGE('',*,*,#2448,.T.) ;
#2467=ORIENTED_EDGE('',*,*,#2258,.T.) ;
#2468=ORIENTED_EDGE('',*,*,#2448,.F.) ;
#2469=ORIENTED_EDGE('',*,*,#2465,.F.) ;
#2470=ORIENTED_EDGE('',*,*,#2292,.T.) ;
#2474=ORIENTED_EDGE('',*,*,#2443,.T.) ;
#2475=ORIENTED_EDGE('',*,*,#2419,.T.) ;
#2476=ORIENTED_EDGE('',*,*,#2395,.T.) ;
#2477=ORIENTED_EDGE('',*,*,#2371,.T.) ;
#2478=ORIENTED_EDGE('',*,*,#2347,.T.) ;
#2479=ORIENTED_EDGE('',*,*,#2323,.T.) ;
#2480=ORIENTED_EDGE('',*,*,#2299,.T.) ;
#2481=ORIENTED_EDGE('',*,*,#2465,.T.) ;
#2540=ORIENTED_EDGE('',*,*,#2491,.F.) ;
#2541=ORIENTED_EDGE('',*,*,#2498,.F.) ;
#2542=ORIENTED_EDGE('',*,*,#2505,.F.) ;
#2543=ORIENTED_EDGE('',*,*,#2512,.F.) ;
#2544=ORIENTED_EDGE('',*,*,#2519,.F.) ;
#2545=ORIENTED_EDGE('',*,*,#2526,.F.) ;
#2546=ORIENTED_EDGE('',*,*,#2533,.F.) ;
#2547=ORIENTED_EDGE('',*,*,#2538,.F.) ;
#2550=ORIENTED_EDGE('',*,*,#80,.F.) ;
#2551=ORIENTED_EDGE('',*,*,#58,.F.) ;
#2554=ORIENTED_EDGE('',*,*,#137,.F.) ;
#2555=ORIENTED_EDGE('',*,*,#115,.F.) ;
#2558=ORIENTED_EDGE('',*,*,#194,.F.) ;
#2559=ORIENTED_EDGE('',*,*,#172,.F.) ;
#2562=ORIENTED_EDGE('',*,*,#251,.F.) ;
#2563=ORIENTED_EDGE('',*,*,#229,.F.) ;
#2566=ORIENTED_EDGE('',*,*,#308,.F.) ;
#2567=ORIENTED_EDGE('',*,*,#286,.F.) ;
#2570=ORIENTED_EDGE('',*,*,#365,.F.) ;
#2571=ORIENTED_EDGE('',*,*,#343,.F.) ;
#2574=ORIENTED_EDGE('',*,*,#422,.F.) ;
#2575=ORIENTED_EDGE('',*,*,#400,.F.) ;
#2578=ORIENTED_EDGE('',*,*,#479,.F.) ;
#2579=ORIENTED_EDGE('',*,*,#457,.F.) ;
#2607=ORIENTED_EDGE('',*,*,#2593,.F.) ;
#2608=ORIENTED_EDGE('',*,*,#2491,.T.) ;
#2609=ORIENTED_EDGE('',*,*,#2600,.T.) ;
#2610=ORIENTED_EDGE('',*,*,#2605,.F.) ;
#2631=ORIENTED_EDGE('',*,*,#2624,.F.) ;
#2632=ORIENTED_EDGE('',*,*,#2498,.T.) ;
#2633=ORIENTED_EDGE('',*,*,#2593,.T.) ;
#2634=ORIENTED_EDGE('',*,*,#2629,.F.) ;
#2655=ORIENTED_EDGE('',*,*,#2648,.F.) ;
#2656=ORIENTED_EDGE('',*,*,#2505,.T.) ;
#2657=ORIENTED_EDGE('',*,*,#2624,.T.) ;
#2658=ORIENTED_EDGE('',*,*,#2653,.F.) ;
#2679=ORIENTED_EDGE('',*,*,#2672,.F.) ;
#2680=ORIENTED_EDGE('',*,*,#2512,.T.) ;
#2681=ORIENTED_EDGE('',*,*,#2648,.T.) ;
#2682=ORIENTED_EDGE('',*,*,#2677,.F.) ;
#2703=ORIENTED_EDGE('',*,*,#2696,.F.) ;
#2704=ORIENTED_EDGE('',*,*,#2519,.T.) ;
#2705=ORIENTED_EDGE('',*,*,#2672,.T.) ;
#2706=ORIENTED_EDGE('',*,*,#2701,.F.) ;
#2727=ORIENTED_EDGE('',*,*,#2720,.F.) ;
#2728=ORIENTED_EDGE('',*,*,#2526,.T.) ;
#2729=ORIENTED_EDGE('',*,*,#2696,.T.) ;
#2730=ORIENTED_EDGE('',*,*,#2725,.F.) ;
#2751=ORIENTED_EDGE('',*,*,#2744,.F.) ;
#2752=ORIENTED_EDGE('',*,*,#2533,.T.) ;
#2753=ORIENTED_EDGE('',*,*,#2720,.T.) ;
#2754=ORIENTED_EDGE('',*,*,#2749,.F.) ;
#2768=ORIENTED_EDGE('',*,*,#2600,.F.) ;
#2769=ORIENTED_EDGE('',*,*,#2538,.T.) ;
#2770=ORIENTED_EDGE('',*,*,#2744,.T.) ;
#2771=ORIENTED_EDGE('',*,*,#2766,.F.) ;
#2780=ORIENTED_EDGE('',*,*,#2749,.T.) ;
#2781=ORIENTED_EDGE('',*,*,#2725,.T.) ;
#2782=ORIENTED_EDGE('',*,*,#2701,.T.) ;
#2783=ORIENTED_EDGE('',*,*,#2677,.T.) ;
#2784=ORIENTED_EDGE('',*,*,#2653,.T.) ;
#2785=ORIENTED_EDGE('',*,*,#2629,.T.) ;
#2786=ORIENTED_EDGE('',*,*,#2605,.T.) ;
#2787=ORIENTED_EDGE('',*,*,#2766,.T.) ;
#2846=ORIENTED_EDGE('',*,*,#2797,.F.) ;
#2847=ORIENTED_EDGE('',*,*,#2804,.F.) ;
#2848=ORIENTED_EDGE('',*,*,#2811,.F.) ;
#2849=ORIENTED_EDGE('',*,*,#2818,.F.) ;
#2850=ORIENTED_EDGE('',*,*,#2825,.F.) ;
#2851=ORIENTED_EDGE('',*,*,#2832,.F.) ;
#2852=ORIENTED_EDGE('',*,*,#2839,.F.) ;
#2853=ORIENTED_EDGE('',*,*,#2844,.F.) ;
#2881=ORIENTED_EDGE('',*,*,#2797,.T.) ;
#2882=ORIENTED_EDGE('',*,*,#2867,.F.) ;
#2883=ORIENTED_EDGE('',*,*,#2874,.F.) ;
#2884=ORIENTED_EDGE('',*,*,#2879,.T.) ;
#2905=ORIENTED_EDGE('',*,*,#2804,.T.) ;
#2906=ORIENTED_EDGE('',*,*,#2879,.F.) ;
#2907=ORIENTED_EDGE('',*,*,#2898,.F.) ;
#2908=ORIENTED_EDGE('',*,*,#2903,.T.) ;
#2929=ORIENTED_EDGE('',*,*,#2811,.T.) ;
#2930=ORIENTED_EDGE('',*,*,#2903,.F.) ;
#2931=ORIENTED_EDGE('',*,*,#2922,.F.) ;
#2932=ORIENTED_EDGE('',*,*,#2927,.T.) ;
#2953=ORIENTED_EDGE('',*,*,#2818,.T.) ;
#2954=ORIENTED_EDGE('',*,*,#2927,.F.) ;
#2955=ORIENTED_EDGE('',*,*,#2946,.F.) ;
#2956=ORIENTED_EDGE('',*,*,#2951,.T.) ;
#2977=ORIENTED_EDGE('',*,*,#2825,.T.) ;
#2978=ORIENTED_EDGE('',*,*,#2951,.F.) ;
#2979=ORIENTED_EDGE('',*,*,#2970,.F.) ;
#2980=ORIENTED_EDGE('',*,*,#2975,.T.) ;
#3001=ORIENTED_EDGE('',*,*,#2832,.T.) ;
#3002=ORIENTED_EDGE('',*,*,#2975,.F.) ;
#3003=ORIENTED_EDGE('',*,*,#2994,.F.) ;
#3004=ORIENTED_EDGE('',*,*,#2999,.T.) ;
#3025=ORIENTED_EDGE('',*,*,#2839,.T.) ;
#3026=ORIENTED_EDGE('',*,*,#2999,.F.) ;
#3027=ORIENTED_EDGE('',*,*,#3018,.F.) ;
#3028=ORIENTED_EDGE('',*,*,#3023,.T.) ;
#3042=ORIENTED_EDGE('',*,*,#2844,.T.) ;
#3043=ORIENTED_EDGE('',*,*,#3023,.F.) ;
#3044=ORIENTED_EDGE('',*,*,#3040,.F.) ;
#3045=ORIENTED_EDGE('',*,*,#2867,.T.) ;
#3049=ORIENTED_EDGE('',*,*,#3018,.T.) ;
#3050=ORIENTED_EDGE('',*,*,#2994,.T.) ;
#3051=ORIENTED_EDGE('',*,*,#2970,.T.) ;
#3052=ORIENTED_EDGE('',*,*,#2946,.T.) ;
#3053=ORIENTED_EDGE('',*,*,#2922,.T.) ;
#3054=ORIENTED_EDGE('',*,*,#2898,.T.) ;
#3055=ORIENTED_EDGE('',*,*,#2874,.T.) ;
#3056=ORIENTED_EDGE('',*,*,#3040,.T.) ;
#3115=ORIENTED_EDGE('',*,*,#3066,.F.) ;
#3116=ORIENTED_EDGE('',*,*,#3073,.F.) ;
#3117=ORIENTED_EDGE('',*,*,#3080,.F.) ;
#3118=ORIENTED_EDGE('',*,*,#3087,.F.) ;
#3119=ORIENTED_EDGE('',*,*,#3094,.F.) ;
#3120=ORIENTED_EDGE('',*,*,#3101,.F.) ;
#3121=ORIENTED_EDGE('',*,*,#3108,.F.) ;
#3122=ORIENTED_EDGE('',*,*,#3113,.F.) ;
#3150=ORIENTED_EDGE('',*,*,#3136,.F.) ;
#3151=ORIENTED_EDGE('',*,*,#3066,.T.) ;
#3152=ORIENTED_EDGE('',*,*,#3143,.T.) ;
#3153=ORIENTED_EDGE('',*,*,#3148,.F.) ;
#3174=ORIENTED_EDGE('',*,*,#3167,.F.) ;
#3175=ORIENTED_EDGE('',*,*,#3073,.T.) ;
#3176=ORIENTED_EDGE('',*,*,#3136,.T.) ;
#3177=ORIENTED_EDGE('',*,*,#3172,.F.) ;
#3198=ORIENTED_EDGE('',*,*,#3191,.F.) ;
#3199=ORIENTED_EDGE('',*,*,#3080,.T.) ;
#3200=ORIENTED_EDGE('',*,*,#3167,.T.) ;
#3201=ORIENTED_EDGE('',*,*,#3196,.F.) ;
#3222=ORIENTED_EDGE('',*,*,#3215,.F.) ;
#3223=ORIENTED_EDGE('',*,*,#3087,.T.) ;
#3224=ORIENTED_EDGE('',*,*,#3191,.T.) ;
#3225=ORIENTED_EDGE('',*,*,#3220,.F.) ;
#3246=ORIENTED_EDGE('',*,*,#3239,.F.) ;
#3247=ORIENTED_EDGE('',*,*,#3094,.T.) ;
#3248=ORIENTED_EDGE('',*,*,#3215,.T.) ;
#3249=ORIENTED_EDGE('',*,*,#3244,.F.) ;
#3270=ORIENTED_EDGE('',*,*,#3263,.F.) ;
#3271=ORIENTED_EDGE('',*,*,#3101,.T.) ;
#3272=ORIENTED_EDGE('',*,*,#3239,.T.) ;
#3273=ORIENTED_EDGE('',*,*,#3268,.F.) ;
#3294=ORIENTED_EDGE('',*,*,#3287,.F.) ;
#3295=ORIENTED_EDGE('',*,*,#3108,.T.) ;
#3296=ORIENTED_EDGE('',*,*,#3263,.T.) ;
#3297=ORIENTED_EDGE('',*,*,#3292,.F.) ;
#3311=ORIENTED_EDGE('',*,*,#3143,.F.) ;
#3312=ORIENTED_EDGE('',*,*,#3113,.T.) ;
#3313=ORIENTED_EDGE('',*,*,#3287,.T.) ;
#3314=ORIENTED_EDGE('',*,*,#3309,.F.) ;
#3323=ORIENTED_EDGE('',*,*,#3292,.T.) ;
#3324=ORIENTED_EDGE('',*,*,#3268,.T.) ;
#3325=ORIENTED_EDGE('',*,*,#3244,.T.) ;
#3326=ORIENTED_EDGE('',*,*,#3220,.T.) ;
#3327=ORIENTED_EDGE('',*,*,#3196,.T.) ;
#3328=ORIENTED_EDGE('',*,*,#3172,.T.) ;
#3329=ORIENTED_EDGE('',*,*,#3148,.T.) ;
#3330=ORIENTED_EDGE('',*,*,#3309,.T.) ;
#3389=ORIENTED_EDGE('',*,*,#3340,.F.) ;
#3390=ORIENTED_EDGE('',*,*,#3347,.F.) ;
#3391=ORIENTED_EDGE('',*,*,#3354,.F.) ;
#3392=ORIENTED_EDGE('',*,*,#3361,.F.) ;
#3393=ORIENTED_EDGE('',*,*,#3368,.F.) ;
#3394=ORIENTED_EDGE('',*,*,#3375,.F.) ;
#3395=ORIENTED_EDGE('',*,*,#3382,.F.) ;
#3396=ORIENTED_EDGE('',*,*,#3387,.F.) ;
#3424=ORIENTED_EDGE('',*,*,#3340,.T.) ;
#3425=ORIENTED_EDGE('',*,*,#3410,.F.) ;
#3426=ORIENTED_EDGE('',*,*,#3417,.F.) ;
#3427=ORIENTED_EDGE('',*,*,#3422,.T.) ;
#3448=ORIENTED_EDGE('',*,*,#3347,.T.) ;
#3449=ORIENTED_EDGE('',*,*,#3422,.F.) ;
#3450=ORIENTED_EDGE('',*,*,#3441,.F.) ;
#3451=ORIENTED_EDGE('',*,*,#3446,.T.) ;
#3472=ORIENTED_EDGE('',*,*,#3354,.T.) ;
#3473=ORIENTED_EDGE('',*,*,#3446,.F.) ;
#3474=ORIENTED_EDGE('',*,*,#3465,.F.) ;
#3475=ORIENTED_EDGE('',*,*,#3470,.T.) ;
#3496=ORIENTED_EDGE('',*,*,#3361,.T.) ;
#3497=ORIENTED_EDGE('',*,*,#3470,.F.) ;
#3498=ORIENTED_EDGE('',*,*,#3489,.F.) ;
#3499=ORIENTED_EDGE('',*,*,#3494,.T.) ;
#3520=ORIENTED_EDGE('',*,*,#3368,.T.) ;
#3521=ORIENTED_EDGE('',*,*,#3494,.F.) ;
#3522=ORIENTED_EDGE('',*,*,#3513,.F.) ;
#3523=ORIENTED_EDGE('',*,*,#3518,.T.) ;
#3544=ORIENTED_EDGE('',*,*,#3375,.T.) ;
#3545=ORIENTED_EDGE('',*,*,#3518,.F.) ;
#3546=ORIENTED_EDGE('',*,*,#3537,.F.) ;
#3547=ORIENTED_EDGE('',*,*,#3542,.T.) ;
#3568=ORIENTED_EDGE('',*,*,#3382,.T.) ;
#3569=ORIENTED_EDGE('',*,*,#3542,.F.) ;
#3570=ORIENTED_EDGE('',*,*,#3561,.F.) ;
#3571=ORIENTED_EDGE('',*,*,#3566,.T.) ;
#3585=ORIENTED_EDGE('',*,*,#3387,.T.) ;
#3586=ORIENTED_EDGE('',*,*,#3566,.F.) ;
#3587=ORIENTED_EDGE('',*,*,#3583,.F.) ;
#3588=ORIENTED_EDGE('',*,*,#3410,.T.) ;
#3592=ORIENTED_EDGE('',*,*,#3561,.T.) ;
#3593=ORIENTED_EDGE('',*,*,#3537,.T.) ;
#3594=ORIENTED_EDGE('',*,*,#3513,.T.) ;
#3595=ORIENTED_EDGE('',*,*,#3489,.T.) ;
#3596=ORIENTED_EDGE('',*,*,#3465,.T.) ;
#3597=ORIENTED_EDGE('',*,*,#3441,.T.) ;
#3598=ORIENTED_EDGE('',*,*,#3417,.T.) ;
#3599=ORIENTED_EDGE('',*,*,#3583,.T.) ;
#64=EDGE_LOOP('',(#65,#66,#67,#68)) ;
#81=EDGE_LOOP('',(#82,#83,#84,#85)) ;
#121=EDGE_LOOP('',(#122,#123,#124,#125)) ;
#138=EDGE_LOOP('',(#139,#140,#141,#142)) ;
#178=EDGE_LOOP('',(#179,#180,#181,#182)) ;
#195=EDGE_LOOP('',(#196,#197,#198,#199)) ;
#235=EDGE_LOOP('',(#236,#237,#238,#239)) ;
#252=EDGE_LOOP('',(#253,#254,#255,#256)) ;
#292=EDGE_LOOP('',(#293,#294,#295,#296)) ;
#309=EDGE_LOOP('',(#310,#311,#312,#313)) ;
#349=EDGE_LOOP('',(#350,#351,#352,#353)) ;
#366=EDGE_LOOP('',(#367,#368,#369,#370)) ;
#406=EDGE_LOOP('',(#407,#408,#409,#410)) ;
#423=EDGE_LOOP('',(#424,#425,#426,#427)) ;
#463=EDGE_LOOP('',(#464,#465,#466,#467)) ;
#480=EDGE_LOOP('',(#481,#482,#483,#484)) ;
#520=EDGE_LOOP('',(#521,#522,#523,#524)) ;
#537=EDGE_LOOP('',(#538,#539,#540,#541)) ;
#605=EDGE_LOOP('',(#606,#607,#608,#609,#610,#611,#612,#613)) ;
#713=EDGE_LOOP('',(#714,#715,#716,#717,#718,#719,#720,#721,#722,#723,#724,#725,#726,#727)) ;
#729=EDGE_LOOP('',(#730,#731)) ;
#747=EDGE_LOOP('',(#748,#749)) ;
#765=EDGE_LOOP('',(#766,#767)) ;
#783=EDGE_LOOP('',(#784,#785)) ;
#801=EDGE_LOOP('',(#802,#803)) ;
#819=EDGE_LOOP('',(#820,#821)) ;
#829=EDGE_LOOP('',(#830,#831)) ;
#833=EDGE_LOOP('',(#834,#835)) ;
#862=EDGE_LOOP('',(#863,#864,#865,#866)) ;
#886=EDGE_LOOP('',(#887,#888,#889,#890)) ;
#910=EDGE_LOOP('',(#911,#912,#913,#914)) ;
#934=EDGE_LOOP('',(#935,#936,#937,#938)) ;
#958=EDGE_LOOP('',(#959,#960,#961,#962)) ;
#982=EDGE_LOOP('',(#983,#984,#985,#986)) ;
#1006=EDGE_LOOP('',(#1007,#1008,#1009,#1010)) ;
#1023=EDGE_LOOP('',(#1024,#1025,#1026,#1027)) ;
#1061=EDGE_LOOP('',(#1062,#1063,#1064,#1065,#1066)) ;
#1079=EDGE_LOOP('',(#1080,#1081,#1082,#1083,#1084)) ;
#1116=EDGE_LOOP('',(#1117,#1118,#1119,#1120,#1121,#1122)) ;
#1142=EDGE_LOOP('',(#1143,#1144,#1145,#1146)) ;
#1166=EDGE_LOOP('',(#1167,#1168,#1169,#1170)) ;
#1190=EDGE_LOOP('',(#1191,#1192,#1193,#1194)) ;
#1219=EDGE_LOOP('',(#1220,#1221,#1222,#1223,#1224,#1225)) ;
#1259=EDGE_LOOP('',(#1260,#1261,#1262,#1263,#1264)) ;
#1277=EDGE_LOOP('',(#1278,#1279,#1280,#1281,#1282)) ;
#1302=EDGE_LOOP('',(#1303,#1304,#1305,#1306)) ;
#1326=EDGE_LOOP('',(#1327,#1328,#1329,#1330)) ;
#1343=EDGE_LOOP('',(#1344,#1345,#1346,#1347)) ;
#1374=EDGE_LOOP('',(#1375,#1376,#1377,#1378)) ;
#1386=EDGE_LOOP('',(#1387,#1388,#1389,#1390)) ;
#1417=EDGE_LOOP('',(#1418,#1419,#1420,#1421)) ;
#1429=EDGE_LOOP('',(#1430,#1431,#1432,#1433)) ;
#1460=EDGE_LOOP('',(#1461,#1462,#1463,#1464)) ;
#1472=EDGE_LOOP('',(#1473,#1474,#1475,#1476)) ;
#1503=EDGE_LOOP('',(#1504,#1505,#1506,#1507)) ;
#1515=EDGE_LOOP('',(#1516,#1517,#1518,#1519)) ;
#1546=EDGE_LOOP('',(#1547,#1548,#1549,#1550)) ;
#1558=EDGE_LOOP('',(#1559,#1560,#1561,#1562)) ;
#1570=EDGE_LOOP('',(#1571,#1572,#1573,#1574,#1575,#1576,#1577,#1578)) ;
#1636=EDGE_LOOP('',(#1637,#1638,#1639,#1640,#1641,#1642,#1643,#1644)) ;
#1647=EDGE_LOOP('',(#1648,#1649,#1650)) ;
#1653=EDGE_LOOP('',(#1654,#1655)) ;
#1657=EDGE_LOOP('',(#1658,#1659)) ;
#1667=EDGE_LOOP('',(#1668,#1669,#1670,#1671,#1672,#1673,#1674,#1675)) ;
#1733=EDGE_LOOP('',(#1734,#1735,#1736,#1737,#1738,#1739,#1740,#1741)) ;
#1744=EDGE_LOOP('',(#1745,#1746,#1747)) ;
#1750=EDGE_LOOP('',(#1751,#1752)) ;
#1754=EDGE_LOOP('',(#1755,#1756)) ;
#1759=EDGE_LOOP('',(#1760,#1761)) ;
#1763=EDGE_LOOP('',(#1764,#1765)) ;
#1768=EDGE_LOOP('',(#1769,#1770)) ;
#1772=EDGE_LOOP('',(#1773,#1774)) ;
#1777=EDGE_LOOP('',(#1778,#1779)) ;
#1781=EDGE_LOOP('',(#1782,#1783)) ;
#1786=EDGE_LOOP('',(#1787,#1788)) ;
#1790=EDGE_LOOP('',(#1791,#1792)) ;
#1795=EDGE_LOOP('',(#1796,#1797)) ;
#1799=EDGE_LOOP('',(#1800,#1801)) ;
#1828=EDGE_LOOP('',(#1829,#1830,#1831,#1832)) ;
#1852=EDGE_LOOP('',(#1853,#1854,#1855,#1856)) ;
#1876=EDGE_LOOP('',(#1877,#1878,#1879,#1880)) ;
#1900=EDGE_LOOP('',(#1901,#1902,#1903,#1904)) ;
#1924=EDGE_LOOP('',(#1925,#1926,#1927,#1928)) ;
#1948=EDGE_LOOP('',(#1949,#1950,#1951,#1952)) ;
#1972=EDGE_LOOP('',(#1973,#1974,#1975,#1976)) ;
#1989=EDGE_LOOP('',(#1990,#1991,#1992,#1993)) ;
#2020=EDGE_LOOP('',(#2021,#2022,#2023,#2024)) ;
#2044=EDGE_LOOP('',(#2045,#2046,#2047,#2048)) ;
#2068=EDGE_LOOP('',(#2069,#2070,#2071,#2072)) ;
#2092=EDGE_LOOP('',(#2093,#2094,#2095,#2096)) ;
#2116=EDGE_LOOP('',(#2117,#2118,#2119,#2120)) ;
#2140=EDGE_LOOP('',(#2141,#2142,#2143,#2144)) ;
#2164=EDGE_LOOP('',(#2165,#2166,#2167,#2168)) ;
#2181=EDGE_LOOP('',(#2182,#2183,#2184,#2185)) ;
#2193=EDGE_LOOP('',(#2194,#2195,#2196,#2197,#2198,#2199,#2200,#2201)) ;
#2259=EDGE_LOOP('',(#2260,#2261,#2262,#2263,#2264,#2265,#2266,#2267)) ;
#2270=EDGE_LOOP('',(#2271,#2272,#2273,#2274,#2275,#2276,#2277,#2278)) ;
#2305=EDGE_LOOP('',(#2306,#2307,#2308,#2309)) ;
#2329=EDGE_LOOP('',(#2330,#2331,#2332,#2333)) ;
#2353=EDGE_LOOP('',(#2354,#2355,#2356,#2357)) ;
#2377=EDGE_LOOP('',(#2378,#2379,#2380,#2381)) ;
#2401=EDGE_LOOP('',(#2402,#2403,#2404,#2405)) ;
#2425=EDGE_LOOP('',(#2426,#2427,#2428,#2429)) ;
#2449=EDGE_LOOP('',(#2450,#2451,#2452,#2453)) ;
#2466=EDGE_LOOP('',(#2467,#2468,#2469,#2470)) ;
#2473=EDGE_LOOP('',(#2474,#2475,#2476,#2477,#2478,#2479,#2480,#2481)) ;
#2539=EDGE_LOOP('',(#2540,#2541,#2542,#2543,#2544,#2545,#2546,#2547)) ;
#2549=EDGE_LOOP('',(#2550,#2551)) ;
#2553=EDGE_LOOP('',(#2554,#2555)) ;
#2557=EDGE_LOOP('',(#2558,#2559)) ;
#2561=EDGE_LOOP('',(#2562,#2563)) ;
#2565=EDGE_LOOP('',(#2566,#2567)) ;
#2569=EDGE_LOOP('',(#2570,#2571)) ;
#2573=EDGE_LOOP('',(#2574,#2575)) ;
#2577=EDGE_LOOP('',(#2578,#2579)) ;
#2606=EDGE_LOOP('',(#2607,#2608,#2609,#2610)) ;
#2630=EDGE_LOOP('',(#2631,#2632,#2633,#2634)) ;
#2654=EDGE_LOOP('',(#2655,#2656,#2657,#2658)) ;
#2678=EDGE_LOOP('',(#2679,#2680,#2681,#2682)) ;
#2702=EDGE_LOOP('',(#2703,#2704,#2705,#2706)) ;
#2726=EDGE_LOOP('',(#2727,#2728,#2729,#2730)) ;
#2750=EDGE_LOOP('',(#2751,#2752,#2753,#2754)) ;
#2767=EDGE_LOOP('',(#2768,#2769,#2770,#2771)) ;
#2779=EDGE_LOOP('',(#2780,#2781,#2782,#2783,#2784,#2785,#2786,#2787)) ;
#2845=EDGE_LOOP('',(#2846,#2847,#2848,#2849,#2850,#2851,#2852,#2853)) ;
#2880=EDGE_LOOP('',(#2881,#2882,#2883,#2884)) ;
#2904=EDGE_LOOP('',(#2905,#2906,#2907,#2908)) ;
#2928=EDGE_LOOP('',(#2929,#2930,#2931,#2932)) ;
#2952=EDGE_LOOP('',(#2953,#2954,#2955,#2956)) ;
#2976=EDGE_LOOP('',(#2977,#2978,#2979,#2980)) ;
#3000=EDGE_LOOP('',(#3001,#3002,#3003,#3004)) ;
#3024=EDGE_LOOP('',(#3025,#3026,#3027,#3028)) ;
#3041=EDGE_LOOP('',(#3042,#3043,#3044,#3045)) ;
#3048=EDGE_LOOP('',(#3049,#3050,#3051,#3052,#3053,#3054,#3055,#3056)) ;
#3114=EDGE_LOOP('',(#3115,#3116,#3117,#3118,#3119,#3120,#3121,#3122)) ;
#3149=EDGE_LOOP('',(#3150,#3151,#3152,#3153)) ;
#3173=EDGE_LOOP('',(#3174,#3175,#3176,#3177)) ;
#3197=EDGE_LOOP('',(#3198,#3199,#3200,#3201)) ;
#3221=EDGE_LOOP('',(#3222,#3223,#3224,#3225)) ;
#3245=EDGE_LOOP('',(#3246,#3247,#3248,#3249)) ;
#3269=EDGE_LOOP('',(#3270,#3271,#3272,#3273)) ;
#3293=EDGE_LOOP('',(#3294,#3295,#3296,#3297)) ;
#3310=EDGE_LOOP('',(#3311,#3312,#3313,#3314)) ;
#3322=EDGE_LOOP('',(#3323,#3324,#3325,#3326,#3327,#3328,#3329,#3330)) ;
#3388=EDGE_LOOP('',(#3389,#3390,#3391,#3392,#3393,#3394,#3395,#3396)) ;
#3423=EDGE_LOOP('',(#3424,#3425,#3426,#3427)) ;
#3447=EDGE_LOOP('',(#3448,#3449,#3450,#3451)) ;
#3471=EDGE_LOOP('',(#3472,#3473,#3474,#3475)) ;
#3495=EDGE_LOOP('',(#3496,#3497,#3498,#3499)) ;
#3519=EDGE_LOOP('',(#3520,#3521,#3522,#3523)) ;
#3543=EDGE_LOOP('',(#3544,#3545,#3546,#3547)) ;
#3567=EDGE_LOOP('',(#3568,#3569,#3570,#3571)) ;
#3584=EDGE_LOOP('',(#3585,#3586,#3587,#3588)) ;
#3591=EDGE_LOOP('',(#3592,#3593,#3594,#3595,#3596,#3597,#3598,#3599)) ;
#21=MANIFOLD_SOLID_BREP('BATTERY_COVER',#30) ;
#41=VERTEX_POINT('',#40) ;
#43=VERTEX_POINT('',#42) ;
#50=VERTEX_POINT('',#49) ;
#57=VERTEX_POINT('',#56) ;
#98=VERTEX_POINT('',#97) ;
#100=VERTEX_POINT('',#99) ;
#107=VERTEX_POINT('',#106) ;
#114=VERTEX_POINT('',#113) ;
#155=VERTEX_POINT('',#154) ;
#157=VERTEX_POINT('',#156) ;
#164=VERTEX_POINT('',#163) ;
#171=VERTEX_POINT('',#170) ;
#212=VERTEX_POINT('',#211) ;
#214=VERTEX_POINT('',#213) ;
#221=VERTEX_POINT('',#220) ;
#228=VERTEX_POINT('',#227) ;
#269=VERTEX_POINT('',#268) ;
#271=VERTEX_POINT('',#270) ;
#278=VERTEX_POINT('',#277) ;
#285=VERTEX_POINT('',#284) ;
#326=VERTEX_POINT('',#325) ;
#328=VERTEX_POINT('',#327) ;
#335=VERTEX_POINT('',#334) ;
#342=VERTEX_POINT('',#341) ;
#383=VERTEX_POINT('',#382) ;
#385=VERTEX_POINT('',#384) ;
#392=VERTEX_POINT('',#391) ;
#399=VERTEX_POINT('',#398) ;
#440=VERTEX_POINT('',#439) ;
#442=VERTEX_POINT('',#441) ;
#449=VERTEX_POINT('',#448) ;
#456=VERTEX_POINT('',#455) ;
#497=VERTEX_POINT('',#496) ;
#499=VERTEX_POINT('',#498) ;
#506=VERTEX_POINT('',#505) ;
#513=VERTEX_POINT('',#512) ;
#554=VERTEX_POINT('',#553) ;
#556=VERTEX_POINT('',#555) ;
#563=VERTEX_POINT('',#562) ;
#570=VERTEX_POINT('',#569) ;
#577=VERTEX_POINT('',#576) ;
#584=VERTEX_POINT('',#583) ;
#591=VERTEX_POINT('',#590) ;
#598=VERTEX_POINT('',#597) ;
#620=VERTEX_POINT('',#619) ;
#622=VERTEX_POINT('',#621) ;
#629=VERTEX_POINT('',#628) ;
#636=VERTEX_POINT('',#635) ;
#643=VERTEX_POINT('',#642) ;
#650=VERTEX_POINT('',#649) ;
#657=VERTEX_POINT('',#656) ;
#664=VERTEX_POINT('',#663) ;
#671=VERTEX_POINT('',#670) ;
#678=VERTEX_POINT('',#677) ;
#685=VERTEX_POINT('',#684) ;
#692=VERTEX_POINT('',#691) ;
#699=VERTEX_POINT('',#698) ;
#706=VERTEX_POINT('',#705) ;
#738=VERTEX_POINT('',#737) ;
#740=VERTEX_POINT('',#739) ;
#756=VERTEX_POINT('',#755) ;
#758=VERTEX_POINT('',#757) ;
#774=VERTEX_POINT('',#773) ;
#776=VERTEX_POINT('',#775) ;
#792=VERTEX_POINT('',#791) ;
#794=VERTEX_POINT('',#793) ;
#810=VERTEX_POINT('',#809) ;
#812=VERTEX_POINT('',#811) ;
#848=VERTEX_POINT('',#847) ;
#855=VERTEX_POINT('',#854) ;
#879=VERTEX_POINT('',#878) ;
#903=VERTEX_POINT('',#902) ;
#927=VERTEX_POINT('',#926) ;
#951=VERTEX_POINT('',#950) ;
#975=VERTEX_POINT('',#974) ;
#999=VERTEX_POINT('',#998) ;
#1040=VERTEX_POINT('',#1039) ;
#1042=VERTEX_POINT('',#1041) ;
#1049=VERTEX_POINT('',#1048) ;
#1097=VERTEX_POINT('',#1096) ;
#1099=VERTEX_POINT('',#1098) ;
#1135=VERTEX_POINT('',#1134) ;
#1159=VERTEX_POINT('',#1158) ;
#1183=VERTEX_POINT('',#1182) ;
#1207=VERTEX_POINT('',#1206) ;
#1238=VERTEX_POINT('',#1237) ;
#1240=VERTEX_POINT('',#1239) ;
#1247=VERTEX_POINT('',#1246) ;
#1295=VERTEX_POINT('',#1294) ;
#1319=VERTEX_POINT('',#1318) ;
#1360=VERTEX_POINT('',#1359) ;
#1362=VERTEX_POINT('',#1361) ;
#1403=VERTEX_POINT('',#1402) ;
#1405=VERTEX_POINT('',#1404) ;
#1446=VERTEX_POINT('',#1445) ;
#1448=VERTEX_POINT('',#1447) ;
#1489=VERTEX_POINT('',#1488) ;
#1491=VERTEX_POINT('',#1490) ;
#1532=VERTEX_POINT('',#1531) ;
#1534=VERTEX_POINT('',#1533) ;
#1585=VERTEX_POINT('',#1584) ;
#1587=VERTEX_POINT('',#1586) ;
#1594=VERTEX_POINT('',#1593) ;
#1601=VERTEX_POINT('',#1600) ;
#1608=VERTEX_POINT('',#1607) ;
#1615=VERTEX_POINT('',#1614) ;
#1622=VERTEX_POINT('',#1621) ;
#1629=VERTEX_POINT('',#1628) ;
#1682=VERTEX_POINT('',#1681) ;
#1684=VERTEX_POINT('',#1683) ;
#1691=VERTEX_POINT('',#1690) ;
#1698=VERTEX_POINT('',#1697) ;
#1705=VERTEX_POINT('',#1704) ;
#1712=VERTEX_POINT('',#1711) ;
#1719=VERTEX_POINT('',#1718) ;
#1726=VERTEX_POINT('',#1725) ;
#1814=VERTEX_POINT('',#1813) ;
#1821=VERTEX_POINT('',#1820) ;
#1845=VERTEX_POINT('',#1844) ;
#1869=VERTEX_POINT('',#1868) ;
#1893=VERTEX_POINT('',#1892) ;
#1917=VERTEX_POINT('',#1916) ;
#1941=VERTEX_POINT('',#1940) ;
#1965=VERTEX_POINT('',#1964) ;
#2006=VERTEX_POINT('',#2005) ;
#2013=VERTEX_POINT('',#2012) ;
#2037=VERTEX_POINT('',#2036) ;
#2061=VERTEX_POINT('',#2060) ;
#2085=VERTEX_POINT('',#2084) ;
#2109=VERTEX_POINT('',#2108) ;
#2133=VERTEX_POINT('',#2132) ;
#2157=VERTEX_POINT('',#2156) ;
#2208=VERTEX_POINT('',#2207) ;
#2210=VERTEX_POINT('',#2209) ;
#2217=VERTEX_POINT('',#2216) ;
#2224=VERTEX_POINT('',#2223) ;
#2231=VERTEX_POINT('',#2230) ;
#2238=VERTEX_POINT('',#2237) ;
#2245=VERTEX_POINT('',#2244) ;
#2252=VERTEX_POINT('',#2251) ;
#2291=VERTEX_POINT('',#2290) ;
#2298=VERTEX_POINT('',#2297) ;
#2322=VERTEX_POINT('',#2321) ;
#2346=VERTEX_POINT('',#2345) ;
#2370=VERTEX_POINT('',#2369) ;
#2394=VERTEX_POINT('',#2393) ;
#2418=VERTEX_POINT('',#2417) ;
#2442=VERTEX_POINT('',#2441) ;
#2488=VERTEX_POINT('',#2487) ;
#2490=VERTEX_POINT('',#2489) ;
#2497=VERTEX_POINT('',#2496) ;
#2504=VERTEX_POINT('',#2503) ;
#2511=VERTEX_POINT('',#2510) ;
#2518=VERTEX_POINT('',#2517) ;
#2525=VERTEX_POINT('',#2524) ;
#2532=VERTEX_POINT('',#2531) ;
#2592=VERTEX_POINT('',#2591) ;
#2599=VERTEX_POINT('',#2598) ;
#2623=VERTEX_POINT('',#2622) ;
#2647=VERTEX_POINT('',#2646) ;
#2671=VERTEX_POINT('',#2670) ;
#2695=VERTEX_POINT('',#2694) ;
#2719=VERTEX_POINT('',#2718) ;
#2743=VERTEX_POINT('',#2742) ;
#2794=VERTEX_POINT('',#2793) ;
#2796=VERTEX_POINT('',#2795) ;
#2803=VERTEX_POINT('',#2802) ;
#2810=VERTEX_POINT('',#2809) ;
#2817=VERTEX_POINT('',#2816) ;
#2824=VERTEX_POINT('',#2823) ;
#2831=VERTEX_POINT('',#2830) ;
#2838=VERTEX_POINT('',#2837) ;
#2866=VERTEX_POINT('',#2865) ;
#2873=VERTEX_POINT('',#2872) ;
#2897=VERTEX_POINT('',#2896) ;
#2921=VERTEX_POINT('',#2920) ;
#2945=VERTEX_POINT('',#2944) ;
#2969=VERTEX_POINT('',#2968) ;
#2993=VERTEX_POINT('',#2992) ;
#3017=VERTEX_POINT('',#3016) ;
#3063=VERTEX_POINT('',#3062) ;
#3065=VERTEX_POINT('',#3064) ;
#3072=VERTEX_POINT('',#3071) ;
#3079=VERTEX_POINT('',#3078) ;
#3086=VERTEX_POINT('',#3085) ;
#3093=VERTEX_POINT('',#3092) ;
#3100=VERTEX_POINT('',#3099) ;
#3107=VERTEX_POINT('',#3106) ;
#3135=VERTEX_POINT('',#3134) ;
#3142=VERTEX_POINT('',#3141) ;
#3166=VERTEX_POINT('',#3165) ;
#3190=VERTEX_POINT('',#3189) ;
#3214=VERTEX_POINT('',#3213) ;
#3238=VERTEX_POINT('',#3237) ;
#3262=VERTEX_POINT('',#3261) ;
#3286=VERTEX_POINT('',#3285) ;
#3337=VERTEX_POINT('',#3336) ;
#3339=VERTEX_POINT('',#3338) ;
#3346=VERTEX_POINT('',#3345) ;
#3353=VERTEX_POINT('',#3352) ;
#3360=VERTEX_POINT('',#3359) ;
#3367=VERTEX_POINT('',#3366) ;
#3374=VERTEX_POINT('',#3373) ;
#3381=VERTEX_POINT('',#3380) ;
#3409=VERTEX_POINT('',#3408) ;
#3416=VERTEX_POINT('',#3415) ;
#3440=VERTEX_POINT('',#3439) ;
#3464=VERTEX_POINT('',#3463) ;
#3488=VERTEX_POINT('',#3487) ;
#3512=VERTEX_POINT('',#3511) ;
#3536=VERTEX_POINT('',#3535) ;
#3560=VERTEX_POINT('',#3559) ;
#3602=ADVANCED_BREP_SHAPE_REPRESENTATION('NONE',(#21),#16) ;
#70=ADVANCED_FACE('BATTERY_COVER',(#69),#35,.F.) ;
#87=ADVANCED_FACE('BATTERY_COVER',(#86),#35,.F.) ;
#127=ADVANCED_FACE('BATTERY_COVER',(#126),#92,.F.) ;
#144=ADVANCED_FACE('BATTERY_COVER',(#143),#92,.F.) ;
#184=ADVANCED_FACE('BATTERY_COVER',(#183),#149,.F.) ;
#201=ADVANCED_FACE('BATTERY_COVER',(#200),#149,.F.) ;
#241=ADVANCED_FACE('BATTERY_COVER',(#240),#206,.F.) ;
#258=ADVANCED_FACE('BATTERY_COVER',(#257),#206,.F.) ;
#298=ADVANCED_FACE('BATTERY_COVER',(#297),#263,.F.) ;
#315=ADVANCED_FACE('BATTERY_COVER',(#314),#263,.F.) ;
#355=ADVANCED_FACE('BATTERY_COVER',(#354),#320,.F.) ;
#372=ADVANCED_FACE('BATTERY_COVER',(#371),#320,.F.) ;
#412=ADVANCED_FACE('BATTERY_COVER',(#411),#377,.F.) ;
#429=ADVANCED_FACE('BATTERY_COVER',(#428),#377,.F.) ;
#469=ADVANCED_FACE('BATTERY_COVER',(#468),#434,.F.) ;
#486=ADVANCED_FACE('BATTERY_COVER',(#485),#434,.F.) ;
#526=ADVANCED_FACE('BATTERY_COVER',(#525),#491,.F.) ;
#543=ADVANCED_FACE('BATTERY_COVER',(#542),#491,.F.) ;
#823=ADVANCED_FACE('BATTERY_COVER',(#614,#728,#732,#750,#768,#786,#804,#822),#548,.F.) ;
#837=ADVANCED_FACE('BATTERY_COVER',(#832,#836),#828,.F.) ;
#868=ADVANCED_FACE('BATTERY_COVER',(#867),#842,.F.) ;
#892=ADVANCED_FACE('BATTERY_COVER',(#891),#873,.T.) ;
#916=ADVANCED_FACE('BATTERY_COVER',(#915),#897,.F.) ;
#940=ADVANCED_FACE('BATTERY_COVER',(#939),#921,.T.) ;
#964=ADVANCED_FACE('BATTERY_COVER',(#963),#945,.F.) ;
#988=ADVANCED_FACE('BATTERY_COVER',(#987),#969,.T.) ;
#1012=ADVANCED_FACE('BATTERY_COVER',(#1011),#993,.F.) ;
#1029=ADVANCED_FACE('BATTERY_COVER',(#1028),#1017,.T.) ;
#1068=ADVANCED_FACE('BATTERY_COVER',(#1067),#1034,.F.) ;
#1086=ADVANCED_FACE('BATTERY_COVER',(#1085),#1034,.F.) ;
#1124=ADVANCED_FACE('BATTERY_COVER',(#1123),#1091,.F.) ;
#1148=ADVANCED_FACE('BATTERY_COVER',(#1147),#1129,.T.) ;
#1172=ADVANCED_FACE('BATTERY_COVER',(#1171),#1153,.F.) ;
#1196=ADVANCED_FACE('BATTERY_COVER',(#1195),#1177,.T.) ;
#1227=ADVANCED_FACE('BATTERY_COVER',(#1226),#1201,.F.) ;
#1266=ADVANCED_FACE('BATTERY_COVER',(#1265),#1232,.F.) ;
#1284=ADVANCED_FACE('BATTERY_COVER',(#1283),#1232,.F.) ;
#1308=ADVANCED_FACE('BATTERY_COVER',(#1307),#1289,.T.) ;
#1332=ADVANCED_FACE('BATTERY_COVER',(#1331),#1313,.F.) ;
#1349=ADVANCED_FACE('BATTERY_COVER',(#1348),#1337,.T.) ;
#1380=ADVANCED_FACE('BATTERY_COVER',(#1379),#1354,.F.) ;
#1392=ADVANCED_FACE('BATTERY_COVER',(#1391),#1354,.F.) ;
#1423=ADVANCED_FACE('BATTERY_COVER',(#1422),#1397,.F.) ;
#1435=ADVANCED_FACE('BATTERY_COVER',(#1434),#1397,.F.) ;
#1466=ADVANCED_FACE('BATTERY_COVER',(#1465),#1440,.F.) ;
#1478=ADVANCED_FACE('BATTERY_COVER',(#1477),#1440,.F.) ;
#1509=ADVANCED_FACE('BATTERY_COVER',(#1508),#1483,.F.) ;
#1521=ADVANCED_FACE('BATTERY_COVER',(#1520),#1483,.F.) ;
#1552=ADVANCED_FACE('BATTERY_COVER',(#1551),#1526,.F.) ;
#1564=ADVANCED_FACE('BATTERY_COVER',(#1563),#1526,.F.) ;
#1646=ADVANCED_FACE('BATTERY_COVER',(#1579,#1645),#1569,.T.) ;
#1652=ADVANCED_FACE('BATTERY_COVER',(#1651),#548,.T.) ;
#1661=ADVANCED_FACE('BATTERY_COVER',(#1656,#1660),#828,.F.) ;
#1743=ADVANCED_FACE('BATTERY_COVER',(#1676,#1742),#1666,.F.) ;
#1749=ADVANCED_FACE('BATTERY_COVER',(#1748),#548,.T.) ;
#1758=ADVANCED_FACE('BATTERY_COVER',(#1753,#1757),#828,.F.) ;
#1767=ADVANCED_FACE('BATTERY_COVER',(#1762,#1766),#828,.F.) ;
#1776=ADVANCED_FACE('BATTERY_COVER',(#1771,#1775),#828,.F.) ;
#1785=ADVANCED_FACE('BATTERY_COVER',(#1780,#1784),#828,.F.) ;
#1794=ADVANCED_FACE('BATTERY_COVER',(#1789,#1793),#828,.F.) ;
#1803=ADVANCED_FACE('BATTERY_COVER',(#1798,#1802),#828,.F.) ;
#1834=ADVANCED_FACE('BATTERY_COVER',(#1833),#1808,.T.) ;
#1858=ADVANCED_FACE('BATTERY_COVER',(#1857),#1839,.T.) ;
#1882=ADVANCED_FACE('BATTERY_COVER',(#1881),#1863,.T.) ;
#1906=ADVANCED_FACE('BATTERY_COVER',(#1905),#1887,.T.) ;
#1930=ADVANCED_FACE('BATTERY_COVER',(#1929),#1911,.T.) ;
#1954=ADVANCED_FACE('BATTERY_COVER',(#1953),#1935,.T.) ;
#1978=ADVANCED_FACE('BATTERY_COVER',(#1977),#1959,.T.) ;
#1995=ADVANCED_FACE('BATTERY_COVER',(#1994),#1983,.T.) ;
#2026=ADVANCED_FACE('BATTERY_COVER',(#2025),#2000,.F.) ;
#2050=ADVANCED_FACE('BATTERY_COVER',(#2049),#2031,.T.) ;
#2074=ADVANCED_FACE('BATTERY_COVER',(#2073),#2055,.F.) ;
#2098=ADVANCED_FACE('BATTERY_COVER',(#2097),#2079,.T.) ;
#2122=ADVANCED_FACE('BATTERY_COVER',(#2121),#2103,.F.) ;
#2146=ADVANCED_FACE('BATTERY_COVER',(#2145),#2127,.T.) ;
#2170=ADVANCED_FACE('BATTERY_COVER',(#2169),#2151,.F.) ;
#2187=ADVANCED_FACE('BATTERY_COVER',(#2186),#2175,.T.) ;
#2269=ADVANCED_FACE('BATTERY_COVER',(#2202,#2268),#2192,.T.) ;
#2280=ADVANCED_FACE('BATTERY_COVER',(#2279),#548,.F.) ;
#2311=ADVANCED_FACE('BATTERY_COVER',(#2310),#2285,.F.) ;
#2335=ADVANCED_FACE('BATTERY_COVER',(#2334),#2316,.F.) ;
#2359=ADVANCED_FACE('BATTERY_COVER',(#2358),#2340,.F.) ;
#2383=ADVANCED_FACE('BATTERY_COVER',(#2382),#2364,.F.) ;
#2407=ADVANCED_FACE('BATTERY_COVER',(#2406),#2388,.F.) ;
#2431=ADVANCED_FACE('BATTERY_COVER',(#2430),#2412,.F.) ;
#2455=ADVANCED_FACE('BATTERY_COVER',(#2454),#2436,.F.) ;
#2472=ADVANCED_FACE('BATTERY_COVER',(#2471),#2460,.F.) ;
#2581=ADVANCED_FACE('BATTERY_COVER',(#2482,#2548,#2552,#2556,#2560,#2564,#2568,#2572,#2576,#2580),#1569,.T.) ;
#2612=ADVANCED_FACE('BATTERY_COVER',(#2611),#2586,.T.) ;
#2636=ADVANCED_FACE('BATTERY_COVER',(#2635),#2617,.F.) ;
#2660=ADVANCED_FACE('BATTERY_COVER',(#2659),#2641,.T.) ;
#2684=ADVANCED_FACE('BATTERY_COVER',(#2683),#2665,.F.) ;
#2708=ADVANCED_FACE('BATTERY_COVER',(#2707),#2689,.T.) ;
#2732=ADVANCED_FACE('BATTERY_COVER',(#2731),#2713,.F.) ;
#2756=ADVANCED_FACE('BATTERY_COVER',(#2755),#2737,.T.) ;
#2773=ADVANCED_FACE('BATTERY_COVER',(#2772),#2761,.F.) ;
#2855=ADVANCED_FACE('BATTERY_COVER',(#2788,#2854),#2778,.T.) ;
#2886=ADVANCED_FACE('BATTERY_COVER',(#2885),#2860,.T.) ;
#2910=ADVANCED_FACE('BATTERY_COVER',(#2909),#2891,.F.) ;
#2934=ADVANCED_FACE('BATTERY_COVER',(#2933),#2915,.T.) ;
#2958=ADVANCED_FACE('BATTERY_COVER',(#2957),#2939,.F.) ;
#2982=ADVANCED_FACE('BATTERY_COVER',(#2981),#2963,.T.) ;
#3006=ADVANCED_FACE('BATTERY_COVER',(#3005),#2987,.F.) ;
#3030=ADVANCED_FACE('BATTERY_COVER',(#3029),#3011,.T.) ;
#3047=ADVANCED_FACE('BATTERY_COVER',(#3046),#3035,.F.) ;
#3124=ADVANCED_FACE('BATTERY_COVER',(#3057,#3123),#1569,.T.) ;
#3155=ADVANCED_FACE('BATTERY_COVER',(#3154),#3129,.T.) ;
#3179=ADVANCED_FACE('BATTERY_COVER',(#3178),#3160,.T.) ;
#3203=ADVANCED_FACE('BATTERY_COVER',(#3202),#3184,.T.) ;
#3227=ADVANCED_FACE('BATTERY_COVER',(#3226),#3208,.T.) ;
#3251=ADVANCED_FACE('BATTERY_COVER',(#3250),#3232,.T.) ;
#3275=ADVANCED_FACE('BATTERY_COVER',(#3274),#3256,.T.) ;
#3299=ADVANCED_FACE('BATTERY_COVER',(#3298),#3280,.T.) ;
#3316=ADVANCED_FACE('BATTERY_COVER',(#3315),#3304,.T.) ;
#3398=ADVANCED_FACE('BATTERY_COVER',(#3331,#3397),#3321,.T.) ;
#3429=ADVANCED_FACE('BATTERY_COVER',(#3428),#3403,.F.) ;
#3453=ADVANCED_FACE('BATTERY_COVER',(#3452),#3434,.F.) ;
#3477=ADVANCED_FACE('BATTERY_COVER',(#3476),#3458,.F.) ;
#3501=ADVANCED_FACE('BATTERY_COVER',(#3500),#3482,.F.) ;
#3525=ADVANCED_FACE('BATTERY_COVER',(#3524),#3506,.F.) ;
#3549=ADVANCED_FACE('BATTERY_COVER',(#3548),#3530,.F.) ;
#3573=ADVANCED_FACE('BATTERY_COVER',(#3572),#3554,.F.) ;
#3590=ADVANCED_FACE('BATTERY_COVER',(#3589),#3578,.F.) ;
#3601=ADVANCED_FACE('BATTERY_COVER',(#3600),#1569,.T.) ;
#4=APPLICATION_PROTOCOL_DEFINITION('international standard','ap242_managed_model_based_3d_engineering',2014,#1) ;
#22=COLOUR_RGB('Colour',0.823529411765,0.823529411765,1.) ;
#69=FACE_OUTER_BOUND('',#64,.T.) ;
#86=FACE_OUTER_BOUND('',#81,.T.) ;
#126=FACE_OUTER_BOUND('',#121,.T.) ;
#143=FACE_OUTER_BOUND('',#138,.T.) ;
#183=FACE_OUTER_BOUND('',#178,.T.) ;
#200=FACE_OUTER_BOUND('',#195,.T.) ;
#240=FACE_OUTER_BOUND('',#235,.T.) ;
#257=FACE_OUTER_BOUND('',#252,.T.) ;
#297=FACE_OUTER_BOUND('',#292,.T.) ;
#314=FACE_OUTER_BOUND('',#309,.T.) ;
#354=FACE_OUTER_BOUND('',#349,.T.) ;
#371=FACE_OUTER_BOUND('',#366,.T.) ;
#411=FACE_OUTER_BOUND('',#406,.T.) ;
#428=FACE_OUTER_BOUND('',#423,.T.) ;
#468=FACE_OUTER_BOUND('',#463,.T.) ;
#485=FACE_OUTER_BOUND('',#480,.T.) ;
#525=FACE_OUTER_BOUND('',#520,.T.) ;
#542=FACE_OUTER_BOUND('',#537,.T.) ;
#614=FACE_OUTER_BOUND('',#605,.T.) ;
#832=FACE_OUTER_BOUND('',#829,.T.) ;
#867=FACE_OUTER_BOUND('',#862,.T.) ;
#891=FACE_OUTER_BOUND('',#886,.T.) ;
#915=FACE_OUTER_BOUND('',#910,.T.) ;
#939=FACE_OUTER_BOUND('',#934,.T.) ;
#963=FACE_OUTER_BOUND('',#958,.T.) ;
#987=FACE_OUTER_BOUND('',#982,.T.) ;
#1011=FACE_OUTER_BOUND('',#1006,.T.) ;
#1028=FACE_OUTER_BOUND('',#1023,.T.) ;
#1067=FACE_OUTER_BOUND('',#1061,.T.) ;
#1085=FACE_OUTER_BOUND('',#1079,.T.) ;
#1123=FACE_OUTER_BOUND('',#1116,.T.) ;
#1147=FACE_OUTER_BOUND('',#1142,.T.) ;
#1171=FACE_OUTER_BOUND('',#1166,.T.) ;
#1195=FACE_OUTER_BOUND('',#1190,.T.) ;
#1226=FACE_OUTER_BOUND('',#1219,.T.) ;
#1265=FACE_OUTER_BOUND('',#1259,.T.) ;
#1283=FACE_OUTER_BOUND('',#1277,.T.) ;
#1307=FACE_OUTER_BOUND('',#1302,.T.) ;
#1331=FACE_OUTER_BOUND('',#1326,.T.) ;
#1348=FACE_OUTER_BOUND('',#1343,.T.) ;
#1379=FACE_OUTER_BOUND('',#1374,.T.) ;
#1391=FACE_OUTER_BOUND('',#1386,.T.) ;
#1422=FACE_OUTER_BOUND('',#1417,.T.) ;
#1434=FACE_OUTER_BOUND('',#1429,.T.) ;
#1465=FACE_OUTER_BOUND('',#1460,.T.) ;
#1477=FACE_OUTER_BOUND('',#1472,.T.) ;
#1508=FACE_OUTER_BOUND('',#1503,.T.) ;
#1520=FACE_OUTER_BOUND('',#1515,.T.) ;
#1551=FACE_OUTER_BOUND('',#1546,.T.) ;
#1563=FACE_OUTER_BOUND('',#1558,.T.) ;
#1579=FACE_OUTER_BOUND('',#1570,.T.) ;
#1651=FACE_OUTER_BOUND('',#1647,.T.) ;
#1656=FACE_OUTER_BOUND('',#1653,.T.) ;
#1676=FACE_OUTER_BOUND('',#1667,.T.) ;
#1748=FACE_OUTER_BOUND('',#1744,.T.) ;
#1753=FACE_OUTER_BOUND('',#1750,.T.) ;
#1762=FACE_OUTER_BOUND('',#1759,.T.) ;
#1771=FACE_OUTER_BOUND('',#1768,.T.) ;
#1780=FACE_OUTER_BOUND('',#1777,.T.) ;
#1789=FACE_OUTER_BOUND('',#1786,.T.) ;
#1798=FACE_OUTER_BOUND('',#1795,.T.) ;
#1833=FACE_OUTER_BOUND('',#1828,.T.) ;
#1857=FACE_OUTER_BOUND('',#1852,.T.) ;
#1881=FACE_OUTER_BOUND('',#1876,.T.) ;
#1905=FACE_OUTER_BOUND('',#1900,.T.) ;
#1929=FACE_OUTER_BOUND('',#1924,.T.) ;
#1953=FACE_OUTER_BOUND('',#1948,.T.) ;
#1977=FACE_OUTER_BOUND('',#1972,.T.) ;
#1994=FACE_OUTER_BOUND('',#1989,.T.) ;
#2025=FACE_OUTER_BOUND('',#2020,.T.) ;
#2049=FACE_OUTER_BOUND('',#2044,.T.) ;
#2073=FACE_OUTER_BOUND('',#2068,.T.) ;
#2097=FACE_OUTER_BOUND('',#2092,.T.) ;
#2121=FACE_OUTER_BOUND('',#2116,.T.) ;
#2145=FACE_OUTER_BOUND('',#2140,.T.) ;
#2169=FACE_OUTER_BOUND('',#2164,.T.) ;
#2186=FACE_OUTER_BOUND('',#2181,.T.) ;
#2202=FACE_OUTER_BOUND('',#2193,.T.) ;
#2279=FACE_OUTER_BOUND('',#2270,.T.) ;
#2310=FACE_OUTER_BOUND('',#2305,.T.) ;
#2334=FACE_OUTER_BOUND('',#2329,.T.) ;
#2358=FACE_OUTER_BOUND('',#2353,.T.) ;
#2382=FACE_OUTER_BOUND('',#2377,.T.) ;
#2406=FACE_OUTER_BOUND('',#2401,.T.) ;
#2430=FACE_OUTER_BOUND('',#2425,.T.) ;
#2454=FACE_OUTER_BOUND('',#2449,.T.) ;
#2471=FACE_OUTER_BOUND('',#2466,.T.) ;
#2482=FACE_OUTER_BOUND('',#2473,.T.) ;
#2611=FACE_OUTER_BOUND('',#2606,.T.) ;
#2635=FACE_OUTER_BOUND('',#2630,.T.) ;
#2659=FACE_OUTER_BOUND('',#2654,.T.) ;
#2683=FACE_OUTER_BOUND('',#2678,.T.) ;
#2707=FACE_OUTER_BOUND('',#2702,.T.) ;
#2731=FACE_OUTER_BOUND('',#2726,.T.) ;
#2755=FACE_OUTER_BOUND('',#2750,.T.) ;
#2772=FACE_OUTER_BOUND('',#2767,.T.) ;
#2788=FACE_OUTER_BOUND('',#2779,.T.) ;
#2885=FACE_OUTER_BOUND('',#2880,.T.) ;
#2909=FACE_OUTER_BOUND('',#2904,.T.) ;
#2933=FACE_OUTER_BOUND('',#2928,.T.) ;
#2957=FACE_OUTER_BOUND('',#2952,.T.) ;
#2981=FACE_OUTER_BOUND('',#2976,.T.) ;
#3005=FACE_OUTER_BOUND('',#3000,.T.) ;
#3029=FACE_OUTER_BOUND('',#3024,.T.) ;
#3046=FACE_OUTER_BOUND('',#3041,.T.) ;
#3057=FACE_OUTER_BOUND('',#3048,.T.) ;
#3154=FACE_OUTER_BOUND('',#3149,.T.) ;
#3178=FACE_OUTER_BOUND('',#3173,.T.) ;
#3202=FACE_OUTER_BOUND('',#3197,.T.) ;
#3226=FACE_OUTER_BOUND('',#3221,.T.) ;
#3250=FACE_OUTER_BOUND('',#3245,.T.) ;
#3274=FACE_OUTER_BOUND('',#3269,.T.) ;
#3298=FACE_OUTER_BOUND('',#3293,.T.) ;
#3315=FACE_OUTER_BOUND('',#3310,.T.) ;
#3331=FACE_OUTER_BOUND('',#3322,.T.) ;
#3428=FACE_OUTER_BOUND('',#3423,.T.) ;
#3452=FACE_OUTER_BOUND('',#3447,.T.) ;
#3476=FACE_OUTER_BOUND('',#3471,.T.) ;
#3500=FACE_OUTER_BOUND('',#3495,.T.) ;
#3524=FACE_OUTER_BOUND('',#3519,.T.) ;
#3548=FACE_OUTER_BOUND('',#3543,.T.) ;
#3572=FACE_OUTER_BOUND('',#3567,.T.) ;
#3589=FACE_OUTER_BOUND('',#3584,.T.) ;
#3600=FACE_OUTER_BOUND('',#3591,.T.) ;
#9=PRODUCT_CATEGORY_RELATIONSHIP(' ',' ',#7,#8) ;
#6=PRODUCT_DEFINITION_FORMATION_WITH_SPECIFIED_SOURCE('',' ',#5,.NOT_KNOWN.) ;
#20=SHAPE_DEFINITION_REPRESENTATION(#11,#19) ;
#12=(LENGTH_UNIT()NAMED_UNIT(*)SI_UNIT(.MILLI.,.METRE.)) ;
#13=(NAMED_UNIT(*)PLANE_ANGLE_UNIT()SI_UNIT($,.RADIAN.)) ;
#14=(NAMED_UNIT(*)SI_UNIT($,.STERADIAN.)SOLID_ANGLE_UNIT()) ;
#16=(GEOMETRIC_REPRESENTATION_CONTEXT(3)GLOBAL_UNCERTAINTY_ASSIGNED_CONTEXT((#15))GLOBAL_UNIT_ASSIGNED_CONTEXT((#12,#13,#14))REPRESENTATION_CONTEXT(' ',' ')) ;
ENDSEC;
END-ISO-10303-21;
