:020000022000DC
:10000000F0EF01201104020059040200590402001B
:1000100059040200590402005904020000000000C3
:1000200000000000000000000000000081D7020076
:100030005904020000000000E1D7020045D8020088
:100040001F62020029620200336202003D62020068
:1000500047620200516202005B62020065620200B8
:100060006F62020079620200836202008D62020008
:1000700097620200A1620200AB620200B562020058
:10008000BF62020059040200590402005904020030
:1000900059040200590402005904020059040200E4
:1000A000539702005D97020089990200939902001C
:1000B0009D9902006797020071970200590402009F
:1000C00059040200590402005904020059040200B4
:1000D00059040200590402005904020069B20200E6
:1000E00073B20200590402005904020059040200CC
:1000F0005904020059040200590402005904020084
:100100005904020059040200590402005904020073
:100110005904020059040200590402005904020063
:100120005904020059040200590402005904020053
:100130005904020059040200590402005904020043
:100140005904020059040200590402005904020033
:1001500059040200D97C020059040200590402002B
:100160003D640200156402001F640200296402005D
:100170005904020033640200557C02005F7C0200D7
:10018000697C0200737C02007D7C0200590402003D
:1001900059040200877C0200917C0200590402008D
:1001A0009B7C0200A57C0200590402005904020055
:1001B000AF7C0200B97C020059040200C37C02003B
:1001C000CD7C0200590402005904020059040200C7
:1001D00059040200590402005904020059040200A3
:1001E0005904020059040200590402005904020093
:1001F0005904020059040200590402005904020083
:100200005904020059040200590402005904020072
:100210005904020059040200590402005904020062
:100220005904020059040200590402005904020052
:100230005904020059040200590402005904020042
:100240005904020059040200590402005904020032
:100250005904020059040200590402005904020022
:100260005904020059040200590402005904020012
:100270005904020059040200590402005904020002
:1002800059040200590402005904020059040200F2
:1002900059040200590402005904020059040200E2
:1002A00059040200590402005904020059040200D2
:1002B00059040200590402005904020059040200C2
:1002C00059040200590402005904020059040200B2
:1002D00059040200590402005904020059040200A2
:1002E0005904020059040200590402005904020092
:1002F0005904020059040200590402005904020082
:100300005904020059040200590402005904020071
:100310005904020059040200590402005904020061
:100320005904020059040200590402005904020051
:100330005904020059040200590402005904020041
:100340005904020059040200590402005904020031
:100350005904020059040200590402005904020021
:100360005904020059040200590402005904020011
:100370005904020059040200590402005904020001
:1003800059040200590402005904020059040200F1
:1003900059040200590402005904020059040200E1
:1003A00059040200590402005904020059040200D1
:1003B00059040200590402005904020059040200C1
:1003C00059040200590402005904020059040200B1
:1003D00059040200590402005904020059040200A1
:1003E0005904020059040200590402005904020091
:1003F000590402005904020059040200FFFFFFFFE4
:10040000FFFFFFFFFFFFFFFFFFFFFFFFFE7FFFFF7D
:1004100072B64FF000014FF000024FF000034FF0B2
:1004200000044FF000054FF000064FF00007B846FB
:10043000B946BA46BB46BC46044880470448854690
:100440000448804762B60DF0B3FBFEE71D42020090
:10045000F0EF012081420200FFF7FEBF81F0004172
:1004600002E000BF83F0004330B54FEA41044FEA99
:10047000430594EA050F08BF90EA020F1FBF54EA34
:10048000000C55EA020C7FEA645C7FEA655C00F0D0
:10049000E2804FEA5454D4EB5555B8BF6D420CDDA1
:1004A0002C4480EA020281EA030382EA000083EA24
:1004B000010180EA020281EA0303362D88BF30BDC4
:1004C00011F0004F4FEA01314FF4801C4CEA11311A
:1004D00002D0404261EB410113F0004F4FEA033379
:1004E0004CEA133302D0524263EB430394EA050F04
:1004F00000F0A780A4F10104D5F1200E0DDB02FA73
:100500000EFC22FA05F2801841F1000103FA0EF206
:10051000801843FA05F359410EE0A5F120050EF1CC
:10052000200E012A03FA0EFC28BF4CF0020C43FAFD
:1005300005F3C01851EBE37101F0004507D54FF00A
:10054000000EDCF1000C7EEB00006EEB0101B1F55A
:10055000801F1BD3B1F5001F0CD349085FEA3000A0
:100560004FEA3C0C04F101044FEA445212F5800FAB
:1005700080F09A80BCF1004F08BF5FEA500C50F148
:10058000000041EB045141EA050130BD5FEA4C0C2B
:10059000404141EB010111F4801FA4F10104E9D1B4
:1005A00091F0000F04BF01460020B1FA81F308BFAB
:1005B0002033A3F10B03B3F120020CDA0C3208DD77
:1005C00002F1140CC2F10C0201FA0CF021FA02F152
:1005D0000CE002F11402D8BFC2F1200C01FA02F1C2
:1005E00020FA0CFCDCBF41EA0C019040E41AA2BFE7
:1005F00001EB0451294330BD6FEA04041F3C1CDAAF
:100600000C340EDC04F11404C4F1200220FA04F0CE
:1006100001FA02F340EA030021FA04F345EA030178
:1006200030BDC4F10C04C4F1200220FA02F001FA3A
:1006300004F340EA0300294630BD21FA04F02946BC
:1006400030BD94F0000F83F4801306BF81F4801155
:100650000134013D4EE77FEA645C18BF7FEA655CC8
:1006600029D094EA050F08BF90EA020F05D054EA9A
:10067000000C04BF1946104630BD91EA030F1EBF9F
:100680000021002030BD5FEA545C05D140004941A3
:1006900028BF41F0004130BD14F580043CBF01F596
:1006A000801130BD01F0004545F0FE4141F470017C
:1006B0004FF0000030BD7FEA645C1ABF1946104657
:1006C0007FEA655C1CBF0B46024650EA013406BF58
:1006D00052EA033591EA030F41F4002130BD00BF17
:1006E00090F0000F04BF0021704730B54FF48064D4
:1006F00004F132044FF000054FF0000150E700BF55
:1007000090F0000F04BF0021704730B54FF48064B3
:1007100004F1320410F0004548BF40424FF00001A0
:100720003EE700BF42004FEAE2014FEA31014FEAE3
:1007300002701FBF12F07F4393F07F4F81F0605132
:10074000704732F07F4208BF704793F07F4F04BF7D
:1007500041F40021704730B54FF4607401F000455A
:1007600021F000411CE700BF50EA010208BF7047BA
:1007700030B54FF000050AE050EA010208BF7047AB
:1007800030B511F0004502D5404261EB41014FF414
:10079000806404F132045FEA915C3FF4D8AE4FF01C
:1007A00003025FEADC0C18BF03325FEADC0C18BFFF
:1007B000033202EBDC02C2F1200300FA03FC20FA50
:1007C00002F001FA03FE40EA0E0021FA02F114449D
:1007D000BDE600BF70B54FF0FF0C4CF4E06C1CEAB6
:1007E00011541DBF1CEA135594EA0C0F95EA0C0F27
:1007F00000F0DEF82C4481EA030621EA4C5123EA9A
:100800004C5350EA013518BF52EA033541F48011C8
:1008100043F4801338D0A0FB02CE4FF00005E1FB7B
:1008200002E506F00042E0FB03E54FF00006E1FBC5
:1008300003569CF0000F18BF4EF0010EA4F1FF0408
:10084000B6F5007F64F5407404D25FEA4E0E6D4148
:1008500046EB060642EAC62141EA55514FEAC52059
:1008600040EA5E504FEACE2EB4F1FD0C88BFBCF5D5
:10087000E06F1ED8BEF1004F08BF5FEA500E50F186
:10088000000041EB045170BD06F0004646EA01014C
:1008900040EA020081EA0301B4EB5C04C2BFD4EB7E
:1008A0000C0541EA045170BD41F480114FF0000E77
:1008B000013C00F3AB8014F1360FDEBF002001F0E5
:1008C000004170BDC4F10004203C35DA0C341BDC5F
:1008D00004F11404C4F1200500FA05F320FA04F031
:1008E00001FA05F240EA020001F0004221F0004165
:1008F00010EBD37021FA04F642EB06015EEA430ED8
:1009000008BF20EAD37070BDC4F10C04C4F1200507
:1009100000FA04F320FA05F001FA04F240EA0200BA
:1009200001F0004110EBD37041F100015EEA430E8B
:1009300008BF20EAD37070BDC4F1200500FA05F2AB
:100940004EEA020E20FA04F301FA05F243EA02032A
:1009500021FA04F001F0004121FA04F220EA020039
:1009600000EBD3705EEA430E08BF20EAD37070BD7F
:1009700094F0000F0FD101F00046400041EB01015F
:1009800011F4801F08BF013CF7D041EA060195F041
:10099000000F18BF704703F00046520043EB0303FB
:1009A00013F4801F08BF013DF7D043EA06037047E8
:1009B00094EA0C0F0CEA135518BF95EA0C0F0CD0F3
:1009C00050EA410618BF52EA4306D1D181EA030139
:1009D00001F000414FF0000070BD50EA410606BF33
:1009E0001046194652EA430619D094EA0C0F02D178
:1009F00050EA013613D195EA0C0F05D152EA0336BD
:100A00001CBF104619460AD181EA030101F00041DA
:100A100041F0FE4141F470014FF0000070BD41F023
:100A2000FE4141F4780170BD70B54FF0FF0C4CF4FD
:100A3000E06C1CEA11541DBF1CEA135594EA0C0F1C
:100A400095EA0C0F00F0A7F8A4EB050481EA030E69
:100A500052EA03354FEA013100F088804FEA033350
:100A60004FF0805545EA131343EA12634FEA02221E
:100A700045EA111545EA10654FEA00260EF00041DF
:100A80009D4208BF964244F1FD0404F5407402D231
:100A90005B084FEA3202B61A65EB03055B084FEAC2
:100AA00032024FF480104FF4002CB6EB020E75EBBF
:100AB000030E22BFB61A754640EA0C005B084FEAE7
:100AC0003202B6EB020E75EB030E22BFB61A754664
:100AD00040EA5C005B084FEA3202B6EB020E75EBAF
:100AE000030E22BFB61A754640EA9C005B084FEA27
:100AF0003202B6EB020E75EB030E22BFB61A754634
:100B000040EADC0055EA060E18D04FEA051545EA22
:100B100016754FEA06164FEAC30343EA52734FEACB
:100B2000C2025FEA1C1CC0D111F4801F0BD141EA44
:100B300000014FF000004FF0004CB6E711F4801FA9
:100B400004BF01430020B4F1FD0C88BFBCF5E06F89
:100B50003FF6AFAEB5EB030C04BFB6EB020C5FEA99
:100B6000500C50F1000041EB045170BD0EF0004EEE
:100B70004EEA113114EB5C04C2BFD4EB0C0541EA20
:100B8000045170BD41F480114FF0000E013C90E61D
:100B900045EA060E8DE60CEA135594EA0C0F08BFE1
:100BA00095EA0C0F3FF43BAF94EA0C0F0AD150EAE0
:100BB00001347FF434AF95EA0C0F7FF425AF104673
:100BC00019462CE795EA0C0F06D152EA03353FF49B
:100BD000FDAE1046194622E750EA410618BF52EA18
:100BE00043067FF4C5AE50EA41047FF40DAF52EAEC
:100BF00043057FF4EBAE12E74FF0FF3C06E000BF89
:100C00004FF0010C02E000BF4FF0010C4DF804CD95
:100C10004FEA410C7FEA6C5C4FEA430C18BF7FEA55
:100C20006C5C1BD001B050EA410C0CBF52EA430C83
:100C300091EA030F02BF90EA020F0020704710F103
:100C4000000F91EA030F58BF994208BF90422CBF92
:100C5000D8176FEAE37040F0010070474FEA410C8B
:100C60007FEA6C5C02D150EA013C07D14FEA430CA9
:100C70007FEA6C5CD6D152EA033CD3D05DF8040B1A
:100C8000704700BF8446104662468C46194663464C
:100C900000E000BF01B5FFF7B7FF002848BF10F123
:100CA000000F01BD4DF808EDFFF7F4FF0CBF012068
:100CB00000205DF808FB00BF4DF808EDFFF7EAFFE4
:100CC00034BF012000205DF808FB00BF4DF808ED9F
:100CD000FFF7E0FF94BF012000205DF808FB00BF94
:100CE0004DF808EDFFF7CEFF94BF012000205DF81E
:100CF00008FB00BF4DF808EDFFF7C4FF34BF01202B
:100D000000205DF808FB00BF4FEA410C7FEA6C5CF5
:100D100002D150EA013C0AD14FEA430C7FEA6C5CF5
:100D200002D152EA033C02D14FF0000070474FF06D
:100D3000010070474FEA410212F5001215D211D599
:100D40006FF47873B3EB625212D94FEAC12343F0C8
:100D5000004343EA505311F0004F23FA02F018BF4A
:100D6000404270474FF00000704750EA013005D113
:100D700011F0004008BF6FF0004070474FF00000D6
:100D8000704700BF4A0011D212F5001211D20DD5E2
:100D90006FF47873B3EB62520ED44FEAC12343F081
:100DA000004343EA505323FA02F070474FF000002B
:100DB000704750EA013002D14FF0FF3070474FF0DA
:100DC000000070474FEA4102B2F1E04324BFB3F59F
:100DD000001CDCF1FE5C0DD901F0004C4FEAC002B2
:100DE0004CEA5070B2F1004F40EB830008BF20F096
:100DF0000100704711F0804F21D113F13872BCBF50
:100E000001F00040704741F480114FEA5252C2F1A4
:100E10001802C2F1200C10FA0CF320FA02F018BFED
:100E200040F001004FEAC1234FEAD32303FA0CFC40
:100E300040EA0C0023FA02F34FEA4303CCE77FEACF
:100E4000625307D150EA01331EBF4FF0FE4040F419
:100E50004000704701F0004040F0FE4040F40000C8
:100E6000704700BF8C4619B3F0B54E1E8F1EF3B20B
:100E7000FF1A4FF0000E10E05A0030F81310023243
:100E8000845AA14284BF20F8134081520133DBB25F
:100E9000AB42F1DB013EB74205D03546002EC8BF5C
:100EA0007346E9DCF6E74FEA5C0C30F81C00F0BD55
:100EB0004FEA510C30F81C007047000008B50A4B8F
:100EC0000A4A03F10C0033F8021B22F8021B83428A
:100ED000F9D10749054B0B6000231A460548006805
:100EE0000BF0D4FA08BD00BF000000206000002015
:100EF000C80000205C00002008B5084908480AF036
:100F0000BFFA0221272007F007FD00220421032059
:100F10000BF004FA034B186008BD00BF002C03005F
:100F20000C2C03005C00002038B500223249334B02
:100F300018680BF023FB012808D0314B1B78012BDC
:100F400052D000212F480AF0E9FA38BD2A4B19681F
:100F50002D4803780C882D4A22F813404D88DC1D5B
:100F600022F814508D8803F10E0422F81450CD8815
:100F700003F1150422F814500D8903F11C0422F822
:100F800014504C8903F1230122F811400133DBB2E4
:100F90000370062BD1D9154607211046FFF762FFD3
:100FA0001B4C2080072105F10E00FFF75BFF6080DE
:100FB000072105F11C00FFF755FFA080072105F16F
:100FC0002A00FFF74FFFE080072105F13800FFF707
:100FD00049FF2081072105F14600FFF743FF6081AB
:100FE0000022094B1A70A8E7044B18680BF0FAFBB3
:100FF000034B9871A5E700BFC40000205C000020EF
:10100000980700200C2C03006C00002070000020CA
:10101000540A002000B587B000238DF810308DF8F9
:1010200011308DF80F300138C0B2032803D90020E9
:1010300007B05DF804FB01238DF81430000140383F
:101040008DF81500E3228DF8162005220092032268
:1010500005A913480AF045FD08B10020E8E7022081
:101060000BF092FF05230093002301220DF10F01E5
:101070000B480AF036FD08B10020D9E7052300939C
:101080000123022204A906480AF041FD30B99DF867
:1010900010309DF8110040EA0320C9E70020C7E79F
:1010A0004C00002008B5024902480AF0BDFC08BD0A
:1010B000C82C03004C00002038B5094D2C780134B1
:1010C000E4B22C702046FFF7A5FF064B03EB440467
:1010D00060812B78032B01D900222A7038BD00BF14
:1010E000CC000020540A002010B50D4C01220A212A
:1010F000204609F0AAFF01220A21204609F0B1FF8B
:1011000001220921204609F0ACFF00220A212046D5
:1011100009F0A7FF00220921204609F0A2FF10BD17
:1011200040F00F402DE9F0410546154C01220A21FF
:10113000204609F08AFF00220921204609F091FF8C
:1011400008240F4E00274FF0010815F0800F14BF40
:1011500042463A460A21304609F083FF6D00EDB25F
:1011600042460921304609F07CFF3A4609213046C3
:1011700009F077FF631E13F0FF04E6D1BDE8F081AC
:1011800040F00F4010B50D4C01220A21204609F015
:101190005CFF00220921204609F063FF00220A219A
:1011A000204609F05EFF01220921204609F059FF7F
:1011B00001220A21204609F054FF10BD40F00F40E3
:1011C00038B5134C00220A21204609F03EFF0122C7
:1011D0000A21204609F045FF01220921204609F095
:1011E00040FFFB240A4D284609F04DFF10F4806FA4
:1011F00007D0631E13F0FF04F5D1FFF7C3FF0120F2
:1012000038BD00220921024809F02BFF002038BD1B
:1012100040F00F4010B582B0032806D8DFE800F098
:1012200002292D31C022194B1A708DF804100123A8
:101230008DF80530154B1B788DF80630E3238DF8BB
:101240000730FFF751FF0023114A1370144602AA1A
:10125000134413F8040CFFF765FFFFF7B1FF237881
:101260000133DBB22370032BF1D9FFF78BFF02B000
:1012700010BDD022054B1A70D7E7E022034B1A703D
:10128000D3E7F022014B1A70CFE700BFCD0000205A
:10129000CE00002010B50446FFF726FF2046FFF7DA
:1012A00041FFFFF78DFF0020FFF73CFFFFF788FFAE
:1012B000FFF768FF10BD00002DE9F84381460022CA
:1012C0000A212D4809F0C1FE082500242A4EA04617
:1012D000092742463946304609F0C3FE0122394605
:1012E000304609F0BEFE6400E4B2304609F0CBFEA1
:1012F00010F4806F1CBF0134E4B26B1E13F0FF05C5
:10130000E7D1B9F1000F1CD01B4D0022092128465E
:1013100009F0A7FE01220A21284609F096FE0022C4
:101320000A21284609F09DFE01220921284609F0DC
:1013300098FE00220921284609F093FE2046BDE8C8
:10134000F8830D4D00220921284609F08AFE01226A
:101350000A21284609F079FE01220A21284609F0CF
:1013600080FE01220921284609F07BFE0022092186
:10137000284609F076FEE1E740F00F4038B5044614
:10138000FFF7B2FE601CC0B2FFF7CCFEFFF718FFFC
:101390000120FFF791FF05460120FFF78DFF04466E
:1013A000FFF7F0FE04EB052080B238BD10B5064C07
:1013B00001220921204609F054FE01220A2120467B
:1013C00009F04FFE10BD00BF40F00F402DE9F04185
:1013D0001D4F0024922602253146E0B2FFF71AFF86
:1013E00028460BF0D1FD3046FFF754FF28460BF09E
:1013F000CBFD3046FFF7C2FF804628460BF0C4FD08
:1014000027F8028B0134042CE6D1104F00249026DB
:1014100002253146E0B2FFF7FDFE28460BF0B4FD91
:101420003046FFF737FF28460BF0AEFD3046FFF79A
:10143000A5FF804628460BF0A7FD27F8028B013454
:10144000042CE6D1BDE8F0816C0A0020740A00206B
:10145000A2B32DE9F04182B00446571EFFB24D1EE3
:101460000F440026DFF8588007E09DF8033005F8A8
:10147000013F0134A4B2BD421DD08DF8036014F4C5
:10148000004FF2D1230A8DF804308DF80540334621
:10149000022201A940460AF01BFB03200BF074FD59
:1014A00001231A460DF1030140460AF027FB0320F1
:1014B0000BF06AFDD9E702B0BDE8F081704700BFCC
:1014C0002C05FE1F6AB32DE9F04182B004460D469B
:1014D000531EDBB203445E1CB6B2DFF8488001271E
:1014E00007E00134A4B2013505200BF04DFDB442F4
:1014F00014D014F4004FF4D12B78220A8DF8042074
:101500008DF805408DF806303B46032201A9404680
:101510000AF0DEFA03200BF037FDE2E702B0BDE887
:10152000F08170472C05FE1F08B5024902480AF0F9
:101530007BFA08BDE02C03002C05FE1F08B50C4B00
:101540001B78012B02D0022B09D008BD0222084BC8
:101550001A70042207490020FFF7B4FF08BD0322D8
:10156000034B1A70042204490020FFF771FFECE7D7
:101570006C0EFE1F700EFE1FD000002008B5064B3B
:101580001B7803B908BD054A054B1A6007F0BCF982
:1015900002F06AFEF6E700BFD5000020CDFE351749
:1015A000F0EF012010B50A490A480AF045FC012273
:1015B0001121094809F055FD084C01221D21204642
:1015C00009F04FFD01221E21204609F04AFD10BD01
:1015D000142D03005C0EFE1F40F00F40C0F00F40C2
:1015E0002DE9F04383B0DD4B1B7D002B00F007811C
:1015F00000248DF800408DF801408DF804408DF8EE
:101600000540DFF8688322461121404609F029FD94
:1016100002200BF0B9FCD24F022301AA69463846DA
:101620000AF07EFC02200BF0AFFC012211214046A3
:1016300009F017FDC94E9DF804209DF8053003EB15
:101640000223F38202200BF09FFC8DF800408DF8FE
:101650000140C44D22461D21284609F002FD02200A
:101660000BF092FC022301AA694638460AF058FCA6
:1016700002200BF089FC01221D21284609F0F1FC13
:101680009DF804209DF8053003EB022333830220EC
:101690000BF07AFC8DF800408DF8014022461E21A7
:1016A000284609F0DEFC02200BF06EFC022301AAA2
:1016B000694638460AF034FC02200BF065FC012232
:1016C0001E21284609F0CDFC9DF804209DF8053028
:1016D00003EB0223738302200BF056FC8DF80140CC
:1016E0008DF804408DF805404FF007098DF8009003
:1016F00022461121404609F0B4FC02200BF044FCC4
:10170000022301AA694638460AF00AFC02200BF0BF
:101710003BFC01221121404609F0A3FC9DF8042066
:101720009DF8053003EB0223738402200BF02CFCA0
:101730008DF800908DF8014022461D21284609F0C1
:1017400090FC02200BF020FC022301AA69463846D7
:101750000AF0E6FB02200BF017FC01221D212846AF
:1017600009F07FFC9DF804209DF8053003EB02236F
:10177000B38402200BF008FC8DF800908DF8014036
:1017800022461E21284609F06CFC02200BF0FCFBCF
:10179000022301AA694638460AF0C2FB02200BF078
:1017A000F3FB01221E21284609F05BFC9DF8042072
:1017B0009DF8053003EB0223F38402200BF0E4FBD9
:1017C0008DF800408DF801408DF804408DF80540FB
:1017D000284609F058FC10F0805F77D0624809F085
:1017E00052FC10F0020F00F0C3805F4809F04BFC80
:1017F00010F0010F00F0038103B0BDE8F083012673
:10180000564B1E7500248DF804408DF805404FF0AE
:1018100080098DF800904FF0D3088DF80180534D6A
:1018200022461121284609F01CFC02200BF0ACFBDB
:101830004B4F022301AA694638460AF071FB022089
:101840000BF0A2FB32461121284609F00AFC0220C7
:101850000BF09AFB8DF800908DF8018080352246C0
:101860001D21284609F0FDFB02200BF08DFB022311
:1018700001AA694638460AF053FB02200BF084FBAC
:1018800032461D21284609F0ECFB02200BF07CFBC0
:101890008DF800908DF8018022461E21284609F01F
:1018A000E0FB02200BF070FB022301AA69463846D8
:1018B0000AF036FB02200BF067FB32461E21284659
:1018C00009F0CFFB02200BF05FFB91E64FF001081F
:1018D0008DF8008027468DF80140244E22461121C4
:1018E000304609F0BEFB02200BF04EFBDFF8709093
:1018F000022301AA694648460AF012FB02200BF0B7
:1019000043FB42461121304609F0ABFB9DF80550E0
:101910002D0202248DF800408DF801703A46112105
:10192000304609F09EFB20460BF02EFB234601AA11
:10193000694648460AF0F4FA20460BF025FB424679
:101940001121304609F08DFB9DF805301D44034BF5
:101950009D8320460BF018FB40E700BF680A00207B
:101960005C0EFE1FC0F00F4000F00F4040F00F4033
:101970004FF001088DF8008000278DF80170434E6C
:101980003A461D21304609F06CFB02200BF0FCFAB0
:10199000DFF80091022301AA694648460AF0C0FA1E
:1019A00002200BF0F1FA42461D21304609F059FBA6
:1019B0009DF805502D0202248DF800408DF801702D
:1019C0003A461D21304609F04CFB20460BF0DCFA6C
:1019D000234601AA694648460AF0A2FA20460BF0BF
:1019E000D3FA42461D21304609F03BFB9DF80530F5
:1019F0001D44274BDD8320460BF0C6FAF5E64FF079
:101A000001088DF8008000278DF801701F4E3A46BE
:101A10001E21304609F025FB02200BF0B5FADFF855
:101A20007490022301AA694648460AF079FA022016
:101A30000BF0AAFA42461E21304609F012FB9DF82F
:101A400005502D0202248DF800408DF801703A46B1
:101A50001E21304609F005FB20460BF095FA23467F
:101A600001AA694648460AF05BFA20460BF08CFA58
:101A700042461E21304609F0F4FA9DF805301D4417
:101A8000034B1D8420460BF07FFAB5E6C0F00F40F3
:101A9000680A00205C0EFE1F10B5084908480AF0CD
:101AA000CBF9084C00220C21204609F0DAFA00227A
:101AB0000D21204609F0D5FA10BD00BF302D0300DE
:101AC000640EFE1F80F00F4030B585B00025ADF8E4
:101AD0000E501E4C01220C21204609F0C2FA0122B0
:101AE0000D21204609F0BDFA194C294620460AF07E
:101AF0005FFA184B1B7863F0FF0304A921F8023D3D
:101B0000022300930123144A20460AF02BFA18B945
:101B1000114B1A880F4B9A700D4C012120460AF088
:101B200047FA0C4B5B7863F0FF0304A921F8023DF0
:101B3000022300930123094A20460AF013FA18B938
:101B4000054B5A88034BDA7005B030BD80F00F406A
:101B5000640EFE1FD8000020DC000020DE00002004
:101B600008B5074A01F00F0303EB0013137020F0D0
:101B70000F0040EA11115170FFF7A6FF08BD00BF2A
:101B8000D800002008B5094BD3F8002442F03002F9
:101B9000C3F80024D3F8042442F03002C3F804242C
:101BA0000349044804F050FC08BD00BF0010004089
:101BB000E8010020CC2B030038B505460C46C1F3E4
:101BC0000B033BB1B1F5805F26BF01F58054E41AE9
:101BD0004FF4805422462946094804F09DFC0346F0
:101BE00008B1184638BD06484FF0FF338361012322
:101BF000C4F30F12294604F0D7FC0346F1E700BFF7
:101C0000E80100202DE9F04385B00746894690465B
:101C100006F07AFE07EB0805AF4212D23C4602E01E
:101C20000434AC420DD22368B3F1FF3FF8D0291B36
:101C30002046FFF7C1FF06460028F2D006F056FE08
:101C400014E04B46424639460C4804F0E3FC064695
:101C500080B90123019303AB00934B4642463946BA
:101C6000064804F033FD064606F040FE304605B057
:101C7000BDE8F08306F03AFEF8E700BFE801002077
:101C800070B504460D46164606F03EFE46B1291FC5
:101C900004EB860254F8043B41F8043F9442F9D126
:101CA00006F024FE70BD01700B0A43700B0C8370AC
:101CB000090EC1700420704770B5C0B00D4E351FBD
:101CC000FC36002455F8041F0DEB0400FFF7EBFF72
:101CD0000444A4B2B542F5D114F0070302D008348D
:101CE000E41AA4B2224669464FF48030FFF78AFF17
:101CF00040B070BDE000002008B5402202494FF41A
:101D00008030FFF7BDFF08BDE000002010B5164B86
:101D10001A785B78934224D0134B5A70134B2120CE
:101D200083F8000141F23421A3F80211104AC3F8EC
:101D30000421186059609A60FFF7BEFF0324FFF783
:101D4000DBFF0A4B53F8242083F80021621C53F870
:101D50002220A3F80221023453F82420C3F80421DE
:101D600010BD0024EBE700BF04020020E0000020CB
:101D70007856341238B5494D284609F084F980F474
:101D80008054C4F30034284609F07DF910F4804FE4
:101D900008BF44F00204414809F075F910F4005FEF
:101DA00008BF44F004043D4809F06DF910F4806F59
:101DB0000EBF44F0080424F00804A4B2374809F028
:101DC00062F910F4006F0EBF44F0100424F0100408
:101DD000A4B2324809F057F910F4004F0EBF44F096
:101DE000200424F02004A4B22C4809F04CF910F48B
:101DF000001F0EBF44F0400424F04004A4B2274862
:101E000009F041F910F4801F0EBF44F0800424F063
:101E10008004A4B2214809F036F910F4002F0EBF57
:101E200044F4807424F48074A4B21C4809F02BF9A3
:101E300010F4803F0EBF44F4007424F40074A4B284
:101E4000164809F020F910F4800F0EBF44F48064A6
:101E500024F48064A4B2114809F015F910F4000FBD
:101E60000EBF44F4006424F40064A4B20B4809F0EB
:101E70000AF910F0807F0EBF44F4805424F480549B
:101E8000A4B2064809F0FFF810F0007F0EBF44F43A
:101E9000005024F40054A0B238BD00BF00F10F4040
:101EA00010B50E495D2009F0C0F80D4C0121204607
:101EB00009F0E5F80221204609F0DFF80022182198
:101EC000204609F0CEF800221321204609F0C9F877
:101ED00000221221204609F0C4F810BD3405FE1F6F
:101EE000C0F00F4008B5FFF745FF08BD38B51D48E5
:101EF00009F0C9F880F00804C4F3C0041A4809F0D6
:101F0000C2F810F4807F08BF44F00204174809F0BB
:101F1000BAF810F4001F08BF44F00404134809F095
:101F2000B2F810F4801F0CBF44F0080404F0F7046A
:101F30000D4809F0A8F810F4007F0CBF44F010041D
:101F400004F0EF040A4809F09EF810F4003F0CBFBB
:101F500044F0200404F0DF04064D6C80FFF70AFF14
:101F6000288038BD80F00F4000F10F4040F00F4056
:101F7000C0F00F40680A002010B5044610F0010FB1
:101F800014BF0122002217211C4809F06AF814F03E
:101F9000020F14BF012200220221184809F061F843
:101FA00014F0040F14BF012200220321134809F08A
:101FB00058F814F0080F14BF0122002204210F4822
:101FC00009F04FF814F0100F14BF0122002216215F
:101FD0000A4809F046F814F0200F14BF012200222D
:101FE0000F21074809F03DF814F0400F14BF0122FB
:101FF00000221021024809F034F810BDC0F00F4053
:1020000080F00F400123002140FA03F202F00102A8
:1020100051400133102BF7D108467047E0B170B43E
:102020000F498C780B1D421ED2B2033201EB4201E4
:102030000025012601E08B420CD033F8022F12F468
:10204000004FF8D0B3F86A0090421CBF44F002047D
:102050003546F0E70DB970BC7047014B9C70FAE74C
:102060000802002010B32DE9F04182B0104DAC1DE4
:10207000431EDBB2043305EB4305DFF8388002274B
:1020800001260097334604F16A022146404609F0D2
:1020900069FF18B90234AC42F3D104E0044A9378E2
:1020A00043F00103937002B0BDE8F081704700BFB8
:1020B000080200205400002010B54FF4A040FFF7A4
:1020C000A1FF0F4C00F0010040F4A040E08001208F
:1020D0002071FFF7C7FFB4F87030C3F3400262709D
:1020E00003F4C072B2F5C07F03D103F06003602B2C
:1020F00004D0034A937843F00403937010BD00BFEB
:102100000802002010B54FF49C40FFF77BFF084CFD
:1021100000F0010040F49C40E08001202071FFF7B6
:10212000A1FFB4F87000C0F34200207010BD00BFE2
:102130000802002010B54AF6D430FFF763FF0D4CBB
:1021400000F0010040F42B4040F0D400E0804AF65B
:102150002A40FFF757FF00F0010040F42C4040F008
:102160002A00208102202071FFF77CFF2079FFF7F1
:1021700055FF10BD0802002070B548F25670FFF7F9
:1021800041FF564C00F0010040F4074040F056007B
:10219000E08048F2DE70FFF735FF00F0010040F408
:1021A000074040F0DE00208148F2AC60FFF72AFFD4
:1021B00000F0010040F4064040F0AC00608148F2BD
:1021C0002460FFF71FFF00F0010040F4064040F0DC
:1021D0002400A081042626713046FFF743FF2079B2
:1021E000FFF71CFFFFF768FF4FF40C40FFF70AFFF3
:1021F00000F0010040F40C40E0804FF40E40FFF787
:1022000001FF00F0010040F40E40208102252571FD
:102210002846FFF727FF2079FFF700FF4FF40A4019
:10222000FFF7F0FE00F0010040F40A40E0800120DA
:102230002071FFF717FF2079FFF7F0FEFFF77AFF15
:1022400048F2BE70FFF7DEFE00F0010040F40740E8
:1022500040F0BE00E08048F26860FFF7D3FE00F077
:10226000010040F4064040F06800208148F27C7094
:10227000FFF7C8FE00F0010040F4074040F07C008A
:10228000608148F29470FFF7BDFE00F0010040F459
:10229000074040F09400A08126713046FFF7E2FE2F
:1022A0002079FFF7BBFEFFF707FF4FF4D050FFF791
:1022B000A9FE00F0010040F4D050E0804FF4E0505F
:1022C000FFF7A0FE00F0010040F4E05020812571EE
:1022D0002846FFF7C7FEFFF715FF70BD0802002074
:1022E00038B501280ED060B1022855D0314B1B788B
:1022F000834206D02F4B1870FFF71CFF64200AF0B2
:1023000043FE38BD2B4B1B78012BFAD00122294B01
:102310001A704AF60620FFF775FE274C00F0010000
:1023200040F42A4040F00600E0804AF6F850FFF7FB
:1023300069FE00F0010040F42D4040F0F8002081DB
:10234000022525712846FFF78DFE2079FFF766FEEE
:102350000A200AF019FE4AF60A20FFF753FE00F0A1
:10236000010040F42A4040F00A00E0804AF6F450B0
:10237000FFF748FE00F0010040F42D4040F0F4006B
:10238000208125712846FFF76DFE2079FFF746FE74
:102390000A200AF0F9FD38BD064B1B78022BB0D09D
:1023A0000222044B1A70FFF7C5FE0A200AF0ECFD6A
:1023B00038BD00BFE20200200802002010B5064C24
:1023C0000649204609F038FD0221204609F0F0FDBB
:1023D000FFF7D2FE10BD00BF54000020F82C030010
:1023E00010B5EE4B1B78012B00F008820020FFF7A0
:1023F00009FEEA4C00F00100E0804FF40070FFF7A6
:1024000001FE00F0010040F4007020814FF4806074
:10241000FFF7F8FD00F0010040F4806060814FF4A8
:10242000C060FFF7EFFD00F0010040F4C060A08144
:102430004FF40060FFF7E6FD00F0010040F400609B
:10244000E0814FF42060FFF7DDFD00F0010040F473
:10245000206020824FF44060FFF7D4FD00F00100BF
:1024600040F4406060824FF46060FFF7CBFD00F005
:10247000010040F46060A0824FF48050FFF7C2FD7D
:1024800000F0010040F48050E0824FF49050FFF7DC
:10249000B9FD00F0010040F4905020834FF4A050AB
:1024A000FFF7B0FD00F0010040F4A05060834FF44E
:1024B000B050FFF7A7FD00F0010040F4B050A0833A
:1024C0004FF4C050FFF79EFD00F0010040F4C050F3
:1024D000E0834FF4D050FFF795FD00F0010040F489
:1024E000D05020844FF4E050FFF78CFD00F0010045
:1024F00040F4E05060844FF4F050FFF783FD00F0AB
:10250000010040F4F050A0844FF40050FFF77AFD32
:1025100000F0010040F40050E0844FF40850FFF751
:1025200071FD00F0010040F4085020854FF4105078
:10253000FFF768FD00F0010040F4105060854FF493
:102540001850FFF75FFD00F0010040F41850A0851F
:102550004FF42050FFF756FD00F0010040F42050EA
:10256000E0854FF42850FFF74DFD00F0010040F4E6
:10257000285020864FF43050FFF744FD00F0010052
:1025800040F4305060864FF43850FFF73BFD00F0C8
:10259000010040F43850A0864FF44050FFF732FD60
:1025A00000F0010040F44050E0864FF44850FFF73F
:1025B00029FD00F0010040F4485020874FF45050AE
:1025C000FFF720FD00F0010040F4505060874FF409
:1025D0005850FFF717FD00F0010040F45850A08755
:1025E0004FF46050FFF70EFD00F0010040F4605022
:1025F000E0874FF46850FFF705FD00F0010040F45C
:102600006850A4F840004FF47050FFF7FBFC00F056
:10261000010040F47050A4F842004FF47850FFF7E6
:10262000F1FC00F0010040F47850A4F844004FF4AD
:102630008040FFF7E7FC00F0010040F48040A4F880
:1026400046004FF48440FFF7DDFC00F0010040F449
:102650008440A4F848004FF48840FFF7D3FC00F012
:10266000010040F48840A4F84A004FF48C40FFF782
:10267000C9FC00F0010040F48C40A4F84C004FF479
:102680009040FFF7BFFC00F0010040F49040A4F838
:102690004E004FF49440FFF7B5FC00F0010040F409
:1026A0009440A4F850004FF49840FFF7ABFC00F0C2
:1026B000010040F49840A4F852004FF49C40FFF70A
:1026C000A1FC00F0010040F49C40A4F854004FF439
:1026D000A040FFF797FC00F0010040F4A040A4F8F0
:1026E00056004FF4A440FFF78DFC00F0010040F4C9
:1026F000A440A4F858004FF4A840FFF783FC00F072
:10270000010040F4A840A4F85A004FF4AC40FFF791
:1027100079FC00F0010040F4AC40A4F85C004FF4F8
:10272000B040FFF76FFC00F0010040F4B040A4F8A7
:102730005E004FF4B440FFF765FC00F0010040F488
:10274000B440A4F860004FF4B840FFF75BFC00F021
:10275000010040F4B840A4F862004FF4BC40FFF719
:1027600051FC00F0010040F4BC40A4F864004FF4B8
:10277000C040FFF747FC00F0010040F4C040A4F85F
:1027800066004FF4C440FFF73DFC00F0010040F448
:10279000C440A4F868004FF4C84001E008020020DB
:1027A000FFF730FC00F0010040F4C840A4F86A00D4
:1027B0004FF4CC40FFF726FC00F0010040F4CC4081
:1027C000A4F86C004FF4FC40FFF71CFC00F0010083
:1027D00040F4FC40A4F86E0035202071FFF742FC65
:1027E000217921B100230133DAB29142FBD8FFF7FE
:1027F00089FC054BD878FFF773FD10BD64200AF003
:10280000C3FBFFF7B9FCF4E70802002008B5044950
:10281000044809F089F90449044809F085F908BD1C
:102820001C0EFE1F240EFE1F480EFE1F500EFE1F24
:1028300008B5002814BF4FF4166200220621024892
:1028400009F0B0FA08BD00BF500EFE1F704700002F
:1028500000B583B000230193002940F02181002AB4
:1028600040F00E81934B5B68B3F5F46F0AD0914A48
:1028700092F84820082A21D08E4A00218E4809F07B
:102880007BF8FFE08B4B93F84830002BF4D0894A5B
:10289000127A422A0ED0082BEED1884B884A03CAFE
:1028A000C3F85100C3F8551093F87120013283F832
:1028B000712066E00121834A1170ECE7B3F5F27FE5
:1028C00000F0888021D8132B50D00CD9172B74D04E
:1028D000422B00F0A180162B62D0764A0021764868
:1028E00009F04AF8CEE0112B00F08980122BF4D1C8
:1028F000724B03F12802724903C982E8030093F87E
:102900004D20013283F84D203BE0B3F5F46FC4D085
:1029100017D940F2A272934200F0A580C0F09680D1
:1029200040F2A3729342D8D1644B654A03CAC3F8FC
:102930006900C3F86D1093F87420013283F8742095
:102940001FE040F20142934273D040F202429342B0
:10295000C3D15A4B03F14002594903C982E803002D
:1029600093F85020013283F850200AE0534B544A28
:1029700092E8030083E8030093F84820013283F8CB
:1029800048204C4A00214C4808F0F6FF4E494B4B7A
:102990000B60002301AA4D48006809F077FD71E043
:1029A000464B03F10802464903C982E8030093F845
:1029B0004920013283F84920E3E7404B03F110023C
:1029C0003F4903C982E8030093F84A20013283F8A3
:1029D0004A20D6E7374A137A517A927A4B409A4284
:1029E0007FF44AAF354B03F11802354903C982E839
:1029F000030093F84B20013283F84B20C1E72F4BA3
:102A000003F120022E4903C982E8030093F84C2009
:102A1000013283F84C20B4E7284B03F130022849F7
:102A200003C982E8030093F84E20013283F84E2058
:102A3000A7E7224B03F13802214903C982E80300CA
:102A400093F84F20013283F84F209AE71B4B1C4A22
:102A500003CAC3F85900C3F85D1093F8722001321D
:102A600083F872208DE7154B154A03CAC3F861003D
:102A7000C3F8651093F87320013283F8732080E760
:102A8000022A10D0124A137A01331372019B3BB110
:102A90004FF080520F4B1A60BFF34F8FBFF36F8F11
:102AA00003B05DF804FB0C4A0221034808F064FF00
:102AB000E8E700BFAC030020482C0300E40200203C
:102AC000B4030020D50000205C0300205407002040
:102AD0003C07002004ED00E060030020F0B595B055
:102AE00005460F4616461C464C22002101A810F050
:102AF00064F82246082C28BF082202978DF84C2043
:102B0000314603A810F04EF8022301AA29460248D4
:102B100008F0F2FE15B0F0BD482C030008B50823FC
:102B20000A4601460120FFF7D9FF08BD08B5082372
:102B30000A4601460320FFF7D1FF08BD10B51D4C22
:102B40001D49204608F0C8FD00231C4A19462046AE
:102B500008F094FE1A4A0121204608F055FE002391
:102B6000184A0221204608F089FE174A0321204610
:102B700008F04AFE00231A461946204608F020FFB6
:102B8000002302220121204608F01AFF00220F49EB
:102B9000204608F029FF0221512005F0BDFE0C4A15
:102BA0000021204608F0E8FE0A4A0221204608F0EB
:102BB000E3FE10BD482C0300142C0300800EFE1F02
:102BC000900EFE1F780EFE1F880EFE1F5128020079
:102BD000AC0300206003002000B583B00023019304
:102BE00091B9042A13D0062A00F00E81894A537A3B
:102BF00001335372019B3BB14FF08052864B1A60F8
:102C0000BFF34F8FBFF36F8F03B05DF804FB834BAF
:102C100093F84830082B05D0804A0421804808F0FA
:102C2000ABFEE3E77D4B5B68B3F5F27F00F0898094
:102C300021D8132B51D00CD9172B75D0422B00F073
:102C4000A280162B63D0754A0421754808F094FEC3
:102C5000CCE7112B00F08A80122BF4D1714B03F1D9
:102C60002802714903C982E8030093F84D2001321C
:102C700083F84D203CE0B3F5F46F00F09E8017D947
:102C800040F2A272934200F0B280C0F0A38040F202
:102C9000A3729342D7D1634B634A03CAC3F8690056
:102CA000C3F86D1093F87420013283F874201FE08C
:102CB00040F20142934273D040F202429342C2D1A9
:102CC000584B03F14002584903C982E8030093F8C6
:102CD0005020013283F850200AE0524B524A92E8C9
:102CE000030083E8030093F84820013283F848206A
:102CF0004A4A04214A4808F03FFE4C49494B0B60C0
:102D0000002301AA4A48006809F0C0FB6EE7454B62
:102D100003F10802444903C982E8030093F84920FB
:102D2000013283F84920E3E73E4B03F110023E49AC
:102D300003C982E8030093F84A20013283F84A204D
:102D4000D6E7364A137A517A927A4B409A427FF408
:102D500063AF344B03F11802334903C982E803001F
:102D600093F84B20013283F84B20C1E72D4B03F140
:102D700020022D4903C982E8030093F84C20013258
:102D800083F84C20B4E7274B03F13002264903C9EE
:102D900082E8030093F84E20013283F84E20A7E723
:102DA000204B03F13802204903C982E8030093F85D
:102DB0004F20013283F84F209AE71A4B1A4A03CA70
:102DC000C3F85100C3F8551093F87120013283F80D
:102DD00071208DE7134B144A03CAC3F85900C3F896
:102DE0005D1093F87220013283F8722080E70D4B5A
:102DF0000D4A03CAC3F86100C3F8651093F8732045
:102E0000013283F8732073E70A4A0621044808F068
:102E1000B3FDEBE63C07002004ED00E0C004002019
:102E2000842C0300F8030020C80400207004002054
:102E3000580700207404002010B51D4C1D49204681
:102E400008F04AFC00231C4A0421204608F016FD25
:102E50001A4A0521204608F0D7FC0023184A06210B
:102E6000204608F00BFD174A0721204608F0CCFC4D
:102E7000002304221946204608F0A2FD0023062262
:102E80000121204608F09CFD00220F49204608F051
:102E9000ABFD0221582005F03FFD0C4A04212046DD
:102EA00008F06AFD0A4A0621204608F065FD10BDBB
:102EB000842C0300502C0300A00EFE1FB00EFE1F3A
:102EC000980EFE1FA80EFE1FD92B0200C004002082
:102ED0007404002000B583B000230193D1B90A2AFD
:102EE0001BD00C2A1FD01349134B0B60002301AADF
:102EF0001248006809F0CAFA114A937A01339372B2
:102F0000019B3BB14FF080520E4B1A60BFF34F8FC5
:102F1000BFF36F8F03B05DF804FB0B4A0A210B4827
:102F200008F02AFDDFE70A4A0C21084808F024FDD2
:102F3000D9E700BF100500200C0500205C07002029
:102F40003C07002004ED00E060050020C02C0300D9
:102F50001405002008B503282ED8DFE800F0020D84
:102F6000182301220821154808F07BF801220D21C1
:102F7000134808F076F808BD012208210F4808F030
:102F800070F800220D210E4808F06BF808BD0022F1
:102F900008210A4808F065F800220D21084808F0C9
:102FA00060F808BD00220821044808F05AF8012200
:102FB0000D21034808F055F808BD00BF40F00F4050
:102FC000C0F00F4010B5214C2149204608F084FB89
:102FD0000023204A0A21204608F050FC1E4A0B21FB
:102FE000204608F011FC1D4A0E21204608F00CFC7A
:102FF00000231B4A0C21204608F040FC194A0D21F1
:10300000204608F001FC00230A221946204608F059
:10301000D7FC00230C220121204608F0D1FC00221D
:103020001149204608F0E0FC02215F2005F074FC05
:103030000E4A0A21204608F09FFC0D4A0C2120462A
:1030400008F09AFC0020FFF785FF10BDC02C03009C
:103050008C2C0300C00EFE1FD00EFE1FD80EFE1FCC
:10306000B80EFE1FC80EFE1FD52E02006005002000
:1030700014050020F0B583B00023019341BB364A0C
:10308000D37A0133D372354B1B784BB9334B5B7812
:10309000552B5CD001223249324809F011F817E073
:1030A0000133DBB22D4A1370202B13D82B490B7838
:1030B0000133012219442B4809F002F8019B3BB16E
:1030C0004FF08052284B1A60BFF34F8FBFF36F8FC2
:1030D00003B0F0BD254B186809F08FFB022803D917
:1030E00000221E4B1A70E1E7214B1978214B01EBAE
:1030F000811121225A544C1C1848421C234421306F
:10310000176856689568D4681F605E609D60DC60D3
:10311000103210338242F3D112781A70154B1944D1
:103120000091002301AA69461048006809F0AEF931
:103130000128D5D10E4B1B780133DBB2032B02D80B
:103140000B4A1370CCE70022094B1A70C8E7012222
:10315000024B1A70AAE700BF3C070020AC05002014
:10316000AD0500206C2D030004ED00E06C0700208D
:10317000FC060020F805002010B5074C0749204642
:1031800008F020FF0821212005F0C6FB0122044998
:10319000204608F083FF10BD6C2D03004C2D03006A
:1031A000AD05002010B582B00C4601A9314808F0E9
:1031B0007EFF022808D001A92E4808F078FF0122DE
:1031C0002D492C4808F06AFF5CB92C4B1B78A3B939
:1031D000294B1B780F2B06D001222749254808F0E0
:1031E0006FFF02B010BD0122244B1A700022244B45
:1031F0001A700F22234B1A70EEE7012BECD1204AF4
:1032000013780133DBB213701B4A11781D4AD15475
:10321000172BE1D90022194B1A701A4B1B7E002B79
:10322000DAD1194C2378013323700AF0BBFA154B1D
:10323000224603F1170013F8011F02F8011F834211
:10324000F9D10AF0BFFA11490F4B0B60002302AA13
:1032500042F8083D0E48006809F018F9009B002B61
:10326000BAD04FF080520B4B1A60BFF34F8FBFF3B1
:103270006F8FB1E7942D0300FD0600201E0700208C
:103280001D07002004070020200700200007002061
:103290007007002004ED00E010B5074C07492046F8
:1032A00008F090FE0221232005F036FB012204499C
:1032B000204608F0F3FE10BD942D0300742D03008A
:1032C000FD06002000B583B000230D4A01210D4802
:1032D00002F0CCFC0021084602F0D6FCFEF7E0FD2F
:1032E000094B01930423009300234FF40072074914
:1032F000074809F087FB09F0D5FC03B05DF804FB33
:10330000480000208C04FE1F840700209C2D030031
:10331000BD34020010B582B01F4B01930424009409
:1033200000234FF400721D491D4809F06BFB1D4B33
:103330000193009400234FF400721B491B4809F0CD
:1033400061FB1B4B0193009400234FF40072194959
:10335000194809F057FB194B0193009400234FF4CF
:1033600000721749174809F04DFB174B0193009461
:1033700000234FF400721549154809F043FB154B23
:103380000193009400234FF400721349134809F08D
:1033900039FB02B010BD00BF90070020A42D030030
:1033A0009941020094070020B02D0300D94102008A
:1033B0008C070020BC2D0300E13D020080070020A7
:1033C000C82D03006D38020088070020D42D0300AB
:1033D000F93C02007C070020E02D03001D350200AF
:1033E00008B500220421032008F098FF244B186040
:1033F00000220421032008F091FF224B18600022D4
:103400000421032008F08AFF1F4B186000220421CA
:10341000032008F083FF1D4B1860002204210320C5
:1034200008F07CFF1A4B186000220421032008F0EA
:1034300075FF184B186000220421032008F06EFF6E
:10344000154B186000220421032008F067FF134B7E
:10345000186000220421032008F060FF104B186060
:1034600000220421032008F059FF0E4B18600022AF
:103470000421032008F052FF0B4B186008BD00BF69
:1034800054070020580700205C0700206007002038
:1034900064070020680700206C07002070070020E8
:1034A00074070020780700205007002008B508F0B6
:1034B00010FE014B186008BD3807002008B5FFF763
:1034C0008FFFFFF7F3FFFDF717FDFDF7EBFDFDF7AE
:1034D0006DFFFEF729F8FFF74FFEFFF7DDFEFFF760
:1034E0002DFBFFF7A9FCFFF76DFDFEF767FFFEF769
:1034F000D3FAFEF757F8FFF789F9FEF743FBFFF71A
:1035000009FF002009F068FB08BD000008B5022192
:10351000014807F0B4FD08BDC0F00F402DE9F04FA1
:103520002DED028B85B00023039309F0F9FB039086
:103530000124B34EDFF8F0A206F1100BB14FDFF813
:10354000EC9282E0B04B1A6833461068516803C3AE
:10355000114651F8080F496803C3114651F8100F7E
:10356000496803C3114651F8180F496803C311464F
:1035700051F8200F496803C3114651F8280F4968D4
:1035800003C3114651F8300F496803C3114651F87F
:10359000380F496803C352F8400F516803C35DE018
:1035A0009A4B1A689A4B1168196051685960916872
:1035B0009960D168D960116919615169596191693E
:1035C0009961D169D961116A1962526A5A624DE0F2
:1035D00059462020FFF7A2FA06F120014120FFF70B
:1035E0009DFA06F1280140F26940FFF797FA44E09E
:1035F00006F118011020FFF791FA47E006F10801E3
:103600008448FFF793FA06F130014FF4F660FFF7B4
:1036100085FA06F1380140F2B170FFF77FFA06F142
:10362000400140F2B270FFF779FA39E00134A4B2F8
:1036300042F210739C4288BF01240A2103A809F0BA
:1036400075FC754A537C0133537400226E49734BE9
:10365000186808F093FF01283FF474AF00226B490B
:103660006F4B186808F08AFF012899D03146504600
:10367000FFF75CFA14F0010FAAD0A7FB04239B0804
:1036800003EB8303E31A9BB2002BB1D0A7FB042307
:10369000DB0803EB8303A4EB43039BB2002BADD009
:1036A000A9FB04231B09322202FB13439BB2002B0C
:1036B000BCD1574DD5ED007A9FED5A8A67EE887AD6
:1036C000FDEEE77A17EE903A1BB21A128DF804203D
:1036D0008DF80530D5ED017A67EE887AFDEEE77A50
:1036E00017EE903A1BB21A128DF806208DF80730AB
:1036F000D5ED027A67EE887AFDEEE77A17EE903A1A
:103700001BB21A128DF808208DF80930D5ED097A10
:1037100067EE887AFDEEE77A17EE903A1BB21A123E
:103720008DF80A208DF80B3001A9BA20FFF7F6F9C1
:10373000D5ED037A67EE887AFDEEE77A17EE903AD8
:103740001BB21A128DF804208DF80530D5ED047ADD
:1037500067EE887AFDEEE77A17EE903A1BB21A12FE
:103760008DF806208DF80730D5ED057A67EE887A5A
:10377000FDEEE77A17EE903A1BB21A128DF8082088
:103780008DF809304FF000088DF80A808DF80B8015
:1037900001A9BB20FFF7C2F9D5ED077A67EE887A59
:1037A000FDEEE77A17EE903A1BB21A128DF804205C
:1037B0008DF80530D5ED067A67EE887AFDEEE77A6A
:1037C00017EE903A1BB21A128DF806208DF80730CA
:1037D000D5ED087A27EE888ABDEEC88A18EE103A31
:1037E0001BB21A128DF808208DF809308DF80A8066
:1037F0008DF80B8001A9BC20FFF790F916E700BFF8
:10380000A0070020CDCCCCCC10080020140800204C
:10381000E8070020EF09FF0C3C07002060070020AC
:10382000500700200000C842EF08FF0C1F85EB5135
:1038300003788B420DD0017000234370837893424C
:1038400004D20133DBB283709A420DD80123C370D6
:103850000AE043781D2B04D80133DBB243701D2BE3
:1038600002D90023C3708370C07870472DE9F04FF0
:1038700083B009F055FA01900024644F644D05F1BE
:10388000510903264FF0000B61E1624BD3F800C0F1
:103890003B46DCF80000DCF80410DCF8082007C325
:1038A0005CF80C0FDCF8041003C359E15A4BD3F851
:1038B00000C0BCF80030DFF8A0E1AEF80030BCF882
:1038C0000230AEF8023063460EF1040853F8040FDC
:1038D00059689A68DB68A8E80F009CF814308EF8E5
:1038E0001430634653F8162FCEF816209B88AEF896
:1038F0001A30634653F81C0FCEF81C009B88AEF8B4
:1039000020305CF8223FCEF82230BCF80430AEF80C
:1039100026302EE1414BD3F8008009F043FF752299
:10392000414628460FF03EF909F04CFF3C4A2B4631
:1039300003CB106051603B4A03CB106051603A4AA0
:1039400003CB10605160394A03CB10605160384A94
:1039500003CB10605160374A03CB10605160364A88
:1039600003CB10605160354A03CB10605160344A7C
:1039700003CB10605160334BD9F80010D9F8042004
:1039800019605A60304A2B4653F8591F5B68116022
:1039900053602E4A2B4653F8611F5B6811605360D9
:1039A0002B4A2B4653F8691F5B6811605360294B03
:1039B00095F871201A7095F872205A7095F8732056
:1039C0009A7095F87420DA70E2E0154B1C605C6028
:1039D000EDE0144B1C605C60F2E0134B1C605C601B
:1039E000F7E0124B1C605C60FCE0114B1C605C60FB
:1039F00001E1104B1C605C6006E10F4B1C605C60D9
:103A00000BE10E4B1C605C6010E100BFF008002071
:103A100030080020480900204C0900203809002007
:103A2000F8D9002000DA002008DA002070DC00203D
:103A300040DC002048DC0020F0D9002028DC0020F9
:103A400030DC002088DC002098DC002080DC0020B6
:103A500090DC0020A0DC00200409002022467D49E3
:103A60007D4B186808F08AFD7C4B1B78002B00F01A
:103A7000EA80FEF737FA7A4B1880DFF87082A8F8F0
:103A80000000784BBA891A80FA895A803A8A9A805B
:103A90003A88DA807A881A81734BC3F800B0734B86
:103AA000C3F800B00AF040F9DFF844C2704A634638
:103AB0001068516803C36F4A1068516803C36E4AA7
:103AC000114651F8020F496803C36C4908684968F8
:103AD00003C36B490868496803C36A4908684968B1
:103AE00003C3114651F80A0F496803C3114651F840
:103AF000120F496803C3114651F81A0F496803C3EE
:103B0000DFF8F0A113788AF8003053788AF8013092
:103B10005D4B1B788AF803305C49C1F800C023462E
:103B200022465B48006808F01FFC5A49C1F800A013
:103B3000234622465848006808F016FC98F80F30D3
:103B4000013388F80F300A2101A809F0EFF9224665
:103B50005249534B186808F011FD01283FF495AE07
:103B600022465049504B186808F008FD01283FF4E0
:103B70009DAE22464D494E4B186808F0FFFC224688
:103B80004C494D4B186808F0F9FC01283FF4C2AECF
:103B900022464A494A4B186808F0F0FC324695F82C
:103BA00048104848FFF744FE00283FF40EAF324665
:103BB00095F849104448FFF73BFE00283FF409AF51
:103BC000324695F84A104148FFF732FE00283FF48C
:103BD00004AF012295F84B103D48FFF729FE00285D
:103BE0003FF4FFAE324695F84C103A48FFF720FEFE
:103BF00000283FF4FAAE324695F84D103648FFF7EC
:103C000017FE00283FF4F5AE324695F84E103348C3
:103C1000FFF70EFE00283FF4F0AE324695F84F1045
:103C20002F48FFF705FE00283FF4EBAE324695F82B
:103C300050102C48FFF7FCFD00287FF40FAF2A4BF3
:103C40001C605C600AE70122044B1A700DF0CCFB8B
:103C50000FE700BF400900205C0700205C0900203E
:103C60006ADC002060DC0020A4DC0020A8DC00204E
:103C700010DC002018DC0020E0DB002038DC002015
:103C8000E8D9002020DC002056DC00204409002078
:103C90006007002054090020640700204809002024
:103CA000740700204C0900207807002050090020EC
:103CB0007007002038090020540700203C0900202C
:103CC0005807002024080020280800202C08002085
:103CD000580900203009002034090020180800206D
:103CE0001C0800202008002030DC00203C070020B9
:103CF000A80800202C0900202DE9F04782B009F027
:103D00000FF801900025DFF8CC90DFF8CC802B4F26
:103D10002B4E2C4CDFF8C4A01EE0D9F800301A78E6
:103D200088F800209A783A705978274A1170DB7821
:103D3000337019E06278244B1B789A4220D125E039
:103D40000135EDB2132D29D8204A137C01331374A9
:103D50000A2101A809F0EAF8002249461C4B18681C
:103D600008F00CFC0128D8D098F800002378834292
:103D700002D02070FEF700F93878A3788342D9D0BA
:103D8000A070114B19786170FDF7EAFE3078E37886
:103D90008342D5D0E070FEF74BFDD1E7FEF720FB64
:103DA000FDF7CCFBFEF752FDFDF7B0FFFDF7E6FB9C
:103DB0000121504607F065F90025C5E76509002097
:103DC0005D09002060090020640900203C070020F4
:103DD00064070020680900206C090020C0F00F4033
:103DE0002DE9F04F2DED048B89B0DFED7D8A9FED3D
:103DF0007D8ADFED7D9A9FED7D9A57E17C4B1968B6
:103E000011F8012B402A28BF40227A4800F8012BE4
:103E10000EF0C8FE53E1F11803F10A0AB244002281
:103E200011F801BF5A44D2B25145F9D134446178F6
:103E3000914227D00A33DBB20133DBB2184603F1DB
:103E40000A04A54240F2D88032185278552AF3D19C
:103E500032189278532ADED0522A41D0512AEBD11F
:103E6000F11803F10A0AB244002211F801BF5A44C2
:103E7000D2B28A45F9D134446178914270D00A3384
:103E8000DBB2D9E730440179C27842EA012212B2AA
:103E900006EE102AB8EEC66A26EE226A26EE086AF8
:103EA0008179427942EA012212B206EE902AF8EEB6
:103EB000E66A66EEA26A66EE886A017AC27942EA2A
:103EC000012212B207EE902AF8EEE77A67EEA27AA4
:103ED00067EE887ACDF808C0CDF804E0F146A9E78E
:103EE000F11803F10A0AB244002211F801BF5A4442
:103EF000D2B25145F9D134446178914202D00A33AB
:103F0000DBB299E730440179C27842EA012212B269
:103F100005EE102AB8EEC55A25EE025A25EE085ACB
:103F20008179427942EA012212B205EE902AF8EE36
:103F3000E55A65EE825A65EE885A017AC27942EAFC
:103F4000012212B207EE102AB8EEC77A27EE027AE3
:103F500027EE087A6746CDF810E0CDF80CE0CEE702
:103F600030440179C27842EA012212B203EE102AEB
:103F7000B8EEC33A23EE283A23EE083A8179427923
:103F800042EA012212B203EE902AF8EEE33A63EE1F
:103F9000A83A63EE883A017AC27942EA012212B263
:103FA00004EE102AB8EEC44A24EE284A24EE084A49
:103FB000817A427A42EA012212B204EE902AF8EEA5
:103FC000E44A64EEA94A64EE884A74EE894ACDF860
:103FD0001CC0CDF818E0CDF814E0F0464FE700BF64
:103FE000CDCC1C43000000388FC2C042B81E124224
:103FF0004C0A002098090020B8F1000F40F0A28080
:10400000059B13B1574BC3ED013A069B13B1554BBA
:1040100083ED024A079B13B1524BC3ED094AB9F134
:10402000000F02D04F4B83ED066A019B13B14D4B3D
:10403000C3ED076A029B13B14A4BC3ED087A039B99
:1040400013B1484B83ED035A049B13B1454BC3EDA9
:10405000045A17B1434B83ED057A434B414A11682B
:1040600019605168596091689960D168D960116987
:1040700019615169596191699961D169D961116A6F
:104080001962526A5A6239490B6000231A4638484D
:10409000006808F069F9374B1B78012B56D0364A77
:1040A000937B01339373322008F06EFF0022334973
:1040B000334B186808F062FA01283FF49FAE0022E3
:1040C0003049314B186808F059FA0128C5D12D4BF9
:1040D000196811F8014B402C28BF40242B4800F8E8
:1040E000014B254622460EF05DFD0A2CB5D91D4B2D
:1040F00093ED003AD3ED013A93ED024AD3ED094A2C
:1041000093ED035AD3ED045A93ED057A93ED066AC5
:10411000D3ED076AD3ED087A002704970397029737
:104120000197B946079706970597B8460A243B4674
:104130003846164E4FF0010CE6469FED152ADFED8E
:10414000152A81E6074B83ED003A59E70C4B1868B6
:1041500008F048FB074C20710B4B186808F042FB35
:1041600060719CE7200A002070090020480A0020A6
:1041700050070020980700203C0700204C0A002030
:1041800068070020500A00206C070020DC0900208E
:104190000000FA440000344308B50B4C0B4E0C4DA4
:1041A000FCF7C2FEFCF788FF266000231A46214672
:1041B000286808F0D9F8074A137B013313730520E8
:1041C00008F0E2FEECE700BF900A0020540A00204D
:1041D000740700203C07002008B50C4C0C4E0D4D18
:1041E000FDF784FEFDF7F2F8FDF7FAF926600023EB
:1041F0001A462146286808F0B7F8074A537B01336E
:104200005373642008F0C0FEEAE700BF940A002060
:10421000680A0020780700203C0700204FF0E023C8
:10422000D3F8882D42F47002C3F8882DD3F8342FC8
:1042300022F08042C3F8342F084B094A5A605A686A
:1042400042F220121A604FF6FF729A60054AD2F8C5
:10425000003843F4F803C2F80038704700200540E6
:1042600020C528D900D000404FF0E021D1F80C2D16
:1042700092B2024B1343C1F80C3D70470400FA059B
:10428000264B274A9A4208D013462448254A13F859
:10429000011B02F8011B9842F9D1234B234A9A4291
:1042A00008D013462048224A13F8011B02F8011BCC
:1042B0008342F9D11F4B204A9A4206D0134600216F
:1042C0001C4A03F8011B9342FBD11C4B1C4A9A4227
:1042D00008D0134619481B4A13F8011B02F8011BAA
:1042E0008342F9D1184B194A9A4212D010B4184C93
:1042F000A40808D01946002351F8040B42F8040B17
:104300000133A342F8D1134B104A1A605DF8044BF5
:104310007047104B0C4A1A60704700BF644003009E
:10432000283403000004FE1F9C4003006440030087
:104330003C10FE1FDCDC0020000000209C4003003D
:104340009C40030000000020000002000000FE1F4F
:104350000004000008ED00E0002303700C2242700E
:104360008370C370037143718371C37103724372AD
:104370008372704770B584B006460D465D4B53F8A6
:1043800020404C238DF80C304D238DF80D3004A9BE
:10439000002341F8083D04AB034413F8040C01F07A
:1043A000E7FC2B78029ADA400292226C22F060023B
:1043B0005B0103F06003134323646B78002B08BF99
:1043C0000123626C22F0FF0213436364226C22F02B
:1043D0000C02AB789B0003F00C0313432364226CA4
:1043E00022F00302EB7803F0030313432364D4F8B1
:1043F000902022F040022B799B0103F040031343ED
:10440000C4F890306B79302200924FF44052019200
:10441000394A926904A901EB860151F8101C22EA7D
:104420000102002E43D0012E4FD0334B9A61AA795E
:10443000012100914FF4807101919B6904A901EB66
:10444000860151F8101C23EA0103002E39D0012EF9
:1044500045D0294A9361D4F8903023F00403EA79D7
:10446000002A14BF042200221343C4F89030D4F869
:10447000902022F003022B7A03F003031343C4F8C5
:104480009030D4F8943023F008036A7A002A14BFDD
:10449000082200221343C4F8943036B9AB7A1BBB10
:1044A000154A536823F40023536004B070BD1B0108
:1044B00003F03003134310498B61AA798B6923F011
:1044C000010302F001021343C3E71B0303F440534B
:1044D000134309498B61AA798B6923F48073120213
:1044E00002F480721343B4E7034A536843F4002391
:1044F0005360DAE7F02D03000080044030B4144B21
:1045000053F8200053881478A3F5706292B2052AFC
:104510000BD8104A556825F4E025556055681B04F2
:1045200003F4E0232B435360152300EB8101D1F802
:10453000082103F03F0322F07F021343002C14BF35
:10454000402200221343C1F8083130BC704700BF3D
:10455000F02D03000080044082B00E2300934FF43E
:10456000606301930C4B9B6902AA02EB800252F834
:10457000082C23EA020328B1012808D0064A9361D7
:1045800002B07047490001F00E010B43F6E7490203
:1045900001F460610B43F1E70080044010B582B084
:1045A0000446264B53F8201000233F2241F82320D5
:1045B0000133102BFAD100230B640C224A64C1F89A
:1045C0008830C1F88C30C1F89030C1F89430C1F80F
:1045D000A0300422C1F8B0203F2003F1420241F88C
:1045E00022000133202BF8D1302300934FF44053A5
:1045F0000193134B9A6902A901EB840151F8080C4D
:1046000022EA00029A61012200924FF48072019224
:104610009A6951F8081C22EA01029A610021204699
:10462000FFF79AFF44B9064B5A6822F400225A60F9
:104630005A6822F4E0225A6002B010BDF02D030047
:1046400000800440044B53F82030623153F821308D
:10465000C3F30B0313807047F02D03002DE9F047DF
:1046600082B04F4B53F82040D4F89430C3F3800805
:10467000D4F8947007F00307D4F89060656CEDB23D
:10468000D4F8943043F00303C4F89430D4F8943051
:1046900043F00403C4F89430D4F8903023F040037E
:1046A000C4F89030636C23F0FF0343F00C036364A1
:1046B0000023C4F8B430C4F8B830C4F8BC30C4F82F
:1046C000C030C4F8C430C4F8C830C4F8CC304C2270
:1046D0008DF804204D228DF8052002A941F8083DEF
:1046E000D4F840904FEA591A02AB184410F8040C61
:1046F00001F03EFB009B0AF0030A23FA0AFA294A5A
:10470000924512D9284A934208D9284A934245D95A
:10471000274A934294BF0323002300E00123226C25
:1047200022F0600242EA43132364D4F8943043F049
:104730008003C4F89430D4F8943013F08003FAD195
:10474000226C22F0600209F0600949EA0202226448
:10475000D4F8942022F00402B8F1000F18BF04230B
:104760001343C4F89430D4F8943023F003031F4368
:10477000C4F89470D4F8903023F0400306F040065B
:104780001E43C4F89060002D08BF0125636C23F020
:10479000FF031D43656402B0BDE8F0870223BEE756
:1047A000F02D030040787D0181F0FA0203E1F50568
:1047B00007C2EB0B014B33F910007047EC2D0300DF
:1047C000074B5B69DBB2042B06D0802B06D0012B94
:1047D0000CBF01200420704702207047032070475F
:1047E00000E00740044BD3F8003113F0807F1ABF7C
:1047F000024B18680020704700400640B80A0020AD
:1048000010B584B00B4600293BD0444AD2F80021B1
:1048100012F0007F7DD1414AD2F8001121F400014D
:10482000C2F800114FF08061C2F8001100213C4A2B
:104830001160002870D05A7A120202F4E062197AEC
:1048400001F007010A433548C0F80421DA79120162
:1048500002F030029979C90001F008010A43597940
:10486000890001F004010A43C0F808211A79012ADD
:1048700029D0E2B1022A32D01A68294B1A60294C99
:104880003BE000238DF804308DF80C3001228DF8C8
:1048900008208DF809208DF805208DF806300223B8
:1048A0008DF8073004AB204A43F8102DADE71A7B92
:1048B000002A14BF4FF40002002242F001021749FF
:1048C000C1F80021D8E71A7B002A14BF4FF4000278
:1048D000002242F001121149C1F80021CCE71A7BF5
:1048E000002A14BF4FF403024FF4403242F0010299
:1048F0000A49C1F80021BFE7013CFFF773FF18B96F
:10490000002CF9D1032005E0002C14BF0020032067
:1049100000E0022004B010BD0020FBE7004006408C
:10492000B80A002088E7300000127A00084BD3F85C
:10493000003213F0807F09D0054BD3F8083203F022
:104940000103002B034808BF002070470020704778
:104950000040064000127A0010B582B00B460029D4
:1049600038D02D4AD2F8002212F0007F4FD12A4AC7
:10497000D2F8001221F40001C2F800120021C2F89E
:104980000012002846D09A78120202F4E0625978A8
:1049900001F007010A432049C1F804221A7802F005
:1049A0000102C1F8082259799A791B79002B14BFAA
:1049B00003230123002914BF042100210B43002AF3
:1049C00014BF4FF4000200221343134AC2F800320E
:1049D000642410E000238DF8043001228DF80520B6
:1049E0008DF806308DF801208DF8022002AB03F817
:1049F000082DB6E7013CFFF799FF18B9002CF9D153
:104A0000032005E0002C14BF0020032000E002205A
:104A100002B010BD0020FBE700400640054BD3F874
:104A2000003313F0807F1DBF024BD3F808330248D8
:104A30000020704700400640006CDC0210B582B0D8
:104A40000B46002932D0294AD2F8002312F0007F09
:104A500047D1264AD2F8001321F40001C2F800130E
:104A60004FF08061C2F8001300283DD09A781202FE
:104A700002F4E062597801F007010A431B49C1F8CA
:104A800004231A7802F00302C1F808239A795B79AB
:104A9000002B14BF01230923002A14BF4FF4000286
:104AA00000221343C1F8003314240EE001238DF8D3
:104AB000053000228DF806208DF801308DF8023087
:104AC00002AB03F8082DBEE7013CFFF7A7FF18B9BA
:104AD000002CF9D1032005E0002C14BF0020032096
:104AE00000E0022002B010BD0020FBE700400640BD
:104AF00008B50F4BD3F8003613F0807F02D10023A6
:104B0000184608BDFFF76EFE03460028F8D0084996
:104B1000D1F80826C2F302220132B0FBF2F3D1F839
:104B20000826C2F30442103203FB02F35B08E7E7F6
:104B30000040064010B584B00C4699B13D4BD3F807
:104B4000003613F0007F72D13A4BD3F8002622F4DE
:104B50000002C3F800264FF08062C3F80026A0B917
:104B6000002065E000238DF804308DF80B30012221
:104B70008DF808208DF809208DF8053007228DF872
:104B800006208DF8073001ACD8E7FFF72BFE6379DC
:104B90001B0203F4E063227902F007021343254964
:104BA000C1F8043663781B0203F4E063A2781204B0
:104BB00002F4F8121343C1F808362378012B16D0FB
:104BC0004BB1022B1FD04FF47A74FFF791FF48BB13
:104BD00034B3013CF9E7E379002B14BF4FF4000331
:104BE000002343F00103134AC2F80036EBE7E379F0
:104BF000002B14BF4FF40003002343F001130D4AB0
:104C0000C2F80036DFE7E379002B14BF4FF403034B
:104C10004FF4403343F00103064AC2F80036D2E7AE
:104C2000032005E0002C14BF0020032000E0022038
:104C300004B010BD004006402DE9F04180460D460D
:104C40008C7801344E7806FB04460F7807FB044746
:104C5000CB78013B052B1CD8DFE803F00312151BB2
:104C60001B18FFF7BFFD0009B8F1020F4AD0B8F1D9
:104C7000030F7BD0B8F1010F0DD00020BDE8F0810B
:104C8000FFF754FEEFE7FFF7C9FEECE7FFF730FF51
:104C9000E9E70020E7E7EA7802EB42015B4B53F8D3
:104CA00021301B0904FB03F4A04200F293800B4661
:104CB000564901EB83035B681B0906FB03F6B04210
:104CC00000F28B8002EB420301EB83039B681B091C
:104CD00007FB03F7B84200F28380AB781B0403F4B0
:104CE0007023120602F0706213432A7802F00F025A
:104CF00013436A781201D2B21343454A536100202C
:104D0000BDE8F081EA7802EB4201424B53F82130D2
:104D10001B0904FB03F4A04265D80B463D4901EB97
:104D200083035B681B0906FB03F6B0425ED802EB07
:104D3000420301EB83039B681B0907FB03F7B8429F
:104D400057D8AB781B0403F47023120602F070628C
:104D500013432A7802F00F0213436A781201D2B289
:104D600013432B4A93610020BDE8F081EB7803EBFD
:104D70004301294A52F82120120904FB02F4A042FF
:104D80003AD80A46244901EB82025268120906FB0E
:104D900002F6B04233D803EB430201EB8202926881
:104DA000120907FB02F7B8422CD8AA78120402F4C1
:104DB00070221B0603F0706313432A7802F00F027F
:104DC00013436A781201D2B21343114AD36100200F
:104DD000BDE8F0810120BDE8F0810120BDE8F0814F
:104DE0000120BDE8F0810120BDE8F0810120BDE88F
:104DF000F0810120BDE8F0810120BDE8F0810120B3
:104E0000BDE8F0810120BDE8F08100BF042F030060
:104E100000400640582F0300B02E030038B5054669
:104E2000FFF7CEFC2946FFF707FF044658B9E8789C
:104E30000A220849013A0B69C3F30363984204D07C
:104E4000002AF7D10324204638BD002A08BF0324D6
:104E5000F9E700BF0040064010B504461B4B1B6934
:104E6000C3F30363013B052B1DD8DFE803F00313F5
:104E7000161C1C19FFF7B6FC144B1B69C3F3034344
:104E80000133B0FBF3F0012C0FD0ECB1022C14D0A5
:104E9000002010BDFFF74AFDEEE7FFF7BFFDEBE78F
:104EA000FFF726FEE8E70020E6E7084B1B69C3F39F
:104EB00003130133B0FBF3F010BD044B1B6903F087
:104EC0000F030133B0FBF3F010BD00BF00400640FC
:104ED00008B5094BD3F8D801C0F3807038B103F599
:104EE00088331B681B0E03D10020FFF7B5FF08BDF8
:104EF0000120FFF7B1FF08BD0050064008B50F4B79
:104F00001B6AC3F30363062B15D8DFE803F004081C
:104F10000B0E141411000220FFF79EFF08BDFFF7CF
:104F200061FC08BDFFF702FD08BDFFF777FD08BD76
:104F3000FFF7DEFD08BD002008BD00BF00400640B1
:104F400008B541B1012931D00020024610B1431EFD
:104F500022FA03F008BD0438032852D8DFE800F035
:104F60000B02141DFFF75AFD0246294BD3F8040328
:104F700000F00700EAE7FFF7D9FC0246244BD3F81C
:104F8000040200F00700E1E7FFF72CFC0246204B8B
:104F9000D3F8040100F00700D8E7FFF7A9FD0246A7
:104FA0001B4BD3F8040600F00700CFE704380328B2
:104FB0002AD8DFE800F00B02141DFFF72FFD024690
:104FC000134BD3F80403C0F30220BFE7FFF7AEFC96
:104FD00002460F4BD3F80402C0F30220B6E7FFF7F6
:104FE00001FC02460A4BD3F80401C0F30220ADE7EE
:104FF000FFF77EFD0246064BD3F80406C0F30220FD
:10500000A4E700200246A1E7002002469EE700BF79
:105010000040064008B5114B1B69C3F30113032B75
:1050200019D8DFE803F00207101300210620FFF76C
:1050300087FF08BD094B186900F00200002818BF5F
:105040004FF4FA4008BD064B186808BD0021052042
:10505000FFF776FF08BD002008BD00BF00800440B8
:10506000980A002008B50B4B1B6A13F0806F0FD015
:10507000094B1B681B0E4FF0000114BF05200720D1
:10508000FFF75EFF044B5B6A0133B0FBF3F008BD32
:10509000002008BD008004400060074038B51C4B6C
:1050A00033F810309B0003F1804303F5CA231D68D9
:1050B000C5F3C0051C6804F00704AC4225D318688A
:1050C000C0F3807010B31B68C3F30263013B052B70
:1050D00019D8DFE803F0030C101818140620FFF7A6
:1050E0002FFF0134B0FBF4F005FB000038BD0420B5
:1050F000FFF726FFF5E70520FFF722FFF1E707207E
:10510000FFF71EFFEDE70020EBE7002038BD00BFF2
:10511000F82D03000F4B1B69C3F38103022B07D04B
:10512000032B0ED0002B0CBF4FF4FA300020704739
:10513000084B186900F00200002818BF4FF4FA402D
:105140007047044B186900F00200002818BF4FF4A4
:10515000FA4070470080044008B5304B5B6813F498
:10516000006F58D02D4B5B68C3F303130F2B09D886
:10517000DFE803F00A080D08122F171C202547331B
:1051800029362C3E00203EE0FFF7B8FE3BE001212F
:105190000620FFF7D5FE36E001210420FFF7D0FE00
:1051A00031E001210520FFF7CBFE2CE00020FFF7C6
:1051B00053FE28E001210720FFF7C2FE23E0012073
:1051C000FFF74AFE1FE0FFF7A5FF1CE0FFF722FFF5
:1051D00019E0FFF747FF400815E0FFF779FE12E0FE
:1051E000FFF740FF0E4B1B681B0E0CD040080AE077
:1051F0000B4B1B681B0E01D1002004E0FFF732FFB0
:1052000001E04FF4FA30054B5B68C3F3022301332E
:10521000B0FBF3F008BD002008BD00BF00800440D3
:1052200000600740F0B5A1B028B304460646002848
:1052300000F0FF80644B1B69C3F30363032B00F092
:10524000C980FFF7EBFB002800F0B48003238DF842
:10525000073000228DF8062001228DF8052020A8B5
:1052600000F87C3DFFF7DAFD0546002800F0B2802B
:10527000284621B0F0BD01238DF80B3000228DF8B7
:105280000C208DF80D308DF80E208DF808308DF83B
:1052900009308DF80A308DF816308DF814308DF8FD
:1052A00015208DF80F208DF810308DF811308DF805
:1052B00038300D928DF82530444906918DF81C2028
:1052C0008DF824208DF81D308DF81E2002208DF8D9
:1052D0001F008DF820308DF821308DF830308DF89A
:1052E00028208DF82F208DF829200C218DF82A10E8
:1052F0008DF82B208DF82C308DF82D308DF83D3029
:1053000003218DF83C108DF84B308DF841108DF84D
:1053100040208DF83F308DF83E308DF845008DF8F7
:1053200044308DF843208DF8421006208DF8490056
:105330008DF848208DF847308DF8461024491E918D
:1053400029211D918DF84C308DF84D208DF84E207F
:105350008DF84F208DF850308DF854308DF8533043
:105360008DF852208DF851208DF868308DF8693015
:105370008DF86A308DF86B308DF86C308DF86D30AB
:105380008DF873308DF858301792189219928DF865
:105390006E308DF86F308DF870208DF871208DF89B
:1053A00072208DF87C308DF87D308DF87E2002AE35
:1053B00034463FE700210120FFF740FB0546002867
:1053C0007FF456AF42E700BF0040064000127A006B
:1053D000E00EFE1F3146E078FFF7BEFA05460028D2
:1053E00000F03081FFF7ECF9022800F06581032816
:1053F00000F06581012800F03F81002D7FF438AF77
:1054000094F8303013B1E26AAE4B1A6094F835303C
:1054100053B1AD490A6A22F0706294F834301B0629
:1054200003F0706313430B6294F84330002B40F099
:10543000B28114F16C0F35D0236F002B32D0E36EA4
:1054400083B30021A148A24D01EB8102236F9B5C35
:1054500030F813309B0003F1804303F5CA231E6824
:1054600026F080461E60236F9F189E5CBB781B064B
:1054700003F0E063FA78D20002F0080213433A79AD
:1054800002F0070213437A78002A14BF4FF08042DB
:105490000022134330F8162045F822300131E36E24
:1054A0009942D1D394F84430C3B194F8463094F87B
:1054B00047208849496821F47F6194F84500002815
:1054C00014BF4FF4006000201B01DBB2120202F493
:1054D000E06213430B4303437E4A536094F8483021
:1054E000DBB194F84A3094F849207A49096921F0EF
:1054F0003F0194F84C00084394F84B10002914BF66
:10550000022100219B0003F00C030343120102F06F
:10551000300213430B436F4A136194F86030002B41
:1055200044D06C4B196C21F0010194F861200A43BE
:105530001A641B6C23F0020394F86220002A14BF43
:10554000022200221343634A1364136C23F0040302
:1055500094F86320002A14BF0422002213435D4AFA
:105560001364136C23F0080394F86420002A14BF1A
:10557000082200221343574A1364136C23F01003CC
:1055800094F86520002A14BF102200221343514AC8
:105590001364136A23F0806394F86B20002A14BF0D
:1055A0004FF08062002213434A4A136294F850304D
:1055B00033B1494B626D1A60A26D5A60E26D9A6018
:1055C00094F86630EBB1434A936E002090665168C0
:1055D00021F4805194F868301B0303F480530B438B
:1055E0005360906694F867305BB194F869305B0063
:1055F00003F00E0394F86A2042F080521343354AB8
:10560000936694F87430002B00F0E18033498B7876
:1056100003F07F0394F8752082F0010243EAC2137D
:10562000DBB28B7094F97630002BBCBF20335BB2B9
:105630002A490A7903F01F0302F0E00213430B71B9
:10564000002515E604F11001607FFFF7D9F8054643
:1056500000287FF4C7AE04F1200194F82800FFF77A
:1056600069FA0546FFF7ACF8022825D0032826D0B2
:10567000012801D0002601E004F13606002D7FF458
:10568000BCAEF378032B2BD08DF80730B3788DF8B0
:10569000063073788DF80530337820A800F87C3D0B
:1056A000FFF7BCFB054600287FF4A7AEE11DA07BF9
:1056B000FFF7C4F90546A0E604F13A06DEE704F177
:1056C0003E06DBE7980A002000400640F82D030064
:1056D00000500640008004409C0A002000D0074093
:1056E00094F828300BBB637F93BBE378002B42D147
:1056F0000125002D7FF481AEE11DA07BFFF79EF90F
:10570000054600287FF479AEF3788DF80730B3783A
:105710008DF8063073788DF80530337820A800F8BE
:105720007C3DFFF77BFB054667E606238DF80730D7
:1057300002238DF8063001238DF8053020A800F8EB
:105740007C3DFFF76BFB0546637F7BB10128D0D121
:1057500001238DF8073000228DF806208DF80530E2
:1057600020A800F87C3DFFF759FB0546E378002BA5
:10577000BFD0012DBDD102238DF8073000238DF855
:1057800006308DF8053020A8012300F87C3DFFF796
:1057900045FB0546ADE704F136010120FFF74CFA61
:1057A000054600287FF464AD04F13A010220FFF7BA
:1057B00043FA054600287FF45BAD04F13E01032067
:1057C000FFF73AFA054600287FF452AD31E600258E
:1057D0004EE500BF70B504460D46112807D92B28A9
:1057E00040F285805A2840F2D081042070BD1128F3
:1057F0007AD8DFE800F00913191F24292E33383C2A
:1058000041484F565D646B720020FFF725FB03464D
:105810000020002D00F020822B6070BD0120FFF7DA
:105820001BFB03460020F4E70220FFF715FB0346AD
:105830000020EEE7FFF790FC03460020E9E7FFF7C2
:1058400075F803460020E4E7FFF7E8F80346002078
:10585000DFE7FEF7C7FF03460020DAE7FFF748F966
:1058600003460020D5E7B44B1B680020D1E7FFF7C3
:1058700045FB03460020CCE700210420FFF760FB36
:1058800003460020C5E701210420FFF759FB03462A
:105890000020BEE700210520FFF752FB0346002051
:1058A000B7E701210520FFF74BFB03460020B0E7D7
:1058B00000210620FFF744FB03460020A9E7012151
:1058C0000620FFF73DFB03460020A2E7002107204A
:1058D000FFF736FB034600209BE701210720FFF777
:1058E0002FFB0346002094E70023042091E7A0F15A
:1058F0001504162C00F20181DFE814F017002300D4
:105900002F003B00460052005E006A0076007F00D8
:10591000840090009D00AA00B300BC00C500CE002A
:10592000D700DF00E400E900F300844BDB68C3F339
:105930000163022B00F2E480814A52F823300020F8
:1059400056E07E4BDB68C3F38163022B00F2DB8001
:105950007B4A52F8233000204AE0784BDB68C3F3DF
:105960000173022B00F2D280754A52F823300020D6
:105970003EE0724BDB689B0F022B00F2CA80704A3C
:1059800052F82330002033E06C4BDB68C3F3014353
:10599000022B00F2C1806A4A52F82330002027E02F
:1059A000664BDB68C3F38143022B00F2B880644A84
:1059B00052F8233000201BE0604BDB68C3F3015337
:1059C000022B00F2AF805E4A52F8233000200FE035
:1059D0005A4BDB68C3F38153022B00F2A680584A6E
:1059E00052F82330002003E0FFF7B6FB0346002007
:1059F000002D00F031812B6070BDFFF70BFB0346DB
:105A00000020F5E74F4B9B78DB0902D000231846B6
:105A1000EEE7FFF77FFB03460020E9E7494B9B7861
:105A2000DB0940F08580454B1B6913F0010340F012
:105A30008D800020DCE7434B9B78DB0940F08A80B7
:105A40003E4B1B6913F0020340F087800020CFE734
:105A50003C4B9B78DB0940F084804FF4FA33002004
:105A6000C6E7364B1B6CC3F30013002B7CD14FF4FD
:105A70008070BDE7314B1B6CC3F3C003002B76D1A4
:105A80004FF48070B4E72D4B1B6CC3F38003002BE5
:105A900070D14FF48070ABE7284B1B6CC3F340030D
:105AA000002B6AD14FF48070A2E7244B1B6C13F0DB
:105AB000010365D14FF480709AE7FFF7D3FA4308EA
:105AC000002095E7FFF704FA0346002090E7FFF770
:105AD000C9FA03461C4A1268120E54D0430800202B
:105AE00086E7194B1B681B0E02D1002318467FE77F
:105AF000FFF7B8FA034600207AE70023042077E78F
:105B00000023184674E70023184671E7002318465F
:105B10006EE7002318466BE70023184668E700236A
:105B2000184665E70023184662E7002318465FE73A
:105B3000002318465CE700BF980A0020008004405C
:105B40009C0A002000D00740006007404FF47A73A1
:105B500000204DE7002318464AE74FF4FA4300209F
:105B600046E70023184643E70023184640E7002392
:105B700018463DE7002318463AE70023184637E762
:105B80000023184634E7002032E72C2805D80420EB
:105B90000023002D60D02B6070BDA0F13903DBB273
:105BA000122B07D82D4A22FA03F313F0010F18BF66
:105BB0000420EDD15A2C4DD0294B33F81420294B19
:105BC00053F8223013F0804F33D14FF48070DFE769
:105BD0000120FFF741F9B8BB00234FF48070D8E7EC
:105BE0000020FFF739F90028F6D02DE00220FFF75A
:105BF00033F90028F0D027E016F0080F06D116F090
:105C0000100F0BD100234FF48070C2E70021204613
:105C1000FFF744FA034616F0100F04D00121204686
:105C2000FFF73CFA0346002B14BF00204FF48070AE
:105C3000AFE70D4B1E5D16F0200FC9D116F0400FD7
:105C4000CED116F0800FD1D116F0180FD4D1002389
:105C500018469EE704209BE770BD00BF4101040089
:105C6000F82D030000500640AC2F030010B4054C83
:105C700020602171A2602373637300205DF8044BE0
:105C8000704700BFA80A0020F0B583B007460E4653
:105C90008DF804008DF8051002F036FE334B1C7BA6
:105CA0005C7301238DF80630002C4AD000242F4D60
:105CB00004E00134E4B22B7BA34242D9AB6853F831
:105CC0002430002BF5D01A79022AF2D01A6899688C
:105CD00001A890470028ECD06C73002EE9D140F267
:105CE000031500238DF80630A400204E20E0013477
:105CF000E4B23B7BA34212D9BB6853F82430002B9B
:105D0000F5D01A79012AF2D01A68996801A890474B
:105D10000028ECD07C73002EE9D14FF4827502F09C
:105D2000E5FD284603B0F0BD043C14F1040FF6D0A5
:105D3000B3681B59002BF7D01A68996801A89047DF
:105D4000F2E70A4D2B6853F82700FFF76BFA6F71E3
:105D500005460028C5D102238DF80630034B1B7B76
:105D6000002BDCD00024014FC6E700BFA80A0020AA
:105D700008B5FFF72FFD08BD10B4064B1B6853F89C
:105D80002040616053F820309A6000205DF8044B99
:105D9000704700BFBC0A002008B5084B1B6853F8C9
:105DA000203000F00F00064A1077D07723B15A68F0
:105DB00012B1197B9868904708BD00BFBC0A00204B
:105DC0000080004038B5054600F00F04002221464F
:105DD000094800F06FF9094B1B6853F8253053B19F
:105DE000054A1477D477947701221A735A6812B14E
:105DF000197B9868904738BD00800040BC0A00209D
:105E00002DE9F04F87B09DF84070119D0124BC40F2
:105E10005FFA84FCB5FBFCF60CFB1656002E14BF93
:105E20004FF0010A4FF0000A03D0504607B0BDE81A
:105E3000F08F059304920391804600F00F06DFF87F
:105E400000913146484600F03AF9D9F8003023F085
:105E50008003C9F80030730103F1804202F5004B62
:105E600002F51042049810604B4441F2100205986C
:105E700098500197009700231A463146484600F093
:105E800043F9039B032B12D8DFE803F0022D3D4CAE
:105E9000002241F204032BF8032064B2A4B2730180
:105EA00003F1804303F5004341F214029C52244C59
:105EB0002A463146204600F03FF90122314620466D
:105EC00000F068F904EB461641F21C02B35A1BB20B
:105ED00043F002039BB2B3521A4B1B6853F82830AD
:105EE00000221A73A1E764B2A4B241F204032BF8B2
:105EF0000340730103F1804303F50043002141F2A5
:105F000014029952D3E764B2A4B241F204032BF80D
:105F10000340730103F1804303F5004341F214028F
:105F20009C52C4E7002241F204032BF803207301C2
:105F300003F1804303F5004341F214015A52B6E7DE
:105F400000800040BC0A002070B582B00446079D66
:105F500001959DF818500095FFF752FF054610B1C6
:105F6000284602B070BD04F00F040F4E089A214677
:105F7000304600F00FF906EB441641F21C03F35AC9
:105F800023F008031B041B0C9DF82420002A14BFD7
:105F9000082200221343640104F1804404F5004404
:105FA00041F21C02A352DBE70080004008B5012249
:105FB00000F00F01024800F07DF8002008BD00BF8E
:105FC0000080004008B5002200F00F01024800F0F8
:105FD00071F8002008BD00BF0080004010B40F4BD6
:105FE0001C5C04F07F041C541C5C01F03F0104F0B5
:105FF000C004214319541B5C03F0BF03002A14BFE3
:10600000402200221A43054B1A541A5C42F08002C7
:106010001A5400205DF8044B704700BF0010024086
:1060200000F00F00400100F1804000F5004041F217
:106030000C03C150704700F00F00400100F1804098
:1060400000F5004041F21003C150704708B50A4600
:1060500000F00F01014800F09DF808BD00800040ED
:1060600008B500F00F01024800F0C3F808BD00BFFA
:106070000080004000F00F00430103F1804303F56E
:10608000004341F21C029B5A23F008031B041B0C23
:10609000002914BF082200221343400100F1804070
:1060A00000F5004041F21C028352704700487047DF
:1060B000008000400AB981767047C176704700EBD6
:1060C0004111002341F208028B5001F58052136008
:1060D00041F204028B5241F206028B5241F20C0251
:1060E0008B5041F210028B5041F214028B5241F25C
:1060F00016028B5241F218028B5041F21C028B5255
:1061000041F21E028B52704710B4DB00DCB29DF8E6
:10611000083003F00703234343EAC2239DF8042019
:10612000120202F4E06213439BB2803100EB411192
:10613000CB805DF8044B7047036813F0800F13D0D9
:1061400010B400EB411341F208041B59002B11DB82
:1061500000EB41131B5913F0804F0BD122F040424A
:1061600000EB4110025112E000EB411041F2080334
:10617000C250704700EB411041F20801435823F42C
:106180007F7323F00303C2F309021A4342505DF800
:10619000044B704710B400EB411441F21E03E35A64
:1061A00013F4004F14D100EB411141F21E000B5AC1
:1061B000C2F30E0203F4004313430B5241F21600E4
:1061C0000B5A03F400431A430A525DF8044B70471C
:1061D00041F21E00235AC2F3080203F47E43134324
:1061E000235241F21600235A03F47E431A432252EB
:1061F000EBE700EB411241F21E03D35A13F4004FB8
:1062000007D100EB411041F21603C05AC0F30E0053
:10621000704741F21603D05AC0F30800704708B522
:106220000020FFF7B9FD08BD08B50120FFF7B4FD58
:1062300008BD08B50220FFF7AFFD08BD08B5032073
:10624000FFF7AAFD08BD08B50420FFF7A5FD08BDAE
:1062500008B50520FFF7A0FD08BD08B50620FFF72B
:106260009BFD08BD08B50720FFF796FD08BD08B5E2
:106270000820FFF791FD08BD08B50920FFF78CFD48
:1062800008BD08B50A20FFF787FD08BD08B50B203B
:10629000FFF782FD08BD08B50C20FFF77DFD08BDA6
:1062A00008B50D20FFF778FD08BD08B50E20FFF7F3
:1062B00073FD08BD08B50F20FFF76EFD08BD38B5AA
:1062C0000020FFF7F3FEC56A002404E06D080134E6
:1062D000E4B2102C06D015F0010FF7D02046FFF7DE
:1062E00071FDF3E738BD000029B9064A536A23F06F
:1062F0000C0353627047034A536A43F00C03536222
:10630000704700BF0090074008B5094B5B6813F069
:10631000406F0BD0074B53F820305B6913B100225C
:10632000012198474FF04062014B5A6008BD00BF01
:1063300000900740C00A002008B5094B5B6813F0C5
:10634000407F0BD0074B53F820305B6913B100221C
:10635000114698474FF04072014B5A6008BD00BF8C
:1063600000900740C00A002008B50B4B5A680B4B41
:106370001A4210D00A4B53F820305B6913B1002247
:1063800002219847044A536823F01F4323F4000373
:106390009B0C9B04536008BD0090074000007C608C
:1063A000C00A00200C4B5B6813F4003F00D170471B
:1063B00010B504460021FFF797FF084B53F824302F
:1063C0005B691BB100220321204698474FF400323D
:1063D000014B5A6010BD00BF00900740C00A00206A
:1063E00008B50A4B5B6813F4004F0DD0084B53F807
:1063F00020309B6923B1054AD2F80416C9B29847E8
:106400004FF40042014B5A6008BD00BF00900740A6
:10641000C00A002008B50020FFF776FF08BD08B5C8
:106420000020FFF789FF08BD08B50020FFF79CFF9B
:1064300008BD08B50020FFF7B5FF08BD08B500206E
:10644000FFF7CEFF08BD000003680B6043684B6098
:1064500083688B60C3680B6103698B612D4BDB6CB8
:10646000C3F303330F2B4FD8DFE803F0080F1317E4
:106470001B22262A2E32363A3E42464A4FF4002349
:10648000CB6000234B61002070474FF0FF33CB609F
:10649000F7E74FF0FF33CB60F3E74FF0FF33CB600C
:1064A000EFE74FF4E023CB604FF480534B61EAE712
:1064B0004FF0FF33CB60E4E74FF0FF33CB60E0E712
:1064C0004FF0FF33CB60DCE74FF0FF33CB60D8E712
:1064D0004FF0FF33CB60D4E74FF0FF33CB60D0E712
:1064E0004FF0FF33CB60CCE74FF0FF33CB60C8E712
:1064F0004FF0FF33CB60C4E74FF0FF33CB60C0E712
:106500004FF40023CB60BCE7CB68B3F5002FCBD3AF
:10651000B7E700BF008004402DE9F8430646174660
:1065200084688C4211D8C368234499420DD201F586
:1065300000010C1BC7F30B00003018BF0120194DE0
:106540004FF070094FF009081BE03468A14223D3D3
:1065500073682344994222D20C1BEBE785F8009024
:1065600085F80780C4F30743AB71C4F307236B714D
:10657000E3B22B7130460CF053FFA7F5805704F5BA
:1065800080543FB120B92B7813F0800FE6D1022060
:10659000BDE8F883BDE8F8830120BDE8F883012059
:1065A000BDE8F8830000024038B584688C420DD8FD
:1065B000C5682544A94209D201F50001091B144C04
:1065C000247814F0800F0AD1022038BD0468A1425B
:1065D0001AD345682544A94218D2091BEFE70C4C91
:1065E000702525700125E571C1F30745A571C1F33B
:1065F00007256571C9B22171110AE172D2B2A27286
:1066000063720CF00DFF38BD012038BD012038BD8C
:106610000000024012F0070F4ED12DE9F0478146ED
:106620000C46154682688A4208D8C16811448C42DB
:1066300004D204F50004A41A00200CE0D9F80020CC
:10664000944207D3D9F8041011448C4213D2A41AEF
:10665000002000E001205E1EDFF86C804FF0700A21
:10666000174F5DB350BB98F8003013F0800F04D182
:106670000220BDE8F0870120EDE788F800A007239D
:1066800088F80730C4F3074388F80630C4F30723BB
:1066900088F80530E3B288F804303346094A13F825
:1066A000011F02F8011FBA42F9D148460CF0B8FEAA
:1066B0000834083D0836D4E701207047BDE8F0876C
:1066C0000F00024007000240000002402DE9F04F99
:1066D00083B001939DF8349012F0030F04D001238E
:1066E000184603B0BDE8F08F064615468768B942E4
:1066F00019D3C3683B44994215D201F50004E41B49
:106700004FF0000A5346DFF8A880DFF8A8B035B193
:106710002BB998F8003013F0800F0DD102230C9A9A
:10672000C2F800A0DCE73768B94235D373683B4450
:10673000994235D2CC1BE3E7702388F8003002235E
:1067400088F80730C4F3074388F80630C4F30723FA
:1067500088F80530E3B288F8043088F80B90019B84
:106760005A1E114B12F8011F03F8011F5B45F9D1A6
:1067700030460CF055FE034640B10C4A944286BFA9
:10678000A7F5000AA24407EB040AC0E7043D019AFA
:10679000043201920434BAE74FF0000A0123BEE745
:1067A0004FF0000A0123BAE70B000240FFFF7F0011
:1067B000000002400F0002402DE9F04186B00C4677
:1067C00016469846284B53F82070284B53F8205013
:1067D000284600F00BFE844205D34FF44073184660
:1067E00006B0BDE8F08104EB440307EB83031B7A9A
:1067F0000BB10223F3E71F2C04D804F01F0201237E
:1068000093402B6304EB440307EB830302221A72C9
:106810009DF834205A72F27A9A727368049333782E
:106820008DF80C30337A8DF81430737A8DF815307A
:10683000B37A8DF81630F37A9BB11C2302930C9B2C
:106840000093434602AA2146284601F037F8034642
:106850000028C4D004EB440407EB84040022227215
:10686000BDE70C230293EAE7C40A002008300300C6
:106870002DE9F0410C4690461F461E4B53F8205020
:106880001D4B53F82060284600F0B0FD844204D32D
:106890004FF440731846BDE8F0812B6813F0005F99
:1068A00009D06B6BC3F303635B0007339C4202D8D0
:1068B0004FF44073EEE704EB440306EB83031B7ACB
:1068C0000BB10223E6E704EB44039B00F11801221D
:1068D0000A7246F803804F722146284600F008FFEE
:1068E00003460028D6D004EB440406EB84040022BF
:1068F0002272CFE708300300C40A00202DE9F043DC
:1069000083B005460F4690463D4B53F820603D4B03
:1069100053F8204094F89131012B06D0237A13B319
:106920000223184603B0BDE8F083237ADBB2032BC1
:10693000F4D1B36A326B134013F0200F02D100235D
:106940002372EBE7304600F0FEFE01233363D6F8F6
:106950008C30B36A326B134013F0200FF7D13046FE
:1069600000F0E4FEEBE7336813F0005F01D1012390
:10697000D7E74FF0010984F8089084F80980276070
:106980004A460621304600F0B3FE4A46072130460B
:1069900000F0AEFE4A460521304600F0A9FE94F80C
:1069A00091314B4501D00023BBE72A46164994F8A4
:1069B0009001FFF7E1F918B1002323724B46B0E7CD
:1069C000236894F89001102201920221009106F1AF
:1069D0008002FFF715FA18B1002323720123A0E704
:1069E000012194F89001FFF745FB94F89001FFF71F
:1069F000DDFA0346002894D000232372012390E798
:106A000008300300C40A0020AD6A020070B50646D3
:106A1000244B53F8204094F8913113B3237ADBB21E
:106A2000032B30D0256894F89001FFF7CBFA2B6840
:106A300013F4001F02D16A68920C6A60C3F3034327
:106A400085F84830AB681BBAAB60EB681BBAEB60EB
:106A5000D4F88051BDB12346002208213046A84712
:106A600011E0114B53F8205000220521284600F078
:106A70003FFE00220621284600F03AFE00220721B0
:106A8000284600F035FE00232360637A33B9237A69
:106A9000DBB2032B1CBF0023237270BD201D07F047
:106AA0004BF8F4E7C40A00200830030038B5044668
:106AB000012903D0E0B2FFF7A9FF38BD064B53F818
:106AC000203003221A72D3F88051002DF2D0002218
:106AD0000921C0B2A847EDE7C40A002038B50C462A
:106AE0000E4B53F8205000220D4B53F8200000F0BD
:106AF000FFFD04EB440305EB83035B7A33B904EB3E
:106B0000440405EB84040023237238BD04EB4400E5
:106B100005EB8000043007F00FF8F0E7C40A00200E
:106B20000830030038B50D46094B53F82040204685
:106B300000F009FE3DB1236843F480332360204612
:106B400000F0F4FD38BD236823F480332360F6E7BA
:106B500008300300F8B50E4615461F46414B53F862
:106B60002040204600F0EFFD236803F07F039D42A4
:106B700001D81F2D05D9204600F0D8FD4FF44070F4
:106B8000F8BD236813F0005F15D15EB9364B03EAF8
:106B9000874705F5087544F82570204600F0C6FDC6
:106BA0000020F8BD012EF8D127F0604705F50875E3
:106BB00044F82570F1E7636BDB0D03F01E03073328
:106BC0001F2B28BF1F239D4212D82368C3F3012324
:106BD000022B2BD0032B39D0012B1BD03A4600219E
:106BE000304600F0D3FB05F5087544F82500D4E7DE
:106BF0003EB91D4B03EA874705F5087544F8257033
:106C0000CBE7012EC9D127F0604705F5087544F898
:106C10002570C2E73A460121304600F0B7FB40EA52
:106C2000104005F5087544F82500B6E73A460221FC
:106C3000304600F0ABFB030C43EA1063034343EA26
:106C4000102305F5087544F82530A6E73A460321D8
:106C5000304600F09BFB05F508754FF0FF3344F814
:106C600025309AE7083003000000FC1F2DE9F047AB
:106C7000814688461746A64B53F820402368002BD0
:106C800005DB204600F05FFD204600F0DAFB62687D
:106C90007B7A5B0303F4005322F4005213436360D6
:106CA000204600F0B9FB204600F04DFD204600F0E4
:106CB000D5FB236823F400633A7A002A40F013815D
:106CC0002360226D22F00042002314E1636B23F461
:106CD0008053002A14BF4FF4805200221343636391
:106CE000BB79022B03D0236843F4003323607B7904
:106CF000002B40F0B78097F83430012B00F0BB80B8
:106D000097F834301BB9236823F400432360F979E2
:106D1000204600F09DFD3968204600F04DFF0246F8
:106D2000002840F0F280236813F4006F00F0AC807C
:106D3000FB6838697E69BD69FA69216D01F000411F
:106D40002165216D9B029BB2400100F478700343E2
:106D500006F01F0633436F4800EA45552B431204E3
:106D600002F4F81213430B4323653B6A786ABE6A48
:106D7000FD6A3A6BD4F804CC67490CEA0101C4F807
:106D8000041CD4F8041C9B0203F4F8434001C0B275
:106D9000034306F007063343604800EA05552B43DA
:106DA000120402F4E02213430B43C4F8043CB97903
:106DB000204600F01EFDBB79032B02D0204600F0D8
:106DC000B5FC574B33F9190010F1800F01D001F0D9
:106DD00073FD544B33F9190001F06EFD524B33F93A
:106DE000190001F069FD514B33F9190010F1800FC2
:106DF00001D001F061FD09F103034C4A32F913009F
:106E000010F1800F01D001F057FD08F1040A55463A
:106E1000002426463146284606F0BAFE02460028DF
:106E200051D16E7145F8046C04EB440308EB830305
:106E30001E7201340C35202CECD197F8343088F8D0
:106E4000913197F8353088F890310023C8F88031B7
:106E5000C8F88431C8F88831C8F88C31344B43F80D
:106E6000298052E03979204600F02CFB02460028A8
:106E70003FF441AF49E0236813F0005F2FD023684F
:106E800043F4004323603BE7FB6838697D69BE69D2
:106E9000FA69616821F007010904090C6160616801
:106EA00003F0070343EA06632D0405F4E0252B43B2
:106EB000C00400F460100343920502F4400213433F
:106EC0000B43636073E764B10025504606F06AFE29
:106ED00001350AF10C0AA542F7D1012215E0012281
:106EE00013E0012211E043F400632360226D22F0DD
:106EF00000424FF000431343236523683A7AC3F3FB
:106F0000C0239A423FF4E2AE01221046BDE8F0876A
:106F1000083003000000E07F188308C00000F03F45
:106F2000303003001C300300143003002430030011
:106F3000C40A002010B586B00D4C54F820005468E7
:106F4000049414788DF80C40947A8DF81640147AD5
:106F50008DF81440527A8DF8152006AA082442F8BC
:106F6000104D0024009400F0A9FC06B010BD00BF35
:106F7000083003002DE9F04F83B00C462E4E56F832
:106F800020702E4E56F82060012501950C9D00952D
:106F9000FFF712FC054618B1284603B0BDE8F08F94
:106FA000A04601222146304600F0A2FB04EB44003B
:106FB00007EB80000D99043006F0A4FD81460328FC
:106FC000EAD104EB440307EB83031B7A002BE3D0E5
:106FD00000222146304600F08BFB04F01F0B4FF0DF
:106FE000010A0AFA0BFA1F2C98BFC6F830A02146F6
:106FF000304600F023FDB8F11F0FFCD8336B0AEACE
:10700000030323FA0BF313F0FF0FF4D021463046AD
:1070100000F03BFC0368C3F30363092B08BF4D4634
:107020001F2C98BFC6F830A004EB440407EB84047F
:1070300000232372B0E700BFC40A00200830030019
:1070400070B584B00D461E46164C54F8204050686A
:10705000029010788DF80400127A8DF80C2004AAA2
:107060000F2042F8100D204600F0F2FC034610B14C
:10707000184604B070BD04AA002342F8103D334600
:107080002946204600F0E4FC03460028F0D104AA7B
:10709000042342F8103D33462946204600F0D8FC30
:1070A0000346E5E70830030070B50D461646074B6A
:1070B00053F82040204600F046FB32462946204641
:1070C00000F02AFA204600F031FB70BD08300300C2
:1070D00008B50023FFF7CCFB08BD08B50022FFF779
:1070E0000DFC08BD10B5074B53F82040064B53F874
:1070F0002020D2F888310BB10A219847204600F0B1
:1071000043FB10BD08300300C40A0020F8B5184B3B
:1071100053F82040236813F4804F28D00546154BC0
:1071200053F82060D4F8083B13F4003F0CD0D4F897
:10713000083B43F40033C4F8083BD6F880711FB114
:10714000334600220521B847D4F8083B13F4803FAA
:107150000DD0D4F8083B43F48033C4F8083BD6F88C
:10716000804124B13346002206212846A047F8BDBD
:1071700008300300C40A00202DE9F04194B0054610
:107180006D4B53F82040A36A226B134003F00103B8
:10719000002663B90136202E00F0B880A36A226B66
:1071A000134006F01F02D34003F00103F1E7002B68
:1071B00000F0AC80614B53F82570236813F0005F3A
:1071C00001D0072E12D906EB460307EB83031B7A87
:1071D000DBB2012B42D006EB460307EB83031B7A9D
:1071E000DBB2022B5FD014B0BDE8F081052E10D0C9
:1071F000062E26D0072EEED180232363D7F8808178
:10720000B8F1000FE7D03B46002203212846C047D3
:10721000E1E73B7ADBB2012BDDD13968204600F093
:10722000BDFA2846FFF7F2FB20232363D7F88081BD
:10723000B8F1000FCFD03B46002201212846C047BD
:10724000C9E740232363D7F88081B8F1000FC2D08B
:107250003B46002202212846C047BCE73146204673
:1072600000F0A5FC06EB460357F8232031462046E4
:1072700000F052FC0028AED1A36831462846FFF743
:107280002DFC1F2E04D806F01F0201239340236318
:10729000D7F88081B8F1000F9DD03B4632460021DF
:1072A0002846C04797E731462846FFF717FC06EB0C
:1072B000460307EB83039B7A83B91F2E04D806F09D
:1072C0001F02012393402363D7F88041002C8AD00A
:1072D0003B46324604212846A04784E731462046F3
:1072E00000F065FC01AA3146204600F015FCA368B9
:1072F0009DF8073003F00F03042BE5D11F2EE3D8D0
:1073000006F01F02012393402363DDE765B9D4F83B
:10731000083BD4F8082B5B0C43EA124313F0010F2F
:1073200002D00020FFF7F2FEE369002B3FF45BAFD1
:107330002846FFF7D7FE56E708300300C40A0020AE
:10734000034B53F82030C3F88011C3F884217047F1
:10735000C40A0020082817D90938062813D8DFE8FE
:1073600000F00406080A0C0E10000C2070471020D4
:107370007047142070471820704720207047302035
:10738000704740207047002070470000012914D04A
:1073900021B1022920D000231846704702F0404353
:1073A00030B10128F8D1520022F040421343F3E7F4
:1073B0000C4901EAC2421343EEE702F0404330B108
:1073C0000128E9D1084901EA02421343E4E70549EB
:1073D00001EAC2421343DFE7012801D90023DBE7BA
:1073E0001306D9E70000F83F0000FF3F0346084AB4
:1073F000904209D002F58052904207D00020054A01
:10740000934208BF202070472020F8E720207047D3
:107410000040024000B00240036813F4801F0FD008
:10742000036823F000430360036823F08043036094
:10743000036823F080530360036813F0006FFBD1EF
:1074400070470368002B07DB036843F000430360C9
:10745000036813F4801FFBD07047000070B504462A
:10746000036843F000730360236813F0007FFBD1CF
:10747000236843F4805323602046FFF7B7FF04F1ED
:107480008001860007D00B4601EB8601002543F8FA
:10749000045B8B42FBD104F5086230B113463244E1
:1074A000002143F8041B9A42FBD14FF0FF332361C4
:1074B0006361A3610022A2622363014B236270BD5A
:1074C00006003B0038B504460D46FFF78FFF014626
:1074D000236803F40063002B14BF012000201AD19D
:1074E000236843F000532360626B2B0603F0706344
:1074F00022F07062134363634FF0FF33A36489B2D9
:1075000049B100236FF0604503F5087244F822503A
:1075100001338B42F8D138BD2DE9F04100F1E00391
:10752000446BC4F30364032900F2DC80DFE811F04C
:1075300004002E007E00D600016821F44071016035
:107540000134E40000F0CE80114602EBC402664E26
:1075500008E04C6806EAC4442C441C60083104333B
:107560008A4211D0087800280CBF00254FF0004552
:1075700048780028EDD04868400020F0404045F0B1
:10758000804420441860E9E7BDE8F081016821F4F7
:10759000407141F4807101600134E40000F0A28088
:1075A000154602EB0412504F504E43F6F87411E0AA
:1075B000696807EAC1414144196024E01868DEF8AF
:1075C0000C1004EAC1016144014319601035043311
:1075D000954229D0AE46297800290CBF4FF000080B
:1075E0004FF00048297A00290CBF4FF0000C4FF4EF
:1075F000004C69780029DBD0686806EA400048F052
:107600008041014419609EF809100029D6D0D3F8B2
:107610000080DEF80C00C0F3CD304CF48041014412
:1076200041EA08011960D1E7BDE8F081016821F461
:10763000407141F4007101600134E40052D0104601
:1076400002EB441220E01C684568ED0844EA05643A
:107650001C6023E01D68CC68640304F47F042C43A1
:107660001C6025E01D684C69640104F47F442C43D0
:107670001C6027E01C68C969C1F3C7012143196078
:1076800020300433904227D001464478002CDAD0D1
:107690001C6845686D0D44EA05641C604C7A002C3A
:1076A000D8D01D68CC68640904F47F042C431C60A6
:1076B0004C7C002CD6D01D684C69640B04F47F44CC
:1076C0002C431C604C7E002CD4D01C68C969C1F3CB
:1076D000475121431960D3E7BDE8F081036843F4C3
:1076E00040730360BDE8F0810000F83F0000FF3FF9
:1076F000036803F07F038B4207D24FF4407070475A
:10770000836A19438162002070471F290CD801F059
:107710001F01012303FA01F1002AF1D1836A23EA50
:10772000010181620020704700207047036823F048
:1077300080530360036823F080430360036813F001
:10774000807FFBD17047036843F080430360036888
:1077500043F0805303600368002B0EDB01220368B3
:1077600013F0807FFBD03AB9036843F00043036015
:10777000036813F4801FFBD07047036823F00043B5
:1077800003600022EBE70000026A034B134013B1D1
:10779000014B0362036A704706003B00F8B50746D9
:1077A0000E4600F1880401F10805D0F88000C0F30E
:1077B0000340FFF7CFFD86F84800D7F880303360EC
:1077C00013F4001F10D0D7F88430736006460023EE
:1077D00048B1990854F8212012BA45F82120043301
:1077E000B342F6D3F8BDF8BDD7F884309B0C736074
:1077F000ECE708B504292AD8DFE801F00B181D03CF
:107800000600FFF7A0FF08BD036843F000430360D4
:1078100008BD036823F400030360436823F00803F2
:107820004360436823F48053436008BD436843F0DA
:107830000803436008BD436843F4805343604368D2
:1078400023F008034360036823F40033036008BD9A
:10785000036813F4006F07D0D0F8003C23F44033E2
:1078600043EA0141C0F8001C7047036813F4006F3D
:1078700009D0D0F8000CC0F301400330012303FA13
:1078800000F0C0B270470820FBE738B504460D464B
:10789000FFF7EBFF0830C0B24FF40073B3FBF0F317
:1078A000DBB2B5FBF3F203FB12538008D20100FBFD
:1078B0000320203004EB800038BD00002DE9F843A0
:1078C0000746894614469846089DFFF7DEFF3B6849
:1078D00003F07F03994500F2A38006463B6813F04E
:1078E000005F0FD07B6BC3F303635B0007339945E5
:1078F00008D84FF44070BDE8F8837B6B4FF44070BC
:10790000BDE8F8833B6813F4006F07D0A37B2BB16D
:10791000D7F8003C43F00043C7F8003CD4F8089087
:107920005FFA89F3402B9ABF424AD05CFF2007469A
:1079300065B3FFF70FFD39F003030DD0002399085D
:107940008A00083255F8211009BAB1500433A268F0
:1079500022F003029A42F2D806F10801A26893428B
:107960000AD21D4483F0030215F801CB01F802C0CE
:107970000133A2689A42F5D80546824206D282F0C7
:107980000303607BC8540132AA42F8D1002333605C
:1079900073602379012B2FD0002322796AB9736891
:1079A00023F0FF5323F4E01373607268224B03EA61
:1079B000884848EA0202726000233F0407F47027F7
:1079C0003B4322680F2A28D01C2A08BF43F48013A7
:1079D00023F07063217BD9B1120602F0706242F08D
:1079E00000421343A27B0AB143F080433268134341
:1079F00033600020BDE8F883736803F06043736070
:107A0000726828F06043134373604FF40013C4E7B7
:107A1000120602F070621343E4E70020BDE8F88329
:107A20003B6813F0005F7FF468AF4FF44070BDE82F
:107A3000F88300BF383003000000FC1F08B5FFF7D3
:107A400024FF036823F0706343F01063036008BDF4
:107A5000F8B504460E4615461F46FFF716FF236885
:107A600003F07F039E423FD8236813F0005F46D1A6
:107A70000023036043602B79012B21D02B797BB944
:107A8000036823F4C0030360436823F0FF5323F427
:107A9000E013436042681F4B03EA8743134343608C
:107AA0002B680F2B1ED0036823F0706303600268FD
:107AB0002B681B0603F07063134303600020F8BDBE
:107AC000036843F400130360036823F48003036036
:107AD000436803F060434360426827F06043134308
:107AE0004360CBE70020F8BD236813F0005F03D0AC
:107AF000636B4FF44070F8BD4FF44070F8BD636B9A
:107B0000C3F303635B0007339E42B1D84FF4407068
:107B1000F8BD00BF0000FC1FF8B507460E4615462D
:107B2000FFF7B3FE04460068C0F30340FFF712FC02
:107B300085F848003B6813F0005F2FD07B6BC3F3E0
:107B400003635B0007339E4228D84FF44070F8BDB2
:107B500063686B6030F0030608BF00230CD000237D
:107B600003F0FC0202F10801615809BA2A4491604D
:107B70000433DBB2B342F3D383420DD2D91D29447F
:107B800083F003020832A25C01F8012F0133DBB25B
:107B90009842F5D10020F8BD0020F8BD23682B6085
:107BA00013F4001FD4D163689B0C6B60D2E708B557
:107BB000FFF76BFE036808BD2DE9F84306460F4644
:107BC000FFF753FE04467D1E29463046FFF75DFE53
:107BD0002044083006F52073984203D94FF44070D2
:107BE000BDE8F883A0463046FFF700FC874206D97F
:107BF0004FF44070BDE8F8830020BDE8F883336897
:107C000023F07F0305F07F051D433560316811F0D7
:107C100000511CD1002FEFD000252C4608F1080997
:107C20003046FFF732FE04604460B8F1000F06D022
:107C300000F10803484403F8014B9842FBD1013599
:107C4000EDB22946AF42EBD80020BDE8F883002012
:107C5000BDE8F88308B50020FFF78EFA08BD08B527
:107C60000020FFF73FFA08BD08B50020FFF74EFAE5
:107C700008BD08B50020FFF77FFA08BD08B5002051
:107C8000FFF77AFA08BD08B50120FFF775FA08BDBD
:107C900008B50120FFF726FA08BD08B50120FFF757
:107CA0006BFA08BD08B50120FFF766FA08BD08B5F4
:107CB0000220FFF761FA08BD08B50220FFF712FAAB
:107CC00008BD08B50220FFF757FA08BD08B5022025
:107CD000FFF752FA08BD0000F8B5134B1A6A1D6988
:107CE0001540596A5A690A40996A9B690B400F49C5
:107CF0000E68341D1436012715431D4302E09047DA
:107D0000B4420FD054F8040F0028F9D00268002ABA
:107D1000F6D0037A07FA03F3013B417A8B402B42FA
:107D2000EED0ECE7F8BD00BF00A00540D00A00206F
:107D30004B782BB98B78002B40F0A480CB7800E0F7
:107D4000012303F001030A78002A00F0C980002B08
:107D500040F09680644B53F82030002A00F09B805E
:107D6000D3F88C2042F48062C3F88C20D3F88C20A6
:107D700042F40062C3F88C20D3F88C2042F4805285
:107D8000C3F88C20D3F88C2042F40072C3F88C2006
:107D9000D3F88C00CA7A120202F4807220F4807048
:107DA0000243C3F88C20D3F88C2042F08002C3F841
:107DB0008C204A7822B99A6D22F010029A6503E06D
:107DC0009A6D42F010029A658A78002A4ED09A6D18
:107DD00042F020029A65CA78002A4CD09A6D42F08F
:107DE00040029A65986D0A79520002F0020220F072
:107DF000020002439A659A6D22F00102487902431B
:107E00009A659A6D087A003018BF012022F00802A6
:107E100042EAC0029A65D3F88C008A79120102F016
:107E2000100220F010000243C3F88C20D3F88C001D
:107E3000CA79520102F0200220F020000243C3F868
:107E40008C20D3F88C004A7A920002F0040220F0D1
:107E500004000243C3F88C20D3F88C2022F00102E6
:107E6000897A0A43C3F88C20002070479A6D22F06B
:107E700020029A65AFE79A6D22F040029A65B1E759
:107E8000012070470A78002A3FF464AF0120704750
:107E9000154B53F82030D3F88C2042F48022C3F8DD
:107EA0008C20D3F88C2042F40022C3F88C20D3F825
:107EB0008C2042F48012C3F88C20D3F88C2042F43A
:107EC0000032C3F88C20D3F88C20C87A003018BF59
:107ED000012022F4803242EA0042C3F88C2062E79B
:107EE000002BD5D1012070477C30030070B582B0E3
:107EF00005461B4B53F8203000220192186800F011
:107F0000070001248440174B53F825301B78022BBF
:107F10001BD0032B07D0012B1CD0E4B20198B0FB7F
:107F2000F4F002B070BD104B03EB45035E7801A97D
:107F30003046FDF71DFF019B13B90B4B13F815607D
:107F400001A93046FDF714FFE7E701A91E20FDF760
:107F50000FFFE2E701A90020FDF70AFFDDE700BF00
:107F60007C300300D40A00209C300300F8B5344B69
:107F700053F8203013B101273846F8BD314B53F880
:107F800020508B7B13700023537053802C4B43F88D
:107F9000202002F1080702F1180402F1580E02F144
:107FA000380C2646002327F8023B46F8043B4CF8E1
:107FB000043B0EF8013BA742F5D117460C46064696
:107FC000284600F059F8617B284600F049F8304611
:107FD000FFF78CFF7860237B023BDBB2022B1FD9BB
:107FE0000027EA6E637C9B0103F0400322F040020D
:107FF0001343EB66D5F88420E37B9B01DBB222F0D0
:10800000C0021343C5F88430237C7BB92B6823F46A
:1080100080732B600C4B33F9160000F059FCABE772
:1080200021463046FFF784FE0746DAE72B6843F423
:1080300080732B60044B33F9160000F03DFC9BE786
:10804000D40A00207C300300AC300300034B53F80B
:1080500020305868B0FBF1F080B27047D40A00209D
:10806000436D43F001034365036823F0070301F008
:1080700007010B4303607047F0B4436F002343676D
:10808000042242650268036043608360C364026D3A
:1080900003658365C365036643668366C26EC36614
:1080A00003678367C367C0F88030C0F88430C0F8C6
:1080B0008830C0F88C30C0F89030C0F89430C0F8E8
:1080C0009830C0F89C30124B984208D003F580538A
:1080D000984204D0002319460D4D0E4F0AE00023AC
:1080E000C0F80032F6E7803400EB840461600133AD
:1080F000082B0AD01C4600EBC302D668D160116180
:10810000A842F0D0B842F2D1EDE7F0BC704700BF12
:108110000090034000A0034001290ED9052999BF12
:108120000239012306394FF4807303FA01F142B991
:10813000C36E23EA0101C1667047102303FA01F1FF
:10814000F5E7C36E1943C166704700002DE9F041A1
:10815000BDF818703C4C54F820503C4C54F820604A
:10816000AC68A4B27078042819D0032803BF013486
:10817000A4B200200120CAB9B3F5004F58D8B7F512
:10818000004F58D804FB03F2C2F3CF3204FB07F7C9
:10819000C7F3CF37B3F5004F05D013460AE06400AC
:1081A000A4B20020E7E7531C9BB203E09C4245D3F6
:1081B000BC4246D3002845D14A08D5F864804FEA2E
:1081C000C20E4FF0010C0CFA0EFC1CEA080F25D071
:1081D000D5F864C0802101FA0EFE1EEA0C0F07D00C
:1081E000296811F0180F06D105EB02110B6102E0AE
:1081F00005EB02110B6153000133DBB2013305EBD8
:10820000C3039F60AA6D9DF81C30DB01DBB222F036
:1082100080021343AB657480BDE8F0812A6812F0D8
:10822000200F18BF5B08013105EBC1018B60E9E746
:108230000120BDE8F0810120BDE8F0810120BDE80A
:10824000F0810120BDE8F0817C300300D40A0020D9
:108250002DE9F04F85B0A44B53F820300393002B49
:1082600000F0E9825B781BB1012005B0BDE8F08F1A
:108270000D4602909D4B53F82040236823F01803CD
:108280002360236823F4007323602368636D43F045
:10829000040363658B78039A53700B78002B00F00E
:1082A000E8804FF000084FF001094FF0020A4FF04C
:1082B000100B82E0216F09FA06F20A4322678EE072
:1082C00004EBC602D16841F00401D160D16821F00D
:1082D0000801D16094E0626ED9000BFA01F122EA44
:1082E000010262669BE0497931B9216F09FA02F215
:1082F00021EA0202226712E0216F09FA02F20A4320
:1083000022670CE0216F09FA02F20A43226706E0B5
:10831000626ED9000AFA01F122EA01026266626E17
:10832000DB000421994022EA01026266626E09FACA
:1083300003F122EA01026266626E8021994022EA1C
:108340000102626604EBC602D16841F01001D160FF
:10835000D16841F02001D1606A69D278002A00F02A
:108360008180616E40229A400A436266616E2022DB
:1083700002FA03F30B436366EB683B441A79314618
:108380002046FFF7C9FE226806F1100309FA03F33D
:1083900013432360EB681F44BB793BB12268731C15
:1083A000DBB2103309FA03F31343236008F1010829
:1083B0005FFA88F82B7843455BD908EB88025700B1
:1083C000EB68D91913F8126073084A79002A7FF410
:1083D00071AF226F09FA06F122EA01022267EA6808
:1083E0003A445179527891423FF46AAF04EBC602A5
:1083F000D16821F00401D160D16841F00801D16059
:10840000EA683A449179002982D0127A002A3FF42E
:1084100062AF616EDA000BFA02F20A436266721C06
:10842000D2B204EBC201C86820F00400C860C8687A
:1084300040F00800C860606ED9000AFA01F10143FB
:108440006166E9683944C87901283FF44CAF49793D
:1084500000293FF457AF216F09FA02F221EA020224
:1084600022675CE7626E4021994022EA010262665F
:108470007CE71E4B029A53F822606B78002B00F0C9
:108480000E814FF000094FF0010A4FF0040B82E01B
:10849000306F0AFA01F2024332678CE006EBC10248
:1084A000D06840F00400D060D06820F00800D060B0
:1084B00092E0D6F870C00AFA02F040EA0C00306789
:1084C000B4E0807A40B9706E4FF0020C0CFA03FCF5
:1084D00020EA0C00706613E0D6F864C002209840D1
:1084E00040EA0C0070660BE0D40A00207C300300E8
:1084F000706E4FF0020C0CFA03FC20EA0C00706660
:10850000306810320AFA02F2024332606A69D278A5
:10851000002A00F0AE80706E40229A4002437266DC
:10852000706E20229A4002437266706E0AFA03F25D
:10853000024372662A693A44D279002A00F0A08088
:10854000706E80229A40024372662A693A44927998
:10855000002A00F09C80706E102202FA03F303439D
:10856000736601F0FE082B693B44DA7A41463046D7
:10857000FFF7D2FD2B691F4408F101013A7BC9B214
:108580003046FFF7C9FD09F101095FFA89F96B78F7
:108590004B4540F284804FEA09172B69DA19D95DFF
:1085A0004B08527B002A7FF473AF326F0AFA01F056
:1085B00022EA000232672A693A44507B127A9042DA
:1085C0003FF46CAF06EBC102D06820F00400D0602D
:1085D000D06840F00800D060726EDB000BFA03F048
:1085E00022EA0002726606EBC102D06840F0100079
:1085F000D060D06840F02000D060306801F11002F7
:108600000AFA02F20243326028693844427A002AA8
:108610003FF47CAF4A1CD2B2807B00287FF449AF84
:10862000306F0AFA02FC20EA0C00306706EBC20049
:10863000D0F80CC02CF0040CC0F80CC0D0F80CC062
:108640004CF0080CC0F80CC02869384490F80EE0D3
:1086500090F80DC0E6453FF434AF807A00287FF4EF
:1086600047AFD6F864C00220984040EA0C0070661C
:1086700046E7726E4020984022EA000272664FE799
:10868000726E8020984022EA000272665DE7726E88
:10869000102000FA03F322EA0303736661E7636DB7
:1086A00043F0020363656B69DA78002A65D01B78B2
:1086B000C3B1E36F43F40043E367E26F6B699B78F8
:1086C0001B0203F4706322F470621343E367029B9E
:1086D000042B34BF4FF0040C4FF0020C042600238F
:1086E00001271DE0E36F23F40043E367E5E7E26F52
:1086F00007FA06FE22EA0E02E2676A6901EB41010F
:1087000011448A79012AD4F888200CBF22EA00009B
:108710001043C4F8880001330136DAB294451BD9FE
:1087200019466A6903EB430002441279002AF2D029
:10873000E26F07FA03F00243E2676A6903EB430E54
:1087400072445279002AD2D0D4F87CE007FA06F2BB
:1087500042EA0E02E267D0E76B695B781BB1636D9A
:1087600043F080036365626D6B69DB785B0103F046
:10877000600322F06002134363652368AA78042A29
:1087800014BF0022012223F0200343EA4213236096
:10879000A9680298FFF75AFC039B5880E36C1B0CF6
:1087A0001B04E364AB78042B3CD0A268039B5B887A
:1087B000013B9BB2120C12041343A3602B78002BD5
:1087C0003BD00026374606EB8601EA6802EB410300
:1087D0005B8812F81110019700973A460298FFF74C
:1087E000B5FC0136F6B22B78B342ECD86B78A3B166
:1087F00000263746DDF80880310128694218538881
:10880000415C0197928800923A464046FFF79EFCF1
:108810000136F6B26B78B342EED888B10023039AE2
:10882000537022E5A368039A52881B0C1B0443EA89
:108830005203A360C2E7012017E56B78002BD7D164
:10884000A26EEB7803F03F0322F03F021343A366CE
:10885000A26E2B799B01DBB222F0C0021343A36608
:10886000636D43F001036365636D43F00803636563
:108870002268039B1B78DB0003F0180322F0180228
:10888000134323600020F0E472B110B4144600F1E9
:108890001003084A52F8233023601030054B43F888
:1088A00020105DF8044B70471030024B43F8201045
:1088B000704700BF0000FE1F420900F01F000123A7
:1088C00003FA00F0014B43F82200704700E100E09A
:1088D000430900F01F00012202FA00F02033024A8F
:1088E00042F82300704700BF00E100E0054B1B6821
:1088F000002B04DD013B034A1360002B00DD7047B1
:1089000062B6FCE7F40A002072B6024A136801332B
:1089100013607047F40A0020002808DB0901C9B27F
:1089200000F1604000F5614080F80013704780B2AC
:10893000C0F38102012A0DD010B40A4C0A4B022A5E
:1089400018BF234600F003000901C9B219545DF8AD
:10895000044B7047054B00F003000901C9B21954DC
:10896000704700BF20ED00E01CED00E018ED00E0D6
:1089700070B491F82430002B50D00B8CDB0903F03D
:108980000603103BDBB2C56D466806F00F060124F6
:10899000B44005F00705A4B2A54227D203F58063D1
:1089A000036691F82060C46D456805F00F0501234A
:1089B000AB4004F007049BB29C421FD20666002A1B
:1089C00043D00B8CDB0903F006030F3BDBB2C46D15
:1089D000456805F00F050122AA4004F0070492B291
:1089E000944213D203F5806303662EE08C7A04254B
:1089F0000D550D196B7101348C72D2E78B7A0024FE
:108A0000CC54CC18667101338B72D8E78A7A042073
:108A100088548818437101328A7216E091F8203028
:108A200002EB4302D2B2C46D456805F00F05012385
:108A3000AB4004F007049BB29C4208D38B7A04201D
:108A4000C854C818427101338B7270BC704702F56C
:108A500080620266F9E730B4C36D44688D7ACA7AE1
:108A6000954201D030BC70478A69002AFAD004F0E0
:108A70000F0201249440A4B203F007039C42F1D9F1
:108A80004B691B7803664B6901334B618B69013B72
:108A90008B61C26D02F00702002BE3D09442EFD845
:108AA000E0E7D0F8183123F4706323F00703C0F82F
:108AB000183191F821303BB98B689BB9D0F81C3143
:108AC00023F00103C0F81C31D0F8103123F001036A
:108AD000C0F8103100238B700B618B60CB604B6052
:108AE000CB757047D0F81C3123F00203C0F81C315D
:108AF000EAE7F8B505460C4616461F46836923F497
:108B0000E05323F00303836191F82D30ABB13FB103
:108B10002B6943F480732B612B6943F400732B6141
:108B200016B14FF400732B6600236361A361E36009
:108B30002361012384F82230F8BD91F82E00FDF75F
:108B400041FA236923B1EB6923F00203EB61DEE70D
:108B5000EB6923F00103EB61D9E7000070B50E4625
:108B6000204B53F82050204B53F82040A36983B189
:108B7000012927D00023A361AB6D23F00303AB656C
:108B8000EB6923F00103EB61AB6943F00103AB61D7
:108B900070BD002394F8232021462846FFF7A9FF43
:108BA00094F82C304BB9012E17D00023A383236BEC
:108BB000B3B1616B0420984770BD04F1280004F044
:108BC000BBFFF0E7002394F8232021462846FFF757
:108BD00090FF94F82C30002BEFD10123A383E6E71C
:108BE00070BD00BFBC300300F80A002038B5044651
:108BF0000D4690F821303BB1637D53B1636A13B1E8
:108C0000A16A0420984738BD90F82200FDF7DAF9F0
:108C1000F2E721462846FFF744FF94F82030002B66
:108C2000ECD004F11C0004F087FFE7E730B585B015
:108C30000C460B7CB3B1164B03EB4000002241788D
:108C40002078FDF7CBF9A368626861782078002569
:108C50000395E4680294012401940095FDF774F9EA
:108C600005B030BD00220A4B13F810102078FDF734
:108C7000B5F96368A2686178207800250395E468F7
:108C80000294012401940095FDF75EF9E8E700BF26
:108C9000C8300300F0B587B006463D4B53F820407E
:108CA0003C4B53F8205095F82E308DF80430A969CC
:108CB00000294ED0626802F00F02A06D20F0030080
:108CC000012707FA02F293B28B4228BF0B46013B01
:108CD00003F003030343A3658DF8057004F16003FB
:108CE00002936B69039300278DF81470AB690493AA
:108CF00001A93046FFF79AFF01219DF80400FDF716
:108D0000B9F9324624499DF80400FDF735F89DF87D
:108D10000400FDF74BF93A4629462046FFF728FEA6
:108D2000AB6943BB2B69013BDBB2E16D606800F0CE
:108D30000F000122824001F0070192B291421FD23E
:108D400003F580732366E36943F00203E36107B030
:108D5000F0BDA36D23F44033A36500238DF80530E7
:108D600004F170030293EB68039301278DF81470EC
:108D70002B690493BCE7E36943F00103E361E6E791
:108D8000AA7A0121A954A9184B710132AA72DAE713
:108D9000BC300300F80A00205D8B020030B587B0BC
:108DA000244B53F82050244B53F8204063683BB3C6
:108DB00094F822308DF8043001238DF8053005F544
:108DC000B0730293E368039300238DF81430636853
:108DD000049301A9FFF72AFF616849429DF8040046
:108DE000FDF71EF99DF80400FDF7E0F86368CBB9C4
:108DF000D5F81C3143F00203C5F81C3107B030BD73
:108E000094F822308DF8043000238DF8053005F5F4
:108E1000B87302932369039301238DF81430A36878
:108E20000493D6E7D5F81C3143F00103C5F81C3193
:108E3000E4E700BFBC300300000B00204B4B53F8AD
:108E4000203093F822300BB902207047F0B583B080
:108E500017460E460546464B53F8204001A9454BA0
:108E6000185CFCF785FF236923F0010323619FB39E
:108E700001994A1E07EB4703C7EB4313B2FBF3F21A
:108E80000132012A18D901239C460CFA03F08242D0
:108E900002D90133072BF8D107FA03F201EB520193
:108EA000B1FBF2F25F2A28BF5F22012A06D802270F
:108EB0000322012108461DE00023EDE7023A2E4976
:108EC000A1FB02014908521A49B9032A38BF0322FB
:108ED0000227012108460DE03E2207231F21032A15
:108EE00038BF032248080F46022938BF022700284E
:108EF00008BF0120D4F824C02CF0070C03F00703AE
:108F000043EA0C036362A36C23F07C53000600F079
:108F10007C501843A064A06C20F47C103B0403F444
:108F20007C130343A364A36C23F47C53090201F470
:108F30007C511943A164A36C23F03F0302F03F026C
:108F40001A43A264094B53F82520636A23F0E063B7
:108F50006362636A23F4007363629677236943F064
:108F600001032361002003B0F0BD00BFF80A002018
:108F7000BC300300C4300300ABAAAAAA2DE9F04319
:108F800083B007460E46144601A9274B185CFCF730
:108F9000EFFE264B53F82780DFF8989049F82740DA
:108FA0000025E56025616561A561A583012384F83D
:108FB000223033882384B37884F82430337A84F8D9
:108FC0002D30737A84F82E30F3682363336963633A
:108FD00084F82C507368E36384F83850294604F110
:108FE000280004F0D5FDE572A572114B33F9170086
:108FF000FFF762FC404600F09DFB7268F17838464E
:10900000FFF71CFF3188B27859F82730198483F8AC
:109010002420D8F8103043F00103C8F81030284657
:1090200003B0BDE8F08300BFC4300300BC300300D0
:10903000CC300300F80A00202DE9F04106460C462A
:10904000134B53F82070DFF84C8048F826100025A9
:109050004D618D61CD600D61012381F82230CD72AB
:109060008D72384600F066FBE26BA17F3046FFF759
:10907000E5FE218C94F8242058F82630198483F8D2
:1090800024203B6943F001033B612846BDE8F081A1
:10909000BC300300F80A00202DE9F041054688465F
:1090A0002E4B53F820602E4B53F8204004F1280734
:1090B000384604F027FD032806D0002384F82C301E
:1090C000A08B80B2BDE8F081A36943BB94F82D303A
:1090D00073B3B36923F00203B361F36DC3F30241C9
:1090E00022698A4229D08A420BD9012284F8382089
:1090F000B26D22F4403203F440331343B3650323CB
:10910000A383B36943F00203B3614146384604F0D8
:10911000F9FC03281BD0002384F83830CDE7012365
:10912000002221463046FFF7E4FC0323A383C4E773
:1091300094F82E00FCF746FFCBE7002AD3D100239A
:10914000A38384F82C30A08B80B2BDE8F081214647
:109150002846FFF771FF0323A383DCE7BC3003003D
:10916000F80A002038B51A4C54F8204094F82250E0
:109170000DB9022038BD174D55F820506161A2612C
:1091800084F82330002384F822300223A38394F848
:109190002D30A3B1002221462846FFF7E9FB2146E6
:1091A0002846FFF758FCAB6D23F00303AB65AB69B2
:1091B00043F4E05343F00103AB61002038BDAB69D9
:1091C00043F4E053AB61FFF765FD002038BD00BFFD
:1091D000F80A0020BC3003002DE9F041104C54F88F
:1091E000205095F8224014B90220BDE8F08198463D
:1091F00017460E460446012385F82C30002105F160
:10920000280004F07FFC43463A4631462046FFF7EB
:10921000A9FF06992046FFF73FFFBDE8F08100BF98
:10922000F80A0020F8B5304C54F8204094F8225049
:109230000DB90220F8BD16462C4A52F8205026617E
:10924000002284F8222084F82330E1600223A383E3
:1092500094F82D30002B36D0012221462846FFF706
:1092600087FBF3B25A1ED7B2E96D686800F00F00B1
:109270000122824001F0070192B291422BD207F500
:1092800080772F666968C1F3032101228A4091B279
:10929000B14294BF0B469BB2AA6D22F44032013B0F
:1092A0001B0403F440331343AB65A27AE37A9A427A
:1092B000AB6943F4E05314BF43F0030343F00203EC
:1092C000AB610020F8BDAB6943F4E053AB61FFF73D
:1092D000E1FC0020F8BDA27A0121A154A1184F7130
:1092E0000132A272CEE700BFF80A0020BC300300B2
:1092F0002DE9F041104C54F8205095F8224014B953
:109300000220BDE8F081984617460E460446012328
:1093100085F82C30002105F1280004F0F3FB4346CA
:109320003A4631462046FFF77DFF06992046FFF773
:10933000B3FEBDE8F08100BFF80A002070B5064614
:10934000894B53F82050894B53F820406B6913F038
:10935000010F38D16B6913F0020F0ED094F838303A
:10936000002B7AD094F82C30002B40F09F80032300
:10937000A38321463046FFF75FFE6B6913F4805FDD
:1093800040F0B1806B6913F4006F40F0C6806B69E8
:1093900013F4806F00F0E68094F82C30002B40F03E
:1093A000D8804FF40073A38301230022214628466E
:1093B000FFF79FFB236B13B1616B042098474FF4B9
:1093C00080636B6170BDE37AA27A9A4217D16369B8
:1093D000002B3DD0A369002B35D194F823202146E2
:1093E0002846FFF786FB94F82C303BBB0023A38371
:1093F000236B002BAED0616B04209847AAE7EA6D7F
:10940000696801F00F010120884080B202F0070274
:1094100082429FD2E25C23445B7903EB02232B66FA
:10942000E37A0133DBB2E372EA6D02F00702A17A5C
:10943000994200F093809042ECD88BE704F1280029
:1094400004F07AFBD2E721462846FFF704FB81E7C8
:10945000AB6923F00103AB617CE7EB6D13F4E02F04
:1094600029D0236973B1E3682A6F1A70E368013366
:10947000E3602369013B2361EA6D12F4E02F1AD007
:10948000002BF0D1002394F8232021462846FFF733
:1094900030FB94F82C300BBB0023A383236B002BF1
:1094A0003FF46BAF616B0420984766E704F1280036
:1094B00004F042FB5BE72369002BE3D0AA6DC2F303
:1094C000014293423FF659AFAA6D22F44032013B6C
:1094D0001B0403F440331343AB654EE704F128004B
:1094E00004F02AFBD8E74FF480536B610123A38378
:1094F000002221462846FFF7FCFA94F82C303BB9AD
:10950000236B002B3FF43EAF616B0420984739E793
:1095100004F1280004F010FBF2E74FF400636B61E4
:109520000123002221462846FFF7E3FA94F82C3065
:1095300053B940F20323A383236B002B3FF427AFDF
:10954000616B0420984722E704F1280004F0F4FA44
:10955000EFE704F1280004F0EFFA22E70023E372BA
:10956000A372F7E670BD00BFBC300300F80A00200C
:1095700070B56E4B53F820406D4B53F82050D4F823
:10958000143113F0040F40D1D4F8143113F0010F4B
:1095900004D0D4F8183113F0010F6FD1D4F814317E
:1095A00013F0020F05D0D4F8183113F0020F40F079
:1095B0008480D4F81421D4F8143113F4807F00F09F
:1095C0009E80EB7D0133DBB2EB75012B00F08F80C9
:1095D0004FF40073C4F814314FF48073C4F814319D
:1095E000D4F8183123F00103C4F818312B88022B6A
:1095F00004BF00232B8021462846FFF7F7FAD4F852
:10960000143113F4806F7FD170BD0646D4F8503109
:1096100013F0010F1DD06B6A0BB16A7D72B995F81A
:109620002130012B0ED000232B7695F82130A3B9E1
:109630006B7D93B13046FFF7B1FB0EE0A96A0220C3
:109640009847ECE7D4F8183143F00103C4F8183117
:10965000E9E76B6A3BB16A7D12B902232B8093E77D
:10966000A96A0320984795F82130002BF5D16B7D2E
:10967000002BF2D03046FFF791FBEEE72B7E13B1C3
:1096800040F201232B806B6863B96B6A23B1A96A2E
:10969000012098476B682BB901232B76FF23C4F870
:1096A00060317BE7EB681B78C4F86031EB6801330D
:1096B000EB606B68013B6B6070E7AB6863B96B6A2A
:1096C00023B1A96A00209847AB682BB940F2022366
:1096D0002B80D4F870316CE72B69D4F870211A70A4
:1096E0002B6901332B61AB68013BAB6061E7AB7D5C
:1096F000002B3FF46DAF4FF48073C4F8143112F4B3
:10970000007F7FF465AF7AE701232B804FF48063FD
:10971000C4F81431D4F8183123F00103C4F8183117
:1097200021462846FFF762FA70BD00BFBC30030037
:10973000000B0020036943F002030361D0F81031ED
:1097400043F00203C0F8103100230361C0F8103168
:10975000704708B50020FFF7F1FD08BD08B50020EF
:10976000FFF706FF08BD08B50120FFF7E7FD08BDBC
:1097700008B50120FFF7FCFE08BD022303610023AA
:1097800003617047436913F0807F01D00220704766
:10979000036923F00103036100207047436A23F04B
:1097A00001031943416200207047036943EA4222E2
:1097B00042EA012202617047B1F57C5F07D042693D
:1097C000012303FA01F1114341610020704743690D
:1097D00043F47C534361F8E710B4436A0831012431
:1097E0008C4023EA04038A401A43426200205DF859
:1097F000044B704710B4446A24F0706483F0010392
:10980000920642EAC36343EA0163234343620020B2
:109810005DF8044B7047036C23F0FF03C9B2194392
:1098200001640020704700002DE9F04F83B0964698
:109830000193DFF8F8A04FF00009CDF80090CB4677
:109840004FF0FF354DE0A1EB03081646E04538BF69
:109850001D46331B012B15D9A219C2F34702931CD5
:1098600007FB03F3BEFBF3F38D4234BFA1EB050C02
:10987000A5EB010C8B42E6D35C1A644538BF1D464C
:109880001446E6E7A31C07FB03F3BEFBF3F3B21C8D
:1098900007FB02F7BEFBF7F799428CBFCA1A5A1AA8
:1098A000B9428CBFA1EB070CA7EB010C944528BF74
:1098B0002646944528BF1F468D4234BF4B1B6B1A6A
:1098C0008F4234BFCA1B7A1A9A4203D8CDF800904F
:1098D000B3463D468D420AD009F10109B9F1080F9E
:1098E00005D05AF8047F4FF480760024B4E74FEA9D
:1098F0009B02036C23F07F4343EA02630364036C1F
:1099000023F47F0343EA02430364036C23F47F439D
:1099100043EA022303645946FFF77DFF019B1A4681
:10992000009B1360284603B0BDE8F08FCC300300E5
:10993000CA680B68013B43EAC2634A7C43EAC273CC
:109940000A7C43EA8273CA7A43EA02638A7A43EA68
:10995000C2534A7A43EA82530A7A43EA4253CA79A3
:1099600043EA02538A7943EAC2434A7943EA82438B
:109970000A7943EA024303667047036E23F040739B
:1099800043EA01610166704708B5002000F036FB2C
:1099900008BD08B5012000F031FB08BD08B5022064
:1099A00000F02CFB08BD00002DE9F04784B0774C97
:1099B00054F82040656915F0807F03D0022004B080
:1099C000BDE8F087724D55F820607788B3FBF7F556
:1099D00007FB1535ADB20DB10120F0E71D46174666
:1099E00088468146012211462046FFF7DEFE01220D
:1099F00011462046FFF7D9FE33791BB1236E43F49D
:109A000080132366002386F82C304FF47C512046C7
:109A1000FFF7D2FEA36943F40063A361002F00F0B7
:109A2000A080A36943F48053A3617583236E23F45C
:109A300000232366A36D23F44033A365A36D23F0B5
:109A4000030343F00203A36596F82430012B54D09E
:109A50007388022B6BD0042B6CD0012B0CBF4FF002
:109A6000000A4FF0020AB8F1000F66D096F8230002
:109A70000121039125FA0AF3029301FA0AF30193F3
:109A8000CDF800A004F164034246FCF75DFA002F14
:109A90006ED096F822004FF00108CDF80C8025FA20
:109AA0000AF5029508FA0AF30193CDF800A03B46A7
:109AB00004F174020021FCF747FA4A46354996F84A
:109AC0002200FCF759F996F82200FCF76FFA4A4693
:109AD000314996F82300FCF74FF996F82300FCF77C
:109AE00065FA86F80C80E36943F00203E361E369F9
:109AF00043F00103E361002061E7C6F8108077615D
:109B00000023B383F383358333791BB1338B013364
:109B10009BB23383012333731FB1A36943F0020364
:109B2000A361A36943F00103A361002047E74FF05D
:109B3000010A98E74FF0020A95E796F823000123FF
:109B4000039325FA0AF2029203FA0AF30193CDF87D
:109B500000A004F1640306F138020321FCF7F4F9D4
:109B600095E700237383236E43F40023236661E7A4
:109B70004A46094996F82300FCF7FEF896F82300B8
:109B8000FCF714FA01233373B1E700BFB00FFE1FD7
:109B9000080B0020E59E0200A19E020038B51B4B79
:109BA00053F820501A4B53F8204000232B7395F89C
:109BB0002430D3B9E36923F00203E361E36923F0BE
:109BC0000103E36100F0CEFAA36923F48063A3618B
:109BD0000A212046FFF7F0FD6B797BB92B6B1BB197
:109BE0006A6B00212846984738BDA36923F0020319
:109BF000A361A36923F00103A361E3E705F1280052
:109C000003F09AFF00236B71E8E700BF080B002008
:109C1000B00FFE1F2DE9F04186B00C469046404B38
:109C200053F820503F4B53F820603046FFF7AAFD11
:109C300000286CD107462389A3F1080292B240F6AE
:109C4000F8718A4268D82B80E268AA60A2792A71EA
:109C5000A27C85F82020E27C85F8242000222A734B
:109C60006A710733C3F3CF036B80032B4CD0042BF3
:109C700004D9013B23F0030304336B80237D85F873
:109C80002230637D85F82330A3692B63E3696B631E
:109C9000627921793046FFF79FFD05ABE2682168C4
:109CA0003046FFF7C1FD736A43F002037362336904
:109CB00043F00103336188B3B8F1000F01D0C8F855
:109CC00000002B88009300238DF804308DF80530B8
:109CD0008DF806308DF80730A2798DF808208DF8C0
:109CE0000930A37C8DF80A3023798DF80B30059B61
:109CF0000393237C8DF81030637C8DF81130694616
:109D00003046FFF715FE03E004236B80B6E701271A
:109D1000384606B0BDE8F0810127F9E70127F7E7EB
:109D2000080B0020B00FFE1FF8B506460D4617467B
:109D30001A4B53F820401A4B43F820102046FFF7E7
:109D40001CFD01212046FFF729FD012300221146B9
:109D50002046FFF74FFD15F1210F05D06268D2B202
:109D60000123934085F82130002239463046FFF721
:109D700051FF074608B13846F8BD0021A96305F137
:109D8000280003F005FF0746064B33F91600FEF7DF
:109D900093FD236943F001032361ECE7B00FFE1F3D
:109DA000080B0020BC0FFE1F2DE9F047002B54D0FC
:109DB00098462B4C54F82060746914F0807F03D0CF
:109DC00002242046BDE8F08717460C460546254B81
:109DD00053F8209009F1280A0021504603F092FE22
:109DE000012389F8053043463A4621462846FFF7C5
:109DF000DBFD044690B90899504603F083FE074600
:109E0000032822D0284600F0ADF9B36923F480631B
:109E1000B3610A213046FFF7CFFCD2E7B36923F0E4
:109E20000103B361B36923F00203B361284600F074
:109E300099F9B36923F48063B3610A213046FFF7CF
:109E4000BBFC002389F80530BBE7002389F8053007
:109E50002846FFF7A3FE3C46B3E70024B1E700BF66
:109E6000B00FFE1F080B00200BB90020704710B583
:109E7000FFF79AFD10BD000010B5084B53F82040C5
:109E8000FFF78CFE012211462046FFF78EFC0122CF
:109E900011462046FFF789FC002010BDB00FFE1FC1
:109EA00010B50E4B53F820400D4B53F820300129CC
:109EB0000DD022791AB11A6E22F480121A6600228D
:109EC000228362839A6942F480629A6110BDFFF72F
:109ED000D3FF012384F82C3010BD00BF080B0020F5
:109EE000B00FFE1F012900D0704710B5044B53F886
:109EF0002040FFF7C1FF012384F82C3010BD00BFC4
:109F0000080B002070B50E4615460E4B53F8204046
:109F10002046FFF737FC10B10125284670BD2A46C0
:109F200031462046FFF758FC054608B10125F4E705
:109F3000236943F00103236131462046FFF71DFDED
:109F4000EBE700BFB00FFE1F70B50546294B53F875
:109F50002060294B53F82040636913F4006F0BD045
:109F600033694BB1FFF788FF0B212046FFF724FC34
:109F7000012386F82C3070BD636913F4805F0CD028
:109F8000736953B12846FFF777FF0C212046FFF78E
:109F900013FC022386F82C3070BD636913F0020FA6
:109FA00002D0738B9BB2CBB9636913F0010F02D05F
:109FB000338B9BB2B3B9338B9BB273B9A36923F0D4
:109FC0000103A361A36943F48063A361738B9BB214
:109FD0001BB9636913F4806F08D170BD284600F087
:109FE0007BF8E1E7284600F01DF8E4E72846FFF794
:109FF000D5FDF2E7080B0020B00FFE1F02280DD898
:10A0000008B5074B53F820305B6A13F0010F02D1FB
:10A0100000F0FAF808BDFFF797FF08BD704700BFD2
:10A02000B00FFE1F2A4B53F820302A4A52F8200066
:10A03000C26D02F0070293F82110891A11F0FF0196
:10A0400045D0F0B504244FF0000C1FE0026E22F45E
:10A050008012026600221A83F0BD12F8015B1A61B9
:10A06000B3F81CE017FA8EFE9EFBF6F206FB12E632
:10A07000B6B29E8345661A8BD21B92B21A831A8B94
:10A0800092B21AB3013911F0FF011FD01A791AB137
:10A090001A8B92B2012AD9D05E889A8B92B2B21AE8
:10A0A000042ADDBF9A8BB21A97B227461A695AB1B1
:10A0B000012ED2D0022E03D052F8045B1A61CFE7F2
:10A0C00032F8025B1A61CBE76546D3E7F0BD704713
:10A0D000080B0020B00FFE1FF0B4204B53F82010E7
:10A0E0001F4B53F82070FE6DC6F30246002E32D08F
:10A0F0004FF0040C22E0644600234869DA0025FA98
:10A1000002F202704A6901324A6101339AB2944202
:10A11000F3D8CB8B14FA83F2488892FBF0F300FB60
:10A1200013239BB2CB834B8B1C1BA4B24C834B8B56
:10A130009BB283B1013E16F0FF060CD07D6F4C88B8
:10A14000CB8B9BB2E31A042BD5DCCB8BE41AA4B2E5
:10A15000002CD1D1DDE7F0BC704700BF080B002018
:10A16000B00FFE1F10B50A4B53F82040A36923F42B
:10A170000063A361A36923F48053A3610B212046EC
:10A18000FFF71AFB0C212046FFF716FB10BD00BF9E
:10A19000B00FFE1F38B51A4B53F82040194B53F837
:10A1A000205095F82430012B19D0E36923F00203E5
:10A1B000E361E36923F00103E361FFF7D3FF0023C9
:10A1C0002B73012211462046FFF7EFFA01221146B8
:10A1D0002046FFF7EAFA6B7953B9002038BDA3692E
:10A1E00023F00103A361A36923F00203A361E4E761
:10A1F00005F1280003F0A0FC00236B71EDE700BF20
:10A20000B00FFE1F080B002070B50646314B53F807
:10A210002050314B53F820406B6913F4006F07D086
:10A2200023692BB1FFF7B6FF012384F82C3070BDF2
:10A230006B6913F4805F08D0636933B13046FFF770
:10A24000A9FF022384F82C3070BD6B6913F0020F54
:10A2500003D0638B9BB2002B2DD16B6913F0010FE0
:10A2600002D0238B9BB253BB238B9BB21BB9AB6930
:10A2700023F00103AB61638B9BB21BB9AB6923F085
:10A280000203AB61638B9BB2A3B9238B9BB28BB9E7
:10A29000AB6923F40063AB61AB6923F48053AB611A
:10A2A000236B1BB1626B002120469847637953B939
:10A2B0000023237370BD3046FFF70EFFCDE7304615
:10A2C000FFF7B0FED0E704F1280003F035FC0023CF
:10A2D0006371EDE7B00FFE1F080B002038B5144B7B
:10A2E00053F82040134B53F82050AB8E9BB2022BF7
:10A2F00016D000221049204600F0B9FC00220F4978
:10A30000204600F0B4FCA36923F40023A361A369F1
:10A3100013F4002FFBD100232B74AB7C1BB938BD89
:10A320000023AB86EAE705F1300003F005FCF6E711
:10A33000F0300300140B0020170003001600030088
:10A3400038B5154B53F82040144B53F8205023696F
:10A3500023F40003236195F82A00FBF733FE002263
:10A360000F49204600F083FCA36923F40023A36176
:10A37000A36913F4002FFBD1AB7C43B9AB8E9BB226
:10A38000022B04BF0023AB8600232B7438BD05F1DC
:10A39000300003F0D1FBF1E7F0300300140B002094
:10A3A0001600030008B50E4B53F820300D4A52F842
:10A3B00020001A681B7D43B1012B09D01378517816
:10A3C00043EA012100F02AFC08BD1378037708BD99
:10A3D0001378517843EA012100F015FC08BD00BF55
:10A3E000140B0020F030030010B5114B53F820304F
:10A3F0005C7C0CB1022010BD0E4C54F820400120B2
:10A4000058745960DA600222DA86A36943F4802323
:10A41000A361A36913F4802FFBD00121204600F033
:10A42000A7FC01220449204600F021FC002010BDB9
:10A43000140B0020F0300300150003002DE9F04359
:10A4400085B0224C54F82040657C1DB1022005B037
:10A45000BDE8F0830F4606461D4B53F8205094F894
:10A4600029004FF00108CDF80C800292CDF804804D
:10A470004FF00009CDF800900B4605F11C0249464B
:10A48000FBF762FD3246134994F82900FBF774FC90
:10A4900094F82900FBF78AFD6760C4F80C9084F8F3
:10A4A00011800223E386AB6943F48023AB61AB697F
:10A4B00013F4802FFBD00121284600F059FC2B69B2
:10A4C00043F400132B610020C1E700BF140B0020F0
:10A4D000F0300300A1A5020038B5154B53F8205009
:10A4E000144B53F82040A36923F48023A361A3698C
:10A4F00013F4802FFBD10021204600F039FCE369E2
:10A5000000220D49204600F0B2FBEB7C43B900234A
:10A510006B74EB8E9BB2022B04BF0023EB8638BD1D
:10A5200005F12C0003F008FB0023EB74EFE700BFFC
:10A53000140B0020F03003001500030038B5164B53
:10A5400053F82040154B53F82050A36923F480237F
:10A55000A361A36913F4802FFBD10021204600F0F2
:10A5600007FC236923F400132361E36995F82900AC
:10A57000FBF728FDEB7C43B9EB8E9BB2022B04BFAB
:10A580000023EB8600236B7438BD05F12C0003F02B
:10A59000D3FA0023EB74EFE7F0300300140B002034
:10A5A00070B50546254B53F82040254B53F82060E5
:10A5B000012904D0E38E9BB2022B13D070BD01237E
:10A5C000E386FFF7BBFFA3691BB1E26903212046C5
:10A5D0009847736923F0C02323F4F81343F47023DE
:10A5E0007361E7E7A3691BB1E26900212046984740
:10A5F000E3688BB92846FFF7A1FFA3691BB1E269A5
:10A60000022120469847736923F0C02323F4F813EE
:10A6100043F470237361D1E7616894F82900FBF774
:10A620000AFDE16894F82900FBF710FD0023E360C0
:10A6300094F82900FBF7BAFC70BD00BF140B002092
:10A64000F030030010B582B0134B53F82030134A9A
:10A6500052F820005C681B7D73B1012B0FD00DF107
:10A66000060100F0F5FABDF806302370BDF806309B
:10A670001B0A637002B010BDC3692370FAE70DF1C5
:10A68000060100F0DCFABDF806302370BDF8063094
:10A690001B0A6370EEE700BF140B0020F0300300CC
:10A6A000034B53F8203098699961DA61704700BF15
:10A6B000140B0020034B53F82030186A19625A62B9
:10A6C000704700BF140B002010B5074B53F8203023
:10A6D0000024DC7493F82830012B02D0FFF7AEFE83
:10A6E00010BDFFF781FE10BD140B002038B50C4BD8
:10A6F00053F8204089B10D46627C62B194F828205D
:10A70000012A05D094F82900FBF7AAFC286004E090
:10A71000E2680A6001E000220A60E08E80B238BD83
:10A72000140B0020314B53F820303BB11A7C0AB196
:10A73000022070475B7C0BB1022070472DE9F0418D
:10A7400082B00C462A4B53F8205001A9294B185CC3
:10A75000FBF70EFB019E4FEA840CB6FBFCFC1FFAD4
:10A760008CFC4FEA8C07B6FBF7F7BC4206D23F1BC6
:10A7700004EB840105224FF0040805E0E71BF7E72E
:10A7800021440132212A12D09646B6FBF1F083B261
:10A7900002FB03F3B6FBF3F39C4234BF1B1BE31A2B
:10A7A000BB42EDD81FFA80FC1F469046E8E7B8F19F
:10A7B000070F03D82B6943F400332B612A6922F079
:10A7C000F85208F1FF331B0603F0F85313432B61D3
:10A7D0002B6923F4FF5323F01F03CCF30C0C4CEA3A
:10A7E00003032B61002002B0BDE8F081140B0020B0
:10A7F000F0300300FC300300F0B583B006460C4691
:10A800001546304B53F8207001A92F4B185CFBF70D
:10A81000AFFA631E04F13701002203F8012F8B42C7
:10A82000FBD12A4B43F82640EB7984F82830AB79EA
:10A8300023752B7A84F829306B7A84F82A303846CD
:10A8400000F0A8F929683046FFF76CFF2B798BB32D
:10A850000122A979384600F0AFF92979384600F08D
:10A86000C3F93B696A7923F4005343EA42333B61FD
:10A870000025A586E586294604F12C0003F088F919
:10A880000746294604F1300003F082F9012F17D062
:10A8900001280DD00E4B33F916402A460D4B53F8C4
:10A8A00026102046FDF7F0FF2046FEF705F8284663
:10A8B00003B0F0BD0022A979384600F07DF9CCE75D
:10A8C0003846F5E7F0300300FC300300140B00209D
:10A8D00000310300C40FFE1F034B53F820305960B2
:10A8E000DA600020704700BF140B0020F8B5064660
:10A8F0009B4B53F820409B4B53F820509A492046DD
:10A9000000F012FA80B340F20163EB8695F828302C
:10A91000012B25D03046FFF711FEAB691BB1EA6968
:10A92000032128469847636923F0C02323F4F813D2
:10A9300043F4702363618D49204600F0D0F900286C
:10A940007BD18B49204600F0CAF9002840F0A9804D
:10A950008849204600F0C3F9002840F0DE80F8BDA9
:10A960003046FFF7B9FDD8E78349204600F0DCF90F
:10A97000E0B140F20363EB8695F82830012B11D04B
:10A980003046FFF7DBFDAB691BB1EA6903212846BE
:10A990009847636923F0C02323F4F81343F470232A
:10A9A0006361C8E73046FFF797FDECE7734920463F
:10A9B00000F0BAF9E0B140F20463EB8695F8283074
:10A9C000012B11D03046FFF7B9FDAB691BB1EA6925
:10A9D000032128469847636923F0C02323F4F81322
:10A9E00043F470236361A6E73046FFF775FDECE79B
:10A9F0006349204600F098F9E0B140F20563EB8628
:10AA000095F82830012B11D03046FFF797FDAB6940
:10AA10001BB1EA69032128469847636923F0C023E4
:10AA200023F4F81343F47023636184E73046FFF79F
:10AA300053FDECE7534B63617DE75349204600F03B
:10AA400073F900283FF47DAF464B53F8265030464B
:10AA5000FFF7F8FD2B7DEBB96B6801336B60EB689A
:10AA6000013BEB60EB682BB9AB691BB1EA690021D4
:10AA700028469847EB68002B7FF463AF3046FFF71A
:10AA80002BFDAB69002B3FF45CAFEA69022128463D
:10AA9000984756E76B6802336B60EB68023BEB60EC
:10AAA000E0E73A49204600F03FF900283FF450AF74
:10AAB0002C4B53F82650AB68002B3FF449AF284B82
:10AAC00053F826703046FFF76DFC2B7DF3B92B68E9
:10AAD00001332B60AB68013BAB60AB68002B7FF4AC
:10AAE00037AF2B6A1BB16A6A012128469847AB68C9
:10AAF000002B7FF42DAF00221D49384600F0B7F837
:10AB000001221C49384600F0B2F821E72B680233D5
:10AB10002B60AB68023BAB60DFE71D49204600F0CD
:10AB200003F900283FF41BAF0E4B53F82640A368EF
:10AB3000002B7FF414AF94F82830012B0BD0304653
:10AB4000FFF7FEFB236A002B3FF409AF626A022184
:10AB50002046984703E73046FFF7C0FBF2E700BF07
:10AB6000F0300300140B0020130002001500030056
:10AB7000170003001600030011000200100002007D
:10AB80001200020000C01FC01500020017000200E2
:10AB900016000200064B0361064B436100238361EC
:10ABA000036243624FF470328262C362704700BF37
:10ABB0000400000F00C01FC010B40C4602B14C1CB2
:10ABC000022C0CD0836923F0100343EA0413836141
:10ABD000036923F0005303615DF8044B7047036978
:10ABE00043F000530361F7E7826901F0FE0322F0AE
:10ABF000020213438361836923F0010301F0010121
:10AC00001943816170478369C1F3002223F08043B7
:10AC100043EA82738361C9B201777047836923F085
:10AC20008043C1F3002243EA827323F00043C1F35F
:10AC3000402243EAC2738361C9B2017770478369D6
:10AC4000DB0F1B020B80C269D2B213430B8070472B
:10AC500083695B0D03F400730B808269D20F43EAB2
:10AC600002230B80C269D2B213430B80704710B429
:10AC70008BB2090C013906290ED8DFE801F0040D6A
:10AC8000100D0D1A2400016901249C4021EA0401E1
:10AC900002FA03F30B4303615DF8044B70478169CB
:10ACA00001249C4021EA040102FA03F30B4383616F
:10ACB000F2E7416A01249C4021EA040102FA03F30D
:10ACC0000B434362E8E7816A01249C4021F4403150
:10ACD00021EA040102FA03F30B438362DCE70B0C65
:10ACE000013B062B1ED8DFE803F0041D0B1D1D11D0
:10ACF0001700036988B223FA00F000F001007047E2
:10AD0000806989B2C84000F001007047406A89B28A
:10AD1000C84000F001007047806A89B2C84000F066
:10AD200001007047002070470B0C023B052B1DD81B
:10AD3000DFE803F0031C0A1C1016436988B223FAEB
:10AD400000F000F001007047C06989B2C84000F00F
:10AD500001007047406A89B2C84000F001007047A6
:10AD6000806A89B2C84000F0010070470020704737
:10AD700038B505460C460A460949FFF778FF2246D2
:10AD800008492846FFF773FF224607492846FFF780
:10AD90006EFF224605492846FFF769FF38BD00BF10
:10ADA0001B000300180003001A0003001900030031
:10ADB00008B50020FFF79AFD08BD08B50120FFF790
:10ADC00095FD08BD08B50220FFF790FD08BD000005
:10ADD00070B505460C46164B53F820600021154B04
:10ADE000185CFAF7C5FF304600F07CF82146304683
:10ADF00000F0A8F8237A73B10F4A536843F4005364
:10AE00005360E3790BB963785BB10C4B33F91500F0
:10AE1000FDF752FD70BD084A536823F40053536098
:10AE2000EFE7064B33F91500FDF752FD70BD00BF8B
:10AE30000831030010310300008004401431030086
:10AE4000034B53F82020136843F0800313607047CE
:10AE500008310300034B53F82020136843F4803378
:10AE60001360704708310300034B53F82020136828
:10AE700043F001031360704708310300F8B50F4633
:10AE800014460E4B53F8205001261268237906FA17
:10AE900002F2284600F0B4F82268637906FA02F25A
:10AEA0003946284600F095F82268A37906FA02F29E
:10AEB0003946284600F074F8F8BD00BF0831030099
:10AEC00010B4074C54F820009BB201EB810102EB57
:10AED0004102063240F822305DF8044B704700BF53
:10AEE0000831030030B400250560036843F0800397
:10AEF00003604FF6FF734360C360294605EB85038B
:10AF000000EBC303196159610B4605EB850464002E
:10AF1000E218063240F822100133082BF8D101352F
:10AF2000042DEBD10023C0F89031C0F894310368B0
:10AF300043F001030360036823F08003036030BC27
:10AF40007047000010B40368144A1A400B789B0441
:10AF500003F440231A434B780BB142F400328B7850
:10AF60001B0303F4E0430C79240204F470642343CC
:10AF7000CC78A40004F00C04234313434A790AB1AB
:10AF800043F002038A790AB143F40043CA790AB153
:10AF900043F0200303605DF8044B7047D100F1FFDC
:10AFA00010B401EB810400EBC404246963B91204FA
:10AFB00002F47F0224EA020401EB810100EBC101EB
:10AFC0000C615DF8044B7047120402F47F031C43CC
:10AFD000F2E710B401EB810400EBC40424695BB90F
:10AFE000120292B224EA020401EB810100EBC101DA
:10AFF0000C615DF8044B7047120293B21C43F3E7F7
:10B0000010B401EB810400EBC404246953B9D2B23B
:10B0100024EA020401EB810100EBC1010C615DF83F
:10B02000044B7047D2B21443F4E760B170B50646E2
:10B030000C460025204600F061F801351834AE4278
:10B04000F8D1002070BD0020704710B4436901247E
:10B050008C4023EA04038A401A4342615DF8044BA2
:10B06000704710B4036801248C4023EA04038A402B
:10B070001A4302605DF8044B70474160704781607D
:10B080007047C1607047006970470000194B9842D3
:10B0900004D0194B984220D0FF207047102927D8A0
:10B0A000DFE801F0090C2626262626262626262657
:10B0B000260F1215180042F00100704742F00200FE
:10B0C000704742F00400704742F00800704702F0F9
:10B0D0000E00704702F00D00704719B1012904D02D
:10B0E000FF20704702F00B00704702F00700704726
:10B0F000FF20704700A0044000B0044038B504466B
:10B100000068616850F82120237A012B3FD0002B82
:10B110003AD0022B40D0657A2D0105F0100322F0C1
:10B1200050051D43A37A9B0103F040032B4323F4F6
:10B13000E065E37A082B32D01B0203F4E0632B4373
:10B14000227BD20392B223F478231343627B12044E
:10B1500002F470221343A27B0AB143F08073226889
:10B16000616842F821302168D1F8C020606801236D
:10B17000834022EA0302E37B83401343C1F8C030DB
:10B18000E37A012B21D038BD22F00202C3E722F07E
:10B19000010242F00202BEE742F00302BBE71B4B92
:10B1A0005A6802F00F02FFF771FFFF280BD0174B10
:10B1B0005A6822F00F025A605A6800F00F001043DC
:10B1C00058600023B8E70023B6E721694B69227D68
:10B1D00022B1012A0AD0012A05D10BE061680122BF
:10B1E0008A4023EA020322695361CCE760680122A6
:10B1F00082401343656808680122AA4020EA0200E1
:10B20000627DAA4002430A60EDE700BF008004406F
:10B2100038B50D4614461146064800F020F808B12E
:10B22000012038BD22462946024800F005F80020DA
:10B2300038BD00BF0030064030B4950850F82530C6
:10B2400002F00302D2007F24944023EA0403D2B226
:10B2500001FA02F21A4340F8252030BC70478908F1
:10B2600050F82100C00F704708B5002000F07EF9AB
:10B2700008BD08B5012000F079F908BD10B4C0EB95
:10B28000C002164B53F8224004EB4114A37AD3B109
:10B290001346124A02EB83030633C0EBC0000F4A89
:10B2A00002EB8000416101225A7100225A80227A09
:10B2B000617A12FB01F21A80A2695AB101221A7155
:10B2C0005DF8044B7047C0EBC003044A02EB8303F4
:10B2D0000C33E2E700221A71F2E700BF200B0020D6
:10B2E0002DE9F04387B00646C0EBC0004F01634B29
:10B2F00053F8208008EB0705002A14BF00210F2116
:10B3000000238DF808308DF809305C4A02EB80028A
:10B31000127E8DF80A208DF80B308DF80E308DF8E6
:10B320000F308DF80D308DF80C1002A93046FFF764
:10B330004FFD2B7B002B50D0012B6FD001238DF8BC
:10B3400004308DF8053000238DF806302B7AA3B138
:10B350000024A14600946A4649463046FFF78EFD18
:10B360002B6933F81430009A49463046FFF7A8FDA0
:10B370000134E4B22B7AA342ECD83046FFF760FDEB
:10B380003046FFF771FD00238DF814302B7A012B26
:10B3900071D0002214462B6833F81230ADF8163005
:10B3A00005AA21463046F9F7A9F80134E4B222464D
:10B3B0002B7A013B9C42EED301238DF8143058F8D0
:10B3C000073033F81230ADF8163005AA2146304662
:10B3D000F9F794F807B0BDE8F08301248DF8044034
:10B3E00000218DF805108DF8061006AA42F8181DE8
:10B3F0003046FFF743FD8DF806402B7AA342BCD9B7
:10B400004FF0000900946A4649463046FFF736FD82
:10B410000134E4B22B7AA342F4D8AEE74FF001092D
:10B420008DF804908DF8059000248DF8064006AA4A
:10B4300042F8184D21463046FFF720FD2B691B8846
:10B44000009A21463046FFF73BFD8DF805408DF808
:10B4500006902B7A4B4590D94C464FF0000900944A
:10B460006A4649463046FFF709FD0134E4B22B7ABB
:10B47000A342F4D881E7002214469DE7200B002068
:10B48000F0B585B00F46456808682249C5EBC5028E
:10B4900092008B188850BA889A800024DC72DC8075
:10B4A0001C819C725C749C81DC811C745C61BA6838
:10B4B00052791A76BE682846F9F770F801A8F8F7AD
:10B4C0004BFF01238DF80830BB798DF805303378B8
:10B4D0008DF8043073788DF80630B3788DF8073026
:10B4E000F3788DF80C3033798DF80E308DF80940F3
:10B4F00001A92846F8F73EFF2846F9F7AFF8064BB2
:10B500005A5D21462046FFF783FE001B18BF01202D
:10B5100005B0F0BD200B00201831030038B5446899
:10B52000C4EBC402104B03EB8203DB7A0BB10220A5
:10B5300038BD13460C4A02EB83035B7C0BB102203F
:10B5400038BD0D462046FFF799FE2046F9F732F93F
:10B55000FDF7B2F9002229462046FFF7C1FE20463A
:10B56000FFF778FC002038BD200B00202DE9F047C4
:10B5700082B00746304AC0EBC0039B00D118D1F817
:10B5800014A04FEA4A19D6584E44B37A002B42D140
:10B5900001F10C08B8F80230756805EB4305337A01
:10B5A0005BB100242A4621463846F9F74BF80235AC
:10B5B0000134E4B2337AA342F4D8B8F80220134439
:10B5C000B8F8001093FBF1F201FB1233A8F8023037
:10B5D000B37A23B9337D33BB002388F8053098F85C
:10B5E0000430ABB1C7EBC707134B53F82730CDF886
:10B5F00000A0B8F80220D2B9B8F80020013AADF89E
:10B6000004209944D9F81830D9F81C106846984796
:10B6100002B0BDE8F087C0EBC008074B03EB880819
:10B6200008F10608B6E73846FFF714FCD7E7013AF9
:10B63000ADF80420E5E700BF200B00200A4B1B6893
:10B6400098420FD0084B5B68984209D0064B9B6824
:10B65000834214BF03200220022828BF0220704723
:10B660000120F9E70020F7E71C1000202DE9F04148
:10B6700080460C4615461F46FFF7E0FF144B53F873
:10B680002060144B13F810303BB135B1114B03EB74
:10B6900040004378A5EB4305073D012C10D044B191
:10B6A000042C12D13B46EAB201214046B047BDE826
:10B6B000F0813B46EAB200214046B047BDE8F08148
:10B6C0003B46EAB200214046B047BDE8F08100BFEA
:10B6D000AC110020580B0020F0B58FB003781BB1DF
:10B6E000012528460FB0F0BD414B1B78002B6BD0D5
:10B6F0003F4B5B78002B63D03D4B9B780324002BA2
:10B700005AD0022C28BF022400223A4B03F81420FE
:10B710000B6800930A798DF806208A798DF8082045
:10B72000CA798DF80720CA6804920A6905924A69A5
:10B7300006928A6803928A6907920A6A09924A6A9B
:10B740000A928A6A0B92CA690892CA6A0C924A796A
:10B750008DF809200A6B002A40D001258DF805508C
:10B7600012788DF8042000268DF835608DF834604D
:10B7700003EB4203073300931E4B03F8145003EB13
:10B7800044035A700F4606466A464FF4CA711A4B74
:10B7900001FB04310079FBF769FA05460028A0D1C6
:10B7A000144B13F81430002B9BD03B6B5A6859781C
:10B7B0003079FBF779FC94E70224104A234606E02F
:10B7C00001240F4A234602E0094A00231C4646682A
:10B7D0000C4D45F823600123137092E700238DF888
:10B7E00005308DF804308DF835308DF83430C9E7E8
:10B7F00028100020580B0020600B00202A10002089
:10B80000291000201C100020037883BB70B584B081
:10B810000D46144646683046FFF710FFE3788DF872
:10B8200004300823029323788DF80C30A3788DF828
:10B830000D3063788DF80E3000238DF80F3005EB56
:10B8400040120C4B43F822400B4B13F8103033B12D
:10B85000094B03EB4000437805EB43050735002314
:10B8600001AAE9B2F0B2FBF765FB04B070BD01209C
:10B87000704700BF2C100020580B0020F0B585B099
:10B880001F460378002B31D10D46144646683046DA
:10B89000FFF7D4FEE3788DF804302378002B14BF33
:10B8A0004022082202928DF80C30A3788DF80D30DA
:10B8B00063788DF80E3023798DF80F3005EB401248
:10B8C0000B4B43F822400B4B13F8103033B1094BAC
:10B8D00003EB4000437805EB430507353B4601AADF
:10B8E000E9B2F0B2FBF7ACFB05B0F0BD0120FBE71D
:10B8F0002C100020580B0020F0B587B01F460378AD
:10B90000002B32D10D46144646683046FFF796FEAE
:10B9100005EB4012164B53F82230DA788DF80C20E4
:10B9200094F8482004921A788DF814209A788DF8AB
:10B9300015205A788DF816201B798DF817300D4B8D
:10B9400013F8103033B10B4B03EB4000437805EB99
:10B9500043050735636801970834009403AAE9B2E8
:10B96000F0B2FBF707FB07B0F0BD0120FBE700BF1B
:10B970002C100020580B00200378EBB970B50C4652
:10B98000164645682846FFF759FE0C4B13F8103051
:10B990003BB164B1094B03EB4000437804EB430433
:10B9A00007343246E1B2E8B2FBF792FB70BD314694
:10B9B000E8B2FBF792FB70BD01207047580B0020E6
:10B9C000F8B504780CB10120F8BD1F4616460D46A7
:10B9D000044601210079FBF7A5F83B46F2B229465F
:10B9E0002079FBF7B7F8F8BD0378BBB970B51546F9
:10B9F0000C4669B146683046FFF720FE084B43F815
:10BA000020402A460749F0B2FBF79AFC002070BD9F
:10BA100000210079FBF794FC002070BD01207047E5
:10BA2000AC1100206DB602000378002B46D130B572
:10BA300087B00B88ADF804308B788DF806308B7AA0
:10BA4000F3B1012B20D0CB6804930B690593CB7A1B
:10BA5000F3B1012B20D04B6802930B7A8DF80D3097
:10BA6000174B1B7833B3164B5B78CBB10223154AC7
:10BA700002EB831201A94068FDF780FA07B030BDE0
:10BA800000238DF80C30DEE701238DF80C30DAE767
:10BA900000238DF80730DEE701238DF80730DAE761
:10BAA0000949012213464568084C44F822500122F6
:10BAB0000A70DCE7024900221346F4E701207047D0
:10BAC00040120020B811002041120020381200203E
:10BAD00010B504780CB1012010BD4068FDF742FBA1
:10BAE00010BD10B582B0047814B1012002B010BDB1
:10BAF0004068049C0094FDF76FFBF7E710B50478ED
:10BB00000CB1012010BD4068FDF78CFB10BD10B5D5
:10BB100082B0047814B1012002B010BD4068049CCA
:10BB20000094FDF7E5FBF7E72DE9F04FB7B0019181
:10BB30000378002B40F0278103AB0022039204928C
:10BB40000592069212AA109222AA0F9211930B68E4
:10BB50005C6922788DF82A2062788DF82920A278F5
:10BB60008DF834205A78012A0CBF042203228DF864
:10BB700032209DF832208DF8282001258DF81C50A8
:10BB800000228DF81E208DF81F208DF81D208DF8C5
:10BB900026208DF824208DF825508DF822508DF820
:10BBA00023208DF820508DF821208DF827208DF846
:10BBB0002C208DF82B208DF831208DF83020A278A4
:10BBC0008DF834209A7B8DF83320019A1779002F55
:10BBD00000F0A3809C46002422462E46DFF8C0E1F8
:10BBE00021E04FEA880505EB080936A901EB490970
:10BBF00009F84F2C09F84B2C9DF830504FEA850876
:10BC000008EB050936A901EB490909F84C2C09F89C
:10BC1000482C09F84A2C01358DF83050013418337E
:10BC2000E5B2AF4279D9A3EB0C09DD7BFDB99DF8F4
:10BC3000308008EB880936A901EB49099D68ED03BE
:10BC40005968B5FBF1F529F84E5C1D7809F8505C90
:10BC50001D7B002DC5D14FEA880505EB080936A9E3
:10BC600001EB490909F84F6C09F84B2CC4E79D68B2
:10BC7000ED035968B5FBF1F59DF8318036A901EB6C
:10BC8000081A2AF88E2C2AF88C5C0AF8892C0AF8F3
:10BC9000876C1D780AF8905C1D7B65BB0AF8886C80
:10BCA0000AF8832C0AF8822C0199D1F8008008EB5D
:10BCB000090B9BF8105045BB9DF8315036A901EB9C
:10BCC000051505F8862C9DF8315036A901EB051AAB
:10BCD0000AF8852C9BF80DB00AF88ABC0AF8842C67
:10BCE00001358DF83150456818F809800EEBC5050F
:10BCF00005F8086092E736A901EB081808F8882CC7
:10BD000008F8832C08F8822CCEE79DF8315036A92C
:10BD100001EB051505F8866CD5E71C4B1B7843B382
:10BD20001A4B5B780BB3194B9B780322CBB1019D67
:10BD3000044602EB4202164B03EB421207A940688D
:10BD4000FCF714F96068FCF7D1F82B685B68B0FB6E
:10BD5000F3F00E900CA96068FCF77AFA37B0BDE8F2
:10BD6000F08F02220B4E154606E001220A4E1546C0
:10BD700002E0064E00252A464468084B43F8254059
:10BD800001233370D3E70120E8E700BF70130020E0
:10BD9000441200207213002071130020641300204D
:10BDA000741300200378CBB910B582B013464068F5
:10BDB0000B4A02EBC002525C42B9012201920024FC
:10BDC00000949BB2FCF7C2F902B010BD01220192AF
:10BDD0009BB200930023FCF7B9F9F5E70120704707
:10BDE0007413002070B40B4900220B4E04E00133A1
:10BDF000DBB20132032A09D0D3B211F8014B002C77
:10BE0000F5D056F822504468A542F0D1184670BCCF
:10BE1000704700BF7414002068140020013880B2FD
:10BE200040EA500040EA900040EA101040EA10203A
:10BE30000130C0F3CC00704730B58BB052238DF881
:10BE4000243053238DF8253054238DF82630037881
:10BE500013B101200BB030BD0C4605460B680193B1
:10BE60004B7A8DF80830CB79B3FA83F35B098DF800
:10BE700009300B79ADF80C3043680AAA134404A9C1
:10BE800013F8040CF9F774FF237A8DF81430A379B2
:10BE90008DF815306379003318BF01238DF8163003
:10BEA000A37A8DF81730E37A8DF81830237B8DF85C
:10BEB0001930236907936369089300238DF80A30CA
:10BEC000124B1B78C3B1114B5B788BB10F4B9B7836
:10BED00003214BB1C1EB011101AA0D4B03EB810111
:10BEE0006868FDF721FFB5E702210A4C084606E025
:10BEF0000121094C084602E0044C002001466A6812
:10BF0000064B43F8202001232370E3E7741400203C
:10BF1000B41300207614002075140020681400204B
:10BF2000F8B50478BCB91D4616460F460446FFF71F
:10BF300059FF032811D0C0EB0010094B33F8200043
:10BF4000FFF76CFF10FB05F39BB232463946606881
:10BF5000FDF78AFFF8BD0120F8BD0120F8BD00BF44
:10BF6000B4130020F0B583B00478D4B91D4616464A
:10BF70000F460446FFF736FF032815D0C0EB00102C
:10BF80000A4B33F82000FFF749FF10FB05F3606808
:10BF9000BDF8202000929BB232463946FDF704FFDF
:10BFA00000E0012003B0F0BD0120FBE7B413002046
:10BFB00008B503780BB1012008BD00224068FDF7E9
:10BFC000A1FF08BD70B584B003781BB101263046CF
:10BFD00004B070BD0B79022B3DD0032B3FD0012B59
:10BFE00035D00B6801934B798DF808308B798DF83B
:10BFF0000930CB798DF80B300B7A8DF80C304B7AF9
:10C000008DF80D30204B1B78002B34D01E4B5B7805
:10C010006BB31D4B9B7833B303230C460546C3EB30
:10C02000C30301AA194901EBC3014068FEF7E4FB11
:10C030000646E16819B122696868FEF731FB61695B
:10C040000029C4D0A2696868FEF734FBBFE700236B
:10C050008DF80A30C5E701238DF80A30C1E70223C5
:10C060008DF80A30BDE70223094E1D4606E0012384
:10C07000084E1D4602E0044E00252B464468064A41
:10C08000545501223270C8E724150020781400208E
:10C0900026150020251500202015002008B503785E
:10C0A0000BB1012008BD4068FEF70EFB08BD08B5C6
:10C0B00003780BB1012008BD4068FEF717FB08BDEF
:10C0C00008B503780BB1012008BD4068FEF704FCF9
:10C0D00008BD10B51C2001F069FC044620B1002306
:10C0E00040F8043B00F002F8204610BD00F10803C0
:10C0F00043604FF0FF328260C3600361002303603E
:10C10000704700230361704743684B609A688A60F8
:10C110009A68516099600861036801330360704751
:10C1200030B40D68B5F1FF3F02D000F1080202E023
:10C13000026904E01A4653681C68A542FAD25368A3
:10C140004B6099608A605160086103680133036045
:10C1500030BC7047036942688168916082684168B9
:10C1600051605A68904204BF82685A60002202619E
:10C170001A68013A1A601868704710B5044601F051
:10C1800011FBA46B01F01EFBB4FA84F0400910BD52
:10C1900070B504461646856B026C5AB903680020D8
:10C1A00013B10135A56370BD606801F069F8002323
:10C1B0006360F6E76EB9806806F0F4FCA368226C51
:10C1C0001344A3606268934219D32368A3600020DC
:10C1D000E7E7C06806F0E6FC226C5242E3681344CD
:10C1E000E36021688B4202D263681A44E260022E47
:10C1F00001D00020D5E725B1013D0020D1E7002086
:10C20000CFE70020CDE7026C72B110B5C3681344CC
:10C21000C3604468A34224BF0368C3600C46C1687E
:10C22000204606F0BFFC10BD704770B5054601F012
:10C23000B9FA95F8454064B2002C03DD6B6A05F14C
:10C240002406E3B9FF2385F8453001F0BBFA01F07D
:10C25000A9FA95F8444064B2002C03DD2B6905F17E
:10C260001006DBB9FF2385F8443001F0ABFA70BD4E
:10C27000013C64B2002CE5D06B6A002BE2D0304662
:10C2800000F00CFF0028F3D000F088FFF0E7013C3D
:10C2900064B2002CE6D02B69002BE3D0304600F0CE
:10C2A000FDFE0028F3D000F079FFF0E738B5044632
:10C2B0000D4601F077FA2268216CE36B03FB01F372
:10C2C000D01860600020A063A2605B1A1344E36092
:10C2D000FF2384F8443084F84530A5B923691BB99D
:10C2E00001F070FA012038BD04F1100000F0D6FE14
:10C2F0000028F5D04FF08052074B1A60BFF34F8FE4
:10C30000BFF36F8FECE704F11000FFF7EFFE04F1CD
:10C310002400FFF7EBFEE3E704ED00E0F8B5064686
:10C320000D46174600FB01F0503001F03FFB04467C
:10C3300058B165B100F150030360E6632564012143
:10C340002046FFF7B3FF84F84C702046F8BD20600C
:10C35000F3E710B50C4602220021FFF7DFFF03468A
:10C3600000B18463184610BD2DE9F04784B004463F
:10C37000884601921D464FF000094E46424F33E079
:10C380002A4641462046FFF703FF636A73B938B176
:10C390004FF080523C4B1A60BFF34F8FBFF36F8F4B
:10C3A00001F010FA012004B0BDE8F08704F1240088
:10C3B00000F074FE0028F3D04FF08052324B1A6028
:10C3C000BFF34F8FBFF36F8FEAE701F0FBF9002057
:10C3D000E9E702A800F09CFE14E02046FFF725FFE5
:10C3E00000F030FD4FF0010901F0DCF9A26BE36BC6
:10C3F0009A42C5D3022DC3D0019B002BE5D0B9F1E1
:10C40000000FE6D001F0DEF900F082FC01F0CAF97D
:10C4100094F844305BB2B3F1FF3F08BF84F8446046
:10C4200094F845305BB2B3F1FF3F08BF84F8456034
:10C4300001F0C8F901A902A800F076FEE8B901F000
:10C44000B1F9D4F838A0D4F83C9001F0BBF9CA4552
:10C45000C3D1019904F1100000F0FEFD2046FFF762
:10C46000E4FE00F0EFFC0028BCD14FF080533B60AD
:10C47000BFF34F8FBFF36F8FB4E72046FFF7D5FEB2
:10C4800000F0E0FC00208EE704ED00E02DE9F84329
:10C490000446894690461E4601F052FAEFF3118792
:10C4A0004FF0100383F31188BFF36F8FBFF34F8FEB
:10C4B000A26BE36B9A4206D3022E04D0002087F3CE
:10C4C0001188BDE8F88394F845506DB2324649466C
:10C4D0002046FFF75DFEB5F1FF3F05D001356DB297
:10C4E00084F845500120EAE7636A0BB90120E6E7CA
:10C4F00004F1240000F0D2FD30B1B8F1000F05D0F6
:10C500000120C8F80000DAE70120D8E70120D6E7CB
:10C5100070B504460E4601F013FAEFF311854FF0A3
:10C52000100383F31188BFF36F8FBFF34F8FA26B9C
:10C53000E36B9A421CD294F845305BB20132A2639D
:10C54000B3F1FF3F07D001335BB284F845300120DF
:10C5500085F3118870BD636A0BB90120F8E704F117
:10C56000240000F09BFD28B136B101203060EFE7D8
:10C570000020EDE70120EBE70120E9E72DE9F0439A
:10C5800085B004468846019200263546DFF8F890CB
:10C5900035E041462046FFF736FE7B1EA363236944
:10C5A0002BB901F00FF9012005B0BDE8F08304F1CB
:10C5B000100000F073FD0028F3D04FF08052324B92
:10C5C0001A60BFF34F8FBFF36F8FEAE701F0FAF8FD
:10C5D0000020E9E702A800F09BFD1AE02046FFF7E3
:10C5E00024FE00F02FFC09E02046FFF71EFE00F0BD
:10C5F00029FC2046FFF7C1FD002842D1012601F0A9
:10C60000D1F8A76B002FC4D1019B002BDED0002EE8
:10C61000E0D001F0D7F800F07BFB01F0C3F894F80C
:10C6200044305BB2B3F1FF3F08BF84F8445094F844
:10C6300045305BB2B3F1FF3F08BF84F8455001F0CD
:10C64000C1F801A902A800F06FFD0028CCD1204656
:10C65000FFF793FD0028C1D0019904F1240000F0F8
:10C66000FBFC2046FFF7E1FD00F0ECFB0028C5D104
:10C670004FF08053C9F80030BFF34F8FBFF36F8F77
:10C68000BCE7002090E700BF04ED00E02DE9F04199
:10C6900084B0044601914FF0000846464546504F8D
:10C6A00043E0013BA36323684BB123695BB901F00D
:10C6B00089F84FF00108404604B0BDE8F08100F071
:10C6C00067FE6060F1E704F1100000F0E7FC00286D
:10C6D000EDD04FF08052424B1A60BFF34F8FBFF343
:10C6E0006F8FE4E701F06EF84FF00008E3E702A86F
:10C6F00000F00EFD23E001F055F8606800F064FDE5
:10C70000804601F05FF840E02046FFF78EFD00F024
:10C7100099FB09E02046FFF788FD00F093FB2046D7
:10C72000FFF72BFD002844D1012601F03BF8A36B55
:10C73000002BB6D1019B002BD4D0002ED7D001F016
:10C7400041F800F0E5FA01F02DF894F844305BB2BE
:10C75000B3F1FF3F08BF84F8445094F845305BB212
:10C76000B3F1FF3F08BF84F8455001F02BF801A951
:10C7700002A800F0D9FC0028CCD12046FFF7FDFC30
:10C780000028C1D02368002BB5D0019904F1240002
:10C7900000F062FC2046FFF748FD00F053FB002844
:10C7A000C2D14FF080533B60BFF34F8FBFF36F8F09
:10C7B000BAE7B8F1000F3FF47EAF00F0F3FF636A11
:10C7C0005BB1236B1968C1F10801606800F098FD46
:10C7D00000F0F8FF4FF000086DE70021F5E700BF1B
:10C7E00004ED00E038B5054600F0DCFFAB6BEC6B08
:10C7F000E41A00F0E7FF204638BD806B7047000068
:10C8000010B40B4B1B6843B10123094C54F833207F
:10C8100022B10133642BF9D106E00023044A42F827
:10C82000331002EBC30358605DF8044B704700BF40
:10C83000281500200B4B5B68984209D0094A012358
:10C84000D168814205D001330832642BF8D170479A
:10C850000023044A002142F8331002EBC30359605D
:10C86000704700BF2815002010B50446FFF7E2FF0F
:10C87000204601F021F910BD70B504460D4616465C
:10C8800000F090FF94F844305BB2B3F1FF3F04BF77
:10C89000002384F8443094F845305BB2B3F1FF3F95
:10C8A00004BF002384F8453000F08CFFA36B1BB15C
:10C8B0002046FFF7BAFC70BD3246294604F1240039
:10C8C00000F0D8FBF4E70000084B1B681B683BB185
:10C8D000064B1B68DB68DB685A68054B1A607047BB
:10C8E0004FF0FF32024B1A60704700BF4C18002017
:10C8F0003C19002080B5164D164F174EDFF86080AA
:10C900002B68BBB100F04EFFFB68DC68201DFFF711
:10C9100021FC3368013B33602B68013B2B6000F046
:10C9200051FF206B01F0C8F8204601F0C5F82B68D4
:10C93000002BE7D1094B1B68012BE1D94FF0805345
:10C94000C8F80030BFF34F8FBFF36F8FD8E700BF39
:10C95000FC18002070190020F8180020541800203E
:10C9600004ED00E070B504460E461F4B1D681F4BDA
:10C970001A68002182F8651018680430FFF7EAFB96
:10C9800048B91A4B1A681A490B68D06A01228240CA
:10C9900023EA02030B60B4F1FF3F13D02C44134B86
:10C9A0001B685C60A54216D8124B18680F4B1968BB
:10C9B0000431FFF7B5FB104B1B689C423CBF0E4B8C
:10C9C0001C6070BD002EE9D0084B196804310B487B
:10C9D000FFF79AFB70BD0A4B1868044B19680431C5
:10C9E000FFF79EFB70BD00BF84190020481800208F
:10C9F0000C1900204C1800203C1900205C19002064
:10CA0000501800202DE9F04F83B0019089469846D8
:10CA10000D9E9500284600F0C9FF002800F0928086
:10CA20000746682000F0C2FF0446002800F0878017
:10CA300007632A46A521384606F0BFF8043D236B5C
:10CA40001D4425F0070599F8003084F8343099F832
:10CA5000003063B14B4604F1340209F10F015878FC
:10CA600002F8010F13F8010F08B18B42F7D100272C
:10CA700084F843700C9B072B28BF07239A46E36278
:10CA8000E364276504F1040B5846FFF73AFB04F111
:10CA90001800FFF736FB2461CAF10803A361646242
:10CAA000E7656765A765276684F8647084F8657034
:10CAB00042460199284600F04DFE206006B13460E0
:10CAC00000F070FE364A136801331360354B1B6863
:10CAD000002B3AD0344B1B683BB9324B1B68DA6AE7
:10CAE000E36A9A429CBF2F4B1C60304A13680133A3
:10CAF00013606364E06A2E4A1168012383400B438C
:10CB0000136000EB800059462A4B03EB8000FFF7CF
:10CB1000FBFA00F057FE244B1B68002B39D0214B49
:10CB20001B68DA6AE36A9A4237D24FF08052224B8E
:10CB30001A60BFF34F8FBFF36F8F01202AE0384692
:10CB400000F0BAFF4FF0FF3024E0164B1C60136872
:10CB5000012BCAD1174D05F1A0062846FFF7C6FAEA
:10CB60001435AE42F9D1154E3046FFF7BFFA144DD9
:10CB70002846FFF7BBFA1348FFF7B8FA1248FFF749
:10CB8000B5FA1248FFF7B2FA114B1E60114B1D6047
:10CB9000ABE7012003B0BDE8F08F0120FAE700BF4A
:10CBA000F818002048180020581900200819002003
:10CBB0000C1900205418002004ED00E0101900208A
:10CBC0002419002044190020701900205C1900204D
:10CBD0004C1800205018002038B5044600F0E2FD43
:10CBE000002C37D0251D2846FFF7B4FA70B9E26A49
:10CBF00002EB82039B002249CB583BB921480368D2
:10CC0000012101FA02F223EA02020260A36A1BB1C7
:10CC100004F11800FFF79EFA1B4A136801331360F2
:10CC20001A4B1B689C4218D0194A1368013B1360C9
:10CC3000206B00F041FF204600F03EFFFFF744FE6E
:10CC400000F0C0FD134B1B681BB1104B1B689C42CE
:10CC50000CD038BD0D4B1C68C4E729460E48FFF7C1
:10CC600053FA0E4A136801331360E9E74FF080521C
:10CC70000B4B1A60BFF34F8FBFF36F8FE9E700BF15
:10CC8000541800200C190020081900204818002012
:10CC9000F81800205819002070190020FC180020F6
:10CCA00004ED00E000B583B0134B01930023009323
:10CCB0004FF4007211491248FFF7A4FE012802D078
:10CCC00003B05DF804FB00F0C3FB0128F8D14FF07E
:10CCD000100383F31188BFF36F8FBFF34F8F4FF0B3
:10CCE000FF32084B1A600122074B1A600022074BE3
:10CCF0001A6000F0CFFDE3E7381900201C31030073
:10CD0000F5C802003C1900205819002084190020A1
:10CD1000024A136801331360704700BF04190020F2
:10CD2000014B1868704700BF841900202DE9F047B7
:10CD3000394B1B68002B68D1384B1A6802F1010887
:10CD4000C3F80080B8F1000F17D0354B1B68984529
:10CD500020D20025334B1B68DB6A03EB83039B0067
:10CD6000314AD358022B28BF0125304B1B68002BBA
:10CD70000CBF28460120BDE8F0872D4A11682D4BD5
:10CD80001868106019602C4A136801331360FFF7AC
:10CD90009BFDDAE70025264FDFF8A490DFF888A096
:10CDA00021E04FF0FF321E4B1A60D3E71C4A13609C
:10CDB000D0E704F11800FFF7CDF9E06AD9F80020B8
:10CDC000012383401343C9F8003000EB8000314653
:10CDD0000AEB8000FFF798F9124B1B68E26ADB6AE6
:10CDE0009A4228BF01253B681B68002BD9D03B68BD
:10CDF000DB68DC6863689845D8D3261D3046FFF7AA
:10CE0000A9F9A36A002BD4D1D7E70C4A13680133E0
:10CE100013600025A9E700BF041900208419002031
:10CE20003C190020481800205418002088190020C0
:10CE30004C18002050180020401900200019002034
:10CE40000C1900202DE9F04100F0ACFC2E4B1A68C3
:10CE5000013A1A601B68002B4DD12C4B1B683BB369
:10CE600000242B4E2B4FDFF8C080336813B3F368D8
:10CE7000DC6804F11800FFF76DF9251D2846FFF75F
:10CE800069F9E06A3A680123834013433B6000EB91
:10CE90008000294608EB8000FFF736F91E4B1B681F
:10CEA000E26ADB6A9A42E0D301221C4B1A60DCE79B
:10CEB000002421E00CB1FFF707FD194B1C686CB191
:10CEC000164E012501E0013C05D0FFF72FFF002899
:10CED000F9D03560F7E70022114B1A600F4B1B6841
:10CEE0007BB14FF080520F4B1A60BFF34F8FBFF3EF
:10CEF0006F8F012400E0002400F064FC2046BDE8B0
:10CF0000F0810024F8E700BF04190020F818002081
:10CF1000441900200C19002048180020881900200E
:10CF20000019002004ED00E05418002038B5054633
:10CF30000C46FFF7EDFE124B18682A681444904225
:10CF400005D2A24207D92C60A04205D211E0A2422C
:10CF50000ED8A0420CD32C60FFF774FF70B94FF0CD
:10CF60008052084B1A60BFF34F8FBFF36F8F38BDED
:10CF70002C600021201AFFF7F5FCEDE738BD00BF5B
:10CF80008419002004ED00E010B540B94FF0805244
:10CF9000094B1A60BFF34F8FBFF36F8F10BD04466C
:10CFA000FFF7B6FE00212046FFF7DCFCFFF74AFF43
:10CFB0000028F3D1EAE700BF04ED00E01F4B1B6837
:10CFC0001BB101221E4B1A60704710B400221C4B8B
:10CFD0001A601C4B1B681C4A1168994205D21B4AF7
:10CFE0001068C26D521A1A44C265174A1360184B72
:10CFF0001B68B3FA83F3DBB2C3F11F03154A990030
:10D00000C81802EB80004468646844601944024612
:10D01000083294420BD003EB83030E4A02EB8303E6
:10D020005B68DA68094B1A605DF8044B704760680A
:10D030000A46084901EB82025060ECE7041900201F
:10D040008819002084190020F418002048180020B6
:10D050000C1900205418002010B50C46044B196818
:10D060001831FFF75DF801212046FFF77BFC10BD6A
:10D070004818002038B50D461446074B196818317A
:10D08000FFF742F8002C21460CBF28464FF0FF3036
:10D09000FFF768FC38BD00BF4818002038B5C368EA
:10D0A000DC6804F118052846FFF754F8124B1B689A
:10D0B000EBB9251D2846FFF74DF8E06A0F4A1168C5
:10D0C000012383400B43136000EB800029460C4B87
:10D0D00003EB8000FFF718F80A4B1B68E26ADB6A73
:10D0E0009A4283BF0120084B1860002038BD2946B2
:10D0F0000648FFF709F8EFE7041900200C19002093
:10D1000054180020481800208819002044190020D5
:10D11000034B1B680360034B1B684360704700BFF1
:10D12000401900208419002070B504460D4600F017
:10D1300039FB174B1B68174A126892F8652092B9A1
:10D140002A68B2F1FF3F1FD0616813480068266863
:10D15000864201D08B4219D25B1A93420DD3002331
:10D160002B60012405E00B4B1B68002283F865202F
:10D17000012400F027FB204670BDD31A2B60204607
:10D18000FFF7C6FF0024F4E70024F2E70124F0E7EC
:10D190008419002048180020401900200122014B6A
:10D1A0001A60704788190020054B1B6833B1054B86
:10D1B0001B68002B0CBF0220002070470120704725
:10D1C0005819002004190020002850D038B5044612
:10D1D000C26A28490968C96A8A423FD2816900291E
:10D1E00005DB24490968C96AC1F10801816102EBC4
:10D1F0008202214901EB82026169914205D01D4AF8
:10D200001268D26AE262012038BD251D2846FEF769
:10D21000A1FF70B9E26A02EB82039B001649CB586A
:10D220003BB916480368012101FA02F223EA02021F
:10D230000260104B1B68D86AE062104A1168012432
:10D2400004FA00F30B43136000EB800029460A4BFD
:10D2500003EB8000FEF758FF204638BD054A1268F0
:10D26000C06CD36A98422CBF0020012038BD00203A
:10D27000704700BF48180020541800200C190020E7
:10D28000002835D038B50446026D013A0265C06AFF
:10D29000E16C88422ED00AB1002038BD251D2846F9
:10D2A000FEF758FF70B9E26A02EB82039B00124955
:10D2B000CB583BB911480368012101FA02F223EA75
:10D2C00002020260E06CE062C0F10803A3610B4A55
:10D2D0001168012404FA00F30B43136000EB800093
:10D2E0002946054B03EB8000FEF70EFF204638BDB4
:10D2F00000207047002038BD541800200C19002071
:10D3000000283FD038B50446C26C914238BF114660
:10D31000C26A8A4202D0006D012800D038BDE162A5
:10D32000A0690028A4BFC1F10801A16102EB82023B
:10D33000154901EB820261699142EFD1251D284612
:10D34000FEF708FF70B9E26A02EB82039B000E4908
:10D35000CB583BB90D480368012101FA02F223EAD8
:10D3600002020260E06A094A1168012383400B430C
:10D37000136000EB80002946034B03EB8000FEF7AF
:10D38000C3FECBE7704700BF541800200C190020E3
:10D39000054B1B6823B1044B1A68136D01331365E9
:10D3A000014B1868704700BF4818002008B541605D
:10D3B000006191420CD8D21A83699A4201D30120AC
:10D3C00008BD011D094B1868FEF7AAFE002008BD24
:10D3D0009A4201D2994206D2011D054B1868FEF708
:10D3E0009FFE002008BD012008BD00BF901900204D
:10D3F0008C19002038B500F0D5F90F4B1B6813B11C
:10D4000000F0E0F938BD0D4D2846FEF76FFE0C4CDC
:10D410002046FEF76BFE0B4B1D600B4B1C60002281
:10D4200010210A20FEF77AFF034B18600028E7D08E
:10D430000649FFF7E5F9E3E7C01900209419002039
:10D44000A81900208C190020901900202431030015
:10D4500000B583B0FFF7CEFF084B1B6863B1084BE4
:10D460000193032300930023802206490648FFF717
:10D47000C9FA03B05DF804FB0020FAE7C0190020E8
:10D48000C41900202C3103006DD5020030B585B0E1
:10D49000104C2568DDB11C460091019202900529CF
:10D4A0000EDCFFF781FE02284FF000030CBF089A44
:10D4B0001A46694607480068FEF756FF05B030BDBA
:10D4C0000023224669462846FEF7E0FFF6E70020E3
:10D4D000F4E700BFC01900202DE9F04782B00746ED
:10D4E000FFF71EFC06461E4B1B68984210D3002314
:10D4F0003B601B4B1E60304602B0BDE8F087CDF8A4
:10D5000000804346524641462046FFF7BFFF02E0F7
:10D51000144D4FF000082B681A68CAB1DB68D3F8C5
:10D5200000A0DC6804F104094846FEF713FE636AB4
:10D5300020469847E369012BEDD1A36953449A45EE
:10D54000DDD26360246149462868FEF7E9FDE2E721
:10D55000054A106803490860136001233B60C8E76F
:10D56000BC1900208C190020901900202DE9F043EF
:10D5700089B05D4F5D4DDFF87C813B681A6872B100
:10D58000DB681E68FFF7C4FB04A8FFF7A5FF04468D
:10D59000049B002B49D1B04222D200220FE0FFF7BA
:10D5A000B7FB04A8FFF798FF0446049B002B3CD16F
:10D5B0004F4B1B681A68B2FA82F252090026311BDF
:10D5C0002868FFF759F9FFF73DFC38B94FF0805351
:10D5D000C8F80030BFF34F8FBFF36F8F00242EE0E9
:10D5E000FFF730FC3B68DB68D3F80C9009F10400CE
:10D5F000FEF7B0FDD9F81C30012B04D0D9F8243047
:10D6000048469847EAE7D9F818103346224631448D
:10D610004846FFF7CBFE0028F0D0002100910B46D2
:10D6200032464846FFF732FFE8E7FFF70BFCD5E745
:10D6300007990698059B9847049B002B09DA224618
:10D6400004A92868FEF79AFF002896D0049B002BB7
:10D65000EEDB069E736913B1301DFEF77BFD03A858
:10D66000FFF73AFF049B092BE9D801A252F823F0F7
:10D6700099D6020099D6020099D602003FD6020040
:10D68000CDD60200DFD6020099D6020099D602005C
:10D690003FD60200CDD6020005990B460246B0697E
:10D6A00001443046FFF782FE0028C8D0736A304636
:10D6B0009847F369012BC2D1B269009423460599BA
:10D6C0000A4421463046FFF7E1FEB8E70599B1610B
:10D6D0000346024601443046FFF768FEAFE7304696
:10D6E00000F0EAF9ABE700BF8C190020C019002058
:10D6F0009019002004ED00E082B0002301934FF068
:10D70000100383F31188BFF36F8FBFF34F8F019B1B
:10D71000002BFCD002B0704708480068006880F316
:10D7200008884FF0000080F3148862B661B6BFF33A
:10D730004F8FBFF36F8F00DF00BF000008ED00E0E8
:10D74000DFF80C00016841F47001016070470000CF
:10D7500088ED00E04FF0807340F8043C21F00101B7
:10D7600040F8081C054B40F80C3C40F8202C6FF0AA
:10D77000020340F8243C4438704700BFF9D6020049
:10D78000074B19680868B0E8F04F80F30988BFF3C9
:10D790006F8F4FF0000080F311887047AFF3008067
:10D7A000481800204FF0100383F31188BFF36F8FE8
:10D7B000BFF34F8F024A136801331360704700BFF5
:10D7C000D00FFE1F034A1368013B13600BB983F3AC
:10D7D00011887047D00FFE1F0000000000000000FD
:10D7E000EFF30980BFF36F8F154B1A681EF0100F0F
:10D7F00008BF20ED108A20E9F04F10602DE90900E4
:10D800004FF0100080F31188BFF34F8FBFF36F8F7D
:10D81000FFF7D4FB4FF0000080F3118809BC1968B2
:10D820000868B0E8F04F1EF0100F08BFB0EC108A87
:10D8300080F30988BFF36F8F704700BFAFF300809C
:10D840004818002008B54FF0100383F31188BFF388
:10D850006F8FBFF34F8FFFF769FA18B14FF0805207
:10D86000024B1A60002383F3118808BD04ED00E029
:10D87000054B00221A6005490A604BF67F31044AC5
:10D88000116007221A60704710E000E018E000E025
:10D8900014E000E010B582B0244B1A78D2B20192A5
:10D8A000FF221A701B78DBB28DF803309DF803302D
:10D8B00007221F4B1A609DF8033013F0800F0DD024
:10D8C000013A9DF803305B00DBB28DF803309DF820
:10D8D000033013F0800FF3D1154B1A60144A13680C
:10D8E0001B0203F4E0631360019BDBB20F4A137069
:10D8F000104B1A6842F470021A601A6842F07042C3
:10D900001A60FFF7B5FF00240B4B1C60FFF718FFF0
:10D910000A4A136843F040431360FFF7FDFEFFF728
:10D920004DFBFFF7E9FE204602B010BD00E400E029
:10D93000C819002020ED00E0D00FFE1F34EF00E0FA
:10D94000EFF305830F2B84BF014A9B5C704700BF38
:10D95000F0E300E010B4134A00E01A461368834273
:10D96000FBD351685418A0420AD041684418A3421E
:10D970000BD00360904218BF10605DF8044B7047F5
:10D980004068014451601046EFE7074C2468A34209
:10D9900006D05B681944416013681B680360E9E7BF
:10D9A0000360E7E7DCD90020CC190020F8B5044675
:10D9B000FFF7AEF93A4B1B68B3B13A4B1D682542ED
:10D9C00064D1002C64D004F1080212F0070F1CBFD0
:10D9D00022F007020832002A5CD0334B1E68B242A4
:10D9E0005AD832490C6827E0314A12F0070F1ED08E
:10D9F000D11D21F0070102F540435B1A0A462B486E
:10DA00000260002141601344083B23F007032448CF
:10DA1000036059601960991A51601360254B1960B1
:10DA2000214B19604FF000421E4B1A60C5E74FF4BE
:10DA30004043E4E721461C4663689A4202D92368C2
:10DA4000002BF7D1164B1B689C4227D00F68083774
:10DA500023680B6063689B1A102B11D86268B61A92
:10DA600011490E60134909688E423CBF11490E608E
:10DA70001543656000232360FFF7E4F93846F8BDDD
:10DA8000A01843606260FFF765FFE7E70027F3E750
:10DA90000027F1E70027EFE70027EDE70027EBE796
:10DAA000CC190020D0D90020D4D90020DCD9002006
:10DAB000D0190020D8D90020F0B110B5044650F894
:10DAC000042C0E4909680A4202D050F8080C00B133
:10DAD00010BD22EA010244F8042CFFF719F9084AA4
:10DAE00054F8043C11680B441360A4F10800FFF7DC
:10DAF00031FFFFF7A7F9EBE7704700BFD0D900204F
:10DB0000D4D9002008B50068B1F1FF3F0ED04FF422
:10DB10007A7303FB01F1074BA3FB01318909FEF77F
:10DB2000B5FD01280CBF0020032008BD4FF0FF31D8
:10DB3000F5E700BFD34D621000B583B000684FF029
:10DB4000E023D3F8043DC3F3080393B102A90023F3
:10DB500041F8043DFEF7DCFC01280FD1019B6BB1BD
:10DB60004FF08052094B1A60BFF34F8FBFF36F8F96
:10DB700004E000231A461946FEF7F6FB10F1FF30C9
:10DB800018BF012003B05DF804FB00BF04ED00E006
:10DB900010B50446FF20FEF7DCFB2060B0FA80F0F1
:10DBA000400910BD08B50068FEF75EFE002008BD04
:10DBB00008B5F5F787FBF5F7A9FC034A1368002BB6
:10DBC000FCD0014B186808BDE4D9002030B4114BDB
:10DBD00000200021C3E92201C3E91001C3E91401B7
:10DBE000C3E90E0100244FF08045C3E90C45C3E9A9
:10DBF0001A01C3E91C01C3E91E01C3E92001002485
:10DC0000054DC3E91845C3E91601C3E9124530BC07
:10DC1000704700BF10DA00200000F03F30B40E4B18
:10DC200000200021C3E92201C3E91001C3E9140166
:10DC3000C3E90E01C3E90C010024084DC3E91A45EC
:10DC4000C3E91C01C3E91E01C3E92001C3E91801AE
:10DC5000C3E9160130BC704710DA00200000F03F25
:10DC60002DE9F04716461F460B8883422FD231F824
:10DC70001730834248D97C0801EB440331F8142063
:10DC8000824204D9013C33F8022D8242FAD801EBDA
:10DC9000440300E01446621C33F8025FA842F9D244
:10DCA00031F814A0A0EB0A0080B2F2F719FD80460B
:10DCB0008946A5EB0A0080B2F2F712FD02460B4638
:10DCC00040464946F2F7B0FE8046894604E000240B
:10DCD0004FF000084FF00009BC4215D006EBC40419
:10DCE000D4E9006732463B46D4E90201F2F7BAFBB9
:10DCF00042464B46F2F76EFD32463B46F2F7B4FB26
:10DD000041EC100BBDE8F08706EBC70696ED000B63
:10DD1000BDE8F08710B50446082003F0DDFC84ED73
:10DD2000000B10BD000000002DE9F04F2DED088B19
:10DD3000A1B0CB4B1C88CB4B19AA03F10A0033F8D6
:10DD4000021B22F8021B8342F9D1C74BD3ED008A94
:10DD5000C64B93ED008AC64B1E78C64B93F8B23083
:10DD6000B34200F0BE80C34B83F8B260002283F858
:10DD7000B620BF4B93F801C0BE4B93F8B330634558
:10DD800000F0BD80BB4B83F8B3C0002283F8B720FE
:10DD9000B74B9B78B74A92F8B4209A4200F0BD8006
:10DDA000B44A82F8B430002382F8B830B04BDB7844
:10DDB000B04A92F8B5209A4200F0BD80AD4A82F890
:10DDC000B530002382F8B930AB4B1B78A52B00F09F
:10DDD000C08000252846AE4610F0040F22D0A74B85
:10DDE00059781A7802EB0122ADF86A20D9789A782E
:10DDF00002EB0122ADF86C2059791A7902EB01226D
:10DE000008EE902AF8EEE88ADFED9D7A68EEA78AA0
:10DE1000DA799B7903EB022308EE103AB8EEC88A50
:10DE200028EE278A974A02F112031A32002103F8DA
:10DE3000011B9A42FBD1934B9872DD721C73220A2C
:10DE40005A738C4A92F8B6201A745E74BDF8645006
:10DE50009D742A0ADA74BDF866601E75320A5A7516
:10DE6000BDF868709F753A0ADA75BEF1000F01D0EF
:10DE700001221A76834B83F819C0BDF86A8083F8B3
:10DE80001A804FEA1822DA76BDF86C9083F81C905D
:10DE90004FEA19225A77F2EE047A68EEA77AF5EE85
:10DEA000C07AF1EE10FA40F2AE809FED777AF4EE90
:10DEB000C77AF1EE10FA80F2A880B6EE000A37EECB
:10DEC000800A03F043FBDFED717AB4EEE70AF1EE6E
:10DED00010FA40F1E180BCEEC00A10EE103A9BB29D
:10DEE00095E0644B93F8B630312B3FF642AF0133E7
:10DEF000FF2B28BFFF235F4A82F8B63039E75D4B1E
:10DF000093F8B730312B3FF643AF0133FF2B28BFD7
:10DF1000FF23584A82F8B7303AE7564B93F8B830A7
:10DF2000312B3FF643AF0133FF2B28BFFF23514A6C
:10DF300082F8B8303AE74F4B93F8B930312B3FF6BF
:10DF400043AF0133FF2B28BFFF234A4A82F8B93081
:10DF50003AE7494B5B785A2B03D000252846AE465A
:10DF60003AE7444B93F8B630312B44D8424B9B7878
:10DF700003F00F0513F0010F41D013F0020F38D05A
:10DF80003C4A92F8B720312A8CBF0120032013F0BD
:10DF9000040F06D0374A92F8B820312A98BF40F0D3
:10DFA000040013F0080F0CD0324B93F8B930312B2A
:10DFB00007D840F00800364B5C781B7803EB04234D
:10DFC0009CB210F0020E3FF407AF324B59781A782A
:10DFD00002EB0122ADF86420D9789A7802EB012295
:10DFE000ADF866205A791B7903EB0223ADF868304F
:10DFF000F2E60120CBE700252846AE46ECE64FF0DE
:10E00000000E70460EE7002301E04FF6FF731D4A35
:10E0100093771B0AD377F2EE047A68EE277AF5EE4F
:10E02000C07AF1EE10FA3AD99FED177AF4EEC77A7A
:10E03000F1EE10FA35DAB6EE000A37EE800A03F098
:10E0400085FADFED127AB4EEE70AF1EE10FA40F14C
:10E05000AD82BCEEC00A10EE103A9BB223E000BFC6
:10E060006ADC002060DC0020A4DC0020A8DC0020AA
:10E07000A0DC0020D8DA002088DC002080DC002032
:10E08000CDCCCC3DE0DB002000FF7F470000804787
:10E0900090DC002098DC00204FF6FF73B7E70023E8
:10E0A00001E04FF6FF73D44A82F820301B0A82F851
:10E0B000213004F00102D14B1A70C4F34002D04B5E
:10E0C0001A70C4F38002CF4B1A70C4F3C002CE4B57
:10E0D0001A70C4F30012CD4B1A70C4F34012CC4B2B
:10E0E0001A70C4F38012CB4B1A70C4F3C013CA4A1F
:10E0F000137007EE909AF8EE677A9FEDC80A67EE04
:10E10000807AB2EE047AF4EE477AF1EE10FAC8BFE4
:10E11000F0EE477A9FEDC20A27EE800A03F016FA66
:10E12000BDEEC00ADFEDBF0AB8EEC00A03F0CCFBBB
:10E13000BDEEC00ABC4B10EE102A1A8007EE908A82
:10E14000F8EE677A9FEDB50A67EE807AB2EE047A50
:10E15000F4EE477AF1EE10FAC8BFF0EE477A9FED81
:10E16000B00A27EE800A03F0F1F9BDEEC00ADFED38
:10E17000AD0AB8EEC00A03F0A7FBBDEEC00AAB4B78
:10E1800010EE102A1A8007EE907AF8EE677A9FED6B
:10E19000A80A67EE807AB1EE047AF4EE477AF1EEDF
:10E1A00010FAC8BFF0EE477A9FED9D0A27EE800A6D
:10E1B00003F0CCF9BDEEC00ADFED9A0AB8EEC00A52
:10E1C00003F082FBBDEEC00A9A4B10EE102A1A80B3
:10E1D00007EE906AF8EE677A9FED950A67EE807A0F
:10E1E000B1EE047AF4EE477AF1EE10FAC8BFF0EE21
:10E1F000477A9FED8B0A27EE800A03F0A7F9BDEE60
:10E20000C00ADFED880AB8EEC00A03F05DFBBDEE80
:10E21000C00A894B10EE102A1A8007EE905AF8EEC9
:10E22000677A9FED830A67EE807AB1EE047AF4EEA6
:10E23000477AF1EE10FAC8BFF0EE477A9FED780A00
:10E2400027EE800A03F082F9BDEEC00ADFED750A01
:10E25000B8EEC00A03F038FBBDEEC00A10EE103A6B
:10E260009CB2764B1C80714B1888F2F739FA5CA38C
:10E27000D3E90023F2F7AEFA0022714BF2F7AAFAC3
:10E28000CDE90001684B1888F2F72AFA54A3D3E9C4
:10E290000023F2F79FFA0022694BF2F79BFACDE9CF
:10E2A0000801684BD3E90C6718EE900AF2F73AFAC6
:10E2B0000022654BF2F78EFA4BA3D3E90023F2F765
:10E2C00089FA0022614BF2F7AFFB32463B46F2F788
:10E2D00081FACDE9020118EE100AF2F723FA0022C2
:10E2E000594BF2F777FA40A3D3E90023F2F772FA19
:10E2F0000022564BF2F798FB32463B46F2F76AFA99
:10E30000CDE90601524901230A4610312046FFF7A4
:10E31000A7FCB0EE408AF0EE608A00224D4B51EC33
:10E32000100BF2F7E7FC002800F043819FED308BE3
:10E33000474901230A4610313F480088FFF790FC07
:10E34000B0EE409AF0EE609A0022424B51EC100B76
:10E35000F2F7D0FC002800F038819FED259B3E4A63
:10E360001478C4F380030A933C4B93F8DE6055782D
:10E3700083F8DE5093F8DC30002B40F03281374BCD
:10E38000012283F8DC2083F8DD206540334B93F8CD
:10E39000DA30002B40F09181304B012283F8DA20F3
:10E3A00083F8DB2000200021C3E90C010A9B002B2D
:10E3B00058D0002200232A49D1E92801F2F772FC43
:10E3C00000284FD1002200232549D1E92601F2F788
:10E3D00069FC002802F0468444E000BFAFF30080EF
:10E3E000000000004062E0406F1283C0CA21094073
:10E3F000000000000000F03FE0DB002054DC0020C3
:10E400007BDC00207ADC002051DC002052DC002084
:10E4100079DC00207CDC00200ADC002066661E3BE4
:10E4200000007A440000804704DC002002DC002069
:10E43000A69B44390CDC002008DC002006DC002010
:10E440000000603E3831030000004240008066401A
:10E45000A03103000000F03F70DC0020D8DA00207B
:10E4600010DA002014F0010F40F0B08100230B936C
:10E470000023B74F3B70C4F30014DFF8F88298F81C
:10E48000015098F802A098F803300C9398F8070010
:10E49000F2F726F941EC100B1EA8FFF73BFC05F044
:10E4A000030098F8003003EB0020F2F719F941EC73
:10E4B0001A0B20AE66E9040198F803B098F804300E
:10E4C0000D93DFF8B48298F80000F2F709F941ECF7
:10E4D000100B3046FFF71EFC98F80330DA09109253
:10E4E000C3F380130F9339789A4A92F8EE3003EB16
:10E4F000810303EB440398490B7092ED020B03F088
:10E5000067F8B0EE40BAF0EE60BA03F00BF80028FE
:10E5100000F05F810026002730463946F2F732FCD2
:10E52000C0B28D4B587000229A70DA701A715A710D
:10E530009A71DA71894B1B7805930022884BDDE9CB
:10E54000026730463946F2F7D5FB002800F06681B5
:10E550000022834B30463946F1F784FF06460F46CA
:10E5600000227F4BDDE9068940464946F2F7C2FBAF
:10E57000002800F068810022794B40464946F1F7B7
:10E5800071FF804689460022002330463946F2F763
:10E5900089FB002800F06B81002200234046494699
:10E5A000F2F780FB003018BF012061E14FF6FF73E6
:10E5B00079E50022002351EC180BF2F77DFB0028CF
:10E5C0003FF4B6AE9FED608BB2E60022002351EC23
:10E5D000190BF2F771FB00283FF4C1AE9FED5A9B77
:10E5E000BDE65C4B93F8DD30022B25D0032B38D0F1
:10E5F000012B14D0574BD3E90E890022594B4046CA
:10E600004946F2F777FB00283DD00322514B83F8AF
:10E61000DD2000200021544BC3E92801B5E6AE42BD
:10E620003FF4B3AE02224B4B83F8DD2000204F496C
:10E630004D4BC3E92801A8E6AE4205D000204B4966
:10E64000494BC3E92801A0E6424E042386F8DD3099
:10E650000022464BD6E90E01F1F706FFC6E90E018E
:10E6600093E6AE4209D002223A4B83F8DD20002027
:10E670003E493D4BC3E9280187E6002000213A4B83
:10E68000C3E9280181E6AE420DD0324B00200021C3
:10E69000C3E90E01022283F8DD2000203349324B0A
:10E6A000C3E9280171E60022304B40464946F1F7A4
:10E6B000DBFE284BC3E90E0167E6264B93F8DB30FF
:10E6C000022B28D0032B59D0012B15D0002000217C
:10E6D000254BC3E92601264B9B78AB427FF466AEFF
:10E6E0001C4BC3E90C01022283F8DB2000201F49E8
:10E6F0001D4BC3E9260159E61D4B9B78AB427FF4C5
:10E7000055AE0222134B83F8DB2000201749164B2D
:10E71000C3E926014AE600201449134BC3E9260148
:10E72000134B9B78AB423FF441AE0A4E032386F86D
:10E73000DB3002460B46D6E90C01F1F795FEC6E93F
:10E740000C0133E6AFF30080000000000000000081
:10E750006DDC0020D8DA002038DC00200ADC002044
:10E760000000E03F00003E4010DA00200000F03FD3
:10E7700070DC002040DC002048DC002000229E4BA2
:10E780009E49D1E90C01F2F7ABFA48B104229B4B48
:10E7900083F8DB2000200021994BC3E9260105E620
:10E7A000984B9B78AB427FF401AE944B0020002144
:10E7B000C3E90C01022283F8DB2000209249904B30
:10E7C000C3E92601F2E501230B9352E600230B93E4
:10E7D0004FE6B0EE4B0AF0EE6B0A02F083FE002823
:10E7E0007FF498AE9FED821BB0EE4B0AF0EE6B0A01
:10E7F00003F0C6F857EC106B0022002310EE100A4D
:10E800003946F2F759FA00283FF486AE304607F150
:10E810000041F2F7B7FA4042C0B282E600227B4BD9
:10E82000DDE9026730463946F2F75AFA40B900226C
:10E83000774B30463946F1F717FE06460F468FE60E
:10E84000002600278CE60022704BDDE90689404651
:10E850004946F2F745FA002842F0148200226C4B38
:10E8600040464946F1F700FE804689468BE6002087
:10E87000684B5968614A936FCB1A9167B2F89E2032
:10E88000D118B1F5805F15D25C4AA2F89E105B4B9F
:10E8900093F8C230A3B1594B93F8C330013B052B19
:10E8A00000F23182DFE813F01700EB0021015E0176
:10E8B000BC01040240F6FF72504BA3F89E20E6E72D
:10E8C0004E4B012283F8C220042283F8C320FFF7B5
:10E8D000A5F902F052BA494B93F8EF60002E76D1B9
:10E8E00093F8AE30002B72D1059B002B6FD04A4BB2
:10E8F0001B78002B6BD1002858D0404B93F8F13097
:10E90000002B53D0002040493D4BC3E90A013B4B4B
:10E91000002283F8C420032283F8C320384B002050
:10E920000021C3E92201C3E91001C3E91401C3E9CD
:10E930000E014FF00008DFF8D090C3E90C89C3E95D
:10E940001A01C3E91C01C3E91E01C3E92089C3E917
:10E950001801C3E91601002E02F02C85274B93F80D
:10E96000C430012B5AD0264B00200021C3E92201DC
:10E970000026254FC3E91067C3E914674FF000086C
:10E980004FF08049C3E90E89C3E90C01C3E91A01BC
:10E99000C3E91C01C3E91E67C3E92001C3E91801EB
:10E9A000C3E916010024264602F0C4B9134B93F8BC
:10E9B000F230B3B1114BB3F89E2040F68B239A424C
:10E9C00011D9002010490E4BC3E90A019FE70B4BF8
:10E9D000002683F8C460022283F8C320FFF7F6F80C
:10E9E000B9E70126B7E70126B5E700BFAFF300801E
:10E9F000000000000000704000002440D8DA002031
:10EA000010DA002070DC00200000F03F0000E0BFC2
:10EA10000000E03FD8DB00206DDC0020A04B93F825
:10EA2000F660002E02F0C8849E4B002683F8BE607C
:10EA300083F8BD6002219A4A82F8C41000200021A8
:10EA4000C3E922014FF00008DFF85C92C3E91089A6
:10EA5000C3E914899FED907B83ED0E7BC3E90C0124
:10EA6000C3E91A01C3E91C01C3E91E89C3E92001F6
:10EA7000C3E91801C3E91601344602F05BB9884BBB
:10EA800093F8F0302BB9059B1BB9854B93F8F460D4
:10EA90001EB3844B00200021C3E92201C3E9100109
:10EAA000C3E91401C3E90E0100264FF08047C3E912
:10EAB0000C67C3E91A01C3E91C01C3E91E01C3E9DC
:10EAC00020010026784FC3E91867C3E91601C3E99E
:10EAD00012670024264602F02DB9042283F8C320D1
:10EAE000FFF79CF8344602F025B9704B1E78002ED3
:10EAF00026D1059B23B96A4B93F8F440002C29D00A
:10EB0000684B00200021C3E92201C3E91001C3E9D9
:10EB10001401C3E90E014FF00008DFF88C91C3E93E
:10EB20000C89C3E91A01C3E91C01C3E91E01C3E949
:10EB30002089C3E91801C3E91601344602F0FAB886
:10EB40000222574B83F8C320FFF740F800242646E3
:10EB500002F0F0B8042283F8C320FFF75FF82646DE
:10EB600002F0E8B84E4B93F8AE30059A002A42F016
:10EB70009480002B42F09780002200234949D1E97C
:10EB80001201F2F78FF8002802F08D80444B93F8C1
:10EB9000F56026BB93F8EC300BB30622404B83F8AC
:10EBA000C320404B00200021C3E92201C3E910012A
:10EBB000C3E91401C3E90E01C3E90C01C3E91A0159
:10EBC000C3E91C01C3E91E01C3E92001C3E918011F
:10EBD00000203549C3E91601344602F0ABB8FFF70F
:10EBE0001DF8059E344602F0A5B8002B42F05B806C
:10EBF000002200232B49D1E91201F2F753F8002833
:10EC000002F0518000204FF08041264BC3E91401EF
:10EC10000722234B83F8C3200024264602F08AB83B
:10EC20001F4B93F8EF30002B42F0BB831C4B93F843
:10EC3000AE30002B42F0B583059B002B02F0B18370
:10EC40001A4B1E78002E42F0AC83154BB3F89E3061
:10EC5000B3F5FA7FC2F0B283002C02F0B183114BFE
:10EC6000012283F8BD2083F8BE200D4981F8C3201E
:10EC70000020A1F89E0081F8C42000200A49C3E9C1
:10EC800022014FF000084FF00009C3E91C89C3E9D5
:10EC90001E01344602F04EB80000000000000040A3
:10ECA000D8DA002010DA00200000F03F6DDC0020F0
:10ECB000A14B93F8EC60F6B1A04B00200021C3E912
:10ECC0002201C3E91001C3E91401C3E90E01C3E93C
:10ECD0000C01C3E91A01C3E91C01C3E91E01C3E920
:10ECE0002001C3E9180100209549C3E91601002459
:10ECF000264602F01FB8042283F8C320FEF78EFFD9
:10ED0000344602F017B88C4B93F8EC30002B02F02D
:10ED10000980894B93F8EF40002C42F0538393F81D
:10ED2000AE30002B42F05183059A002A02F04F8347
:10ED3000844A1678002E42F04D837F4B93F8EB30D7
:10ED4000002B30D0002200237C49D1E91201F1F7D9
:10ED5000A9FF40B3784B052283F8C3200022A3F813
:10ED60009E20764B00200021C3E922014FF00008CD
:10ED7000DFF8CC91C3E910899FED6B7B83ED147BA9
:10ED8000C3E90E89C3E90C01C3E91A01C3E91C896F
:10ED9000C3E91E01C3E92001C3E91801C3E9160153
:10EDA000344601F0C7BF644B93F8AE30002B42F0FD
:10EDB000DE82059B002B02F0DC82624B1E7800365F
:10EDC00018BF012601F0B5BF02225B4B83F8C320B8
:10EDD000FEF7FCFE01F0D1BF55A3D3E9002351ECAF
:10EDE0001A0BF1F7F7FC804689460AF00F03A808D2
:10EDF00000EB8310F1F774FC4DA3D3E90023F1F786
:10EE0000E9FC06460F460C9B03F03F034FEA1A103D
:10EE100000EB0310F1F764FC45A3D3E90023F1F7FD
:10EE2000D9FC04460D460D9B980000EB9B10F1F7B2
:10EE300067FC3FA3D3E90023F1F7CCFC82468B4665
:10EE40003D4B93F8BE30012B1FD0022B3FD0002248
:10EE50004FF080433949D1E91401F1F723FF00282D
:10EE600001F09D870222344B83F8BE20334B0020F3
:10EE70003349C3E90801C3E90089C3E90267C3E96B
:10EE80000445C3E906AB01F08ABF002200232B49E9
:10EE9000D1E91401F1F706FF50B10322264B83F8A4
:10EEA000BE2000200021254BC3E9080101F077BFF7
:10EEB000224B00202249C3E90801C3E90089C3E9C4
:10EEC0000267C3E90445C3E906AB01F068BF00224D
:10EED0001B4B1A49D1E91401F1F7E4FE90B101226C
:10EEE000154B83F8BE20154B00201549C3E90801D6
:10EEF000C3E90089C3E90267C3E90445C3E906AB76
:10EF000001F04DBF0D4B00200D49C3E90801C3E9D5
:10EF10000089C3E90267C3E90445C3E906AB01F010
:10EF20003EBF00BFAFF300800000000000000040C3
:10EF30007B14AE47E17A843FD8DA002010DA002053
:10EF40000000F03F6DDC0020B0EE4A0AF0EE6A0AE5
:10EF500002F0C8FA002841F036879FEDD11BB0EED1
:10EF60004A0AF0EE6A0A02F00BFD55EC104B002243
:10EF7000002310EE100A2946F1F79EFE002801F04A
:10EF80002487204605F10041F1F7FCFE404285B29E
:10EF900001F020BFB0EE4A0AF0EE6A0A02F0A2FACF
:10EFA000002841F02E879FEDBE1BB0EE4A0AF0EE1E
:10EFB0006A0A02F0E5FC57EC106B0022002310EE09
:10EFC000100A3946F1F778FE002801F01C87304618
:10EFD00007F10041F1F7D6FE404286B201F018BFBA
:10EFE000B0EE4A0AF0EE6A0A02F07CFA002841F01C
:10EFF00027879FEDAB1BB0EE4A0AF0EE6A0A02F0DB
:10F00000BFFC59EC108B0022002310EE100A494679
:10F01000F1F752FE002801F01787404609F1004140
:10F02000F1F7B0FE40421FFA80F801F013BFB0EED6
:10F030004A0AF0EE6A0A02F055FA002841F02287E7
:10F040009FED971BB0EE4A0AF0EE6A0A02F098FCB8
:10F050005BEC10AB0022002310EE100A5946F1F7CA
:10F060002BFE002801F0128750460BF10041F1F70A
:10F0700089FE404287B201F00EBFB0EE4A0AF0EEC0
:10F080006A0A02F02FFA002841F017879FED861BCD
:10F09000B0EE4A0AF0EE6A0A02F072FC5BEC10ABCA
:10F0A0000022002310EE100A5946F1F705FE002851
:10F0B00001F0078750460BF10041F1F763FE404233
:10F0C000C0B201F003BF7A4B93F8C030022B25D0B9
:10F0D000032B39D0012B14D0754BD3E906890022BC
:10F0E000744B40464946F1F705FE00283ED0032206
:10F0F0006F4B83F8C02000226F4B83F8B82001F0DB
:10F1000039BFA54201F036870222694B83F8C0203F
:10F110000122694B83F8B82001F02CBFA54205D02D
:10F120000122654B83F8B82001F024BF604C042312
:10F1300084F8C0300022614BD4E90601F1F794F95C
:10F14000C4E9060101F016BFA54209D00222584BBE
:10F1500083F8C0200122584B83F8B82001F00ABF81
:10F160000022554B83F8B82001F004BFA5420DD012
:10F170004F4B00200021C3E90601022283F8C02082
:10F1800001224D4B83F8B82001F0F4BE00224B4B16
:10F1900040464946F1F768F9454BC3E9060101F0DD
:10F1A000E9BE012301F00CBF414B0022A3F8A020CF
:10F1B000B3F8A230B3F57A7F08D201334FF6FF726D
:10F1C000934228BF13463A4AA2F8A230384BB3F80C
:10F1D000A230312B0AD8364B93F8FA30003318BFDF
:10F1E0000123334A82F8FA3001F0EDBE0023F8E73C
:10F1F000012301F055BF2E4B0022A3F8A420B3F841
:10F20000A630B3F57A7F08D201334FF6FF729342EE
:10F2100028BF1346264AA2F8A630254BB3F8A630DD
:10F22000312B0AD8224B93F8FB30003318BF01234F
:10F230001F4A82F8FB3001F036BF0023F8E70122B5
:10F2400001F05CBF1A4B0022A3F8A820B3F8AA3043
:10F25000B3F57A7F08D201334FF6FF72934228BF8D
:10F260001346134AA2F8AA30114BB3F8AA30312B37
:10F2700006D80F4B93F8FC20003218BF012200E0A3
:10F2800000220B4B83F8FC20B3F8FA30002B01F07E
:10F290003D8701230C9317E0012301F03DBF00BF20
:10F2A000000000000000F04000000000000070407E
:10F2B000D8DA00200000244010DA00200000F03FDF
:10F2C0000B9B002B01F030870022B94BDDE90001D8
:10F2D000F1F706FD002801F02787B1A3D3E9002349
:10F2E000DDE90601F1F7FCFC002801F01D87ACA365
:10F2F000D3E90023DDE91201F1F7F2FC002801F067
:10F300001387A9A3D3E90023DDE91401F1F7E8FC91
:10F31000002801F00987A4A3D3E90023DDE9160141
:10F32000F1F7DEFC002801F0FF86A24B93F8EA30EB
:10F33000002B01F0F9860C9B002B41F0F58601258E
:10F3400001F0F3BE00229C4BDDE90201F1F7C8FC9D
:10F3500038B1984B002283F8F820A3F8982001F0E8
:10F360006CBF944BB3F89830B3F57A7FC1F0F48753
:10F37000904BB3F89830312B41F25F878D4B0122CF
:10F3800083F8F920002283F8F82001F056BF01230A
:10F3900001F07DBF0022874BA3F89A2001F07ABFCD
:10F3A0000022864BDDE90001F1F79AFC002801F00C
:10F3B0008287804BB3F89C30B3F57A7F08D2013353
:10F3C0004FF6FF72934228BF13467A4AA2F89C3048
:10F3D000784BB3F89C30632B0CD8764B93F8F9201C
:10F3E000003218BF0122734B83F8F92093F8B190D3
:10F3F00001F067BF0022F6E76E4B0022A3F89C20C5
:10F4000093F8B1906E4B1B78002B41F05A87002582
:10F41000EDB2684B83F8EF5093F8EB2083F8AF2000
:10F4200083F8B08093F8F92083F8B12093F8D630B0
:10F43000002B5ED15F4B012283F8D620062283F891
:10F44000D720604B604A92F8B7005A4A92F8F11000
:10F4500001EB40011970002159709970D970197130
:10F4600059719971D971594B1B781B09052B14BF20
:10F470000021012182F8F2109DF83C1082F8F11071
:10F48000003318BF012382F8F33045A3D3E90023EA
:10F49000DDE90601F1F724FC002800F04D8140A3CE
:10F4A000D3E90023DDE91201F1F71AFC002800F08E
:10F4B0006D823DA3D3E90023DDE91401F1F710FCCF
:10F4C000002800F0658238A3D3E90023DDE91601A6
:10F4D000F1F706FC002800F05D82364B93F8FA3015
:10F4E000002B40F05982B4F5965F8CBF00240124B4
:10F4F00023E1304B93F8D730013B062B00F2048117
:10F50000DFE813F0070018002A003C0066007800CE
:10F51000F0002D49102381F8B7300022264BD1E9A5
:10F520001E01F1F7BFFB00288BD10622214B83F887
:10F53000D72086E72449402381F8B73000221E4BAC
:10F54000D1E91801F1F7AEFB00287FF47AAF06226B
:10F55000184B83F8D72074E71B49202381F8B73074
:10F560000022154BD1E92001F1F79CFB00287FF424
:10F5700068AF06220F4B83F8D72062E712490123B8
:10F5800081F8B73000220C4BD1E91A01F1F78AFB60
:10F5900000287FF456AF0622064B83F8D72050E7A9
:10F5A000894160E5D022EB3F5839B4C876BEE73FC9
:10F5B00000000C40D8DA00200000F03F00000440BA
:10F5C00054DC0020E8D9002010DA0020F0D9002017
:10F5D0005649042381F8B7300022554BD1E91C016C
:10F5E000F1F760FB00287FF42CAF0622514B83F823
:10F5F000D72026E700224E4B4C49D1E91A01F1F7FA
:10F6000051FB40B104224B4B83F8D7200122474BDA
:10F6100083F8B72015E70022454B4449D1E916018C
:10F62000F1F740FB40B10722424B83F8D72002227A
:10F630003E4B83F8B72004E700223D4B3B49D1E91C
:10F640001C01F1F72FFB40B105223A4B83F8D7207C
:10F650000422364B83F8B720F3E60022344B3349BB
:10F66000D1E92201F1F71EFB38B10823314A82F8B3
:10F67000D7302E4A82F8B730E3E600222C4B2B49D4
:10F68000D1E91E01F1F70EFB40B10122294B83F8AD
:10F69000D7201022254B83F8B720D2E60022244B36
:10F6A0002249D1E92001F1F7FDFA40B10322214BB3
:10F6B00083F8D72020221D4B83F8B720C1E6002213
:10F6C0001B4B1A49D1E91801F1F7ECFA00283FF475
:10F6D000B8AE0222174B83F8D7204022134B83F891
:10F6E000B720AEE61149022381F8B7300022104B53
:10F6F000D1E91601F1F7D6FA00287FF4A2AE06226E
:10F700000C4B83F8D7209CE60849082381F8B730D2
:10F710000022074BD1E92201F1F7C4FA00287FF457
:10F7200090AE0622034B83F8D7208AE610DA002039
:10F730000000F03FD8DA00200024C94B83F8F440E1
:10F74000002D40F02B814FF001040022C54BDDE974
:10F750000201F1F7BBFA08B94FF00004E4B2C04B64
:10F7600083F8F540C04A92F8B82083F8EA20BF4AEF
:10F77000D378147904EB0324A4F58064BC4B587847
:10F78000F0F7AEFFDDE91C23F0F76EFE0022B94B67
:10F79000F0F768FE0022B84BF1F71CF80022B54BD9
:10F7A000F0F762FE41EC100B01F012FFB0EE40AA40
:10F7B000F0EE60AA01F0B6FE002800F0F1809FEDA7
:10F7C000A2AB51EC1A0BF1F7DDFA80460234A44AE1
:10F7D000042C8CBF0023012382F8F630A74B5D6810
:10F7E000536FEB1A556792F8BC20D118012940F2EB
:10F7F000008101229A4B83F8BC20994B93F8BA30D0
:10F80000002B40F0FA80964B012283F8BA200322A5
:10F8100083F8BB20944B002283F8B42083F8B520F2
:10F820008F4B93F8F230002B00F093812846F0F7CD
:10F8300057FF87A3D3E90023F0F7CCFF41EC100B6F
:10F8400001F0FAFF00228E4B51EC100BF0F7C2FFD3
:10F8500041EC100B01F0BCFE0022864B51EC100B6A
:10F86000F0F702FECDE91C019DED1C0B01F05AFEE4
:10F87000002800F0768100200021F1F783FA80B2A1
:10F88000C2B2794991F8B4407E4B1C7000255D707E
:10F890009D70000AD8701A7191F8B5505D7191F899
:10F8A000B61099716C404C4054404440DC71764B2A
:10F8B00093F80080B8F1000F00F05C81734B1C7866
:10F8C000B4FA84F46409664B93F8E630002B40F0F8
:10F8D0005781634B012283F8E620022283F8E72058
:10F8E000032283F8E820002283F8FD205C4B93F884
:10F8F000E230002B40F00782594B012283F8E220CE
:10F90000022283F8E320032283F8E4200020002170
:10F91000C3E91401594B5C68514AD2F89430E31A98
:10F92000C2F8944092F8E120D118FF2900F2D08269
:10F930004B4A82F8E1104A4B93F8DF30002B40F03D
:10F94000D382474B012283F8DF2083F8E020002296
:10F9500000234549D1E92A01F1F7A4F9002840F034
:10F96000FD83002200233E49D1E90401F1F79AF911
:10F97000002800F0F583002200233B49D1E918015B
:10F98000F1F790F9003018BF0120CEE20024D4E650
:10F990000024D2E60024D0E60024CEE60024DEE6F1
:10F9A000B0EE4A0AF0EE6A0A01F09CFD00287FF4EE
:10F9B00006AF9FED291BB0EE4A0AF0EE6A0A01F08D
:10F9C000DFFFB0EE40AAF0EE60AA0022002351EC67
:10F9D000100BF1F771F900283FF4F3AE1AEE100A9C
:10F9E0001AEE903A03F10041F1F7CCF9C0F10008AA
:10F9F000ECE61B4A82F8BC10FFE6194B93F8BB30CB
:10FA0000012B47D0022B00F080800022204B1649AA
:10FA1000D1E91001F1F746F900283FF401AF104B8E
:10FA2000012283F8BB20002283F8BC200E4B20214A
:10FA300083F8B410C3F8B08083F8B5200C4A9278EC
:10FA400083F8B620ECE600BF0000000000000000D4
:10FA50007B14AE47E17A843F000000000000F041D3
:10FA6000D8DA00200000164010DA002028DC002040
:10FA700048DC00200000904000001440D8DB00204B
:10FA80000080564020DC00200ADC002052DC0020F0
:10FA90000000F03F00220023AF49D1E91001F1F747
:10FAA00001F950B10322AD4B83F8BB20AA4B0022D1
:10FAB00083F8B42083F8B520B2E6A84B93F8BC30A5
:10FAC000ABB1A64B93F8EE308BB10222A34B83F877
:10FAD000BB20A14B202283F8B4200422C3F8B0201D
:10FAE000552283F8B520142283F8B62098E69A4B65
:10FAF000202283F8B420C3F8B080002283F8B52018
:10FB0000974A927883F8B6208AE6042C13D8934B50
:10FB1000012283F8BB20002283F8BC208E4B2021D9
:10FB200083F8B410C3F8B08083F8B5208C4A92787B
:10FB300083F8B62074E6884B202283F8B420042290
:10FB4000C3F8B020552283F8B520142283F8B620DC
:10FB500066E6814BD3F8B000F0F7C2FDCDE91C0199
:10FB600082E69FED7B1B9DED1C0B01F009FF51EC24
:10FB7000100B82E67B4B1C78B4FA84F46409A2E68D
:10FB8000764B93F8E730012B19D0744B93F8FD3086
:10FB9000012B4DD0714B93F8E830012B5AD0022B3A
:10FBA00000F0838002226D4B83F8E820002C00F0E7
:10FBB000A78000200021694BC3E9180196E6674B36
:10FBC00093F8FD3063B9654B002283F8E9200221E8
:10FBD00083F8E710032183F8E81083F8FD2085E619
:10FBE0005E4B93F8E930012B3FF480AE00220023F6
:10FBF0005A49D1E91601F1F755F858B10222574B8D
:10FC000083F8E920002C7FF471AE00205649C3E947
:10FC100016016BE60122514B83F8E920002C3FF4DA
:10FC200065AE00234D4A82F8FD30504A13705DE600
:10FC30004A4B002283F8E820012283F8E7200222C1
:10FC400083F8E920002C7FF451AE00204649C3E937
:10FC500016014BE6414B93ED18AB0022002351EC0B
:10FC60001A0BF1F71FF868B102223C4B83F8E82029
:10FC70002CB100200021394BC3E9180136E60020E1
:10FC80003949F8E70022384B51EC1A0BF1F70AF822
:10FC900000283FF42BAE002C3FF428AE01232F4A5E
:10FCA00082F8FD30314A137020E62C4B93ED18ABEF
:10FCB0000022002351EC1A0BF0F7F4FF48B12CB1ED
:10FCC00000200021254BC3E918010FE6002026493A
:10FCD000F8E70022244B51EC1A0BF0F7E3FF002861
:10FCE0003FF404AE01221D4B83F8E820002C3FF4C2
:10FCF000FDAD1346194A82F8FD301C4A1370F5E534
:10FD00000020194957E71A4B1C78144B93F8E3303D
:10FD1000012B2FD00022144B1049D1E91401F0F728
:10FD2000C1FF002866D00D4B002283F8E420012299
:10FD300083F8E320022283F8E520002C3FF4EAADAB
:10FD400000200949C3E91201E4E500BFAFF30080D8
:10FD5000000000000000F04010DA0020D8DA002097
:10FD600048DC002051DC00200000F03F50DC002087
:10FD700079DC0020002200235849D1E91401F0F772
:10FD800091FF70B1554B002283F8E520022283F8E1
:10FD9000E320032283F8E42000200021C3E91401BA
:10FDA000B8E54E4B93F8E530012B3FF4B3AD00229C
:10FDB00000234A49D1E91201F0F774FF58B1022239
:10FDC000464B83F8E520002C3FF4A4AD00204449C5
:10FDD000C3E912019EE50122404B83F8E520002C87
:10FDE0007FF498AD00200021C3E9140100223D4BAF
:10FDF0001A708FE5394B93F8E430012B0DD0022BAC
:10FE000038D00222354B83F8E420002C5DD100204D
:10FE10000021324BC3E910017CE5304B93ED10AB70
:10FE200000222F4B51EC1A0BF0F73CFF58B1002C7D
:10FE30007FF470AD00202A49284BC3E91401012248
:10FE4000284B1A7066E50022002351EC1A0BF0F7DC
:10FE500029FF00283FF45EAD0222204B83F8E42006
:10FE60002CB9002000211D4BC3E9100152E50020F0
:10FE70001B49F8E7194B93ED10AB0022184B51ECDE
:10FE80001A0BF0F70FFF68B10122144B83F8E4203E
:10FE9000002C7FF43FAD00201149C3E91401114B40
:10FEA0001A7037E50022002351EC1A0BF0F7FAFE26
:10FEB00000283FF42FAD2CB900200021074BC3E9E7
:10FEC000100127E500200649F8E700200449A0E7D3
:10FED000FF22024B83F8E1202DE500BFD8DA002095
:10FEE0000000F03F78DC0020AF4B93F8E030012BAE
:10FEF00000F00081AC4B93F8E130C72B7FF627ADC3
:10FF00000022AA4B83F8C120A94B1B783BB1A94B17
:10FF10001B7823B1A84B1B78002B7FF418AD002071
:10FF20000021A24BC3E92A0100209F4B83F8EC007B
:10FF3000B8F1000F00F0168193F8ED209F4B1A7076
:10FF4000994AD2F89030E31AC2F89040B2F8AC2047
:10FF5000D118B1F5806F80F00B81934AA2F8AC10F4
:10FF6000914B93F8D830002B40F008818E4B012242
:10FF700083F8D82083F8D92000228B4B1B6F622B8B
:10FF800040F33D81002088490867002A00F03B814A
:10FF9000312B8CBF00230123894A1370824A884B7E
:10FFA0001B7882F8F030814B93F8BD1082F8ED1089
:10FFB00093F8BE1082F8EE10D3E91201C2E90401F1
:10FFC00092F8F4107F4B1970D2F88C30E31AC2F813
:10FFD0008C4092F8D520D1187F2900F21881724AFE
:10FFE00082F8D510704B93F8D330002B40F0148179
:10FFF0006D4B012283F8D32083F8D420002283F8AC
:020000023000CC
:10000000D520714B1B78B3B10A9BA3B1674B93F812
:10001000BF3083B1B8F1000F0DD04FF001050022C1
:100020006A4BDDE90801F0F75BFE08B94FF0000507
:100030005E4B83F8C0505C4AD2F88830E31AC2F8AD
:10004000884092F8D220D118FF2900F26081564AE8
:1000500082F8D210544B93F8D030002B40F05C81E2
:10006000514B012583F8D05083F8D150002283F8FA
:10007000D2200022564BDDE90001F0F727FE0028D0
:1000800040F05E810022524BDDE90801F0F71EFED0
:10009000002840F08881454B93F8C030002B40F099
:1000A00084813FA3D3E90023DDE90601F0F70EFECA
:1000B000002840F07C813AA3D3E90023DDE9120156
:1000C000F0F704FE002840F0748135A3D3E9002343
:1000D000DDE91401F0F7FAFD002840F06C8130A34F
:1000E000D3E90023DDE91601F0F7F0FD002818BF81
:1000F000012526E1002000212C4BC3E92A012C4BCD
:100100001B78002B3FF410AF2A4B1B78002B3FF4D9
:100110000BAFB8F1000F0FD1274B1B78D3B1224B97
:1001200093F8F430C3B1214B00202949C3E92A01D7
:10013000012283F8C12004E0002025491B4BC3E9BC
:100140002A01194B022283F8E020002283F8E120E3
:10015000FFF7FDBB0020E8E60020E6E60020E4E62D
:100160000020E2E6114B93F8C120144B1A70E7E629
:1001700040F2FF320C4BA3F8AC20F1E60A4B93F8A7
:10018000D930012B26D0084BB3F8AC30B3F5617FE2
:1001900033D30122044B83F8D9200022EDE600BFBF
:1001A000295C8FC2F528BC3FD8DA002010DA002085
:1001B0007CDC002050DC002078DC00206CDC00209F
:1001C00053DC00205ADC00206DDC002000000C40D5
:1001D0000000F03F0022AC4BAC49D1E91801F0F728
:1001E00061FD40B1AA4B022283F8D9200022A3F876
:1001F000AC200122C1E60022BFE60122BDE6591C67
:10020000A3480167C1E60022A24B1A70C6E67F220E
:100210009F4B83F8D520E5E69D4B93F8D430022B15
:100220002CD0032B5AD0012B12D09B4B1A789B4B0E
:100230001B789A4266D0964D022385F8D43000226E
:10024000914BD5E90A01F0F70FF9C5E90A01D8E6A3
:100250008F4B93F8D530632B7FF6D3AE8E4B1A7845
:100260008E4B1B789A427FF4CCAE0422884B83F8E5
:10027000D4200122854B83F8BF20C2E6844B93ED46
:100280000AAB0022864B51EC1A0BF0F733FD40B15C
:1002900003227F4B83F8D42000227C4B83F8BF20BD
:1002A000AFE67D4B1A787D4B1B789A4209D000222D
:1002B000754B51EC1A0BF0F7D7F8754BC3E90A01EF
:1002C0009FE6734B00200021C3E90A01042283F852
:1002D000D42001226D4B83F8BF2092E66E4B1A7832
:1002E0006E4B1B789A4204D00022684B83F8BF20E3
:1002F00087E60422664B83F8D4200122634B83F8FF
:10030000BF207EE60122614B83F8BF2079E6FF2201
:100310005F4B83F8D2209DE65D4B93F8D130012BE3
:1003200001D00025A5E65A4B93F8D230C72B05D94A
:100330000222574B83F8D12000259AE6012598E642
:100340000125584B1D70524AD2F88430E31AC2F886
:10035000844092F8CF20D118FF292ED84C4A82F839
:10036000CF104B4B93F8CD3063BB494B012283F840
:10037000CD20032283F8CE20002283F8CF204EF632
:100380006022434B9B6E622B40F3FE80002040496D
:1003900088660A2A40F2018149F640418A4240F3C8
:1003A000F7800123FAE00125CBE70125C9E7012504
:1003B000C7E70125C5E70125C3E7FF22344B83F8D2
:1003C000CF20CEE7324B93F8CE30013B032B00F227
:1003D000A380DFE803F002244E692C4B93ED0CABB5
:1003E0000022002351EC1A0BF0F75CFC08B9059BC6
:1003F0002BB90222264B83F8CE200022C1E700222F
:10040000214B51EC1A0BF0F74DFC002800F0AC80AA
:1004100005221F4B83F8CE204EF66022B1E71B4B1E
:1004200093ED0CAB0022184B51EC1A0BF0F73AFC91
:1004300050B1B8F1000F00F09A800522144B83F8F8
:10044000CE204EF660229CE700224FF0804351EC14
:100450001A0BF0F727FC002800F08B80B8F1000F92
:1004600000F0898001220A4B83F8CE2047F23052F7
:1004700087E7074B93F8CF30C72B7ED90422044B74
:1004800083F8CE2000227CE70000F03F10DA002045
:10049000D8DA002053DC00207BDC00207ADC00204E
:1004A000000024405BDC0020AD4B93ED0CAB002240
:1004B000AC4B51EC1A0BF0F7F5FB50B1B8F1000F53
:1004C00000F061870522A84B83F8CE204EF660220B
:1004D00057E70022002351EC1A0BF0F7E3FB28B199
:1004E0000222A14B83F8CE2000224AE7059B002B75
:1004F000F6D000224FF0804351EC1A0BF0F7D2FBFC
:1005000000283DD0B8F1000F3CD00122964B83F873
:10051000CE2047F2305234E7914B93ED0CAB0022E2
:100520004FF0804351EC1A0BF0F7BCFB48B1B8F127
:10053000000F13D001228C4B83F8CE2047F23052AB
:100540001FE70022002351EC1A0BF0F7ABFB28B198
:100550000222854B83F8CE20002212E7059B002B58
:10056000F6D04EF660220CE747F2305209E700223F
:1005700007E7002205E7002203E74EF6602200E7C6
:100580000022FEE60022FCE6591C7748816600E75F
:10059000312B8CBF0023012300E00023734A13702A
:1005A000714AD2F88030E31AC2F8804092F8CC2029
:1005B000D118FF2924D86C4A82F8CC106A4B93F8E2
:1005C000CA3013BB684B012283F8CA20042283F887
:1005D000CB20002283F8CC204EF66022624BDB6EEB
:1005E000622B40F3EA8000205F49C8660A2A40F285
:1005F000ED8049F640418A4240F3E3800123E6E082
:10060000FF22594B83F8CC20D8E7574B93F8CB30D7
:10061000013B032B00F28280DFE803F002244D75DA
:100620004F4B93ED0EAB0022002351EC1A0BF0F769
:1006300039FB08B9059B2BB902224B4B83F8CB2021
:100640000022CBE70022474B51EC1A0BF0F72AFBB4
:10065000002800F0A2800322434B83F8CB204EF603
:100660006022BBE73E4B93ED0EAB00223D4B51ECBD
:100670001A0BF0F717FB50B1B8F1000F00F09080A3
:100680000322394B83F8CB204EF66022A6E70022E6
:100690004FF0804351EC1A0BF0F704FB002800F0F8
:1006A0008180B8F1000F7FD001222F4B83F8CB203F
:1006B00047F2305292E72A4B93ED0EAB00224FF0F7
:1006C000804351EC1A0BF0F7EDFA48B1B8F1000F86
:1006D00013D00122244B83F8CB2047F230527DE720
:1006E0000022002351EC1A0BF0F7DCFA28B10222A9
:1006F0001D4B83F8CB20002270E7059B002BF6D022
:100700004EF660226AE7184B93F8CC30C72B4DD9D0
:100710000522154B83F8CB2000225FE7104B93EDA9
:100720000EAB00220F4B51EC1A0BF0F7BBFA50B195
:10073000B8F1000F00F02E8603220B4B83F8CB207C
:100740004EF660224AE70022002351EC1A0BF0F724
:10075000A9FA68B10222044B83F8CB2000223DE7BE
:1007600010DA00200000F03FD8DA002057DC00202B
:10077000059B002BEED000224FF0804351EC1A0B6A
:10078000F0F790FAA8B1B8F1000F14D00122A44BF1
:1007900083F8CB2047F2305220E747F230521DE772
:1007A00000221BE7002219E7002217E74EF660221D
:1007B00014E7002212E7002210E7591C9848C1668E
:1007C00014E7312B8CBF0023012300E00023954A5E
:1007D0001370934AD36FE31AD46792F8C920D118E3
:1007E000FF2900F299808E4A82F8C9108C4B93F849
:1007F000C730002B40F09580894A012382F8C7302A
:1008000082F8C830002182F8C910874A1370874ADD
:1008100013700C9B002B40F0A38019F1000218BF4D
:1008200001227F4B83F8AE20814B93F867904FEA0B
:10083000490909F007097F4B1B7849EA03097E4BF8
:100840001B78002B18BF01227C4B42EA49095FFA52
:1008500089F9744A127842EA49095FFA89F9784AB3
:10086000127842EA49025FFA82F9764A127842EA3D
:1008700049021A70744A1178744A127842EA4102A5
:10088000D1B2734A127842EA4102D1B2714A127867
:1008900042EA4102D1B2644A127842EA4102D1B23C
:1008A000624A127842EA4102D1B26B4A127842EAB5
:1008B00041025A709DF844209A709DF83420DA70F5
:1008C0001E7183F805B09DF838209A71DF71584A7F
:1008D00092F858005044187200225A725F4B98796F
:1008E000EFF7FEFEDDE91E23EFF7BEFD46A3D3E9D9
:1008F0000023EFF7B7FD06460F460022584BF0F7EE
:10090000F9F978BB0022002330463946F0F7D4F9D4
:1009100050B30026002727E0FF22414B83F8C9206F
:1009200064E73F4B93F8C830012B05D000233E4AC3
:1009300013703E4A13706CE73B4A13703B4A1370C6
:10094000374B93F8C930C72B7FF663AF0222344B85
:1009500083F8C8200023344A1370344A137058E7D0
:1009600001225EE700263E4F3E4B1B78E3B100229A
:1009700000233D49D1E91E01F0F794F900283ED14A
:10098000002200233849D1E92201F0F78BF9002831
:1009900037D0002200232249D1E90401F0F782F97F
:1009A000041C18BF012400E0002453EC192B51EC67
:1009B000180BEFF757FD02460B46104623F0004197
:1009C00013A3D3E90023F0F78BF9002852D0144D7C
:1009D0000022264BD5E90801EFF746FDC5E90801DD
:1009E0000022234BF0F77CF9002800F0E78000207C
:1009F0001E491D4BC3E924019FED078B52E00024E3
:100A0000D3E70024D1E700BF000000000088B34016
:100A10009A9999999999B93F000000000000000047
:100A2000D8DA002058DC00205CDC002059DC0020F3
:100A3000383103006DDC00205BDC0020E0DB0020AF
:100A400057DC00205ADC002053DC00206CDC002046
:100A500078DC002050DC002055DC002040DC002049
:100A600000804B400ADC002010DA00200000F03F3C
:100A700000000840002200239F49C1E908239F4944
:100A8000C1E9242353EC192B51EC180BEFF7ECFCC4
:100A900000229B4BEFF79EFE00229A4BEFF79AFE47
:100AA00041EC180B944B93F8C530002B40F0938029
:100AB000914B012283F8C520022283F8C6209FEDC6
:100AC0008A8B914A92F85A305B005FFA83F992F868
:100AD0006040A401E4B20022894B8849D1E91801A1
:100AE000F0F7FEF808B19FED808BB0EE480AF0EE0B
:100AF000680A00F06DFDB0EE408AF0EE608A824B2D
:100B0000B3F84220DE8F360A06EB0216B6B2B3F80F
:100B100044804FEA1818B3F846703F0A00F002FD0F
:100B2000002800F0948000200021784D04EB090398
:100B3000714A92F8EC402344734C94F85C2003EB28
:100B4000820394F85E2003EB021394F8622003EB17
:100B5000C2132B7094F863306B70AE7085F803800D
:100B6000F0F710F900F59C500830287113236B71D1
:100B700094F86430AB71EF71B4F84E10090AB4F810
:100B80005220120A624B94F865001870597094F85C
:100B900066109970DA7000221A715A719A71DA71BE
:100BA0005C4B1A789A735A78DA735B4A536801334C
:100BB000536021B0BDEC088BBDE8F08F002200230C
:100BC0004E49D1E92401F0F76DF800287FF45AAFBF
:100BD0009FED458B66E7E4B2474B93F8C630012B97
:100BE00012D0022B18D0002200234449D1E916016B
:100BF000F0F758F800283FF464AF02223E4B83F828
:100C0000C6209FED398B5CE7DCB902223A4B83F8B2
:100C1000C6209FED358B54E70022404B3749D1E980
:100C20001601F0F73FF820B10322334B83F8C620BA
:100C300047E74CB10122304B83F8C62047EC186BD4
:100C40003FE747EC186B3CE79FED278B39E79FEDBB
:100C5000281BB0EE480AF0EE680A00F091FE51EC55
:100C6000100B62E714F0010F08D02D4B9B78AB42BC
:100C70003DF4A9AD01230B93FDF7FABB01230B93C0
:100C8000FDF7F6BB0022002330463946F0F70AF89C
:100C9000003018BF0120FDF7EBBD174A92F8F32092
:100CA000002A7DF4A2AF154B00200021C3E92201E8
:100CB000C3E91001C3E91401C3E90E01C3E90C0142
:100CC0000026164FC3E91A67C3E91C01C3E91E01D8
:100CD000C3E92001C3E91801C3E91601002426462F
:100CE00028E000BFAFF3008000000000000000001B
:100CF000000000000000F040D8DA002010DA0020E8
:100D00000000E03F000049403831030010DC0020C3
:100D100018DC0020E0DB0020D8DB00200000F03FE2
:100D200070DC0020C44B93F8EF30002B3EF43BA85E
:100D300001260024F4B1C14B00200021C3E92201A7
:100D40004FF00008DFF81893C3E910899FEDB67BD8
:100D500083ED147BC3E90E89C3E90C01C3E91A01D1
:100D6000C3E91C89C3E91E01C3E92001C3E91801D5
:100D7000C3E91601002E7EF427A8AF4B93F8BD30CF
:100D8000002B7EF429A8AC4B012283F8BD2003225E
:100D900083F8BE2000200021A84BC3E908010022EF
:100DA000A74BA649D1E90001EFF714FD41EC100B68
:100DB00000F00EFCB0EE40AAF0EE60AA00F0B2FB2C
:100DC00000283EF4C1A80024002520462946EFF75C
:100DD000D9FF85B22C0104F0F0040022984B97490A
:100DE000D1E90201EFF7F6FC41EC100B00F0F0FB4B
:100DF000B0EE40AAF0EE60AA00F094FB00283EF4AA
:100E0000C9A80026002730463946EFF7BBFF86B257
:100E1000C6F30323E3180D930022894B8749D1E9D8
:100E20000401EFF7D7FC41EC100B00F0D1FBB0EE62
:100E300040AAF0EE60AA00F075FB00283EF4D0A8AE
:100E40004FF000084FF0000940464946EFF79AFF7F
:100E50001FFA80F84FEA081404F0F0040022784BDF
:100E60007649D1E90601EFF7B5FC41EC100B00F033
:100E7000AFFBB0EE40AAF0EE60AA00F053FB0028F2
:100E80003EF4D5A84FF0000A4FF0000B50465946EB
:100E9000EFF778FF87B2C7F30323E3180E93674B8E
:100EA00093ED080B00F094FBB0EE40AAF0EE60AAC0
:100EB00000F038FB00283EF4E0A84FF0000A4FF0A5
:100EC000000B50465946EFF75DFFC0B280015FFA54
:100ED00080FA2B0911934FEA181B5A4C657894F845
:100EE00004802078000100EB1510EFF7F9FB50A308
:100EF000D3E90023EFF76EFCCDE9060108F00F00FF
:100F0000637903EB0020EFF7EBFB49A3D3E9002360
:100F1000EFF760FCCDE9160105F00F05A07800EBB6
:100F20000520EFF7DDFB42A3D3E90023EFF752FCE6
:100F3000CDE91201E078000100EB1810EFF7D0FBCB
:100F40003BA3D3E90023EFF745FCCDE914013A4B6D
:100F500093F8C150A47904F00F0483F8C14093F8CA
:100F6000BF30002B7EF4AFA8334B012283F8BF20A3
:100F700083F8C020344B1C88643CA4B2B4F5965F5F
:100F80007EF612A92C4B0022A3F8A220B3F8A030C1
:100F9000B3F57A7F08D201334FF6FF72934228BF30
:100FA0001346254AA2F8A030234BB3F8A030092BF2
:100FB0003EF6F7A8204B93F8FA30003318BF012310
:100FC0001D4A82F8FA30214B1D8848F2123000FB8E
:100FD00005F0EFF785FB00221D4BEFF7FBFB80468A
:100FE0008946CDE902891B4B1A8842F242739A4224
:100FF00038D89D4236D80022174BDDE90001EFF7C3
:101000005BFE78BB0022154BDDE90001EFF72CFAFF
:1010100002460B4640464946EFF76CFE00283EF478
:10102000EAA81FE0AFF300800000000000000040CD
:101030007B14AE47E17A843FD8DA002010DA002032
:1010400000005940F8D900200CDC002004DC00200E
:101050000000603E02DC0020000004400000F83F79
:101060000000F03F9D4B0022A3F8A620B3F8A43067
:10107000B3F57A7F08D201334FF6FF72934228BF4F
:101080001346964AA2F8A430944BB3F8A430312BFF
:101090003EF6AEA8914B93F8FB30003318BF012306
:1010A0008E4A82F8FB308D4B93F8EA3043B10B9BAC
:1010B00033B18B4B93F80090B9F1000F7EF4C2A8C6
:1010C000864B0022A3F8AA20B3F8A830B3F57A7FA4
:1010D00008D201334FF6FF72934228BF13467F4A6E
:1010E000A2F8A8307D4BB3F8A8301D2B3EF6A7A878
:1010F0007A4B93F8FC20003218BF0122774B83F81B
:10110000FC20B3F8FA30002B7EF4C6A8734B93F89A
:10111000FC30003318BF01230C93714B93F80090FF
:10112000B9F1000F7EF4CCA80025EDB26B4B83F82B
:10113000EB506C4A11786C4A117093F8AF80002222
:1011400000236A49D1E90001EFF7D4FD30B14545EC
:1011500094BF00220122664B83F8BB2000220023AB
:101160006249D1E90201EFF7C5FD30B145452CBF19
:10117000002501255E4B83F8BC50DDF84080574BBD
:1011800093F8B050002200235849D1E90401EFF749
:10119000B1FD30B1A84594BF00220122544B83F821
:1011A000B920002200235149D1E90601EFF7A2FD41
:1011B00030B1A8452CBF002501254D4B83F8BA500E
:1011C0004B4B93F8BB303BBB494B93F8BC301BBB3C
:1011D000474BD3F8B83023F07F4323F0FF03DBB94C
:1011E000434B93ED0AAB4FF001031D460022002351
:1011F00051EC1A0BEFF756FD10B14FF000031D46EE
:101200002A46EDB23B4B1A700022002351EC1A0B18
:10121000EFF748FD40B902E00125364B1D702F4B1A
:1012200093F8F730002B6DD02C4B83F8F7502B4BF5
:1012300093F8F830002B7EF485A800222E4BDDE9D0
:101240000001EFF711F902460B46DDE90201EFF765
:1012500051FD00283EF49EA8204BB3F89A30B3F518
:101260007A7F08D201334FF6FF72934228BF1346AC
:101270001A4AA2F89A30194BB3F89A30132B3EF65B
:1012800086A8164B93F8F930003318BF0123134A90
:1012900082F8F930059B002B7EF4AEA8104B1B782A
:1012A000002B68D00022154BDDE90201EFF704FDA9
:1012B00000287EF475A8094B0022A3F89C2093F81F
:1012C000B19000220E4BDDE90801EFF709FD00287F
:1012D0003EF49DA80125FEF79BB800BFD8DA002098
:1012E00054DC00200ADC002056DC002038310300EA
:1012F00010DA002055DC00200000F83F0000F03F2D
:1013000000001840354B83F8F750B9F1000F8ED02C
:101310000022334BDDE90001EFF7E2FC002886D024
:101320000022304BDDE90201EFF7C6FC00283FF454
:101330007EAF2A4B012283F8F8200022A3F89820E0
:101340000022284BDDE90201EFF7CAFC00287EF4F9
:1013500000A8224BB3F8983001334FF6FF72934246
:1013600028BF13461D4AA2F89830FEF701B801269F
:10137000DFE40126DDE4194B0022A3F89C2093F85A
:10138000B190FEF744B8059B002B3FF4A9A80022BA
:10139000FEF7F7BF059B002B3FF4DCA90022FFF707
:1013A0001DB902220D4B83F8C320FCF70FFC00246B
:1013B0002646BFE43446BDE43446BBE40124B9E428
:1013C0000124B7E400240126B4E40126B2E4059C1C
:1013D0000126AFE41C460126ACE400BFD8DA0020A9
:1013E000000004400000F03F08B5082000F04EF86F
:1013F0000D4B322283F8B62083F8B72083F8B8204B
:1014000083F8B920094A52689A675A67C3F894204A
:10141000C3F89020C3F88C20C3F88820C3F8842038
:10142000C3F88020DA6708BDD8DA0020D8DB0020B6
:101430009FED010B704700BF000000000000F07F2F
:101440009FED010A704700BF0000807F0000000090
:101450009FED010B704700BF000000000000F0FF8F
:101460009FED010A704700BF000080FF00000000F0
:101470009FED010B704700BF000000000000F8FF67
:101480009FED010A704700BF0000C0FF08B5FFF7DD
:10149000EFFF0E4B83ED000BFFF7F2FF0C4B83EDDC
:1014A000000AFFF7C5FF0B4B83ED000BFFF7C8FFEA
:1014B000094B83ED000AFFF7CBFF084B83ED000BD0
:1014C000FFF7CEFF064B83ED000A08BDD0DC0020FD
:1014D000D8DC0020B0DC0020B8DC0020C0DC00201C
:1014E000C8DC0020D0B557EC106B10EE102A3B463C
:1014F0000A49D1E90001EFF7D5FB68B94FF00104C3
:1015000032463B460649D1E90001EFF7CBFB08B96B
:101510004FF00004E0B2D0BD0120D0BDB0DC00200F
:10152000C0DC002053EC102B10EE100A064A9A4340
:1015300001D000207047C3F313031BB9003018BF5C
:1015400001207047012070470000F07F10EE103A34
:1015500023F00041CA0D7F3A162A2ADC002A11DA4C
:10156000DFED187A30EE270AB5EEC00AF1EE10FA78
:1015700005DD002B23DA144A002918BF134600EEBC
:10158000103A7047114911410B42FAD0DFED0D7A44
:1015900030EE270AB5EEC00AF1EE10FAEFDD002BAF
:1015A000BEBF4FF4000040FA02F29B1823EA010389
:1015B000E5E7B1F1FF4FE4D330EE000A70470023B6
:1015C000DDE700BFCAF24971000080BFFFFF7F0066
:1015D00051EC100B2DE9F041C1F30A57A7F2FF3689
:1015E000132E10EE108A0C4610EE105A35DC002E29
:1015F00017DA35A3D3E90023EEF736FF00220023E4
:10160000EFF778FB50B1002C5ADA24F0004353EA8C
:1016100008032F4B4FF0000518BF1C4621462846F3
:1016200025E02C4F374101EA070303431FD026A3CF
:10163000D3E90023EEF718FF00220023EFF75AFB4F
:101640000028EBD0002CBEBF4FF4801343FA06F6FF
:10165000A41924EA07040025E0E7332E0BDDB6F5D4
:10166000806F04D110EE102A0B46EEF7FDFE41EC20
:10167000100BBDE8F081A7F213474FF0FF3323FAB8
:1016800007F73842F3D010A3D3E90023EEF7ECFEBE
:1016900000220023EFF72EFB0028BFD0002C02DA37
:1016A000142E03D1013425EA0705B7E70123C6F15B
:1016B000340603FA06F63544A84588BFE418F2E775
:1016C00000252C46AAE700BF9C7500883CE4377EC5
:1016D0000000F0BFFFFF0F0010B52DED028BB0EE44
:1016E000408AF0EE608A044601F04CFAF8B100221C
:1016F000002351EC180BEFF7D5FAC0B9B0EE480A49
:10170000F0EE680A204600F01BF8B0EE408AF0EEDA
:10171000608A01F037FA30B10022002351EC180B37
:10172000EFF7C0FA18B101F037FA22230360B0EEE8
:10173000480AF0EE680ABDEC028B10BD0000000004
:1017400070B555EC104BC5F30A5206462B46B2B99C
:1017500025F0004323433CD00022334B294610EEB2
:10176000100AEFF737F8314A964204460D460B4609
:1017700013DA29A3D3E90023EFF72CF80AE040F2AB
:10178000FF718A420CD110EE102A2B4620462946C2
:10179000EEF76AFE04460D461BE0C1F30A52363AE4
:1017A000324440F2FE718A420BDD45EC114B9FED55
:1017B0001C0B01F0D3F91AA3D3E9002351EC100B51
:1017C000DAE7002A08DD23F0FF4323F4E00343EACD
:1017D000025545EC104B70BD12F1350F0DDA4CF28D
:1017E00050339E4245EC114BE1DC9FED0B0B01F0B9
:1017F000B5F909A3D3E90023E0E723F0FF4336322C
:1018000023F4E00343EA0255204629460022084B10
:10181000B2E700BFAFF3008059F3F8C21F6EA50115
:101820009C7500883CE4377E00005043B03CFFFFCD
:101830000000903C000000001FB551EC100B204A46
:1018400021F00043934207DC9FED1B1B002001F0B9
:10185000CBF851EC100B07E01A4A934209DD10EE69
:10186000102A0B46EEF7FEFD41EC100B05B05DF8BB
:1018700004FB684600F08CFA00F0030001289DED9F
:10188000021B9DED000B04D0022805D070B9012089
:10189000DDE700F071FCDCE7012001F0A5F853EC76
:1018A000102B10EE100A03F10041DDE700F064FC9C
:1018B000F5E700BFAFF3008000000000000000006B
:1018C000FB21E93FFFFFEF7FD0B52DED028B8AB002
:1018D000F0EE408AB0EE608A00F0B6F8264B93F93D
:1018E0000040631C35D0B4EE488AF1EE10FA30D6D1
:1018F000F4EE688AF1EE10FA2BD6B5EE408AF1EEDE
:1019000010FA26D1012300931C4B019318EE900A84
:1019100000230893EEF706FF06460F4618EE100A5E
:10192000CDE90267EEF7FEFECDE90401ACB9CDE9E1
:101930000667684601F02EF9C8B1089B1BB101F09B
:101940002BF9089B0360DDE90601EFF73BFA00EE97
:10195000100A0AB0BDEC028BD0BD00220023104655
:101960001946EFF761F8022CCDE90601E1D101F04B
:1019700013F921230360E0E7D40FFE1FB831030001
:101980002DE9F0432DED028B8BB055EC104B57EC4D
:10199000116B00F0E3F82A4BB0EE408AF0EE608A5B
:1019A00093F90080B8F1FF3F30D032463B463046D5
:1019B0003946EFF7A9F948BB22462B46204629466F
:1019C000EFF7A2F9814608BB0022002330463946D2
:1019D000EFF768F9D0B1012300931A4B0193CDE9D9
:1019E0000245CDE90467CDF82090B8F1000F16D17B
:1019F000CDE90645684601F0CDF8D8B1089B1BB18A
:101A000001F0CAF8089B03609DED068BB0EE480A12
:101A1000F0EE680A0BB0BDEC028BBDE8F08300224B
:101A2000002310461946EEF7FFFFB8F1020FCDE98B
:101A30000601DFD101F0B0F821230360DEE700BF2B
:101A4000D40FFE1FBE310300F0B510EE907A37F0D0
:101A5000004510EE102A09D022F00046B6F1FF4FE3
:101A600010EE10CA02DAB5F1FF4F0ADD07EE902A38
:101A700067EEA00AC0EEA07A17EE902A00EE102AB8
:101A8000F0BDAE42FADB02F0004405D13149E20F6D
:101A900001EB82021268F1E72F4B9E423FDC3202DB
:101AA0006FF07D00002A37DC9D423BDC2B026FF09B
:101AB0007D015B0001F1FF31FBD510F17E0FB9BF55
:101AC0006FF07D031B1ACCF3160343F40003B8BF79
:101AD00006FA03F311F17E0FB5BF6FF07D02C7F375
:101AE0001605521A45F40005B8BF9540401A5A1B16
:101AF000D8B913EA220338BF1346002BC6D0164AC2
:101B000093421ADD11F17E0F1ADBA3F50002224386
:101B10007F3142EAC152B1E701385200C2E7F01505
:101B20007F38C1E7E9157F39C7E7002A02DA5B0091
:101B30000138DCE7AAD05300FAE75B000139DFE7A0
:101B4000C1F1FF2101F57F0182310B4143EA04021B
:101B500094E700BFC4310300FFFF7F002DE9F84F79
:101B600053EC112B57EC106B23F0004C52EA0C0590
:101B700010EE109A394610EE104A11EE10EA18468F
:101B800011EE108A0CD07A4D27F0004AAA4507DCE6
:101B900055421543DFF8F0B14CEAD5755D450DD9D6
:101BA00030463946EEF716FE02460B46EEF73CFF8E
:101BB00006460F4647EC106BBDE8F88FE24507F08C
:101BC00000450ADCF6DB9642F4D306D1694AED0FF4
:101BD00002EBC505D5E90067ECE7674B9A4548DCA1
:101BE000BAF1000F3CD1654E4A46002A35DC9C45CF
:101BF00050DCBCF1000F44D1604A7346002B3DDC41
:101C00005F4B9E424BDBC1F3130343F480135C49EB
:101C10008A4258DBC0F3130040F48010B61A191A38
:101C2000002E67D1444538BF01F1FF310029A4BF20
:101C3000A4EB08040B4653EA0401C7D04E498B427B
:101C40006EDD4F498A4271DBA3F580131D4302F21A
:101C5000FF3245EA02572646ACE7013E5200C4E790
:101C6000474E4FEACA225200002A06F1FF36FADC3C
:101C7000BDE74FEA2A56A6F2FF36B8E7013A5B0005
:101C8000BCE73F4A4FEACC235B00002B02F1FF3256
:101C9000FADCB5E74FEA2C52A2F2FF32B0E79C1B08
:101CA0001F2C0ADCC4F120030AFA04FA29FA03F310
:101CB00043EA0A0309FA04F4A9E7324B9B1B09FA29
:101CC00003F30024A3E7A1EB0208B8F11F0F0ADC1D
:101CD000C8F120000CFA08FC2EFA00F040EA0C00D3
:101CE0000EFA08F89AE72748801A0EFA00F04FF02B
:101CF000000893E7444538BF01F1FF31002905DAB8
:101D0000E10F01EB43036400013E88E7A4EB080404
:101D100051EA04033FF45AAFE30F03EB4103F2E748
:101D2000E00F00EB43036400013A88E7891A1429A5
:101D30000ADCC1F1200203FA02F2CC4022430B413B
:101D400043EA0507164635E71F2907DC24FA01F2A6
:101D5000C1F120018B401A432B46F1E7C2F17F42CB
:101D600002F57F0202F57B42E23243FA02F2F3E728
:101D7000FFFFEF7FD0310300FFFF0F00EDFBFFFF00
:101D800002FCFFFFE2FBFFFF0000F07F000000000D
:101D90002DE9F04F57EC106BC34B8DB027F0004886
:101DA00098450446049707DC0022002384ED000BCD
:101DB000C0E90223002527E0BC4B984575DC049B55
:101DC000BB4D002B10EE100AA9A3D3E9002339461E
:101DD00036DDEEF747FBA84506460F4618D0A6A30A
:101DE000D3E90023EEF73EFB02460B46C4E900238D
:101DF00030463946EEF736FB9FA3D3E90023EEF7D2
:101E000031FBC4E90201012528460DB0BDE8F08F81
:101E10009BA3D3E90023EEF725FB9BA3D3E9002383
:101E200006460F46EEF71EFB02460B46C4E90023AA
:101E300030463946EEF716FB93A3D3E90023DEE7DD
:101E4000EEF712FBA84506460F4616D08AA3D3E943
:101E50000023EEF709FB02460B46C4E90023304697
:101E60003946EEF7FFFA84A3D3E90023EEF7FCFA34
:101E70004FF0FF35C4E90201C6E781A3D3E900238F
:101E8000EEF7F2FA80A3D3E9002306460F46EEF7F9
:101E9000EBFA02460B46C4E9002330463946EEF71A
:101EA000E1FA79A3D3E90023E0E7824B984500F3F8
:101EB000D08000F060FE57EC106B10EE100A74A397
:101EC000D3E900233946EEF785FC00227A4BEEF782
:101ED000CBFAEEF72FFF0546EEF712FC64A3D3E929
:101EE0000023CDE90201EEF775FC02460B463046B1
:101EF0003946EEF7B7FA60A3D3E9002382468B4652
:101F0000DDE90201EEF766FC1F2D06460F462ADCCE
:101F10006A1E6A4B53F82230984524D032463B461D
:101F200050465946EEF79EFAC4E90001D4E900890B
:101F3000504642464B465946EEF794FA3B463246E7
:101F4000EEF790FA049B002BC4E90201BFF65CAFE8
:101F500009F100436360C4F80080A06001F1004310
:101F6000E3606D4250E732463B4650465946EEF735
:101F700079FA4FEA2852C1F30A53D31A102BC4E955
:101F800000010592D2DD3EA3D3E90023DDE9020181
:101F9000EEF720FC06460F4602460B4650465946D1
:101FA000EEF760FA02460B4680468946504659468F
:101FB000EEF758FA32463B46EEF754FA32A3D3E92D
:101FC000002306460F46DDE90201EEF703FC324628
:101FD0003B46EEF747FA02460B4606460F4640469A
:101FE0004946EEF73FFA059AC1F30A53D31A312B4B
:101FF000C4E900012ADD28A3D3E90023DDE90201B9
:10200000EEF7E8FB06460F4602460B4640464946B9
:10201000EEF728FA02460B4682468B464046494672
:10202000EEF720FA32463B46EEF71CFA1CA3D3E942
:10203000002306460F46DDE90201EEF7CBFB3246F0
:102040003B46EEF70FFA06460F4667E7C246CB4619
:102050006CE71B4B984535DD10EE102A3B463046A9
:102060003946EEF7FFF9C4E90201C4E90001A1E62F
:1020700000004054FB21F93F3163621A61B4D03D46
:102080000000601A61B4D03D7370032E8A19A33B1F
:1020900083C8C96D305FE43F0000002E8A19A33B5E
:1020A000C14920259A837B39FB21E93F7BD9024036
:1020B000FB21F93FFB2139410000E03FE031030003
:1020C000FFFFEF7F4FEA2855A5F21645A8EB055113
:1020D00030460F46EEF72EFEEEF712FB02460B4699
:1020E00030463946CDE90623EEF7BCF900221F4BF6
:1020F000EEF770FB0F460646EEF71CFEEEF700FB10
:1021000002460B4630463946CDE90823EEF7AAF9D8
:102110000022164BEEF75EFBCDE90A010DF1300906
:102120004FF003080026002732463B4679E90201BA
:1021300008F1FF3AEEF7B6FDB0B90D4B019302235B
:1021400000932A464346214606A800F0FDF8049B6A
:10215000002B0546BFF658AE636803F10043636089
:10216000E36803F10043FBE6D046DDE70000704181
:1021700060320300000000002DE9F04F59EC108B95
:1021800029F0004785B0B7F1795F8DED001B07DAC4
:1021900010EE100A4946EEF7CDFD002800F0AA80A7
:1021A00042464B4640464946EEF714FB59A3D3E955
:1021B000002304460D46EEF70DFB58A3D3E9002398
:1021C000EEF752F922462B46EEF704FB55A3D3E96E
:1021D0000023EEF747F922462B46EEF7FBFA53A30E
:1021E000D3E90023EEF740F922462B46EEF7F2FA48
:1021F00050A3D3E90023EEF735F922462B46EEF73C
:10220000E9FA4EA3D3E90023EEF72EF92B46224636
:10221000EEF7E0FA3A4B9F4282468B462CDC0022D6
:10222000384B20462946EEF7D5FA524606460F4669
:102230005B4620462946EEF7CDFADDE90023044649
:102240000D4640464946EEF7C5FA02460B46204683
:102250002946EEF707F902460B4630463946EEF7B7
:1022600001F90B46284902460020EEF7FBF841EC45
:10227000100B05B0BDE8F08F244B23499F42D7BF18
:10228000A7F50013224F00221646D4BF1F46002692
:1022900032463B460020EEF7E5F80022CDE9020188
:1022A000184B20462946EEF795FA32463B46EEF7A4
:1022B000D9F8524606460F465B4620462946EEF7B9
:1022C00089FADDE9002304460D4640464946EEF70B
:1022D00081FA02460B4620462946EEF7C3F802462D
:1022E0000B4630463946EEF7BDF802460B46DDE9AF
:1022F0000201BAE700200449B9E700BFAFF300804C
:102300003233D33F0000E03F0000F03F0000E93FE0
:102310000000D23FD43888BEE9FAA8BDC4B1B4BD2C
:102320009EEE213EAD529C804F7E923E9015CB1981
:10233000A001FA3E7751C1166CC1563F4C55555518
:102340005555A53F000000002DE9F04F2DED028B03
:10235000ADF5197DD41E06930291C34BA499099043
:1023600053F821300093069B013B0493182394FB00
:10237000F3F46FF0170324EAE47404FB033303EB74
:10238000020A009B049A9FEDB48B03EB0208A59B05
:10239000A71A20AE03EB87090025454513DD9FED05
:1023A000AE8B0DF5E07B0026009B9E4232DC099B44
:1023B0000393069B9D1920AB03EBC503089359ECCF
:1023C000188B00271FE0EF4207D459F82500EEF7DD
:1023D00097F9E6E802010135DFE751EC180BF8E761
:1023E0000899039D71E902230891F5E8020103951C
:1023F000EEF7F0F902460B4640464946EEF734F850
:10240000013780468946049B9F42E9DDEBE802895B
:102410000136C9E7009B009F0CAA02EB83030B93D4
:10242000A59B03EB84030A9398AB07F1005B03EBD6
:10243000C7030BF1FF3B53E928894FEACB0308930D
:10244000089A98AB1344A3F1980B0026BB1B002BF2
:1024500077DC49EC108B5046FFF772F955EC104BC6
:1024600000224FF07F5310EE100A2946EEF7B2F922
:1024700041EC100BFFF7ACF8002251EC100B7B4B3A
:10248000EEF7A8F902460B4620462946EDF7EAFF8B
:102490000D460446EEF74EFC0390EEF731F9024686
:1024A0000B4620462946EDF7DDFFBAF1000F8046C6
:1024B00089466BDD7A1E0CABCAF1180153F8220075
:1024C000039C40FA01F31C448B40C01A0CAB0394EC
:1024D00043F82200CAF1170340FA03FBBBF1000FD7
:1024E00062DD039B00220133039314466FF07F41AA
:1024F000974200F38980BAF1000F07DDBAF1010FAE
:1025000000F09680BAF1020F00F09C80BBF1020F40
:102510004AD142464B4600205549EDF7A3FF80467D
:102520008946002C40D050469FED4D0BFFF708F92F
:102530004046494653EC102BEDF794FF8046894600
:1025400032E000224B4B40464946EEF743F9EEF7A6
:10255000F1FBEEF7D5F80022474B04460D46EEF7A7
:1025600039F902460B4640464946EDF77BFFEEF748
:10257000E1FB0CAB294643F826007BE90223204609
:10258000EDF772FF0136804689465FE706D17B1E74
:102590000CAA52F823004FEAE05B9FE70022374B7A
:1025A000EEF79EFB68BB8346002200234046494667
:1025B000EEF778FB002800F0C1807C1E2346002245
:1025C00000998B425CDA002A40F08B8001246FF086
:1025D000030202FB04F30B99CB58002B56D0089B47
:1025E00098AA1344A3F1900B069BDD1920AB03EBD3
:1025F000C505E3197E1C0393039B9E4248DD1F46DD
:1026000012E74FF0020B6CE70CAB53F822304CB9D9
:102610002BB10CA8C3F1807340F8223001230132A2
:102620001C4665E70CA8CB1A40F822302346F6E793
:102630007A1E0CAB53F82230C3F316030CA941F8F1
:10264000223063E77A1E0CAB53F82230C3F3150334
:10265000F4E700BFAFF300800000000000000000BE
:10266000000000000000F03FA833030000002040FD
:102670000000F03F0000703E000070410000E03FAD
:102680000CA951F82310013B0A4399E70134A0E754
:102690000A9B53F82600EEF733F8E5E80201099BA0
:1026A00008951C4600274FF000084FF00009049BD6
:1026B0009F4203DDEBE8028901369DE7089971E945
:1026C00002230891F4E80201EEF784F802460B4673
:1026D00040464946EDF7C8FE013780468946E6E7A1
:1026E000013C0CABAAF1180A53F82430002BF7D0A8
:1026F00050469FEDB50BFFF723F8E50098AB03EBD1
:10270000050957EC106BA9F19809A046B8F1000F24
:102710004DDA9FEDAF8B0DF5907A00230493574669
:10272000049BB4EB030976D4AB4B1E4670AB03EBB2
:10273000C9098DED068B4FF000085EE0CAF100007C
:1027400049EC108BFEF7FCFF55EC104B0022A34B1D
:1027500010EE100A2946EEF7C3FAF8B10022A04B9A
:1027600020462946EEF736F8EEF7E4FA0646EDF78E
:10277000C7FF0022994BEEF72DF80B46024629467B
:102780002046EDF76FFEEEF7D5FA7C1C0CAB0AF194
:10279000180A43F8270043F82460A9E72046294691
:1027A000EEF7C8FA0CAB3C4643F82700A0E70CABA9
:1027B00053F82800EDF7A4FF32463B46EEF70AF83F
:1027C000002269E90201864B30463946EEF702F8ED
:1027D00008F1FF3806460F4698E7F9E80223F6E8C5
:1027E0000201EDF7F7FF02460B46DDE90601EDF7C2
:1027F0003BFECDE9060108F10108009B984502DC8B
:10280000049B9845E9DD049B9DED067B0133AAEC12
:10281000027B049384E7A49B032B5DD8DFE803F0DD
:102820004B26260298AB1D44A5F59C752E46A24664
:10283000BAF1000F6EDC2E46A246BAF1010F00F38A
:102840008A8000200021012C00F3A680BBF1000F3C
:1028500040F0A880DDE94823029CC4E90023DDE9BB
:102860004A23C4E90401C4E9022335E0083548AB32
:102870001D44264600200021002E3CDABBF1000F4B
:102880003FD0024601F10043029DC5E90023024604
:102890000B46DDE94801EDF7E5FD4AAE0125AC4206
:1028A00032DABBF1000F02D001F100431946029B5E
:1028B000C3E9020110E098AB1D44A5F59C7500200A
:1028C0000021002C11DABBF1000F02D001F100430E
:1028D0001946029BC3E90001039B03F007000DF5B5
:1028E000197DBDEC028BBDE8F08F75E90223EDF791
:1028F000BBFD013CE5E775E90223EDF7B5FD013EBF
:10290000BAE702460B46BFE7F6E80223EDF7ACFD57
:102910000135C4E716ED027B56E9048953EC172B09
:10292000404649468DED007BEDF79EFDCDE9040163
:1029300002460B4640464946EDF794FDDDE900238B
:10294000EDF792FD9DED047B66E902010AF1FF3A85
:1029500006ED027B6CE716ED027B56E9048953EC29
:10296000172B404649468DED007BEDF77DFDCDE907
:10297000040102460B4640464946EDF773FDDDE98A
:102980000023EDF771FD9DED047B66E902010AF17C
:10299000FF3A06ED027B50E775E90223EDF764FD8F
:1029A000013C50E7029A3B6813607B68106103F1B9
:1029B00000435360BB689360FB6803F10043D3603E
:1029C00001F10043536187E7000000000000F03F81
:1029D00000000000000000006833030000007041A8
:1029E0000000703E000000002DE9F04F55EC104B48
:1029F00085B025F00043B3F1795F8DED001B0290A7
:102A000006DA10EE100A2946EEF794F9002851D0A4
:102A100022462B4620462946EDF7DCFE82468B46B1
:102A200002460B4620462946EDF7D4FE41A3D3E9E2
:102A300000238046894650465946EDF7CBFE3FA31A
:102A4000D3E90023EDF70EFD52465B46EDF7C2FEDB
:102A50003CA3D3E90023EDF707FD52465B46EDF7B3
:102A6000B9FE3AA3D3E90023EDF7FCFC52465B46DE
:102A7000EDF7B0FE37A3D3E90023EDF7F5FC029B99
:102A800006460F46DBB902460B4650465946EDF75F
:102A9000A1FE25A3D3E90023EDF7E4FC42464B4613
:102AA000EDF798FE02460B4620462946EDF7DCFC82
:102AB00004460D4645EC104B05B0BDE8F08F0022F2
:102AC0001B4BDDE90001EDF785FE3246CDE9020141
:102AD0003B4640464946EDF77DFE02460B46DDE9A2
:102AE0000201EDF7BFFC52465B46EDF773FEDDE9F0
:102AF0000023EDF7B7FC0CA3D3E9002306460F46ED
:102B000040464946EDF766FE02460B4630463946DA
:102B1000EDF7AAFC02460B4620462946EDF7A2FC3B
:102B2000C6E700BFAFF30080495555555555C53F21
:102B30000000E03F7CD5CF5A3AD9E53DEB9C2B8A8B
:102B4000E6E55A3E7DFEB157E31DC73ED561C1198A
:102B5000A0012A3FA6F810111111813F53EC102B50
:102B600011EE900A23F0004100F0004041EA00031A
:102B700043EC102B704753EC102B23F0004343EC35
:102B8000102B704710EE903A43F0004000F5801093
:102B9000C00F704700207047014B1868704700BF96
:102BA000D80FFE1F10B5431E0A44914200D110BD3C
:102BB00011F8014B03F8014FF7E702440346934233
:102BC00000D1704703F8011BF9E700000000000086
:102BD000000018000000001000000014FFFFFFFFBD
:102BE0000004FE1F00000020060600000000000098
:102BF0000000000000000000BD0E02000000000008
:102C0000E02B0300010032000C04FE1F0000000056
:102C1000000000001000000000000000070000009D
:102C2000040000000100000000000000010000009E
:102C30000700000004000000010000000000000088
:102C40000100000000000000000000000000000083
:102C50001000000000000000070000000400000059
:102C6000010000000000000001000000070000005B
:102C7000040000000100000000000000010000004E
:102C80000000000000000000010000001000000033
:102C90000000000007000000040000000100000028
:102CA0000000000001000000070000000400000018
:102CB0000100000000000000010000000000000012
:102CC000000000000200000048000000A086010093
:102CD000FFFF0100000000000000000000000000F5
:102CE00050000000A0860100FFFF0100000000006E
:102CF0000000000000000000A0860100100000019C
:102D0000000001FFFF0000000000000000000000C4
:102D100000000000A086010008000101010001FF81
:102D2000FF000000000000000000000000000000A4
:102D3000A086010010000001010001FFFF0000005B
:102D400000000000000000000000000080250000DE
:102D500001000001000000007530020000000000CA
:102D60000000000000000000000000000000000063
:102D700001000000A0860100010201010000000026
:102D8000A53102000000000000000000000000006B
:102D9000000000000000000002000000545F496EC7
:102DA00069740000545F676574496E31000000006B
:102DB000545F676574496E3200000000545F6765B8
:102DC00074436F6D496E0000545F436F72654170CC
:102DD00070000000545F5663754374726C0000000D
:102DE000545F43616E4F7574000000002700280097
:102DF00000B003400070024000000000000000002E
:102E000000000000000000000000000000000000C2
:102E100000000000000000000000000000000000B2
:102E200000000000000000000000000000000000A2
:102E30000000000000000000000000000000000092
:102E40000000000000000000000000000000000082
:102E50000000730032002100610049004A004B006D
:102E60004C004D003D00540055000000240025009A
:102E70002B003600310000002000000079003800EF
:102E800039003A0026006E006F00700071000000EB
:102E90003B0027005A006600670037002C002D0019
:102EA0002E0040006A006B006C00760000000000FD
:102EB00000000000000000000000000000FCAC0664
:102EC000007E5603003FAB0100FCAC06007E5603BB
:102ED000003FAB0100FCAC06007E5603003FAB0197
:102EE00000000000000000000000000000000000E2
:102EF000000000000000000000FCAC06007E56034D
:102F0000003FAB01000000000000000000000000D6
:102F100000B4C404006CDC02B0F3960100B4C40435
:102F2000006CDC02B0F3960100B4C404006CDC0257
:102F3000B0F3960100000000000000000000000057
:102F400000000000000000000000000000B4C40405
:102F5000005A6202B0F39601000000000000000079
:102F60000000000000093D0000093D0040420F0044
:102F700000093D0000093D0040420F0000093D00EE
:102F800000093D0040420F0000000000000000006A
:102F90000000000000000000000000000000000031
:102FA00000093D0000093D0040420F000000000004
:102FB0000000000000000000000000000000000011
:102FC00000000000000000000000000000000041C0
:102FD000414141410000000000202020202020200D
:102FE00020202020200040404040400080005648E3
:102FF0004848484848484800303030303030303059
:103000003036303030200000004002400050024096
:1030100000B002404E0055005C0000004F0056001A
:103020005D000000510058005F0052005900600030
:10303000500080FF80FF0000000102030405060726
:1030400008090909090A0A0A0A0B0B0B0B0C0C0CDC
:103050000C0D0D0D0D0D0D0D0D0E0E0E0E0E0E0E9A
:103060000E0E0E0E0E0E0E0E0E0F0F0F0F0F0F0F79
:103070000F0F0F0F0F0F0F0F0F0000000080034006
:103080000090034000A003400060024000E00640C2
:1030900000F00640000007400010074015431644AA
:1030A0001745184619471A481B491C4A68006E0004
:1030B00074007A00800086008C0092000060064058
:1030C000007006404F5000002D2C090818001D000C
:1030D00001000000020000000400000008000000E1
:1030E00010000000200000004000000080000000F0
:1030F00000A0064000B0064000C0064056575800E9
:103100001F00210023000000006003400010034066
:103110003D3E000034004400383C000049444C452A
:1031200000000000546D725100000000546D7220C8
:103130005376630000000000000000000000000063
:10314000000000000000F03F000000000000F03F21
:1031500000000000000000005555555555D554405D
:103160000000000000000000EC51B81E85EBE93FB4
:10317000F4018C3C53000000000000000000003C03
:103180008C0053005D000000090000005D00090094
:103190000000000202010100000000538C5D0900E4
:1031A0000000000000000000000000000000F03FF0
:1031B000FC00D00700000000666D6F646600666D5D
:1031C0006F640000000000000000008000000000AC
:1031D000000000000000000000000000000000806F
:1031E000FB21F93FFB2109407CD91240FB2119400A
:1031F0007A6A1F407CD92240BBFD2540FB21294033
:103200003A462C407A6A2F405C4731407CD93240A4
:103210009C6B3440BBFD3540DB8F3740FB21394090
:103220001BB43A403A463C405AD83D407A6A3F4047
:103230004C7E40405C4741406C1042407CD942404B
:103240008CA243409C6B4440AC344540BBFD4540A0
:10325000CBC64640DB8F4740EB584840FB214940F6
:1032600083F9A200444E6E00FC291500D1572700B7
:10327000DD34F50062DBC0003C99950041904300CD
:103280006351FE00BBDEAB00B761C5003A6E24009F
:10329000D24D42004906E00009EA2E001C92D100FE
:1032A000EB1DFE0029B11C00E83EA700F5358200A9
:1032B00044BB2E009CE98400B4267000417E5F0070
:1032C000D6913900538339009CF439008B5F840018
:1032D00028F9BD00F81F3B00DEFF97000F9805009E
:1032E000112FEF000A5A8B006D1F6D00CF7E360044
:1032F00009CB2700464FB7009E663F002DEA5F00CE
:10330000BA277500E5EBC7003D7BF100F7390700F0
:1033100092528A00FB6BEA001FB15F00085D8D00CE
:10332000300356007BFC4600F0AB6B0020BCCF00A6
:1033300036F49A00E3A91D005E619100081BE600C7
:1033400085996500A0145F008D40680080D8FF005B
:1033500027734D0006063100CA561500C9A8730030
:103360007BE260006B8CC00000000040FB21F93F55
:10337000000000002D44743E000000809846F83C98
:103380000000006051CC783B00000080831BF039C6
:103390000000004020257A38000000802282E336B9
:1033A000000000001DF3693502000000030000006A
:1033B0000400000006000000000000000000000003
:1033C00000000000000000000000000000000000FD
:1033D00000000000000000000000000000000000ED
:1033E00000000000000000000000000000000000DD
:1033F00000000000000000000000000000000000CD
:1034000000000000000000000000000000000000BC
:103410000000000000000000F8B500BFF8B500BFD4
:083420005FF800F03D10FE1FF3
:103428002B002C002D002E002F002A000001000088
:10343800010000000101010100010000010100007C
:103448000100010000127A000001000301010000E0
:103458000001000000000C00010100000100000054
:103468000000000001000000030101010003030047
:103478000102030100060001010000000100000133
:103488000100000001000000000000000000000032
:10349800000000000101010101010101000000001C
:1034A8001F0000009004FE1F010100001404FE1F0D
:1034B8004C010200004D010200002F0100000042F3
:1034C8000103000030010000003A010000003B0148
:1034D8000000003C010000004E0102000043010210
:1034E80000004401020000450102000046010200FC
:1034F80000470102000048010200004901020000E3
:103508004A010200004F010200005001020000526F
:10351800010200005301020000540102000056019C
:10352800020000570102000058010200003D01009E
:1035380000003101000000320100000033010000EA
:103548000034010000003501000000000000000008
:103558000100000000D0044010000000000000013D
:103568000000000000F10F400000000000D00440FF
:103578000F000000000000010000000000F10F40F3
:103588000000000000C0044001000000000000012D
:1035980000000000C0F00F400100000000C004401F
:1035A800000000000000000100000000C0F00F4013
:1035B8000100000000D004400B00000000000001E2
:1035C8000000000000F10F400000000000D004409F
:1035D8000A000000000000010000000000F10F4098
:1035E8000000000000D004400D00000000000001B1
:1035F8000000000000F10F400000000000D004406F
:1036080005000000000000050000000000000000A8
:103618000000000000D00440040000000000000585
:1036280000000000000000000000000000D004407E
:103638000E000000000000010000000000F10F4033
:103648000000000000D004400C0000000000000151
:103658000000000000F10F400000000000C004401E
:10366800110000000000000100000000C0F00F4041
:103678000000000000D00440090000000000000124
:103688000000000000F10F4000000000009004401E
:103698001F00000000000002000000000000000001
:1036A8000000000000C004400E00000000000001FF
:1036B80000000000C0F00F400000000000C00440FF
:1036C8000D0000000000000100000000C0F00F40E5
:1036D8000100000000A004401400000000000001E8
:1036E8000000000040F00F400000000000A004406F
:1036F80015000000000000010000000040F00F402D
:103708000000000000D00440080000000000000194
:103718000000000000F10F400000000000A004407D
:103728000500000000000007000000000000000085
:103738000000000000A00440040000000000000594
:1037480000000000000000000000000000B004407D
:1037580003000000000000010000000080F00F409E
:103768000000000000B00440020000000000000556
:1037780000000000000000000000000000C004403D
:103788000700000000000005000000000000000025
:103798000000000000C00440060000000000000215
:1037A80000000000000000000000000000C004400D
:1037B8000C000000000000050000000000000000F0
:1037C8000000000000C004400B00000000000005DD
:1037D80000000000000000000000000000B00440ED
:1037E80001000000000000040000000000000000CC
:1037F8000000000000B004400000000000000005C8
:1038080000000000000000000000000000C00440AC
:103818000900000000000002000000000000000095
:103828000000000000C00440080000000000000282
:1038380000000000000000000000000000B004408C
:10384800110000000000000500000000000000005A
:103858000000000000B0044010000000000000015B
:103868000000000080F00F400100000000A00440AC
:103878001600000000000002000000000000000028
:103888000000000000B004400F000000000000012C
:103898000000000080F00F400100000000A004407C
:1038A80017000000000000010000000040F00F4079
:1038B8000000000000A004401900000000000005FE
:1038C80000000000000000000000000000A004400C
:1038D8001B000000000000050000000000000000C0
:1038E8000000000000A004401C00000000000005CB
:1038F80000000000000000000000000000A00440DC
:1039080002000000000000010000000040F00F402D
:103918000100000000A004401D0000000000000598
:1039280000000000000000000000000000B004409B
:103938000D000000000000010000000080F00F40B2
:103948000100000000B004400C000000000000016D
:103958000000000080F00F400100000000B00440AB
:103968001300000000000005000000000000000037
:103978000000000000A00440010000000000000258
:1039880000000000000000000000000000A004404B
:10399800000000000000000200000000000000001D
:1039A8000000000000900440070000000000000133
:1039B8000000000000F00F400000000000900440EC
:1039C80006000000000000010000000000F00F40A9
:1039D8000000000000C004401200000000000001C8
:1039E80000000000C0F00F400100000000C00440CB
:1039F800130000000000000100000000C0F00F40AC
:103A08000100000000A004401100000000000001B7
:103A18000000000040F00F400100000000A004403A
:103A2800100000000000000300000000000000007B
:103A38000000000000A004400F0000000000000388
:103A480000000000000000000000000000A004408A
:103A58000E0000000000000300000000000000004D
:103A68000000000000A004400D0000000000000459
:103A780000000000000000000000000000A004405A
:103A88000C0000000000000400000000000000001E
:103A98000000000000C00440160000000000000103
:103AA80000000000C0F00F400100000000C004400A
:103AB800040000000000000100000000C0F00F40FA
:103AC8000100000000C004400300000000000001E5
:103AD80000000000C0F00F400100000000C00440DA
:103AE800020000000000000100000000C0F00F40CC
:103AF8000100000000C004401700000000000001A1
:103B080000000000C0F00F400100000000900440D9
:103B18000300000000000003000000000000000097
:103B280000000000009004400200000000000003B4
:103B380000000000000000000000000000C0044079
:103B4800180000000000000100000000C0F00F4055
:103B58000100000000A004400B000000000000016C
:103B68000000000040F00F400000000000A00440EA
:103B78000A000000000000010000000040F00F40B3
:103B88000100000000A0044009000000000000013E
:103B98000000000040F00F400100000000C0044099
:103BA8001B0000000000000100000000C0F00F40F2
:103BB8000100000000A0044008000000000000010F
:103BC8000000000040F00F400100000000C0044069
:103BD8001C0000000000000100000000C0F00F40C1
:103BE80000000000009004400100000000000001F7
:103BF8000000000000F00F400000000000C004407A
:103C08001D0000000000000100000000C0F00F408F
:103C180001000000009004400000000000000001C6
:103C28000000000000F00F400000000000C0044049
:103C38001E0000000000000100000000C0F00F405E
:103C48000100000000B0044007000000000000026E
:103C580000000000000000000000000000B0044068
:103C68000600000000000002000000000000000044
:103C78000000000000900440100000000000000256
:103C88000000000000000000000000000090044058
:103C98000F0000000000000200000000000000000B
:103CA8000000000000D004400600000000000002F0
:103CB80000000000000000000000000000D00440E8
:103CC80002000000000000020000000000000000E8
:103CD8000000000000D004401300000000000001B4
:103CE8000000000000F10F400000000000D0044078
:103CF80014000000000000010000000000F10F4067
:103D08000000000000D00440150000000000000181
:103D18000000000000F10F400000000000D0044047
:103D280016000000000000010000000000F10F4034
:103D380000000000009004400D0000000000000397
:103D480000000000000000000000000000D0044057
:103D580017000000000000010000000000F10F4003
:103D68000000000000D0044018000000000000011E
:103D78000000000000F10F400000000000D00440E7
:103D880019000000000000010000000000F10F40D1
:103D980000000000009004400C0000000000000338
:103DA80000000000000000000000000000D00440F7
:103DB80001000000000000020000000000000000F8
:103DC8000000000000D004400000000000000002D5
:103DD8000000000000000000000000000090044007
:103DE80009000000000000040000000000000000BE
:103DF80000000000009004400800000000000004DB
:103E080000000000000000000000000002000000A8
:103E1800C0120000000000000000000000000000C8
:103E28002C0EFE1F03000000C0120000000000005E
:103E380000000000000000002C0EFE1FEC0DFE1F0D
:103E48000200000000000000010000000100010065
:103E580006000000C0120000000000000000000082
:103E680000000000580EFE1F300EFE1F010000006B
:103E78000000000005000000010001000000000033
:103E88000100000000000000020000000200000025
:103E98003637383900000000000008010000000033
:103EA80000000800000000000000080100000000F9
:103EB80000000800000000000000080100000000E9
:103EC80000000800000000000000080100000000D9
:103ED80000000800000000000000080100000000C9
:103EE80000000800000000000000080100000000B9
:103EF80000000800000000000000080000000000AA
:103F08004C010200004D010200002D010000002EAE
:103F1800010000002F0100000042010200003001F2
:103F28000000003A010000003B010000003C0100D5
:103F380000004E01020000400100000043010200A1
:103F48000044010200004501020000460102000091
:103F58004701020000480102000049010200004A2E
:103F6800010200004F01020000500102000051014F
:103F78000200005201020000530102000054010235
:103F8800000055010200005601020000570102001E
:103F98000058010200003D010000003E0100000041
:103FA800310100000032010000003301000000343C
:103FB8000100000035010000005901000000360131
:103FC8000000003701000000380100000000000078
:103FD80000C0024000D0024000E002401A001B006E
:103FE8001C000000B1AD0200BBAD0200C5AD02006F
:103FF800AAAAAAAA01000000DC0FFE1F0000000008
:10400800D8330300F8330300B8330300000000007E
:104018000000000000000000000000000000000098
:104028000000000000000000000000000000000088
:104038000000000000000000000000000000000078
:104048000000000000000000000000000000000068
:0C4058000000000000000000000000005C
:1040640038B505460B4A137843F0800313701446A1
:10407400237813F0800F05D1AB69B3F1FF3FF7D07C
:104084009847F5E7034B1B7813F0710F14BF012019
:08409400002038BD00000240CD
:020000020000FC
:020000042001D9
:04EFF000000000001D
:0400000320000411C4
:00000001FF
