solid CATIA STL
  facet normal  0.000000e+00  -0.000000e+00  1.000000e+00
    outer loop
      vertex -4.051054e+01  3.936948e+01  0.000000e+00
      vertex -3.968439e+01  3.955264e+01  0.000000e+00
      vertex -3.200000e+01  4.240000e+01  0.000000e+00
    endloop
  endfacet
  facet normal  0.000000e+00  -0.000000e+00  1.000000e+00
    outer loop
      vertex -3.968439e+01  3.955264e+01  0.000000e+00
      vertex -3.884541e+01  3.966309e+01  0.000000e+00
      vertex -3.200000e+01  4.240000e+01  0.000000e+00
    endloop
  endfacet
  facet normal  0.000000e+00  0.000000e+00  1.000000e+00
    outer loop
      vertex -4.766309e+01  3.084541e+01  0.000000e+00
      vertex -4.755264e+01  3.168439e+01  0.000000e+00
      vertex -5.400000e+01  2.600000e+00  0.000000e+00
    endloop
  endfacet
  facet normal  0.000000e+00  0.000000e+00  1.000000e+00
    outer loop
      vertex  4.051054e+01  3.936948e+01  0.000000e+00
      vertex  3.200000e+01  4.240000e+01  0.000000e+00
      vertex  3.968439e+01  3.955264e+01  0.000000e+00
    endloop
  endfacet
  facet normal  0.000000e+00  0.000000e+00  1.000000e+00
    outer loop
      vertex  3.968439e+01  3.955264e+01  0.000000e+00
      vertex  3.200000e+01  4.240000e+01  0.000000e+00
      vertex  3.884541e+01  3.966309e+01  0.000000e+00
    endloop
  endfacet
  facet normal  0.000000e+00  0.000000e+00  1.000000e+00
    outer loop
      vertex  3.800000e+01  3.970000e+01  0.000000e+00
      vertex  3.884541e+01  3.966309e+01  0.000000e+00
      vertex  3.200000e+01  4.240000e+01  0.000000e+00
    endloop
  endfacet
  facet normal  0.000000e+00  0.000000e+00  1.000000e+00
    outer loop
      vertex  5.400000e+01  2.600000e+00  0.000000e+00
      vertex  4.755264e+01  3.168439e+01  0.000000e+00
      vertex  4.766309e+01  3.084541e+01  0.000000e+00
    endloop
  endfacet
  facet normal  -0.000000e+00  0.000000e+00  1.000000e+00
    outer loop
      vertex  3.800000e+01 -3.970000e+01  0.000000e+00
      vertex -3.800000e+01 -3.970000e+01  0.000000e+00
      vertex  3.200000e+01 -4.240000e+01  0.000000e+00
    endloop
  endfacet
  facet normal  -0.000000e+00  0.000000e+00  1.000000e+00
    outer loop
      vertex  3.800000e+01 -3.970000e+01  0.000000e+00
      vertex  3.200000e+01 -4.240000e+01  0.000000e+00
      vertex  3.245148e+01 -4.243950e+01  0.000000e+00
    endloop
  endfacet
  facet normal  -0.000000e+00  0.000000e+00  1.000000e+00
    outer loop
      vertex  3.800000e+01 -3.970000e+01  0.000000e+00
      vertex  3.245148e+01 -4.243950e+01  0.000000e+00
      vertex  3.288925e+01 -4.255680e+01  0.000000e+00
    endloop
  endfacet
  facet normal  -0.000000e+00  0.000000e+00  1.000000e+00
    outer loop
      vertex  3.800000e+01 -3.970000e+01  0.000000e+00
      vertex  3.288925e+01 -4.255680e+01  0.000000e+00
      vertex  3.330000e+01 -4.274833e+01  0.000000e+00
    endloop
  endfacet
  facet normal  -0.000000e+00  0.000000e+00  1.000000e+00
    outer loop
      vertex  3.800000e+01 -3.970000e+01  0.000000e+00
      vertex  3.330000e+01 -4.274833e+01  0.000000e+00
      vertex  3.367125e+01 -4.300829e+01  0.000000e+00
    endloop
  endfacet
  facet normal  -0.000000e+00  0.000000e+00  1.000000e+00
    outer loop
      vertex  3.800000e+01 -3.970000e+01  0.000000e+00
      vertex  3.367125e+01 -4.300829e+01  0.000000e+00
      vertex  3.399171e+01 -4.332875e+01  0.000000e+00
    endloop
  endfacet
  facet normal  -0.000000e+00  0.000000e+00  1.000000e+00
    outer loop
      vertex  3.800000e+01 -3.970000e+01  0.000000e+00
      vertex  3.399171e+01 -4.332875e+01  0.000000e+00
      vertex  3.425167e+01 -4.370000e+01  0.000000e+00
    endloop
  endfacet
  facet normal  -0.000000e+00  0.000000e+00  1.000000e+00
    outer loop
      vertex  3.800000e+01 -3.970000e+01  0.000000e+00
      vertex  3.425167e+01 -4.370000e+01  0.000000e+00
      vertex  3.444320e+01 -4.411075e+01  0.000000e+00
    endloop
  endfacet
  facet normal  -0.000000e+00  0.000000e+00  1.000000e+00
    outer loop
      vertex  3.800000e+01 -3.970000e+01  0.000000e+00
      vertex  3.444320e+01 -4.411075e+01  0.000000e+00
      vertex  3.456050e+01 -4.454852e+01  0.000000e+00
    endloop
  endfacet
  facet normal  -0.000000e+00  0.000000e+00  1.000000e+00
    outer loop
      vertex  3.800000e+01 -3.970000e+01  0.000000e+00
      vertex  3.456050e+01 -4.454852e+01  0.000000e+00
      vertex  3.460000e+01 -4.500000e+01  0.000000e+00
    endloop
  endfacet
  facet normal  -0.000000e+00  0.000000e+00  1.000000e+00
    outer loop
      vertex  3.800000e+01 -3.970000e+01  0.000000e+00
      vertex  3.460000e+01 -4.500000e+01  0.000000e+00
      vertex  3.456050e+01 -4.545148e+01  0.000000e+00
    endloop
  endfacet
  facet normal  -0.000000e+00  0.000000e+00  9.999999e-01
    outer loop
      vertex  3.800000e+01 -3.970000e+01  0.000000e+00
      vertex  3.456050e+01 -4.545148e+01  0.000000e+00
      vertex  3.444320e+01 -4.588925e+01  0.000000e+00
    endloop
  endfacet
  facet normal  0.000000e+00  0.000000e+00  1.000000e+00
    outer loop
      vertex -3.800000e+01  3.970000e+01  0.000000e+00
      vertex  3.800000e+01  3.970000e+01  0.000000e+00
      vertex  3.200000e+01  4.240000e+01  0.000000e+00
    endloop
  endfacet
  facet normal  0.000000e+00  0.000000e+00  1.000000e+00
    outer loop
      vertex -3.800000e+01  3.970000e+01  0.000000e+00
      vertex  3.200000e+01  4.240000e+01  0.000000e+00
      vertex -4.776122e-16  4.240000e+01  0.000000e+00
    endloop
  endfacet
  facet normal  0.000000e+00  0.000000e+00  1.000000e+00
    outer loop
      vertex -3.800000e+01  3.970000e+01  0.000000e+00
      vertex -4.776122e-16  4.240000e+01  0.000000e+00
      vertex -3.200000e+01  4.240000e+01  0.000000e+00
    endloop
  endfacet
  facet normal  0.000000e+00  0.000000e+00  1.000000e+00
    outer loop
      vertex -3.800000e+01  3.970000e+01  0.000000e+00
      vertex -3.200000e+01  4.240000e+01  0.000000e+00
      vertex -3.884541e+01  3.966309e+01  0.000000e+00
    endloop
  endfacet
  facet normal  0.000000e+00  0.000000e+00  1.000000e+00
    outer loop
      vertex -5.000000e+01 -5.000000e+01  0.000000e+00
      vertex  5.000000e+01 -5.000000e+01  0.000000e+00
      vertex  3.200000e+01 -4.760000e+01  0.000000e+00
    endloop
  endfacet
  facet normal  0.000000e+00  0.000000e+00  9.999999e-01
    outer loop
      vertex -5.000000e+01 -5.000000e+01  0.000000e+00
      vertex  3.200000e+01 -4.760000e+01  0.000000e+00
      vertex -4.776122e-16 -4.760000e+01  0.000000e+00
    endloop
  endfacet
  facet normal  0.000000e+00  0.000000e+00  9.999999e-01
    outer loop
      vertex -5.000000e+01 -5.000000e+01  0.000000e+00
      vertex -4.776122e-16 -4.760000e+01  0.000000e+00
      vertex -3.200000e+01 -4.760000e+01  0.000000e+00
    endloop
  endfacet
  facet normal  0.000000e+00  0.000000e+00  1.000000e+00
    outer loop
      vertex -5.000000e+01 -5.000000e+01  0.000000e+00
      vertex -3.200000e+01 -4.760000e+01  0.000000e+00
      vertex -3.245148e+01 -4.756050e+01  0.000000e+00
    endloop
  endfacet
  facet normal  0.000000e+00  0.000000e+00  9.999999e-01
    outer loop
      vertex -5.000000e+01 -5.000000e+01  0.000000e+00
      vertex -3.245148e+01 -4.756050e+01  0.000000e+00
      vertex -3.288925e+01 -4.744320e+01  0.000000e+00
    endloop
  endfacet
  facet normal  0.000000e+00  0.000000e+00  1.000000e+00
    outer loop
      vertex -5.000000e+01 -5.000000e+01  0.000000e+00
      vertex -3.288925e+01 -4.744320e+01  0.000000e+00
      vertex -3.330000e+01 -4.725167e+01  0.000000e+00
    endloop
  endfacet
  facet normal  0.000000e+00  0.000000e+00  1.000000e+00
    outer loop
      vertex -5.000000e+01 -5.000000e+01  0.000000e+00
      vertex -3.330000e+01 -4.725167e+01  0.000000e+00
      vertex -3.367125e+01 -4.699171e+01  0.000000e+00
    endloop
  endfacet
  facet normal  0.000000e+00  0.000000e+00  1.000000e+00
    outer loop
      vertex -5.000000e+01 -5.000000e+01  0.000000e+00
      vertex -3.367125e+01 -4.699171e+01  0.000000e+00
      vertex -3.399171e+01 -4.667125e+01  0.000000e+00
    endloop
  endfacet
  facet normal  0.000000e+00  0.000000e+00  1.000000e+00
    outer loop
      vertex -5.000000e+01 -5.000000e+01  0.000000e+00
      vertex -3.399171e+01 -4.667125e+01  0.000000e+00
      vertex -3.425167e+01 -4.630000e+01  0.000000e+00
    endloop
  endfacet
  facet normal  0.000000e+00  0.000000e+00  1.000000e+00
    outer loop
      vertex -5.000000e+01 -5.000000e+01  0.000000e+00
      vertex -3.425167e+01 -4.630000e+01  0.000000e+00
      vertex -3.444320e+01 -4.588925e+01  0.000000e+00
    endloop
  endfacet
  facet normal  0.000000e+00  0.000000e+00  1.000000e+00
    outer loop
      vertex -5.000000e+01 -5.000000e+01  0.000000e+00
      vertex -3.444320e+01 -4.588925e+01  0.000000e+00
      vertex -3.456050e+01 -4.545148e+01  0.000000e+00
    endloop
  endfacet
  facet normal  0.000000e+00  0.000000e+00  1.000000e+00
    outer loop
      vertex -5.000000e+01 -5.000000e+01  0.000000e+00
      vertex -3.456050e+01 -4.545148e+01  0.000000e+00
      vertex -3.460000e+01 -4.500000e+01  0.000000e+00
    endloop
  endfacet
  facet normal  0.000000e+00  0.000000e+00  1.000000e+00
    outer loop
      vertex -5.000000e+01 -5.000000e+01  0.000000e+00
      vertex -3.460000e+01 -4.500000e+01  0.000000e+00
      vertex -3.800000e+01 -3.970000e+01  0.000000e+00
    endloop
  endfacet
  facet normal  0.000000e+00  0.000000e+00  1.000000e+00
    outer loop
      vertex -5.000000e+01 -5.000000e+01  0.000000e+00
      vertex -3.800000e+01 -3.970000e+01  0.000000e+00
      vertex -3.884541e+01 -3.966309e+01  0.000000e+00
    endloop
  endfacet
  facet normal  0.000000e+00  0.000000e+00  1.000000e+00
    outer loop
      vertex -5.000000e+01 -5.000000e+01  0.000000e+00
      vertex -3.884541e+01 -3.966309e+01  0.000000e+00
      vertex -3.968439e+01 -3.955264e+01  0.000000e+00
    endloop
  endfacet
  facet normal  0.000000e+00  0.000000e+00  1.000000e+00
    outer loop
      vertex -5.000000e+01 -5.000000e+01  0.000000e+00
      vertex -3.968439e+01 -3.955264e+01  0.000000e+00
      vertex -4.051054e+01 -3.936948e+01  0.000000e+00
    endloop
  endfacet
  facet normal  0.000000e+00  0.000000e+00  1.000000e+00
    outer loop
      vertex -5.000000e+01 -5.000000e+01  0.000000e+00
      vertex -4.051054e+01 -3.936948e+01  0.000000e+00
      vertex -4.131760e+01 -3.911502e+01  0.000000e+00
    endloop
  endfacet
  facet normal  0.000000e+00  0.000000e+00  1.000000e+00
    outer loop
      vertex -5.000000e+01 -5.000000e+01  0.000000e+00
      vertex -4.131760e+01 -3.911502e+01  0.000000e+00
      vertex -4.209940e+01 -3.879119e+01  0.000000e+00
    endloop
  endfacet
  facet normal  0.000000e+00  0.000000e+00  1.000000e+00
    outer loop
      vertex -5.000000e+01 -5.000000e+01  0.000000e+00
      vertex -4.209940e+01 -3.879119e+01  0.000000e+00
      vertex -4.285000e+01 -3.840045e+01  0.000000e+00
    endloop
  endfacet
  facet normal  0.000000e+00  0.000000e+00  9.999999e-01
    outer loop
      vertex -5.000000e+01 -5.000000e+01  0.000000e+00
      vertex -4.285000e+01 -3.840045e+01  0.000000e+00
      vertex -4.356369e+01 -3.794577e+01  0.000000e+00
    endloop
  endfacet
  facet normal  0.000000e+00  0.000000e+00  9.999999e-01
    outer loop
      vertex -5.000000e+01 -5.000000e+01  0.000000e+00
      vertex -4.356369e+01 -3.794577e+01  0.000000e+00
      vertex -4.423504e+01 -3.743063e+01  0.000000e+00
    endloop
  endfacet
  facet normal  0.000000e+00  0.000000e+00  1.000000e+00
    outer loop
      vertex -5.000000e+01 -5.000000e+01  0.000000e+00
      vertex -4.423504e+01 -3.743063e+01  0.000000e+00
      vertex -4.485894e+01 -3.685894e+01  0.000000e+00
    endloop
  endfacet
  facet normal  0.000000e+00  0.000000e+00  9.999999e-01
    outer loop
      vertex -5.000000e+01 -5.000000e+01  0.000000e+00
      vertex -4.485894e+01 -3.685894e+01  0.000000e+00
      vertex -4.543063e+01 -3.623504e+01  0.000000e+00
    endloop
  endfacet
  facet normal  0.000000e+00  0.000000e+00  9.999999e-01
    outer loop
      vertex -5.000000e+01 -5.000000e+01  0.000000e+00
      vertex -4.543063e+01 -3.623504e+01  0.000000e+00
      vertex -4.594577e+01 -3.556369e+01  0.000000e+00
    endloop
  endfacet
  facet normal  0.000000e+00  0.000000e+00  1.000000e+00
    outer loop
      vertex -5.000000e+01 -5.000000e+01  0.000000e+00
      vertex -4.594577e+01 -3.556369e+01  0.000000e+00
      vertex -4.640045e+01 -3.485000e+01  0.000000e+00
    endloop
  endfacet
  facet normal  0.000000e+00  0.000000e+00  1.000000e+00
    outer loop
      vertex -5.000000e+01 -5.000000e+01  0.000000e+00
      vertex -4.640045e+01 -3.485000e+01  0.000000e+00
      vertex -4.679119e+01 -3.409940e+01  0.000000e+00
    endloop
  endfacet
  facet normal  0.000000e+00  0.000000e+00  1.000000e+00
    outer loop
      vertex -5.000000e+01 -5.000000e+01  0.000000e+00
      vertex -4.679119e+01 -3.409940e+01  0.000000e+00
      vertex -4.711502e+01 -3.331760e+01  0.000000e+00
    endloop
  endfacet
  facet normal  0.000000e+00  0.000000e+00  1.000000e+00
    outer loop
      vertex -5.000000e+01 -5.000000e+01  0.000000e+00
      vertex -4.711502e+01 -3.331760e+01  0.000000e+00
      vertex -4.736948e+01 -3.251054e+01  0.000000e+00
    endloop
  endfacet
  facet normal  0.000000e+00  0.000000e+00  1.000000e+00
    outer loop
      vertex -5.000000e+01 -5.000000e+01  0.000000e+00
      vertex -4.736948e+01 -3.251054e+01  0.000000e+00
      vertex -4.755264e+01 -3.168439e+01  0.000000e+00
    endloop
  endfacet
  facet normal  0.000000e+00  0.000000e+00  1.000000e+00
    outer loop
      vertex -5.000000e+01 -5.000000e+01  0.000000e+00
      vertex -4.755264e+01 -3.168439e+01  0.000000e+00
      vertex -4.766309e+01 -3.084541e+01  0.000000e+00
    endloop
  endfacet
  facet normal  0.000000e+00  0.000000e+00  1.000000e+00
    outer loop
      vertex -5.000000e+01 -5.000000e+01  0.000000e+00
      vertex -4.766309e+01 -3.084541e+01  0.000000e+00
      vertex -4.770000e+01 -3.000000e+01  0.000000e+00
    endloop
  endfacet
  facet normal  0.000000e+00  0.000000e+00  1.000000e+00
    outer loop
      vertex -5.000000e+01 -5.000000e+01  0.000000e+00
      vertex -4.770000e+01 -3.000000e+01  0.000000e+00
      vertex -5.400000e+01 -2.600000e+00  0.000000e+00
    endloop
  endfacet
  facet normal  -0.000000e+00  -0.000000e+00  1.000000e+00
    outer loop
      vertex -6.000000e+01 -4.000000e+01  0.000000e+00
      vertex -5.996195e+01 -4.087156e+01  0.000000e+00
      vertex -5.984808e+01 -4.173648e+01  0.000000e+00
    endloop
  endfacet
  facet normal  -0.000000e+00  -0.000000e+00  1.000000e+00
    outer loop
      vertex -6.000000e+01 -4.000000e+01  0.000000e+00
      vertex -5.984808e+01 -4.173648e+01  0.000000e+00
      vertex -5.965926e+01 -4.258819e+01  0.000000e+00
    endloop
  endfacet
  facet normal  -0.000000e+00  -0.000000e+00  1.000000e+00
    outer loop
      vertex -6.000000e+01 -4.000000e+01  0.000000e+00
      vertex -5.965926e+01 -4.258819e+01  0.000000e+00
      vertex -5.939693e+01 -4.342020e+01  0.000000e+00
    endloop
  endfacet
  facet normal  -0.000000e+00  -0.000000e+00  1.000000e+00
    outer loop
      vertex -6.000000e+01 -4.000000e+01  0.000000e+00
      vertex -5.939693e+01 -4.342020e+01  0.000000e+00
      vertex -5.906308e+01 -4.422618e+01  0.000000e+00
    endloop
  endfacet
  facet normal  -0.000000e+00  -0.000000e+00  1.000000e+00
    outer loop
      vertex -6.000000e+01 -4.000000e+01  0.000000e+00
      vertex -5.906308e+01 -4.422618e+01  0.000000e+00
      vertex -5.866026e+01 -4.500000e+01  0.000000e+00
    endloop
  endfacet
  facet normal  -0.000000e+00  -0.000000e+00  1.000000e+00
    outer loop
      vertex -6.000000e+01 -4.000000e+01  0.000000e+00
      vertex -5.866026e+01 -4.500000e+01  0.000000e+00
      vertex -5.819152e+01 -4.573576e+01  0.000000e+00
    endloop
  endfacet
  facet normal  -0.000000e+00  -0.000000e+00  9.999999e-01
    outer loop
      vertex -6.000000e+01 -4.000000e+01  0.000000e+00
      vertex -5.819152e+01 -4.573576e+01  0.000000e+00
      vertex -5.766045e+01 -4.642788e+01  0.000000e+00
    endloop
  endfacet
  facet normal  -0.000000e+00  -0.000000e+00  1.000000e+00
    outer loop
      vertex -6.000000e+01 -4.000000e+01  0.000000e+00
      vertex -5.766045e+01 -4.642788e+01  0.000000e+00
      vertex -5.707107e+01 -4.707107e+01  0.000000e+00
    endloop
  endfacet
  facet normal  -0.000000e+00  -0.000000e+00  1.000000e+00
    outer loop
      vertex -6.000000e+01 -4.000000e+01  0.000000e+00
      vertex -5.707107e+01 -4.707107e+01  0.000000e+00
      vertex -5.642788e+01 -4.766045e+01  0.000000e+00
    endloop
  endfacet
  facet normal  -0.000000e+00  -0.000000e+00  1.000000e+00
    outer loop
      vertex -6.000000e+01 -4.000000e+01  0.000000e+00
      vertex -5.642788e+01 -4.766045e+01  0.000000e+00
      vertex -5.573576e+01 -4.819152e+01  0.000000e+00
    endloop
  endfacet
  facet normal  -0.000000e+00  -0.000000e+00  1.000000e+00
    outer loop
      vertex -6.000000e+01 -4.000000e+01  0.000000e+00
      vertex -5.573576e+01 -4.819152e+01  0.000000e+00
      vertex -5.500000e+01 -4.866026e+01  0.000000e+00
    endloop
  endfacet
  facet normal  -0.000000e+00  -0.000000e+00  1.000000e+00
    outer loop
      vertex -6.000000e+01 -4.000000e+01  0.000000e+00
      vertex -5.500000e+01 -4.866026e+01  0.000000e+00
      vertex -5.422618e+01 -4.906308e+01  0.000000e+00
    endloop
  endfacet
  facet normal  -0.000000e+00  -0.000000e+00  1.000000e+00
    outer loop
      vertex -6.000000e+01 -4.000000e+01  0.000000e+00
      vertex -5.422618e+01 -4.906308e+01  0.000000e+00
      vertex -5.342020e+01 -4.939693e+01  0.000000e+00
    endloop
  endfacet
  facet normal  0.000000e+00  0.000000e+00  1.000000e+00
    outer loop
      vertex -6.000000e+01 -4.000000e+01  0.000000e+00
      vertex -5.342020e+01 -4.939693e+01  0.000000e+00
      vertex -5.400000e+01 -2.600000e+00  0.000000e+00
    endloop
  endfacet
  facet normal  0.000000e+00  0.000000e+00  1.000000e+00
    outer loop
      vertex -6.000000e+01 -4.000000e+01  0.000000e+00
      vertex -5.400000e+01 -2.600000e+00  0.000000e+00
      vertex -5.445148e+01 -2.560500e+00  0.000000e+00
    endloop
  endfacet
  facet normal  0.000000e+00  0.000000e+00  1.000000e+00
    outer loop
      vertex -6.000000e+01 -4.000000e+01  0.000000e+00
      vertex -5.445148e+01 -2.560500e+00  0.000000e+00
      vertex -5.488925e+01 -2.443201e+00  0.000000e+00
    endloop
  endfacet
  facet normal  0.000000e+00  0.000000e+00  1.000000e+00
    outer loop
      vertex -6.000000e+01 -4.000000e+01  0.000000e+00
      vertex -5.488925e+01 -2.443201e+00  0.000000e+00
      vertex -5.530000e+01 -2.251666e+00  0.000000e+00
    endloop
  endfacet
  facet normal  0.000000e+00  0.000000e+00  1.000000e+00
    outer loop
      vertex -6.000000e+01 -4.000000e+01  0.000000e+00
      vertex -5.530000e+01 -2.251666e+00  0.000000e+00
      vertex -5.567125e+01 -1.991716e+00  0.000000e+00
    endloop
  endfacet
  facet normal  0.000000e+00  0.000000e+00  1.000000e+00
    outer loop
      vertex -6.000000e+01 -4.000000e+01  0.000000e+00
      vertex -5.567125e+01 -1.991716e+00  0.000000e+00
      vertex -5.599171e+01 -1.671248e+00  0.000000e+00
    endloop
  endfacet
  facet normal  0.000000e+00  0.000000e+00  1.000000e+00
    outer loop
      vertex -6.000000e+01 -4.000000e+01  0.000000e+00
      vertex -5.599171e+01 -1.671248e+00  0.000000e+00
      vertex -5.625167e+01 -1.300000e+00  0.000000e+00
    endloop
  endfacet
  facet normal  0.000000e+00  0.000000e+00  1.000000e+00
    outer loop
      vertex -6.000000e+01 -4.000000e+01  0.000000e+00
      vertex -5.625167e+01 -1.300000e+00  0.000000e+00
      vertex -5.644320e+01 -8.892524e-01  0.000000e+00
    endloop
  endfacet
  facet normal  0.000000e+00  0.000000e+00  1.000000e+00
    outer loop
      vertex -6.000000e+01 -4.000000e+01  0.000000e+00
      vertex -5.644320e+01 -8.892524e-01  0.000000e+00
      vertex -5.656050e+01 -4.514853e-01  0.000000e+00
    endloop
  endfacet
  facet normal  0.000000e+00  0.000000e+00  1.000000e+00
    outer loop
      vertex -6.000000e+01 -4.000000e+01  0.000000e+00
      vertex -5.656050e+01 -4.514853e-01  0.000000e+00
      vertex -5.660000e+01  3.184082e-16  0.000000e+00
    endloop
  endfacet
  facet normal  -0.000000e+00  -0.000000e+00  1.000000e+00
    outer loop
      vertex -5.400000e+01 -2.600000e+00  0.000000e+00
      vertex -5.342020e+01 -4.939693e+01  0.000000e+00
      vertex -5.258819e+01 -4.965926e+01  0.000000e+00
    endloop
  endfacet
  facet normal  -0.000000e+00  -0.000000e+00  9.999999e-01
    outer loop
      vertex -5.400000e+01 -2.600000e+00  0.000000e+00
      vertex -5.258819e+01 -4.965926e+01  0.000000e+00
      vertex -5.173648e+01 -4.984808e+01  0.000000e+00
    endloop
  endfacet
  facet normal  -0.000000e+00  -0.000000e+00  1.000000e+00
    outer loop
      vertex -5.400000e+01 -2.600000e+00  0.000000e+00
      vertex -5.173648e+01 -4.984808e+01  0.000000e+00
      vertex -5.087156e+01 -4.996195e+01  0.000000e+00
    endloop
  endfacet
  facet normal  -0.000000e+00  -0.000000e+00  1.000000e+00
    outer loop
      vertex -5.400000e+01 -2.600000e+00  0.000000e+00
      vertex -5.087156e+01 -4.996195e+01  0.000000e+00
      vertex -5.000000e+01 -5.000000e+01  0.000000e+00
    endloop
  endfacet
  facet normal  0.000000e+00  -0.000000e+00  1.000000e+00
    outer loop
      vertex -3.800000e+01 -3.970000e+01  0.000000e+00
      vertex -3.460000e+01 -4.500000e+01  0.000000e+00
      vertex -3.456050e+01 -4.454852e+01  0.000000e+00
    endloop
  endfacet
  facet normal  0.000000e+00  -0.000000e+00  1.000000e+00
    outer loop
      vertex -3.800000e+01 -3.970000e+01  0.000000e+00
      vertex -3.456050e+01 -4.454852e+01  0.000000e+00
      vertex -3.444320e+01 -4.411075e+01  0.000000e+00
    endloop
  endfacet
  facet normal  0.000000e+00  -0.000000e+00  1.000000e+00
    outer loop
      vertex -3.800000e+01 -3.970000e+01  0.000000e+00
      vertex -3.444320e+01 -4.411075e+01  0.000000e+00
      vertex -3.425167e+01 -4.370000e+01  0.000000e+00
    endloop
  endfacet
  facet normal  0.000000e+00  -0.000000e+00  1.000000e+00
    outer loop
      vertex -3.800000e+01 -3.970000e+01  0.000000e+00
      vertex -3.425167e+01 -4.370000e+01  0.000000e+00
      vertex -3.399171e+01 -4.332875e+01  0.000000e+00
    endloop
  endfacet
  facet normal  0.000000e+00  -0.000000e+00  1.000000e+00
    outer loop
      vertex -3.800000e+01 -3.970000e+01  0.000000e+00
      vertex -3.399171e+01 -4.332875e+01  0.000000e+00
      vertex -3.367125e+01 -4.300829e+01  0.000000e+00
    endloop
  endfacet
  facet normal  0.000000e+00  -0.000000e+00  1.000000e+00
    outer loop
      vertex -3.800000e+01 -3.970000e+01  0.000000e+00
      vertex -3.367125e+01 -4.300829e+01  0.000000e+00
      vertex -3.330000e+01 -4.274833e+01  0.000000e+00
    endloop
  endfacet
  facet normal  0.000000e+00  -0.000000e+00  1.000000e+00
    outer loop
      vertex -3.800000e+01 -3.970000e+01  0.000000e+00
      vertex -3.330000e+01 -4.274833e+01  0.000000e+00
      vertex -3.288925e+01 -4.255680e+01  0.000000e+00
    endloop
  endfacet
  facet normal  0.000000e+00  -0.000000e+00  9.999999e-01
    outer loop
      vertex -3.800000e+01 -3.970000e+01  0.000000e+00
      vertex -3.288925e+01 -4.255680e+01  0.000000e+00
      vertex -3.245148e+01 -4.243950e+01  0.000000e+00
    endloop
  endfacet
  facet normal  0.000000e+00  -0.000000e+00  1.000000e+00
    outer loop
      vertex -3.800000e+01 -3.970000e+01  0.000000e+00
      vertex -3.245148e+01 -4.243950e+01  0.000000e+00
      vertex -3.200000e+01 -4.240000e+01  0.000000e+00
    endloop
  endfacet
  facet normal  0.000000e+00  -0.000000e+00  1.000000e+00
    outer loop
      vertex -3.800000e+01 -3.970000e+01  0.000000e+00
      vertex -3.200000e+01 -4.240000e+01  0.000000e+00
      vertex  1.592041e-16 -4.240000e+01  0.000000e+00
    endloop
  endfacet
  facet normal  0.000000e+00  -0.000000e+00  1.000000e+00
    outer loop
      vertex -3.800000e+01 -3.970000e+01  0.000000e+00
      vertex  1.592041e-16 -4.240000e+01  0.000000e+00
      vertex  3.200000e+01 -4.240000e+01  0.000000e+00
    endloop
  endfacet
  facet normal  -0.000000e+00  0.000000e+00  1.000000e+00
    outer loop
      vertex -5.342020e+01  4.939693e+01  0.000000e+00
      vertex -5.422618e+01  4.906308e+01  0.000000e+00
      vertex -5.400000e+01  2.600000e+00  0.000000e+00
    endloop
  endfacet
  facet normal  0.000000e+00  0.000000e+00  1.000000e+00
    outer loop
      vertex -5.342020e+01  4.939693e+01  0.000000e+00
      vertex -5.400000e+01  2.600000e+00  0.000000e+00
      vertex -4.755264e+01  3.168439e+01  0.000000e+00
    endloop
  endfacet
  facet normal  0.000000e+00  -0.000000e+00  1.000000e+00
    outer loop
      vertex -5.342020e+01  4.939693e+01  0.000000e+00
      vertex -4.755264e+01  3.168439e+01  0.000000e+00
      vertex -4.736948e+01  3.251054e+01  0.000000e+00
    endloop
  endfacet
  facet normal  0.000000e+00  -0.000000e+00  1.000000e+00
    outer loop
      vertex -5.342020e+01  4.939693e+01  0.000000e+00
      vertex -4.736948e+01  3.251054e+01  0.000000e+00
      vertex -4.711502e+01  3.331760e+01  0.000000e+00
    endloop
  endfacet
  facet normal  0.000000e+00  -0.000000e+00  1.000000e+00
    outer loop
      vertex -5.342020e+01  4.939693e+01  0.000000e+00
      vertex -4.711502e+01  3.331760e+01  0.000000e+00
      vertex -4.679119e+01  3.409940e+01  0.000000e+00
    endloop
  endfacet
  facet normal  0.000000e+00  -0.000000e+00  1.000000e+00
    outer loop
      vertex -5.342020e+01  4.939693e+01  0.000000e+00
      vertex -4.679119e+01  3.409940e+01  0.000000e+00
      vertex -4.640045e+01  3.485000e+01  0.000000e+00
    endloop
  endfacet
  facet normal  0.000000e+00  -0.000000e+00  1.000000e+00
    outer loop
      vertex -5.342020e+01  4.939693e+01  0.000000e+00
      vertex -4.640045e+01  3.485000e+01  0.000000e+00
      vertex -4.594577e+01  3.556369e+01  0.000000e+00
    endloop
  endfacet
  facet normal  0.000000e+00  -0.000000e+00  1.000000e+00
    outer loop
      vertex -5.342020e+01  4.939693e+01  0.000000e+00
      vertex -4.594577e+01  3.556369e+01  0.000000e+00
      vertex -4.543063e+01  3.623504e+01  0.000000e+00
    endloop
  endfacet
  facet normal  0.000000e+00  -0.000000e+00  1.000000e+00
    outer loop
      vertex -5.342020e+01  4.939693e+01  0.000000e+00
      vertex -4.543063e+01  3.623504e+01  0.000000e+00
      vertex -4.485894e+01  3.685894e+01  0.000000e+00
    endloop
  endfacet
  facet normal  0.000000e+00  -0.000000e+00  9.999999e-01
    outer loop
      vertex -5.342020e+01  4.939693e+01  0.000000e+00
      vertex -4.485894e+01  3.685894e+01  0.000000e+00
      vertex -4.423504e+01  3.743063e+01  0.000000e+00
    endloop
  endfacet
  facet normal  0.000000e+00  -0.000000e+00  1.000000e+00
    outer loop
      vertex -5.342020e+01  4.939693e+01  0.000000e+00
      vertex -4.423504e+01  3.743063e+01  0.000000e+00
      vertex -3.367125e+01  4.699171e+01  0.000000e+00
    endloop
  endfacet
  facet normal  0.000000e+00  -0.000000e+00  1.000000e+00
    outer loop
      vertex -5.342020e+01  4.939693e+01  0.000000e+00
      vertex -3.367125e+01  4.699171e+01  0.000000e+00
      vertex -3.330000e+01  4.725167e+01  0.000000e+00
    endloop
  endfacet
  facet normal  0.000000e+00  -0.000000e+00  1.000000e+00
    outer loop
      vertex -5.342020e+01  4.939693e+01  0.000000e+00
      vertex -3.330000e+01  4.725167e+01  0.000000e+00
      vertex -3.288925e+01  4.744320e+01  0.000000e+00
    endloop
  endfacet
  facet normal  0.000000e+00  -0.000000e+00  1.000000e+00
    outer loop
      vertex -5.342020e+01  4.939693e+01  0.000000e+00
      vertex -3.288925e+01  4.744320e+01  0.000000e+00
      vertex -3.245148e+01  4.756050e+01  0.000000e+00
    endloop
  endfacet
  facet normal  0.000000e+00  -0.000000e+00  1.000000e+00
    outer loop
      vertex -5.342020e+01  4.939693e+01  0.000000e+00
      vertex -3.245148e+01  4.756050e+01  0.000000e+00
      vertex -3.200000e+01  4.760000e+01  0.000000e+00
    endloop
  endfacet
  facet normal  0.000000e+00  0.000000e+00  1.000000e+00
    outer loop
      vertex  3.425167e+01 -4.630000e+01  0.000000e+00
      vertex  3.968439e+01 -3.955264e+01  0.000000e+00
      vertex  3.884541e+01 -3.966309e+01  0.000000e+00
    endloop
  endfacet
  facet normal  0.000000e+00  0.000000e+00  1.000000e+00
    outer loop
      vertex  3.425167e+01 -4.630000e+01  0.000000e+00
      vertex  3.884541e+01 -3.966309e+01  0.000000e+00
      vertex  3.800000e+01 -3.970000e+01  0.000000e+00
    endloop
  endfacet
  facet normal  0.000000e+00  0.000000e+00  1.000000e+00
    outer loop
      vertex  3.425167e+01 -4.630000e+01  0.000000e+00
      vertex  3.800000e+01 -3.970000e+01  0.000000e+00
      vertex  3.444320e+01 -4.588925e+01  0.000000e+00
    endloop
  endfacet
  facet normal  0.000000e+00  0.000000e+00  1.000000e+00
    outer loop
      vertex  3.399171e+01 -4.667125e+01  0.000000e+00
      vertex  4.285000e+01 -3.840045e+01  0.000000e+00
      vertex  4.209940e+01 -3.879119e+01  0.000000e+00
    endloop
  endfacet
  facet normal  0.000000e+00  0.000000e+00  9.999999e-01
    outer loop
      vertex  3.399171e+01 -4.667125e+01  0.000000e+00
      vertex  4.209940e+01 -3.879119e+01  0.000000e+00
      vertex  4.131760e+01 -3.911502e+01  0.000000e+00
    endloop
  endfacet
  facet normal  0.000000e+00  0.000000e+00  1.000000e+00
    outer loop
      vertex  3.399171e+01 -4.667125e+01  0.000000e+00
      vertex  4.131760e+01 -3.911502e+01  0.000000e+00
      vertex  4.051054e+01 -3.936948e+01  0.000000e+00
    endloop
  endfacet
  facet normal  0.000000e+00  0.000000e+00  1.000000e+00
    outer loop
      vertex  3.399171e+01 -4.667125e+01  0.000000e+00
      vertex  4.051054e+01 -3.936948e+01  0.000000e+00
      vertex  3.968439e+01 -3.955264e+01  0.000000e+00
    endloop
  endfacet
  facet normal  0.000000e+00  0.000000e+00  1.000000e+00
    outer loop
      vertex  3.399171e+01 -4.667125e+01  0.000000e+00
      vertex  3.968439e+01 -3.955264e+01  0.000000e+00
      vertex  3.425167e+01 -4.630000e+01  0.000000e+00
    endloop
  endfacet
  facet normal  0.000000e+00  0.000000e+00  9.999999e-01
    outer loop
      vertex  3.367125e+01 -4.699171e+01  0.000000e+00
      vertex  4.423504e+01 -3.743063e+01  0.000000e+00
      vertex  4.356369e+01 -3.794577e+01  0.000000e+00
    endloop
  endfacet
  facet normal  0.000000e+00  0.000000e+00  1.000000e+00
    outer loop
      vertex  3.367125e+01 -4.699171e+01  0.000000e+00
      vertex  4.356369e+01 -3.794577e+01  0.000000e+00
      vertex  4.285000e+01 -3.840045e+01  0.000000e+00
    endloop
  endfacet
  facet normal  0.000000e+00  0.000000e+00  1.000000e+00
    outer loop
      vertex  3.367125e+01 -4.699171e+01  0.000000e+00
      vertex  4.285000e+01 -3.840045e+01  0.000000e+00
      vertex  3.399171e+01 -4.667125e+01  0.000000e+00
    endloop
  endfacet
  facet normal  0.000000e+00  0.000000e+00  1.000000e+00
    outer loop
      vertex  5.342020e+01 -4.939693e+01  0.000000e+00
      vertex  5.422618e+01 -4.906308e+01  0.000000e+00
      vertex  5.400000e+01 -2.600000e+00  0.000000e+00
    endloop
  endfacet
  facet normal  0.000000e+00  0.000000e+00  1.000000e+00
    outer loop
      vertex  5.342020e+01 -4.939693e+01  0.000000e+00
      vertex  5.400000e+01 -2.600000e+00  0.000000e+00
      vertex  4.770000e+01 -3.000000e+01  0.000000e+00
    endloop
  endfacet
  facet normal  0.000000e+00  0.000000e+00  1.000000e+00
    outer loop
      vertex  5.342020e+01 -4.939693e+01  0.000000e+00
      vertex  4.770000e+01 -3.000000e+01  0.000000e+00
      vertex  4.766309e+01 -3.084541e+01  0.000000e+00
    endloop
  endfacet
  facet normal  0.000000e+00  0.000000e+00  1.000000e+00
    outer loop
      vertex  5.342020e+01 -4.939693e+01  0.000000e+00
      vertex  4.766309e+01 -3.084541e+01  0.000000e+00
      vertex  4.755264e+01 -3.168439e+01  0.000000e+00
    endloop
  endfacet
  facet normal  0.000000e+00  0.000000e+00  1.000000e+00
    outer loop
      vertex  5.342020e+01 -4.939693e+01  0.000000e+00
      vertex  4.755264e+01 -3.168439e+01  0.000000e+00
      vertex  4.736948e+01 -3.251054e+01  0.000000e+00
    endloop
  endfacet
  facet normal  0.000000e+00  0.000000e+00  1.000000e+00
    outer loop
      vertex  5.342020e+01 -4.939693e+01  0.000000e+00
      vertex  4.736948e+01 -3.251054e+01  0.000000e+00
      vertex  4.711502e+01 -3.331760e+01  0.000000e+00
    endloop
  endfacet
  facet normal  0.000000e+00  0.000000e+00  1.000000e+00
    outer loop
      vertex  5.342020e+01 -4.939693e+01  0.000000e+00
      vertex  4.711502e+01 -3.331760e+01  0.000000e+00
      vertex  4.679119e+01 -3.409940e+01  0.000000e+00
    endloop
  endfacet
  facet normal  0.000000e+00  0.000000e+00  1.000000e+00
    outer loop
      vertex  5.342020e+01 -4.939693e+01  0.000000e+00
      vertex  4.679119e+01 -3.409940e+01  0.000000e+00
      vertex  4.640045e+01 -3.485000e+01  0.000000e+00
    endloop
  endfacet
  facet normal  0.000000e+00  0.000000e+00  1.000000e+00
    outer loop
      vertex  5.342020e+01 -4.939693e+01  0.000000e+00
      vertex  4.640045e+01 -3.485000e+01  0.000000e+00
      vertex  4.594577e+01 -3.556369e+01  0.000000e+00
    endloop
  endfacet
  facet normal  0.000000e+00  0.000000e+00  1.000000e+00
    outer loop
      vertex  5.342020e+01 -4.939693e+01  0.000000e+00
      vertex  4.594577e+01 -3.556369e+01  0.000000e+00
      vertex  4.543063e+01 -3.623504e+01  0.000000e+00
    endloop
  endfacet
  facet normal  0.000000e+00  0.000000e+00  1.000000e+00
    outer loop
      vertex  5.342020e+01 -4.939693e+01  0.000000e+00
      vertex  4.543063e+01 -3.623504e+01  0.000000e+00
      vertex  4.485894e+01 -3.685894e+01  0.000000e+00
    endloop
  endfacet
  facet normal  0.000000e+00  0.000000e+00  9.999999e-01
    outer loop
      vertex  5.342020e+01 -4.939693e+01  0.000000e+00
      vertex  4.485894e+01 -3.685894e+01  0.000000e+00
      vertex  4.423504e+01 -3.743063e+01  0.000000e+00
    endloop
  endfacet
  facet normal  0.000000e+00  0.000000e+00  1.000000e+00
    outer loop
      vertex  5.342020e+01 -4.939693e+01  0.000000e+00
      vertex  4.423504e+01 -3.743063e+01  0.000000e+00
      vertex  3.367125e+01 -4.699171e+01  0.000000e+00
    endloop
  endfacet
  facet normal  0.000000e+00  0.000000e+00  1.000000e+00
    outer loop
      vertex  5.342020e+01 -4.939693e+01  0.000000e+00
      vertex  3.367125e+01 -4.699171e+01  0.000000e+00
      vertex  3.330000e+01 -4.725167e+01  0.000000e+00
    endloop
  endfacet
  facet normal  0.000000e+00  0.000000e+00  1.000000e+00
    outer loop
      vertex  5.342020e+01 -4.939693e+01  0.000000e+00
      vertex  3.330000e+01 -4.725167e+01  0.000000e+00
      vertex  3.288925e+01 -4.744320e+01  0.000000e+00
    endloop
  endfacet
  facet normal  0.000000e+00  0.000000e+00  1.000000e+00
    outer loop
      vertex  5.342020e+01 -4.939693e+01  0.000000e+00
      vertex  3.288925e+01 -4.744320e+01  0.000000e+00
      vertex  3.245148e+01 -4.756050e+01  0.000000e+00
    endloop
  endfacet
  facet normal  0.000000e+00  0.000000e+00  1.000000e+00
    outer loop
      vertex  5.342020e+01 -4.939693e+01  0.000000e+00
      vertex  3.245148e+01 -4.756050e+01  0.000000e+00
      vertex  3.200000e+01 -4.760000e+01  0.000000e+00
    endloop
  endfacet
  facet normal  0.000000e+00  -0.000000e+00  1.000000e+00
    outer loop
      vertex  5.400000e+01 -2.600000e+00  0.000000e+00
      vertex  5.422618e+01 -4.906308e+01  0.000000e+00
      vertex  5.500000e+01 -4.866026e+01  0.000000e+00
    endloop
  endfacet
  facet normal  0.000000e+00  -0.000000e+00  1.000000e+00
    outer loop
      vertex  5.400000e+01 -2.600000e+00  0.000000e+00
      vertex  5.500000e+01 -4.866026e+01  0.000000e+00
      vertex  5.573576e+01 -4.819152e+01  0.000000e+00
    endloop
  endfacet
  facet normal  0.000000e+00  -0.000000e+00  1.000000e+00
    outer loop
      vertex  5.400000e+01 -2.600000e+00  0.000000e+00
      vertex  5.573576e+01 -4.819152e+01  0.000000e+00
      vertex  5.642788e+01 -4.766045e+01  0.000000e+00
    endloop
  endfacet
  facet normal  0.000000e+00  -0.000000e+00  1.000000e+00
    outer loop
      vertex  5.400000e+01 -2.600000e+00  0.000000e+00
      vertex  5.642788e+01 -4.766045e+01  0.000000e+00
      vertex  5.707107e+01 -4.707107e+01  0.000000e+00
    endloop
  endfacet
  facet normal  0.000000e+00  -0.000000e+00  1.000000e+00
    outer loop
      vertex  5.400000e+01 -2.600000e+00  0.000000e+00
      vertex  5.707107e+01 -4.707107e+01  0.000000e+00
      vertex  5.766045e+01 -4.642788e+01  0.000000e+00
    endloop
  endfacet
  facet normal  0.000000e+00  -0.000000e+00  1.000000e+00
    outer loop
      vertex  5.400000e+01 -2.600000e+00  0.000000e+00
      vertex  5.766045e+01 -4.642788e+01  0.000000e+00
      vertex  5.819152e+01 -4.573576e+01  0.000000e+00
    endloop
  endfacet
  facet normal  0.000000e+00  -0.000000e+00  1.000000e+00
    outer loop
      vertex  5.400000e+01 -2.600000e+00  0.000000e+00
      vertex  5.819152e+01 -4.573576e+01  0.000000e+00
      vertex  5.866026e+01 -4.500000e+01  0.000000e+00
    endloop
  endfacet
  facet normal  0.000000e+00  -0.000000e+00  9.999999e-01
    outer loop
      vertex  5.400000e+01 -2.600000e+00  0.000000e+00
      vertex  5.866026e+01 -4.500000e+01  0.000000e+00
      vertex  5.906308e+01 -4.422618e+01  0.000000e+00
    endloop
  endfacet
  facet normal  0.000000e+00  -0.000000e+00  9.999999e-01
    outer loop
      vertex  5.400000e+01 -2.600000e+00  0.000000e+00
      vertex  5.906308e+01 -4.422618e+01  0.000000e+00
      vertex  5.939693e+01 -4.342020e+01  0.000000e+00
    endloop
  endfacet
  facet normal  0.000000e+00  -0.000000e+00  1.000000e+00
    outer loop
      vertex  5.400000e+01 -2.600000e+00  0.000000e+00
      vertex  5.939693e+01 -4.342020e+01  0.000000e+00
      vertex  5.965926e+01 -4.258819e+01  0.000000e+00
    endloop
  endfacet
  facet normal  0.000000e+00  -0.000000e+00  1.000000e+00
    outer loop
      vertex  5.400000e+01 -2.600000e+00  0.000000e+00
      vertex  5.965926e+01 -4.258819e+01  0.000000e+00
      vertex  5.984808e+01 -4.173648e+01  0.000000e+00
    endloop
  endfacet
  facet normal  0.000000e+00  -0.000000e+00  1.000000e+00
    outer loop
      vertex  5.400000e+01 -2.600000e+00  0.000000e+00
      vertex  5.984808e+01 -4.173648e+01  0.000000e+00
      vertex  5.996195e+01 -4.087156e+01  0.000000e+00
    endloop
  endfacet
  facet normal  0.000000e+00  -0.000000e+00  1.000000e+00
    outer loop
      vertex  5.400000e+01 -2.600000e+00  0.000000e+00
      vertex  5.996195e+01 -4.087156e+01  0.000000e+00
      vertex  6.000000e+01 -4.000000e+01  0.000000e+00
    endloop
  endfacet
  facet normal  -0.000000e+00  0.000000e+00  1.000000e+00
    outer loop
      vertex  5.342020e+01  4.939693e+01  0.000000e+00
      vertex  3.200000e+01  4.760000e+01  0.000000e+00
      vertex  3.245148e+01  4.756050e+01  0.000000e+00
    endloop
  endfacet
  facet normal  -0.000000e+00  0.000000e+00  1.000000e+00
    outer loop
      vertex  5.342020e+01  4.939693e+01  0.000000e+00
      vertex  3.245148e+01  4.756050e+01  0.000000e+00
      vertex  3.288925e+01  4.744320e+01  0.000000e+00
    endloop
  endfacet
  facet normal  -0.000000e+00  0.000000e+00  1.000000e+00
    outer loop
      vertex  5.342020e+01  4.939693e+01  0.000000e+00
      vertex  3.288925e+01  4.744320e+01  0.000000e+00
      vertex  3.330000e+01  4.725167e+01  0.000000e+00
    endloop
  endfacet
  facet normal  -0.000000e+00  0.000000e+00  1.000000e+00
    outer loop
      vertex  5.342020e+01  4.939693e+01  0.000000e+00
      vertex  3.330000e+01  4.725167e+01  0.000000e+00
      vertex  3.367125e+01  4.699171e+01  0.000000e+00
    endloop
  endfacet
  facet normal  -0.000000e+00  0.000000e+00  1.000000e+00
    outer loop
      vertex  5.342020e+01  4.939693e+01  0.000000e+00
      vertex  3.367125e+01  4.699171e+01  0.000000e+00
      vertex  4.423504e+01  3.743063e+01  0.000000e+00
    endloop
  endfacet
  facet normal  -0.000000e+00  0.000000e+00  9.999999e-01
    outer loop
      vertex  5.342020e+01  4.939693e+01  0.000000e+00
      vertex  4.423504e+01  3.743063e+01  0.000000e+00
      vertex  4.485894e+01  3.685894e+01  0.000000e+00
    endloop
  endfacet
  facet normal  -0.000000e+00  0.000000e+00  1.000000e+00
    outer loop
      vertex  5.342020e+01  4.939693e+01  0.000000e+00
      vertex  4.485894e+01  3.685894e+01  0.000000e+00
      vertex  4.543063e+01  3.623504e+01  0.000000e+00
    endloop
  endfacet
  facet normal  -0.000000e+00  0.000000e+00  1.000000e+00
    outer loop
      vertex  5.342020e+01  4.939693e+01  0.000000e+00
      vertex  4.543063e+01  3.623504e+01  0.000000e+00
      vertex  4.594577e+01  3.556369e+01  0.000000e+00
    endloop
  endfacet
  facet normal  -0.000000e+00  0.000000e+00  1.000000e+00
    outer loop
      vertex  5.342020e+01  4.939693e+01  0.000000e+00
      vertex  4.594577e+01  3.556369e+01  0.000000e+00
      vertex  4.640045e+01  3.485000e+01  0.000000e+00
    endloop
  endfacet
  facet normal  -0.000000e+00  0.000000e+00  1.000000e+00
    outer loop
      vertex  5.342020e+01  4.939693e+01  0.000000e+00
      vertex  4.640045e+01  3.485000e+01  0.000000e+00
      vertex  4.679119e+01  3.409940e+01  0.000000e+00
    endloop
  endfacet
  facet normal  -0.000000e+00  0.000000e+00  1.000000e+00
    outer loop
      vertex  5.342020e+01  4.939693e+01  0.000000e+00
      vertex  4.679119e+01  3.409940e+01  0.000000e+00
      vertex  4.711502e+01  3.331760e+01  0.000000e+00
    endloop
  endfacet
  facet normal  -0.000000e+00  0.000000e+00  1.000000e+00
    outer loop
      vertex  5.342020e+01  4.939693e+01  0.000000e+00
      vertex  4.711502e+01  3.331760e+01  0.000000e+00
      vertex  4.736948e+01  3.251054e+01  0.000000e+00
    endloop
  endfacet
  facet normal  -0.000000e+00  0.000000e+00  1.000000e+00
    outer loop
      vertex  5.342020e+01  4.939693e+01  0.000000e+00
      vertex  4.736948e+01  3.251054e+01  0.000000e+00
      vertex  4.755264e+01  3.168439e+01  0.000000e+00
    endloop
  endfacet
  facet normal  -0.000000e+00  0.000000e+00  9.999999e-01
    outer loop
      vertex  5.342020e+01  4.939693e+01  0.000000e+00
      vertex  4.755264e+01  3.168439e+01  0.000000e+00
      vertex  5.400000e+01  2.600000e+00  0.000000e+00
    endloop
  endfacet
  facet normal  0.000000e+00  -0.000000e+00  1.000000e+00
    outer loop
      vertex  5.342020e+01  4.939693e+01  0.000000e+00
      vertex  5.400000e+01  2.600000e+00  0.000000e+00
      vertex  5.422618e+01  4.906308e+01  0.000000e+00
    endloop
  endfacet
  facet normal  0.000000e+00  -0.000000e+00  1.000000e+00
    outer loop
      vertex  3.200000e+01 -4.760000e+01  0.000000e+00
      vertex  5.000000e+01 -5.000000e+01  0.000000e+00
      vertex  5.087156e+01 -4.996195e+01  0.000000e+00
    endloop
  endfacet
  facet normal  0.000000e+00  -0.000000e+00  1.000000e+00
    outer loop
      vertex  3.200000e+01 -4.760000e+01  0.000000e+00
      vertex  5.087156e+01 -4.996195e+01  0.000000e+00
      vertex  5.173648e+01 -4.984808e+01  0.000000e+00
    endloop
  endfacet
  facet normal  0.000000e+00  -0.000000e+00  1.000000e+00
    outer loop
      vertex  3.200000e+01 -4.760000e+01  0.000000e+00
      vertex  5.173648e+01 -4.984808e+01  0.000000e+00
      vertex  5.258819e+01 -4.965926e+01  0.000000e+00
    endloop
  endfacet
  facet normal  0.000000e+00  -0.000000e+00  9.999999e-01
    outer loop
      vertex  3.200000e+01 -4.760000e+01  0.000000e+00
      vertex  5.258819e+01 -4.965926e+01  0.000000e+00
      vertex  5.342020e+01 -4.939693e+01  0.000000e+00
    endloop
  endfacet
  facet normal  -0.000000e+00  0.000000e+00  1.000000e+00
    outer loop
      vertex -5.000000e+01  5.000000e+01  0.000000e+00
      vertex -5.087156e+01  4.996195e+01  0.000000e+00
      vertex -3.200000e+01  4.760000e+01  0.000000e+00
    endloop
  endfacet
  facet normal  0.000000e+00  -0.000000e+00  9.999999e-01
    outer loop
      vertex -5.000000e+01  5.000000e+01  0.000000e+00
      vertex -3.200000e+01  4.760000e+01  0.000000e+00
      vertex  1.592041e-16  4.760000e+01  0.000000e+00
    endloop
  endfacet
  facet normal  0.000000e+00  -0.000000e+00  9.999999e-01
    outer loop
      vertex -5.000000e+01  5.000000e+01  0.000000e+00
      vertex  1.592041e-16  4.760000e+01  0.000000e+00
      vertex  3.200000e+01  4.760000e+01  0.000000e+00
    endloop
  endfacet
  facet normal  0.000000e+00  -0.000000e+00  1.000000e+00
    outer loop
      vertex -5.000000e+01  5.000000e+01  0.000000e+00
      vertex  3.200000e+01  4.760000e+01  0.000000e+00
      vertex  5.000000e+01  5.000000e+01  0.000000e+00
    endloop
  endfacet
  facet normal  0.000000e+00  0.000000e+00  1.000000e+00
    outer loop
      vertex -6.000000e+01  4.000000e+01  0.000000e+00
      vertex -6.000000e+01 -4.000000e+01  0.000000e+00
      vertex -5.660000e+01  3.184082e-16  0.000000e+00
    endloop
  endfacet
  facet normal  0.000000e+00  -0.000000e+00  1.000000e+00
    outer loop
      vertex -6.000000e+01  4.000000e+01  0.000000e+00
      vertex -5.660000e+01  3.184082e-16  0.000000e+00
      vertex -5.656050e+01  4.514853e-01  0.000000e+00
    endloop
  endfacet
  facet normal  0.000000e+00  -0.000000e+00  1.000000e+00
    outer loop
      vertex -6.000000e+01  4.000000e+01  0.000000e+00
      vertex -5.656050e+01  4.514853e-01  0.000000e+00
      vertex -5.644320e+01  8.892524e-01  0.000000e+00
    endloop
  endfacet
  facet normal  0.000000e+00  -0.000000e+00  1.000000e+00
    outer loop
      vertex -6.000000e+01  4.000000e+01  0.000000e+00
      vertex -5.644320e+01  8.892524e-01  0.000000e+00
      vertex -5.625167e+01  1.300000e+00  0.000000e+00
    endloop
  endfacet
  facet normal  0.000000e+00  -0.000000e+00  1.000000e+00
    outer loop
      vertex -6.000000e+01  4.000000e+01  0.000000e+00
      vertex -5.625167e+01  1.300000e+00  0.000000e+00
      vertex -5.599171e+01  1.671248e+00  0.000000e+00
    endloop
  endfacet
  facet normal  0.000000e+00  -0.000000e+00  1.000000e+00
    outer loop
      vertex -6.000000e+01  4.000000e+01  0.000000e+00
      vertex -5.599171e+01  1.671248e+00  0.000000e+00
      vertex -5.567125e+01  1.991716e+00  0.000000e+00
    endloop
  endfacet
  facet normal  0.000000e+00  -0.000000e+00  1.000000e+00
    outer loop
      vertex -6.000000e+01  4.000000e+01  0.000000e+00
      vertex -5.567125e+01  1.991716e+00  0.000000e+00
      vertex -5.530000e+01  2.251666e+00  0.000000e+00
    endloop
  endfacet
  facet normal  0.000000e+00  -0.000000e+00  1.000000e+00
    outer loop
      vertex -6.000000e+01  4.000000e+01  0.000000e+00
      vertex -5.530000e+01  2.251666e+00  0.000000e+00
      vertex -5.488925e+01  2.443201e+00  0.000000e+00
    endloop
  endfacet
  facet normal  0.000000e+00  -0.000000e+00  1.000000e+00
    outer loop
      vertex -6.000000e+01  4.000000e+01  0.000000e+00
      vertex -5.488925e+01  2.443201e+00  0.000000e+00
      vertex -5.445148e+01  2.560500e+00  0.000000e+00
    endloop
  endfacet
  facet normal  0.000000e+00  -0.000000e+00  1.000000e+00
    outer loop
      vertex -6.000000e+01  4.000000e+01  0.000000e+00
      vertex -5.445148e+01  2.560500e+00  0.000000e+00
      vertex -5.400000e+01  2.600000e+00  0.000000e+00
    endloop
  endfacet
  facet normal  0.000000e+00  0.000000e+00  1.000000e+00
    outer loop
      vertex -5.400000e+01  2.600000e+00  0.000000e+00
      vertex -5.422618e+01  4.906308e+01  0.000000e+00
      vertex -5.500000e+01  4.866026e+01  0.000000e+00
    endloop
  endfacet
  facet normal  0.000000e+00  0.000000e+00  1.000000e+00
    outer loop
      vertex -5.400000e+01  2.600000e+00  0.000000e+00
      vertex -5.500000e+01  4.866026e+01  0.000000e+00
      vertex -5.573576e+01  4.819152e+01  0.000000e+00
    endloop
  endfacet
  facet normal  0.000000e+00  0.000000e+00  1.000000e+00
    outer loop
      vertex -5.400000e+01  2.600000e+00  0.000000e+00
      vertex -5.573576e+01  4.819152e+01  0.000000e+00
      vertex -5.642788e+01  4.766045e+01  0.000000e+00
    endloop
  endfacet
  facet normal  0.000000e+00  0.000000e+00  1.000000e+00
    outer loop
      vertex -5.400000e+01  2.600000e+00  0.000000e+00
      vertex -5.642788e+01  4.766045e+01  0.000000e+00
      vertex -5.707107e+01  4.707107e+01  0.000000e+00
    endloop
  endfacet
  facet normal  0.000000e+00  0.000000e+00  1.000000e+00
    outer loop
      vertex -5.400000e+01  2.600000e+00  0.000000e+00
      vertex -5.707107e+01  4.707107e+01  0.000000e+00
      vertex -5.766045e+01  4.642788e+01  0.000000e+00
    endloop
  endfacet
  facet normal  0.000000e+00  0.000000e+00  1.000000e+00
    outer loop
      vertex -5.400000e+01  2.600000e+00  0.000000e+00
      vertex -5.766045e+01  4.642788e+01  0.000000e+00
      vertex -5.819152e+01  4.573576e+01  0.000000e+00
    endloop
  endfacet
  facet normal  0.000000e+00  0.000000e+00  1.000000e+00
    outer loop
      vertex -5.400000e+01  2.600000e+00  0.000000e+00
      vertex -5.819152e+01  4.573576e+01  0.000000e+00
      vertex -5.866026e+01  4.500000e+01  0.000000e+00
    endloop
  endfacet
  facet normal  0.000000e+00  0.000000e+00  9.999999e-01
    outer loop
      vertex -5.400000e+01  2.600000e+00  0.000000e+00
      vertex -5.866026e+01  4.500000e+01  0.000000e+00
      vertex -5.906308e+01  4.422618e+01  0.000000e+00
    endloop
  endfacet
  facet normal  0.000000e+00  0.000000e+00  9.999999e-01
    outer loop
      vertex -5.400000e+01  2.600000e+00  0.000000e+00
      vertex -5.906308e+01  4.422618e+01  0.000000e+00
      vertex -5.939693e+01  4.342020e+01  0.000000e+00
    endloop
  endfacet
  facet normal  0.000000e+00  0.000000e+00  1.000000e+00
    outer loop
      vertex -5.400000e+01  2.600000e+00  0.000000e+00
      vertex -5.939693e+01  4.342020e+01  0.000000e+00
      vertex -5.965926e+01  4.258819e+01  0.000000e+00
    endloop
  endfacet
  facet normal  0.000000e+00  0.000000e+00  1.000000e+00
    outer loop
      vertex -5.400000e+01  2.600000e+00  0.000000e+00
      vertex -5.965926e+01  4.258819e+01  0.000000e+00
      vertex -5.984808e+01  4.173648e+01  0.000000e+00
    endloop
  endfacet
  facet normal  0.000000e+00  0.000000e+00  1.000000e+00
    outer loop
      vertex -5.400000e+01  2.600000e+00  0.000000e+00
      vertex -5.984808e+01  4.173648e+01  0.000000e+00
      vertex -5.996195e+01  4.087156e+01  0.000000e+00
    endloop
  endfacet
  facet normal  0.000000e+00  0.000000e+00  1.000000e+00
    outer loop
      vertex -5.400000e+01  2.600000e+00  0.000000e+00
      vertex -5.996195e+01  4.087156e+01  0.000000e+00
      vertex -6.000000e+01  4.000000e+01  0.000000e+00
    endloop
  endfacet
  facet normal  0.000000e+00  0.000000e+00  1.000000e+00
    outer loop
      vertex -4.770000e+01 -3.000000e+01  0.000000e+00
      vertex -5.143950e+01  4.514853e-01  0.000000e+00
      vertex -5.140000e+01  0.000000e+00  0.000000e+00
    endloop
  endfacet
  facet normal  0.000000e+00  0.000000e+00  9.999999e-01
    outer loop
      vertex -4.770000e+01 -3.000000e+01  0.000000e+00
      vertex -5.140000e+01  0.000000e+00  0.000000e+00
      vertex -5.143950e+01 -4.514853e-01  0.000000e+00
    endloop
  endfacet
  facet normal  0.000000e+00  0.000000e+00  9.999999e-01
    outer loop
      vertex -4.770000e+01 -3.000000e+01  0.000000e+00
      vertex -5.143950e+01 -4.514853e-01  0.000000e+00
      vertex -5.155680e+01 -8.892524e-01  0.000000e+00
    endloop
  endfacet
  facet normal  0.000000e+00  0.000000e+00  1.000000e+00
    outer loop
      vertex -4.770000e+01 -3.000000e+01  0.000000e+00
      vertex -5.155680e+01 -8.892524e-01  0.000000e+00
      vertex -5.174833e+01 -1.300000e+00  0.000000e+00
    endloop
  endfacet
  facet normal  0.000000e+00  0.000000e+00  1.000000e+00
    outer loop
      vertex -4.770000e+01 -3.000000e+01  0.000000e+00
      vertex -5.174833e+01 -1.300000e+00  0.000000e+00
      vertex -5.200829e+01 -1.671248e+00  0.000000e+00
    endloop
  endfacet
  facet normal  0.000000e+00  0.000000e+00  1.000000e+00
    outer loop
      vertex -4.770000e+01 -3.000000e+01  0.000000e+00
      vertex -5.200829e+01 -1.671248e+00  0.000000e+00
      vertex -5.232875e+01 -1.991716e+00  0.000000e+00
    endloop
  endfacet
  facet normal  0.000000e+00  0.000000e+00  1.000000e+00
    outer loop
      vertex -4.770000e+01 -3.000000e+01  0.000000e+00
      vertex -5.232875e+01 -1.991716e+00  0.000000e+00
      vertex -5.270000e+01 -2.251666e+00  0.000000e+00
    endloop
  endfacet
  facet normal  0.000000e+00  0.000000e+00  1.000000e+00
    outer loop
      vertex -4.770000e+01 -3.000000e+01  0.000000e+00
      vertex -5.270000e+01 -2.251666e+00  0.000000e+00
      vertex -5.311075e+01 -2.443201e+00  0.000000e+00
    endloop
  endfacet
  facet normal  0.000000e+00  0.000000e+00  1.000000e+00
    outer loop
      vertex -4.770000e+01 -3.000000e+01  0.000000e+00
      vertex -5.311075e+01 -2.443201e+00  0.000000e+00
      vertex -5.354852e+01 -2.560500e+00  0.000000e+00
    endloop
  endfacet
  facet normal  0.000000e+00  0.000000e+00  1.000000e+00
    outer loop
      vertex -4.770000e+01 -3.000000e+01  0.000000e+00
      vertex -5.354852e+01 -2.560500e+00  0.000000e+00
      vertex -5.400000e+01 -2.600000e+00  0.000000e+00
    endloop
  endfacet
  facet normal  0.000000e+00  0.000000e+00  1.000000e+00
    outer loop
      vertex -4.770000e+01  3.000000e+01  0.000000e+00
      vertex -4.766309e+01  3.084541e+01  0.000000e+00
      vertex -5.400000e+01  2.600000e+00  0.000000e+00
    endloop
  endfacet
  facet normal  -0.000000e+00  0.000000e+00  1.000000e+00
    outer loop
      vertex -4.770000e+01  3.000000e+01  0.000000e+00
      vertex -5.400000e+01  2.600000e+00  0.000000e+00
      vertex -5.354852e+01  2.560500e+00  0.000000e+00
    endloop
  endfacet
  facet normal  -0.000000e+00  0.000000e+00  1.000000e+00
    outer loop
      vertex -4.770000e+01  3.000000e+01  0.000000e+00
      vertex -5.354852e+01  2.560500e+00  0.000000e+00
      vertex -5.311075e+01  2.443201e+00  0.000000e+00
    endloop
  endfacet
  facet normal  -0.000000e+00  0.000000e+00  1.000000e+00
    outer loop
      vertex -4.770000e+01  3.000000e+01  0.000000e+00
      vertex -5.311075e+01  2.443201e+00  0.000000e+00
      vertex -5.270000e+01  2.251666e+00  0.000000e+00
    endloop
  endfacet
  facet normal  -0.000000e+00  0.000000e+00  1.000000e+00
    outer loop
      vertex -4.770000e+01  3.000000e+01  0.000000e+00
      vertex -5.270000e+01  2.251666e+00  0.000000e+00
      vertex -5.232875e+01  1.991716e+00  0.000000e+00
    endloop
  endfacet
  facet normal  -0.000000e+00  0.000000e+00  9.999999e-01
    outer loop
      vertex -4.770000e+01  3.000000e+01  0.000000e+00
      vertex -5.232875e+01  1.991716e+00  0.000000e+00
      vertex -5.200829e+01  1.671248e+00  0.000000e+00
    endloop
  endfacet
  facet normal  -0.000000e+00  0.000000e+00  1.000000e+00
    outer loop
      vertex -4.770000e+01  3.000000e+01  0.000000e+00
      vertex -5.200829e+01  1.671248e+00  0.000000e+00
      vertex -5.174833e+01  1.300000e+00  0.000000e+00
    endloop
  endfacet
  facet normal  -0.000000e+00  0.000000e+00  1.000000e+00
    outer loop
      vertex -4.770000e+01  3.000000e+01  0.000000e+00
      vertex -5.174833e+01  1.300000e+00  0.000000e+00
      vertex -5.155680e+01  8.892524e-01  0.000000e+00
    endloop
  endfacet
  facet normal  -0.000000e+00  0.000000e+00  9.999999e-01
    outer loop
      vertex -4.770000e+01  3.000000e+01  0.000000e+00
      vertex -5.155680e+01  8.892524e-01  0.000000e+00
      vertex -5.143950e+01  4.514853e-01  0.000000e+00
    endloop
  endfacet
  facet normal  -0.000000e+00  0.000000e+00  1.000000e+00
    outer loop
      vertex -4.770000e+01  3.000000e+01  0.000000e+00
      vertex -5.143950e+01  4.514853e-01  0.000000e+00
      vertex -4.770000e+01 -3.000000e+01  0.000000e+00
    endloop
  endfacet
  facet normal  0.000000e+00  -0.000000e+00  1.000000e+00
    outer loop
      vertex -4.131760e+01  3.911502e+01  0.000000e+00
      vertex -4.051054e+01  3.936948e+01  0.000000e+00
      vertex -3.200000e+01  4.240000e+01  0.000000e+00
    endloop
  endfacet
  facet normal  0.000000e+00  0.000000e+00  1.000000e+00
    outer loop
      vertex -4.131760e+01  3.911502e+01  0.000000e+00
      vertex -3.200000e+01  4.240000e+01  0.000000e+00
      vertex -3.245148e+01  4.243950e+01  0.000000e+00
    endloop
  endfacet
  facet normal  0.000000e+00  0.000000e+00  1.000000e+00
    outer loop
      vertex -4.131760e+01  3.911502e+01  0.000000e+00
      vertex -3.245148e+01  4.243950e+01  0.000000e+00
      vertex -3.288925e+01  4.255680e+01  0.000000e+00
    endloop
  endfacet
  facet normal  0.000000e+00  0.000000e+00  1.000000e+00
    outer loop
      vertex -4.131760e+01  3.911502e+01  0.000000e+00
      vertex -3.288925e+01  4.255680e+01  0.000000e+00
      vertex -3.330000e+01  4.274833e+01  0.000000e+00
    endloop
  endfacet
  facet normal  0.000000e+00  -0.000000e+00  1.000000e+00
    outer loop
      vertex -4.209940e+01  3.879119e+01  0.000000e+00
      vertex -4.131760e+01  3.911502e+01  0.000000e+00
      vertex -3.330000e+01  4.274833e+01  0.000000e+00
    endloop
  endfacet
  facet normal  0.000000e+00  0.000000e+00  1.000000e+00
    outer loop
      vertex -4.209940e+01  3.879119e+01  0.000000e+00
      vertex -3.330000e+01  4.274833e+01  0.000000e+00
      vertex -3.367125e+01  4.300829e+01  0.000000e+00
    endloop
  endfacet
  facet normal  0.000000e+00  0.000000e+00  1.000000e+00
    outer loop
      vertex -4.209940e+01  3.879119e+01  0.000000e+00
      vertex -3.367125e+01  4.300829e+01  0.000000e+00
      vertex -3.399171e+01  4.332875e+01  0.000000e+00
    endloop
  endfacet
  facet normal  0.000000e+00  -0.000000e+00  1.000000e+00
    outer loop
      vertex -4.285000e+01  3.840045e+01  0.000000e+00
      vertex -4.209940e+01  3.879119e+01  0.000000e+00
      vertex -3.399171e+01  4.332875e+01  0.000000e+00
    endloop
  endfacet
  facet normal  0.000000e+00  0.000000e+00  1.000000e+00
    outer loop
      vertex -4.285000e+01  3.840045e+01  0.000000e+00
      vertex -3.399171e+01  4.332875e+01  0.000000e+00
      vertex -3.425167e+01  4.370000e+01  0.000000e+00
    endloop
  endfacet
  facet normal  0.000000e+00  0.000000e+00  1.000000e+00
    outer loop
      vertex -4.285000e+01  3.840045e+01  0.000000e+00
      vertex -3.425167e+01  4.370000e+01  0.000000e+00
      vertex -3.444320e+01  4.411075e+01  0.000000e+00
    endloop
  endfacet
  facet normal  0.000000e+00  -0.000000e+00  1.000000e+00
    outer loop
      vertex -4.356369e+01  3.794577e+01  0.000000e+00
      vertex -4.285000e+01  3.840045e+01  0.000000e+00
      vertex -3.444320e+01  4.411075e+01  0.000000e+00
    endloop
  endfacet
  facet normal  0.000000e+00  0.000000e+00  1.000000e+00
    outer loop
      vertex -4.356369e+01  3.794577e+01  0.000000e+00
      vertex -3.444320e+01  4.411075e+01  0.000000e+00
      vertex -3.456050e+01  4.454852e+01  0.000000e+00
    endloop
  endfacet
  facet normal  0.000000e+00  0.000000e+00  1.000000e+00
    outer loop
      vertex -4.356369e+01  3.794577e+01  0.000000e+00
      vertex -3.456050e+01  4.454852e+01  0.000000e+00
      vertex -3.460000e+01  4.500000e+01  0.000000e+00
    endloop
  endfacet
  facet normal  0.000000e+00  -0.000000e+00  1.000000e+00
    outer loop
      vertex -4.356369e+01  3.794577e+01  0.000000e+00
      vertex -3.460000e+01  4.500000e+01  0.000000e+00
      vertex -3.456050e+01  4.545148e+01  0.000000e+00
    endloop
  endfacet
  facet normal  0.000000e+00  -0.000000e+00  1.000000e+00
    outer loop
      vertex -4.423504e+01  3.743063e+01  0.000000e+00
      vertex -4.356369e+01  3.794577e+01  0.000000e+00
      vertex -3.456050e+01  4.545148e+01  0.000000e+00
    endloop
  endfacet
  facet normal  0.000000e+00  -0.000000e+00  1.000000e+00
    outer loop
      vertex -4.423504e+01  3.743063e+01  0.000000e+00
      vertex -3.456050e+01  4.545148e+01  0.000000e+00
      vertex -3.444320e+01  4.588925e+01  0.000000e+00
    endloop
  endfacet
  facet normal  0.000000e+00  -0.000000e+00  1.000000e+00
    outer loop
      vertex -4.423504e+01  3.743063e+01  0.000000e+00
      vertex -3.444320e+01  4.588925e+01  0.000000e+00
      vertex -3.425167e+01  4.630000e+01  0.000000e+00
    endloop
  endfacet
  facet normal  0.000000e+00  -0.000000e+00  1.000000e+00
    outer loop
      vertex -4.423504e+01  3.743063e+01  0.000000e+00
      vertex -3.425167e+01  4.630000e+01  0.000000e+00
      vertex -3.399171e+01  4.667125e+01  0.000000e+00
    endloop
  endfacet
  facet normal  0.000000e+00  -0.000000e+00  1.000000e+00
    outer loop
      vertex -4.423504e+01  3.743063e+01  0.000000e+00
      vertex -3.399171e+01  4.667125e+01  0.000000e+00
      vertex -3.367125e+01  4.699171e+01  0.000000e+00
    endloop
  endfacet
  facet normal  0.000000e+00  0.000000e+00  1.000000e+00
    outer loop
      vertex -3.200000e+01  4.760000e+01  0.000000e+00
      vertex -5.087156e+01  4.996195e+01  0.000000e+00
      vertex -5.173648e+01  4.984808e+01  0.000000e+00
    endloop
  endfacet
  facet normal  0.000000e+00  0.000000e+00  1.000000e+00
    outer loop
      vertex -3.200000e+01  4.760000e+01  0.000000e+00
      vertex -5.173648e+01  4.984808e+01  0.000000e+00
      vertex -5.258819e+01  4.965926e+01  0.000000e+00
    endloop
  endfacet
  facet normal  0.000000e+00  0.000000e+00  9.999999e-01
    outer loop
      vertex -3.200000e+01  4.760000e+01  0.000000e+00
      vertex -5.258819e+01  4.965926e+01  0.000000e+00
      vertex -5.342020e+01  4.939693e+01  0.000000e+00
    endloop
  endfacet
  facet normal  0.000000e+00  0.000000e+00  1.000000e+00
    outer loop
      vertex  4.770000e+01 -3.000000e+01  0.000000e+00
      vertex  5.400000e+01 -2.600000e+00  0.000000e+00
      vertex  5.354852e+01 -2.560500e+00  0.000000e+00
    endloop
  endfacet
  facet normal  0.000000e+00  0.000000e+00  1.000000e+00
    outer loop
      vertex  4.770000e+01 -3.000000e+01  0.000000e+00
      vertex  5.354852e+01 -2.560500e+00  0.000000e+00
      vertex  5.311075e+01 -2.443201e+00  0.000000e+00
    endloop
  endfacet
  facet normal  0.000000e+00  0.000000e+00  1.000000e+00
    outer loop
      vertex  4.770000e+01 -3.000000e+01  0.000000e+00
      vertex  5.311075e+01 -2.443201e+00  0.000000e+00
      vertex  5.270000e+01 -2.251666e+00  0.000000e+00
    endloop
  endfacet
  facet normal  0.000000e+00  0.000000e+00  1.000000e+00
    outer loop
      vertex  4.770000e+01 -3.000000e+01  0.000000e+00
      vertex  5.270000e+01 -2.251666e+00  0.000000e+00
      vertex  5.232875e+01 -1.991716e+00  0.000000e+00
    endloop
  endfacet
  facet normal  0.000000e+00  0.000000e+00  9.999999e-01
    outer loop
      vertex  4.770000e+01 -3.000000e+01  0.000000e+00
      vertex  5.232875e+01 -1.991716e+00  0.000000e+00
      vertex  5.200829e+01 -1.671248e+00  0.000000e+00
    endloop
  endfacet
  facet normal  0.000000e+00  0.000000e+00  1.000000e+00
    outer loop
      vertex  4.770000e+01 -3.000000e+01  0.000000e+00
      vertex  5.200829e+01 -1.671248e+00  0.000000e+00
      vertex  5.174833e+01 -1.300000e+00  0.000000e+00
    endloop
  endfacet
  facet normal  0.000000e+00  0.000000e+00  1.000000e+00
    outer loop
      vertex  4.770000e+01 -3.000000e+01  0.000000e+00
      vertex  5.174833e+01 -1.300000e+00  0.000000e+00
      vertex  5.155680e+01 -8.892524e-01  0.000000e+00
    endloop
  endfacet
  facet normal  0.000000e+00  0.000000e+00  9.999999e-01
    outer loop
      vertex  4.770000e+01 -3.000000e+01  0.000000e+00
      vertex  5.155680e+01 -8.892524e-01  0.000000e+00
      vertex  5.143950e+01 -4.514853e-01  0.000000e+00
    endloop
  endfacet
  facet normal  0.000000e+00  0.000000e+00  9.999999e-01
    outer loop
      vertex  4.770000e+01 -3.000000e+01  0.000000e+00
      vertex  5.143950e+01 -4.514853e-01  0.000000e+00
      vertex  5.140000e+01  3.184082e-16  0.000000e+00
    endloop
  endfacet
  facet normal  0.000000e+00  -0.000000e+00  1.000000e+00
    outer loop
      vertex  4.770000e+01 -3.000000e+01  0.000000e+00
      vertex  5.140000e+01  3.184082e-16  0.000000e+00
      vertex  5.143950e+01  4.514853e-01  0.000000e+00
    endloop
  endfacet
  facet normal  0.000000e+00  0.000000e+00  1.000000e+00
    outer loop
      vertex  4.770000e+01  3.000000e+01  0.000000e+00
      vertex  4.770000e+01 -3.000000e+01  0.000000e+00
      vertex  5.143950e+01  4.514853e-01  0.000000e+00
    endloop
  endfacet
  facet normal  0.000000e+00  -0.000000e+00  9.999999e-01
    outer loop
      vertex  4.770000e+01  3.000000e+01  0.000000e+00
      vertex  5.143950e+01  4.514853e-01  0.000000e+00
      vertex  5.155680e+01  8.892524e-01  0.000000e+00
    endloop
  endfacet
  facet normal  0.000000e+00  -0.000000e+00  1.000000e+00
    outer loop
      vertex  4.770000e+01  3.000000e+01  0.000000e+00
      vertex  5.155680e+01  8.892524e-01  0.000000e+00
      vertex  5.174833e+01  1.300000e+00  0.000000e+00
    endloop
  endfacet
  facet normal  0.000000e+00  -0.000000e+00  1.000000e+00
    outer loop
      vertex  4.770000e+01  3.000000e+01  0.000000e+00
      vertex  5.174833e+01  1.300000e+00  0.000000e+00
      vertex  5.200829e+01  1.671248e+00  0.000000e+00
    endloop
  endfacet
  facet normal  0.000000e+00  -0.000000e+00  1.000000e+00
    outer loop
      vertex  4.770000e+01  3.000000e+01  0.000000e+00
      vertex  5.200829e+01  1.671248e+00  0.000000e+00
      vertex  5.232875e+01  1.991716e+00  0.000000e+00
    endloop
  endfacet
  facet normal  0.000000e+00  -0.000000e+00  1.000000e+00
    outer loop
      vertex  4.770000e+01  3.000000e+01  0.000000e+00
      vertex  5.232875e+01  1.991716e+00  0.000000e+00
      vertex  5.270000e+01  2.251666e+00  0.000000e+00
    endloop
  endfacet
  facet normal  0.000000e+00  -0.000000e+00  1.000000e+00
    outer loop
      vertex  4.770000e+01  3.000000e+01  0.000000e+00
      vertex  5.270000e+01  2.251666e+00  0.000000e+00
      vertex  5.311075e+01  2.443201e+00  0.000000e+00
    endloop
  endfacet
  facet normal  0.000000e+00  -0.000000e+00  1.000000e+00
    outer loop
      vertex  4.770000e+01  3.000000e+01  0.000000e+00
      vertex  5.311075e+01  2.443201e+00  0.000000e+00
      vertex  5.354852e+01  2.560500e+00  0.000000e+00
    endloop
  endfacet
  facet normal  0.000000e+00  -0.000000e+00  1.000000e+00
    outer loop
      vertex  4.770000e+01  3.000000e+01  0.000000e+00
      vertex  5.354852e+01  2.560500e+00  0.000000e+00
      vertex  5.400000e+01  2.600000e+00  0.000000e+00
    endloop
  endfacet
  facet normal  0.000000e+00  0.000000e+00  1.000000e+00
    outer loop
      vertex  4.770000e+01  3.000000e+01  0.000000e+00
      vertex  5.400000e+01  2.600000e+00  0.000000e+00
      vertex  4.766309e+01  3.084541e+01  0.000000e+00
    endloop
  endfacet
  facet normal  0.000000e+00  0.000000e+00  1.000000e+00
    outer loop
      vertex  4.131760e+01  3.911502e+01  0.000000e+00
      vertex  3.330000e+01  4.274833e+01  0.000000e+00
      vertex  3.288925e+01  4.255680e+01  0.000000e+00
    endloop
  endfacet
  facet normal  0.000000e+00  0.000000e+00  1.000000e+00
    outer loop
      vertex  4.131760e+01  3.911502e+01  0.000000e+00
      vertex  3.288925e+01  4.255680e+01  0.000000e+00
      vertex  3.245148e+01  4.243950e+01  0.000000e+00
    endloop
  endfacet
  facet normal  0.000000e+00  0.000000e+00  9.999999e-01
    outer loop
      vertex  4.131760e+01  3.911502e+01  0.000000e+00
      vertex  3.245148e+01  4.243950e+01  0.000000e+00
      vertex  3.200000e+01  4.240000e+01  0.000000e+00
    endloop
  endfacet
  facet normal  0.000000e+00  0.000000e+00  1.000000e+00
    outer loop
      vertex  4.131760e+01  3.911502e+01  0.000000e+00
      vertex  3.200000e+01  4.240000e+01  0.000000e+00
      vertex  4.051054e+01  3.936948e+01  0.000000e+00
    endloop
  endfacet
  facet normal  0.000000e+00  0.000000e+00  1.000000e+00
    outer loop
      vertex  4.209940e+01  3.879119e+01  0.000000e+00
      vertex  3.399171e+01  4.332875e+01  0.000000e+00
      vertex  3.367125e+01  4.300829e+01  0.000000e+00
    endloop
  endfacet
  facet normal  0.000000e+00  0.000000e+00  1.000000e+00
    outer loop
      vertex  4.209940e+01  3.879119e+01  0.000000e+00
      vertex  3.367125e+01  4.300829e+01  0.000000e+00
      vertex  3.330000e+01  4.274833e+01  0.000000e+00
    endloop
  endfacet
  facet normal  0.000000e+00  0.000000e+00  1.000000e+00
    outer loop
      vertex  4.209940e+01  3.879119e+01  0.000000e+00
      vertex  3.330000e+01  4.274833e+01  0.000000e+00
      vertex  4.131760e+01  3.911502e+01  0.000000e+00
    endloop
  endfacet
  facet normal  0.000000e+00  0.000000e+00  1.000000e+00
    outer loop
      vertex  4.285000e+01  3.840045e+01  0.000000e+00
      vertex  3.444320e+01  4.411075e+01  0.000000e+00
      vertex  3.425167e+01  4.370000e+01  0.000000e+00
    endloop
  endfacet
  facet normal  0.000000e+00  0.000000e+00  1.000000e+00
    outer loop
      vertex  4.285000e+01  3.840045e+01  0.000000e+00
      vertex  3.425167e+01  4.370000e+01  0.000000e+00
      vertex  3.399171e+01  4.332875e+01  0.000000e+00
    endloop
  endfacet
  facet normal  0.000000e+00  0.000000e+00  9.999999e-01
    outer loop
      vertex  4.285000e+01  3.840045e+01  0.000000e+00
      vertex  3.399171e+01  4.332875e+01  0.000000e+00
      vertex  4.209940e+01  3.879119e+01  0.000000e+00
    endloop
  endfacet
  facet normal  0.000000e+00  0.000000e+00  1.000000e+00
    outer loop
      vertex  4.356369e+01  3.794577e+01  0.000000e+00
      vertex  3.456050e+01  4.545148e+01  0.000000e+00
      vertex  3.460000e+01  4.500000e+01  0.000000e+00
    endloop
  endfacet
  facet normal  0.000000e+00  0.000000e+00  1.000000e+00
    outer loop
      vertex  4.356369e+01  3.794577e+01  0.000000e+00
      vertex  3.460000e+01  4.500000e+01  0.000000e+00
      vertex  3.456050e+01  4.454852e+01  0.000000e+00
    endloop
  endfacet
  facet normal  0.000000e+00  0.000000e+00  1.000000e+00
    outer loop
      vertex  4.356369e+01  3.794577e+01  0.000000e+00
      vertex  3.456050e+01  4.454852e+01  0.000000e+00
      vertex  3.444320e+01  4.411075e+01  0.000000e+00
    endloop
  endfacet
  facet normal  0.000000e+00  0.000000e+00  1.000000e+00
    outer loop
      vertex  4.356369e+01  3.794577e+01  0.000000e+00
      vertex  3.444320e+01  4.411075e+01  0.000000e+00
      vertex  4.285000e+01  3.840045e+01  0.000000e+00
    endloop
  endfacet
  facet normal  0.000000e+00  0.000000e+00  1.000000e+00
    outer loop
      vertex  4.423504e+01  3.743063e+01  0.000000e+00
      vertex  3.367125e+01  4.699171e+01  0.000000e+00
      vertex  3.399171e+01  4.667125e+01  0.000000e+00
    endloop
  endfacet
  facet normal  0.000000e+00  0.000000e+00  1.000000e+00
    outer loop
      vertex  4.423504e+01  3.743063e+01  0.000000e+00
      vertex  3.399171e+01  4.667125e+01  0.000000e+00
      vertex  3.425167e+01  4.630000e+01  0.000000e+00
    endloop
  endfacet
  facet normal  0.000000e+00  0.000000e+00  1.000000e+00
    outer loop
      vertex  4.423504e+01  3.743063e+01  0.000000e+00
      vertex  3.425167e+01  4.630000e+01  0.000000e+00
      vertex  3.444320e+01  4.588925e+01  0.000000e+00
    endloop
  endfacet
  facet normal  0.000000e+00  0.000000e+00  9.999999e-01
    outer loop
      vertex  4.423504e+01  3.743063e+01  0.000000e+00
      vertex  3.444320e+01  4.588925e+01  0.000000e+00
      vertex  3.456050e+01  4.545148e+01  0.000000e+00
    endloop
  endfacet
  facet normal  0.000000e+00  0.000000e+00  1.000000e+00
    outer loop
      vertex  4.423504e+01  3.743063e+01  0.000000e+00
      vertex  3.456050e+01  4.545148e+01  0.000000e+00
      vertex  4.356369e+01  3.794577e+01  0.000000e+00
    endloop
  endfacet
  facet normal  0.000000e+00  0.000000e+00  9.999999e-01
    outer loop
      vertex  3.200000e+01  4.760000e+01  0.000000e+00
      vertex  5.342020e+01  4.939693e+01  0.000000e+00
      vertex  5.258819e+01  4.965926e+01  0.000000e+00
    endloop
  endfacet
  facet normal  0.000000e+00  0.000000e+00  1.000000e+00
    outer loop
      vertex  3.200000e+01  4.760000e+01  0.000000e+00
      vertex  5.258819e+01  4.965926e+01  0.000000e+00
      vertex  5.173648e+01  4.984808e+01  0.000000e+00
    endloop
  endfacet
  facet normal  0.000000e+00  0.000000e+00  1.000000e+00
    outer loop
      vertex  3.200000e+01  4.760000e+01  0.000000e+00
      vertex  5.173648e+01  4.984808e+01  0.000000e+00
      vertex  5.087156e+01  4.996195e+01  0.000000e+00
    endloop
  endfacet
  facet normal  0.000000e+00  0.000000e+00  1.000000e+00
    outer loop
      vertex  3.200000e+01  4.760000e+01  0.000000e+00
      vertex  5.087156e+01  4.996195e+01  0.000000e+00
      vertex  5.000000e+01  5.000000e+01  0.000000e+00
    endloop
  endfacet
  facet normal  0.000000e+00  0.000000e+00  1.000000e+00
    outer loop
      vertex  6.000000e+01 -4.000000e+01  0.000000e+00
      vertex  5.660000e+01  0.000000e+00  0.000000e+00
      vertex  5.656050e+01 -4.514853e-01  0.000000e+00
    endloop
  endfacet
  facet normal  0.000000e+00  0.000000e+00  1.000000e+00
    outer loop
      vertex  6.000000e+01 -4.000000e+01  0.000000e+00
      vertex  5.656050e+01 -4.514853e-01  0.000000e+00
      vertex  5.644320e+01 -8.892524e-01  0.000000e+00
    endloop
  endfacet
  facet normal  0.000000e+00  0.000000e+00  1.000000e+00
    outer loop
      vertex  6.000000e+01 -4.000000e+01  0.000000e+00
      vertex  5.644320e+01 -8.892524e-01  0.000000e+00
      vertex  5.625167e+01 -1.300000e+00  0.000000e+00
    endloop
  endfacet
  facet normal  0.000000e+00  0.000000e+00  1.000000e+00
    outer loop
      vertex  6.000000e+01 -4.000000e+01  0.000000e+00
      vertex  5.625167e+01 -1.300000e+00  0.000000e+00
      vertex  5.599171e+01 -1.671248e+00  0.000000e+00
    endloop
  endfacet
  facet normal  0.000000e+00  0.000000e+00  1.000000e+00
    outer loop
      vertex  6.000000e+01 -4.000000e+01  0.000000e+00
      vertex  5.599171e+01 -1.671248e+00  0.000000e+00
      vertex  5.567125e+01 -1.991716e+00  0.000000e+00
    endloop
  endfacet
  facet normal  0.000000e+00  0.000000e+00  1.000000e+00
    outer loop
      vertex  6.000000e+01 -4.000000e+01  0.000000e+00
      vertex  5.567125e+01 -1.991716e+00  0.000000e+00
      vertex  5.530000e+01 -2.251666e+00  0.000000e+00
    endloop
  endfacet
  facet normal  0.000000e+00  0.000000e+00  1.000000e+00
    outer loop
      vertex  6.000000e+01 -4.000000e+01  0.000000e+00
      vertex  5.530000e+01 -2.251666e+00  0.000000e+00
      vertex  5.488925e+01 -2.443201e+00  0.000000e+00
    endloop
  endfacet
  facet normal  0.000000e+00  0.000000e+00  1.000000e+00
    outer loop
      vertex  6.000000e+01 -4.000000e+01  0.000000e+00
      vertex  5.488925e+01 -2.443201e+00  0.000000e+00
      vertex  5.445148e+01 -2.560500e+00  0.000000e+00
    endloop
  endfacet
  facet normal  0.000000e+00  0.000000e+00  1.000000e+00
    outer loop
      vertex  6.000000e+01 -4.000000e+01  0.000000e+00
      vertex  5.445148e+01 -2.560500e+00  0.000000e+00
      vertex  5.400000e+01 -2.600000e+00  0.000000e+00
    endloop
  endfacet
  facet normal  -0.000000e+00  0.000000e+00  1.000000e+00
    outer loop
      vertex  6.000000e+01  4.000000e+01  0.000000e+00
      vertex  5.400000e+01  2.600000e+00  0.000000e+00
      vertex  5.445148e+01  2.560500e+00  0.000000e+00
    endloop
  endfacet
  facet normal  -0.000000e+00  0.000000e+00  1.000000e+00
    outer loop
      vertex  6.000000e+01  4.000000e+01  0.000000e+00
      vertex  5.445148e+01  2.560500e+00  0.000000e+00
      vertex  5.488925e+01  2.443201e+00  0.000000e+00
    endloop
  endfacet
  facet normal  -0.000000e+00  0.000000e+00  1.000000e+00
    outer loop
      vertex  6.000000e+01  4.000000e+01  0.000000e+00
      vertex  5.488925e+01  2.443201e+00  0.000000e+00
      vertex  5.530000e+01  2.251666e+00  0.000000e+00
    endloop
  endfacet
  facet normal  -0.000000e+00  0.000000e+00  1.000000e+00
    outer loop
      vertex  6.000000e+01  4.000000e+01  0.000000e+00
      vertex  5.530000e+01  2.251666e+00  0.000000e+00
      vertex  5.567125e+01  1.991716e+00  0.000000e+00
    endloop
  endfacet
  facet normal  -0.000000e+00  0.000000e+00  1.000000e+00
    outer loop
      vertex  6.000000e+01  4.000000e+01  0.000000e+00
      vertex  5.567125e+01  1.991716e+00  0.000000e+00
      vertex  5.599171e+01  1.671248e+00  0.000000e+00
    endloop
  endfacet
  facet normal  -0.000000e+00  0.000000e+00  1.000000e+00
    outer loop
      vertex  6.000000e+01  4.000000e+01  0.000000e+00
      vertex  5.599171e+01  1.671248e+00  0.000000e+00
      vertex  5.625167e+01  1.300000e+00  0.000000e+00
    endloop
  endfacet
  facet normal  -0.000000e+00  0.000000e+00  1.000000e+00
    outer loop
      vertex  6.000000e+01  4.000000e+01  0.000000e+00
      vertex  5.625167e+01  1.300000e+00  0.000000e+00
      vertex  5.644320e+01  8.892524e-01  0.000000e+00
    endloop
  endfacet
  facet normal  -0.000000e+00  0.000000e+00  1.000000e+00
    outer loop
      vertex  6.000000e+01  4.000000e+01  0.000000e+00
      vertex  5.644320e+01  8.892524e-01  0.000000e+00
      vertex  5.656050e+01  4.514853e-01  0.000000e+00
    endloop
  endfacet
  facet normal  -0.000000e+00  0.000000e+00  1.000000e+00
    outer loop
      vertex  6.000000e+01  4.000000e+01  0.000000e+00
      vertex  5.656050e+01  4.514853e-01  0.000000e+00
      vertex  5.660000e+01  0.000000e+00  0.000000e+00
    endloop
  endfacet
  facet normal  -0.000000e+00  0.000000e+00  1.000000e+00
    outer loop
      vertex  6.000000e+01  4.000000e+01  0.000000e+00
      vertex  5.660000e+01  0.000000e+00  0.000000e+00
      vertex  6.000000e+01 -4.000000e+01  0.000000e+00
    endloop
  endfacet
  facet normal  0.000000e+00  0.000000e+00  1.000000e+00
    outer loop
      vertex  5.400000e+01  2.600000e+00  0.000000e+00
      vertex  6.000000e+01  4.000000e+01  0.000000e+00
      vertex  5.996195e+01  4.087156e+01  0.000000e+00
    endloop
  endfacet
  facet normal  0.000000e+00  0.000000e+00  1.000000e+00
    outer loop
      vertex  5.400000e+01  2.600000e+00  0.000000e+00
      vertex  5.996195e+01  4.087156e+01  0.000000e+00
      vertex  5.984808e+01  4.173648e+01  0.000000e+00
    endloop
  endfacet
  facet normal  0.000000e+00  0.000000e+00  1.000000e+00
    outer loop
      vertex  5.400000e+01  2.600000e+00  0.000000e+00
      vertex  5.984808e+01  4.173648e+01  0.000000e+00
      vertex  5.965926e+01  4.258819e+01  0.000000e+00
    endloop
  endfacet
  facet normal  0.000000e+00  0.000000e+00  1.000000e+00
    outer loop
      vertex  5.400000e+01  2.600000e+00  0.000000e+00
      vertex  5.965926e+01  4.258819e+01  0.000000e+00
      vertex  5.939693e+01  4.342020e+01  0.000000e+00
    endloop
  endfacet
  facet normal  0.000000e+00  0.000000e+00  9.999999e-01
    outer loop
      vertex  5.400000e+01  2.600000e+00  0.000000e+00
      vertex  5.939693e+01  4.342020e+01  0.000000e+00
      vertex  5.906308e+01  4.422618e+01  0.000000e+00
    endloop
  endfacet
  facet normal  0.000000e+00  0.000000e+00  9.999999e-01
    outer loop
      vertex  5.400000e+01  2.600000e+00  0.000000e+00
      vertex  5.906308e+01  4.422618e+01  0.000000e+00
      vertex  5.866026e+01  4.500000e+01  0.000000e+00
    endloop
  endfacet
  facet normal  0.000000e+00  0.000000e+00  1.000000e+00
    outer loop
      vertex  5.400000e+01  2.600000e+00  0.000000e+00
      vertex  5.866026e+01  4.500000e+01  0.000000e+00
      vertex  5.819152e+01  4.573576e+01  0.000000e+00
    endloop
  endfacet
  facet normal  0.000000e+00  0.000000e+00  1.000000e+00
    outer loop
      vertex  5.400000e+01  2.600000e+00  0.000000e+00
      vertex  5.819152e+01  4.573576e+01  0.000000e+00
      vertex  5.766045e+01  4.642788e+01  0.000000e+00
    endloop
  endfacet
  facet normal  0.000000e+00  0.000000e+00  1.000000e+00
    outer loop
      vertex  5.400000e+01  2.600000e+00  0.000000e+00
      vertex  5.766045e+01  4.642788e+01  0.000000e+00
      vertex  5.707107e+01  4.707107e+01  0.000000e+00
    endloop
  endfacet
  facet normal  0.000000e+00  0.000000e+00  1.000000e+00
    outer loop
      vertex  5.400000e+01  2.600000e+00  0.000000e+00
      vertex  5.707107e+01  4.707107e+01  0.000000e+00
      vertex  5.642788e+01  4.766045e+01  0.000000e+00
    endloop
  endfacet
  facet normal  0.000000e+00  0.000000e+00  1.000000e+00
    outer loop
      vertex  5.400000e+01  2.600000e+00  0.000000e+00
      vertex  5.642788e+01  4.766045e+01  0.000000e+00
      vertex  5.573576e+01  4.819152e+01  0.000000e+00
    endloop
  endfacet
  facet normal  0.000000e+00  0.000000e+00  1.000000e+00
    outer loop
      vertex  5.400000e+01  2.600000e+00  0.000000e+00
      vertex  5.573576e+01  4.819152e+01  0.000000e+00
      vertex  5.500000e+01  4.866026e+01  0.000000e+00
    endloop
  endfacet
  facet normal  0.000000e+00  0.000000e+00  1.000000e+00
    outer loop
      vertex  5.400000e+01  2.600000e+00  0.000000e+00
      vertex  5.500000e+01  4.866026e+01  0.000000e+00
      vertex  5.422618e+01  4.906308e+01  0.000000e+00
    endloop
  endfacet
  facet normal  -0.000000e+00  0.000000e+00  1.000000e+00
    outer loop
      vertex  1.592041e-16 -4.240000e+01  0.000000e+00
      vertex -3.200000e+01 -4.240000e+01  0.000000e+00
      vertex -4.514853e-01 -4.243950e+01  0.000000e+00
    endloop
  endfacet
  facet normal  0.000000e+00  0.000000e+00  1.000000e+00
    outer loop
      vertex -4.514853e-01 -4.243950e+01  0.000000e+00
      vertex -3.200000e+01 -4.240000e+01  0.000000e+00
      vertex -3.154852e+01 -4.243950e+01  0.000000e+00
    endloop
  endfacet
  facet normal  -0.000000e+00  0.000000e+00  1.000000e+00
    outer loop
      vertex -4.514853e-01 -4.243950e+01  0.000000e+00
      vertex -3.154852e+01 -4.243950e+01  0.000000e+00
      vertex -8.892524e-01 -4.255680e+01  0.000000e+00
    endloop
  endfacet
  facet normal  0.000000e+00  0.000000e+00  1.000000e+00
    outer loop
      vertex -8.892524e-01 -4.255680e+01  0.000000e+00
      vertex -3.154852e+01 -4.243950e+01  0.000000e+00
      vertex -3.111075e+01 -4.255680e+01  0.000000e+00
    endloop
  endfacet
  facet normal  -0.000000e+00  0.000000e+00  1.000000e+00
    outer loop
      vertex -8.892524e-01 -4.255680e+01  0.000000e+00
      vertex -3.111075e+01 -4.255680e+01  0.000000e+00
      vertex -1.300000e+00 -4.274833e+01  0.000000e+00
    endloop
  endfacet
  facet normal  0.000000e+00  0.000000e+00  9.999999e-01
    outer loop
      vertex -1.300000e+00 -4.274833e+01  0.000000e+00
      vertex -3.111075e+01 -4.255680e+01  0.000000e+00
      vertex -3.070000e+01 -4.274833e+01  0.000000e+00
    endloop
  endfacet
  facet normal  -0.000000e+00  0.000000e+00  9.999999e-01
    outer loop
      vertex -1.300000e+00 -4.274833e+01  0.000000e+00
      vertex -3.070000e+01 -4.274833e+01  0.000000e+00
      vertex -1.671248e+00 -4.300829e+01  0.000000e+00
    endloop
  endfacet
  facet normal  0.000000e+00  0.000000e+00  1.000000e+00
    outer loop
      vertex -1.671248e+00 -4.300829e+01  0.000000e+00
      vertex -3.070000e+01 -4.274833e+01  0.000000e+00
      vertex -3.032875e+01 -4.300829e+01  0.000000e+00
    endloop
  endfacet
  facet normal  -0.000000e+00  0.000000e+00  1.000000e+00
    outer loop
      vertex -1.671248e+00 -4.300829e+01  0.000000e+00
      vertex -3.032875e+01 -4.300829e+01  0.000000e+00
      vertex -1.991716e+00 -4.332875e+01  0.000000e+00
    endloop
  endfacet
  facet normal  0.000000e+00  0.000000e+00  1.000000e+00
    outer loop
      vertex -1.991716e+00 -4.332875e+01  0.000000e+00
      vertex -3.032875e+01 -4.300829e+01  0.000000e+00
      vertex -3.000828e+01 -4.332875e+01  0.000000e+00
    endloop
  endfacet
  facet normal  -0.000000e+00  0.000000e+00  1.000000e+00
    outer loop
      vertex -1.991716e+00 -4.332875e+01  0.000000e+00
      vertex -3.000828e+01 -4.332875e+01  0.000000e+00
      vertex -2.251666e+00 -4.370000e+01  0.000000e+00
    endloop
  endfacet
  facet normal  0.000000e+00  0.000000e+00  1.000000e+00
    outer loop
      vertex -2.251666e+00 -4.370000e+01  0.000000e+00
      vertex -3.000828e+01 -4.332875e+01  0.000000e+00
      vertex -2.974833e+01 -4.370000e+01  0.000000e+00
    endloop
  endfacet
  facet normal  -0.000000e+00  0.000000e+00  1.000000e+00
    outer loop
      vertex -2.251666e+00 -4.370000e+01  0.000000e+00
      vertex -2.974833e+01 -4.370000e+01  0.000000e+00
      vertex -2.443201e+00 -4.411075e+01  0.000000e+00
    endloop
  endfacet
  facet normal  0.000000e+00  0.000000e+00  1.000000e+00
    outer loop
      vertex -2.443201e+00 -4.411075e+01  0.000000e+00
      vertex -2.974833e+01 -4.370000e+01  0.000000e+00
      vertex -2.955680e+01 -4.411075e+01  0.000000e+00
    endloop
  endfacet
  facet normal  -0.000000e+00  0.000000e+00  1.000000e+00
    outer loop
      vertex -2.443201e+00 -4.411075e+01  0.000000e+00
      vertex -2.955680e+01 -4.411075e+01  0.000000e+00
      vertex -2.560500e+00 -4.454852e+01  0.000000e+00
    endloop
  endfacet
  facet normal  0.000000e+00  0.000000e+00  1.000000e+00
    outer loop
      vertex -2.560500e+00 -4.454852e+01  0.000000e+00
      vertex -2.955680e+01 -4.411075e+01  0.000000e+00
      vertex -2.943950e+01 -4.454852e+01  0.000000e+00
    endloop
  endfacet
  facet normal  -0.000000e+00  0.000000e+00  1.000000e+00
    outer loop
      vertex -2.560500e+00 -4.454852e+01  0.000000e+00
      vertex -2.943950e+01 -4.454852e+01  0.000000e+00
      vertex -2.600000e+00 -4.500000e+01  0.000000e+00
    endloop
  endfacet
  facet normal  0.000000e+00  0.000000e+00  1.000000e+00
    outer loop
      vertex -2.600000e+00 -4.500000e+01  0.000000e+00
      vertex -2.943950e+01 -4.454852e+01  0.000000e+00
      vertex -2.940000e+01 -4.500000e+01  0.000000e+00
    endloop
  endfacet
  facet normal  -0.000000e+00  0.000000e+00  1.000000e+00
    outer loop
      vertex -2.600000e+00 -4.500000e+01  0.000000e+00
      vertex -2.940000e+01 -4.500000e+01  0.000000e+00
      vertex -2.560500e+00 -4.545148e+01  0.000000e+00
    endloop
  endfacet
  facet normal  0.000000e+00  0.000000e+00  1.000000e+00
    outer loop
      vertex -2.560500e+00 -4.545148e+01  0.000000e+00
      vertex -2.940000e+01 -4.500000e+01  0.000000e+00
      vertex -2.943950e+01 -4.545148e+01  0.000000e+00
    endloop
  endfacet
  facet normal  -0.000000e+00  0.000000e+00  1.000000e+00
    outer loop
      vertex -2.560500e+00 -4.545148e+01  0.000000e+00
      vertex -2.943950e+01 -4.545148e+01  0.000000e+00
      vertex -2.443201e+00 -4.588925e+01  0.000000e+00
    endloop
  endfacet
  facet normal  0.000000e+00  0.000000e+00  1.000000e+00
    outer loop
      vertex -2.443201e+00 -4.588925e+01  0.000000e+00
      vertex -2.943950e+01 -4.545148e+01  0.000000e+00
      vertex -2.955680e+01 -4.588925e+01  0.000000e+00
    endloop
  endfacet
  facet normal  -0.000000e+00  0.000000e+00  1.000000e+00
    outer loop
      vertex -2.443201e+00 -4.588925e+01  0.000000e+00
      vertex -2.955680e+01 -4.588925e+01  0.000000e+00
      vertex -2.251666e+00 -4.630000e+01  0.000000e+00
    endloop
  endfacet
  facet normal  0.000000e+00  0.000000e+00  1.000000e+00
    outer loop
      vertex -2.251666e+00 -4.630000e+01  0.000000e+00
      vertex -2.955680e+01 -4.588925e+01  0.000000e+00
      vertex -2.974833e+01 -4.630000e+01  0.000000e+00
    endloop
  endfacet
  facet normal  -0.000000e+00  0.000000e+00  1.000000e+00
    outer loop
      vertex -2.251666e+00 -4.630000e+01  0.000000e+00
      vertex -2.974833e+01 -4.630000e+01  0.000000e+00
      vertex -1.991716e+00 -4.667125e+01  0.000000e+00
    endloop
  endfacet
  facet normal  0.000000e+00  0.000000e+00  1.000000e+00
    outer loop
      vertex -1.991716e+00 -4.667125e+01  0.000000e+00
      vertex -2.974833e+01 -4.630000e+01  0.000000e+00
      vertex -3.000828e+01 -4.667125e+01  0.000000e+00
    endloop
  endfacet
  facet normal  -0.000000e+00  0.000000e+00  1.000000e+00
    outer loop
      vertex -1.991716e+00 -4.667125e+01  0.000000e+00
      vertex -3.000828e+01 -4.667125e+01  0.000000e+00
      vertex -1.671248e+00 -4.699171e+01  0.000000e+00
    endloop
  endfacet
  facet normal  0.000000e+00  0.000000e+00  1.000000e+00
    outer loop
      vertex -1.671248e+00 -4.699171e+01  0.000000e+00
      vertex -3.000828e+01 -4.667125e+01  0.000000e+00
      vertex -3.032875e+01 -4.699171e+01  0.000000e+00
    endloop
  endfacet
  facet normal  -0.000000e+00  0.000000e+00  1.000000e+00
    outer loop
      vertex -1.671248e+00 -4.699171e+01  0.000000e+00
      vertex -3.032875e+01 -4.699171e+01  0.000000e+00
      vertex -1.300000e+00 -4.725167e+01  0.000000e+00
    endloop
  endfacet
  facet normal  0.000000e+00  0.000000e+00  9.999999e-01
    outer loop
      vertex -1.300000e+00 -4.725167e+01  0.000000e+00
      vertex -3.032875e+01 -4.699171e+01  0.000000e+00
      vertex -3.070000e+01 -4.725167e+01  0.000000e+00
    endloop
  endfacet
  facet normal  -0.000000e+00  0.000000e+00  9.999999e-01
    outer loop
      vertex -1.300000e+00 -4.725167e+01  0.000000e+00
      vertex -3.070000e+01 -4.725167e+01  0.000000e+00
      vertex -8.892524e-01 -4.744320e+01  0.000000e+00
    endloop
  endfacet
  facet normal  0.000000e+00  0.000000e+00  1.000000e+00
    outer loop
      vertex -8.892524e-01 -4.744320e+01  0.000000e+00
      vertex -3.070000e+01 -4.725167e+01  0.000000e+00
      vertex -3.111075e+01 -4.744320e+01  0.000000e+00
    endloop
  endfacet
  facet normal  -0.000000e+00  0.000000e+00  1.000000e+00
    outer loop
      vertex -8.892524e-01 -4.744320e+01  0.000000e+00
      vertex -3.111075e+01 -4.744320e+01  0.000000e+00
      vertex -4.514853e-01 -4.756050e+01  0.000000e+00
    endloop
  endfacet
  facet normal  0.000000e+00  0.000000e+00  1.000000e+00
    outer loop
      vertex -4.514853e-01 -4.756050e+01  0.000000e+00
      vertex -3.111075e+01 -4.744320e+01  0.000000e+00
      vertex -3.154852e+01 -4.756050e+01  0.000000e+00
    endloop
  endfacet
  facet normal  -0.000000e+00  0.000000e+00  1.000000e+00
    outer loop
      vertex -4.514853e-01 -4.756050e+01  0.000000e+00
      vertex -3.154852e+01 -4.756050e+01  0.000000e+00
      vertex -4.776122e-16 -4.760000e+01  0.000000e+00
    endloop
  endfacet
  facet normal  0.000000e+00  0.000000e+00  1.000000e+00
    outer loop
      vertex -4.776122e-16 -4.760000e+01  0.000000e+00
      vertex -3.154852e+01 -4.756050e+01  0.000000e+00
      vertex -3.200000e+01 -4.760000e+01  0.000000e+00
    endloop
  endfacet
  facet normal  -0.000000e+00  0.000000e+00  1.000000e+00
    outer loop
      vertex  1.592041e-16  4.760000e+01  0.000000e+00
      vertex -3.200000e+01  4.760000e+01  0.000000e+00
      vertex -4.514853e-01  4.756050e+01  0.000000e+00
    endloop
  endfacet
  facet normal  0.000000e+00  0.000000e+00  1.000000e+00
    outer loop
      vertex -4.514853e-01  4.756050e+01  0.000000e+00
      vertex -3.200000e+01  4.760000e+01  0.000000e+00
      vertex -3.154852e+01  4.756050e+01  0.000000e+00
    endloop
  endfacet
  facet normal  -0.000000e+00  0.000000e+00  1.000000e+00
    outer loop
      vertex -4.514853e-01  4.756050e+01  0.000000e+00
      vertex -3.154852e+01  4.756050e+01  0.000000e+00
      vertex -8.892524e-01  4.744320e+01  0.000000e+00
    endloop
  endfacet
  facet normal  0.000000e+00  0.000000e+00  1.000000e+00
    outer loop
      vertex -8.892524e-01  4.744320e+01  0.000000e+00
      vertex -3.154852e+01  4.756050e+01  0.000000e+00
      vertex -3.111075e+01  4.744320e+01  0.000000e+00
    endloop
  endfacet
  facet normal  -0.000000e+00  0.000000e+00  1.000000e+00
    outer loop
      vertex -8.892524e-01  4.744320e+01  0.000000e+00
      vertex -3.111075e+01  4.744320e+01  0.000000e+00
      vertex -1.300000e+00  4.725167e+01  0.000000e+00
    endloop
  endfacet
  facet normal  0.000000e+00  0.000000e+00  9.999999e-01
    outer loop
      vertex -1.300000e+00  4.725167e+01  0.000000e+00
      vertex -3.111075e+01  4.744320e+01  0.000000e+00
      vertex -3.070000e+01  4.725167e+01  0.000000e+00
    endloop
  endfacet
  facet normal  -0.000000e+00  0.000000e+00  9.999999e-01
    outer loop
      vertex -1.300000e+00  4.725167e+01  0.000000e+00
      vertex -3.070000e+01  4.725167e+01  0.000000e+00
      vertex -1.671248e+00  4.699171e+01  0.000000e+00
    endloop
  endfacet
  facet normal  0.000000e+00  0.000000e+00  1.000000e+00
    outer loop
      vertex -1.671248e+00  4.699171e+01  0.000000e+00
      vertex -3.070000e+01  4.725167e+01  0.000000e+00
      vertex -3.032875e+01  4.699171e+01  0.000000e+00
    endloop
  endfacet
  facet normal  -0.000000e+00  0.000000e+00  1.000000e+00
    outer loop
      vertex -1.671248e+00  4.699171e+01  0.000000e+00
      vertex -3.032875e+01  4.699171e+01  0.000000e+00
      vertex -1.991716e+00  4.667125e+01  0.000000e+00
    endloop
  endfacet
  facet normal  0.000000e+00  0.000000e+00  1.000000e+00
    outer loop
      vertex -1.991716e+00  4.667125e+01  0.000000e+00
      vertex -3.032875e+01  4.699171e+01  0.000000e+00
      vertex -3.000828e+01  4.667125e+01  0.000000e+00
    endloop
  endfacet
  facet normal  -0.000000e+00  0.000000e+00  1.000000e+00
    outer loop
      vertex -1.991716e+00  4.667125e+01  0.000000e+00
      vertex -3.000828e+01  4.667125e+01  0.000000e+00
      vertex -2.251666e+00  4.630000e+01  0.000000e+00
    endloop
  endfacet
  facet normal  0.000000e+00  0.000000e+00  1.000000e+00
    outer loop
      vertex -2.251666e+00  4.630000e+01  0.000000e+00
      vertex -3.000828e+01  4.667125e+01  0.000000e+00
      vertex -2.974833e+01  4.630000e+01  0.000000e+00
    endloop
  endfacet
  facet normal  -0.000000e+00  0.000000e+00  1.000000e+00
    outer loop
      vertex -2.251666e+00  4.630000e+01  0.000000e+00
      vertex -2.974833e+01  4.630000e+01  0.000000e+00
      vertex -2.443201e+00  4.588925e+01  0.000000e+00
    endloop
  endfacet
  facet normal  0.000000e+00  0.000000e+00  1.000000e+00
    outer loop
      vertex -2.443201e+00  4.588925e+01  0.000000e+00
      vertex -2.974833e+01  4.630000e+01  0.000000e+00
      vertex -2.955680e+01  4.588925e+01  0.000000e+00
    endloop
  endfacet
  facet normal  -0.000000e+00  0.000000e+00  1.000000e+00
    outer loop
      vertex -2.443201e+00  4.588925e+01  0.000000e+00
      vertex -2.955680e+01  4.588925e+01  0.000000e+00
      vertex -2.560500e+00  4.545148e+01  0.000000e+00
    endloop
  endfacet
  facet normal  0.000000e+00  0.000000e+00  1.000000e+00
    outer loop
      vertex -2.560500e+00  4.545148e+01  0.000000e+00
      vertex -2.955680e+01  4.588925e+01  0.000000e+00
      vertex -2.943950e+01  4.545148e+01  0.000000e+00
    endloop
  endfacet
  facet normal  -0.000000e+00  0.000000e+00  1.000000e+00
    outer loop
      vertex -2.560500e+00  4.545148e+01  0.000000e+00
      vertex -2.943950e+01  4.545148e+01  0.000000e+00
      vertex -2.600000e+00  4.500000e+01  0.000000e+00
    endloop
  endfacet
  facet normal  0.000000e+00  0.000000e+00  1.000000e+00
    outer loop
      vertex -2.600000e+00  4.500000e+01  0.000000e+00
      vertex -2.943950e+01  4.545148e+01  0.000000e+00
      vertex -2.940000e+01  4.500000e+01  0.000000e+00
    endloop
  endfacet
  facet normal  -0.000000e+00  0.000000e+00  1.000000e+00
    outer loop
      vertex -2.600000e+00  4.500000e+01  0.000000e+00
      vertex -2.940000e+01  4.500000e+01  0.000000e+00
      vertex -2.560500e+00  4.454852e+01  0.000000e+00
    endloop
  endfacet
  facet normal  0.000000e+00  0.000000e+00  1.000000e+00
    outer loop
      vertex -2.560500e+00  4.454852e+01  0.000000e+00
      vertex -2.940000e+01  4.500000e+01  0.000000e+00
      vertex -2.943950e+01  4.454852e+01  0.000000e+00
    endloop
  endfacet
  facet normal  -0.000000e+00  0.000000e+00  1.000000e+00
    outer loop
      vertex -2.560500e+00  4.454852e+01  0.000000e+00
      vertex -2.943950e+01  4.454852e+01  0.000000e+00
      vertex -2.443201e+00  4.411075e+01  0.000000e+00
    endloop
  endfacet
  facet normal  0.000000e+00  0.000000e+00  1.000000e+00
    outer loop
      vertex -2.443201e+00  4.411075e+01  0.000000e+00
      vertex -2.943950e+01  4.454852e+01  0.000000e+00
      vertex -2.955680e+01  4.411075e+01  0.000000e+00
    endloop
  endfacet
  facet normal  -0.000000e+00  0.000000e+00  1.000000e+00
    outer loop
      vertex -2.443201e+00  4.411075e+01  0.000000e+00
      vertex -2.955680e+01  4.411075e+01  0.000000e+00
      vertex -2.251666e+00  4.370000e+01  0.000000e+00
    endloop
  endfacet
  facet normal  0.000000e+00  0.000000e+00  1.000000e+00
    outer loop
      vertex -2.251666e+00  4.370000e+01  0.000000e+00
      vertex -2.955680e+01  4.411075e+01  0.000000e+00
      vertex -2.974833e+01  4.370000e+01  0.000000e+00
    endloop
  endfacet
  facet normal  -0.000000e+00  0.000000e+00  1.000000e+00
    outer loop
      vertex -2.251666e+00  4.370000e+01  0.000000e+00
      vertex -2.974833e+01  4.370000e+01  0.000000e+00
      vertex -1.991716e+00  4.332875e+01  0.000000e+00
    endloop
  endfacet
  facet normal  0.000000e+00  0.000000e+00  1.000000e+00
    outer loop
      vertex -1.991716e+00  4.332875e+01  0.000000e+00
      vertex -2.974833e+01  4.370000e+01  0.000000e+00
      vertex -3.000828e+01  4.332875e+01  0.000000e+00
    endloop
  endfacet
  facet normal  -0.000000e+00  0.000000e+00  1.000000e+00
    outer loop
      vertex -1.991716e+00  4.332875e+01  0.000000e+00
      vertex -3.000828e+01  4.332875e+01  0.000000e+00
      vertex -1.671248e+00  4.300829e+01  0.000000e+00
    endloop
  endfacet
  facet normal  0.000000e+00  0.000000e+00  1.000000e+00
    outer loop
      vertex -1.671248e+00  4.300829e+01  0.000000e+00
      vertex -3.000828e+01  4.332875e+01  0.000000e+00
      vertex -3.032875e+01  4.300829e+01  0.000000e+00
    endloop
  endfacet
  facet normal  -0.000000e+00  0.000000e+00  1.000000e+00
    outer loop
      vertex -1.671248e+00  4.300829e+01  0.000000e+00
      vertex -3.032875e+01  4.300829e+01  0.000000e+00
      vertex -1.300000e+00  4.274833e+01  0.000000e+00
    endloop
  endfacet
  facet normal  0.000000e+00  0.000000e+00  9.999999e-01
    outer loop
      vertex -1.300000e+00  4.274833e+01  0.000000e+00
      vertex -3.032875e+01  4.300829e+01  0.000000e+00
      vertex -3.070000e+01  4.274833e+01  0.000000e+00
    endloop
  endfacet
  facet normal  -0.000000e+00  0.000000e+00  9.999999e-01
    outer loop
      vertex -1.300000e+00  4.274833e+01  0.000000e+00
      vertex -3.070000e+01  4.274833e+01  0.000000e+00
      vertex -8.892524e-01  4.255680e+01  0.000000e+00
    endloop
  endfacet
  facet normal  0.000000e+00  0.000000e+00  1.000000e+00
    outer loop
      vertex -8.892524e-01  4.255680e+01  0.000000e+00
      vertex -3.070000e+01  4.274833e+01  0.000000e+00
      vertex -3.111075e+01  4.255680e+01  0.000000e+00
    endloop
  endfacet
  facet normal  -0.000000e+00  0.000000e+00  1.000000e+00
    outer loop
      vertex -8.892524e-01  4.255680e+01  0.000000e+00
      vertex -3.111075e+01  4.255680e+01  0.000000e+00
      vertex -4.514853e-01  4.243950e+01  0.000000e+00
    endloop
  endfacet
  facet normal  0.000000e+00  0.000000e+00  1.000000e+00
    outer loop
      vertex -4.514853e-01  4.243950e+01  0.000000e+00
      vertex -3.111075e+01  4.255680e+01  0.000000e+00
      vertex -3.154852e+01  4.243950e+01  0.000000e+00
    endloop
  endfacet
  facet normal  -0.000000e+00  0.000000e+00  1.000000e+00
    outer loop
      vertex -4.514853e-01  4.243950e+01  0.000000e+00
      vertex -3.154852e+01  4.243950e+01  0.000000e+00
      vertex -4.776122e-16  4.240000e+01  0.000000e+00
    endloop
  endfacet
  facet normal  0.000000e+00  0.000000e+00  1.000000e+00
    outer loop
      vertex -4.776122e-16  4.240000e+01  0.000000e+00
      vertex -3.154852e+01  4.243950e+01  0.000000e+00
      vertex -3.200000e+01  4.240000e+01  0.000000e+00
    endloop
  endfacet
  facet normal  -0.000000e+00  0.000000e+00  1.000000e+00
    outer loop
      vertex  3.200000e+01  4.760000e+01  0.000000e+00
      vertex  1.592041e-16  4.760000e+01  0.000000e+00
      vertex  3.154852e+01  4.756050e+01  0.000000e+00
    endloop
  endfacet
  facet normal  0.000000e+00  0.000000e+00  1.000000e+00
    outer loop
      vertex  3.154852e+01  4.756050e+01  0.000000e+00
      vertex  1.592041e-16  4.760000e+01  0.000000e+00
      vertex  4.514853e-01  4.756050e+01  0.000000e+00
    endloop
  endfacet
  facet normal  -0.000000e+00  0.000000e+00  1.000000e+00
    outer loop
      vertex  3.154852e+01  4.756050e+01  0.000000e+00
      vertex  4.514853e-01  4.756050e+01  0.000000e+00
      vertex  3.111075e+01  4.744320e+01  0.000000e+00
    endloop
  endfacet
  facet normal  0.000000e+00  0.000000e+00  1.000000e+00
    outer loop
      vertex  3.111075e+01  4.744320e+01  0.000000e+00
      vertex  4.514853e-01  4.756050e+01  0.000000e+00
      vertex  8.892524e-01  4.744320e+01  0.000000e+00
    endloop
  endfacet
  facet normal  -0.000000e+00  0.000000e+00  1.000000e+00
    outer loop
      vertex  3.111075e+01  4.744320e+01  0.000000e+00
      vertex  8.892524e-01  4.744320e+01  0.000000e+00
      vertex  3.070000e+01  4.725167e+01  0.000000e+00
    endloop
  endfacet
  facet normal  0.000000e+00  0.000000e+00  9.999999e-01
    outer loop
      vertex  3.070000e+01  4.725167e+01  0.000000e+00
      vertex  8.892524e-01  4.744320e+01  0.000000e+00
      vertex  1.300000e+00  4.725167e+01  0.000000e+00
    endloop
  endfacet
  facet normal  -0.000000e+00  0.000000e+00  9.999999e-01
    outer loop
      vertex  3.070000e+01  4.725167e+01  0.000000e+00
      vertex  1.300000e+00  4.725167e+01  0.000000e+00
      vertex  3.032875e+01  4.699171e+01  0.000000e+00
    endloop
  endfacet
  facet normal  0.000000e+00  0.000000e+00  1.000000e+00
    outer loop
      vertex  3.032875e+01  4.699171e+01  0.000000e+00
      vertex  1.300000e+00  4.725167e+01  0.000000e+00
      vertex  1.671248e+00  4.699171e+01  0.000000e+00
    endloop
  endfacet
  facet normal  -0.000000e+00  0.000000e+00  1.000000e+00
    outer loop
      vertex  3.032875e+01  4.699171e+01  0.000000e+00
      vertex  1.671248e+00  4.699171e+01  0.000000e+00
      vertex  3.000828e+01  4.667125e+01  0.000000e+00
    endloop
  endfacet
  facet normal  0.000000e+00  0.000000e+00  1.000000e+00
    outer loop
      vertex  3.000828e+01  4.667125e+01  0.000000e+00
      vertex  1.671248e+00  4.699171e+01  0.000000e+00
      vertex  1.991716e+00  4.667125e+01  0.000000e+00
    endloop
  endfacet
  facet normal  -0.000000e+00  0.000000e+00  1.000000e+00
    outer loop
      vertex  3.000828e+01  4.667125e+01  0.000000e+00
      vertex  1.991716e+00  4.667125e+01  0.000000e+00
      vertex  2.974833e+01  4.630000e+01  0.000000e+00
    endloop
  endfacet
  facet normal  0.000000e+00  0.000000e+00  1.000000e+00
    outer loop
      vertex  2.974833e+01  4.630000e+01  0.000000e+00
      vertex  1.991716e+00  4.667125e+01  0.000000e+00
      vertex  2.251666e+00  4.630000e+01  0.000000e+00
    endloop
  endfacet
  facet normal  -0.000000e+00  0.000000e+00  1.000000e+00
    outer loop
      vertex  2.974833e+01  4.630000e+01  0.000000e+00
      vertex  2.251666e+00  4.630000e+01  0.000000e+00
      vertex  2.955680e+01  4.588925e+01  0.000000e+00
    endloop
  endfacet
  facet normal  0.000000e+00  0.000000e+00  1.000000e+00
    outer loop
      vertex  2.955680e+01  4.588925e+01  0.000000e+00
      vertex  2.251666e+00  4.630000e+01  0.000000e+00
      vertex  2.443201e+00  4.588925e+01  0.000000e+00
    endloop
  endfacet
  facet normal  -0.000000e+00  0.000000e+00  1.000000e+00
    outer loop
      vertex  2.955680e+01  4.588925e+01  0.000000e+00
      vertex  2.443201e+00  4.588925e+01  0.000000e+00
      vertex  2.943950e+01  4.545148e+01  0.000000e+00
    endloop
  endfacet
  facet normal  0.000000e+00  0.000000e+00  1.000000e+00
    outer loop
      vertex  2.943950e+01  4.545148e+01  0.000000e+00
      vertex  2.443201e+00  4.588925e+01  0.000000e+00
      vertex  2.560500e+00  4.545148e+01  0.000000e+00
    endloop
  endfacet
  facet normal  -0.000000e+00  0.000000e+00  1.000000e+00
    outer loop
      vertex  2.943950e+01  4.545148e+01  0.000000e+00
      vertex  2.560500e+00  4.545148e+01  0.000000e+00
      vertex  2.940000e+01  4.500000e+01  0.000000e+00
    endloop
  endfacet
  facet normal  0.000000e+00  0.000000e+00  1.000000e+00
    outer loop
      vertex  2.940000e+01  4.500000e+01  0.000000e+00
      vertex  2.560500e+00  4.545148e+01  0.000000e+00
      vertex  2.600000e+00  4.500000e+01  0.000000e+00
    endloop
  endfacet
  facet normal  -0.000000e+00  0.000000e+00  1.000000e+00
    outer loop
      vertex  2.940000e+01  4.500000e+01  0.000000e+00
      vertex  2.600000e+00  4.500000e+01  0.000000e+00
      vertex  2.943950e+01  4.454852e+01  0.000000e+00
    endloop
  endfacet
  facet normal  0.000000e+00  0.000000e+00  1.000000e+00
    outer loop
      vertex  2.943950e+01  4.454852e+01  0.000000e+00
      vertex  2.600000e+00  4.500000e+01  0.000000e+00
      vertex  2.560500e+00  4.454852e+01  0.000000e+00
    endloop
  endfacet
  facet normal  -0.000000e+00  0.000000e+00  1.000000e+00
    outer loop
      vertex  2.943950e+01  4.454852e+01  0.000000e+00
      vertex  2.560500e+00  4.454852e+01  0.000000e+00
      vertex  2.955680e+01  4.411075e+01  0.000000e+00
    endloop
  endfacet
  facet normal  0.000000e+00  0.000000e+00  1.000000e+00
    outer loop
      vertex  2.955680e+01  4.411075e+01  0.000000e+00
      vertex  2.560500e+00  4.454852e+01  0.000000e+00
      vertex  2.443201e+00  4.411075e+01  0.000000e+00
    endloop
  endfacet
  facet normal  -0.000000e+00  0.000000e+00  1.000000e+00
    outer loop
      vertex  2.955680e+01  4.411075e+01  0.000000e+00
      vertex  2.443201e+00  4.411075e+01  0.000000e+00
      vertex  2.974833e+01  4.370000e+01  0.000000e+00
    endloop
  endfacet
  facet normal  0.000000e+00  0.000000e+00  1.000000e+00
    outer loop
      vertex  2.974833e+01  4.370000e+01  0.000000e+00
      vertex  2.443201e+00  4.411075e+01  0.000000e+00
      vertex  2.251666e+00  4.370000e+01  0.000000e+00
    endloop
  endfacet
  facet normal  -0.000000e+00  0.000000e+00  1.000000e+00
    outer loop
      vertex  2.974833e+01  4.370000e+01  0.000000e+00
      vertex  2.251666e+00  4.370000e+01  0.000000e+00
      vertex  3.000828e+01  4.332875e+01  0.000000e+00
    endloop
  endfacet
  facet normal  0.000000e+00  0.000000e+00  1.000000e+00
    outer loop
      vertex  3.000828e+01  4.332875e+01  0.000000e+00
      vertex  2.251666e+00  4.370000e+01  0.000000e+00
      vertex  1.991716e+00  4.332875e+01  0.000000e+00
    endloop
  endfacet
  facet normal  -0.000000e+00  0.000000e+00  1.000000e+00
    outer loop
      vertex  3.000828e+01  4.332875e+01  0.000000e+00
      vertex  1.991716e+00  4.332875e+01  0.000000e+00
      vertex  3.032875e+01  4.300829e+01  0.000000e+00
    endloop
  endfacet
  facet normal  0.000000e+00  0.000000e+00  1.000000e+00
    outer loop
      vertex  3.032875e+01  4.300829e+01  0.000000e+00
      vertex  1.991716e+00  4.332875e+01  0.000000e+00
      vertex  1.671248e+00  4.300829e+01  0.000000e+00
    endloop
  endfacet
  facet normal  -0.000000e+00  0.000000e+00  1.000000e+00
    outer loop
      vertex  3.032875e+01  4.300829e+01  0.000000e+00
      vertex  1.671248e+00  4.300829e+01  0.000000e+00
      vertex  3.070000e+01  4.274833e+01  0.000000e+00
    endloop
  endfacet
  facet normal  0.000000e+00  0.000000e+00  9.999999e-01
    outer loop
      vertex  3.070000e+01  4.274833e+01  0.000000e+00
      vertex  1.671248e+00  4.300829e+01  0.000000e+00
      vertex  1.300000e+00  4.274833e+01  0.000000e+00
    endloop
  endfacet
  facet normal  -0.000000e+00  0.000000e+00  9.999999e-01
    outer loop
      vertex  3.070000e+01  4.274833e+01  0.000000e+00
      vertex  1.300000e+00  4.274833e+01  0.000000e+00
      vertex  3.111075e+01  4.255680e+01  0.000000e+00
    endloop
  endfacet
  facet normal  0.000000e+00  0.000000e+00  1.000000e+00
    outer loop
      vertex  3.111075e+01  4.255680e+01  0.000000e+00
      vertex  1.300000e+00  4.274833e+01  0.000000e+00
      vertex  8.892524e-01  4.255680e+01  0.000000e+00
    endloop
  endfacet
  facet normal  -0.000000e+00  0.000000e+00  1.000000e+00
    outer loop
      vertex  3.111075e+01  4.255680e+01  0.000000e+00
      vertex  8.892524e-01  4.255680e+01  0.000000e+00
      vertex  3.154852e+01  4.243950e+01  0.000000e+00
    endloop
  endfacet
  facet normal  0.000000e+00  0.000000e+00  1.000000e+00
    outer loop
      vertex  3.154852e+01  4.243950e+01  0.000000e+00
      vertex  8.892524e-01  4.255680e+01  0.000000e+00
      vertex  4.514853e-01  4.243950e+01  0.000000e+00
    endloop
  endfacet
  facet normal  -0.000000e+00  0.000000e+00  1.000000e+00
    outer loop
      vertex  3.154852e+01  4.243950e+01  0.000000e+00
      vertex  4.514853e-01  4.243950e+01  0.000000e+00
      vertex  3.200000e+01  4.240000e+01  0.000000e+00
    endloop
  endfacet
  facet normal  0.000000e+00  0.000000e+00  1.000000e+00
    outer loop
      vertex  3.200000e+01  4.240000e+01  0.000000e+00
      vertex  4.514853e-01  4.243950e+01  0.000000e+00
      vertex -4.776122e-16  4.240000e+01  0.000000e+00
    endloop
  endfacet
  facet normal  -0.000000e+00  0.000000e+00  1.000000e+00
    outer loop
      vertex  3.200000e+01 -4.240000e+01  0.000000e+00
      vertex  1.592041e-16 -4.240000e+01  0.000000e+00
      vertex  3.154852e+01 -4.243950e+01  0.000000e+00
    endloop
  endfacet
  facet normal  0.000000e+00  0.000000e+00  1.000000e+00
    outer loop
      vertex  3.154852e+01 -4.243950e+01  0.000000e+00
      vertex  1.592041e-16 -4.240000e+01  0.000000e+00
      vertex  4.514853e-01 -4.243950e+01  0.000000e+00
    endloop
  endfacet
  facet normal  -0.000000e+00  0.000000e+00  1.000000e+00
    outer loop
      vertex  3.154852e+01 -4.243950e+01  0.000000e+00
      vertex  4.514853e-01 -4.243950e+01  0.000000e+00
      vertex  3.111075e+01 -4.255680e+01  0.000000e+00
    endloop
  endfacet
  facet normal  0.000000e+00  0.000000e+00  1.000000e+00
    outer loop
      vertex  3.111075e+01 -4.255680e+01  0.000000e+00
      vertex  4.514853e-01 -4.243950e+01  0.000000e+00
      vertex  8.892524e-01 -4.255680e+01  0.000000e+00
    endloop
  endfacet
  facet normal  -0.000000e+00  0.000000e+00  1.000000e+00
    outer loop
      vertex  3.111075e+01 -4.255680e+01  0.000000e+00
      vertex  8.892524e-01 -4.255680e+01  0.000000e+00
      vertex  3.070000e+01 -4.274833e+01  0.000000e+00
    endloop
  endfacet
  facet normal  0.000000e+00  0.000000e+00  9.999999e-01
    outer loop
      vertex  3.070000e+01 -4.274833e+01  0.000000e+00
      vertex  8.892524e-01 -4.255680e+01  0.000000e+00
      vertex  1.300000e+00 -4.274833e+01  0.000000e+00
    endloop
  endfacet
  facet normal  -0.000000e+00  0.000000e+00  9.999999e-01
    outer loop
      vertex  3.070000e+01 -4.274833e+01  0.000000e+00
      vertex  1.300000e+00 -4.274833e+01  0.000000e+00
      vertex  3.032875e+01 -4.300829e+01  0.000000e+00
    endloop
  endfacet
  facet normal  0.000000e+00  0.000000e+00  1.000000e+00
    outer loop
      vertex  3.032875e+01 -4.300829e+01  0.000000e+00
      vertex  1.300000e+00 -4.274833e+01  0.000000e+00
      vertex  1.671248e+00 -4.300829e+01  0.000000e+00
    endloop
  endfacet
  facet normal  -0.000000e+00  0.000000e+00  1.000000e+00
    outer loop
      vertex  3.032875e+01 -4.300829e+01  0.000000e+00
      vertex  1.671248e+00 -4.300829e+01  0.000000e+00
      vertex  3.000828e+01 -4.332875e+01  0.000000e+00
    endloop
  endfacet
  facet normal  0.000000e+00  0.000000e+00  1.000000e+00
    outer loop
      vertex  3.000828e+01 -4.332875e+01  0.000000e+00
      vertex  1.671248e+00 -4.300829e+01  0.000000e+00
      vertex  1.991716e+00 -4.332875e+01  0.000000e+00
    endloop
  endfacet
  facet normal  -0.000000e+00  0.000000e+00  1.000000e+00
    outer loop
      vertex  3.000828e+01 -4.332875e+01  0.000000e+00
      vertex  1.991716e+00 -4.332875e+01  0.000000e+00
      vertex  2.974833e+01 -4.370000e+01  0.000000e+00
    endloop
  endfacet
  facet normal  0.000000e+00  0.000000e+00  1.000000e+00
    outer loop
      vertex  2.974833e+01 -4.370000e+01  0.000000e+00
      vertex  1.991716e+00 -4.332875e+01  0.000000e+00
      vertex  2.251666e+00 -4.370000e+01  0.000000e+00
    endloop
  endfacet
  facet normal  -0.000000e+00  0.000000e+00  1.000000e+00
    outer loop
      vertex  2.974833e+01 -4.370000e+01  0.000000e+00
      vertex  2.251666e+00 -4.370000e+01  0.000000e+00
      vertex  2.955680e+01 -4.411075e+01  0.000000e+00
    endloop
  endfacet
  facet normal  0.000000e+00  0.000000e+00  1.000000e+00
    outer loop
      vertex  2.955680e+01 -4.411075e+01  0.000000e+00
      vertex  2.251666e+00 -4.370000e+01  0.000000e+00
      vertex  2.443201e+00 -4.411075e+01  0.000000e+00
    endloop
  endfacet
  facet normal  -0.000000e+00  0.000000e+00  1.000000e+00
    outer loop
      vertex  2.955680e+01 -4.411075e+01  0.000000e+00
      vertex  2.443201e+00 -4.411075e+01  0.000000e+00
      vertex  2.943950e+01 -4.454852e+01  0.000000e+00
    endloop
  endfacet
  facet normal  0.000000e+00  0.000000e+00  1.000000e+00
    outer loop
      vertex  2.943950e+01 -4.454852e+01  0.000000e+00
      vertex  2.443201e+00 -4.411075e+01  0.000000e+00
      vertex  2.560500e+00 -4.454852e+01  0.000000e+00
    endloop
  endfacet
  facet normal  -0.000000e+00  0.000000e+00  1.000000e+00
    outer loop
      vertex  2.943950e+01 -4.454852e+01  0.000000e+00
      vertex  2.560500e+00 -4.454852e+01  0.000000e+00
      vertex  2.940000e+01 -4.500000e+01  0.000000e+00
    endloop
  endfacet
  facet normal  0.000000e+00  0.000000e+00  1.000000e+00
    outer loop
      vertex  2.940000e+01 -4.500000e+01  0.000000e+00
      vertex  2.560500e+00 -4.454852e+01  0.000000e+00
      vertex  2.600000e+00 -4.500000e+01  0.000000e+00
    endloop
  endfacet
  facet normal  -0.000000e+00  0.000000e+00  1.000000e+00
    outer loop
      vertex  2.940000e+01 -4.500000e+01  0.000000e+00
      vertex  2.600000e+00 -4.500000e+01  0.000000e+00
      vertex  2.943950e+01 -4.545148e+01  0.000000e+00
    endloop
  endfacet
  facet normal  0.000000e+00  0.000000e+00  1.000000e+00
    outer loop
      vertex  2.943950e+01 -4.545148e+01  0.000000e+00
      vertex  2.600000e+00 -4.500000e+01  0.000000e+00
      vertex  2.560500e+00 -4.545148e+01  0.000000e+00
    endloop
  endfacet
  facet normal  -0.000000e+00  0.000000e+00  1.000000e+00
    outer loop
      vertex  2.943950e+01 -4.545148e+01  0.000000e+00
      vertex  2.560500e+00 -4.545148e+01  0.000000e+00
      vertex  2.955680e+01 -4.588925e+01  0.000000e+00
    endloop
  endfacet
  facet normal  0.000000e+00  0.000000e+00  1.000000e+00
    outer loop
      vertex  2.955680e+01 -4.588925e+01  0.000000e+00
      vertex  2.560500e+00 -4.545148e+01  0.000000e+00
      vertex  2.443201e+00 -4.588925e+01  0.000000e+00
    endloop
  endfacet
  facet normal  -0.000000e+00  0.000000e+00  1.000000e+00
    outer loop
      vertex  2.955680e+01 -4.588925e+01  0.000000e+00
      vertex  2.443201e+00 -4.588925e+01  0.000000e+00
      vertex  2.974833e+01 -4.630000e+01  0.000000e+00
    endloop
  endfacet
  facet normal  0.000000e+00  0.000000e+00  1.000000e+00
    outer loop
      vertex  2.974833e+01 -4.630000e+01  0.000000e+00
      vertex  2.443201e+00 -4.588925e+01  0.000000e+00
      vertex  2.251666e+00 -4.630000e+01  0.000000e+00
    endloop
  endfacet
  facet normal  -0.000000e+00  0.000000e+00  1.000000e+00
    outer loop
      vertex  2.974833e+01 -4.630000e+01  0.000000e+00
      vertex  2.251666e+00 -4.630000e+01  0.000000e+00
      vertex  3.000828e+01 -4.667125e+01  0.000000e+00
    endloop
  endfacet
  facet normal  0.000000e+00  0.000000e+00  1.000000e+00
    outer loop
      vertex  3.000828e+01 -4.667125e+01  0.000000e+00
      vertex  2.251666e+00 -4.630000e+01  0.000000e+00
      vertex  1.991716e+00 -4.667125e+01  0.000000e+00
    endloop
  endfacet
  facet normal  -0.000000e+00  0.000000e+00  1.000000e+00
    outer loop
      vertex  3.000828e+01 -4.667125e+01  0.000000e+00
      vertex  1.991716e+00 -4.667125e+01  0.000000e+00
      vertex  3.032875e+01 -4.699171e+01  0.000000e+00
    endloop
  endfacet
  facet normal  0.000000e+00  0.000000e+00  1.000000e+00
    outer loop
      vertex  3.032875e+01 -4.699171e+01  0.000000e+00
      vertex  1.991716e+00 -4.667125e+01  0.000000e+00
      vertex  1.671248e+00 -4.699171e+01  0.000000e+00
    endloop
  endfacet
  facet normal  -0.000000e+00  0.000000e+00  1.000000e+00
    outer loop
      vertex  3.032875e+01 -4.699171e+01  0.000000e+00
      vertex  1.671248e+00 -4.699171e+01  0.000000e+00
      vertex  3.070000e+01 -4.725167e+01  0.000000e+00
    endloop
  endfacet
  facet normal  0.000000e+00  0.000000e+00  9.999999e-01
    outer loop
      vertex  3.070000e+01 -4.725167e+01  0.000000e+00
      vertex  1.671248e+00 -4.699171e+01  0.000000e+00
      vertex  1.300000e+00 -4.725167e+01  0.000000e+00
    endloop
  endfacet
  facet normal  -0.000000e+00  0.000000e+00  9.999999e-01
    outer loop
      vertex  3.070000e+01 -4.725167e+01  0.000000e+00
      vertex  1.300000e+00 -4.725167e+01  0.000000e+00
      vertex  3.111075e+01 -4.744320e+01  0.000000e+00
    endloop
  endfacet
  facet normal  0.000000e+00  0.000000e+00  1.000000e+00
    outer loop
      vertex  3.111075e+01 -4.744320e+01  0.000000e+00
      vertex  1.300000e+00 -4.725167e+01  0.000000e+00
      vertex  8.892524e-01 -4.744320e+01  0.000000e+00
    endloop
  endfacet
  facet normal  -0.000000e+00  0.000000e+00  1.000000e+00
    outer loop
      vertex  3.111075e+01 -4.744320e+01  0.000000e+00
      vertex  8.892524e-01 -4.744320e+01  0.000000e+00
      vertex  3.154852e+01 -4.756050e+01  0.000000e+00
    endloop
  endfacet
  facet normal  0.000000e+00  0.000000e+00  1.000000e+00
    outer loop
      vertex  3.154852e+01 -4.756050e+01  0.000000e+00
      vertex  8.892524e-01 -4.744320e+01  0.000000e+00
      vertex  4.514853e-01 -4.756050e+01  0.000000e+00
    endloop
  endfacet
  facet normal  -0.000000e+00  0.000000e+00  1.000000e+00
    outer loop
      vertex  3.154852e+01 -4.756050e+01  0.000000e+00
      vertex  4.514853e-01 -4.756050e+01  0.000000e+00
      vertex  3.200000e+01 -4.760000e+01  0.000000e+00
    endloop
  endfacet
  facet normal  0.000000e+00  0.000000e+00  1.000000e+00
    outer loop
      vertex  3.200000e+01 -4.760000e+01  0.000000e+00
      vertex  4.514853e-01 -4.756050e+01  0.000000e+00
      vertex -4.776122e-16 -4.760000e+01  0.000000e+00
    endloop
  endfacet
  facet normal  0.000000e+00  0.000000e+00 -1.000000e+00
    outer loop
      vertex -6.400000e+01 -4.400000e+01 -4.000000e+00
      vertex -5.656050e+01  4.514853e-01 -4.000000e+00
      vertex -5.660000e+01  3.184082e-16 -4.000000e+00
    endloop
  endfacet
  facet normal  0.000000e+00  -0.000000e+00 -1.000000e+00
    outer loop
      vertex -6.400000e+01 -4.400000e+01 -4.000000e+00
      vertex -5.660000e+01  3.184082e-16 -4.000000e+00
      vertex -5.656050e+01 -4.514853e-01 -4.000000e+00
    endloop
  endfacet
  facet normal  0.000000e+00  -0.000000e+00 -1.000000e+00
    outer loop
      vertex -6.400000e+01 -4.400000e+01 -4.000000e+00
      vertex -5.656050e+01 -4.514853e-01 -4.000000e+00
      vertex -5.644320e+01 -8.892524e-01 -4.000000e+00
    endloop
  endfacet
  facet normal  0.000000e+00  -0.000000e+00 -1.000000e+00
    outer loop
      vertex -6.400000e+01 -4.400000e+01 -4.000000e+00
      vertex -5.644320e+01 -8.892524e-01 -4.000000e+00
      vertex -5.625167e+01 -1.300000e+00 -4.000000e+00
    endloop
  endfacet
  facet normal  0.000000e+00  -0.000000e+00 -1.000000e+00
    outer loop
      vertex -6.400000e+01 -4.400000e+01 -4.000000e+00
      vertex -5.625167e+01 -1.300000e+00 -4.000000e+00
      vertex -5.599171e+01 -1.671248e+00 -4.000000e+00
    endloop
  endfacet
  facet normal  0.000000e+00  -0.000000e+00 -1.000000e+00
    outer loop
      vertex -6.400000e+01 -4.400000e+01 -4.000000e+00
      vertex -5.599171e+01 -1.671248e+00 -4.000000e+00
      vertex -5.567125e+01 -1.991716e+00 -4.000000e+00
    endloop
  endfacet
  facet normal  0.000000e+00  -0.000000e+00 -1.000000e+00
    outer loop
      vertex -6.400000e+01 -4.400000e+01 -4.000000e+00
      vertex -5.567125e+01 -1.991716e+00 -4.000000e+00
      vertex -5.530000e+01 -2.251666e+00 -4.000000e+00
    endloop
  endfacet
  facet normal  0.000000e+00  -0.000000e+00 -9.999999e-01
    outer loop
      vertex -6.400000e+01 -4.400000e+01 -4.000000e+00
      vertex -5.530000e+01 -2.251666e+00 -4.000000e+00
      vertex -5.488925e+01 -2.443201e+00 -4.000000e+00
    endloop
  endfacet
  facet normal  0.000000e+00  -0.000000e+00 -1.000000e+00
    outer loop
      vertex -6.400000e+01 -4.400000e+01 -4.000000e+00
      vertex -5.488925e+01 -2.443201e+00 -4.000000e+00
      vertex -5.445148e+01 -2.560500e+00 -4.000000e+00
    endloop
  endfacet
  facet normal  0.000000e+00  -0.000000e+00 -1.000000e+00
    outer loop
      vertex -6.400000e+01 -4.400000e+01 -4.000000e+00
      vertex -5.445148e+01 -2.560500e+00 -4.000000e+00
      vertex -5.400000e+01 -2.600000e+00 -4.000000e+00
    endloop
  endfacet
  facet normal  0.000000e+00  -0.000000e+00 -1.000000e+00
    outer loop
      vertex -6.400000e+01 -4.400000e+01 -4.000000e+00
      vertex -5.400000e+01 -2.600000e+00 -4.000000e+00
      vertex -5.400000e+01 -5.400000e+01 -4.000000e+00
    endloop
  endfacet
  facet normal  0.000000e+00  0.000000e+00 -1.000000e+00
    outer loop
      vertex -6.400000e+01 -4.400000e+01 -4.000000e+00
      vertex -5.400000e+01 -5.400000e+01 -4.000000e+00
      vertex -6.396195e+01 -4.487156e+01 -4.000000e+00
    endloop
  endfacet
  facet normal  -0.000000e+00  0.000000e+00 -1.000000e+00
    outer loop
      vertex -5.400000e+01  5.400000e+01 -4.000000e+00
      vertex  5.400000e+01  5.400000e+01 -4.000000e+00
      vertex  3.200000e+01  4.760000e+01 -4.000000e+00
    endloop
  endfacet
  facet normal  0.000000e+00  0.000000e+00 -1.000000e+00
    outer loop
      vertex -5.400000e+01  5.400000e+01 -4.000000e+00
      vertex  3.200000e+01  4.760000e+01 -4.000000e+00
      vertex  1.592041e-16  4.760000e+01 -4.000000e+00
    endloop
  endfacet
  facet normal  0.000000e+00  0.000000e+00 -1.000000e+00
    outer loop
      vertex -5.400000e+01  5.400000e+01 -4.000000e+00
      vertex  1.592041e-16  4.760000e+01 -4.000000e+00
      vertex -3.200000e+01  4.760000e+01 -4.000000e+00
    endloop
  endfacet
  facet normal  -0.000000e+00  0.000000e+00 -1.000000e+00
    outer loop
      vertex -5.400000e+01  5.400000e+01 -4.000000e+00
      vertex -3.200000e+01  4.760000e+01 -4.000000e+00
      vertex -3.245148e+01  4.756050e+01 -4.000000e+00
    endloop
  endfacet
  facet normal  -0.000000e+00  0.000000e+00 -1.000000e+00
    outer loop
      vertex -5.400000e+01  5.400000e+01 -4.000000e+00
      vertex -3.245148e+01  4.756050e+01 -4.000000e+00
      vertex -3.288925e+01  4.744320e+01 -4.000000e+00
    endloop
  endfacet
  facet normal  -0.000000e+00  0.000000e+00 -9.999999e-01
    outer loop
      vertex -5.400000e+01  5.400000e+01 -4.000000e+00
      vertex -3.288925e+01  4.744320e+01 -4.000000e+00
      vertex -3.330000e+01  4.725167e+01 -4.000000e+00
    endloop
  endfacet
  facet normal  -0.000000e+00  0.000000e+00 -1.000000e+00
    outer loop
      vertex -5.400000e+01  5.400000e+01 -4.000000e+00
      vertex -3.330000e+01  4.725167e+01 -4.000000e+00
      vertex -3.367125e+01  4.699171e+01 -4.000000e+00
    endloop
  endfacet
  facet normal  -0.000000e+00  0.000000e+00 -1.000000e+00
    outer loop
      vertex -5.400000e+01  5.400000e+01 -4.000000e+00
      vertex -3.367125e+01  4.699171e+01 -4.000000e+00
      vertex -3.399171e+01  4.667125e+01 -4.000000e+00
    endloop
  endfacet
  facet normal  -0.000000e+00  0.000000e+00 -1.000000e+00
    outer loop
      vertex -5.400000e+01  5.400000e+01 -4.000000e+00
      vertex -3.399171e+01  4.667125e+01 -4.000000e+00
      vertex -3.425167e+01  4.630000e+01 -4.000000e+00
    endloop
  endfacet
  facet normal  -0.000000e+00  0.000000e+00 -1.000000e+00
    outer loop
      vertex -5.400000e+01  5.400000e+01 -4.000000e+00
      vertex -3.425167e+01  4.630000e+01 -4.000000e+00
      vertex -3.444320e+01  4.588925e+01 -4.000000e+00
    endloop
  endfacet
  facet normal  -0.000000e+00  0.000000e+00 -9.999999e-01
    outer loop
      vertex -5.400000e+01  5.400000e+01 -4.000000e+00
      vertex -3.444320e+01  4.588925e+01 -4.000000e+00
      vertex -5.400000e+01  2.600000e+00 -4.000000e+00
    endloop
  endfacet
  facet normal  0.000000e+00  0.000000e+00 -1.000000e+00
    outer loop
      vertex -5.400000e+01  5.400000e+01 -4.000000e+00
      vertex -5.400000e+01  2.600000e+00 -4.000000e+00
      vertex -5.487156e+01  5.396195e+01 -4.000000e+00
    endloop
  endfacet
  facet normal  -0.000000e+00  0.000000e+00 -1.000000e+00
    outer loop
      vertex -6.400000e+01  4.400000e+01 -4.000000e+00
      vertex -5.400000e+01  2.600000e+00 -4.000000e+00
      vertex -5.445148e+01  2.560500e+00 -4.000000e+00
    endloop
  endfacet
  facet normal  -0.000000e+00  0.000000e+00 -1.000000e+00
    outer loop
      vertex -6.400000e+01  4.400000e+01 -4.000000e+00
      vertex -5.445148e+01  2.560500e+00 -4.000000e+00
      vertex -5.488925e+01  2.443201e+00 -4.000000e+00
    endloop
  endfacet
  facet normal  -0.000000e+00  0.000000e+00 -9.999999e-01
    outer loop
      vertex -6.400000e+01  4.400000e+01 -4.000000e+00
      vertex -5.488925e+01  2.443201e+00 -4.000000e+00
      vertex -5.530000e+01  2.251666e+00 -4.000000e+00
    endloop
  endfacet
  facet normal  -0.000000e+00  0.000000e+00 -1.000000e+00
    outer loop
      vertex -6.400000e+01  4.400000e+01 -4.000000e+00
      vertex -5.530000e+01  2.251666e+00 -4.000000e+00
      vertex -5.567125e+01  1.991716e+00 -4.000000e+00
    endloop
  endfacet
  facet normal  -0.000000e+00  0.000000e+00 -1.000000e+00
    outer loop
      vertex -6.400000e+01  4.400000e+01 -4.000000e+00
      vertex -5.567125e+01  1.991716e+00 -4.000000e+00
      vertex -5.599171e+01  1.671248e+00 -4.000000e+00
    endloop
  endfacet
  facet normal  -0.000000e+00  0.000000e+00 -1.000000e+00
    outer loop
      vertex -6.400000e+01  4.400000e+01 -4.000000e+00
      vertex -5.599171e+01  1.671248e+00 -4.000000e+00
      vertex -5.625167e+01  1.300000e+00 -4.000000e+00
    endloop
  endfacet
  facet normal  -0.000000e+00  0.000000e+00 -1.000000e+00
    outer loop
      vertex -6.400000e+01  4.400000e+01 -4.000000e+00
      vertex -5.625167e+01  1.300000e+00 -4.000000e+00
      vertex -5.644320e+01  8.892524e-01 -4.000000e+00
    endloop
  endfacet
  facet normal  -0.000000e+00  0.000000e+00 -1.000000e+00
    outer loop
      vertex -6.400000e+01  4.400000e+01 -4.000000e+00
      vertex -5.644320e+01  8.892524e-01 -4.000000e+00
      vertex -5.656050e+01  4.514853e-01 -4.000000e+00
    endloop
  endfacet
  facet normal  -0.000000e+00  0.000000e+00 -1.000000e+00
    outer loop
      vertex -6.400000e+01  4.400000e+01 -4.000000e+00
      vertex -5.656050e+01  4.514853e-01 -4.000000e+00
      vertex -6.400000e+01 -4.400000e+01 -4.000000e+00
    endloop
  endfacet
  facet normal  0.000000e+00  0.000000e+00 -1.000000e+00
    outer loop
      vertex -5.400000e+01  2.600000e+00 -4.000000e+00
      vertex -6.400000e+01  4.400000e+01 -4.000000e+00
      vertex -6.396195e+01  4.487156e+01 -4.000000e+00
    endloop
  endfacet
  facet normal  0.000000e+00  0.000000e+00 -9.999999e-01
    outer loop
      vertex -5.400000e+01  2.600000e+00 -4.000000e+00
      vertex -6.396195e+01  4.487156e+01 -4.000000e+00
      vertex -6.384808e+01  4.573648e+01 -4.000000e+00
    endloop
  endfacet
  facet normal  0.000000e+00  0.000000e+00 -1.000000e+00
    outer loop
      vertex -5.400000e+01  2.600000e+00 -4.000000e+00
      vertex -6.384808e+01  4.573648e+01 -4.000000e+00
      vertex -6.365926e+01  4.658819e+01 -4.000000e+00
    endloop
  endfacet
  facet normal  0.000000e+00  0.000000e+00 -1.000000e+00
    outer loop
      vertex -5.400000e+01  2.600000e+00 -4.000000e+00
      vertex -6.365926e+01  4.658819e+01 -4.000000e+00
      vertex -6.339693e+01  4.742020e+01 -4.000000e+00
    endloop
  endfacet
  facet normal  0.000000e+00  0.000000e+00 -1.000000e+00
    outer loop
      vertex -5.400000e+01  2.600000e+00 -4.000000e+00
      vertex -6.339693e+01  4.742020e+01 -4.000000e+00
      vertex -6.306308e+01  4.822618e+01 -4.000000e+00
    endloop
  endfacet
  facet normal  0.000000e+00  0.000000e+00 -1.000000e+00
    outer loop
      vertex -5.400000e+01  2.600000e+00 -4.000000e+00
      vertex -6.306308e+01  4.822618e+01 -4.000000e+00
      vertex -6.266026e+01  4.900000e+01 -4.000000e+00
    endloop
  endfacet
  facet normal  0.000000e+00  0.000000e+00 -1.000000e+00
    outer loop
      vertex -5.400000e+01  2.600000e+00 -4.000000e+00
      vertex -6.266026e+01  4.900000e+01 -4.000000e+00
      vertex -6.219152e+01  4.973576e+01 -4.000000e+00
    endloop
  endfacet
  facet normal  0.000000e+00  0.000000e+00 -1.000000e+00
    outer loop
      vertex -5.400000e+01  2.600000e+00 -4.000000e+00
      vertex -6.219152e+01  4.973576e+01 -4.000000e+00
      vertex -6.166045e+01  5.042788e+01 -4.000000e+00
    endloop
  endfacet
  facet normal  0.000000e+00  0.000000e+00 -1.000000e+00
    outer loop
      vertex -5.400000e+01  2.600000e+00 -4.000000e+00
      vertex -6.166045e+01  5.042788e+01 -4.000000e+00
      vertex -6.107107e+01  5.107107e+01 -4.000000e+00
    endloop
  endfacet
  facet normal  0.000000e+00  0.000000e+00 -1.000000e+00
    outer loop
      vertex -5.400000e+01  2.600000e+00 -4.000000e+00
      vertex -6.107107e+01  5.107107e+01 -4.000000e+00
      vertex -6.042788e+01  5.166045e+01 -4.000000e+00
    endloop
  endfacet
  facet normal  0.000000e+00  0.000000e+00 -1.000000e+00
    outer loop
      vertex -5.400000e+01  2.600000e+00 -4.000000e+00
      vertex -6.042788e+01  5.166045e+01 -4.000000e+00
      vertex -5.973576e+01  5.219152e+01 -4.000000e+00
    endloop
  endfacet
  facet normal  0.000000e+00  0.000000e+00 -1.000000e+00
    outer loop
      vertex -5.400000e+01  2.600000e+00 -4.000000e+00
      vertex -5.973576e+01  5.219152e+01 -4.000000e+00
      vertex -5.900000e+01  5.266026e+01 -4.000000e+00
    endloop
  endfacet
  facet normal  0.000000e+00  0.000000e+00 -1.000000e+00
    outer loop
      vertex -5.400000e+01  2.600000e+00 -4.000000e+00
      vertex -5.900000e+01  5.266026e+01 -4.000000e+00
      vertex -5.822618e+01  5.306308e+01 -4.000000e+00
    endloop
  endfacet
  facet normal  0.000000e+00  0.000000e+00 -1.000000e+00
    outer loop
      vertex -5.400000e+01  2.600000e+00 -4.000000e+00
      vertex -5.822618e+01  5.306308e+01 -4.000000e+00
      vertex -5.742020e+01  5.339693e+01 -4.000000e+00
    endloop
  endfacet
  facet normal  0.000000e+00  0.000000e+00 -1.000000e+00
    outer loop
      vertex -5.400000e+01  2.600000e+00 -4.000000e+00
      vertex -5.742020e+01  5.339693e+01 -4.000000e+00
      vertex -5.658819e+01  5.365926e+01 -4.000000e+00
    endloop
  endfacet
  facet normal  0.000000e+00  0.000000e+00 -9.999999e-01
    outer loop
      vertex -5.400000e+01  2.600000e+00 -4.000000e+00
      vertex -5.658819e+01  5.365926e+01 -4.000000e+00
      vertex -5.573648e+01  5.384808e+01 -4.000000e+00
    endloop
  endfacet
  facet normal  0.000000e+00  0.000000e+00 -1.000000e+00
    outer loop
      vertex -5.400000e+01  2.600000e+00 -4.000000e+00
      vertex -5.573648e+01  5.384808e+01 -4.000000e+00
      vertex -5.487156e+01  5.396195e+01 -4.000000e+00
    endloop
  endfacet
  facet normal  0.000000e+00  0.000000e+00 -1.000000e+00
    outer loop
      vertex -5.400000e+01 -5.400000e+01 -4.000000e+00
      vertex -5.487156e+01 -5.396195e+01 -4.000000e+00
      vertex -5.573648e+01 -5.384808e+01 -4.000000e+00
    endloop
  endfacet
  facet normal  0.000000e+00  0.000000e+00 -1.000000e+00
    outer loop
      vertex -5.400000e+01 -5.400000e+01 -4.000000e+00
      vertex -5.573648e+01 -5.384808e+01 -4.000000e+00
      vertex -5.658819e+01 -5.365926e+01 -4.000000e+00
    endloop
  endfacet
  facet normal  0.000000e+00  0.000000e+00 -1.000000e+00
    outer loop
      vertex -5.400000e+01 -5.400000e+01 -4.000000e+00
      vertex -5.658819e+01 -5.365926e+01 -4.000000e+00
      vertex -5.742020e+01 -5.339693e+01 -4.000000e+00
    endloop
  endfacet
  facet normal  0.000000e+00  0.000000e+00 -1.000000e+00
    outer loop
      vertex -5.400000e+01 -5.400000e+01 -4.000000e+00
      vertex -5.742020e+01 -5.339693e+01 -4.000000e+00
      vertex -5.822618e+01 -5.306308e+01 -4.000000e+00
    endloop
  endfacet
  facet normal  0.000000e+00  0.000000e+00 -1.000000e+00
    outer loop
      vertex -5.400000e+01 -5.400000e+01 -4.000000e+00
      vertex -5.822618e+01 -5.306308e+01 -4.000000e+00
      vertex -5.900000e+01 -5.266026e+01 -4.000000e+00
    endloop
  endfacet
  facet normal  0.000000e+00  0.000000e+00 -1.000000e+00
    outer loop
      vertex -5.400000e+01 -5.400000e+01 -4.000000e+00
      vertex -5.900000e+01 -5.266026e+01 -4.000000e+00
      vertex -5.973576e+01 -5.219152e+01 -4.000000e+00
    endloop
  endfacet
  facet normal  0.000000e+00  0.000000e+00 -9.999999e-01
    outer loop
      vertex -5.400000e+01 -5.400000e+01 -4.000000e+00
      vertex -5.973576e+01 -5.219152e+01 -4.000000e+00
      vertex -6.042788e+01 -5.166045e+01 -4.000000e+00
    endloop
  endfacet
  facet normal  0.000000e+00  0.000000e+00 -1.000000e+00
    outer loop
      vertex -5.400000e+01 -5.400000e+01 -4.000000e+00
      vertex -6.042788e+01 -5.166045e+01 -4.000000e+00
      vertex -6.107107e+01 -5.107107e+01 -4.000000e+00
    endloop
  endfacet
  facet normal  0.000000e+00  0.000000e+00 -1.000000e+00
    outer loop
      vertex -5.400000e+01 -5.400000e+01 -4.000000e+00
      vertex -6.107107e+01 -5.107107e+01 -4.000000e+00
      vertex -6.166045e+01 -5.042788e+01 -4.000000e+00
    endloop
  endfacet
  facet normal  0.000000e+00  0.000000e+00 -1.000000e+00
    outer loop
      vertex -5.400000e+01 -5.400000e+01 -4.000000e+00
      vertex -6.166045e+01 -5.042788e+01 -4.000000e+00
      vertex -6.219152e+01 -4.973576e+01 -4.000000e+00
    endloop
  endfacet
  facet normal  0.000000e+00  0.000000e+00 -1.000000e+00
    outer loop
      vertex -5.400000e+01 -5.400000e+01 -4.000000e+00
      vertex -6.219152e+01 -4.973576e+01 -4.000000e+00
      vertex -6.266026e+01 -4.900000e+01 -4.000000e+00
    endloop
  endfacet
  facet normal  0.000000e+00  0.000000e+00 -1.000000e+00
    outer loop
      vertex -5.400000e+01 -5.400000e+01 -4.000000e+00
      vertex -6.266026e+01 -4.900000e+01 -4.000000e+00
      vertex -6.306308e+01 -4.822618e+01 -4.000000e+00
    endloop
  endfacet
  facet normal  0.000000e+00  0.000000e+00 -1.000000e+00
    outer loop
      vertex -5.400000e+01 -5.400000e+01 -4.000000e+00
      vertex -6.306308e+01 -4.822618e+01 -4.000000e+00
      vertex -6.339693e+01 -4.742020e+01 -4.000000e+00
    endloop
  endfacet
  facet normal  0.000000e+00  0.000000e+00 -1.000000e+00
    outer loop
      vertex -5.400000e+01 -5.400000e+01 -4.000000e+00
      vertex -6.339693e+01 -4.742020e+01 -4.000000e+00
      vertex -6.365926e+01 -4.658819e+01 -4.000000e+00
    endloop
  endfacet
  facet normal  0.000000e+00  0.000000e+00 -1.000000e+00
    outer loop
      vertex -5.400000e+01 -5.400000e+01 -4.000000e+00
      vertex -6.365926e+01 -4.658819e+01 -4.000000e+00
      vertex -6.384808e+01 -4.573648e+01 -4.000000e+00
    endloop
  endfacet
  facet normal  0.000000e+00  0.000000e+00 -1.000000e+00
    outer loop
      vertex -5.400000e+01 -5.400000e+01 -4.000000e+00
      vertex -6.384808e+01 -4.573648e+01 -4.000000e+00
      vertex -6.396195e+01 -4.487156e+01 -4.000000e+00
    endloop
  endfacet
  facet normal  0.000000e+00  0.000000e+00 -1.000000e+00
    outer loop
      vertex -3.200000e+01 -4.240000e+01 -4.000000e+00
      vertex -5.400000e+01 -2.600000e+00 -4.000000e+00
      vertex -5.354852e+01 -2.560500e+00 -4.000000e+00
    endloop
  endfacet
  facet normal  0.000000e+00  0.000000e+00 -1.000000e+00
    outer loop
      vertex -3.200000e+01 -4.240000e+01 -4.000000e+00
      vertex -5.354852e+01 -2.560500e+00 -4.000000e+00
      vertex -5.311075e+01 -2.443201e+00 -4.000000e+00
    endloop
  endfacet
  facet normal  0.000000e+00  0.000000e+00 -1.000000e+00
    outer loop
      vertex -3.200000e+01 -4.240000e+01 -4.000000e+00
      vertex -5.311075e+01 -2.443201e+00 -4.000000e+00
      vertex -5.270000e+01 -2.251666e+00 -4.000000e+00
    endloop
  endfacet
  facet normal  0.000000e+00  0.000000e+00 -1.000000e+00
    outer loop
      vertex -3.200000e+01 -4.240000e+01 -4.000000e+00
      vertex -5.270000e+01 -2.251666e+00 -4.000000e+00
      vertex -5.232875e+01 -1.991716e+00 -4.000000e+00
    endloop
  endfacet
  facet normal  0.000000e+00  0.000000e+00 -1.000000e+00
    outer loop
      vertex -3.200000e+01 -4.240000e+01 -4.000000e+00
      vertex -5.232875e+01 -1.991716e+00 -4.000000e+00
      vertex -5.200829e+01 -1.671248e+00 -4.000000e+00
    endloop
  endfacet
  facet normal  0.000000e+00  0.000000e+00 -1.000000e+00
    outer loop
      vertex -3.200000e+01 -4.240000e+01 -4.000000e+00
      vertex -5.200829e+01 -1.671248e+00 -4.000000e+00
      vertex -5.174833e+01 -1.300000e+00 -4.000000e+00
    endloop
  endfacet
  facet normal  0.000000e+00  0.000000e+00 -1.000000e+00
    outer loop
      vertex -3.200000e+01 -4.240000e+01 -4.000000e+00
      vertex -5.174833e+01 -1.300000e+00 -4.000000e+00
      vertex -5.155680e+01 -8.892524e-01 -4.000000e+00
    endloop
  endfacet
  facet normal  0.000000e+00  0.000000e+00 -1.000000e+00
    outer loop
      vertex -3.200000e+01 -4.240000e+01 -4.000000e+00
      vertex -5.155680e+01 -8.892524e-01 -4.000000e+00
      vertex -5.143950e+01 -4.514853e-01 -4.000000e+00
    endloop
  endfacet
  facet normal  0.000000e+00  0.000000e+00 -9.999999e-01
    outer loop
      vertex -3.200000e+01 -4.240000e+01 -4.000000e+00
      vertex -5.143950e+01 -4.514853e-01 -4.000000e+00
      vertex -5.140000e+01  0.000000e+00 -4.000000e+00
    endloop
  endfacet
  facet normal  0.000000e+00  0.000000e+00 -9.999999e-01
    outer loop
      vertex -3.200000e+01 -4.240000e+01 -4.000000e+00
      vertex -5.140000e+01  0.000000e+00 -4.000000e+00
      vertex -5.143950e+01  4.514853e-01 -4.000000e+00
    endloop
  endfacet
  facet normal  0.000000e+00  0.000000e+00 -1.000000e+00
    outer loop
      vertex -3.200000e+01 -4.240000e+01 -4.000000e+00
      vertex -5.143950e+01  4.514853e-01 -4.000000e+00
      vertex -5.155680e+01  8.892524e-01 -4.000000e+00
    endloop
  endfacet
  facet normal  0.000000e+00  -0.000000e+00 -1.000000e+00
    outer loop
      vertex -3.200000e+01  4.240000e+01 -4.000000e+00
      vertex -3.154852e+01  4.243950e+01 -4.000000e+00
      vertex -4.514853e-01  4.243950e+01 -4.000000e+00
    endloop
  endfacet
  facet normal  0.000000e+00  -0.000000e+00 -1.000000e+00
    outer loop
      vertex -3.200000e+01  4.240000e+01 -4.000000e+00
      vertex -4.514853e-01  4.243950e+01 -4.000000e+00
      vertex -4.776122e-16  4.240000e+01 -4.000000e+00
    endloop
  endfacet
  facet normal  -0.000000e+00  -0.000000e+00 -1.000000e+00
    outer loop
      vertex -3.200000e+01  4.240000e+01 -4.000000e+00
      vertex -4.776122e-16  4.240000e+01 -4.000000e+00
      vertex  1.592041e-16 -4.240000e+01 -4.000000e+00
    endloop
  endfacet
  facet normal  0.000000e+00  0.000000e+00 -1.000000e+00
    outer loop
      vertex -3.200000e+01  4.240000e+01 -4.000000e+00
      vertex  1.592041e-16 -4.240000e+01 -4.000000e+00
      vertex -3.200000e+01 -4.240000e+01 -4.000000e+00
    endloop
  endfacet
  facet normal  0.000000e+00  0.000000e+00 -1.000000e+00
    outer loop
      vertex -3.200000e+01  4.240000e+01 -4.000000e+00
      vertex -3.200000e+01 -4.240000e+01 -4.000000e+00
      vertex -5.155680e+01  8.892524e-01 -4.000000e+00
    endloop
  endfacet
  facet normal  0.000000e+00  0.000000e+00 -1.000000e+00
    outer loop
      vertex -3.200000e+01  4.240000e+01 -4.000000e+00
      vertex -5.155680e+01  8.892524e-01 -4.000000e+00
      vertex -5.174833e+01  1.300000e+00 -4.000000e+00
    endloop
  endfacet
  facet normal  0.000000e+00  0.000000e+00 -1.000000e+00
    outer loop
      vertex -3.200000e+01  4.240000e+01 -4.000000e+00
      vertex -5.174833e+01  1.300000e+00 -4.000000e+00
      vertex -5.200829e+01  1.671248e+00 -4.000000e+00
    endloop
  endfacet
  facet normal  0.000000e+00  0.000000e+00 -1.000000e+00
    outer loop
      vertex -3.200000e+01  4.240000e+01 -4.000000e+00
      vertex -5.200829e+01  1.671248e+00 -4.000000e+00
      vertex -5.232875e+01  1.991716e+00 -4.000000e+00
    endloop
  endfacet
  facet normal  0.000000e+00  0.000000e+00 -1.000000e+00
    outer loop
      vertex -3.200000e+01  4.240000e+01 -4.000000e+00
      vertex -5.232875e+01  1.991716e+00 -4.000000e+00
      vertex -5.270000e+01  2.251666e+00 -4.000000e+00
    endloop
  endfacet
  facet normal  0.000000e+00  0.000000e+00 -1.000000e+00
    outer loop
      vertex -3.200000e+01  4.240000e+01 -4.000000e+00
      vertex -5.270000e+01  2.251666e+00 -4.000000e+00
      vertex -5.311075e+01  2.443201e+00 -4.000000e+00
    endloop
  endfacet
  facet normal  0.000000e+00  0.000000e+00 -1.000000e+00
    outer loop
      vertex -3.200000e+01  4.240000e+01 -4.000000e+00
      vertex -5.311075e+01  2.443201e+00 -4.000000e+00
      vertex -5.354852e+01  2.560500e+00 -4.000000e+00
    endloop
  endfacet
  facet normal  0.000000e+00  0.000000e+00 -1.000000e+00
    outer loop
      vertex -3.200000e+01  4.240000e+01 -4.000000e+00
      vertex -5.354852e+01  2.560500e+00 -4.000000e+00
      vertex -5.400000e+01  2.600000e+00 -4.000000e+00
    endloop
  endfacet
  facet normal  0.000000e+00  0.000000e+00 -1.000000e+00
    outer loop
      vertex -5.400000e+01  2.600000e+00 -4.000000e+00
      vertex -3.444320e+01  4.588925e+01 -4.000000e+00
      vertex -3.456050e+01  4.545148e+01 -4.000000e+00
    endloop
  endfacet
  facet normal  0.000000e+00  0.000000e+00 -1.000000e+00
    outer loop
      vertex -5.400000e+01  2.600000e+00 -4.000000e+00
      vertex -3.456050e+01  4.545148e+01 -4.000000e+00
      vertex -3.460000e+01  4.500000e+01 -4.000000e+00
    endloop
  endfacet
  facet normal  0.000000e+00  -0.000000e+00 -1.000000e+00
    outer loop
      vertex -5.400000e+01  2.600000e+00 -4.000000e+00
      vertex -3.460000e+01  4.500000e+01 -4.000000e+00
      vertex -3.456050e+01  4.454852e+01 -4.000000e+00
    endloop
  endfacet
  facet normal  0.000000e+00  -0.000000e+00 -1.000000e+00
    outer loop
      vertex -5.400000e+01  2.600000e+00 -4.000000e+00
      vertex -3.456050e+01  4.454852e+01 -4.000000e+00
      vertex -3.444320e+01  4.411075e+01 -4.000000e+00
    endloop
  endfacet
  facet normal  0.000000e+00  -0.000000e+00 -9.999999e-01
    outer loop
      vertex -5.400000e+01  2.600000e+00 -4.000000e+00
      vertex -3.444320e+01  4.411075e+01 -4.000000e+00
      vertex -3.425167e+01  4.370000e+01 -4.000000e+00
    endloop
  endfacet
  facet normal  0.000000e+00  -0.000000e+00 -1.000000e+00
    outer loop
      vertex -5.400000e+01  2.600000e+00 -4.000000e+00
      vertex -3.425167e+01  4.370000e+01 -4.000000e+00
      vertex -3.399171e+01  4.332875e+01 -4.000000e+00
    endloop
  endfacet
  facet normal  0.000000e+00  -0.000000e+00 -1.000000e+00
    outer loop
      vertex -5.400000e+01  2.600000e+00 -4.000000e+00
      vertex -3.399171e+01  4.332875e+01 -4.000000e+00
      vertex -3.367125e+01  4.300829e+01 -4.000000e+00
    endloop
  endfacet
  facet normal  0.000000e+00  -0.000000e+00 -1.000000e+00
    outer loop
      vertex -5.400000e+01  2.600000e+00 -4.000000e+00
      vertex -3.367125e+01  4.300829e+01 -4.000000e+00
      vertex -3.330000e+01  4.274833e+01 -4.000000e+00
    endloop
  endfacet
  facet normal  0.000000e+00  -0.000000e+00 -1.000000e+00
    outer loop
      vertex -5.400000e+01  2.600000e+00 -4.000000e+00
      vertex -3.330000e+01  4.274833e+01 -4.000000e+00
      vertex -3.288925e+01  4.255680e+01 -4.000000e+00
    endloop
  endfacet
  facet normal  0.000000e+00  -0.000000e+00 -1.000000e+00
    outer loop
      vertex -5.400000e+01  2.600000e+00 -4.000000e+00
      vertex -3.288925e+01  4.255680e+01 -4.000000e+00
      vertex -3.245148e+01  4.243950e+01 -4.000000e+00
    endloop
  endfacet
  facet normal  0.000000e+00  -0.000000e+00 -1.000000e+00
    outer loop
      vertex -5.400000e+01  2.600000e+00 -4.000000e+00
      vertex -3.245148e+01  4.243950e+01 -4.000000e+00
      vertex -3.200000e+01  4.240000e+01 -4.000000e+00
    endloop
  endfacet
  facet normal  0.000000e+00  0.000000e+00 -1.000000e+00
    outer loop
      vertex -5.400000e+01 -5.400000e+01 -4.000000e+00
      vertex -3.330000e+01 -4.274833e+01 -4.000000e+00
      vertex -3.367125e+01 -4.300829e+01 -4.000000e+00
    endloop
  endfacet
  facet normal  0.000000e+00  0.000000e+00 -1.000000e+00
    outer loop
      vertex -5.400000e+01 -5.400000e+01 -4.000000e+00
      vertex -3.367125e+01 -4.300829e+01 -4.000000e+00
      vertex -3.399171e+01 -4.332875e+01 -4.000000e+00
    endloop
  endfacet
  facet normal  0.000000e+00  0.000000e+00 -1.000000e+00
    outer loop
      vertex -5.400000e+01 -5.400000e+01 -4.000000e+00
      vertex -3.399171e+01 -4.332875e+01 -4.000000e+00
      vertex -3.425167e+01 -4.370000e+01 -4.000000e+00
    endloop
  endfacet
  facet normal  0.000000e+00  0.000000e+00 -1.000000e+00
    outer loop
      vertex -5.400000e+01 -5.400000e+01 -4.000000e+00
      vertex -3.425167e+01 -4.370000e+01 -4.000000e+00
      vertex -3.444320e+01 -4.411075e+01 -4.000000e+00
    endloop
  endfacet
  facet normal  0.000000e+00  0.000000e+00 -1.000000e+00
    outer loop
      vertex -5.400000e+01 -5.400000e+01 -4.000000e+00
      vertex -3.444320e+01 -4.411075e+01 -4.000000e+00
      vertex -3.456050e+01 -4.454852e+01 -4.000000e+00
    endloop
  endfacet
  facet normal  0.000000e+00  0.000000e+00 -1.000000e+00
    outer loop
      vertex -5.400000e+01 -5.400000e+01 -4.000000e+00
      vertex -3.456050e+01 -4.454852e+01 -4.000000e+00
      vertex -3.460000e+01 -4.500000e+01 -4.000000e+00
    endloop
  endfacet
  facet normal  0.000000e+00  -0.000000e+00 -1.000000e+00
    outer loop
      vertex -5.400000e+01 -5.400000e+01 -4.000000e+00
      vertex -3.460000e+01 -4.500000e+01 -4.000000e+00
      vertex -3.456050e+01 -4.545148e+01 -4.000000e+00
    endloop
  endfacet
  facet normal  0.000000e+00  -0.000000e+00 -1.000000e+00
    outer loop
      vertex -5.400000e+01 -5.400000e+01 -4.000000e+00
      vertex -3.456050e+01 -4.545148e+01 -4.000000e+00
      vertex -3.444320e+01 -4.588925e+01 -4.000000e+00
    endloop
  endfacet
  facet normal  0.000000e+00  -0.000000e+00 -1.000000e+00
    outer loop
      vertex -5.400000e+01 -5.400000e+01 -4.000000e+00
      vertex -3.444320e+01 -4.588925e+01 -4.000000e+00
      vertex -3.425167e+01 -4.630000e+01 -4.000000e+00
    endloop
  endfacet
  facet normal  0.000000e+00  -0.000000e+00 -1.000000e+00
    outer loop
      vertex -5.400000e+01 -5.400000e+01 -4.000000e+00
      vertex -3.425167e+01 -4.630000e+01 -4.000000e+00
      vertex -3.399171e+01 -4.667125e+01 -4.000000e+00
    endloop
  endfacet
  facet normal  0.000000e+00  -0.000000e+00 -1.000000e+00
    outer loop
      vertex -5.400000e+01 -5.400000e+01 -4.000000e+00
      vertex -3.399171e+01 -4.667125e+01 -4.000000e+00
      vertex -3.367125e+01 -4.699171e+01 -4.000000e+00
    endloop
  endfacet
  facet normal  0.000000e+00  -0.000000e+00 -1.000000e+00
    outer loop
      vertex -5.400000e+01 -5.400000e+01 -4.000000e+00
      vertex -3.367125e+01 -4.699171e+01 -4.000000e+00
      vertex -3.330000e+01 -4.725167e+01 -4.000000e+00
    endloop
  endfacet
  facet normal  0.000000e+00  -0.000000e+00 -9.999999e-01
    outer loop
      vertex -5.400000e+01 -5.400000e+01 -4.000000e+00
      vertex -3.330000e+01 -4.725167e+01 -4.000000e+00
      vertex -3.288925e+01 -4.744320e+01 -4.000000e+00
    endloop
  endfacet
  facet normal  0.000000e+00  -0.000000e+00 -1.000000e+00
    outer loop
      vertex -5.400000e+01 -5.400000e+01 -4.000000e+00
      vertex -3.288925e+01 -4.744320e+01 -4.000000e+00
      vertex -3.245148e+01 -4.756050e+01 -4.000000e+00
    endloop
  endfacet
  facet normal  0.000000e+00  -0.000000e+00 -1.000000e+00
    outer loop
      vertex -5.400000e+01 -5.400000e+01 -4.000000e+00
      vertex -3.245148e+01 -4.756050e+01 -4.000000e+00
      vertex -3.200000e+01 -4.760000e+01 -4.000000e+00
    endloop
  endfacet
  facet normal  0.000000e+00  -0.000000e+00 -1.000000e+00
    outer loop
      vertex -5.400000e+01 -5.400000e+01 -4.000000e+00
      vertex -3.200000e+01 -4.760000e+01 -4.000000e+00
      vertex -4.776122e-16 -4.760000e+01 -4.000000e+00
    endloop
  endfacet
  facet normal  0.000000e+00  -0.000000e+00 -1.000000e+00
    outer loop
      vertex -5.400000e+01 -5.400000e+01 -4.000000e+00
      vertex -4.776122e-16 -4.760000e+01 -4.000000e+00
      vertex  3.200000e+01 -4.760000e+01 -4.000000e+00
    endloop
  endfacet
  facet normal  0.000000e+00  -0.000000e+00 -1.000000e+00
    outer loop
      vertex -5.400000e+01 -5.400000e+01 -4.000000e+00
      vertex  3.200000e+01 -4.760000e+01 -4.000000e+00
      vertex  5.400000e+01 -5.400000e+01 -4.000000e+00
    endloop
  endfacet
  facet normal  -0.000000e+00  0.000000e+00 -1.000000e+00
    outer loop
      vertex -5.400000e+01 -2.600000e+00 -4.000000e+00
      vertex -3.200000e+01 -4.240000e+01 -4.000000e+00
      vertex -3.245148e+01 -4.243950e+01 -4.000000e+00
    endloop
  endfacet
  facet normal  -0.000000e+00  0.000000e+00 -9.999999e-01
    outer loop
      vertex -5.400000e+01 -2.600000e+00 -4.000000e+00
      vertex -3.245148e+01 -4.243950e+01 -4.000000e+00
      vertex -3.288925e+01 -4.255680e+01 -4.000000e+00
    endloop
  endfacet
  facet normal  -0.000000e+00  0.000000e+00 -1.000000e+00
    outer loop
      vertex -5.400000e+01 -2.600000e+00 -4.000000e+00
      vertex -3.288925e+01 -4.255680e+01 -4.000000e+00
      vertex -3.330000e+01 -4.274833e+01 -4.000000e+00
    endloop
  endfacet
  facet normal  -0.000000e+00  0.000000e+00 -1.000000e+00
    outer loop
      vertex -5.400000e+01 -2.600000e+00 -4.000000e+00
      vertex -3.330000e+01 -4.274833e+01 -4.000000e+00
      vertex -5.400000e+01 -5.400000e+01 -4.000000e+00
    endloop
  endfacet
  facet normal  0.000000e+00  0.000000e+00 -1.000000e+00
    outer loop
      vertex  3.200000e+01 -4.240000e+01 -4.000000e+00
      vertex  5.155680e+01  8.892524e-01 -4.000000e+00
      vertex  5.143950e+01  4.514853e-01 -4.000000e+00
    endloop
  endfacet
  facet normal  0.000000e+00  0.000000e+00 -1.000000e+00
    outer loop
      vertex  3.200000e+01 -4.240000e+01 -4.000000e+00
      vertex  5.143950e+01  4.514853e-01 -4.000000e+00
      vertex  5.140000e+01  3.184082e-16 -4.000000e+00
    endloop
  endfacet
  facet normal  0.000000e+00  -0.000000e+00 -9.999999e-01
    outer loop
      vertex  3.200000e+01 -4.240000e+01 -4.000000e+00
      vertex  5.140000e+01  3.184082e-16 -4.000000e+00
      vertex  5.143950e+01 -4.514853e-01 -4.000000e+00
    endloop
  endfacet
  facet normal  0.000000e+00  -0.000000e+00 -1.000000e+00
    outer loop
      vertex  3.200000e+01 -4.240000e+01 -4.000000e+00
      vertex  5.143950e+01 -4.514853e-01 -4.000000e+00
      vertex  5.155680e+01 -8.892524e-01 -4.000000e+00
    endloop
  endfacet
  facet normal  0.000000e+00  -0.000000e+00 -1.000000e+00
    outer loop
      vertex  3.200000e+01 -4.240000e+01 -4.000000e+00
      vertex  5.155680e+01 -8.892524e-01 -4.000000e+00
      vertex  5.174833e+01 -1.300000e+00 -4.000000e+00
    endloop
  endfacet
  facet normal  0.000000e+00  -0.000000e+00 -1.000000e+00
    outer loop
      vertex  3.200000e+01 -4.240000e+01 -4.000000e+00
      vertex  5.174833e+01 -1.300000e+00 -4.000000e+00
      vertex  5.200829e+01 -1.671248e+00 -4.000000e+00
    endloop
  endfacet
  facet normal  0.000000e+00  -0.000000e+00 -1.000000e+00
    outer loop
      vertex  3.200000e+01 -4.240000e+01 -4.000000e+00
      vertex  5.200829e+01 -1.671248e+00 -4.000000e+00
      vertex  5.232875e+01 -1.991716e+00 -4.000000e+00
    endloop
  endfacet
  facet normal  0.000000e+00  -0.000000e+00 -1.000000e+00
    outer loop
      vertex  3.200000e+01 -4.240000e+01 -4.000000e+00
      vertex  5.232875e+01 -1.991716e+00 -4.000000e+00
      vertex  5.270000e+01 -2.251666e+00 -4.000000e+00
    endloop
  endfacet
  facet normal  0.000000e+00  -0.000000e+00 -1.000000e+00
    outer loop
      vertex  3.200000e+01 -4.240000e+01 -4.000000e+00
      vertex  5.270000e+01 -2.251666e+00 -4.000000e+00
      vertex  5.311075e+01 -2.443201e+00 -4.000000e+00
    endloop
  endfacet
  facet normal  0.000000e+00  -0.000000e+00 -1.000000e+00
    outer loop
      vertex  3.200000e+01 -4.240000e+01 -4.000000e+00
      vertex  5.311075e+01 -2.443201e+00 -4.000000e+00
      vertex  5.354852e+01 -2.560500e+00 -4.000000e+00
    endloop
  endfacet
  facet normal  0.000000e+00  -0.000000e+00 -1.000000e+00
    outer loop
      vertex  3.200000e+01 -4.240000e+01 -4.000000e+00
      vertex  5.354852e+01 -2.560500e+00 -4.000000e+00
      vertex  5.400000e+01 -2.600000e+00 -4.000000e+00
    endloop
  endfacet
  facet normal  0.000000e+00  0.000000e+00 -1.000000e+00
    outer loop
      vertex  3.200000e+01 -4.240000e+01 -4.000000e+00
      vertex  5.400000e+01 -2.600000e+00 -4.000000e+00
      vertex  3.245148e+01 -4.243950e+01 -4.000000e+00
    endloop
  endfacet
  facet normal  -0.000000e+00  0.000000e+00 -1.000000e+00
    outer loop
      vertex  3.200000e+01  4.240000e+01 -4.000000e+00
      vertex  5.400000e+01  2.600000e+00 -4.000000e+00
      vertex  5.354852e+01  2.560500e+00 -4.000000e+00
    endloop
  endfacet
  facet normal  -0.000000e+00  0.000000e+00 -1.000000e+00
    outer loop
      vertex  3.200000e+01  4.240000e+01 -4.000000e+00
      vertex  5.354852e+01  2.560500e+00 -4.000000e+00
      vertex  5.311075e+01  2.443201e+00 -4.000000e+00
    endloop
  endfacet
  facet normal  -0.000000e+00  0.000000e+00 -1.000000e+00
    outer loop
      vertex  3.200000e+01  4.240000e+01 -4.000000e+00
      vertex  5.311075e+01  2.443201e+00 -4.000000e+00
      vertex  5.270000e+01  2.251666e+00 -4.000000e+00
    endloop
  endfacet
  facet normal  -0.000000e+00  0.000000e+00 -1.000000e+00
    outer loop
      vertex  3.200000e+01  4.240000e+01 -4.000000e+00
      vertex  5.270000e+01  2.251666e+00 -4.000000e+00
      vertex  5.232875e+01  1.991716e+00 -4.000000e+00
    endloop
  endfacet
  facet normal  -0.000000e+00  0.000000e+00 -1.000000e+00
    outer loop
      vertex  3.200000e+01  4.240000e+01 -4.000000e+00
      vertex  5.232875e+01  1.991716e+00 -4.000000e+00
      vertex  5.200829e+01  1.671248e+00 -4.000000e+00
    endloop
  endfacet
  facet normal  -0.000000e+00  0.000000e+00 -1.000000e+00
    outer loop
      vertex  3.200000e+01  4.240000e+01 -4.000000e+00
      vertex  5.200829e+01  1.671248e+00 -4.000000e+00
      vertex  5.174833e+01  1.300000e+00 -4.000000e+00
    endloop
  endfacet
  facet normal  -0.000000e+00  0.000000e+00 -1.000000e+00
    outer loop
      vertex  3.200000e+01  4.240000e+01 -4.000000e+00
      vertex  5.174833e+01  1.300000e+00 -4.000000e+00
      vertex  5.155680e+01  8.892524e-01 -4.000000e+00
    endloop
  endfacet
  facet normal  -0.000000e+00  0.000000e+00 -1.000000e+00
    outer loop
      vertex  3.200000e+01  4.240000e+01 -4.000000e+00
      vertex  5.155680e+01  8.892524e-01 -4.000000e+00
      vertex  3.200000e+01 -4.240000e+01 -4.000000e+00
    endloop
  endfacet
  facet normal  0.000000e+00  0.000000e+00 -1.000000e+00
    outer loop
      vertex  3.200000e+01  4.240000e+01 -4.000000e+00
      vertex  3.200000e+01 -4.240000e+01 -4.000000e+00
      vertex  1.592041e-16 -4.240000e+01 -4.000000e+00
    endloop
  endfacet
  facet normal  0.000000e+00  0.000000e+00 -1.000000e+00
    outer loop
      vertex  3.200000e+01  4.240000e+01 -4.000000e+00
      vertex  1.592041e-16 -4.240000e+01 -4.000000e+00
      vertex -4.776122e-16  4.240000e+01 -4.000000e+00
    endloop
  endfacet
  facet normal  0.000000e+00  0.000000e+00 -1.000000e+00
    outer loop
      vertex  3.200000e+01  4.240000e+01 -4.000000e+00
      vertex -4.776122e-16  4.240000e+01 -4.000000e+00
      vertex  4.514853e-01  4.243950e+01 -4.000000e+00
    endloop
  endfacet
  facet normal  0.000000e+00  0.000000e+00 -1.000000e+00
    outer loop
      vertex  3.200000e+01  4.240000e+01 -4.000000e+00
      vertex  4.514853e-01  4.243950e+01 -4.000000e+00
      vertex  3.154852e+01  4.243950e+01 -4.000000e+00
    endloop
  endfacet
  facet normal  0.000000e+00  0.000000e+00 -1.000000e+00
    outer loop
      vertex  5.400000e+01  2.600000e+00 -4.000000e+00
      vertex  3.200000e+01  4.240000e+01 -4.000000e+00
      vertex  3.245148e+01  4.243950e+01 -4.000000e+00
    endloop
  endfacet
  facet normal  0.000000e+00  0.000000e+00 -9.999999e-01
    outer loop
      vertex  5.400000e+01  2.600000e+00 -4.000000e+00
      vertex  3.245148e+01  4.243950e+01 -4.000000e+00
      vertex  3.288925e+01  4.255680e+01 -4.000000e+00
    endloop
  endfacet
  facet normal  0.000000e+00  0.000000e+00 -1.000000e+00
    outer loop
      vertex  5.400000e+01  2.600000e+00 -4.000000e+00
      vertex  3.288925e+01  4.255680e+01 -4.000000e+00
      vertex  3.330000e+01  4.274833e+01 -4.000000e+00
    endloop
  endfacet
  facet normal  0.000000e+00  0.000000e+00 -1.000000e+00
    outer loop
      vertex  5.400000e+01  2.600000e+00 -4.000000e+00
      vertex  3.330000e+01  4.274833e+01 -4.000000e+00
      vertex  3.367125e+01  4.300829e+01 -4.000000e+00
    endloop
  endfacet
  facet normal  0.000000e+00  0.000000e+00 -1.000000e+00
    outer loop
      vertex  5.400000e+01  2.600000e+00 -4.000000e+00
      vertex  3.367125e+01  4.300829e+01 -4.000000e+00
      vertex  3.399171e+01  4.332875e+01 -4.000000e+00
    endloop
  endfacet
  facet normal  0.000000e+00  0.000000e+00 -1.000000e+00
    outer loop
      vertex  5.400000e+01  2.600000e+00 -4.000000e+00
      vertex  3.399171e+01  4.332875e+01 -4.000000e+00
      vertex  3.425167e+01  4.370000e+01 -4.000000e+00
    endloop
  endfacet
  facet normal  0.000000e+00  0.000000e+00 -9.999999e-01
    outer loop
      vertex  5.400000e+01  2.600000e+00 -4.000000e+00
      vertex  3.425167e+01  4.370000e+01 -4.000000e+00
      vertex  3.444320e+01  4.411075e+01 -4.000000e+00
    endloop
  endfacet
  facet normal  0.000000e+00  0.000000e+00 -9.999999e-01
    outer loop
      vertex  5.400000e+01  2.600000e+00 -4.000000e+00
      vertex  3.444320e+01  4.411075e+01 -4.000000e+00
      vertex  3.456050e+01  4.454852e+01 -4.000000e+00
    endloop
  endfacet
  facet normal  0.000000e+00  0.000000e+00 -1.000000e+00
    outer loop
      vertex  5.400000e+01  2.600000e+00 -4.000000e+00
      vertex  3.456050e+01  4.454852e+01 -4.000000e+00
      vertex  3.460000e+01  4.500000e+01 -4.000000e+00
    endloop
  endfacet
  facet normal  0.000000e+00  0.000000e+00 -1.000000e+00
    outer loop
      vertex  5.400000e+01  2.600000e+00 -4.000000e+00
      vertex  3.460000e+01  4.500000e+01 -4.000000e+00
      vertex  3.456050e+01  4.545148e+01 -4.000000e+00
    endloop
  endfacet
  facet normal  0.000000e+00  0.000000e+00 -1.000000e+00
    outer loop
      vertex  5.400000e+01  2.600000e+00 -4.000000e+00
      vertex  3.456050e+01  4.545148e+01 -4.000000e+00
      vertex  3.444320e+01  4.588925e+01 -4.000000e+00
    endloop
  endfacet
  facet normal  0.000000e+00  0.000000e+00 -9.999999e-01
    outer loop
      vertex  5.400000e+01  5.400000e+01 -4.000000e+00
      vertex  5.400000e+01  2.600000e+00 -4.000000e+00
      vertex  3.444320e+01  4.588925e+01 -4.000000e+00
    endloop
  endfacet
  facet normal  0.000000e+00  0.000000e+00 -1.000000e+00
    outer loop
      vertex  5.400000e+01  5.400000e+01 -4.000000e+00
      vertex  3.444320e+01  4.588925e+01 -4.000000e+00
      vertex  3.425167e+01  4.630000e+01 -4.000000e+00
    endloop
  endfacet
  facet normal  0.000000e+00  0.000000e+00 -1.000000e+00
    outer loop
      vertex  5.400000e+01  5.400000e+01 -4.000000e+00
      vertex  3.425167e+01  4.630000e+01 -4.000000e+00
      vertex  3.399171e+01  4.667125e+01 -4.000000e+00
    endloop
  endfacet
  facet normal  0.000000e+00  0.000000e+00 -1.000000e+00
    outer loop
      vertex  5.400000e+01  5.400000e+01 -4.000000e+00
      vertex  3.399171e+01  4.667125e+01 -4.000000e+00
      vertex  3.367125e+01  4.699171e+01 -4.000000e+00
    endloop
  endfacet
  facet normal  0.000000e+00  0.000000e+00 -1.000000e+00
    outer loop
      vertex  5.400000e+01  5.400000e+01 -4.000000e+00
      vertex  3.367125e+01  4.699171e+01 -4.000000e+00
      vertex  3.330000e+01  4.725167e+01 -4.000000e+00
    endloop
  endfacet
  facet normal  0.000000e+00  0.000000e+00 -9.999999e-01
    outer loop
      vertex  5.400000e+01  5.400000e+01 -4.000000e+00
      vertex  3.330000e+01  4.725167e+01 -4.000000e+00
      vertex  3.288925e+01  4.744320e+01 -4.000000e+00
    endloop
  endfacet
  facet normal  0.000000e+00  0.000000e+00 -1.000000e+00
    outer loop
      vertex  5.400000e+01  5.400000e+01 -4.000000e+00
      vertex  3.288925e+01  4.744320e+01 -4.000000e+00
      vertex  3.245148e+01  4.756050e+01 -4.000000e+00
    endloop
  endfacet
  facet normal  0.000000e+00  0.000000e+00 -1.000000e+00
    outer loop
      vertex  5.400000e+01  5.400000e+01 -4.000000e+00
      vertex  3.245148e+01  4.756050e+01 -4.000000e+00
      vertex  3.200000e+01  4.760000e+01 -4.000000e+00
    endloop
  endfacet
  facet normal  0.000000e+00  0.000000e+00 -1.000000e+00
    outer loop
      vertex  5.400000e+01 -5.400000e+01 -4.000000e+00
      vertex  3.200000e+01 -4.760000e+01 -4.000000e+00
      vertex  3.245148e+01 -4.756050e+01 -4.000000e+00
    endloop
  endfacet
  facet normal  0.000000e+00  0.000000e+00 -1.000000e+00
    outer loop
      vertex  5.400000e+01 -5.400000e+01 -4.000000e+00
      vertex  3.245148e+01 -4.756050e+01 -4.000000e+00
      vertex  3.288925e+01 -4.744320e+01 -4.000000e+00
    endloop
  endfacet
  facet normal  0.000000e+00  0.000000e+00 -9.999999e-01
    outer loop
      vertex  5.400000e+01 -5.400000e+01 -4.000000e+00
      vertex  3.288925e+01 -4.744320e+01 -4.000000e+00
      vertex  3.330000e+01 -4.725167e+01 -4.000000e+00
    endloop
  endfacet
  facet normal  0.000000e+00  0.000000e+00 -1.000000e+00
    outer loop
      vertex  5.400000e+01 -5.400000e+01 -4.000000e+00
      vertex  3.330000e+01 -4.725167e+01 -4.000000e+00
      vertex  3.367125e+01 -4.699171e+01 -4.000000e+00
    endloop
  endfacet
  facet normal  0.000000e+00  0.000000e+00 -1.000000e+00
    outer loop
      vertex  5.400000e+01 -5.400000e+01 -4.000000e+00
      vertex  3.367125e+01 -4.699171e+01 -4.000000e+00
      vertex  3.399171e+01 -4.667125e+01 -4.000000e+00
    endloop
  endfacet
  facet normal  0.000000e+00  0.000000e+00 -1.000000e+00
    outer loop
      vertex  5.400000e+01 -5.400000e+01 -4.000000e+00
      vertex  3.399171e+01 -4.667125e+01 -4.000000e+00
      vertex  3.425167e+01 -4.630000e+01 -4.000000e+00
    endloop
  endfacet
  facet normal  0.000000e+00  0.000000e+00 -1.000000e+00
    outer loop
      vertex  5.400000e+01 -5.400000e+01 -4.000000e+00
      vertex  3.425167e+01 -4.630000e+01 -4.000000e+00
      vertex  3.444320e+01 -4.588925e+01 -4.000000e+00
    endloop
  endfacet
  facet normal  0.000000e+00  0.000000e+00 -1.000000e+00
    outer loop
      vertex  5.400000e+01 -5.400000e+01 -4.000000e+00
      vertex  3.444320e+01 -4.588925e+01 -4.000000e+00
      vertex  3.456050e+01 -4.545148e+01 -4.000000e+00
    endloop
  endfacet
  facet normal  0.000000e+00  0.000000e+00 -1.000000e+00
    outer loop
      vertex  5.400000e+01 -5.400000e+01 -4.000000e+00
      vertex  3.456050e+01 -4.545148e+01 -4.000000e+00
      vertex  3.460000e+01 -4.500000e+01 -4.000000e+00
    endloop
  endfacet
  facet normal  0.000000e+00  0.000000e+00 -1.000000e+00
    outer loop
      vertex  5.400000e+01 -5.400000e+01 -4.000000e+00
      vertex  3.460000e+01 -4.500000e+01 -4.000000e+00
      vertex  3.456050e+01 -4.454852e+01 -4.000000e+00
    endloop
  endfacet
  facet normal  0.000000e+00  0.000000e+00 -1.000000e+00
    outer loop
      vertex  5.400000e+01 -5.400000e+01 -4.000000e+00
      vertex  3.456050e+01 -4.454852e+01 -4.000000e+00
      vertex  3.444320e+01 -4.411075e+01 -4.000000e+00
    endloop
  endfacet
  facet normal  0.000000e+00  0.000000e+00 -1.000000e+00
    outer loop
      vertex  5.400000e+01 -5.400000e+01 -4.000000e+00
      vertex  3.444320e+01 -4.411075e+01 -4.000000e+00
      vertex  3.425167e+01 -4.370000e+01 -4.000000e+00
    endloop
  endfacet
  facet normal  0.000000e+00  0.000000e+00 -1.000000e+00
    outer loop
      vertex  5.400000e+01 -5.400000e+01 -4.000000e+00
      vertex  3.425167e+01 -4.370000e+01 -4.000000e+00
      vertex  3.399171e+01 -4.332875e+01 -4.000000e+00
    endloop
  endfacet
  facet normal  0.000000e+00  0.000000e+00 -1.000000e+00
    outer loop
      vertex  5.400000e+01 -5.400000e+01 -4.000000e+00
      vertex  3.399171e+01 -4.332875e+01 -4.000000e+00
      vertex  3.367125e+01 -4.300829e+01 -4.000000e+00
    endloop
  endfacet
  facet normal  0.000000e+00  0.000000e+00 -1.000000e+00
    outer loop
      vertex  5.400000e+01 -5.400000e+01 -4.000000e+00
      vertex  3.367125e+01 -4.300829e+01 -4.000000e+00
      vertex  3.330000e+01 -4.274833e+01 -4.000000e+00
    endloop
  endfacet
  facet normal  -0.000000e+00  0.000000e+00 -1.000000e+00
    outer loop
      vertex  5.400000e+01 -2.600000e+00 -4.000000e+00
      vertex  6.400000e+01 -4.400000e+01 -4.000000e+00
      vertex  5.400000e+01 -5.400000e+01 -4.000000e+00
    endloop
  endfacet
  facet normal  0.000000e+00  0.000000e+00 -1.000000e+00
    outer loop
      vertex  5.400000e+01 -2.600000e+00 -4.000000e+00
      vertex  5.400000e+01 -5.400000e+01 -4.000000e+00
      vertex  3.330000e+01 -4.274833e+01 -4.000000e+00
    endloop
  endfacet
  facet normal  0.000000e+00  0.000000e+00 -1.000000e+00
    outer loop
      vertex  5.400000e+01 -2.600000e+00 -4.000000e+00
      vertex  3.330000e+01 -4.274833e+01 -4.000000e+00
      vertex  3.288925e+01 -4.255680e+01 -4.000000e+00
    endloop
  endfacet
  facet normal  0.000000e+00  0.000000e+00 -1.000000e+00
    outer loop
      vertex  5.400000e+01 -2.600000e+00 -4.000000e+00
      vertex  3.288925e+01 -4.255680e+01 -4.000000e+00
      vertex  3.245148e+01 -4.243950e+01 -4.000000e+00
    endloop
  endfacet
  facet normal  0.000000e+00  0.000000e+00 -1.000000e+00
    outer loop
      vertex  6.400000e+01 -4.400000e+01 -4.000000e+00
      vertex  5.400000e+01 -2.600000e+00 -4.000000e+00
      vertex  5.445148e+01 -2.560500e+00 -4.000000e+00
    endloop
  endfacet
  facet normal  0.000000e+00  0.000000e+00 -1.000000e+00
    outer loop
      vertex  6.400000e+01 -4.400000e+01 -4.000000e+00
      vertex  5.445148e+01 -2.560500e+00 -4.000000e+00
      vertex  5.488925e+01 -2.443201e+00 -4.000000e+00
    endloop
  endfacet
  facet normal  0.000000e+00  0.000000e+00 -9.999999e-01
    outer loop
      vertex  6.400000e+01 -4.400000e+01 -4.000000e+00
      vertex  5.488925e+01 -2.443201e+00 -4.000000e+00
      vertex  5.530000e+01 -2.251666e+00 -4.000000e+00
    endloop
  endfacet
  facet normal  0.000000e+00  0.000000e+00 -1.000000e+00
    outer loop
      vertex  6.400000e+01 -4.400000e+01 -4.000000e+00
      vertex  5.530000e+01 -2.251666e+00 -4.000000e+00
      vertex  5.567125e+01 -1.991716e+00 -4.000000e+00
    endloop
  endfacet
  facet normal  0.000000e+00  0.000000e+00 -1.000000e+00
    outer loop
      vertex  6.400000e+01 -4.400000e+01 -4.000000e+00
      vertex  5.567125e+01 -1.991716e+00 -4.000000e+00
      vertex  5.599171e+01 -1.671248e+00 -4.000000e+00
    endloop
  endfacet
  facet normal  0.000000e+00  0.000000e+00 -1.000000e+00
    outer loop
      vertex  6.400000e+01 -4.400000e+01 -4.000000e+00
      vertex  5.599171e+01 -1.671248e+00 -4.000000e+00
      vertex  5.625167e+01 -1.300000e+00 -4.000000e+00
    endloop
  endfacet
  facet normal  0.000000e+00  0.000000e+00 -1.000000e+00
    outer loop
      vertex  6.400000e+01 -4.400000e+01 -4.000000e+00
      vertex  5.625167e+01 -1.300000e+00 -4.000000e+00
      vertex  5.644320e+01 -8.892524e-01 -4.000000e+00
    endloop
  endfacet
  facet normal  0.000000e+00  0.000000e+00 -1.000000e+00
    outer loop
      vertex  6.400000e+01 -4.400000e+01 -4.000000e+00
      vertex  5.644320e+01 -8.892524e-01 -4.000000e+00
      vertex  5.656050e+01 -4.514853e-01 -4.000000e+00
    endloop
  endfacet
  facet normal  0.000000e+00  0.000000e+00 -1.000000e+00
    outer loop
      vertex  6.400000e+01 -4.400000e+01 -4.000000e+00
      vertex  5.656050e+01 -4.514853e-01 -4.000000e+00
      vertex  5.660000e+01  0.000000e+00 -4.000000e+00
    endloop
  endfacet
  facet normal  0.000000e+00  0.000000e+00 -1.000000e+00
    outer loop
      vertex  6.400000e+01 -4.400000e+01 -4.000000e+00
      vertex  5.660000e+01  0.000000e+00 -4.000000e+00
      vertex  5.656050e+01  4.514853e-01 -4.000000e+00
    endloop
  endfacet
  facet normal  0.000000e+00  0.000000e+00 -1.000000e+00
    outer loop
      vertex  6.400000e+01  4.400000e+01 -4.000000e+00
      vertex  6.400000e+01 -4.400000e+01 -4.000000e+00
      vertex  5.656050e+01  4.514853e-01 -4.000000e+00
    endloop
  endfacet
  facet normal  0.000000e+00  0.000000e+00 -1.000000e+00
    outer loop
      vertex  6.400000e+01  4.400000e+01 -4.000000e+00
      vertex  5.656050e+01  4.514853e-01 -4.000000e+00
      vertex  5.644320e+01  8.892524e-01 -4.000000e+00
    endloop
  endfacet
  facet normal  0.000000e+00  0.000000e+00 -1.000000e+00
    outer loop
      vertex  6.400000e+01  4.400000e+01 -4.000000e+00
      vertex  5.644320e+01  8.892524e-01 -4.000000e+00
      vertex  5.625167e+01  1.300000e+00 -4.000000e+00
    endloop
  endfacet
  facet normal  0.000000e+00  0.000000e+00 -1.000000e+00
    outer loop
      vertex  6.400000e+01  4.400000e+01 -4.000000e+00
      vertex  5.625167e+01  1.300000e+00 -4.000000e+00
      vertex  5.599171e+01  1.671248e+00 -4.000000e+00
    endloop
  endfacet
  facet normal  0.000000e+00  0.000000e+00 -1.000000e+00
    outer loop
      vertex  6.400000e+01  4.400000e+01 -4.000000e+00
      vertex  5.599171e+01  1.671248e+00 -4.000000e+00
      vertex  5.567125e+01  1.991716e+00 -4.000000e+00
    endloop
  endfacet
  facet normal  0.000000e+00  0.000000e+00 -1.000000e+00
    outer loop
      vertex  6.400000e+01  4.400000e+01 -4.000000e+00
      vertex  5.567125e+01  1.991716e+00 -4.000000e+00
      vertex  5.530000e+01  2.251666e+00 -4.000000e+00
    endloop
  endfacet
  facet normal  0.000000e+00  0.000000e+00 -9.999999e-01
    outer loop
      vertex  6.400000e+01  4.400000e+01 -4.000000e+00
      vertex  5.530000e+01  2.251666e+00 -4.000000e+00
      vertex  5.488925e+01  2.443201e+00 -4.000000e+00
    endloop
  endfacet
  facet normal  0.000000e+00  0.000000e+00 -1.000000e+00
    outer loop
      vertex  6.400000e+01  4.400000e+01 -4.000000e+00
      vertex  5.488925e+01  2.443201e+00 -4.000000e+00
      vertex  5.445148e+01  2.560500e+00 -4.000000e+00
    endloop
  endfacet
  facet normal  0.000000e+00  0.000000e+00 -1.000000e+00
    outer loop
      vertex  6.400000e+01  4.400000e+01 -4.000000e+00
      vertex  5.445148e+01  2.560500e+00 -4.000000e+00
      vertex  5.400000e+01  2.600000e+00 -4.000000e+00
    endloop
  endfacet
  facet normal  0.000000e+00  0.000000e+00 -1.000000e+00
    outer loop
      vertex  5.400000e+01  2.600000e+00 -4.000000e+00
      vertex  5.400000e+01  5.400000e+01 -4.000000e+00
      vertex  5.487156e+01  5.396195e+01 -4.000000e+00
    endloop
  endfacet
  facet normal  0.000000e+00  -0.000000e+00 -1.000000e+00
    outer loop
      vertex  5.400000e+01  2.600000e+00 -4.000000e+00
      vertex  5.487156e+01  5.396195e+01 -4.000000e+00
      vertex  5.573648e+01  5.384808e+01 -4.000000e+00
    endloop
  endfacet
  facet normal  0.000000e+00  -0.000000e+00 -9.999999e-01
    outer loop
      vertex  5.400000e+01  2.600000e+00 -4.000000e+00
      vertex  5.573648e+01  5.384808e+01 -4.000000e+00
      vertex  5.658819e+01  5.365926e+01 -4.000000e+00
    endloop
  endfacet
  facet normal  0.000000e+00  -0.000000e+00 -1.000000e+00
    outer loop
      vertex  5.400000e+01  2.600000e+00 -4.000000e+00
      vertex  5.658819e+01  5.365926e+01 -4.000000e+00
      vertex  5.742020e+01  5.339693e+01 -4.000000e+00
    endloop
  endfacet
  facet normal  0.000000e+00  -0.000000e+00 -1.000000e+00
    outer loop
      vertex  5.400000e+01  2.600000e+00 -4.000000e+00
      vertex  5.742020e+01  5.339693e+01 -4.000000e+00
      vertex  5.822618e+01  5.306308e+01 -4.000000e+00
    endloop
  endfacet
  facet normal  0.000000e+00  -0.000000e+00 -1.000000e+00
    outer loop
      vertex  5.400000e+01  2.600000e+00 -4.000000e+00
      vertex  5.822618e+01  5.306308e+01 -4.000000e+00
      vertex  5.900000e+01  5.266026e+01 -4.000000e+00
    endloop
  endfacet
  facet normal  0.000000e+00  -0.000000e+00 -1.000000e+00
    outer loop
      vertex  5.400000e+01  2.600000e+00 -4.000000e+00
      vertex  5.900000e+01  5.266026e+01 -4.000000e+00
      vertex  5.973576e+01  5.219152e+01 -4.000000e+00
    endloop
  endfacet
  facet normal  0.000000e+00  -0.000000e+00 -1.000000e+00
    outer loop
      vertex  5.400000e+01  2.600000e+00 -4.000000e+00
      vertex  5.973576e+01  5.219152e+01 -4.000000e+00
      vertex  6.042788e+01  5.166045e+01 -4.000000e+00
    endloop
  endfacet
  facet normal  0.000000e+00  -0.000000e+00 -1.000000e+00
    outer loop
      vertex  5.400000e+01  2.600000e+00 -4.000000e+00
      vertex  6.042788e+01  5.166045e+01 -4.000000e+00
      vertex  6.107107e+01  5.107107e+01 -4.000000e+00
    endloop
  endfacet
  facet normal  0.000000e+00  -0.000000e+00 -1.000000e+00
    outer loop
      vertex  5.400000e+01  2.600000e+00 -4.000000e+00
      vertex  6.107107e+01  5.107107e+01 -4.000000e+00
      vertex  6.166045e+01  5.042788e+01 -4.000000e+00
    endloop
  endfacet
  facet normal  0.000000e+00  -0.000000e+00 -1.000000e+00
    outer loop
      vertex  5.400000e+01  2.600000e+00 -4.000000e+00
      vertex  6.166045e+01  5.042788e+01 -4.000000e+00
      vertex  6.219152e+01  4.973576e+01 -4.000000e+00
    endloop
  endfacet
  facet normal  0.000000e+00  -0.000000e+00 -1.000000e+00
    outer loop
      vertex  5.400000e+01  2.600000e+00 -4.000000e+00
      vertex  6.219152e+01  4.973576e+01 -4.000000e+00
      vertex  6.266026e+01  4.900000e+01 -4.000000e+00
    endloop
  endfacet
  facet normal  0.000000e+00  -0.000000e+00 -1.000000e+00
    outer loop
      vertex  5.400000e+01  2.600000e+00 -4.000000e+00
      vertex  6.266026e+01  4.900000e+01 -4.000000e+00
      vertex  6.306308e+01  4.822618e+01 -4.000000e+00
    endloop
  endfacet
  facet normal  0.000000e+00  -0.000000e+00 -1.000000e+00
    outer loop
      vertex  5.400000e+01  2.600000e+00 -4.000000e+00
      vertex  6.306308e+01  4.822618e+01 -4.000000e+00
      vertex  6.339693e+01  4.742020e+01 -4.000000e+00
    endloop
  endfacet
  facet normal  0.000000e+00  -0.000000e+00 -1.000000e+00
    outer loop
      vertex  5.400000e+01  2.600000e+00 -4.000000e+00
      vertex  6.339693e+01  4.742020e+01 -4.000000e+00
      vertex  6.365926e+01  4.658819e+01 -4.000000e+00
    endloop
  endfacet
  facet normal  0.000000e+00  -0.000000e+00 -1.000000e+00
    outer loop
      vertex  5.400000e+01  2.600000e+00 -4.000000e+00
      vertex  6.365926e+01  4.658819e+01 -4.000000e+00
      vertex  6.384808e+01  4.573648e+01 -4.000000e+00
    endloop
  endfacet
  facet normal  0.000000e+00  -0.000000e+00 -9.999999e-01
    outer loop
      vertex  5.400000e+01  2.600000e+00 -4.000000e+00
      vertex  6.384808e+01  4.573648e+01 -4.000000e+00
      vertex  6.396195e+01  4.487156e+01 -4.000000e+00
    endloop
  endfacet
  facet normal  0.000000e+00  -0.000000e+00 -1.000000e+00
    outer loop
      vertex  5.400000e+01  2.600000e+00 -4.000000e+00
      vertex  6.396195e+01  4.487156e+01 -4.000000e+00
      vertex  6.400000e+01  4.400000e+01 -4.000000e+00
    endloop
  endfacet
  facet normal  0.000000e+00  0.000000e+00 -1.000000e+00
    outer loop
      vertex  5.400000e+01 -5.400000e+01 -4.000000e+00
      vertex  6.400000e+01 -4.400000e+01 -4.000000e+00
      vertex  6.396195e+01 -4.487156e+01 -4.000000e+00
    endloop
  endfacet
  facet normal  0.000000e+00  0.000000e+00 -9.999999e-01
    outer loop
      vertex  5.400000e+01 -5.400000e+01 -4.000000e+00
      vertex  6.396195e+01 -4.487156e+01 -4.000000e+00
      vertex  6.384808e+01 -4.573648e+01 -4.000000e+00
    endloop
  endfacet
  facet normal  0.000000e+00  0.000000e+00 -1.000000e+00
    outer loop
      vertex  5.400000e+01 -5.400000e+01 -4.000000e+00
      vertex  6.384808e+01 -4.573648e+01 -4.000000e+00
      vertex  6.365926e+01 -4.658819e+01 -4.000000e+00
    endloop
  endfacet
  facet normal  0.000000e+00  0.000000e+00 -1.000000e+00
    outer loop
      vertex  5.400000e+01 -5.400000e+01 -4.000000e+00
      vertex  6.365926e+01 -4.658819e+01 -4.000000e+00
      vertex  6.339693e+01 -4.742020e+01 -4.000000e+00
    endloop
  endfacet
  facet normal  0.000000e+00  0.000000e+00 -1.000000e+00
    outer loop
      vertex  5.400000e+01 -5.400000e+01 -4.000000e+00
      vertex  6.339693e+01 -4.742020e+01 -4.000000e+00
      vertex  6.306308e+01 -4.822618e+01 -4.000000e+00
    endloop
  endfacet
  facet normal  0.000000e+00  0.000000e+00 -1.000000e+00
    outer loop
      vertex  5.400000e+01 -5.400000e+01 -4.000000e+00
      vertex  6.306308e+01 -4.822618e+01 -4.000000e+00
      vertex  6.266026e+01 -4.900000e+01 -4.000000e+00
    endloop
  endfacet
  facet normal  0.000000e+00  0.000000e+00 -1.000000e+00
    outer loop
      vertex  5.400000e+01 -5.400000e+01 -4.000000e+00
      vertex  6.266026e+01 -4.900000e+01 -4.000000e+00
      vertex  6.219152e+01 -4.973576e+01 -4.000000e+00
    endloop
  endfacet
  facet normal  0.000000e+00  0.000000e+00 -1.000000e+00
    outer loop
      vertex  5.400000e+01 -5.400000e+01 -4.000000e+00
      vertex  6.219152e+01 -4.973576e+01 -4.000000e+00
      vertex  6.166045e+01 -5.042788e+01 -4.000000e+00
    endloop
  endfacet
  facet normal  0.000000e+00  0.000000e+00 -1.000000e+00
    outer loop
      vertex  5.400000e+01 -5.400000e+01 -4.000000e+00
      vertex  6.166045e+01 -5.042788e+01 -4.000000e+00
      vertex  6.107107e+01 -5.107107e+01 -4.000000e+00
    endloop
  endfacet
  facet normal  0.000000e+00  0.000000e+00 -1.000000e+00
    outer loop
      vertex  5.400000e+01 -5.400000e+01 -4.000000e+00
      vertex  6.107107e+01 -5.107107e+01 -4.000000e+00
      vertex  6.042788e+01 -5.166045e+01 -4.000000e+00
    endloop
  endfacet
  facet normal  0.000000e+00  0.000000e+00 -1.000000e+00
    outer loop
      vertex  5.400000e+01 -5.400000e+01 -4.000000e+00
      vertex  6.042788e+01 -5.166045e+01 -4.000000e+00
      vertex  5.973576e+01 -5.219152e+01 -4.000000e+00
    endloop
  endfacet
  facet normal  0.000000e+00  0.000000e+00 -1.000000e+00
    outer loop
      vertex  5.400000e+01 -5.400000e+01 -4.000000e+00
      vertex  5.973576e+01 -5.219152e+01 -4.000000e+00
      vertex  5.900000e+01 -5.266026e+01 -4.000000e+00
    endloop
  endfacet
  facet normal  0.000000e+00  0.000000e+00 -1.000000e+00
    outer loop
      vertex  5.400000e+01 -5.400000e+01 -4.000000e+00
      vertex  5.900000e+01 -5.266026e+01 -4.000000e+00
      vertex  5.822618e+01 -5.306308e+01 -4.000000e+00
    endloop
  endfacet
  facet normal  0.000000e+00  0.000000e+00 -1.000000e+00
    outer loop
      vertex  5.400000e+01 -5.400000e+01 -4.000000e+00
      vertex  5.822618e+01 -5.306308e+01 -4.000000e+00
      vertex  5.742020e+01 -5.339693e+01 -4.000000e+00
    endloop
  endfacet
  facet normal  0.000000e+00  0.000000e+00 -1.000000e+00
    outer loop
      vertex  5.400000e+01 -5.400000e+01 -4.000000e+00
      vertex  5.742020e+01 -5.339693e+01 -4.000000e+00
      vertex  5.658819e+01 -5.365926e+01 -4.000000e+00
    endloop
  endfacet
  facet normal  0.000000e+00  0.000000e+00 -1.000000e+00
    outer loop
      vertex  5.400000e+01 -5.400000e+01 -4.000000e+00
      vertex  5.658819e+01 -5.365926e+01 -4.000000e+00
      vertex  5.573648e+01 -5.384808e+01 -4.000000e+00
    endloop
  endfacet
  facet normal  0.000000e+00  0.000000e+00 -1.000000e+00
    outer loop
      vertex  5.400000e+01 -5.400000e+01 -4.000000e+00
      vertex  5.573648e+01 -5.384808e+01 -4.000000e+00
      vertex  5.487156e+01 -5.396195e+01 -4.000000e+00
    endloop
  endfacet
  facet normal  0.000000e+00  0.000000e+00 -1.000000e+00
    outer loop
      vertex -2.560500e+00  4.545148e+01 -4.000000e+00
      vertex -2.955680e+01  4.588925e+01 -4.000000e+00
      vertex -2.443201e+00  4.588925e+01 -4.000000e+00
    endloop
  endfacet
  facet normal  0.000000e+00  0.000000e+00 -1.000000e+00
    outer loop
      vertex -2.443201e+00  4.588925e+01 -4.000000e+00
      vertex -2.955680e+01  4.588925e+01 -4.000000e+00
      vertex -2.974833e+01  4.630000e+01 -4.000000e+00
    endloop
  endfacet
  facet normal  0.000000e+00  0.000000e+00 -1.000000e+00
    outer loop
      vertex -2.443201e+00  4.588925e+01 -4.000000e+00
      vertex -2.974833e+01  4.630000e+01 -4.000000e+00
      vertex -2.251666e+00  4.630000e+01 -4.000000e+00
    endloop
  endfacet
  facet normal  0.000000e+00  0.000000e+00 -1.000000e+00
    outer loop
      vertex -2.251666e+00  4.630000e+01 -4.000000e+00
      vertex -2.974833e+01  4.630000e+01 -4.000000e+00
      vertex -3.000828e+01  4.667125e+01 -4.000000e+00
    endloop
  endfacet
  facet normal  0.000000e+00  0.000000e+00 -1.000000e+00
    outer loop
      vertex -2.251666e+00  4.630000e+01 -4.000000e+00
      vertex -3.000828e+01  4.667125e+01 -4.000000e+00
      vertex -1.991716e+00  4.667125e+01 -4.000000e+00
    endloop
  endfacet
  facet normal  0.000000e+00  0.000000e+00 -1.000000e+00
    outer loop
      vertex -1.991716e+00  4.667125e+01 -4.000000e+00
      vertex -3.000828e+01  4.667125e+01 -4.000000e+00
      vertex -3.032875e+01  4.699171e+01 -4.000000e+00
    endloop
  endfacet
  facet normal  0.000000e+00  0.000000e+00 -1.000000e+00
    outer loop
      vertex -1.991716e+00  4.667125e+01 -4.000000e+00
      vertex -3.032875e+01  4.699171e+01 -4.000000e+00
      vertex -1.671248e+00  4.699171e+01 -4.000000e+00
    endloop
  endfacet
  facet normal  0.000000e+00  0.000000e+00 -1.000000e+00
    outer loop
      vertex -1.671248e+00  4.699171e+01 -4.000000e+00
      vertex -3.032875e+01  4.699171e+01 -4.000000e+00
      vertex -3.070000e+01  4.725167e+01 -4.000000e+00
    endloop
  endfacet
  facet normal  0.000000e+00  0.000000e+00 -9.999999e-01
    outer loop
      vertex -1.671248e+00  4.699171e+01 -4.000000e+00
      vertex -3.070000e+01  4.725167e+01 -4.000000e+00
      vertex -1.300000e+00  4.725167e+01 -4.000000e+00
    endloop
  endfacet
  facet normal  0.000000e+00  0.000000e+00 -9.999999e-01
    outer loop
      vertex -1.300000e+00  4.725167e+01 -4.000000e+00
      vertex -3.070000e+01  4.725167e+01 -4.000000e+00
      vertex -3.111075e+01  4.744320e+01 -4.000000e+00
    endloop
  endfacet
  facet normal  0.000000e+00  0.000000e+00 -1.000000e+00
    outer loop
      vertex -1.300000e+00  4.725167e+01 -4.000000e+00
      vertex -3.111075e+01  4.744320e+01 -4.000000e+00
      vertex -8.892524e-01  4.744320e+01 -4.000000e+00
    endloop
  endfacet
  facet normal  0.000000e+00  0.000000e+00 -1.000000e+00
    outer loop
      vertex -8.892524e-01  4.744320e+01 -4.000000e+00
      vertex -3.111075e+01  4.744320e+01 -4.000000e+00
      vertex -3.154852e+01  4.756050e+01 -4.000000e+00
    endloop
  endfacet
  facet normal  0.000000e+00  0.000000e+00 -1.000000e+00
    outer loop
      vertex -8.892524e-01  4.744320e+01 -4.000000e+00
      vertex -3.154852e+01  4.756050e+01 -4.000000e+00
      vertex -4.514853e-01  4.756050e+01 -4.000000e+00
    endloop
  endfacet
  facet normal  0.000000e+00  0.000000e+00 -1.000000e+00
    outer loop
      vertex -4.514853e-01  4.756050e+01 -4.000000e+00
      vertex -3.154852e+01  4.756050e+01 -4.000000e+00
      vertex -3.200000e+01  4.760000e+01 -4.000000e+00
    endloop
  endfacet
  facet normal  0.000000e+00  0.000000e+00 -1.000000e+00
    outer loop
      vertex -4.514853e-01  4.756050e+01 -4.000000e+00
      vertex -3.200000e+01  4.760000e+01 -4.000000e+00
      vertex  1.592041e-16  4.760000e+01 -4.000000e+00
    endloop
  endfacet
  facet normal  0.000000e+00  0.000000e+00 -1.000000e+00
    outer loop
      vertex -2.955680e+01  4.588925e+01 -4.000000e+00
      vertex -2.560500e+00  4.545148e+01 -4.000000e+00
      vertex -2.943950e+01  4.545148e+01 -4.000000e+00
    endloop
  endfacet
  facet normal  0.000000e+00  0.000000e+00 -1.000000e+00
    outer loop
      vertex -2.943950e+01  4.545148e+01 -4.000000e+00
      vertex -2.560500e+00  4.545148e+01 -4.000000e+00
      vertex -2.600000e+00  4.500000e+01 -4.000000e+00
    endloop
  endfacet
  facet normal  0.000000e+00  0.000000e+00 -1.000000e+00
    outer loop
      vertex -2.943950e+01  4.545148e+01 -4.000000e+00
      vertex -2.600000e+00  4.500000e+01 -4.000000e+00
      vertex -2.940000e+01  4.500000e+01 -4.000000e+00
    endloop
  endfacet
  facet normal  0.000000e+00  0.000000e+00 -1.000000e+00
    outer loop
      vertex -2.940000e+01  4.500000e+01 -4.000000e+00
      vertex -2.600000e+00  4.500000e+01 -4.000000e+00
      vertex -2.560500e+00  4.454852e+01 -4.000000e+00
    endloop
  endfacet
  facet normal  0.000000e+00  0.000000e+00 -1.000000e+00
    outer loop
      vertex -2.940000e+01  4.500000e+01 -4.000000e+00
      vertex -2.560500e+00  4.454852e+01 -4.000000e+00
      vertex -2.943950e+01  4.454852e+01 -4.000000e+00
    endloop
  endfacet
  facet normal  0.000000e+00  0.000000e+00 -1.000000e+00
    outer loop
      vertex -2.943950e+01  4.454852e+01 -4.000000e+00
      vertex -2.560500e+00  4.454852e+01 -4.000000e+00
      vertex -2.443201e+00  4.411075e+01 -4.000000e+00
    endloop
  endfacet
  facet normal  0.000000e+00  0.000000e+00 -1.000000e+00
    outer loop
      vertex -2.943950e+01  4.454852e+01 -4.000000e+00
      vertex -2.443201e+00  4.411075e+01 -4.000000e+00
      vertex -2.955680e+01  4.411075e+01 -4.000000e+00
    endloop
  endfacet
  facet normal  0.000000e+00  0.000000e+00 -1.000000e+00
    outer loop
      vertex -2.955680e+01  4.411075e+01 -4.000000e+00
      vertex -2.443201e+00  4.411075e+01 -4.000000e+00
      vertex -2.251666e+00  4.370000e+01 -4.000000e+00
    endloop
  endfacet
  facet normal  0.000000e+00  0.000000e+00 -1.000000e+00
    outer loop
      vertex -2.955680e+01  4.411075e+01 -4.000000e+00
      vertex -2.251666e+00  4.370000e+01 -4.000000e+00
      vertex -2.974833e+01  4.370000e+01 -4.000000e+00
    endloop
  endfacet
  facet normal  0.000000e+00  0.000000e+00 -1.000000e+00
    outer loop
      vertex -2.974833e+01  4.370000e+01 -4.000000e+00
      vertex -2.251666e+00  4.370000e+01 -4.000000e+00
      vertex -1.991716e+00  4.332875e+01 -4.000000e+00
    endloop
  endfacet
  facet normal  0.000000e+00  0.000000e+00 -1.000000e+00
    outer loop
      vertex -2.974833e+01  4.370000e+01 -4.000000e+00
      vertex -1.991716e+00  4.332875e+01 -4.000000e+00
      vertex -3.000828e+01  4.332875e+01 -4.000000e+00
    endloop
  endfacet
  facet normal  0.000000e+00  0.000000e+00 -1.000000e+00
    outer loop
      vertex -3.000828e+01  4.332875e+01 -4.000000e+00
      vertex -1.991716e+00  4.332875e+01 -4.000000e+00
      vertex -1.671248e+00  4.300829e+01 -4.000000e+00
    endloop
  endfacet
  facet normal  0.000000e+00  0.000000e+00 -1.000000e+00
    outer loop
      vertex -3.000828e+01  4.332875e+01 -4.000000e+00
      vertex -1.671248e+00  4.300829e+01 -4.000000e+00
      vertex -3.032875e+01  4.300829e+01 -4.000000e+00
    endloop
  endfacet
  facet normal  0.000000e+00  0.000000e+00 -1.000000e+00
    outer loop
      vertex -3.032875e+01  4.300829e+01 -4.000000e+00
      vertex -1.671248e+00  4.300829e+01 -4.000000e+00
      vertex -1.300000e+00  4.274833e+01 -4.000000e+00
    endloop
  endfacet
  facet normal  0.000000e+00  0.000000e+00 -9.999999e-01
    outer loop
      vertex -3.032875e+01  4.300829e+01 -4.000000e+00
      vertex -1.300000e+00  4.274833e+01 -4.000000e+00
      vertex -3.070000e+01  4.274833e+01 -4.000000e+00
    endloop
  endfacet
  facet normal  0.000000e+00  0.000000e+00 -9.999999e-01
    outer loop
      vertex -3.070000e+01  4.274833e+01 -4.000000e+00
      vertex -1.300000e+00  4.274833e+01 -4.000000e+00
      vertex -8.892524e-01  4.255680e+01 -4.000000e+00
    endloop
  endfacet
  facet normal  0.000000e+00  0.000000e+00 -1.000000e+00
    outer loop
      vertex -3.070000e+01  4.274833e+01 -4.000000e+00
      vertex -8.892524e-01  4.255680e+01 -4.000000e+00
      vertex -3.111075e+01  4.255680e+01 -4.000000e+00
    endloop
  endfacet
  facet normal  0.000000e+00  0.000000e+00 -1.000000e+00
    outer loop
      vertex -3.111075e+01  4.255680e+01 -4.000000e+00
      vertex -8.892524e-01  4.255680e+01 -4.000000e+00
      vertex -4.514853e-01  4.243950e+01 -4.000000e+00
    endloop
  endfacet
  facet normal  0.000000e+00  0.000000e+00 -1.000000e+00
    outer loop
      vertex -3.111075e+01  4.255680e+01 -4.000000e+00
      vertex -4.514853e-01  4.243950e+01 -4.000000e+00
      vertex -3.154852e+01  4.243950e+01 -4.000000e+00
    endloop
  endfacet
  facet normal  0.000000e+00  0.000000e+00 -1.000000e+00
    outer loop
      vertex -2.600000e+00 -4.500000e+01 -4.000000e+00
      vertex -2.943950e+01 -4.454852e+01 -4.000000e+00
      vertex -2.560500e+00 -4.454852e+01 -4.000000e+00
    endloop
  endfacet
  facet normal  0.000000e+00  0.000000e+00 -1.000000e+00
    outer loop
      vertex -2.560500e+00 -4.454852e+01 -4.000000e+00
      vertex -2.943950e+01 -4.454852e+01 -4.000000e+00
      vertex -2.955680e+01 -4.411075e+01 -4.000000e+00
    endloop
  endfacet
  facet normal  0.000000e+00  0.000000e+00 -1.000000e+00
    outer loop
      vertex -2.560500e+00 -4.454852e+01 -4.000000e+00
      vertex -2.955680e+01 -4.411075e+01 -4.000000e+00
      vertex -2.443201e+00 -4.411075e+01 -4.000000e+00
    endloop
  endfacet
  facet normal  0.000000e+00  0.000000e+00 -1.000000e+00
    outer loop
      vertex -2.443201e+00 -4.411075e+01 -4.000000e+00
      vertex -2.955680e+01 -4.411075e+01 -4.000000e+00
      vertex -2.974833e+01 -4.370000e+01 -4.000000e+00
    endloop
  endfacet
  facet normal  0.000000e+00  0.000000e+00 -1.000000e+00
    outer loop
      vertex -2.443201e+00 -4.411075e+01 -4.000000e+00
      vertex -2.974833e+01 -4.370000e+01 -4.000000e+00
      vertex -2.251666e+00 -4.370000e+01 -4.000000e+00
    endloop
  endfacet
  facet normal  0.000000e+00  0.000000e+00 -1.000000e+00
    outer loop
      vertex -2.251666e+00 -4.370000e+01 -4.000000e+00
      vertex -2.974833e+01 -4.370000e+01 -4.000000e+00
      vertex -3.000828e+01 -4.332875e+01 -4.000000e+00
    endloop
  endfacet
  facet normal  0.000000e+00  0.000000e+00 -1.000000e+00
    outer loop
      vertex -2.251666e+00 -4.370000e+01 -4.000000e+00
      vertex -3.000828e+01 -4.332875e+01 -4.000000e+00
      vertex -1.991716e+00 -4.332875e+01 -4.000000e+00
    endloop
  endfacet
  facet normal  0.000000e+00  0.000000e+00 -1.000000e+00
    outer loop
      vertex -1.991716e+00 -4.332875e+01 -4.000000e+00
      vertex -3.000828e+01 -4.332875e+01 -4.000000e+00
      vertex -3.032875e+01 -4.300829e+01 -4.000000e+00
    endloop
  endfacet
  facet normal  0.000000e+00  0.000000e+00 -1.000000e+00
    outer loop
      vertex -1.991716e+00 -4.332875e+01 -4.000000e+00
      vertex -3.032875e+01 -4.300829e+01 -4.000000e+00
      vertex -1.671248e+00 -4.300829e+01 -4.000000e+00
    endloop
  endfacet
  facet normal  0.000000e+00  0.000000e+00 -1.000000e+00
    outer loop
      vertex -1.671248e+00 -4.300829e+01 -4.000000e+00
      vertex -3.032875e+01 -4.300829e+01 -4.000000e+00
      vertex -3.070000e+01 -4.274833e+01 -4.000000e+00
    endloop
  endfacet
  facet normal  0.000000e+00  0.000000e+00 -9.999999e-01
    outer loop
      vertex -1.671248e+00 -4.300829e+01 -4.000000e+00
      vertex -3.070000e+01 -4.274833e+01 -4.000000e+00
      vertex -1.300000e+00 -4.274833e+01 -4.000000e+00
    endloop
  endfacet
  facet normal  0.000000e+00  0.000000e+00 -9.999999e-01
    outer loop
      vertex -1.300000e+00 -4.274833e+01 -4.000000e+00
      vertex -3.070000e+01 -4.274833e+01 -4.000000e+00
      vertex -3.111075e+01 -4.255680e+01 -4.000000e+00
    endloop
  endfacet
  facet normal  0.000000e+00  0.000000e+00 -1.000000e+00
    outer loop
      vertex -1.300000e+00 -4.274833e+01 -4.000000e+00
      vertex -3.111075e+01 -4.255680e+01 -4.000000e+00
      vertex -8.892524e-01 -4.255680e+01 -4.000000e+00
    endloop
  endfacet
  facet normal  0.000000e+00  0.000000e+00 -1.000000e+00
    outer loop
      vertex -8.892524e-01 -4.255680e+01 -4.000000e+00
      vertex -3.111075e+01 -4.255680e+01 -4.000000e+00
      vertex -3.154852e+01 -4.243950e+01 -4.000000e+00
    endloop
  endfacet
  facet normal  0.000000e+00  0.000000e+00 -1.000000e+00
    outer loop
      vertex -8.892524e-01 -4.255680e+01 -4.000000e+00
      vertex -3.154852e+01 -4.243950e+01 -4.000000e+00
      vertex -4.514853e-01 -4.243950e+01 -4.000000e+00
    endloop
  endfacet
  facet normal  0.000000e+00  0.000000e+00 -1.000000e+00
    outer loop
      vertex -4.514853e-01 -4.243950e+01 -4.000000e+00
      vertex -3.154852e+01 -4.243950e+01 -4.000000e+00
      vertex -3.200000e+01 -4.240000e+01 -4.000000e+00
    endloop
  endfacet
  facet normal  0.000000e+00  0.000000e+00 -1.000000e+00
    outer loop
      vertex -4.514853e-01 -4.243950e+01 -4.000000e+00
      vertex -3.200000e+01 -4.240000e+01 -4.000000e+00
      vertex  1.592041e-16 -4.240000e+01 -4.000000e+00
    endloop
  endfacet
  facet normal  0.000000e+00  0.000000e+00 -1.000000e+00
    outer loop
      vertex -2.943950e+01 -4.454852e+01 -4.000000e+00
      vertex -2.600000e+00 -4.500000e+01 -4.000000e+00
      vertex -2.940000e+01 -4.500000e+01 -4.000000e+00
    endloop
  endfacet
  facet normal  0.000000e+00  0.000000e+00 -1.000000e+00
    outer loop
      vertex -2.940000e+01 -4.500000e+01 -4.000000e+00
      vertex -2.600000e+00 -4.500000e+01 -4.000000e+00
      vertex -2.560500e+00 -4.545148e+01 -4.000000e+00
    endloop
  endfacet
  facet normal  0.000000e+00  0.000000e+00 -1.000000e+00
    outer loop
      vertex -2.940000e+01 -4.500000e+01 -4.000000e+00
      vertex -2.560500e+00 -4.545148e+01 -4.000000e+00
      vertex -2.943950e+01 -4.545148e+01 -4.000000e+00
    endloop
  endfacet
  facet normal  0.000000e+00  0.000000e+00 -1.000000e+00
    outer loop
      vertex -2.943950e+01 -4.545148e+01 -4.000000e+00
      vertex -2.560500e+00 -4.545148e+01 -4.000000e+00
      vertex -2.443201e+00 -4.588925e+01 -4.000000e+00
    endloop
  endfacet
  facet normal  0.000000e+00  0.000000e+00 -1.000000e+00
    outer loop
      vertex -2.943950e+01 -4.545148e+01 -4.000000e+00
      vertex -2.443201e+00 -4.588925e+01 -4.000000e+00
      vertex -2.955680e+01 -4.588925e+01 -4.000000e+00
    endloop
  endfacet
  facet normal  0.000000e+00  0.000000e+00 -1.000000e+00
    outer loop
      vertex -2.955680e+01 -4.588925e+01 -4.000000e+00
      vertex -2.443201e+00 -4.588925e+01 -4.000000e+00
      vertex -2.251666e+00 -4.630000e+01 -4.000000e+00
    endloop
  endfacet
  facet normal  0.000000e+00  0.000000e+00 -1.000000e+00
    outer loop
      vertex -2.955680e+01 -4.588925e+01 -4.000000e+00
      vertex -2.251666e+00 -4.630000e+01 -4.000000e+00
      vertex -2.974833e+01 -4.630000e+01 -4.000000e+00
    endloop
  endfacet
  facet normal  0.000000e+00  0.000000e+00 -1.000000e+00
    outer loop
      vertex -2.974833e+01 -4.630000e+01 -4.000000e+00
      vertex -2.251666e+00 -4.630000e+01 -4.000000e+00
      vertex -1.991716e+00 -4.667125e+01 -4.000000e+00
    endloop
  endfacet
  facet normal  0.000000e+00  0.000000e+00 -1.000000e+00
    outer loop
      vertex -2.974833e+01 -4.630000e+01 -4.000000e+00
      vertex -1.991716e+00 -4.667125e+01 -4.000000e+00
      vertex -3.000828e+01 -4.667125e+01 -4.000000e+00
    endloop
  endfacet
  facet normal  0.000000e+00  0.000000e+00 -1.000000e+00
    outer loop
      vertex -3.000828e+01 -4.667125e+01 -4.000000e+00
      vertex -1.991716e+00 -4.667125e+01 -4.000000e+00
      vertex -1.671248e+00 -4.699171e+01 -4.000000e+00
    endloop
  endfacet
  facet normal  0.000000e+00  0.000000e+00 -1.000000e+00
    outer loop
      vertex -3.000828e+01 -4.667125e+01 -4.000000e+00
      vertex -1.671248e+00 -4.699171e+01 -4.000000e+00
      vertex -3.032875e+01 -4.699171e+01 -4.000000e+00
    endloop
  endfacet
  facet normal  0.000000e+00  0.000000e+00 -1.000000e+00
    outer loop
      vertex -3.032875e+01 -4.699171e+01 -4.000000e+00
      vertex -1.671248e+00 -4.699171e+01 -4.000000e+00
      vertex -1.300000e+00 -4.725167e+01 -4.000000e+00
    endloop
  endfacet
  facet normal  0.000000e+00  0.000000e+00 -9.999999e-01
    outer loop
      vertex -3.032875e+01 -4.699171e+01 -4.000000e+00
      vertex -1.300000e+00 -4.725167e+01 -4.000000e+00
      vertex -3.070000e+01 -4.725167e+01 -4.000000e+00
    endloop
  endfacet
  facet normal  0.000000e+00  0.000000e+00 -9.999999e-01
    outer loop
      vertex -3.070000e+01 -4.725167e+01 -4.000000e+00
      vertex -1.300000e+00 -4.725167e+01 -4.000000e+00
      vertex -8.892524e-01 -4.744320e+01 -4.000000e+00
    endloop
  endfacet
  facet normal  0.000000e+00  0.000000e+00 -1.000000e+00
    outer loop
      vertex -3.070000e+01 -4.725167e+01 -4.000000e+00
      vertex -8.892524e-01 -4.744320e+01 -4.000000e+00
      vertex -3.111075e+01 -4.744320e+01 -4.000000e+00
    endloop
  endfacet
  facet normal  0.000000e+00  0.000000e+00 -1.000000e+00
    outer loop
      vertex -3.111075e+01 -4.744320e+01 -4.000000e+00
      vertex -8.892524e-01 -4.744320e+01 -4.000000e+00
      vertex -4.514853e-01 -4.756050e+01 -4.000000e+00
    endloop
  endfacet
  facet normal  0.000000e+00  0.000000e+00 -1.000000e+00
    outer loop
      vertex -3.111075e+01 -4.744320e+01 -4.000000e+00
      vertex -4.514853e-01 -4.756050e+01 -4.000000e+00
      vertex -3.154852e+01 -4.756050e+01 -4.000000e+00
    endloop
  endfacet
  facet normal  0.000000e+00  0.000000e+00 -1.000000e+00
    outer loop
      vertex -3.154852e+01 -4.756050e+01 -4.000000e+00
      vertex -4.514853e-01 -4.756050e+01 -4.000000e+00
      vertex -4.776122e-16 -4.760000e+01 -4.000000e+00
    endloop
  endfacet
  facet normal  0.000000e+00  0.000000e+00 -1.000000e+00
    outer loop
      vertex -3.154852e+01 -4.756050e+01 -4.000000e+00
      vertex -4.776122e-16 -4.760000e+01 -4.000000e+00
      vertex -3.200000e+01 -4.760000e+01 -4.000000e+00
    endloop
  endfacet
  facet normal  0.000000e+00  0.000000e+00 -1.000000e+00
    outer loop
      vertex  2.943950e+01  4.545148e+01 -4.000000e+00
      vertex  2.443201e+00  4.588925e+01 -4.000000e+00
      vertex  2.955680e+01  4.588925e+01 -4.000000e+00
    endloop
  endfacet
  facet normal  0.000000e+00  0.000000e+00 -1.000000e+00
    outer loop
      vertex  2.955680e+01  4.588925e+01 -4.000000e+00
      vertex  2.443201e+00  4.588925e+01 -4.000000e+00
      vertex  2.251666e+00  4.630000e+01 -4.000000e+00
    endloop
  endfacet
  facet normal  0.000000e+00  0.000000e+00 -1.000000e+00
    outer loop
      vertex  2.955680e+01  4.588925e+01 -4.000000e+00
      vertex  2.251666e+00  4.630000e+01 -4.000000e+00
      vertex  2.974833e+01  4.630000e+01 -4.000000e+00
    endloop
  endfacet
  facet normal  0.000000e+00  0.000000e+00 -1.000000e+00
    outer loop
      vertex  2.974833e+01  4.630000e+01 -4.000000e+00
      vertex  2.251666e+00  4.630000e+01 -4.000000e+00
      vertex  1.991716e+00  4.667125e+01 -4.000000e+00
    endloop
  endfacet
  facet normal  0.000000e+00  0.000000e+00 -1.000000e+00
    outer loop
      vertex  2.974833e+01  4.630000e+01 -4.000000e+00
      vertex  1.991716e+00  4.667125e+01 -4.000000e+00
      vertex  3.000828e+01  4.667125e+01 -4.000000e+00
    endloop
  endfacet
  facet normal  0.000000e+00  0.000000e+00 -1.000000e+00
    outer loop
      vertex  3.000828e+01  4.667125e+01 -4.000000e+00
      vertex  1.991716e+00  4.667125e+01 -4.000000e+00
      vertex  1.671248e+00  4.699171e+01 -4.000000e+00
    endloop
  endfacet
  facet normal  0.000000e+00  0.000000e+00 -1.000000e+00
    outer loop
      vertex  3.000828e+01  4.667125e+01 -4.000000e+00
      vertex  1.671248e+00  4.699171e+01 -4.000000e+00
      vertex  3.032875e+01  4.699171e+01 -4.000000e+00
    endloop
  endfacet
  facet normal  0.000000e+00  0.000000e+00 -1.000000e+00
    outer loop
      vertex  3.032875e+01  4.699171e+01 -4.000000e+00
      vertex  1.671248e+00  4.699171e+01 -4.000000e+00
      vertex  1.300000e+00  4.725167e+01 -4.000000e+00
    endloop
  endfacet
  facet normal  0.000000e+00  0.000000e+00 -9.999999e-01
    outer loop
      vertex  3.032875e+01  4.699171e+01 -4.000000e+00
      vertex  1.300000e+00  4.725167e+01 -4.000000e+00
      vertex  3.070000e+01  4.725167e+01 -4.000000e+00
    endloop
  endfacet
  facet normal  0.000000e+00  0.000000e+00 -9.999999e-01
    outer loop
      vertex  3.070000e+01  4.725167e+01 -4.000000e+00
      vertex  1.300000e+00  4.725167e+01 -4.000000e+00
      vertex  8.892524e-01  4.744320e+01 -4.000000e+00
    endloop
  endfacet
  facet normal  0.000000e+00  0.000000e+00 -1.000000e+00
    outer loop
      vertex  3.070000e+01  4.725167e+01 -4.000000e+00
      vertex  8.892524e-01  4.744320e+01 -4.000000e+00
      vertex  3.111075e+01  4.744320e+01 -4.000000e+00
    endloop
  endfacet
  facet normal  0.000000e+00  0.000000e+00 -1.000000e+00
    outer loop
      vertex  3.111075e+01  4.744320e+01 -4.000000e+00
      vertex  8.892524e-01  4.744320e+01 -4.000000e+00
      vertex  4.514853e-01  4.756050e+01 -4.000000e+00
    endloop
  endfacet
  facet normal  0.000000e+00  0.000000e+00 -1.000000e+00
    outer loop
      vertex  3.111075e+01  4.744320e+01 -4.000000e+00
      vertex  4.514853e-01  4.756050e+01 -4.000000e+00
      vertex  3.154852e+01  4.756050e+01 -4.000000e+00
    endloop
  endfacet
  facet normal  0.000000e+00  0.000000e+00 -1.000000e+00
    outer loop
      vertex  3.154852e+01  4.756050e+01 -4.000000e+00
      vertex  4.514853e-01  4.756050e+01 -4.000000e+00
      vertex  1.592041e-16  4.760000e+01 -4.000000e+00
    endloop
  endfacet
  facet normal  0.000000e+00  0.000000e+00 -1.000000e+00
    outer loop
      vertex  3.154852e+01  4.756050e+01 -4.000000e+00
      vertex  1.592041e-16  4.760000e+01 -4.000000e+00
      vertex  3.200000e+01  4.760000e+01 -4.000000e+00
    endloop
  endfacet
  facet normal  0.000000e+00  0.000000e+00 -1.000000e+00
    outer loop
      vertex  2.443201e+00  4.588925e+01 -4.000000e+00
      vertex  2.943950e+01  4.545148e+01 -4.000000e+00
      vertex  2.560500e+00  4.545148e+01 -4.000000e+00
    endloop
  endfacet
  facet normal  0.000000e+00  0.000000e+00 -1.000000e+00
    outer loop
      vertex  2.560500e+00  4.545148e+01 -4.000000e+00
      vertex  2.943950e+01  4.545148e+01 -4.000000e+00
      vertex  2.940000e+01  4.500000e+01 -4.000000e+00
    endloop
  endfacet
  facet normal  0.000000e+00  0.000000e+00 -1.000000e+00
    outer loop
      vertex  2.560500e+00  4.545148e+01 -4.000000e+00
      vertex  2.940000e+01  4.500000e+01 -4.000000e+00
      vertex  2.600000e+00  4.500000e+01 -4.000000e+00
    endloop
  endfacet
  facet normal  0.000000e+00  0.000000e+00 -1.000000e+00
    outer loop
      vertex  2.600000e+00  4.500000e+01 -4.000000e+00
      vertex  2.940000e+01  4.500000e+01 -4.000000e+00
      vertex  2.943950e+01  4.454852e+01 -4.000000e+00
    endloop
  endfacet
  facet normal  0.000000e+00  0.000000e+00 -1.000000e+00
    outer loop
      vertex  2.600000e+00  4.500000e+01 -4.000000e+00
      vertex  2.943950e+01  4.454852e+01 -4.000000e+00
      vertex  2.560500e+00  4.454852e+01 -4.000000e+00
    endloop
  endfacet
  facet normal  0.000000e+00  0.000000e+00 -1.000000e+00
    outer loop
      vertex  2.560500e+00  4.454852e+01 -4.000000e+00
      vertex  2.943950e+01  4.454852e+01 -4.000000e+00
      vertex  2.955680e+01  4.411075e+01 -4.000000e+00
    endloop
  endfacet
  facet normal  0.000000e+00  0.000000e+00 -1.000000e+00
    outer loop
      vertex  2.560500e+00  4.454852e+01 -4.000000e+00
      vertex  2.955680e+01  4.411075e+01 -4.000000e+00
      vertex  2.443201e+00  4.411075e+01 -4.000000e+00
    endloop
  endfacet
  facet normal  0.000000e+00  0.000000e+00 -1.000000e+00
    outer loop
      vertex  2.443201e+00  4.411075e+01 -4.000000e+00
      vertex  2.955680e+01  4.411075e+01 -4.000000e+00
      vertex  2.974833e+01  4.370000e+01 -4.000000e+00
    endloop
  endfacet
  facet normal  0.000000e+00  0.000000e+00 -1.000000e+00
    outer loop
      vertex  2.443201e+00  4.411075e+01 -4.000000e+00
      vertex  2.974833e+01  4.370000e+01 -4.000000e+00
      vertex  2.251666e+00  4.370000e+01 -4.000000e+00
    endloop
  endfacet
  facet normal  0.000000e+00  0.000000e+00 -1.000000e+00
    outer loop
      vertex  2.251666e+00  4.370000e+01 -4.000000e+00
      vertex  2.974833e+01  4.370000e+01 -4.000000e+00
      vertex  3.000828e+01  4.332875e+01 -4.000000e+00
    endloop
  endfacet
  facet normal  0.000000e+00  0.000000e+00 -1.000000e+00
    outer loop
      vertex  2.251666e+00  4.370000e+01 -4.000000e+00
      vertex  3.000828e+01  4.332875e+01 -4.000000e+00
      vertex  1.991716e+00  4.332875e+01 -4.000000e+00
    endloop
  endfacet
  facet normal  0.000000e+00  0.000000e+00 -1.000000e+00
    outer loop
      vertex  1.991716e+00  4.332875e+01 -4.000000e+00
      vertex  3.000828e+01  4.332875e+01 -4.000000e+00
      vertex  3.032875e+01  4.300829e+01 -4.000000e+00
    endloop
  endfacet
  facet normal  0.000000e+00  0.000000e+00 -1.000000e+00
    outer loop
      vertex  1.991716e+00  4.332875e+01 -4.000000e+00
      vertex  3.032875e+01  4.300829e+01 -4.000000e+00
      vertex  1.671248e+00  4.300829e+01 -4.000000e+00
    endloop
  endfacet
  facet normal  0.000000e+00  0.000000e+00 -1.000000e+00
    outer loop
      vertex  1.671248e+00  4.300829e+01 -4.000000e+00
      vertex  3.032875e+01  4.300829e+01 -4.000000e+00
      vertex  3.070000e+01  4.274833e+01 -4.000000e+00
    endloop
  endfacet
  facet normal  0.000000e+00  0.000000e+00 -9.999999e-01
    outer loop
      vertex  1.671248e+00  4.300829e+01 -4.000000e+00
      vertex  3.070000e+01  4.274833e+01 -4.000000e+00
      vertex  1.300000e+00  4.274833e+01 -4.000000e+00
    endloop
  endfacet
  facet normal  0.000000e+00  0.000000e+00 -9.999999e-01
    outer loop
      vertex  1.300000e+00  4.274833e+01 -4.000000e+00
      vertex  3.070000e+01  4.274833e+01 -4.000000e+00
      vertex  3.111075e+01  4.255680e+01 -4.000000e+00
    endloop
  endfacet
  facet normal  0.000000e+00  0.000000e+00 -1.000000e+00
    outer loop
      vertex  1.300000e+00  4.274833e+01 -4.000000e+00
      vertex  3.111075e+01  4.255680e+01 -4.000000e+00
      vertex  8.892524e-01  4.255680e+01 -4.000000e+00
    endloop
  endfacet
  facet normal  0.000000e+00  0.000000e+00 -1.000000e+00
    outer loop
      vertex  8.892524e-01  4.255680e+01 -4.000000e+00
      vertex  3.111075e+01  4.255680e+01 -4.000000e+00
      vertex  3.154852e+01  4.243950e+01 -4.000000e+00
    endloop
  endfacet
  facet normal  0.000000e+00  0.000000e+00 -1.000000e+00
    outer loop
      vertex  8.892524e-01  4.255680e+01 -4.000000e+00
      vertex  3.154852e+01  4.243950e+01 -4.000000e+00
      vertex  4.514853e-01  4.243950e+01 -4.000000e+00
    endloop
  endfacet
  facet normal  0.000000e+00  0.000000e+00 -1.000000e+00
    outer loop
      vertex  2.940000e+01 -4.500000e+01 -4.000000e+00
      vertex  2.560500e+00 -4.454852e+01 -4.000000e+00
      vertex  2.943950e+01 -4.454852e+01 -4.000000e+00
    endloop
  endfacet
  facet normal  0.000000e+00  0.000000e+00 -1.000000e+00
    outer loop
      vertex  2.943950e+01 -4.454852e+01 -4.000000e+00
      vertex  2.560500e+00 -4.454852e+01 -4.000000e+00
      vertex  2.443201e+00 -4.411075e+01 -4.000000e+00
    endloop
  endfacet
  facet normal  0.000000e+00  0.000000e+00 -1.000000e+00
    outer loop
      vertex  2.943950e+01 -4.454852e+01 -4.000000e+00
      vertex  2.443201e+00 -4.411075e+01 -4.000000e+00
      vertex  2.955680e+01 -4.411075e+01 -4.000000e+00
    endloop
  endfacet
  facet normal  0.000000e+00  0.000000e+00 -1.000000e+00
    outer loop
      vertex  2.955680e+01 -4.411075e+01 -4.000000e+00
      vertex  2.443201e+00 -4.411075e+01 -4.000000e+00
      vertex  2.251666e+00 -4.370000e+01 -4.000000e+00
    endloop
  endfacet
  facet normal  0.000000e+00  0.000000e+00 -1.000000e+00
    outer loop
      vertex  2.955680e+01 -4.411075e+01 -4.000000e+00
      vertex  2.251666e+00 -4.370000e+01 -4.000000e+00
      vertex  2.974833e+01 -4.370000e+01 -4.000000e+00
    endloop
  endfacet
  facet normal  0.000000e+00  0.000000e+00 -1.000000e+00
    outer loop
      vertex  2.974833e+01 -4.370000e+01 -4.000000e+00
      vertex  2.251666e+00 -4.370000e+01 -4.000000e+00
      vertex  1.991716e+00 -4.332875e+01 -4.000000e+00
    endloop
  endfacet
  facet normal  0.000000e+00  0.000000e+00 -1.000000e+00
    outer loop
      vertex  2.974833e+01 -4.370000e+01 -4.000000e+00
      vertex  1.991716e+00 -4.332875e+01 -4.000000e+00
      vertex  3.000828e+01 -4.332875e+01 -4.000000e+00
    endloop
  endfacet
  facet normal  0.000000e+00  0.000000e+00 -1.000000e+00
    outer loop
      vertex  3.000828e+01 -4.332875e+01 -4.000000e+00
      vertex  1.991716e+00 -4.332875e+01 -4.000000e+00
      vertex  1.671248e+00 -4.300829e+01 -4.000000e+00
    endloop
  endfacet
  facet normal  0.000000e+00  0.000000e+00 -1.000000e+00
    outer loop
      vertex  3.000828e+01 -4.332875e+01 -4.000000e+00
      vertex  1.671248e+00 -4.300829e+01 -4.000000e+00
      vertex  3.032875e+01 -4.300829e+01 -4.000000e+00
    endloop
  endfacet
  facet normal  0.000000e+00  0.000000e+00 -1.000000e+00
    outer loop
      vertex  3.032875e+01 -4.300829e+01 -4.000000e+00
      vertex  1.671248e+00 -4.300829e+01 -4.000000e+00
      vertex  1.300000e+00 -4.274833e+01 -4.000000e+00
    endloop
  endfacet
  facet normal  0.000000e+00  0.000000e+00 -9.999999e-01
    outer loop
      vertex  3.032875e+01 -4.300829e+01 -4.000000e+00
      vertex  1.300000e+00 -4.274833e+01 -4.000000e+00
      vertex  3.070000e+01 -4.274833e+01 -4.000000e+00
    endloop
  endfacet
  facet normal  0.000000e+00  0.000000e+00 -9.999999e-01
    outer loop
      vertex  3.070000e+01 -4.274833e+01 -4.000000e+00
      vertex  1.300000e+00 -4.274833e+01 -4.000000e+00
      vertex  8.892524e-01 -4.255680e+01 -4.000000e+00
    endloop
  endfacet
  facet normal  0.000000e+00  0.000000e+00 -1.000000e+00
    outer loop
      vertex  3.070000e+01 -4.274833e+01 -4.000000e+00
      vertex  8.892524e-01 -4.255680e+01 -4.000000e+00
      vertex  3.111075e+01 -4.255680e+01 -4.000000e+00
    endloop
  endfacet
  facet normal  0.000000e+00  0.000000e+00 -1.000000e+00
    outer loop
      vertex  3.111075e+01 -4.255680e+01 -4.000000e+00
      vertex  8.892524e-01 -4.255680e+01 -4.000000e+00
      vertex  4.514853e-01 -4.243950e+01 -4.000000e+00
    endloop
  endfacet
  facet normal  0.000000e+00  0.000000e+00 -1.000000e+00
    outer loop
      vertex  3.111075e+01 -4.255680e+01 -4.000000e+00
      vertex  4.514853e-01 -4.243950e+01 -4.000000e+00
      vertex  3.154852e+01 -4.243950e+01 -4.000000e+00
    endloop
  endfacet
  facet normal  0.000000e+00  0.000000e+00 -1.000000e+00
    outer loop
      vertex  3.154852e+01 -4.243950e+01 -4.000000e+00
      vertex  4.514853e-01 -4.243950e+01 -4.000000e+00
      vertex  1.592041e-16 -4.240000e+01 -4.000000e+00
    endloop
  endfacet
  facet normal  0.000000e+00  0.000000e+00 -1.000000e+00
    outer loop
      vertex  3.154852e+01 -4.243950e+01 -4.000000e+00
      vertex  1.592041e-16 -4.240000e+01 -4.000000e+00
      vertex  3.200000e+01 -4.240000e+01 -4.000000e+00
    endloop
  endfacet
  facet normal  0.000000e+00  0.000000e+00 -1.000000e+00
    outer loop
      vertex  2.560500e+00 -4.454852e+01 -4.000000e+00
      vertex  2.940000e+01 -4.500000e+01 -4.000000e+00
      vertex  2.600000e+00 -4.500000e+01 -4.000000e+00
    endloop
  endfacet
  facet normal  0.000000e+00  0.000000e+00 -1.000000e+00
    outer loop
      vertex  2.600000e+00 -4.500000e+01 -4.000000e+00
      vertex  2.940000e+01 -4.500000e+01 -4.000000e+00
      vertex  2.943950e+01 -4.545148e+01 -4.000000e+00
    endloop
  endfacet
  facet normal  0.000000e+00  0.000000e+00 -1.000000e+00
    outer loop
      vertex  2.600000e+00 -4.500000e+01 -4.000000e+00
      vertex  2.943950e+01 -4.545148e+01 -4.000000e+00
      vertex  2.560500e+00 -4.545148e+01 -4.000000e+00
    endloop
  endfacet
  facet normal  0.000000e+00  0.000000e+00 -1.000000e+00
    outer loop
      vertex  2.560500e+00 -4.545148e+01 -4.000000e+00
      vertex  2.943950e+01 -4.545148e+01 -4.000000e+00
      vertex  2.955680e+01 -4.588925e+01 -4.000000e+00
    endloop
  endfacet
  facet normal  0.000000e+00  0.000000e+00 -1.000000e+00
    outer loop
      vertex  2.560500e+00 -4.545148e+01 -4.000000e+00
      vertex  2.955680e+01 -4.588925e+01 -4.000000e+00
      vertex  2.443201e+00 -4.588925e+01 -4.000000e+00
    endloop
  endfacet
  facet normal  0.000000e+00  0.000000e+00 -1.000000e+00
    outer loop
      vertex  2.443201e+00 -4.588925e+01 -4.000000e+00
      vertex  2.955680e+01 -4.588925e+01 -4.000000e+00
      vertex  2.974833e+01 -4.630000e+01 -4.000000e+00
    endloop
  endfacet
  facet normal  0.000000e+00  0.000000e+00 -1.000000e+00
    outer loop
      vertex  2.443201e+00 -4.588925e+01 -4.000000e+00
      vertex  2.974833e+01 -4.630000e+01 -4.000000e+00
      vertex  2.251666e+00 -4.630000e+01 -4.000000e+00
    endloop
  endfacet
  facet normal  0.000000e+00  0.000000e+00 -1.000000e+00
    outer loop
      vertex  2.251666e+00 -4.630000e+01 -4.000000e+00
      vertex  2.974833e+01 -4.630000e+01 -4.000000e+00
      vertex  3.000828e+01 -4.667125e+01 -4.000000e+00
    endloop
  endfacet
  facet normal  0.000000e+00  0.000000e+00 -1.000000e+00
    outer loop
      vertex  2.251666e+00 -4.630000e+01 -4.000000e+00
      vertex  3.000828e+01 -4.667125e+01 -4.000000e+00
      vertex  1.991716e+00 -4.667125e+01 -4.000000e+00
    endloop
  endfacet
  facet normal  0.000000e+00  0.000000e+00 -1.000000e+00
    outer loop
      vertex  1.991716e+00 -4.667125e+01 -4.000000e+00
      vertex  3.000828e+01 -4.667125e+01 -4.000000e+00
      vertex  3.032875e+01 -4.699171e+01 -4.000000e+00
    endloop
  endfacet
  facet normal  0.000000e+00  0.000000e+00 -1.000000e+00
    outer loop
      vertex  1.991716e+00 -4.667125e+01 -4.000000e+00
      vertex  3.032875e+01 -4.699171e+01 -4.000000e+00
      vertex  1.671248e+00 -4.699171e+01 -4.000000e+00
    endloop
  endfacet
  facet normal  0.000000e+00  0.000000e+00 -1.000000e+00
    outer loop
      vertex  1.671248e+00 -4.699171e+01 -4.000000e+00
      vertex  3.032875e+01 -4.699171e+01 -4.000000e+00
      vertex  3.070000e+01 -4.725167e+01 -4.000000e+00
    endloop
  endfacet
  facet normal  0.000000e+00  0.000000e+00 -9.999999e-01
    outer loop
      vertex  1.671248e+00 -4.699171e+01 -4.000000e+00
      vertex  3.070000e+01 -4.725167e+01 -4.000000e+00
      vertex  1.300000e+00 -4.725167e+01 -4.000000e+00
    endloop
  endfacet
  facet normal  0.000000e+00  0.000000e+00 -9.999999e-01
    outer loop
      vertex  1.300000e+00 -4.725167e+01 -4.000000e+00
      vertex  3.070000e+01 -4.725167e+01 -4.000000e+00
      vertex  3.111075e+01 -4.744320e+01 -4.000000e+00
    endloop
  endfacet
  facet normal  0.000000e+00  0.000000e+00 -1.000000e+00
    outer loop
      vertex  1.300000e+00 -4.725167e+01 -4.000000e+00
      vertex  3.111075e+01 -4.744320e+01 -4.000000e+00
      vertex  8.892524e-01 -4.744320e+01 -4.000000e+00
    endloop
  endfacet
  facet normal  0.000000e+00  0.000000e+00 -1.000000e+00
    outer loop
      vertex  8.892524e-01 -4.744320e+01 -4.000000e+00
      vertex  3.111075e+01 -4.744320e+01 -4.000000e+00
      vertex  3.154852e+01 -4.756050e+01 -4.000000e+00
    endloop
  endfacet
  facet normal  0.000000e+00  0.000000e+00 -1.000000e+00
    outer loop
      vertex  8.892524e-01 -4.744320e+01 -4.000000e+00
      vertex  3.154852e+01 -4.756050e+01 -4.000000e+00
      vertex  4.514853e-01 -4.756050e+01 -4.000000e+00
    endloop
  endfacet
  facet normal  0.000000e+00  0.000000e+00 -1.000000e+00
    outer loop
      vertex  4.514853e-01 -4.756050e+01 -4.000000e+00
      vertex  3.154852e+01 -4.756050e+01 -4.000000e+00
      vertex  3.200000e+01 -4.760000e+01 -4.000000e+00
    endloop
  endfacet
  facet normal  0.000000e+00  0.000000e+00 -1.000000e+00
    outer loop
      vertex  4.514853e-01 -4.756050e+01 -4.000000e+00
      vertex  3.200000e+01 -4.760000e+01 -4.000000e+00
      vertex -4.776122e-16 -4.760000e+01 -4.000000e+00
    endloop
  endfacet
  facet normal -8.715568e-02  9.961947e-01  0.000000e+00
    outer loop
      vertex -5.400000e+01 -2.600000e+00 -4.000000e+00
      vertex -5.354852e+01 -2.560500e+00  0.000000e+00
      vertex -5.354852e+01 -2.560500e+00 -4.000000e+00
    endloop
  endfacet
  facet normal -2.588190e-01  9.659258e-01  0.000000e+00
    outer loop
      vertex -5.354852e+01 -2.560500e+00 -4.000000e+00
      vertex -5.354852e+01 -2.560500e+00  0.000000e+00
      vertex -5.311075e+01 -2.443201e+00  0.000000e+00
    endloop
  endfacet
  facet normal -2.588190e-01  9.659258e-01  0.000000e+00
    outer loop
      vertex -5.354852e+01 -2.560500e+00 -4.000000e+00
      vertex -5.311075e+01 -2.443201e+00  0.000000e+00
      vertex -5.311075e+01 -2.443201e+00 -4.000000e+00
    endloop
  endfacet
  facet normal -4.226184e-01  9.063078e-01  0.000000e+00
    outer loop
      vertex -5.311075e+01 -2.443201e+00 -4.000000e+00
      vertex -5.311075e+01 -2.443201e+00  0.000000e+00
      vertex -5.270000e+01 -2.251666e+00  0.000000e+00
    endloop
  endfacet
  facet normal -4.226184e-01  9.063078e-01  0.000000e+00
    outer loop
      vertex -5.311075e+01 -2.443201e+00 -4.000000e+00
      vertex -5.270000e+01 -2.251666e+00  0.000000e+00
      vertex -5.270000e+01 -2.251666e+00 -4.000000e+00
    endloop
  endfacet
  facet normal -5.735740e-01  8.191537e-01  0.000000e+00
    outer loop
      vertex -5.270000e+01 -2.251666e+00 -4.000000e+00
      vertex -5.270000e+01 -2.251666e+00  0.000000e+00
      vertex -5.232875e+01 -1.991716e+00  0.000000e+00
    endloop
  endfacet
  facet normal -5.735740e-01  8.191537e-01  0.000000e+00
    outer loop
      vertex -5.270000e+01 -2.251666e+00 -4.000000e+00
      vertex -5.232875e+01 -1.991716e+00  0.000000e+00
      vertex -5.232875e+01 -1.991716e+00 -4.000000e+00
    endloop
  endfacet
  facet normal -7.071096e-01  7.071038e-01  0.000000e+00
    outer loop
      vertex -5.232875e+01 -1.991716e+00 -4.000000e+00
      vertex -5.232875e+01 -1.991716e+00  0.000000e+00
      vertex -5.200829e+01 -1.671248e+00  0.000000e+00
    endloop
  endfacet
  facet normal -7.071096e-01  7.071038e-01  0.000000e+00
    outer loop
      vertex -5.232875e+01 -1.991716e+00 -4.000000e+00
      vertex -5.200829e+01 -1.671248e+00  0.000000e+00
      vertex -5.200829e+01 -1.671248e+00 -4.000000e+00
    endloop
  endfacet
  facet normal -8.191500e-01  5.735794e-01  0.000000e+00
    outer loop
      vertex -5.200829e+01 -1.671248e+00 -4.000000e+00
      vertex -5.200829e+01 -1.671248e+00  0.000000e+00
      vertex -5.174833e+01 -1.300000e+00  0.000000e+00
    endloop
  endfacet
  facet normal -8.191500e-01  5.735794e-01  0.000000e+00
    outer loop
      vertex -5.200829e+01 -1.671248e+00 -4.000000e+00
      vertex -5.174833e+01 -1.300000e+00  0.000000e+00
      vertex -5.174833e+01 -1.300000e+00 -4.000000e+00
    endloop
  endfacet
  facet normal -9.063100e-01  4.226135e-01  0.000000e+00
    outer loop
      vertex -5.174833e+01 -1.300000e+00 -4.000000e+00
      vertex -5.174833e+01 -1.300000e+00  0.000000e+00
      vertex -5.155680e+01 -8.892524e-01  0.000000e+00
    endloop
  endfacet
  facet normal -9.063100e-01  4.226135e-01  0.000000e+00
    outer loop
      vertex -5.174833e+01 -1.300000e+00 -4.000000e+00
      vertex -5.155680e+01 -8.892524e-01  0.000000e+00
      vertex -5.155680e+01 -8.892524e-01 -4.000000e+00
    endloop
  endfacet
  facet normal -9.659244e-01  2.588244e-01  0.000000e+00
    outer loop
      vertex -5.155680e+01 -8.892524e-01 -4.000000e+00
      vertex -5.155680e+01 -8.892524e-01  0.000000e+00
      vertex -5.143950e+01 -4.514853e-01  0.000000e+00
    endloop
  endfacet
  facet normal -9.659244e-01  2.588244e-01  0.000000e+00
    outer loop
      vertex -5.155680e+01 -8.892524e-01 -4.000000e+00
      vertex -5.143950e+01 -4.514853e-01  0.000000e+00
      vertex -5.143950e+01 -4.514853e-01 -4.000000e+00
    endloop
  endfacet
  facet normal -9.961952e-01  8.715034e-02  0.000000e+00
    outer loop
      vertex -5.143950e+01 -4.514853e-01 -4.000000e+00
      vertex -5.143950e+01 -4.514853e-01  0.000000e+00
      vertex -5.140000e+01  0.000000e+00  0.000000e+00
    endloop
  endfacet
  facet normal -9.961952e-01  8.715034e-02  0.000000e+00
    outer loop
      vertex -5.143950e+01 -4.514853e-01 -4.000000e+00
      vertex -5.140000e+01  0.000000e+00  0.000000e+00
      vertex -5.140000e+01  0.000000e+00 -4.000000e+00
    endloop
  endfacet
  facet normal -8.715568e-02  9.961947e-01  0.000000e+00
    outer loop
      vertex -5.354852e+01 -2.560500e+00  0.000000e+00
      vertex -5.400000e+01 -2.600000e+00 -4.000000e+00
      vertex -5.400000e+01 -2.600000e+00  0.000000e+00
    endloop
  endfacet
  facet normal  8.715568e-02  9.961947e-01  0.000000e+00
    outer loop
      vertex -5.400000e+01 -2.600000e+00  0.000000e+00
      vertex -5.400000e+01 -2.600000e+00 -4.000000e+00
      vertex -5.445148e+01 -2.560500e+00 -4.000000e+00
    endloop
  endfacet
  facet normal  8.715568e-02  9.961947e-01  -0.000000e+00
    outer loop
      vertex -5.400000e+01 -2.600000e+00  0.000000e+00
      vertex -5.445148e+01 -2.560500e+00 -4.000000e+00
      vertex -5.445148e+01 -2.560500e+00  0.000000e+00
    endloop
  endfacet
  facet normal  2.588190e-01  9.659258e-01  0.000000e+00
    outer loop
      vertex -5.445148e+01 -2.560500e+00  0.000000e+00
      vertex -5.445148e+01 -2.560500e+00 -4.000000e+00
      vertex -5.488925e+01 -2.443201e+00 -4.000000e+00
    endloop
  endfacet
  facet normal  2.588190e-01  9.659258e-01  -0.000000e+00
    outer loop
      vertex -5.445148e+01 -2.560500e+00  0.000000e+00
      vertex -5.488925e+01 -2.443201e+00 -4.000000e+00
      vertex -5.488925e+01 -2.443201e+00  0.000000e+00
    endloop
  endfacet
  facet normal  4.226184e-01  9.063078e-01  0.000000e+00
    outer loop
      vertex -5.488925e+01 -2.443201e+00  0.000000e+00
      vertex -5.488925e+01 -2.443201e+00 -4.000000e+00
      vertex -5.530000e+01 -2.251666e+00 -4.000000e+00
    endloop
  endfacet
  facet normal  4.226184e-01  9.063078e-01  -0.000000e+00
    outer loop
      vertex -5.488925e+01 -2.443201e+00  0.000000e+00
      vertex -5.530000e+01 -2.251666e+00 -4.000000e+00
      vertex -5.530000e+01 -2.251666e+00  0.000000e+00
    endloop
  endfacet
  facet normal  5.735740e-01  8.191537e-01  0.000000e+00
    outer loop
      vertex -5.530000e+01 -2.251666e+00  0.000000e+00
      vertex -5.530000e+01 -2.251666e+00 -4.000000e+00
      vertex -5.567125e+01 -1.991716e+00 -4.000000e+00
    endloop
  endfacet
  facet normal  5.735740e-01  8.191537e-01  -0.000000e+00
    outer loop
      vertex -5.530000e+01 -2.251666e+00  0.000000e+00
      vertex -5.567125e+01 -1.991716e+00 -4.000000e+00
      vertex -5.567125e+01 -1.991716e+00  0.000000e+00
    endloop
  endfacet
  facet normal  7.071096e-01  7.071038e-01  0.000000e+00
    outer loop
      vertex -5.567125e+01 -1.991716e+00  0.000000e+00
      vertex -5.567125e+01 -1.991716e+00 -4.000000e+00
      vertex -5.599171e+01 -1.671248e+00 -4.000000e+00
    endloop
  endfacet
  facet normal  7.071096e-01  7.071038e-01  -0.000000e+00
    outer loop
      vertex -5.567125e+01 -1.991716e+00  0.000000e+00
      vertex -5.599171e+01 -1.671248e+00 -4.000000e+00
      vertex -5.599171e+01 -1.671248e+00  0.000000e+00
    endloop
  endfacet
  facet normal  8.191500e-01  5.735794e-01  0.000000e+00
    outer loop
      vertex -5.599171e+01 -1.671248e+00  0.000000e+00
      vertex -5.599171e+01 -1.671248e+00 -4.000000e+00
      vertex -5.625167e+01 -1.300000e+00 -4.000000e+00
    endloop
  endfacet
  facet normal  8.191500e-01  5.735794e-01  -0.000000e+00
    outer loop
      vertex -5.599171e+01 -1.671248e+00  0.000000e+00
      vertex -5.625167e+01 -1.300000e+00 -4.000000e+00
      vertex -5.625167e+01 -1.300000e+00  0.000000e+00
    endloop
  endfacet
  facet normal  9.063100e-01  4.226135e-01  0.000000e+00
    outer loop
      vertex -5.625167e+01 -1.300000e+00  0.000000e+00
      vertex -5.625167e+01 -1.300000e+00 -4.000000e+00
      vertex -5.644320e+01 -8.892524e-01 -4.000000e+00
    endloop
  endfacet
  facet normal  9.063100e-01  4.226135e-01  -0.000000e+00
    outer loop
      vertex -5.625167e+01 -1.300000e+00  0.000000e+00
      vertex -5.644320e+01 -8.892524e-01 -4.000000e+00
      vertex -5.644320e+01 -8.892524e-01  0.000000e+00
    endloop
  endfacet
  facet normal  9.659244e-01  2.588244e-01  0.000000e+00
    outer loop
      vertex -5.644320e+01 -8.892524e-01  0.000000e+00
      vertex -5.644320e+01 -8.892524e-01 -4.000000e+00
      vertex -5.656050e+01 -4.514853e-01 -4.000000e+00
    endloop
  endfacet
  facet normal  9.659244e-01  2.588244e-01  -0.000000e+00
    outer loop
      vertex -5.644320e+01 -8.892524e-01  0.000000e+00
      vertex -5.656050e+01 -4.514853e-01 -4.000000e+00
      vertex -5.656050e+01 -4.514853e-01  0.000000e+00
    endloop
  endfacet
  facet normal  9.961952e-01  8.715034e-02  0.000000e+00
    outer loop
      vertex -5.656050e+01 -4.514853e-01  0.000000e+00
      vertex -5.656050e+01 -4.514853e-01 -4.000000e+00
      vertex -5.660000e+01  3.184082e-16 -4.000000e+00
    endloop
  endfacet
  facet normal  9.961952e-01  8.715034e-02  -0.000000e+00
    outer loop
      vertex -5.656050e+01 -4.514853e-01  0.000000e+00
      vertex -5.660000e+01  3.184082e-16 -4.000000e+00
      vertex -5.660000e+01  3.184082e-16  0.000000e+00
    endloop
  endfacet
  facet normal  8.715568e-02 -9.961947e-01  0.000000e+00
    outer loop
      vertex -5.400000e+01  2.600000e+00 -4.000000e+00
      vertex -5.445148e+01  2.560500e+00  0.000000e+00
      vertex -5.445148e+01  2.560500e+00 -4.000000e+00
    endloop
  endfacet
  facet normal  2.588190e-01 -9.659258e-01  0.000000e+00
    outer loop
      vertex -5.445148e+01  2.560500e+00 -4.000000e+00
      vertex -5.445148e+01  2.560500e+00  0.000000e+00
      vertex -5.488925e+01  2.443201e+00  0.000000e+00
    endloop
  endfacet
  facet normal  2.588190e-01 -9.659258e-01  0.000000e+00
    outer loop
      vertex -5.445148e+01  2.560500e+00 -4.000000e+00
      vertex -5.488925e+01  2.443201e+00  0.000000e+00
      vertex -5.488925e+01  2.443201e+00 -4.000000e+00
    endloop
  endfacet
  facet normal  4.226184e-01 -9.063078e-01  0.000000e+00
    outer loop
      vertex -5.488925e+01  2.443201e+00 -4.000000e+00
      vertex -5.488925e+01  2.443201e+00  0.000000e+00
      vertex -5.530000e+01  2.251666e+00  0.000000e+00
    endloop
  endfacet
  facet normal  4.226184e-01 -9.063078e-01  0.000000e+00
    outer loop
      vertex -5.488925e+01  2.443201e+00 -4.000000e+00
      vertex -5.530000e+01  2.251666e+00  0.000000e+00
      vertex -5.530000e+01  2.251666e+00 -4.000000e+00
    endloop
  endfacet
  facet normal  5.735740e-01 -8.191537e-01  0.000000e+00
    outer loop
      vertex -5.530000e+01  2.251666e+00 -4.000000e+00
      vertex -5.530000e+01  2.251666e+00  0.000000e+00
      vertex -5.567125e+01  1.991716e+00  0.000000e+00
    endloop
  endfacet
  facet normal  5.735740e-01 -8.191537e-01  0.000000e+00
    outer loop
      vertex -5.530000e+01  2.251666e+00 -4.000000e+00
      vertex -5.567125e+01  1.991716e+00  0.000000e+00
      vertex -5.567125e+01  1.991716e+00 -4.000000e+00
    endloop
  endfacet
  facet normal  7.071096e-01 -7.071038e-01  0.000000e+00
    outer loop
      vertex -5.567125e+01  1.991716e+00 -4.000000e+00
      vertex -5.567125e+01  1.991716e+00  0.000000e+00
      vertex -5.599171e+01  1.671248e+00  0.000000e+00
    endloop
  endfacet
  facet normal  7.071096e-01 -7.071038e-01  0.000000e+00
    outer loop
      vertex -5.567125e+01  1.991716e+00 -4.000000e+00
      vertex -5.599171e+01  1.671248e+00  0.000000e+00
      vertex -5.599171e+01  1.671248e+00 -4.000000e+00
    endloop
  endfacet
  facet normal  8.191500e-01 -5.735794e-01  0.000000e+00
    outer loop
      vertex -5.599171e+01  1.671248e+00 -4.000000e+00
      vertex -5.599171e+01  1.671248e+00  0.000000e+00
      vertex -5.625167e+01  1.300000e+00  0.000000e+00
    endloop
  endfacet
  facet normal  8.191500e-01 -5.735794e-01  0.000000e+00
    outer loop
      vertex -5.599171e+01  1.671248e+00 -4.000000e+00
      vertex -5.625167e+01  1.300000e+00  0.000000e+00
      vertex -5.625167e+01  1.300000e+00 -4.000000e+00
    endloop
  endfacet
  facet normal  9.063100e-01 -4.226135e-01  0.000000e+00
    outer loop
      vertex -5.625167e+01  1.300000e+00 -4.000000e+00
      vertex -5.625167e+01  1.300000e+00  0.000000e+00
      vertex -5.644320e+01  8.892524e-01  0.000000e+00
    endloop
  endfacet
  facet normal  9.063100e-01 -4.226135e-01  0.000000e+00
    outer loop
      vertex -5.625167e+01  1.300000e+00 -4.000000e+00
      vertex -5.644320e+01  8.892524e-01  0.000000e+00
      vertex -5.644320e+01  8.892524e-01 -4.000000e+00
    endloop
  endfacet
  facet normal  9.659244e-01 -2.588244e-01  0.000000e+00
    outer loop
      vertex -5.644320e+01  8.892524e-01 -4.000000e+00
      vertex -5.644320e+01  8.892524e-01  0.000000e+00
      vertex -5.656050e+01  4.514853e-01  0.000000e+00
    endloop
  endfacet
  facet normal  9.659244e-01 -2.588244e-01  0.000000e+00
    outer loop
      vertex -5.644320e+01  8.892524e-01 -4.000000e+00
      vertex -5.656050e+01  4.514853e-01  0.000000e+00
      vertex -5.656050e+01  4.514853e-01 -4.000000e+00
    endloop
  endfacet
  facet normal  9.961952e-01 -8.715034e-02  0.000000e+00
    outer loop
      vertex -5.656050e+01  4.514853e-01 -4.000000e+00
      vertex -5.656050e+01  4.514853e-01  0.000000e+00
      vertex -5.660000e+01  3.184082e-16  0.000000e+00
    endloop
  endfacet
  facet normal  9.961952e-01 -8.715034e-02  0.000000e+00
    outer loop
      vertex -5.656050e+01  4.514853e-01 -4.000000e+00
      vertex -5.660000e+01  3.184082e-16  0.000000e+00
      vertex -5.660000e+01  3.184082e-16 -4.000000e+00
    endloop
  endfacet
  facet normal  8.715568e-02 -9.961947e-01  0.000000e+00
    outer loop
      vertex -5.445148e+01  2.560500e+00  0.000000e+00
      vertex -5.400000e+01  2.600000e+00 -4.000000e+00
      vertex -5.400000e+01  2.600000e+00  0.000000e+00
    endloop
  endfacet
  facet normal -8.715568e-02 -9.961947e-01  -0.000000e+00
    outer loop
      vertex -5.400000e+01  2.600000e+00  0.000000e+00
      vertex -5.400000e+01  2.600000e+00 -4.000000e+00
      vertex -5.354852e+01  2.560500e+00 -4.000000e+00
    endloop
  endfacet
  facet normal -8.715568e-02 -9.961947e-01  0.000000e+00
    outer loop
      vertex -5.400000e+01  2.600000e+00  0.000000e+00
      vertex -5.354852e+01  2.560500e+00 -4.000000e+00
      vertex -5.354852e+01  2.560500e+00  0.000000e+00
    endloop
  endfacet
  facet normal -2.588190e-01 -9.659258e-01  -0.000000e+00
    outer loop
      vertex -5.354852e+01  2.560500e+00  0.000000e+00
      vertex -5.354852e+01  2.560500e+00 -4.000000e+00
      vertex -5.311075e+01  2.443201e+00 -4.000000e+00
    endloop
  endfacet
  facet normal -2.588190e-01 -9.659258e-01  0.000000e+00
    outer loop
      vertex -5.354852e+01  2.560500e+00  0.000000e+00
      vertex -5.311075e+01  2.443201e+00 -4.000000e+00
      vertex -5.311075e+01  2.443201e+00  0.000000e+00
    endloop
  endfacet
  facet normal -4.226184e-01 -9.063078e-01  -0.000000e+00
    outer loop
      vertex -5.311075e+01  2.443201e+00  0.000000e+00
      vertex -5.311075e+01  2.443201e+00 -4.000000e+00
      vertex -5.270000e+01  2.251666e+00 -4.000000e+00
    endloop
  endfacet
  facet normal -4.226184e-01 -9.063078e-01  0.000000e+00
    outer loop
      vertex -5.311075e+01  2.443201e+00  0.000000e+00
      vertex -5.270000e+01  2.251666e+00 -4.000000e+00
      vertex -5.270000e+01  2.251666e+00  0.000000e+00
    endloop
  endfacet
  facet normal -5.735740e-01 -8.191537e-01  -0.000000e+00
    outer loop
      vertex -5.270000e+01  2.251666e+00  0.000000e+00
      vertex -5.270000e+01  2.251666e+00 -4.000000e+00
      vertex -5.232875e+01  1.991716e+00 -4.000000e+00
    endloop
  endfacet
  facet normal -5.735740e-01 -8.191537e-01  0.000000e+00
    outer loop
      vertex -5.270000e+01  2.251666e+00  0.000000e+00
      vertex -5.232875e+01  1.991716e+00 -4.000000e+00
      vertex -5.232875e+01  1.991716e+00  0.000000e+00
    endloop
  endfacet
  facet normal -7.071096e-01 -7.071038e-01  -0.000000e+00
    outer loop
      vertex -5.232875e+01  1.991716e+00  0.000000e+00
      vertex -5.232875e+01  1.991716e+00 -4.000000e+00
      vertex -5.200829e+01  1.671248e+00 -4.000000e+00
    endloop
  endfacet
  facet normal -7.071096e-01 -7.071038e-01  0.000000e+00
    outer loop
      vertex -5.232875e+01  1.991716e+00  0.000000e+00
      vertex -5.200829e+01  1.671248e+00 -4.000000e+00
      vertex -5.200829e+01  1.671248e+00  0.000000e+00
    endloop
  endfacet
  facet normal -8.191500e-01 -5.735794e-01  -0.000000e+00
    outer loop
      vertex -5.200829e+01  1.671248e+00  0.000000e+00
      vertex -5.200829e+01  1.671248e+00 -4.000000e+00
      vertex -5.174833e+01  1.300000e+00 -4.000000e+00
    endloop
  endfacet
  facet normal -8.191500e-01 -5.735794e-01  0.000000e+00
    outer loop
      vertex -5.200829e+01  1.671248e+00  0.000000e+00
      vertex -5.174833e+01  1.300000e+00 -4.000000e+00
      vertex -5.174833e+01  1.300000e+00  0.000000e+00
    endloop
  endfacet
  facet normal -9.063100e-01 -4.226135e-01  -0.000000e+00
    outer loop
      vertex -5.174833e+01  1.300000e+00  0.000000e+00
      vertex -5.174833e+01  1.300000e+00 -4.000000e+00
      vertex -5.155680e+01  8.892524e-01 -4.000000e+00
    endloop
  endfacet
  facet normal -9.063100e-01 -4.226135e-01  0.000000e+00
    outer loop
      vertex -5.174833e+01  1.300000e+00  0.000000e+00
      vertex -5.155680e+01  8.892524e-01 -4.000000e+00
      vertex -5.155680e+01  8.892524e-01  0.000000e+00
    endloop
  endfacet
  facet normal -9.659244e-01 -2.588244e-01  -0.000000e+00
    outer loop
      vertex -5.155680e+01  8.892524e-01  0.000000e+00
      vertex -5.155680e+01  8.892524e-01 -4.000000e+00
      vertex -5.143950e+01  4.514853e-01 -4.000000e+00
    endloop
  endfacet
  facet normal -9.659244e-01 -2.588244e-01  0.000000e+00
    outer loop
      vertex -5.155680e+01  8.892524e-01  0.000000e+00
      vertex -5.143950e+01  4.514853e-01 -4.000000e+00
      vertex -5.143950e+01  4.514853e-01  0.000000e+00
    endloop
  endfacet
  facet normal -9.961952e-01 -8.715034e-02  -0.000000e+00
    outer loop
      vertex -5.143950e+01  4.514853e-01  0.000000e+00
      vertex -5.143950e+01  4.514853e-01 -4.000000e+00
      vertex -5.140000e+01  0.000000e+00 -4.000000e+00
    endloop
  endfacet
  facet normal -9.961952e-01 -8.715034e-02  0.000000e+00
    outer loop
      vertex -5.143950e+01  4.514853e-01  0.000000e+00
      vertex -5.140000e+01  0.000000e+00 -4.000000e+00
      vertex -5.140000e+01  0.000000e+00  0.000000e+00
    endloop
  endfacet
  facet normal -8.715568e-02  9.961947e-01  0.000000e+00
    outer loop
      vertex  5.400000e+01 -2.600000e+00 -4.000000e+00
      vertex  5.445148e+01 -2.560500e+00  0.000000e+00
      vertex  5.445148e+01 -2.560500e+00 -4.000000e+00
    endloop
  endfacet
  facet normal -2.588190e-01  9.659258e-01  0.000000e+00
    outer loop
      vertex  5.445148e+01 -2.560500e+00 -4.000000e+00
      vertex  5.445148e+01 -2.560500e+00  0.000000e+00
      vertex  5.488925e+01 -2.443201e+00  0.000000e+00
    endloop
  endfacet
  facet normal -2.588190e-01  9.659258e-01  0.000000e+00
    outer loop
      vertex  5.445148e+01 -2.560500e+00 -4.000000e+00
      vertex  5.488925e+01 -2.443201e+00  0.000000e+00
      vertex  5.488925e+01 -2.443201e+00 -4.000000e+00
    endloop
  endfacet
  facet normal -4.226184e-01  9.063078e-01  0.000000e+00
    outer loop
      vertex  5.488925e+01 -2.443201e+00 -4.000000e+00
      vertex  5.488925e+01 -2.443201e+00  0.000000e+00
      vertex  5.530000e+01 -2.251666e+00  0.000000e+00
    endloop
  endfacet
  facet normal -4.226184e-01  9.063078e-01  0.000000e+00
    outer loop
      vertex  5.488925e+01 -2.443201e+00 -4.000000e+00
      vertex  5.530000e+01 -2.251666e+00  0.000000e+00
      vertex  5.530000e+01 -2.251666e+00 -4.000000e+00
    endloop
  endfacet
  facet normal -5.735740e-01  8.191537e-01  0.000000e+00
    outer loop
      vertex  5.530000e+01 -2.251666e+00 -4.000000e+00
      vertex  5.530000e+01 -2.251666e+00  0.000000e+00
      vertex  5.567125e+01 -1.991716e+00  0.000000e+00
    endloop
  endfacet
  facet normal -5.735740e-01  8.191537e-01  0.000000e+00
    outer loop
      vertex  5.530000e+01 -2.251666e+00 -4.000000e+00
      vertex  5.567125e+01 -1.991716e+00  0.000000e+00
      vertex  5.567125e+01 -1.991716e+00 -4.000000e+00
    endloop
  endfacet
  facet normal -7.071096e-01  7.071038e-01  0.000000e+00
    outer loop
      vertex  5.567125e+01 -1.991716e+00 -4.000000e+00
      vertex  5.567125e+01 -1.991716e+00  0.000000e+00
      vertex  5.599171e+01 -1.671248e+00  0.000000e+00
    endloop
  endfacet
  facet normal -7.071096e-01  7.071038e-01  0.000000e+00
    outer loop
      vertex  5.567125e+01 -1.991716e+00 -4.000000e+00
      vertex  5.599171e+01 -1.671248e+00  0.000000e+00
      vertex  5.599171e+01 -1.671248e+00 -4.000000e+00
    endloop
  endfacet
  facet normal -8.191500e-01  5.735794e-01  0.000000e+00
    outer loop
      vertex  5.599171e+01 -1.671248e+00 -4.000000e+00
      vertex  5.599171e+01 -1.671248e+00  0.000000e+00
      vertex  5.625167e+01 -1.300000e+00  0.000000e+00
    endloop
  endfacet
  facet normal -8.191500e-01  5.735794e-01  0.000000e+00
    outer loop
      vertex  5.599171e+01 -1.671248e+00 -4.000000e+00
      vertex  5.625167e+01 -1.300000e+00  0.000000e+00
      vertex  5.625167e+01 -1.300000e+00 -4.000000e+00
    endloop
  endfacet
  facet normal -9.063100e-01  4.226135e-01  0.000000e+00
    outer loop
      vertex  5.625167e+01 -1.300000e+00 -4.000000e+00
      vertex  5.625167e+01 -1.300000e+00  0.000000e+00
      vertex  5.644320e+01 -8.892524e-01  0.000000e+00
    endloop
  endfacet
  facet normal -9.063100e-01  4.226135e-01  0.000000e+00
    outer loop
      vertex  5.625167e+01 -1.300000e+00 -4.000000e+00
      vertex  5.644320e+01 -8.892524e-01  0.000000e+00
      vertex  5.644320e+01 -8.892524e-01 -4.000000e+00
    endloop
  endfacet
  facet normal -9.659244e-01  2.588244e-01  0.000000e+00
    outer loop
      vertex  5.644320e+01 -8.892524e-01 -4.000000e+00
      vertex  5.644320e+01 -8.892524e-01  0.000000e+00
      vertex  5.656050e+01 -4.514853e-01  0.000000e+00
    endloop
  endfacet
  facet normal -9.659244e-01  2.588244e-01  0.000000e+00
    outer loop
      vertex  5.644320e+01 -8.892524e-01 -4.000000e+00
      vertex  5.656050e+01 -4.514853e-01  0.000000e+00
      vertex  5.656050e+01 -4.514853e-01 -4.000000e+00
    endloop
  endfacet
  facet normal -9.961952e-01  8.715034e-02  0.000000e+00
    outer loop
      vertex  5.656050e+01 -4.514853e-01 -4.000000e+00
      vertex  5.656050e+01 -4.514853e-01  0.000000e+00
      vertex  5.660000e+01  0.000000e+00  0.000000e+00
    endloop
  endfacet
  facet normal -9.961952e-01  8.715034e-02  0.000000e+00
    outer loop
      vertex  5.656050e+01 -4.514853e-01 -4.000000e+00
      vertex  5.660000e+01  0.000000e+00  0.000000e+00
      vertex  5.660000e+01  0.000000e+00 -4.000000e+00
    endloop
  endfacet
  facet normal -8.715568e-02  9.961947e-01  0.000000e+00
    outer loop
      vertex  5.445148e+01 -2.560500e+00  0.000000e+00
      vertex  5.400000e+01 -2.600000e+00 -4.000000e+00
      vertex  5.400000e+01 -2.600000e+00  0.000000e+00
    endloop
  endfacet
  facet normal  8.715568e-02  9.961947e-01  0.000000e+00
    outer loop
      vertex  5.400000e+01 -2.600000e+00  0.000000e+00
      vertex  5.400000e+01 -2.600000e+00 -4.000000e+00
      vertex  5.354852e+01 -2.560500e+00 -4.000000e+00
    endloop
  endfacet
  facet normal  8.715568e-02  9.961947e-01  -0.000000e+00
    outer loop
      vertex  5.400000e+01 -2.600000e+00  0.000000e+00
      vertex  5.354852e+01 -2.560500e+00 -4.000000e+00
      vertex  5.354852e+01 -2.560500e+00  0.000000e+00
    endloop
  endfacet
  facet normal  2.588190e-01  9.659258e-01  0.000000e+00
    outer loop
      vertex  5.354852e+01 -2.560500e+00  0.000000e+00
      vertex  5.354852e+01 -2.560500e+00 -4.000000e+00
      vertex  5.311075e+01 -2.443201e+00 -4.000000e+00
    endloop
  endfacet
  facet normal  2.588190e-01  9.659258e-01  -0.000000e+00
    outer loop
      vertex  5.354852e+01 -2.560500e+00  0.000000e+00
      vertex  5.311075e+01 -2.443201e+00 -4.000000e+00
      vertex  5.311075e+01 -2.443201e+00  0.000000e+00
    endloop
  endfacet
  facet normal  4.226184e-01  9.063078e-01  0.000000e+00
    outer loop
      vertex  5.311075e+01 -2.443201e+00  0.000000e+00
      vertex  5.311075e+01 -2.443201e+00 -4.000000e+00
      vertex  5.270000e+01 -2.251666e+00 -4.000000e+00
    endloop
  endfacet
  facet normal  4.226184e-01  9.063078e-01  -0.000000e+00
    outer loop
      vertex  5.311075e+01 -2.443201e+00  0.000000e+00
      vertex  5.270000e+01 -2.251666e+00 -4.000000e+00
      vertex  5.270000e+01 -2.251666e+00  0.000000e+00
    endloop
  endfacet
  facet normal  5.735740e-01  8.191537e-01  0.000000e+00
    outer loop
      vertex  5.270000e+01 -2.251666e+00  0.000000e+00
      vertex  5.270000e+01 -2.251666e+00 -4.000000e+00
      vertex  5.232875e+01 -1.991716e+00 -4.000000e+00
    endloop
  endfacet
  facet normal  5.735740e-01  8.191537e-01  -0.000000e+00
    outer loop
      vertex  5.270000e+01 -2.251666e+00  0.000000e+00
      vertex  5.232875e+01 -1.991716e+00 -4.000000e+00
      vertex  5.232875e+01 -1.991716e+00  0.000000e+00
    endloop
  endfacet
  facet normal  7.071096e-01  7.071038e-01  0.000000e+00
    outer loop
      vertex  5.232875e+01 -1.991716e+00  0.000000e+00
      vertex  5.232875e+01 -1.991716e+00 -4.000000e+00
      vertex  5.200829e+01 -1.671248e+00 -4.000000e+00
    endloop
  endfacet
  facet normal  7.071096e-01  7.071038e-01  -0.000000e+00
    outer loop
      vertex  5.232875e+01 -1.991716e+00  0.000000e+00
      vertex  5.200829e+01 -1.671248e+00 -4.000000e+00
      vertex  5.200829e+01 -1.671248e+00  0.000000e+00
    endloop
  endfacet
  facet normal  8.191500e-01  5.735794e-01  0.000000e+00
    outer loop
      vertex  5.200829e+01 -1.671248e+00  0.000000e+00
      vertex  5.200829e+01 -1.671248e+00 -4.000000e+00
      vertex  5.174833e+01 -1.300000e+00 -4.000000e+00
    endloop
  endfacet
  facet normal  8.191500e-01  5.735794e-01  -0.000000e+00
    outer loop
      vertex  5.200829e+01 -1.671248e+00  0.000000e+00
      vertex  5.174833e+01 -1.300000e+00 -4.000000e+00
      vertex  5.174833e+01 -1.300000e+00  0.000000e+00
    endloop
  endfacet
  facet normal  9.063100e-01  4.226135e-01  0.000000e+00
    outer loop
      vertex  5.174833e+01 -1.300000e+00  0.000000e+00
      vertex  5.174833e+01 -1.300000e+00 -4.000000e+00
      vertex  5.155680e+01 -8.892524e-01 -4.000000e+00
    endloop
  endfacet
  facet normal  9.063100e-01  4.226135e-01  -0.000000e+00
    outer loop
      vertex  5.174833e+01 -1.300000e+00  0.000000e+00
      vertex  5.155680e+01 -8.892524e-01 -4.000000e+00
      vertex  5.155680e+01 -8.892524e-01  0.000000e+00
    endloop
  endfacet
  facet normal  9.659244e-01  2.588244e-01  0.000000e+00
    outer loop
      vertex  5.155680e+01 -8.892524e-01  0.000000e+00
      vertex  5.155680e+01 -8.892524e-01 -4.000000e+00
      vertex  5.143950e+01 -4.514853e-01 -4.000000e+00
    endloop
  endfacet
  facet normal  9.659244e-01  2.588244e-01  -0.000000e+00
    outer loop
      vertex  5.155680e+01 -8.892524e-01  0.000000e+00
      vertex  5.143950e+01 -4.514853e-01 -4.000000e+00
      vertex  5.143950e+01 -4.514853e-01  0.000000e+00
    endloop
  endfacet
  facet normal  9.961952e-01  8.715034e-02  0.000000e+00
    outer loop
      vertex  5.143950e+01 -4.514853e-01  0.000000e+00
      vertex  5.143950e+01 -4.514853e-01 -4.000000e+00
      vertex  5.140000e+01  3.184082e-16 -4.000000e+00
    endloop
  endfacet
  facet normal  9.961952e-01  8.715034e-02  -0.000000e+00
    outer loop
      vertex  5.143950e+01 -4.514853e-01  0.000000e+00
      vertex  5.140000e+01  3.184082e-16 -4.000000e+00
      vertex  5.140000e+01  3.184082e-16  0.000000e+00
    endloop
  endfacet
  facet normal  8.715568e-02 -9.961947e-01  0.000000e+00
    outer loop
      vertex  5.400000e+01  2.600000e+00 -4.000000e+00
      vertex  5.354852e+01  2.560500e+00  0.000000e+00
      vertex  5.354852e+01  2.560500e+00 -4.000000e+00
    endloop
  endfacet
  facet normal  2.588190e-01 -9.659258e-01  0.000000e+00
    outer loop
      vertex  5.354852e+01  2.560500e+00 -4.000000e+00
      vertex  5.354852e+01  2.560500e+00  0.000000e+00
      vertex  5.311075e+01  2.443201e+00  0.000000e+00
    endloop
  endfacet
  facet normal  2.588190e-01 -9.659258e-01  0.000000e+00
    outer loop
      vertex  5.354852e+01  2.560500e+00 -4.000000e+00
      vertex  5.311075e+01  2.443201e+00  0.000000e+00
      vertex  5.311075e+01  2.443201e+00 -4.000000e+00
    endloop
  endfacet
  facet normal  4.226184e-01 -9.063078e-01  0.000000e+00
    outer loop
      vertex  5.311075e+01  2.443201e+00 -4.000000e+00
      vertex  5.311075e+01  2.443201e+00  0.000000e+00
      vertex  5.270000e+01  2.251666e+00  0.000000e+00
    endloop
  endfacet
  facet normal  4.226184e-01 -9.063078e-01  0.000000e+00
    outer loop
      vertex  5.311075e+01  2.443201e+00 -4.000000e+00
      vertex  5.270000e+01  2.251666e+00  0.000000e+00
      vertex  5.270000e+01  2.251666e+00 -4.000000e+00
    endloop
  endfacet
  facet normal  5.735740e-01 -8.191537e-01  0.000000e+00
    outer loop
      vertex  5.270000e+01  2.251666e+00 -4.000000e+00
      vertex  5.270000e+01  2.251666e+00  0.000000e+00
      vertex  5.232875e+01  1.991716e+00  0.000000e+00
    endloop
  endfacet
  facet normal  5.735740e-01 -8.191537e-01  0.000000e+00
    outer loop
      vertex  5.270000e+01  2.251666e+00 -4.000000e+00
      vertex  5.232875e+01  1.991716e+00  0.000000e+00
      vertex  5.232875e+01  1.991716e+00 -4.000000e+00
    endloop
  endfacet
  facet normal  7.071096e-01 -7.071038e-01  0.000000e+00
    outer loop
      vertex  5.232875e+01  1.991716e+00 -4.000000e+00
      vertex  5.232875e+01  1.991716e+00  0.000000e+00
      vertex  5.200829e+01  1.671248e+00  0.000000e+00
    endloop
  endfacet
  facet normal  7.071096e-01 -7.071038e-01  0.000000e+00
    outer loop
      vertex  5.232875e+01  1.991716e+00 -4.000000e+00
      vertex  5.200829e+01  1.671248e+00  0.000000e+00
      vertex  5.200829e+01  1.671248e+00 -4.000000e+00
    endloop
  endfacet
  facet normal  8.191500e-01 -5.735794e-01  0.000000e+00
    outer loop
      vertex  5.200829e+01  1.671248e+00 -4.000000e+00
      vertex  5.200829e+01  1.671248e+00  0.000000e+00
      vertex  5.174833e+01  1.300000e+00  0.000000e+00
    endloop
  endfacet
  facet normal  8.191500e-01 -5.735794e-01  0.000000e+00
    outer loop
      vertex  5.200829e+01  1.671248e+00 -4.000000e+00
      vertex  5.174833e+01  1.300000e+00  0.000000e+00
      vertex  5.174833e+01  1.300000e+00 -4.000000e+00
    endloop
  endfacet
  facet normal  9.063100e-01 -4.226135e-01  0.000000e+00
    outer loop
      vertex  5.174833e+01  1.300000e+00 -4.000000e+00
      vertex  5.174833e+01  1.300000e+00  0.000000e+00
      vertex  5.155680e+01  8.892524e-01  0.000000e+00
    endloop
  endfacet
  facet normal  9.063100e-01 -4.226135e-01  0.000000e+00
    outer loop
      vertex  5.174833e+01  1.300000e+00 -4.000000e+00
      vertex  5.155680e+01  8.892524e-01  0.000000e+00
      vertex  5.155680e+01  8.892524e-01 -4.000000e+00
    endloop
  endfacet
  facet normal  9.659244e-01 -2.588244e-01  0.000000e+00
    outer loop
      vertex  5.155680e+01  8.892524e-01 -4.000000e+00
      vertex  5.155680e+01  8.892524e-01  0.000000e+00
      vertex  5.143950e+01  4.514853e-01  0.000000e+00
    endloop
  endfacet
  facet normal  9.659244e-01 -2.588244e-01  0.000000e+00
    outer loop
      vertex  5.155680e+01  8.892524e-01 -4.000000e+00
      vertex  5.143950e+01  4.514853e-01  0.000000e+00
      vertex  5.143950e+01  4.514853e-01 -4.000000e+00
    endloop
  endfacet
  facet normal  9.961952e-01 -8.715034e-02  0.000000e+00
    outer loop
      vertex  5.143950e+01  4.514853e-01 -4.000000e+00
      vertex  5.143950e+01  4.514853e-01  0.000000e+00
      vertex  5.140000e+01  3.184082e-16  0.000000e+00
    endloop
  endfacet
  facet normal  9.961952e-01 -8.715034e-02  0.000000e+00
    outer loop
      vertex  5.143950e+01  4.514853e-01 -4.000000e+00
      vertex  5.140000e+01  3.184082e-16  0.000000e+00
      vertex  5.140000e+01  3.184082e-16 -4.000000e+00
    endloop
  endfacet
  facet normal  8.715568e-02 -9.961947e-01  0.000000e+00
    outer loop
      vertex  5.354852e+01  2.560500e+00  0.000000e+00
      vertex  5.400000e+01  2.600000e+00 -4.000000e+00
      vertex  5.400000e+01  2.600000e+00  0.000000e+00
    endloop
  endfacet
  facet normal -8.715568e-02 -9.961947e-01  -0.000000e+00
    outer loop
      vertex  5.400000e+01  2.600000e+00  0.000000e+00
      vertex  5.400000e+01  2.600000e+00 -4.000000e+00
      vertex  5.445148e+01  2.560500e+00 -4.000000e+00
    endloop
  endfacet
  facet normal -8.715568e-02 -9.961947e-01  0.000000e+00
    outer loop
      vertex  5.400000e+01  2.600000e+00  0.000000e+00
      vertex  5.445148e+01  2.560500e+00 -4.000000e+00
      vertex  5.445148e+01  2.560500e+00  0.000000e+00
    endloop
  endfacet
  facet normal -2.588190e-01 -9.659258e-01  -0.000000e+00
    outer loop
      vertex  5.445148e+01  2.560500e+00  0.000000e+00
      vertex  5.445148e+01  2.560500e+00 -4.000000e+00
      vertex  5.488925e+01  2.443201e+00 -4.000000e+00
    endloop
  endfacet
  facet normal -2.588190e-01 -9.659258e-01  0.000000e+00
    outer loop
      vertex  5.445148e+01  2.560500e+00  0.000000e+00
      vertex  5.488925e+01  2.443201e+00 -4.000000e+00
      vertex  5.488925e+01  2.443201e+00  0.000000e+00
    endloop
  endfacet
  facet normal -4.226184e-01 -9.063078e-01  -0.000000e+00
    outer loop
      vertex  5.488925e+01  2.443201e+00  0.000000e+00
      vertex  5.488925e+01  2.443201e+00 -4.000000e+00
      vertex  5.530000e+01  2.251666e+00 -4.000000e+00
    endloop
  endfacet
  facet normal -4.226184e-01 -9.063078e-01  0.000000e+00
    outer loop
      vertex  5.488925e+01  2.443201e+00  0.000000e+00
      vertex  5.530000e+01  2.251666e+00 -4.000000e+00
      vertex  5.530000e+01  2.251666e+00  0.000000e+00
    endloop
  endfacet
  facet normal -5.735740e-01 -8.191537e-01  -0.000000e+00
    outer loop
      vertex  5.530000e+01  2.251666e+00  0.000000e+00
      vertex  5.530000e+01  2.251666e+00 -4.000000e+00
      vertex  5.567125e+01  1.991716e+00 -4.000000e+00
    endloop
  endfacet
  facet normal -5.735740e-01 -8.191537e-01  0.000000e+00
    outer loop
      vertex  5.530000e+01  2.251666e+00  0.000000e+00
      vertex  5.567125e+01  1.991716e+00 -4.000000e+00
      vertex  5.567125e+01  1.991716e+00  0.000000e+00
    endloop
  endfacet
  facet normal -7.071096e-01 -7.071038e-01  -0.000000e+00
    outer loop
      vertex  5.567125e+01  1.991716e+00  0.000000e+00
      vertex  5.567125e+01  1.991716e+00 -4.000000e+00
      vertex  5.599171e+01  1.671248e+00 -4.000000e+00
    endloop
  endfacet
  facet normal -7.071096e-01 -7.071038e-01  0.000000e+00
    outer loop
      vertex  5.567125e+01  1.991716e+00  0.000000e+00
      vertex  5.599171e+01  1.671248e+00 -4.000000e+00
      vertex  5.599171e+01  1.671248e+00  0.000000e+00
    endloop
  endfacet
  facet normal -8.191500e-01 -5.735794e-01  -0.000000e+00
    outer loop
      vertex  5.599171e+01  1.671248e+00  0.000000e+00
      vertex  5.599171e+01  1.671248e+00 -4.000000e+00
      vertex  5.625167e+01  1.300000e+00 -4.000000e+00
    endloop
  endfacet
  facet normal -8.191500e-01 -5.735794e-01  0.000000e+00
    outer loop
      vertex  5.599171e+01  1.671248e+00  0.000000e+00
      vertex  5.625167e+01  1.300000e+00 -4.000000e+00
      vertex  5.625167e+01  1.300000e+00  0.000000e+00
    endloop
  endfacet
  facet normal -9.063100e-01 -4.226135e-01  -0.000000e+00
    outer loop
      vertex  5.625167e+01  1.300000e+00  0.000000e+00
      vertex  5.625167e+01  1.300000e+00 -4.000000e+00
      vertex  5.644320e+01  8.892524e-01 -4.000000e+00
    endloop
  endfacet
  facet normal -9.063100e-01 -4.226135e-01  0.000000e+00
    outer loop
      vertex  5.625167e+01  1.300000e+00  0.000000e+00
      vertex  5.644320e+01  8.892524e-01 -4.000000e+00
      vertex  5.644320e+01  8.892524e-01  0.000000e+00
    endloop
  endfacet
  facet normal -9.659244e-01 -2.588244e-01  -0.000000e+00
    outer loop
      vertex  5.644320e+01  8.892524e-01  0.000000e+00
      vertex  5.644320e+01  8.892524e-01 -4.000000e+00
      vertex  5.656050e+01  4.514853e-01 -4.000000e+00
    endloop
  endfacet
  facet normal -9.659244e-01 -2.588244e-01  0.000000e+00
    outer loop
      vertex  5.644320e+01  8.892524e-01  0.000000e+00
      vertex  5.656050e+01  4.514853e-01 -4.000000e+00
      vertex  5.656050e+01  4.514853e-01  0.000000e+00
    endloop
  endfacet
  facet normal -9.961952e-01 -8.715034e-02  -0.000000e+00
    outer loop
      vertex  5.656050e+01  4.514853e-01  0.000000e+00
      vertex  5.656050e+01  4.514853e-01 -4.000000e+00
      vertex  5.660000e+01  0.000000e+00 -4.000000e+00
    endloop
  endfacet
  facet normal -9.961952e-01 -8.715034e-02  0.000000e+00
    outer loop
      vertex  5.656050e+01  4.514853e-01  0.000000e+00
      vertex  5.660000e+01  0.000000e+00 -4.000000e+00
      vertex  5.660000e+01  0.000000e+00  0.000000e+00
    endloop
  endfacet
  facet normal -8.715045e-02  9.961951e-01  0.000000e+00
    outer loop
      vertex  3.200000e+01 -4.760000e+01 -4.000000e+00
      vertex  3.245148e+01 -4.756050e+01  0.000000e+00
      vertex  3.245148e+01 -4.756050e+01 -4.000000e+00
    endloop
  endfacet
  facet normal -2.588244e-01  9.659243e-01  0.000000e+00
    outer loop
      vertex  3.245148e+01 -4.756050e+01 -4.000000e+00
      vertex  3.245148e+01 -4.756050e+01  0.000000e+00
      vertex  3.288925e+01 -4.744320e+01  0.000000e+00
    endloop
  endfacet
  facet normal -2.588244e-01  9.659243e-01  0.000000e+00
    outer loop
      vertex  3.245148e+01 -4.756050e+01 -4.000000e+00
      vertex  3.288925e+01 -4.744320e+01  0.000000e+00
      vertex  3.288925e+01 -4.744320e+01 -4.000000e+00
    endloop
  endfacet
  facet normal -4.226136e-01  9.063100e-01  0.000000e+00
    outer loop
      vertex  3.288925e+01 -4.744320e+01 -4.000000e+00
      vertex  3.288925e+01 -4.744320e+01  0.000000e+00
      vertex  3.330000e+01 -4.725167e+01  0.000000e+00
    endloop
  endfacet
  facet normal -4.226136e-01  9.063100e-01  0.000000e+00
    outer loop
      vertex  3.288925e+01 -4.744320e+01 -4.000000e+00
      vertex  3.330000e+01 -4.725167e+01  0.000000e+00
      vertex  3.330000e+01 -4.725167e+01 -4.000000e+00
    endloop
  endfacet
  facet normal -5.735770e-01  8.191516e-01  0.000000e+00
    outer loop
      vertex  3.330000e+01 -4.725167e+01 -4.000000e+00
      vertex  3.330000e+01 -4.725167e+01  0.000000e+00
      vertex  3.367125e+01 -4.699171e+01  0.000000e+00
    endloop
  endfacet
  facet normal -5.735770e-01  8.191516e-01  0.000000e+00
    outer loop
      vertex  3.330000e+01 -4.725167e+01 -4.000000e+00
      vertex  3.367125e+01 -4.699171e+01  0.000000e+00
      vertex  3.367125e+01 -4.699171e+01 -4.000000e+00
    endloop
  endfacet
  facet normal -7.071068e-01  7.071068e-01  0.000000e+00
    outer loop
      vertex  3.367125e+01 -4.699171e+01 -4.000000e+00
      vertex  3.367125e+01 -4.699171e+01  0.000000e+00
      vertex  3.399171e+01 -4.667125e+01  0.000000e+00
    endloop
  endfacet
  facet normal -7.071068e-01  7.071068e-01  0.000000e+00
    outer loop
      vertex  3.367125e+01 -4.699171e+01 -4.000000e+00
      vertex  3.399171e+01 -4.667125e+01  0.000000e+00
      vertex  3.399171e+01 -4.667125e+01 -4.000000e+00
    endloop
  endfacet
  facet normal -8.191516e-01  5.735770e-01  0.000000e+00
    outer loop
      vertex  3.399171e+01 -4.667125e+01 -4.000000e+00
      vertex  3.399171e+01 -4.667125e+01  0.000000e+00
      vertex  3.425167e+01 -4.630000e+01  0.000000e+00
    endloop
  endfacet
  facet normal -8.191516e-01  5.735770e-01  0.000000e+00
    outer loop
      vertex  3.399171e+01 -4.667125e+01 -4.000000e+00
      vertex  3.425167e+01 -4.630000e+01  0.000000e+00
      vertex  3.425167e+01 -4.630000e+01 -4.000000e+00
    endloop
  endfacet
  facet normal -9.063100e-01  4.226136e-01  0.000000e+00
    outer loop
      vertex  3.425167e+01 -4.630000e+01 -4.000000e+00
      vertex  3.425167e+01 -4.630000e+01  0.000000e+00
      vertex  3.444320e+01 -4.588925e+01  0.000000e+00
    endloop
  endfacet
  facet normal -9.063100e-01  4.226136e-01  0.000000e+00
    outer loop
      vertex  3.425167e+01 -4.630000e+01 -4.000000e+00
      vertex  3.444320e+01 -4.588925e+01  0.000000e+00
      vertex  3.444320e+01 -4.588925e+01 -4.000000e+00
    endloop
  endfacet
  facet normal -9.659243e-01  2.588244e-01  0.000000e+00
    outer loop
      vertex  3.444320e+01 -4.588925e+01 -4.000000e+00
      vertex  3.444320e+01 -4.588925e+01  0.000000e+00
      vertex  3.456050e+01 -4.545148e+01  0.000000e+00
    endloop
  endfacet
  facet normal -9.659243e-01  2.588244e-01  0.000000e+00
    outer loop
      vertex  3.444320e+01 -4.588925e+01 -4.000000e+00
      vertex  3.456050e+01 -4.545148e+01  0.000000e+00
      vertex  3.456050e+01 -4.545148e+01 -4.000000e+00
    endloop
  endfacet
  facet normal -9.961951e-01  8.715045e-02  0.000000e+00
    outer loop
      vertex  3.456050e+01 -4.545148e+01 -4.000000e+00
      vertex  3.456050e+01 -4.545148e+01  0.000000e+00
      vertex  3.460000e+01 -4.500000e+01  0.000000e+00
    endloop
  endfacet
  facet normal -9.961951e-01  8.715045e-02  0.000000e+00
    outer loop
      vertex  3.456050e+01 -4.545148e+01 -4.000000e+00
      vertex  3.460000e+01 -4.500000e+01  0.000000e+00
      vertex  3.460000e+01 -4.500000e+01 -4.000000e+00
    endloop
  endfacet
  facet normal -8.715045e-02  9.961951e-01  0.000000e+00
    outer loop
      vertex  3.245148e+01 -4.756050e+01  0.000000e+00
      vertex  3.200000e+01 -4.760000e+01 -4.000000e+00
      vertex  3.200000e+01 -4.760000e+01  0.000000e+00
    endloop
  endfacet
  facet normal  8.715045e-02  9.961951e-01  0.000000e+00
    outer loop
      vertex  3.200000e+01 -4.760000e+01  0.000000e+00
      vertex  3.200000e+01 -4.760000e+01 -4.000000e+00
      vertex  3.154852e+01 -4.756050e+01 -4.000000e+00
    endloop
  endfacet
  facet normal  8.715045e-02  9.961951e-01  -0.000000e+00
    outer loop
      vertex  3.200000e+01 -4.760000e+01  0.000000e+00
      vertex  3.154852e+01 -4.756050e+01 -4.000000e+00
      vertex  3.154852e+01 -4.756050e+01  0.000000e+00
    endloop
  endfacet
  facet normal  2.588244e-01  9.659243e-01  0.000000e+00
    outer loop
      vertex  3.154852e+01 -4.756050e+01  0.000000e+00
      vertex  3.154852e+01 -4.756050e+01 -4.000000e+00
      vertex  3.111075e+01 -4.744320e+01 -4.000000e+00
    endloop
  endfacet
  facet normal  2.588244e-01  9.659243e-01  -0.000000e+00
    outer loop
      vertex  3.154852e+01 -4.756050e+01  0.000000e+00
      vertex  3.111075e+01 -4.744320e+01 -4.000000e+00
      vertex  3.111075e+01 -4.744320e+01  0.000000e+00
    endloop
  endfacet
  facet normal  4.226136e-01  9.063100e-01  0.000000e+00
    outer loop
      vertex  3.111075e+01 -4.744320e+01  0.000000e+00
      vertex  3.111075e+01 -4.744320e+01 -4.000000e+00
      vertex  3.070000e+01 -4.725167e+01 -4.000000e+00
    endloop
  endfacet
  facet normal  4.226136e-01  9.063100e-01  -0.000000e+00
    outer loop
      vertex  3.111075e+01 -4.744320e+01  0.000000e+00
      vertex  3.070000e+01 -4.725167e+01 -4.000000e+00
      vertex  3.070000e+01 -4.725167e+01  0.000000e+00
    endloop
  endfacet
  facet normal  5.735790e-01  8.191503e-01  0.000000e+00
    outer loop
      vertex  3.070000e+01 -4.725167e+01  0.000000e+00
      vertex  3.070000e+01 -4.725167e+01 -4.000000e+00
      vertex  3.032875e+01 -4.699171e+01 -4.000000e+00
    endloop
  endfacet
  facet normal  5.735790e-01  8.191503e-01  -0.000000e+00
    outer loop
      vertex  3.070000e+01 -4.725167e+01  0.000000e+00
      vertex  3.032875e+01 -4.699171e+01 -4.000000e+00
      vertex  3.032875e+01 -4.699171e+01  0.000000e+00
    endloop
  endfacet
  facet normal  7.071025e-01  7.071110e-01  0.000000e+00
    outer loop
      vertex  3.032875e+01 -4.699171e+01  0.000000e+00
      vertex  3.032875e+01 -4.699171e+01 -4.000000e+00
      vertex  3.000828e+01 -4.667125e+01 -4.000000e+00
    endloop
  endfacet
  facet normal  7.071025e-01  7.071110e-01  -0.000000e+00
    outer loop
      vertex  3.032875e+01 -4.699171e+01  0.000000e+00
      vertex  3.000828e+01 -4.667125e+01 -4.000000e+00
      vertex  3.000828e+01 -4.667125e+01  0.000000e+00
    endloop
  endfacet
  facet normal  8.191556e-01  5.735714e-01  0.000000e+00
    outer loop
      vertex  3.000828e+01 -4.667125e+01  0.000000e+00
      vertex  3.000828e+01 -4.667125e+01 -4.000000e+00
      vertex  2.974833e+01 -4.630000e+01 -4.000000e+00
    endloop
  endfacet
  facet normal  8.191556e-01  5.735714e-01  -0.000000e+00
    outer loop
      vertex  3.000828e+01 -4.667125e+01  0.000000e+00
      vertex  2.974833e+01 -4.630000e+01 -4.000000e+00
      vertex  2.974833e+01 -4.630000e+01  0.000000e+00
    endloop
  endfacet
  facet normal  9.063068e-01  4.226205e-01  0.000000e+00
    outer loop
      vertex  2.974833e+01 -4.630000e+01  0.000000e+00
      vertex  2.974833e+01 -4.630000e+01 -4.000000e+00
      vertex  2.955680e+01 -4.588925e+01 -4.000000e+00
    endloop
  endfacet
  facet normal  9.063068e-01  4.226205e-01  -0.000000e+00
    outer loop
      vertex  2.974833e+01 -4.630000e+01  0.000000e+00
      vertex  2.955680e+01 -4.588925e+01 -4.000000e+00
      vertex  2.955680e+01 -4.588925e+01  0.000000e+00
    endloop
  endfacet
  facet normal  9.659255e-01  2.588205e-01  0.000000e+00
    outer loop
      vertex  2.955680e+01 -4.588925e+01  0.000000e+00
      vertex  2.955680e+01 -4.588925e+01 -4.000000e+00
      vertex  2.943950e+01 -4.545148e+01 -4.000000e+00
    endloop
  endfacet
  facet normal  9.659255e-01  2.588205e-01  -0.000000e+00
    outer loop
      vertex  2.955680e+01 -4.588925e+01  0.000000e+00
      vertex  2.943950e+01 -4.545148e+01 -4.000000e+00
      vertex  2.943950e+01 -4.545148e+01  0.000000e+00
    endloop
  endfacet
  facet normal  9.961947e-01  8.715463e-02  0.000000e+00
    outer loop
      vertex  2.943950e+01 -4.545148e+01  0.000000e+00
      vertex  2.943950e+01 -4.545148e+01 -4.000000e+00
      vertex  2.940000e+01 -4.500000e+01 -4.000000e+00
    endloop
  endfacet
  facet normal  9.961947e-01  8.715463e-02  -0.000000e+00
    outer loop
      vertex  2.943950e+01 -4.545148e+01  0.000000e+00
      vertex  2.940000e+01 -4.500000e+01 -4.000000e+00
      vertex  2.940000e+01 -4.500000e+01  0.000000e+00
    endloop
  endfacet
  facet normal  8.715045e-02 -9.961951e-01  0.000000e+00
    outer loop
      vertex  3.200000e+01 -4.240000e+01 -4.000000e+00
      vertex  3.154852e+01 -4.243950e+01  0.000000e+00
      vertex  3.154852e+01 -4.243950e+01 -4.000000e+00
    endloop
  endfacet
  facet normal  2.588244e-01 -9.659243e-01  0.000000e+00
    outer loop
      vertex  3.154852e+01 -4.243950e+01 -4.000000e+00
      vertex  3.154852e+01 -4.243950e+01  0.000000e+00
      vertex  3.111075e+01 -4.255680e+01  0.000000e+00
    endloop
  endfacet
  facet normal  2.588244e-01 -9.659243e-01  0.000000e+00
    outer loop
      vertex  3.154852e+01 -4.243950e+01 -4.000000e+00
      vertex  3.111075e+01 -4.255680e+01  0.000000e+00
      vertex  3.111075e+01 -4.255680e+01 -4.000000e+00
    endloop
  endfacet
  facet normal  4.226136e-01 -9.063100e-01  0.000000e+00
    outer loop
      vertex  3.111075e+01 -4.255680e+01 -4.000000e+00
      vertex  3.111075e+01 -4.255680e+01  0.000000e+00
      vertex  3.070000e+01 -4.274833e+01  0.000000e+00
    endloop
  endfacet
  facet normal  4.226136e-01 -9.063100e-01  0.000000e+00
    outer loop
      vertex  3.111075e+01 -4.255680e+01 -4.000000e+00
      vertex  3.070000e+01 -4.274833e+01  0.000000e+00
      vertex  3.070000e+01 -4.274833e+01 -4.000000e+00
    endloop
  endfacet
  facet normal  5.735790e-01 -8.191503e-01  0.000000e+00
    outer loop
      vertex  3.070000e+01 -4.274833e+01 -4.000000e+00
      vertex  3.070000e+01 -4.274833e+01  0.000000e+00
      vertex  3.032875e+01 -4.300829e+01  0.000000e+00
    endloop
  endfacet
  facet normal  5.735790e-01 -8.191503e-01  0.000000e+00
    outer loop
      vertex  3.070000e+01 -4.274833e+01 -4.000000e+00
      vertex  3.032875e+01 -4.300829e+01  0.000000e+00
      vertex  3.032875e+01 -4.300829e+01 -4.000000e+00
    endloop
  endfacet
  facet normal  7.071025e-01 -7.071110e-01  0.000000e+00
    outer loop
      vertex  3.032875e+01 -4.300829e+01 -4.000000e+00
      vertex  3.032875e+01 -4.300829e+01  0.000000e+00
      vertex  3.000828e+01 -4.332875e+01  0.000000e+00
    endloop
  endfacet
  facet normal  7.071025e-01 -7.071110e-01  0.000000e+00
    outer loop
      vertex  3.032875e+01 -4.300829e+01 -4.000000e+00
      vertex  3.000828e+01 -4.332875e+01  0.000000e+00
      vertex  3.000828e+01 -4.332875e+01 -4.000000e+00
    endloop
  endfacet
  facet normal  8.191556e-01 -5.735714e-01  0.000000e+00
    outer loop
      vertex  3.000828e+01 -4.332875e+01 -4.000000e+00
      vertex  3.000828e+01 -4.332875e+01  0.000000e+00
      vertex  2.974833e+01 -4.370000e+01  0.000000e+00
    endloop
  endfacet
  facet normal  8.191556e-01 -5.735714e-01  0.000000e+00
    outer loop
      vertex  3.000828e+01 -4.332875e+01 -4.000000e+00
      vertex  2.974833e+01 -4.370000e+01  0.000000e+00
      vertex  2.974833e+01 -4.370000e+01 -4.000000e+00
    endloop
  endfacet
  facet normal  9.063068e-01 -4.226205e-01  0.000000e+00
    outer loop
      vertex  2.974833e+01 -4.370000e+01 -4.000000e+00
      vertex  2.974833e+01 -4.370000e+01  0.000000e+00
      vertex  2.955680e+01 -4.411075e+01  0.000000e+00
    endloop
  endfacet
  facet normal  9.063068e-01 -4.226205e-01  0.000000e+00
    outer loop
      vertex  2.974833e+01 -4.370000e+01 -4.000000e+00
      vertex  2.955680e+01 -4.411075e+01  0.000000e+00
      vertex  2.955680e+01 -4.411075e+01 -4.000000e+00
    endloop
  endfacet
  facet normal  9.659255e-01 -2.588205e-01  0.000000e+00
    outer loop
      vertex  2.955680e+01 -4.411075e+01 -4.000000e+00
      vertex  2.955680e+01 -4.411075e+01  0.000000e+00
      vertex  2.943950e+01 -4.454852e+01  0.000000e+00
    endloop
  endfacet
  facet normal  9.659255e-01 -2.588205e-01  0.000000e+00
    outer loop
      vertex  2.955680e+01 -4.411075e+01 -4.000000e+00
      vertex  2.943950e+01 -4.454852e+01  0.000000e+00
      vertex  2.943950e+01 -4.454852e+01 -4.000000e+00
    endloop
  endfacet
  facet normal  9.961947e-01 -8.715463e-02  0.000000e+00
    outer loop
      vertex  2.943950e+01 -4.454852e+01 -4.000000e+00
      vertex  2.943950e+01 -4.454852e+01  0.000000e+00
      vertex  2.940000e+01 -4.500000e+01  0.000000e+00
    endloop
  endfacet
  facet normal  9.961947e-01 -8.715463e-02  0.000000e+00
    outer loop
      vertex  2.943950e+01 -4.454852e+01 -4.000000e+00
      vertex  2.940000e+01 -4.500000e+01  0.000000e+00
      vertex  2.940000e+01 -4.500000e+01 -4.000000e+00
    endloop
  endfacet
  facet normal  8.715045e-02 -9.961951e-01  0.000000e+00
    outer loop
      vertex  3.154852e+01 -4.243950e+01  0.000000e+00
      vertex  3.200000e+01 -4.240000e+01 -4.000000e+00
      vertex  3.200000e+01 -4.240000e+01  0.000000e+00
    endloop
  endfacet
  facet normal -8.715045e-02 -9.961951e-01  -0.000000e+00
    outer loop
      vertex  3.200000e+01 -4.240000e+01  0.000000e+00
      vertex  3.200000e+01 -4.240000e+01 -4.000000e+00
      vertex  3.245148e+01 -4.243950e+01 -4.000000e+00
    endloop
  endfacet
  facet normal -8.715045e-02 -9.961951e-01  0.000000e+00
    outer loop
      vertex  3.200000e+01 -4.240000e+01  0.000000e+00
      vertex  3.245148e+01 -4.243950e+01 -4.000000e+00
      vertex  3.245148e+01 -4.243950e+01  0.000000e+00
    endloop
  endfacet
  facet normal -2.588244e-01 -9.659243e-01  -0.000000e+00
    outer loop
      vertex  3.245148e+01 -4.243950e+01  0.000000e+00
      vertex  3.245148e+01 -4.243950e+01 -4.000000e+00
      vertex  3.288925e+01 -4.255680e+01 -4.000000e+00
    endloop
  endfacet
  facet normal -2.588244e-01 -9.659243e-01  0.000000e+00
    outer loop
      vertex  3.245148e+01 -4.243950e+01  0.000000e+00
      vertex  3.288925e+01 -4.255680e+01 -4.000000e+00
      vertex  3.288925e+01 -4.255680e+01  0.000000e+00
    endloop
  endfacet
  facet normal -4.226136e-01 -9.063100e-01  -0.000000e+00
    outer loop
      vertex  3.288925e+01 -4.255680e+01  0.000000e+00
      vertex  3.288925e+01 -4.255680e+01 -4.000000e+00
      vertex  3.330000e+01 -4.274833e+01 -4.000000e+00
    endloop
  endfacet
  facet normal -4.226136e-01 -9.063100e-01  0.000000e+00
    outer loop
      vertex  3.288925e+01 -4.255680e+01  0.000000e+00
      vertex  3.330000e+01 -4.274833e+01 -4.000000e+00
      vertex  3.330000e+01 -4.274833e+01  0.000000e+00
    endloop
  endfacet
  facet normal -5.735770e-01 -8.191516e-01  -0.000000e+00
    outer loop
      vertex  3.330000e+01 -4.274833e+01  0.000000e+00
      vertex  3.330000e+01 -4.274833e+01 -4.000000e+00
      vertex  3.367125e+01 -4.300829e+01 -4.000000e+00
    endloop
  endfacet
  facet normal -5.735770e-01 -8.191516e-01  0.000000e+00
    outer loop
      vertex  3.330000e+01 -4.274833e+01  0.000000e+00
      vertex  3.367125e+01 -4.300829e+01 -4.000000e+00
      vertex  3.367125e+01 -4.300829e+01  0.000000e+00
    endloop
  endfacet
  facet normal -7.071068e-01 -7.071068e-01  -0.000000e+00
    outer loop
      vertex  3.367125e+01 -4.300829e+01  0.000000e+00
      vertex  3.367125e+01 -4.300829e+01 -4.000000e+00
      vertex  3.399171e+01 -4.332875e+01 -4.000000e+00
    endloop
  endfacet
  facet normal -7.071068e-01 -7.071068e-01  0.000000e+00
    outer loop
      vertex  3.367125e+01 -4.300829e+01  0.000000e+00
      vertex  3.399171e+01 -4.332875e+01 -4.000000e+00
      vertex  3.399171e+01 -4.332875e+01  0.000000e+00
    endloop
  endfacet
  facet normal -8.191516e-01 -5.735770e-01  -0.000000e+00
    outer loop
      vertex  3.399171e+01 -4.332875e+01  0.000000e+00
      vertex  3.399171e+01 -4.332875e+01 -4.000000e+00
      vertex  3.425167e+01 -4.370000e+01 -4.000000e+00
    endloop
  endfacet
  facet normal -8.191516e-01 -5.735770e-01  0.000000e+00
    outer loop
      vertex  3.399171e+01 -4.332875e+01  0.000000e+00
      vertex  3.425167e+01 -4.370000e+01 -4.000000e+00
      vertex  3.425167e+01 -4.370000e+01  0.000000e+00
    endloop
  endfacet
  facet normal -9.063100e-01 -4.226136e-01  -0.000000e+00
    outer loop
      vertex  3.425167e+01 -4.370000e+01  0.000000e+00
      vertex  3.425167e+01 -4.370000e+01 -4.000000e+00
      vertex  3.444320e+01 -4.411075e+01 -4.000000e+00
    endloop
  endfacet
  facet normal -9.063100e-01 -4.226136e-01  0.000000e+00
    outer loop
      vertex  3.425167e+01 -4.370000e+01  0.000000e+00
      vertex  3.444320e+01 -4.411075e+01 -4.000000e+00
      vertex  3.444320e+01 -4.411075e+01  0.000000e+00
    endloop
  endfacet
  facet normal -9.659243e-01 -2.588244e-01  -0.000000e+00
    outer loop
      vertex  3.444320e+01 -4.411075e+01  0.000000e+00
      vertex  3.444320e+01 -4.411075e+01 -4.000000e+00
      vertex  3.456050e+01 -4.454852e+01 -4.000000e+00
    endloop
  endfacet
  facet normal -9.659243e-01 -2.588244e-01  0.000000e+00
    outer loop
      vertex  3.444320e+01 -4.411075e+01  0.000000e+00
      vertex  3.456050e+01 -4.454852e+01 -4.000000e+00
      vertex  3.456050e+01 -4.454852e+01  0.000000e+00
    endloop
  endfacet
  facet normal -9.961951e-01 -8.715045e-02  -0.000000e+00
    outer loop
      vertex  3.456050e+01 -4.454852e+01  0.000000e+00
      vertex  3.456050e+01 -4.454852e+01 -4.000000e+00
      vertex  3.460000e+01 -4.500000e+01 -4.000000e+00
    endloop
  endfacet
  facet normal -9.961951e-01 -8.715045e-02  0.000000e+00
    outer loop
      vertex  3.456050e+01 -4.454852e+01  0.000000e+00
      vertex  3.460000e+01 -4.500000e+01 -4.000000e+00
      vertex  3.460000e+01 -4.500000e+01  0.000000e+00
    endloop
  endfacet
  facet normal -8.715045e-02  9.961951e-01  0.000000e+00
    outer loop
      vertex  3.200000e+01  4.240000e+01 -4.000000e+00
      vertex  3.245148e+01  4.243950e+01  0.000000e+00
      vertex  3.245148e+01  4.243950e+01 -4.000000e+00
    endloop
  endfacet
  facet normal -2.588244e-01  9.659243e-01  0.000000e+00
    outer loop
      vertex  3.245148e+01  4.243950e+01 -4.000000e+00
      vertex  3.245148e+01  4.243950e+01  0.000000e+00
      vertex  3.288925e+01  4.255680e+01  0.000000e+00
    endloop
  endfacet
  facet normal -2.588244e-01  9.659243e-01  0.000000e+00
    outer loop
      vertex  3.245148e+01  4.243950e+01 -4.000000e+00
      vertex  3.288925e+01  4.255680e+01  0.000000e+00
      vertex  3.288925e+01  4.255680e+01 -4.000000e+00
    endloop
  endfacet
  facet normal -4.226136e-01  9.063100e-01  0.000000e+00
    outer loop
      vertex  3.288925e+01  4.255680e+01 -4.000000e+00
      vertex  3.288925e+01  4.255680e+01  0.000000e+00
      vertex  3.330000e+01  4.274833e+01  0.000000e+00
    endloop
  endfacet
  facet normal -4.226136e-01  9.063100e-01  0.000000e+00
    outer loop
      vertex  3.288925e+01  4.255680e+01 -4.000000e+00
      vertex  3.330000e+01  4.274833e+01  0.000000e+00
      vertex  3.330000e+01  4.274833e+01 -4.000000e+00
    endloop
  endfacet
  facet normal -5.735770e-01  8.191516e-01  0.000000e+00
    outer loop
      vertex  3.330000e+01  4.274833e+01 -4.000000e+00
      vertex  3.330000e+01  4.274833e+01  0.000000e+00
      vertex  3.367125e+01  4.300829e+01  0.000000e+00
    endloop
  endfacet
  facet normal -5.735770e-01  8.191516e-01  0.000000e+00
    outer loop
      vertex  3.330000e+01  4.274833e+01 -4.000000e+00
      vertex  3.367125e+01  4.300829e+01  0.000000e+00
      vertex  3.367125e+01  4.300829e+01 -4.000000e+00
    endloop
  endfacet
  facet normal -7.071068e-01  7.071068e-01  0.000000e+00
    outer loop
      vertex  3.367125e+01  4.300829e+01 -4.000000e+00
      vertex  3.367125e+01  4.300829e+01  0.000000e+00
      vertex  3.399171e+01  4.332875e+01  0.000000e+00
    endloop
  endfacet
  facet normal -7.071068e-01  7.071068e-01  0.000000e+00
    outer loop
      vertex  3.367125e+01  4.300829e+01 -4.000000e+00
      vertex  3.399171e+01  4.332875e+01  0.000000e+00
      vertex  3.399171e+01  4.332875e+01 -4.000000e+00
    endloop
  endfacet
  facet normal -8.191516e-01  5.735770e-01  0.000000e+00
    outer loop
      vertex  3.399171e+01  4.332875e+01 -4.000000e+00
      vertex  3.399171e+01  4.332875e+01  0.000000e+00
      vertex  3.425167e+01  4.370000e+01  0.000000e+00
    endloop
  endfacet
  facet normal -8.191516e-01  5.735770e-01  0.000000e+00
    outer loop
      vertex  3.399171e+01  4.332875e+01 -4.000000e+00
      vertex  3.425167e+01  4.370000e+01  0.000000e+00
      vertex  3.425167e+01  4.370000e+01 -4.000000e+00
    endloop
  endfacet
  facet normal -9.063100e-01  4.226136e-01  0.000000e+00
    outer loop
      vertex  3.425167e+01  4.370000e+01 -4.000000e+00
      vertex  3.425167e+01  4.370000e+01  0.000000e+00
      vertex  3.444320e+01  4.411075e+01  0.000000e+00
    endloop
  endfacet
  facet normal -9.063100e-01  4.226136e-01  0.000000e+00
    outer loop
      vertex  3.425167e+01  4.370000e+01 -4.000000e+00
      vertex  3.444320e+01  4.411075e+01  0.000000e+00
      vertex  3.444320e+01  4.411075e+01 -4.000000e+00
    endloop
  endfacet
  facet normal -9.659243e-01  2.588244e-01  0.000000e+00
    outer loop
      vertex  3.444320e+01  4.411075e+01 -4.000000e+00
      vertex  3.444320e+01  4.411075e+01  0.000000e+00
      vertex  3.456050e+01  4.454852e+01  0.000000e+00
    endloop
  endfacet
  facet normal -9.659243e-01  2.588244e-01  0.000000e+00
    outer loop
      vertex  3.444320e+01  4.411075e+01 -4.000000e+00
      vertex  3.456050e+01  4.454852e+01  0.000000e+00
      vertex  3.456050e+01  4.454852e+01 -4.000000e+00
    endloop
  endfacet
  facet normal -9.961951e-01  8.715045e-02  0.000000e+00
    outer loop
      vertex  3.456050e+01  4.454852e+01 -4.000000e+00
      vertex  3.456050e+01  4.454852e+01  0.000000e+00
      vertex  3.460000e+01  4.500000e+01  0.000000e+00
    endloop
  endfacet
  facet normal -9.961951e-01  8.715045e-02  0.000000e+00
    outer loop
      vertex  3.456050e+01  4.454852e+01 -4.000000e+00
      vertex  3.460000e+01  4.500000e+01  0.000000e+00
      vertex  3.460000e+01  4.500000e+01 -4.000000e+00
    endloop
  endfacet
  facet normal -8.715045e-02  9.961951e-01  0.000000e+00
    outer loop
      vertex  3.245148e+01  4.243950e+01  0.000000e+00
      vertex  3.200000e+01  4.240000e+01 -4.000000e+00
      vertex  3.200000e+01  4.240000e+01  0.000000e+00
    endloop
  endfacet
  facet normal  8.715045e-02  9.961951e-01  0.000000e+00
    outer loop
      vertex  3.200000e+01  4.240000e+01  0.000000e+00
      vertex  3.200000e+01  4.240000e+01 -4.000000e+00
      vertex  3.154852e+01  4.243950e+01 -4.000000e+00
    endloop
  endfacet
  facet normal  8.715045e-02  9.961951e-01  -0.000000e+00
    outer loop
      vertex  3.200000e+01  4.240000e+01  0.000000e+00
      vertex  3.154852e+01  4.243950e+01 -4.000000e+00
      vertex  3.154852e+01  4.243950e+01  0.000000e+00
    endloop
  endfacet
  facet normal  2.588244e-01  9.659243e-01  0.000000e+00
    outer loop
      vertex  3.154852e+01  4.243950e+01  0.000000e+00
      vertex  3.154852e+01  4.243950e+01 -4.000000e+00
      vertex  3.111075e+01  4.255680e+01 -4.000000e+00
    endloop
  endfacet
  facet normal  2.588244e-01  9.659243e-01  -0.000000e+00
    outer loop
      vertex  3.154852e+01  4.243950e+01  0.000000e+00
      vertex  3.111075e+01  4.255680e+01 -4.000000e+00
      vertex  3.111075e+01  4.255680e+01  0.000000e+00
    endloop
  endfacet
  facet normal  4.226136e-01  9.063100e-01  0.000000e+00
    outer loop
      vertex  3.111075e+01  4.255680e+01  0.000000e+00
      vertex  3.111075e+01  4.255680e+01 -4.000000e+00
      vertex  3.070000e+01  4.274833e+01 -4.000000e+00
    endloop
  endfacet
  facet normal  4.226136e-01  9.063100e-01  -0.000000e+00
    outer loop
      vertex  3.111075e+01  4.255680e+01  0.000000e+00
      vertex  3.070000e+01  4.274833e+01 -4.000000e+00
      vertex  3.070000e+01  4.274833e+01  0.000000e+00
    endloop
  endfacet
  facet normal  5.735790e-01  8.191503e-01  0.000000e+00
    outer loop
      vertex  3.070000e+01  4.274833e+01  0.000000e+00
      vertex  3.070000e+01  4.274833e+01 -4.000000e+00
      vertex  3.032875e+01  4.300829e+01 -4.000000e+00
    endloop
  endfacet
  facet normal  5.735790e-01  8.191503e-01  -0.000000e+00
    outer loop
      vertex  3.070000e+01  4.274833e+01  0.000000e+00
      vertex  3.032875e+01  4.300829e+01 -4.000000e+00
      vertex  3.032875e+01  4.300829e+01  0.000000e+00
    endloop
  endfacet
  facet normal  7.071025e-01  7.071110e-01  0.000000e+00
    outer loop
      vertex  3.032875e+01  4.300829e+01  0.000000e+00
      vertex  3.032875e+01  4.300829e+01 -4.000000e+00
      vertex  3.000828e+01  4.332875e+01 -4.000000e+00
    endloop
  endfacet
  facet normal  7.071025e-01  7.071110e-01  -0.000000e+00
    outer loop
      vertex  3.032875e+01  4.300829e+01  0.000000e+00
      vertex  3.000828e+01  4.332875e+01 -4.000000e+00
      vertex  3.000828e+01  4.332875e+01  0.000000e+00
    endloop
  endfacet
  facet normal  8.191556e-01  5.735714e-01  0.000000e+00
    outer loop
      vertex  3.000828e+01  4.332875e+01  0.000000e+00
      vertex  3.000828e+01  4.332875e+01 -4.000000e+00
      vertex  2.974833e+01  4.370000e+01 -4.000000e+00
    endloop
  endfacet
  facet normal  8.191556e-01  5.735714e-01  -0.000000e+00
    outer loop
      vertex  3.000828e+01  4.332875e+01  0.000000e+00
      vertex  2.974833e+01  4.370000e+01 -4.000000e+00
      vertex  2.974833e+01  4.370000e+01  0.000000e+00
    endloop
  endfacet
  facet normal  9.063068e-01  4.226205e-01  0.000000e+00
    outer loop
      vertex  2.974833e+01  4.370000e+01  0.000000e+00
      vertex  2.974833e+01  4.370000e+01 -4.000000e+00
      vertex  2.955680e+01  4.411075e+01 -4.000000e+00
    endloop
  endfacet
  facet normal  9.063068e-01  4.226205e-01  -0.000000e+00
    outer loop
      vertex  2.974833e+01  4.370000e+01  0.000000e+00
      vertex  2.955680e+01  4.411075e+01 -4.000000e+00
      vertex  2.955680e+01  4.411075e+01  0.000000e+00
    endloop
  endfacet
  facet normal  9.659255e-01  2.588205e-01  0.000000e+00
    outer loop
      vertex  2.955680e+01  4.411075e+01  0.000000e+00
      vertex  2.955680e+01  4.411075e+01 -4.000000e+00
      vertex  2.943950e+01  4.454852e+01 -4.000000e+00
    endloop
  endfacet
  facet normal  9.659255e-01  2.588205e-01  -0.000000e+00
    outer loop
      vertex  2.955680e+01  4.411075e+01  0.000000e+00
      vertex  2.943950e+01  4.454852e+01 -4.000000e+00
      vertex  2.943950e+01  4.454852e+01  0.000000e+00
    endloop
  endfacet
  facet normal  9.961947e-01  8.715463e-02  0.000000e+00
    outer loop
      vertex  2.943950e+01  4.454852e+01  0.000000e+00
      vertex  2.943950e+01  4.454852e+01 -4.000000e+00
      vertex  2.940000e+01  4.500000e+01 -4.000000e+00
    endloop
  endfacet
  facet normal  9.961947e-01  8.715463e-02  -0.000000e+00
    outer loop
      vertex  2.943950e+01  4.454852e+01  0.000000e+00
      vertex  2.940000e+01  4.500000e+01 -4.000000e+00
      vertex  2.940000e+01  4.500000e+01  0.000000e+00
    endloop
  endfacet
  facet normal  8.715045e-02 -9.961951e-01  0.000000e+00
    outer loop
      vertex  3.200000e+01  4.760000e+01 -4.000000e+00
      vertex  3.154852e+01  4.756050e+01  0.000000e+00
      vertex  3.154852e+01  4.756050e+01 -4.000000e+00
    endloop
  endfacet
  facet normal  2.588244e-01 -9.659243e-01  0.000000e+00
    outer loop
      vertex  3.154852e+01  4.756050e+01 -4.000000e+00
      vertex  3.154852e+01  4.756050e+01  0.000000e+00
      vertex  3.111075e+01  4.744320e+01  0.000000e+00
    endloop
  endfacet
  facet normal  2.588244e-01 -9.659243e-01  0.000000e+00
    outer loop
      vertex  3.154852e+01  4.756050e+01 -4.000000e+00
      vertex  3.111075e+01  4.744320e+01  0.000000e+00
      vertex  3.111075e+01  4.744320e+01 -4.000000e+00
    endloop
  endfacet
  facet normal  4.226136e-01 -9.063100e-01  0.000000e+00
    outer loop
      vertex  3.111075e+01  4.744320e+01 -4.000000e+00
      vertex  3.111075e+01  4.744320e+01  0.000000e+00
      vertex  3.070000e+01  4.725167e+01  0.000000e+00
    endloop
  endfacet
  facet normal  4.226136e-01 -9.063100e-01  0.000000e+00
    outer loop
      vertex  3.111075e+01  4.744320e+01 -4.000000e+00
      vertex  3.070000e+01  4.725167e+01  0.000000e+00
      vertex  3.070000e+01  4.725167e+01 -4.000000e+00
    endloop
  endfacet
  facet normal  5.735790e-01 -8.191503e-01  0.000000e+00
    outer loop
      vertex  3.070000e+01  4.725167e+01 -4.000000e+00
      vertex  3.070000e+01  4.725167e+01  0.000000e+00
      vertex  3.032875e+01  4.699171e+01  0.000000e+00
    endloop
  endfacet
  facet normal  5.735790e-01 -8.191503e-01  0.000000e+00
    outer loop
      vertex  3.070000e+01  4.725167e+01 -4.000000e+00
      vertex  3.032875e+01  4.699171e+01  0.000000e+00
      vertex  3.032875e+01  4.699171e+01 -4.000000e+00
    endloop
  endfacet
  facet normal  7.071025e-01 -7.071110e-01  0.000000e+00
    outer loop
      vertex  3.032875e+01  4.699171e+01 -4.000000e+00
      vertex  3.032875e+01  4.699171e+01  0.000000e+00
      vertex  3.000828e+01  4.667125e+01  0.000000e+00
    endloop
  endfacet
  facet normal  7.071025e-01 -7.071110e-01  0.000000e+00
    outer loop
      vertex  3.032875e+01  4.699171e+01 -4.000000e+00
      vertex  3.000828e+01  4.667125e+01  0.000000e+00
      vertex  3.000828e+01  4.667125e+01 -4.000000e+00
    endloop
  endfacet
  facet normal  8.191556e-01 -5.735714e-01  0.000000e+00
    outer loop
      vertex  3.000828e+01  4.667125e+01 -4.000000e+00
      vertex  3.000828e+01  4.667125e+01  0.000000e+00
      vertex  2.974833e+01  4.630000e+01  0.000000e+00
    endloop
  endfacet
  facet normal  8.191556e-01 -5.735714e-01  0.000000e+00
    outer loop
      vertex  3.000828e+01  4.667125e+01 -4.000000e+00
      vertex  2.974833e+01  4.630000e+01  0.000000e+00
      vertex  2.974833e+01  4.630000e+01 -4.000000e+00
    endloop
  endfacet
  facet normal  9.063068e-01 -4.226205e-01  0.000000e+00
    outer loop
      vertex  2.974833e+01  4.630000e+01 -4.000000e+00
      vertex  2.974833e+01  4.630000e+01  0.000000e+00
      vertex  2.955680e+01  4.588925e+01  0.000000e+00
    endloop
  endfacet
  facet normal  9.063068e-01 -4.226205e-01  0.000000e+00
    outer loop
      vertex  2.974833e+01  4.630000e+01 -4.000000e+00
      vertex  2.955680e+01  4.588925e+01  0.000000e+00
      vertex  2.955680e+01  4.588925e+01 -4.000000e+00
    endloop
  endfacet
  facet normal  9.659255e-01 -2.588205e-01  0.000000e+00
    outer loop
      vertex  2.955680e+01  4.588925e+01 -4.000000e+00
      vertex  2.955680e+01  4.588925e+01  0.000000e+00
      vertex  2.943950e+01  4.545148e+01  0.000000e+00
    endloop
  endfacet
  facet normal  9.659255e-01 -2.588205e-01  0.000000e+00
    outer loop
      vertex  2.955680e+01  4.588925e+01 -4.000000e+00
      vertex  2.943950e+01  4.545148e+01  0.000000e+00
      vertex  2.943950e+01  4.545148e+01 -4.000000e+00
    endloop
  endfacet
  facet normal  9.961947e-01 -8.715463e-02  0.000000e+00
    outer loop
      vertex  2.943950e+01  4.545148e+01 -4.000000e+00
      vertex  2.943950e+01  4.545148e+01  0.000000e+00
      vertex  2.940000e+01  4.500000e+01  0.000000e+00
    endloop
  endfacet
  facet normal  9.961947e-01 -8.715463e-02  0.000000e+00
    outer loop
      vertex  2.943950e+01  4.545148e+01 -4.000000e+00
      vertex  2.940000e+01  4.500000e+01  0.000000e+00
      vertex  2.940000e+01  4.500000e+01 -4.000000e+00
    endloop
  endfacet
  facet normal  8.715045e-02 -9.961951e-01  0.000000e+00
    outer loop
      vertex  3.154852e+01  4.756050e+01  0.000000e+00
      vertex  3.200000e+01  4.760000e+01 -4.000000e+00
      vertex  3.200000e+01  4.760000e+01  0.000000e+00
    endloop
  endfacet
  facet normal -8.715045e-02 -9.961951e-01  -0.000000e+00
    outer loop
      vertex  3.200000e+01  4.760000e+01  0.000000e+00
      vertex  3.200000e+01  4.760000e+01 -4.000000e+00
      vertex  3.245148e+01  4.756050e+01 -4.000000e+00
    endloop
  endfacet
  facet normal -8.715045e-02 -9.961951e-01  0.000000e+00
    outer loop
      vertex  3.200000e+01  4.760000e+01  0.000000e+00
      vertex  3.245148e+01  4.756050e+01 -4.000000e+00
      vertex  3.245148e+01  4.756050e+01  0.000000e+00
    endloop
  endfacet
  facet normal -2.588244e-01 -9.659243e-01  -0.000000e+00
    outer loop
      vertex  3.245148e+01  4.756050e+01  0.000000e+00
      vertex  3.245148e+01  4.756050e+01 -4.000000e+00
      vertex  3.288925e+01  4.744320e+01 -4.000000e+00
    endloop
  endfacet
  facet normal -2.588244e-01 -9.659243e-01  0.000000e+00
    outer loop
      vertex  3.245148e+01  4.756050e+01  0.000000e+00
      vertex  3.288925e+01  4.744320e+01 -4.000000e+00
      vertex  3.288925e+01  4.744320e+01  0.000000e+00
    endloop
  endfacet
  facet normal -4.226136e-01 -9.063100e-01  -0.000000e+00
    outer loop
      vertex  3.288925e+01  4.744320e+01  0.000000e+00
      vertex  3.288925e+01  4.744320e+01 -4.000000e+00
      vertex  3.330000e+01  4.725167e+01 -4.000000e+00
    endloop
  endfacet
  facet normal -4.226136e-01 -9.063100e-01  0.000000e+00
    outer loop
      vertex  3.288925e+01  4.744320e+01  0.000000e+00
      vertex  3.330000e+01  4.725167e+01 -4.000000e+00
      vertex  3.330000e+01  4.725167e+01  0.000000e+00
    endloop
  endfacet
  facet normal -5.735770e-01 -8.191516e-01  -0.000000e+00
    outer loop
      vertex  3.330000e+01  4.725167e+01  0.000000e+00
      vertex  3.330000e+01  4.725167e+01 -4.000000e+00
      vertex  3.367125e+01  4.699171e+01 -4.000000e+00
    endloop
  endfacet
  facet normal -5.735770e-01 -8.191516e-01  0.000000e+00
    outer loop
      vertex  3.330000e+01  4.725167e+01  0.000000e+00
      vertex  3.367125e+01  4.699171e+01 -4.000000e+00
      vertex  3.367125e+01  4.699171e+01  0.000000e+00
    endloop
  endfacet
  facet normal -7.071068e-01 -7.071068e-01  -0.000000e+00
    outer loop
      vertex  3.367125e+01  4.699171e+01  0.000000e+00
      vertex  3.367125e+01  4.699171e+01 -4.000000e+00
      vertex  3.399171e+01  4.667125e+01 -4.000000e+00
    endloop
  endfacet
  facet normal -7.071068e-01 -7.071068e-01  0.000000e+00
    outer loop
      vertex  3.367125e+01  4.699171e+01  0.000000e+00
      vertex  3.399171e+01  4.667125e+01 -4.000000e+00
      vertex  3.399171e+01  4.667125e+01  0.000000e+00
    endloop
  endfacet
  facet normal -8.191516e-01 -5.735770e-01  -0.000000e+00
    outer loop
      vertex  3.399171e+01  4.667125e+01  0.000000e+00
      vertex  3.399171e+01  4.667125e+01 -4.000000e+00
      vertex  3.425167e+01  4.630000e+01 -4.000000e+00
    endloop
  endfacet
  facet normal -8.191516e-01 -5.735770e-01  0.000000e+00
    outer loop
      vertex  3.399171e+01  4.667125e+01  0.000000e+00
      vertex  3.425167e+01  4.630000e+01 -4.000000e+00
      vertex  3.425167e+01  4.630000e+01  0.000000e+00
    endloop
  endfacet
  facet normal -9.063100e-01 -4.226136e-01  -0.000000e+00
    outer loop
      vertex  3.425167e+01  4.630000e+01  0.000000e+00
      vertex  3.425167e+01  4.630000e+01 -4.000000e+00
      vertex  3.444320e+01  4.588925e+01 -4.000000e+00
    endloop
  endfacet
  facet normal -9.063100e-01 -4.226136e-01  0.000000e+00
    outer loop
      vertex  3.425167e+01  4.630000e+01  0.000000e+00
      vertex  3.444320e+01  4.588925e+01 -4.000000e+00
      vertex  3.444320e+01  4.588925e+01  0.000000e+00
    endloop
  endfacet
  facet normal -9.659243e-01 -2.588244e-01  -0.000000e+00
    outer loop
      vertex  3.444320e+01  4.588925e+01  0.000000e+00
      vertex  3.444320e+01  4.588925e+01 -4.000000e+00
      vertex  3.456050e+01  4.545148e+01 -4.000000e+00
    endloop
  endfacet
  facet normal -9.659243e-01 -2.588244e-01  0.000000e+00
    outer loop
      vertex  3.444320e+01  4.588925e+01  0.000000e+00
      vertex  3.456050e+01  4.545148e+01 -4.000000e+00
      vertex  3.456050e+01  4.545148e+01  0.000000e+00
    endloop
  endfacet
  facet normal -9.961951e-01 -8.715045e-02  -0.000000e+00
    outer loop
      vertex  3.456050e+01  4.545148e+01  0.000000e+00
      vertex  3.456050e+01  4.545148e+01 -4.000000e+00
      vertex  3.460000e+01  4.500000e+01 -4.000000e+00
    endloop
  endfacet
  facet normal -9.961951e-01 -8.715045e-02  0.000000e+00
    outer loop
      vertex  3.456050e+01  4.545148e+01  0.000000e+00
      vertex  3.460000e+01  4.500000e+01 -4.000000e+00
      vertex  3.460000e+01  4.500000e+01  0.000000e+00
    endloop
  endfacet
  facet normal -8.715034e-02  9.961952e-01  0.000000e+00
    outer loop
      vertex -4.776122e-16 -4.760000e+01 -4.000000e+00
      vertex  4.514853e-01 -4.756050e+01  0.000000e+00
      vertex  4.514853e-01 -4.756050e+01 -4.000000e+00
    endloop
  endfacet
  facet normal -2.588244e-01  9.659244e-01  0.000000e+00
    outer loop
      vertex  4.514853e-01 -4.756050e+01 -4.000000e+00
      vertex  4.514853e-01 -4.756050e+01  0.000000e+00
      vertex  8.892524e-01 -4.744320e+01  0.000000e+00
    endloop
  endfacet
  facet normal -2.588244e-01  9.659244e-01  0.000000e+00
    outer loop
      vertex  4.514853e-01 -4.756050e+01 -4.000000e+00
      vertex  8.892524e-01 -4.744320e+01  0.000000e+00
      vertex  8.892524e-01 -4.744320e+01 -4.000000e+00
    endloop
  endfacet
  facet normal -4.226135e-01  9.063100e-01  0.000000e+00
    outer loop
      vertex  8.892524e-01 -4.744320e+01 -4.000000e+00
      vertex  8.892524e-01 -4.744320e+01  0.000000e+00
      vertex  1.300000e+00 -4.725167e+01  0.000000e+00
    endloop
  endfacet
  facet normal -4.226135e-01  9.063100e-01  0.000000e+00
    outer loop
      vertex  8.892524e-01 -4.744320e+01 -4.000000e+00
      vertex  1.300000e+00 -4.725167e+01  0.000000e+00
      vertex  1.300000e+00 -4.725167e+01 -4.000000e+00
    endloop
  endfacet
  facet normal -5.735794e-01  8.191500e-01  0.000000e+00
    outer loop
      vertex  1.300000e+00 -4.725167e+01 -4.000000e+00
      vertex  1.300000e+00 -4.725167e+01  0.000000e+00
      vertex  1.671248e+00 -4.699171e+01  0.000000e+00
    endloop
  endfacet
  facet normal -5.735794e-01  8.191500e-01  0.000000e+00
    outer loop
      vertex  1.300000e+00 -4.725167e+01 -4.000000e+00
      vertex  1.671248e+00 -4.699171e+01  0.000000e+00
      vertex  1.671248e+00 -4.699171e+01 -4.000000e+00
    endloop
  endfacet
  facet normal -7.071038e-01  7.071096e-01  0.000000e+00
    outer loop
      vertex  1.671248e+00 -4.699171e+01 -4.000000e+00
      vertex  1.671248e+00 -4.699171e+01  0.000000e+00
      vertex  1.991716e+00 -4.667125e+01  0.000000e+00
    endloop
  endfacet
  facet normal -7.071038e-01  7.071096e-01  0.000000e+00
    outer loop
      vertex  1.671248e+00 -4.699171e+01 -4.000000e+00
      vertex  1.991716e+00 -4.667125e+01  0.000000e+00
      vertex  1.991716e+00 -4.667125e+01 -4.000000e+00
    endloop
  endfacet
  facet normal -8.191537e-01  5.735740e-01  0.000000e+00
    outer loop
      vertex  1.991716e+00 -4.667125e+01 -4.000000e+00
      vertex  1.991716e+00 -4.667125e+01  0.000000e+00
      vertex  2.251666e+00 -4.630000e+01  0.000000e+00
    endloop
  endfacet
  facet normal -8.191537e-01  5.735740e-01  0.000000e+00
    outer loop
      vertex  1.991716e+00 -4.667125e+01 -4.000000e+00
      vertex  2.251666e+00 -4.630000e+01  0.000000e+00
      vertex  2.251666e+00 -4.630000e+01 -4.000000e+00
    endloop
  endfacet
  facet normal -9.063078e-01  4.226184e-01  0.000000e+00
    outer loop
      vertex  2.251666e+00 -4.630000e+01 -4.000000e+00
      vertex  2.251666e+00 -4.630000e+01  0.000000e+00
      vertex  2.443201e+00 -4.588925e+01  0.000000e+00
    endloop
  endfacet
  facet normal -9.063078e-01  4.226184e-01  0.000000e+00
    outer loop
      vertex  2.251666e+00 -4.630000e+01 -4.000000e+00
      vertex  2.443201e+00 -4.588925e+01  0.000000e+00
      vertex  2.443201e+00 -4.588925e+01 -4.000000e+00
    endloop
  endfacet
  facet normal -9.659258e-01  2.588190e-01  0.000000e+00
    outer loop
      vertex  2.443201e+00 -4.588925e+01 -4.000000e+00
      vertex  2.443201e+00 -4.588925e+01  0.000000e+00
      vertex  2.560500e+00 -4.545148e+01  0.000000e+00
    endloop
  endfacet
  facet normal -9.659258e-01  2.588190e-01  0.000000e+00
    outer loop
      vertex  2.443201e+00 -4.588925e+01 -4.000000e+00
      vertex  2.560500e+00 -4.545148e+01  0.000000e+00
      vertex  2.560500e+00 -4.545148e+01 -4.000000e+00
    endloop
  endfacet
  facet normal -9.961947e-01  8.715568e-02  0.000000e+00
    outer loop
      vertex  2.560500e+00 -4.545148e+01 -4.000000e+00
      vertex  2.560500e+00 -4.545148e+01  0.000000e+00
      vertex  2.600000e+00 -4.500000e+01  0.000000e+00
    endloop
  endfacet
  facet normal -9.961947e-01  8.715568e-02  0.000000e+00
    outer loop
      vertex  2.560500e+00 -4.545148e+01 -4.000000e+00
      vertex  2.600000e+00 -4.500000e+01  0.000000e+00
      vertex  2.600000e+00 -4.500000e+01 -4.000000e+00
    endloop
  endfacet
  facet normal -8.715034e-02  9.961952e-01  0.000000e+00
    outer loop
      vertex  4.514853e-01 -4.756050e+01  0.000000e+00
      vertex -4.776122e-16 -4.760000e+01 -4.000000e+00
      vertex -4.776122e-16 -4.760000e+01  0.000000e+00
    endloop
  endfacet
  facet normal  8.715034e-02  9.961952e-01  0.000000e+00
    outer loop
      vertex -4.776122e-16 -4.760000e+01  0.000000e+00
      vertex -4.776122e-16 -4.760000e+01 -4.000000e+00
      vertex -4.514853e-01 -4.756050e+01 -4.000000e+00
    endloop
  endfacet
  facet normal  8.715034e-02  9.961952e-01  -0.000000e+00
    outer loop
      vertex -4.776122e-16 -4.760000e+01  0.000000e+00
      vertex -4.514853e-01 -4.756050e+01 -4.000000e+00
      vertex -4.514853e-01 -4.756050e+01  0.000000e+00
    endloop
  endfacet
  facet normal  2.588244e-01  9.659244e-01  0.000000e+00
    outer loop
      vertex -4.514853e-01 -4.756050e+01  0.000000e+00
      vertex -4.514853e-01 -4.756050e+01 -4.000000e+00
      vertex -8.892524e-01 -4.744320e+01 -4.000000e+00
    endloop
  endfacet
  facet normal  2.588244e-01  9.659244e-01  -0.000000e+00
    outer loop
      vertex -4.514853e-01 -4.756050e+01  0.000000e+00
      vertex -8.892524e-01 -4.744320e+01 -4.000000e+00
      vertex -8.892524e-01 -4.744320e+01  0.000000e+00
    endloop
  endfacet
  facet normal  4.226135e-01  9.063100e-01  0.000000e+00
    outer loop
      vertex -8.892524e-01 -4.744320e+01  0.000000e+00
      vertex -8.892524e-01 -4.744320e+01 -4.000000e+00
      vertex -1.300000e+00 -4.725167e+01 -4.000000e+00
    endloop
  endfacet
  facet normal  4.226135e-01  9.063100e-01  -0.000000e+00
    outer loop
      vertex -8.892524e-01 -4.744320e+01  0.000000e+00
      vertex -1.300000e+00 -4.725167e+01 -4.000000e+00
      vertex -1.300000e+00 -4.725167e+01  0.000000e+00
    endloop
  endfacet
  facet normal  5.735794e-01  8.191500e-01  0.000000e+00
    outer loop
      vertex -1.300000e+00 -4.725167e+01  0.000000e+00
      vertex -1.300000e+00 -4.725167e+01 -4.000000e+00
      vertex -1.671248e+00 -4.699171e+01 -4.000000e+00
    endloop
  endfacet
  facet normal  5.735794e-01  8.191500e-01  -0.000000e+00
    outer loop
      vertex -1.300000e+00 -4.725167e+01  0.000000e+00
      vertex -1.671248e+00 -4.699171e+01 -4.000000e+00
      vertex -1.671248e+00 -4.699171e+01  0.000000e+00
    endloop
  endfacet
  facet normal  7.071038e-01  7.071096e-01  0.000000e+00
    outer loop
      vertex -1.671248e+00 -4.699171e+01  0.000000e+00
      vertex -1.671248e+00 -4.699171e+01 -4.000000e+00
      vertex -1.991716e+00 -4.667125e+01 -4.000000e+00
    endloop
  endfacet
  facet normal  7.071038e-01  7.071096e-01  -0.000000e+00
    outer loop
      vertex -1.671248e+00 -4.699171e+01  0.000000e+00
      vertex -1.991716e+00 -4.667125e+01 -4.000000e+00
      vertex -1.991716e+00 -4.667125e+01  0.000000e+00
    endloop
  endfacet
  facet normal  8.191537e-01  5.735740e-01  0.000000e+00
    outer loop
      vertex -1.991716e+00 -4.667125e+01  0.000000e+00
      vertex -1.991716e+00 -4.667125e+01 -4.000000e+00
      vertex -2.251666e+00 -4.630000e+01 -4.000000e+00
    endloop
  endfacet
  facet normal  8.191537e-01  5.735740e-01  -0.000000e+00
    outer loop
      vertex -1.991716e+00 -4.667125e+01  0.000000e+00
      vertex -2.251666e+00 -4.630000e+01 -4.000000e+00
      vertex -2.251666e+00 -4.630000e+01  0.000000e+00
    endloop
  endfacet
  facet normal  9.063078e-01  4.226184e-01  0.000000e+00
    outer loop
      vertex -2.251666e+00 -4.630000e+01  0.000000e+00
      vertex -2.251666e+00 -4.630000e+01 -4.000000e+00
      vertex -2.443201e+00 -4.588925e+01 -4.000000e+00
    endloop
  endfacet
  facet normal  9.063078e-01  4.226184e-01  -0.000000e+00
    outer loop
      vertex -2.251666e+00 -4.630000e+01  0.000000e+00
      vertex -2.443201e+00 -4.588925e+01 -4.000000e+00
      vertex -2.443201e+00 -4.588925e+01  0.000000e+00
    endloop
  endfacet
  facet normal  9.659258e-01  2.588190e-01  0.000000e+00
    outer loop
      vertex -2.443201e+00 -4.588925e+01  0.000000e+00
      vertex -2.443201e+00 -4.588925e+01 -4.000000e+00
      vertex -2.560500e+00 -4.545148e+01 -4.000000e+00
    endloop
  endfacet
  facet normal  9.659258e-01  2.588190e-01  -0.000000e+00
    outer loop
      vertex -2.443201e+00 -4.588925e+01  0.000000e+00
      vertex -2.560500e+00 -4.545148e+01 -4.000000e+00
      vertex -2.560500e+00 -4.545148e+01  0.000000e+00
    endloop
  endfacet
  facet normal  9.961947e-01  8.715568e-02  0.000000e+00
    outer loop
      vertex -2.560500e+00 -4.545148e+01  0.000000e+00
      vertex -2.560500e+00 -4.545148e+01 -4.000000e+00
      vertex -2.600000e+00 -4.500000e+01 -4.000000e+00
    endloop
  endfacet
  facet normal  9.961947e-01  8.715568e-02  -0.000000e+00
    outer loop
      vertex -2.560500e+00 -4.545148e+01  0.000000e+00
      vertex -2.600000e+00 -4.500000e+01 -4.000000e+00
      vertex -2.600000e+00 -4.500000e+01  0.000000e+00
    endloop
  endfacet
  facet normal  8.715034e-02 -9.961952e-01  0.000000e+00
    outer loop
      vertex  1.592041e-16 -4.240000e+01 -4.000000e+00
      vertex -4.514853e-01 -4.243950e+01  0.000000e+00
      vertex -4.514853e-01 -4.243950e+01 -4.000000e+00
    endloop
  endfacet
  facet normal  2.588244e-01 -9.659244e-01  0.000000e+00
    outer loop
      vertex -4.514853e-01 -4.243950e+01 -4.000000e+00
      vertex -4.514853e-01 -4.243950e+01  0.000000e+00
      vertex -8.892524e-01 -4.255680e+01  0.000000e+00
    endloop
  endfacet
  facet normal  2.588244e-01 -9.659244e-01  0.000000e+00
    outer loop
      vertex -4.514853e-01 -4.243950e+01 -4.000000e+00
      vertex -8.892524e-01 -4.255680e+01  0.000000e+00
      vertex -8.892524e-01 -4.255680e+01 -4.000000e+00
    endloop
  endfacet
  facet normal  4.226135e-01 -9.063100e-01  0.000000e+00
    outer loop
      vertex -8.892524e-01 -4.255680e+01 -4.000000e+00
      vertex -8.892524e-01 -4.255680e+01  0.000000e+00
      vertex -1.300000e+00 -4.274833e+01  0.000000e+00
    endloop
  endfacet
  facet normal  4.226135e-01 -9.063100e-01  0.000000e+00
    outer loop
      vertex -8.892524e-01 -4.255680e+01 -4.000000e+00
      vertex -1.300000e+00 -4.274833e+01  0.000000e+00
      vertex -1.300000e+00 -4.274833e+01 -4.000000e+00
    endloop
  endfacet
  facet normal  5.735794e-01 -8.191500e-01  0.000000e+00
    outer loop
      vertex -1.300000e+00 -4.274833e+01 -4.000000e+00
      vertex -1.300000e+00 -4.274833e+01  0.000000e+00
      vertex -1.671248e+00 -4.300829e+01  0.000000e+00
    endloop
  endfacet
  facet normal  5.735794e-01 -8.191500e-01  0.000000e+00
    outer loop
      vertex -1.300000e+00 -4.274833e+01 -4.000000e+00
      vertex -1.671248e+00 -4.300829e+01  0.000000e+00
      vertex -1.671248e+00 -4.300829e+01 -4.000000e+00
    endloop
  endfacet
  facet normal  7.071038e-01 -7.071096e-01  0.000000e+00
    outer loop
      vertex -1.671248e+00 -4.300829e+01 -4.000000e+00
      vertex -1.671248e+00 -4.300829e+01  0.000000e+00
      vertex -1.991716e+00 -4.332875e+01  0.000000e+00
    endloop
  endfacet
  facet normal  7.071038e-01 -7.071096e-01  0.000000e+00
    outer loop
      vertex -1.671248e+00 -4.300829e+01 -4.000000e+00
      vertex -1.991716e+00 -4.332875e+01  0.000000e+00
      vertex -1.991716e+00 -4.332875e+01 -4.000000e+00
    endloop
  endfacet
  facet normal  8.191537e-01 -5.735740e-01  0.000000e+00
    outer loop
      vertex -1.991716e+00 -4.332875e+01 -4.000000e+00
      vertex -1.991716e+00 -4.332875e+01  0.000000e+00
      vertex -2.251666e+00 -4.370000e+01  0.000000e+00
    endloop
  endfacet
  facet normal  8.191537e-01 -5.735740e-01  0.000000e+00
    outer loop
      vertex -1.991716e+00 -4.332875e+01 -4.000000e+00
      vertex -2.251666e+00 -4.370000e+01  0.000000e+00
      vertex -2.251666e+00 -4.370000e+01 -4.000000e+00
    endloop
  endfacet
  facet normal  9.063078e-01 -4.226184e-01  0.000000e+00
    outer loop
      vertex -2.251666e+00 -4.370000e+01 -4.000000e+00
      vertex -2.251666e+00 -4.370000e+01  0.000000e+00
      vertex -2.443201e+00 -4.411075e+01  0.000000e+00
    endloop
  endfacet
  facet normal  9.063078e-01 -4.226184e-01  0.000000e+00
    outer loop
      vertex -2.251666e+00 -4.370000e+01 -4.000000e+00
      vertex -2.443201e+00 -4.411075e+01  0.000000e+00
      vertex -2.443201e+00 -4.411075e+01 -4.000000e+00
    endloop
  endfacet
  facet normal  9.659258e-01 -2.588190e-01  0.000000e+00
    outer loop
      vertex -2.443201e+00 -4.411075e+01 -4.000000e+00
      vertex -2.443201e+00 -4.411075e+01  0.000000e+00
      vertex -2.560500e+00 -4.454852e+01  0.000000e+00
    endloop
  endfacet
  facet normal  9.659258e-01 -2.588190e-01  0.000000e+00
    outer loop
      vertex -2.443201e+00 -4.411075e+01 -4.000000e+00
      vertex -2.560500e+00 -4.454852e+01  0.000000e+00
      vertex -2.560500e+00 -4.454852e+01 -4.000000e+00
    endloop
  endfacet
  facet normal  9.961947e-01 -8.715568e-02  0.000000e+00
    outer loop
      vertex -2.560500e+00 -4.454852e+01 -4.000000e+00
      vertex -2.560500e+00 -4.454852e+01  0.000000e+00
      vertex -2.600000e+00 -4.500000e+01  0.000000e+00
    endloop
  endfacet
  facet normal  9.961947e-01 -8.715568e-02  0.000000e+00
    outer loop
      vertex -2.560500e+00 -4.454852e+01 -4.000000e+00
      vertex -2.600000e+00 -4.500000e+01  0.000000e+00
      vertex -2.600000e+00 -4.500000e+01 -4.000000e+00
    endloop
  endfacet
  facet normal  8.715034e-02 -9.961952e-01  0.000000e+00
    outer loop
      vertex -4.514853e-01 -4.243950e+01  0.000000e+00
      vertex  1.592041e-16 -4.240000e+01 -4.000000e+00
      vertex  1.592041e-16 -4.240000e+01  0.000000e+00
    endloop
  endfacet
  facet normal -8.715034e-02 -9.961952e-01  -0.000000e+00
    outer loop
      vertex  1.592041e-16 -4.240000e+01  0.000000e+00
      vertex  1.592041e-16 -4.240000e+01 -4.000000e+00
      vertex  4.514853e-01 -4.243950e+01 -4.000000e+00
    endloop
  endfacet
  facet normal -8.715034e-02 -9.961952e-01  0.000000e+00
    outer loop
      vertex  1.592041e-16 -4.240000e+01  0.000000e+00
      vertex  4.514853e-01 -4.243950e+01 -4.000000e+00
      vertex  4.514853e-01 -4.243950e+01  0.000000e+00
    endloop
  endfacet
  facet normal -2.588244e-01 -9.659244e-01  -0.000000e+00
    outer loop
      vertex  4.514853e-01 -4.243950e+01  0.000000e+00
      vertex  4.514853e-01 -4.243950e+01 -4.000000e+00
      vertex  8.892524e-01 -4.255680e+01 -4.000000e+00
    endloop
  endfacet
  facet normal -2.588244e-01 -9.659244e-01  0.000000e+00
    outer loop
      vertex  4.514853e-01 -4.243950e+01  0.000000e+00
      vertex  8.892524e-01 -4.255680e+01 -4.000000e+00
      vertex  8.892524e-01 -4.255680e+01  0.000000e+00
    endloop
  endfacet
  facet normal -4.226135e-01 -9.063100e-01  -0.000000e+00
    outer loop
      vertex  8.892524e-01 -4.255680e+01  0.000000e+00
      vertex  8.892524e-01 -4.255680e+01 -4.000000e+00
      vertex  1.300000e+00 -4.274833e+01 -4.000000e+00
    endloop
  endfacet
  facet normal -4.226135e-01 -9.063100e-01  0.000000e+00
    outer loop
      vertex  8.892524e-01 -4.255680e+01  0.000000e+00
      vertex  1.300000e+00 -4.274833e+01 -4.000000e+00
      vertex  1.300000e+00 -4.274833e+01  0.000000e+00
    endloop
  endfacet
  facet normal -5.735794e-01 -8.191500e-01  -0.000000e+00
    outer loop
      vertex  1.300000e+00 -4.274833e+01  0.000000e+00
      vertex  1.300000e+00 -4.274833e+01 -4.000000e+00
      vertex  1.671248e+00 -4.300829e+01 -4.000000e+00
    endloop
  endfacet
  facet normal -5.735794e-01 -8.191500e-01  0.000000e+00
    outer loop
      vertex  1.300000e+00 -4.274833e+01  0.000000e+00
      vertex  1.671248e+00 -4.300829e+01 -4.000000e+00
      vertex  1.671248e+00 -4.300829e+01  0.000000e+00
    endloop
  endfacet
  facet normal -7.071038e-01 -7.071096e-01  -0.000000e+00
    outer loop
      vertex  1.671248e+00 -4.300829e+01  0.000000e+00
      vertex  1.671248e+00 -4.300829e+01 -4.000000e+00
      vertex  1.991716e+00 -4.332875e+01 -4.000000e+00
    endloop
  endfacet
  facet normal -7.071038e-01 -7.071096e-01  0.000000e+00
    outer loop
      vertex  1.671248e+00 -4.300829e+01  0.000000e+00
      vertex  1.991716e+00 -4.332875e+01 -4.000000e+00
      vertex  1.991716e+00 -4.332875e+01  0.000000e+00
    endloop
  endfacet
  facet normal -8.191537e-01 -5.735740e-01  -0.000000e+00
    outer loop
      vertex  1.991716e+00 -4.332875e+01  0.000000e+00
      vertex  1.991716e+00 -4.332875e+01 -4.000000e+00
      vertex  2.251666e+00 -4.370000e+01 -4.000000e+00
    endloop
  endfacet
  facet normal -8.191537e-01 -5.735740e-01  0.000000e+00
    outer loop
      vertex  1.991716e+00 -4.332875e+01  0.000000e+00
      vertex  2.251666e+00 -4.370000e+01 -4.000000e+00
      vertex  2.251666e+00 -4.370000e+01  0.000000e+00
    endloop
  endfacet
  facet normal -9.063078e-01 -4.226184e-01  -0.000000e+00
    outer loop
      vertex  2.251666e+00 -4.370000e+01  0.000000e+00
      vertex  2.251666e+00 -4.370000e+01 -4.000000e+00
      vertex  2.443201e+00 -4.411075e+01 -4.000000e+00
    endloop
  endfacet
  facet normal -9.063078e-01 -4.226184e-01  0.000000e+00
    outer loop
      vertex  2.251666e+00 -4.370000e+01  0.000000e+00
      vertex  2.443201e+00 -4.411075e+01 -4.000000e+00
      vertex  2.443201e+00 -4.411075e+01  0.000000e+00
    endloop
  endfacet
  facet normal -9.659258e-01 -2.588190e-01  -0.000000e+00
    outer loop
      vertex  2.443201e+00 -4.411075e+01  0.000000e+00
      vertex  2.443201e+00 -4.411075e+01 -4.000000e+00
      vertex  2.560500e+00 -4.454852e+01 -4.000000e+00
    endloop
  endfacet
  facet normal -9.659258e-01 -2.588190e-01  0.000000e+00
    outer loop
      vertex  2.443201e+00 -4.411075e+01  0.000000e+00
      vertex  2.560500e+00 -4.454852e+01 -4.000000e+00
      vertex  2.560500e+00 -4.454852e+01  0.000000e+00
    endloop
  endfacet
  facet normal -9.961947e-01 -8.715568e-02  -0.000000e+00
    outer loop
      vertex  2.560500e+00 -4.454852e+01  0.000000e+00
      vertex  2.560500e+00 -4.454852e+01 -4.000000e+00
      vertex  2.600000e+00 -4.500000e+01 -4.000000e+00
    endloop
  endfacet
  facet normal -9.961947e-01 -8.715568e-02  0.000000e+00
    outer loop
      vertex  2.560500e+00 -4.454852e+01  0.000000e+00
      vertex  2.600000e+00 -4.500000e+01 -4.000000e+00
      vertex  2.600000e+00 -4.500000e+01  0.000000e+00
    endloop
  endfacet
  facet normal -8.715034e-02  9.961952e-01  0.000000e+00
    outer loop
      vertex -4.776122e-16  4.240000e+01 -4.000000e+00
      vertex  4.514853e-01  4.243950e+01  0.000000e+00
      vertex  4.514853e-01  4.243950e+01 -4.000000e+00
    endloop
  endfacet
  facet normal -2.588244e-01  9.659244e-01  0.000000e+00
    outer loop
      vertex  4.514853e-01  4.243950e+01 -4.000000e+00
      vertex  4.514853e-01  4.243950e+01  0.000000e+00
      vertex  8.892524e-01  4.255680e+01  0.000000e+00
    endloop
  endfacet
  facet normal -2.588244e-01  9.659244e-01  0.000000e+00
    outer loop
      vertex  4.514853e-01  4.243950e+01 -4.000000e+00
      vertex  8.892524e-01  4.255680e+01  0.000000e+00
      vertex  8.892524e-01  4.255680e+01 -4.000000e+00
    endloop
  endfacet
  facet normal -4.226135e-01  9.063100e-01  0.000000e+00
    outer loop
      vertex  8.892524e-01  4.255680e+01 -4.000000e+00
      vertex  8.892524e-01  4.255680e+01  0.000000e+00
      vertex  1.300000e+00  4.274833e+01  0.000000e+00
    endloop
  endfacet
  facet normal -4.226135e-01  9.063100e-01  0.000000e+00
    outer loop
      vertex  8.892524e-01  4.255680e+01 -4.000000e+00
      vertex  1.300000e+00  4.274833e+01  0.000000e+00
      vertex  1.300000e+00  4.274833e+01 -4.000000e+00
    endloop
  endfacet
  facet normal -5.735794e-01  8.191500e-01  0.000000e+00
    outer loop
      vertex  1.300000e+00  4.274833e+01 -4.000000e+00
      vertex  1.300000e+00  4.274833e+01  0.000000e+00
      vertex  1.671248e+00  4.300829e+01  0.000000e+00
    endloop
  endfacet
  facet normal -5.735794e-01  8.191500e-01  0.000000e+00
    outer loop
      vertex  1.300000e+00  4.274833e+01 -4.000000e+00
      vertex  1.671248e+00  4.300829e+01  0.000000e+00
      vertex  1.671248e+00  4.300829e+01 -4.000000e+00
    endloop
  endfacet
  facet normal -7.071038e-01  7.071096e-01  0.000000e+00
    outer loop
      vertex  1.671248e+00  4.300829e+01 -4.000000e+00
      vertex  1.671248e+00  4.300829e+01  0.000000e+00
      vertex  1.991716e+00  4.332875e+01  0.000000e+00
    endloop
  endfacet
  facet normal -7.071038e-01  7.071096e-01  0.000000e+00
    outer loop
      vertex  1.671248e+00  4.300829e+01 -4.000000e+00
      vertex  1.991716e+00  4.332875e+01  0.000000e+00
      vertex  1.991716e+00  4.332875e+01 -4.000000e+00
    endloop
  endfacet
  facet normal -8.191537e-01  5.735740e-01  0.000000e+00
    outer loop
      vertex  1.991716e+00  4.332875e+01 -4.000000e+00
      vertex  1.991716e+00  4.332875e+01  0.000000e+00
      vertex  2.251666e+00  4.370000e+01  0.000000e+00
    endloop
  endfacet
  facet normal -8.191537e-01  5.735740e-01  0.000000e+00
    outer loop
      vertex  1.991716e+00  4.332875e+01 -4.000000e+00
      vertex  2.251666e+00  4.370000e+01  0.000000e+00
      vertex  2.251666e+00  4.370000e+01 -4.000000e+00
    endloop
  endfacet
  facet normal -9.063078e-01  4.226184e-01  0.000000e+00
    outer loop
      vertex  2.251666e+00  4.370000e+01 -4.000000e+00
      vertex  2.251666e+00  4.370000e+01  0.000000e+00
      vertex  2.443201e+00  4.411075e+01  0.000000e+00
    endloop
  endfacet
  facet normal -9.063078e-01  4.226184e-01  0.000000e+00
    outer loop
      vertex  2.251666e+00  4.370000e+01 -4.000000e+00
      vertex  2.443201e+00  4.411075e+01  0.000000e+00
      vertex  2.443201e+00  4.411075e+01 -4.000000e+00
    endloop
  endfacet
  facet normal -9.659258e-01  2.588190e-01  0.000000e+00
    outer loop
      vertex  2.443201e+00  4.411075e+01 -4.000000e+00
      vertex  2.443201e+00  4.411075e+01  0.000000e+00
      vertex  2.560500e+00  4.454852e+01  0.000000e+00
    endloop
  endfacet
  facet normal -9.659258e-01  2.588190e-01  0.000000e+00
    outer loop
      vertex  2.443201e+00  4.411075e+01 -4.000000e+00
      vertex  2.560500e+00  4.454852e+01  0.000000e+00
      vertex  2.560500e+00  4.454852e+01 -4.000000e+00
    endloop
  endfacet
  facet normal -9.961947e-01  8.715568e-02  0.000000e+00
    outer loop
      vertex  2.560500e+00  4.454852e+01 -4.000000e+00
      vertex  2.560500e+00  4.454852e+01  0.000000e+00
      vertex  2.600000e+00  4.500000e+01  0.000000e+00
    endloop
  endfacet
  facet normal -9.961947e-01  8.715568e-02  0.000000e+00
    outer loop
      vertex  2.560500e+00  4.454852e+01 -4.000000e+00
      vertex  2.600000e+00  4.500000e+01  0.000000e+00
      vertex  2.600000e+00  4.500000e+01 -4.000000e+00
    endloop
  endfacet
  facet normal -8.715034e-02  9.961952e-01  0.000000e+00
    outer loop
      vertex  4.514853e-01  4.243950e+01  0.000000e+00
      vertex -4.776122e-16  4.240000e+01 -4.000000e+00
      vertex -4.776122e-16  4.240000e+01  0.000000e+00
    endloop
  endfacet
  facet normal  8.715034e-02  9.961952e-01  0.000000e+00
    outer loop
      vertex -4.776122e-16  4.240000e+01  0.000000e+00
      vertex -4.776122e-16  4.240000e+01 -4.000000e+00
      vertex -4.514853e-01  4.243950e+01 -4.000000e+00
    endloop
  endfacet
  facet normal  8.715034e-02  9.961952e-01  -0.000000e+00
    outer loop
      vertex -4.776122e-16  4.240000e+01  0.000000e+00
      vertex -4.514853e-01  4.243950e+01 -4.000000e+00
      vertex -4.514853e-01  4.243950e+01  0.000000e+00
    endloop
  endfacet
  facet normal  2.588244e-01  9.659244e-01  0.000000e+00
    outer loop
      vertex -4.514853e-01  4.243950e+01  0.000000e+00
      vertex -4.514853e-01  4.243950e+01 -4.000000e+00
      vertex -8.892524e-01  4.255680e+01 -4.000000e+00
    endloop
  endfacet
  facet normal  2.588244e-01  9.659244e-01  -0.000000e+00
    outer loop
      vertex -4.514853e-01  4.243950e+01  0.000000e+00
      vertex -8.892524e-01  4.255680e+01 -4.000000e+00
      vertex -8.892524e-01  4.255680e+01  0.000000e+00
    endloop
  endfacet
  facet normal  4.226135e-01  9.063100e-01  0.000000e+00
    outer loop
      vertex -8.892524e-01  4.255680e+01  0.000000e+00
      vertex -8.892524e-01  4.255680e+01 -4.000000e+00
      vertex -1.300000e+00  4.274833e+01 -4.000000e+00
    endloop
  endfacet
  facet normal  4.226135e-01  9.063100e-01  -0.000000e+00
    outer loop
      vertex -8.892524e-01  4.255680e+01  0.000000e+00
      vertex -1.300000e+00  4.274833e+01 -4.000000e+00
      vertex -1.300000e+00  4.274833e+01  0.000000e+00
    endloop
  endfacet
  facet normal  5.735794e-01  8.191500e-01  0.000000e+00
    outer loop
      vertex -1.300000e+00  4.274833e+01  0.000000e+00
      vertex -1.300000e+00  4.274833e+01 -4.000000e+00
      vertex -1.671248e+00  4.300829e+01 -4.000000e+00
    endloop
  endfacet
  facet normal  5.735794e-01  8.191500e-01  -0.000000e+00
    outer loop
      vertex -1.300000e+00  4.274833e+01  0.000000e+00
      vertex -1.671248e+00  4.300829e+01 -4.000000e+00
      vertex -1.671248e+00  4.300829e+01  0.000000e+00
    endloop
  endfacet
  facet normal  7.071038e-01  7.071096e-01  0.000000e+00
    outer loop
      vertex -1.671248e+00  4.300829e+01  0.000000e+00
      vertex -1.671248e+00  4.300829e+01 -4.000000e+00
      vertex -1.991716e+00  4.332875e+01 -4.000000e+00
    endloop
  endfacet
  facet normal  7.071038e-01  7.071096e-01  -0.000000e+00
    outer loop
      vertex -1.671248e+00  4.300829e+01  0.000000e+00
      vertex -1.991716e+00  4.332875e+01 -4.000000e+00
      vertex -1.991716e+00  4.332875e+01  0.000000e+00
    endloop
  endfacet
  facet normal  8.191537e-01  5.735740e-01  0.000000e+00
    outer loop
      vertex -1.991716e+00  4.332875e+01  0.000000e+00
      vertex -1.991716e+00  4.332875e+01 -4.000000e+00
      vertex -2.251666e+00  4.370000e+01 -4.000000e+00
    endloop
  endfacet
  facet normal  8.191537e-01  5.735740e-01  -0.000000e+00
    outer loop
      vertex -1.991716e+00  4.332875e+01  0.000000e+00
      vertex -2.251666e+00  4.370000e+01 -4.000000e+00
      vertex -2.251666e+00  4.370000e+01  0.000000e+00
    endloop
  endfacet
  facet normal  9.063078e-01  4.226184e-01  0.000000e+00
    outer loop
      vertex -2.251666e+00  4.370000e+01  0.000000e+00
      vertex -2.251666e+00  4.370000e+01 -4.000000e+00
      vertex -2.443201e+00  4.411075e+01 -4.000000e+00
    endloop
  endfacet
  facet normal  9.063078e-01  4.226184e-01  -0.000000e+00
    outer loop
      vertex -2.251666e+00  4.370000e+01  0.000000e+00
      vertex -2.443201e+00  4.411075e+01 -4.000000e+00
      vertex -2.443201e+00  4.411075e+01  0.000000e+00
    endloop
  endfacet
  facet normal  9.659258e-01  2.588190e-01  0.000000e+00
    outer loop
      vertex -2.443201e+00  4.411075e+01  0.000000e+00
      vertex -2.443201e+00  4.411075e+01 -4.000000e+00
      vertex -2.560500e+00  4.454852e+01 -4.000000e+00
    endloop
  endfacet
  facet normal  9.659258e-01  2.588190e-01  -0.000000e+00
    outer loop
      vertex -2.443201e+00  4.411075e+01  0.000000e+00
      vertex -2.560500e+00  4.454852e+01 -4.000000e+00
      vertex -2.560500e+00  4.454852e+01  0.000000e+00
    endloop
  endfacet
  facet normal  9.961947e-01  8.715568e-02  0.000000e+00
    outer loop
      vertex -2.560500e+00  4.454852e+01  0.000000e+00
      vertex -2.560500e+00  4.454852e+01 -4.000000e+00
      vertex -2.600000e+00  4.500000e+01 -4.000000e+00
    endloop
  endfacet
  facet normal  9.961947e-01  8.715568e-02  -0.000000e+00
    outer loop
      vertex -2.560500e+00  4.454852e+01  0.000000e+00
      vertex -2.600000e+00  4.500000e+01 -4.000000e+00
      vertex -2.600000e+00  4.500000e+01  0.000000e+00
    endloop
  endfacet
  facet normal  8.715034e-02 -9.961952e-01  0.000000e+00
    outer loop
      vertex  1.592041e-16  4.760000e+01 -4.000000e+00
      vertex -4.514853e-01  4.756050e+01  0.000000e+00
      vertex -4.514853e-01  4.756050e+01 -4.000000e+00
    endloop
  endfacet
  facet normal  2.588244e-01 -9.659244e-01  0.000000e+00
    outer loop
      vertex -4.514853e-01  4.756050e+01 -4.000000e+00
      vertex -4.514853e-01  4.756050e+01  0.000000e+00
      vertex -8.892524e-01  4.744320e+01  0.000000e+00
    endloop
  endfacet
  facet normal  2.588244e-01 -9.659244e-01  0.000000e+00
    outer loop
      vertex -4.514853e-01  4.756050e+01 -4.000000e+00
      vertex -8.892524e-01  4.744320e+01  0.000000e+00
      vertex -8.892524e-01  4.744320e+01 -4.000000e+00
    endloop
  endfacet
  facet normal  4.226135e-01 -9.063100e-01  0.000000e+00
    outer loop
      vertex -8.892524e-01  4.744320e+01 -4.000000e+00
      vertex -8.892524e-01  4.744320e+01  0.000000e+00
      vertex -1.300000e+00  4.725167e+01  0.000000e+00
    endloop
  endfacet
  facet normal  4.226135e-01 -9.063100e-01  0.000000e+00
    outer loop
      vertex -8.892524e-01  4.744320e+01 -4.000000e+00
      vertex -1.300000e+00  4.725167e+01  0.000000e+00
      vertex -1.300000e+00  4.725167e+01 -4.000000e+00
    endloop
  endfacet
  facet normal  5.735794e-01 -8.191500e-01  0.000000e+00
    outer loop
      vertex -1.300000e+00  4.725167e+01 -4.000000e+00
      vertex -1.300000e+00  4.725167e+01  0.000000e+00
      vertex -1.671248e+00  4.699171e+01  0.000000e+00
    endloop
  endfacet
  facet normal  5.735794e-01 -8.191500e-01  0.000000e+00
    outer loop
      vertex -1.300000e+00  4.725167e+01 -4.000000e+00
      vertex -1.671248e+00  4.699171e+01  0.000000e+00
      vertex -1.671248e+00  4.699171e+01 -4.000000e+00
    endloop
  endfacet
  facet normal  7.071038e-01 -7.071096e-01  0.000000e+00
    outer loop
      vertex -1.671248e+00  4.699171e+01 -4.000000e+00
      vertex -1.671248e+00  4.699171e+01  0.000000e+00
      vertex -1.991716e+00  4.667125e+01  0.000000e+00
    endloop
  endfacet
  facet normal  7.071038e-01 -7.071096e-01  0.000000e+00
    outer loop
      vertex -1.671248e+00  4.699171e+01 -4.000000e+00
      vertex -1.991716e+00  4.667125e+01  0.000000e+00
      vertex -1.991716e+00  4.667125e+01 -4.000000e+00
    endloop
  endfacet
  facet normal  8.191537e-01 -5.735740e-01  0.000000e+00
    outer loop
      vertex -1.991716e+00  4.667125e+01 -4.000000e+00
      vertex -1.991716e+00  4.667125e+01  0.000000e+00
      vertex -2.251666e+00  4.630000e+01  0.000000e+00
    endloop
  endfacet
  facet normal  8.191537e-01 -5.735740e-01  0.000000e+00
    outer loop
      vertex -1.991716e+00  4.667125e+01 -4.000000e+00
      vertex -2.251666e+00  4.630000e+01  0.000000e+00
      vertex -2.251666e+00  4.630000e+01 -4.000000e+00
    endloop
  endfacet
  facet normal  9.063078e-01 -4.226184e-01  0.000000e+00
    outer loop
      vertex -2.251666e+00  4.630000e+01 -4.000000e+00
      vertex -2.251666e+00  4.630000e+01  0.000000e+00
      vertex -2.443201e+00  4.588925e+01  0.000000e+00
    endloop
  endfacet
  facet normal  9.063078e-01 -4.226184e-01  0.000000e+00
    outer loop
      vertex -2.251666e+00  4.630000e+01 -4.000000e+00
      vertex -2.443201e+00  4.588925e+01  0.000000e+00
      vertex -2.443201e+00  4.588925e+01 -4.000000e+00
    endloop
  endfacet
  facet normal  9.659258e-01 -2.588190e-01  0.000000e+00
    outer loop
      vertex -2.443201e+00  4.588925e+01 -4.000000e+00
      vertex -2.443201e+00  4.588925e+01  0.000000e+00
      vertex -2.560500e+00  4.545148e+01  0.000000e+00
    endloop
  endfacet
  facet normal  9.659258e-01 -2.588190e-01  0.000000e+00
    outer loop
      vertex -2.443201e+00  4.588925e+01 -4.000000e+00
      vertex -2.560500e+00  4.545148e+01  0.000000e+00
      vertex -2.560500e+00  4.545148e+01 -4.000000e+00
    endloop
  endfacet
  facet normal  9.961947e-01 -8.715568e-02  0.000000e+00
    outer loop
      vertex -2.560500e+00  4.545148e+01 -4.000000e+00
      vertex -2.560500e+00  4.545148e+01  0.000000e+00
      vertex -2.600000e+00  4.500000e+01  0.000000e+00
    endloop
  endfacet
  facet normal  9.961947e-01 -8.715568e-02  0.000000e+00
    outer loop
      vertex -2.560500e+00  4.545148e+01 -4.000000e+00
      vertex -2.600000e+00  4.500000e+01  0.000000e+00
      vertex -2.600000e+00  4.500000e+01 -4.000000e+00
    endloop
  endfacet
  facet normal  8.715034e-02 -9.961952e-01  0.000000e+00
    outer loop
      vertex -4.514853e-01  4.756050e+01  0.000000e+00
      vertex  1.592041e-16  4.760000e+01 -4.000000e+00
      vertex  1.592041e-16  4.760000e+01  0.000000e+00
    endloop
  endfacet
  facet normal -8.715034e-02 -9.961952e-01  -0.000000e+00
    outer loop
      vertex  1.592041e-16  4.760000e+01  0.000000e+00
      vertex  1.592041e-16  4.760000e+01 -4.000000e+00
      vertex  4.514853e-01  4.756050e+01 -4.000000e+00
    endloop
  endfacet
  facet normal -8.715034e-02 -9.961952e-01  0.000000e+00
    outer loop
      vertex  1.592041e-16  4.760000e+01  0.000000e+00
      vertex  4.514853e-01  4.756050e+01 -4.000000e+00
      vertex  4.514853e-01  4.756050e+01  0.000000e+00
    endloop
  endfacet
  facet normal -2.588244e-01 -9.659244e-01  -0.000000e+00
    outer loop
      vertex  4.514853e-01  4.756050e+01  0.000000e+00
      vertex  4.514853e-01  4.756050e+01 -4.000000e+00
      vertex  8.892524e-01  4.744320e+01 -4.000000e+00
    endloop
  endfacet
  facet normal -2.588244e-01 -9.659244e-01  0.000000e+00
    outer loop
      vertex  4.514853e-01  4.756050e+01  0.000000e+00
      vertex  8.892524e-01  4.744320e+01 -4.000000e+00
      vertex  8.892524e-01  4.744320e+01  0.000000e+00
    endloop
  endfacet
  facet normal -4.226135e-01 -9.063100e-01  -0.000000e+00
    outer loop
      vertex  8.892524e-01  4.744320e+01  0.000000e+00
      vertex  8.892524e-01  4.744320e+01 -4.000000e+00
      vertex  1.300000e+00  4.725167e+01 -4.000000e+00
    endloop
  endfacet
  facet normal -4.226135e-01 -9.063100e-01  0.000000e+00
    outer loop
      vertex  8.892524e-01  4.744320e+01  0.000000e+00
      vertex  1.300000e+00  4.725167e+01 -4.000000e+00
      vertex  1.300000e+00  4.725167e+01  0.000000e+00
    endloop
  endfacet
  facet normal -5.735794e-01 -8.191500e-01  -0.000000e+00
    outer loop
      vertex  1.300000e+00  4.725167e+01  0.000000e+00
      vertex  1.300000e+00  4.725167e+01 -4.000000e+00
      vertex  1.671248e+00  4.699171e+01 -4.000000e+00
    endloop
  endfacet
  facet normal -5.735794e-01 -8.191500e-01  0.000000e+00
    outer loop
      vertex  1.300000e+00  4.725167e+01  0.000000e+00
      vertex  1.671248e+00  4.699171e+01 -4.000000e+00
      vertex  1.671248e+00  4.699171e+01  0.000000e+00
    endloop
  endfacet
  facet normal -7.071038e-01 -7.071096e-01  -0.000000e+00
    outer loop
      vertex  1.671248e+00  4.699171e+01  0.000000e+00
      vertex  1.671248e+00  4.699171e+01 -4.000000e+00
      vertex  1.991716e+00  4.667125e+01 -4.000000e+00
    endloop
  endfacet
  facet normal -7.071038e-01 -7.071096e-01  0.000000e+00
    outer loop
      vertex  1.671248e+00  4.699171e+01  0.000000e+00
      vertex  1.991716e+00  4.667125e+01 -4.000000e+00
      vertex  1.991716e+00  4.667125e+01  0.000000e+00
    endloop
  endfacet
  facet normal -8.191537e-01 -5.735740e-01  -0.000000e+00
    outer loop
      vertex  1.991716e+00  4.667125e+01  0.000000e+00
      vertex  1.991716e+00  4.667125e+01 -4.000000e+00
      vertex  2.251666e+00  4.630000e+01 -4.000000e+00
    endloop
  endfacet
  facet normal -8.191537e-01 -5.735740e-01  0.000000e+00
    outer loop
      vertex  1.991716e+00  4.667125e+01  0.000000e+00
      vertex  2.251666e+00  4.630000e+01 -4.000000e+00
      vertex  2.251666e+00  4.630000e+01  0.000000e+00
    endloop
  endfacet
  facet normal -9.063078e-01 -4.226184e-01  -0.000000e+00
    outer loop
      vertex  2.251666e+00  4.630000e+01  0.000000e+00
      vertex  2.251666e+00  4.630000e+01 -4.000000e+00
      vertex  2.443201e+00  4.588925e+01 -4.000000e+00
    endloop
  endfacet
  facet normal -9.063078e-01 -4.226184e-01  0.000000e+00
    outer loop
      vertex  2.251666e+00  4.630000e+01  0.000000e+00
      vertex  2.443201e+00  4.588925e+01 -4.000000e+00
      vertex  2.443201e+00  4.588925e+01  0.000000e+00
    endloop
  endfacet
  facet normal -9.659258e-01 -2.588190e-01  -0.000000e+00
    outer loop
      vertex  2.443201e+00  4.588925e+01  0.000000e+00
      vertex  2.443201e+00  4.588925e+01 -4.000000e+00
      vertex  2.560500e+00  4.545148e+01 -4.000000e+00
    endloop
  endfacet
  facet normal -9.659258e-01 -2.588190e-01  0.000000e+00
    outer loop
      vertex  2.443201e+00  4.588925e+01  0.000000e+00
      vertex  2.560500e+00  4.545148e+01 -4.000000e+00
      vertex  2.560500e+00  4.545148e+01  0.000000e+00
    endloop
  endfacet
  facet normal -9.961947e-01 -8.715568e-02  -0.000000e+00
    outer loop
      vertex  2.560500e+00  4.545148e+01  0.000000e+00
      vertex  2.560500e+00  4.545148e+01 -4.000000e+00
      vertex  2.600000e+00  4.500000e+01 -4.000000e+00
    endloop
  endfacet
  facet normal -9.961947e-01 -8.715568e-02  0.000000e+00
    outer loop
      vertex  2.560500e+00  4.545148e+01  0.000000e+00
      vertex  2.600000e+00  4.500000e+01 -4.000000e+00
      vertex  2.600000e+00  4.500000e+01  0.000000e+00
    endloop
  endfacet
  facet normal -8.715045e-02  9.961951e-01  0.000000e+00
    outer loop
      vertex -3.200000e+01 -4.760000e+01 -4.000000e+00
      vertex -3.154852e+01 -4.756050e+01  0.000000e+00
      vertex -3.154852e+01 -4.756050e+01 -4.000000e+00
    endloop
  endfacet
  facet normal -2.588244e-01  9.659243e-01  0.000000e+00
    outer loop
      vertex -3.154852e+01 -4.756050e+01 -4.000000e+00
      vertex -3.154852e+01 -4.756050e+01  0.000000e+00
      vertex -3.111075e+01 -4.744320e+01  0.000000e+00
    endloop
  endfacet
  facet normal -2.588244e-01  9.659243e-01  0.000000e+00
    outer loop
      vertex -3.154852e+01 -4.756050e+01 -4.000000e+00
      vertex -3.111075e+01 -4.744320e+01  0.000000e+00
      vertex -3.111075e+01 -4.744320e+01 -4.000000e+00
    endloop
  endfacet
  facet normal -4.226136e-01  9.063100e-01  0.000000e+00
    outer loop
      vertex -3.111075e+01 -4.744320e+01 -4.000000e+00
      vertex -3.111075e+01 -4.744320e+01  0.000000e+00
      vertex -3.070000e+01 -4.725167e+01  0.000000e+00
    endloop
  endfacet
  facet normal -4.226136e-01  9.063100e-01  0.000000e+00
    outer loop
      vertex -3.111075e+01 -4.744320e+01 -4.000000e+00
      vertex -3.070000e+01 -4.725167e+01  0.000000e+00
      vertex -3.070000e+01 -4.725167e+01 -4.000000e+00
    endloop
  endfacet
  facet normal -5.735790e-01  8.191503e-01  0.000000e+00
    outer loop
      vertex -3.070000e+01 -4.725167e+01 -4.000000e+00
      vertex -3.070000e+01 -4.725167e+01  0.000000e+00
      vertex -3.032875e+01 -4.699171e+01  0.000000e+00
    endloop
  endfacet
  facet normal -5.735790e-01  8.191503e-01  0.000000e+00
    outer loop
      vertex -3.070000e+01 -4.725167e+01 -4.000000e+00
      vertex -3.032875e+01 -4.699171e+01  0.000000e+00
      vertex -3.032875e+01 -4.699171e+01 -4.000000e+00
    endloop
  endfacet
  facet normal -7.071025e-01  7.071110e-01  0.000000e+00
    outer loop
      vertex -3.032875e+01 -4.699171e+01 -4.000000e+00
      vertex -3.032875e+01 -4.699171e+01  0.000000e+00
      vertex -3.000828e+01 -4.667125e+01  0.000000e+00
    endloop
  endfacet
  facet normal -7.071025e-01  7.071110e-01  0.000000e+00
    outer loop
      vertex -3.032875e+01 -4.699171e+01 -4.000000e+00
      vertex -3.000828e+01 -4.667125e+01  0.000000e+00
      vertex -3.000828e+01 -4.667125e+01 -4.000000e+00
    endloop
  endfacet
  facet normal -8.191556e-01  5.735714e-01  0.000000e+00
    outer loop
      vertex -3.000828e+01 -4.667125e+01 -4.000000e+00
      vertex -3.000828e+01 -4.667125e+01  0.000000e+00
      vertex -2.974833e+01 -4.630000e+01  0.000000e+00
    endloop
  endfacet
  facet normal -8.191556e-01  5.735714e-01  0.000000e+00
    outer loop
      vertex -3.000828e+01 -4.667125e+01 -4.000000e+00
      vertex -2.974833e+01 -4.630000e+01  0.000000e+00
      vertex -2.974833e+01 -4.630000e+01 -4.000000e+00
    endloop
  endfacet
  facet normal -9.063068e-01  4.226205e-01  0.000000e+00
    outer loop
      vertex -2.974833e+01 -4.630000e+01 -4.000000e+00
      vertex -2.974833e+01 -4.630000e+01  0.000000e+00
      vertex -2.955680e+01 -4.588925e+01  0.000000e+00
    endloop
  endfacet
  facet normal -9.063068e-01  4.226205e-01  0.000000e+00
    outer loop
      vertex -2.974833e+01 -4.630000e+01 -4.000000e+00
      vertex -2.955680e+01 -4.588925e+01  0.000000e+00
      vertex -2.955680e+01 -4.588925e+01 -4.000000e+00
    endloop
  endfacet
  facet normal -9.659255e-01  2.588205e-01  0.000000e+00
    outer loop
      vertex -2.955680e+01 -4.588925e+01 -4.000000e+00
      vertex -2.955680e+01 -4.588925e+01  0.000000e+00
      vertex -2.943950e+01 -4.545148e+01  0.000000e+00
    endloop
  endfacet
  facet normal -9.659255e-01  2.588205e-01  0.000000e+00
    outer loop
      vertex -2.955680e+01 -4.588925e+01 -4.000000e+00
      vertex -2.943950e+01 -4.545148e+01  0.000000e+00
      vertex -2.943950e+01 -4.545148e+01 -4.000000e+00
    endloop
  endfacet
  facet normal -9.961947e-01  8.715463e-02  0.000000e+00
    outer loop
      vertex -2.943950e+01 -4.545148e+01 -4.000000e+00
      vertex -2.943950e+01 -4.545148e+01  0.000000e+00
      vertex -2.940000e+01 -4.500000e+01  0.000000e+00
    endloop
  endfacet
  facet normal -9.961947e-01  8.715463e-02  0.000000e+00
    outer loop
      vertex -2.943950e+01 -4.545148e+01 -4.000000e+00
      vertex -2.940000e+01 -4.500000e+01  0.000000e+00
      vertex -2.940000e+01 -4.500000e+01 -4.000000e+00
    endloop
  endfacet
  facet normal -8.715045e-02  9.961951e-01  0.000000e+00
    outer loop
      vertex -3.154852e+01 -4.756050e+01  0.000000e+00
      vertex -3.200000e+01 -4.760000e+01 -4.000000e+00
      vertex -3.200000e+01 -4.760000e+01  0.000000e+00
    endloop
  endfacet
  facet normal  8.715045e-02  9.961951e-01  0.000000e+00
    outer loop
      vertex -3.200000e+01 -4.760000e+01  0.000000e+00
      vertex -3.200000e+01 -4.760000e+01 -4.000000e+00
      vertex -3.245148e+01 -4.756050e+01 -4.000000e+00
    endloop
  endfacet
  facet normal  8.715045e-02  9.961951e-01  -0.000000e+00
    outer loop
      vertex -3.200000e+01 -4.760000e+01  0.000000e+00
      vertex -3.245148e+01 -4.756050e+01 -4.000000e+00
      vertex -3.245148e+01 -4.756050e+01  0.000000e+00
    endloop
  endfacet
  facet normal  2.588244e-01  9.659243e-01  0.000000e+00
    outer loop
      vertex -3.245148e+01 -4.756050e+01  0.000000e+00
      vertex -3.245148e+01 -4.756050e+01 -4.000000e+00
      vertex -3.288925e+01 -4.744320e+01 -4.000000e+00
    endloop
  endfacet
  facet normal  2.588244e-01  9.659243e-01  -0.000000e+00
    outer loop
      vertex -3.245148e+01 -4.756050e+01  0.000000e+00
      vertex -3.288925e+01 -4.744320e+01 -4.000000e+00
      vertex -3.288925e+01 -4.744320e+01  0.000000e+00
    endloop
  endfacet
  facet normal  4.226136e-01  9.063100e-01  0.000000e+00
    outer loop
      vertex -3.288925e+01 -4.744320e+01  0.000000e+00
      vertex -3.288925e+01 -4.744320e+01 -4.000000e+00
      vertex -3.330000e+01 -4.725167e+01 -4.000000e+00
    endloop
  endfacet
  facet normal  4.226136e-01  9.063100e-01  -0.000000e+00
    outer loop
      vertex -3.288925e+01 -4.744320e+01  0.000000e+00
      vertex -3.330000e+01 -4.725167e+01 -4.000000e+00
      vertex -3.330000e+01 -4.725167e+01  0.000000e+00
    endloop
  endfacet
  facet normal  5.735770e-01  8.191516e-01  0.000000e+00
    outer loop
      vertex -3.330000e+01 -4.725167e+01  0.000000e+00
      vertex -3.330000e+01 -4.725167e+01 -4.000000e+00
      vertex -3.367125e+01 -4.699171e+01 -4.000000e+00
    endloop
  endfacet
  facet normal  5.735770e-01  8.191516e-01  -0.000000e+00
    outer loop
      vertex -3.330000e+01 -4.725167e+01  0.000000e+00
      vertex -3.367125e+01 -4.699171e+01 -4.000000e+00
      vertex -3.367125e+01 -4.699171e+01  0.000000e+00
    endloop
  endfacet
  facet normal  7.071068e-01  7.071068e-01  0.000000e+00
    outer loop
      vertex -3.367125e+01 -4.699171e+01  0.000000e+00
      vertex -3.367125e+01 -4.699171e+01 -4.000000e+00
      vertex -3.399171e+01 -4.667125e+01 -4.000000e+00
    endloop
  endfacet
  facet normal  7.071068e-01  7.071068e-01  -0.000000e+00
    outer loop
      vertex -3.367125e+01 -4.699171e+01  0.000000e+00
      vertex -3.399171e+01 -4.667125e+01 -4.000000e+00
      vertex -3.399171e+01 -4.667125e+01  0.000000e+00
    endloop
  endfacet
  facet normal  8.191516e-01  5.735770e-01  0.000000e+00
    outer loop
      vertex -3.399171e+01 -4.667125e+01  0.000000e+00
      vertex -3.399171e+01 -4.667125e+01 -4.000000e+00
      vertex -3.425167e+01 -4.630000e+01 -4.000000e+00
    endloop
  endfacet
  facet normal  8.191516e-01  5.735770e-01  -0.000000e+00
    outer loop
      vertex -3.399171e+01 -4.667125e+01  0.000000e+00
      vertex -3.425167e+01 -4.630000e+01 -4.000000e+00
      vertex -3.425167e+01 -4.630000e+01  0.000000e+00
    endloop
  endfacet
  facet normal  9.063100e-01  4.226136e-01  0.000000e+00
    outer loop
      vertex -3.425167e+01 -4.630000e+01  0.000000e+00
      vertex -3.425167e+01 -4.630000e+01 -4.000000e+00
      vertex -3.444320e+01 -4.588925e+01 -4.000000e+00
    endloop
  endfacet
  facet normal  9.063100e-01  4.226136e-01  -0.000000e+00
    outer loop
      vertex -3.425167e+01 -4.630000e+01  0.000000e+00
      vertex -3.444320e+01 -4.588925e+01 -4.000000e+00
      vertex -3.444320e+01 -4.588925e+01  0.000000e+00
    endloop
  endfacet
  facet normal  9.659243e-01  2.588244e-01  0.000000e+00
    outer loop
      vertex -3.444320e+01 -4.588925e+01  0.000000e+00
      vertex -3.444320e+01 -4.588925e+01 -4.000000e+00
      vertex -3.456050e+01 -4.545148e+01 -4.000000e+00
    endloop
  endfacet
  facet normal  9.659243e-01  2.588244e-01  -0.000000e+00
    outer loop
      vertex -3.444320e+01 -4.588925e+01  0.000000e+00
      vertex -3.456050e+01 -4.545148e+01 -4.000000e+00
      vertex -3.456050e+01 -4.545148e+01  0.000000e+00
    endloop
  endfacet
  facet normal  9.961951e-01  8.715045e-02  0.000000e+00
    outer loop
      vertex -3.456050e+01 -4.545148e+01  0.000000e+00
      vertex -3.456050e+01 -4.545148e+01 -4.000000e+00
      vertex -3.460000e+01 -4.500000e+01 -4.000000e+00
    endloop
  endfacet
  facet normal  9.961951e-01  8.715045e-02  -0.000000e+00
    outer loop
      vertex -3.456050e+01 -4.545148e+01  0.000000e+00
      vertex -3.460000e+01 -4.500000e+01 -4.000000e+00
      vertex -3.460000e+01 -4.500000e+01  0.000000e+00
    endloop
  endfacet
  facet normal  8.715045e-02 -9.961951e-01  0.000000e+00
    outer loop
      vertex -3.200000e+01 -4.240000e+01 -4.000000e+00
      vertex -3.245148e+01 -4.243950e+01  0.000000e+00
      vertex -3.245148e+01 -4.243950e+01 -4.000000e+00
    endloop
  endfacet
  facet normal  2.588244e-01 -9.659243e-01  0.000000e+00
    outer loop
      vertex -3.245148e+01 -4.243950e+01 -4.000000e+00
      vertex -3.245148e+01 -4.243950e+01  0.000000e+00
      vertex -3.288925e+01 -4.255680e+01  0.000000e+00
    endloop
  endfacet
  facet normal  2.588244e-01 -9.659243e-01  0.000000e+00
    outer loop
      vertex -3.245148e+01 -4.243950e+01 -4.000000e+00
      vertex -3.288925e+01 -4.255680e+01  0.000000e+00
      vertex -3.288925e+01 -4.255680e+01 -4.000000e+00
    endloop
  endfacet
  facet normal  4.226136e-01 -9.063100e-01  0.000000e+00
    outer loop
      vertex -3.288925e+01 -4.255680e+01 -4.000000e+00
      vertex -3.288925e+01 -4.255680e+01  0.000000e+00
      vertex -3.330000e+01 -4.274833e+01  0.000000e+00
    endloop
  endfacet
  facet normal  4.226136e-01 -9.063100e-01  0.000000e+00
    outer loop
      vertex -3.288925e+01 -4.255680e+01 -4.000000e+00
      vertex -3.330000e+01 -4.274833e+01  0.000000e+00
      vertex -3.330000e+01 -4.274833e+01 -4.000000e+00
    endloop
  endfacet
  facet normal  5.735770e-01 -8.191516e-01  0.000000e+00
    outer loop
      vertex -3.330000e+01 -4.274833e+01 -4.000000e+00
      vertex -3.330000e+01 -4.274833e+01  0.000000e+00
      vertex -3.367125e+01 -4.300829e+01  0.000000e+00
    endloop
  endfacet
  facet normal  5.735770e-01 -8.191516e-01  0.000000e+00
    outer loop
      vertex -3.330000e+01 -4.274833e+01 -4.000000e+00
      vertex -3.367125e+01 -4.300829e+01  0.000000e+00
      vertex -3.367125e+01 -4.300829e+01 -4.000000e+00
    endloop
  endfacet
  facet normal  7.071068e-01 -7.071068e-01  0.000000e+00
    outer loop
      vertex -3.367125e+01 -4.300829e+01 -4.000000e+00
      vertex -3.367125e+01 -4.300829e+01  0.000000e+00
      vertex -3.399171e+01 -4.332875e+01  0.000000e+00
    endloop
  endfacet
  facet normal  7.071068e-01 -7.071068e-01  0.000000e+00
    outer loop
      vertex -3.367125e+01 -4.300829e+01 -4.000000e+00
      vertex -3.399171e+01 -4.332875e+01  0.000000e+00
      vertex -3.399171e+01 -4.332875e+01 -4.000000e+00
    endloop
  endfacet
  facet normal  8.191516e-01 -5.735770e-01  0.000000e+00
    outer loop
      vertex -3.399171e+01 -4.332875e+01 -4.000000e+00
      vertex -3.399171e+01 -4.332875e+01  0.000000e+00
      vertex -3.425167e+01 -4.370000e+01  0.000000e+00
    endloop
  endfacet
  facet normal  8.191516e-01 -5.735770e-01  0.000000e+00
    outer loop
      vertex -3.399171e+01 -4.332875e+01 -4.000000e+00
      vertex -3.425167e+01 -4.370000e+01  0.000000e+00
      vertex -3.425167e+01 -4.370000e+01 -4.000000e+00
    endloop
  endfacet
  facet normal  9.063100e-01 -4.226136e-01  0.000000e+00
    outer loop
      vertex -3.425167e+01 -4.370000e+01 -4.000000e+00
      vertex -3.425167e+01 -4.370000e+01  0.000000e+00
      vertex -3.444320e+01 -4.411075e+01  0.000000e+00
    endloop
  endfacet
  facet normal  9.063100e-01 -4.226136e-01  0.000000e+00
    outer loop
      vertex -3.425167e+01 -4.370000e+01 -4.000000e+00
      vertex -3.444320e+01 -4.411075e+01  0.000000e+00
      vertex -3.444320e+01 -4.411075e+01 -4.000000e+00
    endloop
  endfacet
  facet normal  9.659243e-01 -2.588244e-01  0.000000e+00
    outer loop
      vertex -3.444320e+01 -4.411075e+01 -4.000000e+00
      vertex -3.444320e+01 -4.411075e+01  0.000000e+00
      vertex -3.456050e+01 -4.454852e+01  0.000000e+00
    endloop
  endfacet
  facet normal  9.659243e-01 -2.588244e-01  0.000000e+00
    outer loop
      vertex -3.444320e+01 -4.411075e+01 -4.000000e+00
      vertex -3.456050e+01 -4.454852e+01  0.000000e+00
      vertex -3.456050e+01 -4.454852e+01 -4.000000e+00
    endloop
  endfacet
  facet normal  9.961951e-01 -8.715045e-02  0.000000e+00
    outer loop
      vertex -3.456050e+01 -4.454852e+01 -4.000000e+00
      vertex -3.456050e+01 -4.454852e+01  0.000000e+00
      vertex -3.460000e+01 -4.500000e+01  0.000000e+00
    endloop
  endfacet
  facet normal  9.961951e-01 -8.715045e-02  0.000000e+00
    outer loop
      vertex -3.456050e+01 -4.454852e+01 -4.000000e+00
      vertex -3.460000e+01 -4.500000e+01  0.000000e+00
      vertex -3.460000e+01 -4.500000e+01 -4.000000e+00
    endloop
  endfacet
  facet normal  8.715045e-02 -9.961951e-01  0.000000e+00
    outer loop
      vertex -3.245148e+01 -4.243950e+01  0.000000e+00
      vertex -3.200000e+01 -4.240000e+01 -4.000000e+00
      vertex -3.200000e+01 -4.240000e+01  0.000000e+00
    endloop
  endfacet
  facet normal -8.715045e-02 -9.961951e-01  -0.000000e+00
    outer loop
      vertex -3.200000e+01 -4.240000e+01  0.000000e+00
      vertex -3.200000e+01 -4.240000e+01 -4.000000e+00
      vertex -3.154852e+01 -4.243950e+01 -4.000000e+00
    endloop
  endfacet
  facet normal -8.715045e-02 -9.961951e-01  0.000000e+00
    outer loop
      vertex -3.200000e+01 -4.240000e+01  0.000000e+00
      vertex -3.154852e+01 -4.243950e+01 -4.000000e+00
      vertex -3.154852e+01 -4.243950e+01  0.000000e+00
    endloop
  endfacet
  facet normal -2.588244e-01 -9.659243e-01  -0.000000e+00
    outer loop
      vertex -3.154852e+01 -4.243950e+01  0.000000e+00
      vertex -3.154852e+01 -4.243950e+01 -4.000000e+00
      vertex -3.111075e+01 -4.255680e+01 -4.000000e+00
    endloop
  endfacet
  facet normal -2.588244e-01 -9.659243e-01  0.000000e+00
    outer loop
      vertex -3.154852e+01 -4.243950e+01  0.000000e+00
      vertex -3.111075e+01 -4.255680e+01 -4.000000e+00
      vertex -3.111075e+01 -4.255680e+01  0.000000e+00
    endloop
  endfacet
  facet normal -4.226136e-01 -9.063100e-01  -0.000000e+00
    outer loop
      vertex -3.111075e+01 -4.255680e+01  0.000000e+00
      vertex -3.111075e+01 -4.255680e+01 -4.000000e+00
      vertex -3.070000e+01 -4.274833e+01 -4.000000e+00
    endloop
  endfacet
  facet normal -4.226136e-01 -9.063100e-01  0.000000e+00
    outer loop
      vertex -3.111075e+01 -4.255680e+01  0.000000e+00
      vertex -3.070000e+01 -4.274833e+01 -4.000000e+00
      vertex -3.070000e+01 -4.274833e+01  0.000000e+00
    endloop
  endfacet
  facet normal -5.735790e-01 -8.191503e-01  -0.000000e+00
    outer loop
      vertex -3.070000e+01 -4.274833e+01  0.000000e+00
      vertex -3.070000e+01 -4.274833e+01 -4.000000e+00
      vertex -3.032875e+01 -4.300829e+01 -4.000000e+00
    endloop
  endfacet
  facet normal -5.735790e-01 -8.191503e-01  0.000000e+00
    outer loop
      vertex -3.070000e+01 -4.274833e+01  0.000000e+00
      vertex -3.032875e+01 -4.300829e+01 -4.000000e+00
      vertex -3.032875e+01 -4.300829e+01  0.000000e+00
    endloop
  endfacet
  facet normal -7.071025e-01 -7.071110e-01  -0.000000e+00
    outer loop
      vertex -3.032875e+01 -4.300829e+01  0.000000e+00
      vertex -3.032875e+01 -4.300829e+01 -4.000000e+00
      vertex -3.000828e+01 -4.332875e+01 -4.000000e+00
    endloop
  endfacet
  facet normal -7.071025e-01 -7.071110e-01  0.000000e+00
    outer loop
      vertex -3.032875e+01 -4.300829e+01  0.000000e+00
      vertex -3.000828e+01 -4.332875e+01 -4.000000e+00
      vertex -3.000828e+01 -4.332875e+01  0.000000e+00
    endloop
  endfacet
  facet normal -8.191556e-01 -5.735714e-01  -0.000000e+00
    outer loop
      vertex -3.000828e+01 -4.332875e+01  0.000000e+00
      vertex -3.000828e+01 -4.332875e+01 -4.000000e+00
      vertex -2.974833e+01 -4.370000e+01 -4.000000e+00
    endloop
  endfacet
  facet normal -8.191556e-01 -5.735714e-01  0.000000e+00
    outer loop
      vertex -3.000828e+01 -4.332875e+01  0.000000e+00
      vertex -2.974833e+01 -4.370000e+01 -4.000000e+00
      vertex -2.974833e+01 -4.370000e+01  0.000000e+00
    endloop
  endfacet
  facet normal -9.063068e-01 -4.226205e-01  -0.000000e+00
    outer loop
      vertex -2.974833e+01 -4.370000e+01  0.000000e+00
      vertex -2.974833e+01 -4.370000e+01 -4.000000e+00
      vertex -2.955680e+01 -4.411075e+01 -4.000000e+00
    endloop
  endfacet
  facet normal -9.063068e-01 -4.226205e-01  0.000000e+00
    outer loop
      vertex -2.974833e+01 -4.370000e+01  0.000000e+00
      vertex -2.955680e+01 -4.411075e+01 -4.000000e+00
      vertex -2.955680e+01 -4.411075e+01  0.000000e+00
    endloop
  endfacet
  facet normal -9.659255e-01 -2.588205e-01  -0.000000e+00
    outer loop
      vertex -2.955680e+01 -4.411075e+01  0.000000e+00
      vertex -2.955680e+01 -4.411075e+01 -4.000000e+00
      vertex -2.943950e+01 -4.454852e+01 -4.000000e+00
    endloop
  endfacet
  facet normal -9.659255e-01 -2.588205e-01  0.000000e+00
    outer loop
      vertex -2.955680e+01 -4.411075e+01  0.000000e+00
      vertex -2.943950e+01 -4.454852e+01 -4.000000e+00
      vertex -2.943950e+01 -4.454852e+01  0.000000e+00
    endloop
  endfacet
  facet normal -9.961947e-01 -8.715463e-02  -0.000000e+00
    outer loop
      vertex -2.943950e+01 -4.454852e+01  0.000000e+00
      vertex -2.943950e+01 -4.454852e+01 -4.000000e+00
      vertex -2.940000e+01 -4.500000e+01 -4.000000e+00
    endloop
  endfacet
  facet normal -9.961947e-01 -8.715463e-02  0.000000e+00
    outer loop
      vertex -2.943950e+01 -4.454852e+01  0.000000e+00
      vertex -2.940000e+01 -4.500000e+01 -4.000000e+00
      vertex -2.940000e+01 -4.500000e+01  0.000000e+00
    endloop
  endfacet
  facet normal -8.715045e-02  9.961951e-01  0.000000e+00
    outer loop
      vertex -3.200000e+01  4.240000e+01 -4.000000e+00
      vertex -3.154852e+01  4.243950e+01  0.000000e+00
      vertex -3.154852e+01  4.243950e+01 -4.000000e+00
    endloop
  endfacet
  facet normal -2.588244e-01  9.659243e-01  0.000000e+00
    outer loop
      vertex -3.154852e+01  4.243950e+01 -4.000000e+00
      vertex -3.154852e+01  4.243950e+01  0.000000e+00
      vertex -3.111075e+01  4.255680e+01  0.000000e+00
    endloop
  endfacet
  facet normal -2.588244e-01  9.659243e-01  0.000000e+00
    outer loop
      vertex -3.154852e+01  4.243950e+01 -4.000000e+00
      vertex -3.111075e+01  4.255680e+01  0.000000e+00
      vertex -3.111075e+01  4.255680e+01 -4.000000e+00
    endloop
  endfacet
  facet normal -4.226136e-01  9.063100e-01  0.000000e+00
    outer loop
      vertex -3.111075e+01  4.255680e+01 -4.000000e+00
      vertex -3.111075e+01  4.255680e+01  0.000000e+00
      vertex -3.070000e+01  4.274833e+01  0.000000e+00
    endloop
  endfacet
  facet normal -4.226136e-01  9.063100e-01  0.000000e+00
    outer loop
      vertex -3.111075e+01  4.255680e+01 -4.000000e+00
      vertex -3.070000e+01  4.274833e+01  0.000000e+00
      vertex -3.070000e+01  4.274833e+01 -4.000000e+00
    endloop
  endfacet
  facet normal -5.735790e-01  8.191503e-01  0.000000e+00
    outer loop
      vertex -3.070000e+01  4.274833e+01 -4.000000e+00
      vertex -3.070000e+01  4.274833e+01  0.000000e+00
      vertex -3.032875e+01  4.300829e+01  0.000000e+00
    endloop
  endfacet
  facet normal -5.735790e-01  8.191503e-01  0.000000e+00
    outer loop
      vertex -3.070000e+01  4.274833e+01 -4.000000e+00
      vertex -3.032875e+01  4.300829e+01  0.000000e+00
      vertex -3.032875e+01  4.300829e+01 -4.000000e+00
    endloop
  endfacet
  facet normal -7.071025e-01  7.071110e-01  0.000000e+00
    outer loop
      vertex -3.032875e+01  4.300829e+01 -4.000000e+00
      vertex -3.032875e+01  4.300829e+01  0.000000e+00
      vertex -3.000828e+01  4.332875e+01  0.000000e+00
    endloop
  endfacet
  facet normal -7.071025e-01  7.071110e-01  0.000000e+00
    outer loop
      vertex -3.032875e+01  4.300829e+01 -4.000000e+00
      vertex -3.000828e+01  4.332875e+01  0.000000e+00
      vertex -3.000828e+01  4.332875e+01 -4.000000e+00
    endloop
  endfacet
  facet normal -8.191556e-01  5.735714e-01  0.000000e+00
    outer loop
      vertex -3.000828e+01  4.332875e+01 -4.000000e+00
      vertex -3.000828e+01  4.332875e+01  0.000000e+00
      vertex -2.974833e+01  4.370000e+01  0.000000e+00
    endloop
  endfacet
  facet normal -8.191556e-01  5.735714e-01  0.000000e+00
    outer loop
      vertex -3.000828e+01  4.332875e+01 -4.000000e+00
      vertex -2.974833e+01  4.370000e+01  0.000000e+00
      vertex -2.974833e+01  4.370000e+01 -4.000000e+00
    endloop
  endfacet
  facet normal -9.063068e-01  4.226205e-01  0.000000e+00
    outer loop
      vertex -2.974833e+01  4.370000e+01 -4.000000e+00
      vertex -2.974833e+01  4.370000e+01  0.000000e+00
      vertex -2.955680e+01  4.411075e+01  0.000000e+00
    endloop
  endfacet
  facet normal -9.063068e-01  4.226205e-01  0.000000e+00
    outer loop
      vertex -2.974833e+01  4.370000e+01 -4.000000e+00
      vertex -2.955680e+01  4.411075e+01  0.000000e+00
      vertex -2.955680e+01  4.411075e+01 -4.000000e+00
    endloop
  endfacet
  facet normal -9.659255e-01  2.588205e-01  0.000000e+00
    outer loop
      vertex -2.955680e+01  4.411075e+01 -4.000000e+00
      vertex -2.955680e+01  4.411075e+01  0.000000e+00
      vertex -2.943950e+01  4.454852e+01  0.000000e+00
    endloop
  endfacet
  facet normal -9.659255e-01  2.588205e-01  0.000000e+00
    outer loop
      vertex -2.955680e+01  4.411075e+01 -4.000000e+00
      vertex -2.943950e+01  4.454852e+01  0.000000e+00
      vertex -2.943950e+01  4.454852e+01 -4.000000e+00
    endloop
  endfacet
  facet normal -9.961947e-01  8.715463e-02  0.000000e+00
    outer loop
      vertex -2.943950e+01  4.454852e+01 -4.000000e+00
      vertex -2.943950e+01  4.454852e+01  0.000000e+00
      vertex -2.940000e+01  4.500000e+01  0.000000e+00
    endloop
  endfacet
  facet normal -9.961947e-01  8.715463e-02  0.000000e+00
    outer loop
      vertex -2.943950e+01  4.454852e+01 -4.000000e+00
      vertex -2.940000e+01  4.500000e+01  0.000000e+00
      vertex -2.940000e+01  4.500000e+01 -4.000000e+00
    endloop
  endfacet
  facet normal -8.715045e-02  9.961951e-01  0.000000e+00
    outer loop
      vertex -3.154852e+01  4.243950e+01  0.000000e+00
      vertex -3.200000e+01  4.240000e+01 -4.000000e+00
      vertex -3.200000e+01  4.240000e+01  0.000000e+00
    endloop
  endfacet
  facet normal  8.715045e-02  9.961951e-01  0.000000e+00
    outer loop
      vertex -3.200000e+01  4.240000e+01  0.000000e+00
      vertex -3.200000e+01  4.240000e+01 -4.000000e+00
      vertex -3.245148e+01  4.243950e+01 -4.000000e+00
    endloop
  endfacet
  facet normal  8.715045e-02  9.961951e-01  -0.000000e+00
    outer loop
      vertex -3.200000e+01  4.240000e+01  0.000000e+00
      vertex -3.245148e+01  4.243950e+01 -4.000000e+00
      vertex -3.245148e+01  4.243950e+01  0.000000e+00
    endloop
  endfacet
  facet normal  2.588244e-01  9.659243e-01  0.000000e+00
    outer loop
      vertex -3.245148e+01  4.243950e+01  0.000000e+00
      vertex -3.245148e+01  4.243950e+01 -4.000000e+00
      vertex -3.288925e+01  4.255680e+01 -4.000000e+00
    endloop
  endfacet
  facet normal  2.588244e-01  9.659243e-01  -0.000000e+00
    outer loop
      vertex -3.245148e+01  4.243950e+01  0.000000e+00
      vertex -3.288925e+01  4.255680e+01 -4.000000e+00
      vertex -3.288925e+01  4.255680e+01  0.000000e+00
    endloop
  endfacet
  facet normal  4.226136e-01  9.063100e-01  0.000000e+00
    outer loop
      vertex -3.288925e+01  4.255680e+01  0.000000e+00
      vertex -3.288925e+01  4.255680e+01 -4.000000e+00
      vertex -3.330000e+01  4.274833e+01 -4.000000e+00
    endloop
  endfacet
  facet normal  4.226136e-01  9.063100e-01  -0.000000e+00
    outer loop
      vertex -3.288925e+01  4.255680e+01  0.000000e+00
      vertex -3.330000e+01  4.274833e+01 -4.000000e+00
      vertex -3.330000e+01  4.274833e+01  0.000000e+00
    endloop
  endfacet
  facet normal  5.735770e-01  8.191516e-01  0.000000e+00
    outer loop
      vertex -3.330000e+01  4.274833e+01  0.000000e+00
      vertex -3.330000e+01  4.274833e+01 -4.000000e+00
      vertex -3.367125e+01  4.300829e+01 -4.000000e+00
    endloop
  endfacet
  facet normal  5.735770e-01  8.191516e-01  -0.000000e+00
    outer loop
      vertex -3.330000e+01  4.274833e+01  0.000000e+00
      vertex -3.367125e+01  4.300829e+01 -4.000000e+00
      vertex -3.367125e+01  4.300829e+01  0.000000e+00
    endloop
  endfacet
  facet normal  7.071068e-01  7.071068e-01  0.000000e+00
    outer loop
      vertex -3.367125e+01  4.300829e+01  0.000000e+00
      vertex -3.367125e+01  4.300829e+01 -4.000000e+00
      vertex -3.399171e+01  4.332875e+01 -4.000000e+00
    endloop
  endfacet
  facet normal  7.071068e-01  7.071068e-01  -0.000000e+00
    outer loop
      vertex -3.367125e+01  4.300829e+01  0.000000e+00
      vertex -3.399171e+01  4.332875e+01 -4.000000e+00
      vertex -3.399171e+01  4.332875e+01  0.000000e+00
    endloop
  endfacet
  facet normal  8.191516e-01  5.735770e-01  0.000000e+00
    outer loop
      vertex -3.399171e+01  4.332875e+01  0.000000e+00
      vertex -3.399171e+01  4.332875e+01 -4.000000e+00
      vertex -3.425167e+01  4.370000e+01 -4.000000e+00
    endloop
  endfacet
  facet normal  8.191516e-01  5.735770e-01  -0.000000e+00
    outer loop
      vertex -3.399171e+01  4.332875e+01  0.000000e+00
      vertex -3.425167e+01  4.370000e+01 -4.000000e+00
      vertex -3.425167e+01  4.370000e+01  0.000000e+00
    endloop
  endfacet
  facet normal  9.063100e-01  4.226136e-01  0.000000e+00
    outer loop
      vertex -3.425167e+01  4.370000e+01  0.000000e+00
      vertex -3.425167e+01  4.370000e+01 -4.000000e+00
      vertex -3.444320e+01  4.411075e+01 -4.000000e+00
    endloop
  endfacet
  facet normal  9.063100e-01  4.226136e-01  -0.000000e+00
    outer loop
      vertex -3.425167e+01  4.370000e+01  0.000000e+00
      vertex -3.444320e+01  4.411075e+01 -4.000000e+00
      vertex -3.444320e+01  4.411075e+01  0.000000e+00
    endloop
  endfacet
  facet normal  9.659243e-01  2.588244e-01  0.000000e+00
    outer loop
      vertex -3.444320e+01  4.411075e+01  0.000000e+00
      vertex -3.444320e+01  4.411075e+01 -4.000000e+00
      vertex -3.456050e+01  4.454852e+01 -4.000000e+00
    endloop
  endfacet
  facet normal  9.659243e-01  2.588244e-01  -0.000000e+00
    outer loop
      vertex -3.444320e+01  4.411075e+01  0.000000e+00
      vertex -3.456050e+01  4.454852e+01 -4.000000e+00
      vertex -3.456050e+01  4.454852e+01  0.000000e+00
    endloop
  endfacet
  facet normal  9.961951e-01  8.715045e-02  0.000000e+00
    outer loop
      vertex -3.456050e+01  4.454852e+01  0.000000e+00
      vertex -3.456050e+01  4.454852e+01 -4.000000e+00
      vertex -3.460000e+01  4.500000e+01 -4.000000e+00
    endloop
  endfacet
  facet normal  9.961951e-01  8.715045e-02  -0.000000e+00
    outer loop
      vertex -3.456050e+01  4.454852e+01  0.000000e+00
      vertex -3.460000e+01  4.500000e+01 -4.000000e+00
      vertex -3.460000e+01  4.500000e+01  0.000000e+00
    endloop
  endfacet
  facet normal  8.715045e-02 -9.961951e-01  0.000000e+00
    outer loop
      vertex -3.200000e+01  4.760000e+01 -4.000000e+00
      vertex -3.245148e+01  4.756050e+01  0.000000e+00
      vertex -3.245148e+01  4.756050e+01 -4.000000e+00
    endloop
  endfacet
  facet normal  2.588244e-01 -9.659243e-01  0.000000e+00
    outer loop
      vertex -3.245148e+01  4.756050e+01 -4.000000e+00
      vertex -3.245148e+01  4.756050e+01  0.000000e+00
      vertex -3.288925e+01  4.744320e+01  0.000000e+00
    endloop
  endfacet
  facet normal  2.588244e-01 -9.659243e-01  0.000000e+00
    outer loop
      vertex -3.245148e+01  4.756050e+01 -4.000000e+00
      vertex -3.288925e+01  4.744320e+01  0.000000e+00
      vertex -3.288925e+01  4.744320e+01 -4.000000e+00
    endloop
  endfacet
  facet normal  4.226136e-01 -9.063100e-01  0.000000e+00
    outer loop
      vertex -3.288925e+01  4.744320e+01 -4.000000e+00
      vertex -3.288925e+01  4.744320e+01  0.000000e+00
      vertex -3.330000e+01  4.725167e+01  0.000000e+00
    endloop
  endfacet
  facet normal  4.226136e-01 -9.063100e-01  0.000000e+00
    outer loop
      vertex -3.288925e+01  4.744320e+01 -4.000000e+00
      vertex -3.330000e+01  4.725167e+01  0.000000e+00
      vertex -3.330000e+01  4.725167e+01 -4.000000e+00
    endloop
  endfacet
  facet normal  5.735770e-01 -8.191516e-01  0.000000e+00
    outer loop
      vertex -3.330000e+01  4.725167e+01 -4.000000e+00
      vertex -3.330000e+01  4.725167e+01  0.000000e+00
      vertex -3.367125e+01  4.699171e+01  0.000000e+00
    endloop
  endfacet
  facet normal  5.735770e-01 -8.191516e-01  0.000000e+00
    outer loop
      vertex -3.330000e+01  4.725167e+01 -4.000000e+00
      vertex -3.367125e+01  4.699171e+01  0.000000e+00
      vertex -3.367125e+01  4.699171e+01 -4.000000e+00
    endloop
  endfacet
  facet normal  7.071068e-01 -7.071068e-01  0.000000e+00
    outer loop
      vertex -3.367125e+01  4.699171e+01 -4.000000e+00
      vertex -3.367125e+01  4.699171e+01  0.000000e+00
      vertex -3.399171e+01  4.667125e+01  0.000000e+00
    endloop
  endfacet
  facet normal  7.071068e-01 -7.071068e-01  0.000000e+00
    outer loop
      vertex -3.367125e+01  4.699171e+01 -4.000000e+00
      vertex -3.399171e+01  4.667125e+01  0.000000e+00
      vertex -3.399171e+01  4.667125e+01 -4.000000e+00
    endloop
  endfacet
  facet normal  8.191516e-01 -5.735770e-01  0.000000e+00
    outer loop
      vertex -3.399171e+01  4.667125e+01 -4.000000e+00
      vertex -3.399171e+01  4.667125e+01  0.000000e+00
      vertex -3.425167e+01  4.630000e+01  0.000000e+00
    endloop
  endfacet
  facet normal  8.191516e-01 -5.735770e-01  0.000000e+00
    outer loop
      vertex -3.399171e+01  4.667125e+01 -4.000000e+00
      vertex -3.425167e+01  4.630000e+01  0.000000e+00
      vertex -3.425167e+01  4.630000e+01 -4.000000e+00
    endloop
  endfacet
  facet normal  9.063100e-01 -4.226136e-01  0.000000e+00
    outer loop
      vertex -3.425167e+01  4.630000e+01 -4.000000e+00
      vertex -3.425167e+01  4.630000e+01  0.000000e+00
      vertex -3.444320e+01  4.588925e+01  0.000000e+00
    endloop
  endfacet
  facet normal  9.063100e-01 -4.226136e-01  0.000000e+00
    outer loop
      vertex -3.425167e+01  4.630000e+01 -4.000000e+00
      vertex -3.444320e+01  4.588925e+01  0.000000e+00
      vertex -3.444320e+01  4.588925e+01 -4.000000e+00
    endloop
  endfacet
  facet normal  9.659243e-01 -2.588244e-01  0.000000e+00
    outer loop
      vertex -3.444320e+01  4.588925e+01 -4.000000e+00
      vertex -3.444320e+01  4.588925e+01  0.000000e+00
      vertex -3.456050e+01  4.545148e+01  0.000000e+00
    endloop
  endfacet
  facet normal  9.659243e-01 -2.588244e-01  0.000000e+00
    outer loop
      vertex -3.444320e+01  4.588925e+01 -4.000000e+00
      vertex -3.456050e+01  4.545148e+01  0.000000e+00
      vertex -3.456050e+01  4.545148e+01 -4.000000e+00
    endloop
  endfacet
  facet normal  9.961951e-01 -8.715045e-02  0.000000e+00
    outer loop
      vertex -3.456050e+01  4.545148e+01 -4.000000e+00
      vertex -3.456050e+01  4.545148e+01  0.000000e+00
      vertex -3.460000e+01  4.500000e+01  0.000000e+00
    endloop
  endfacet
  facet normal  9.961951e-01 -8.715045e-02  0.000000e+00
    outer loop
      vertex -3.456050e+01  4.545148e+01 -4.000000e+00
      vertex -3.460000e+01  4.500000e+01  0.000000e+00
      vertex -3.460000e+01  4.500000e+01 -4.000000e+00
    endloop
  endfacet
  facet normal  8.715045e-02 -9.961951e-01  0.000000e+00
    outer loop
      vertex -3.245148e+01  4.756050e+01  0.000000e+00
      vertex -3.200000e+01  4.760000e+01 -4.000000e+00
      vertex -3.200000e+01  4.760000e+01  0.000000e+00
    endloop
  endfacet
  facet normal -8.715045e-02 -9.961951e-01  -0.000000e+00
    outer loop
      vertex -3.200000e+01  4.760000e+01  0.000000e+00
      vertex -3.200000e+01  4.760000e+01 -4.000000e+00
      vertex -3.154852e+01  4.756050e+01 -4.000000e+00
    endloop
  endfacet
  facet normal -8.715045e-02 -9.961951e-01  0.000000e+00
    outer loop
      vertex -3.200000e+01  4.760000e+01  0.000000e+00
      vertex -3.154852e+01  4.756050e+01 -4.000000e+00
      vertex -3.154852e+01  4.756050e+01  0.000000e+00
    endloop
  endfacet
  facet normal -2.588244e-01 -9.659243e-01  -0.000000e+00
    outer loop
      vertex -3.154852e+01  4.756050e+01  0.000000e+00
      vertex -3.154852e+01  4.756050e+01 -4.000000e+00
      vertex -3.111075e+01  4.744320e+01 -4.000000e+00
    endloop
  endfacet
  facet normal -2.588244e-01 -9.659243e-01  0.000000e+00
    outer loop
      vertex -3.154852e+01  4.756050e+01  0.000000e+00
      vertex -3.111075e+01  4.744320e+01 -4.000000e+00
      vertex -3.111075e+01  4.744320e+01  0.000000e+00
    endloop
  endfacet
  facet normal -4.226136e-01 -9.063100e-01  -0.000000e+00
    outer loop
      vertex -3.111075e+01  4.744320e+01  0.000000e+00
      vertex -3.111075e+01  4.744320e+01 -4.000000e+00
      vertex -3.070000e+01  4.725167e+01 -4.000000e+00
    endloop
  endfacet
  facet normal -4.226136e-01 -9.063100e-01  0.000000e+00
    outer loop
      vertex -3.111075e+01  4.744320e+01  0.000000e+00
      vertex -3.070000e+01  4.725167e+01 -4.000000e+00
      vertex -3.070000e+01  4.725167e+01  0.000000e+00
    endloop
  endfacet
  facet normal -5.735790e-01 -8.191503e-01  -0.000000e+00
    outer loop
      vertex -3.070000e+01  4.725167e+01  0.000000e+00
      vertex -3.070000e+01  4.725167e+01 -4.000000e+00
      vertex -3.032875e+01  4.699171e+01 -4.000000e+00
    endloop
  endfacet
  facet normal -5.735790e-01 -8.191503e-01  0.000000e+00
    outer loop
      vertex -3.070000e+01  4.725167e+01  0.000000e+00
      vertex -3.032875e+01  4.699171e+01 -4.000000e+00
      vertex -3.032875e+01  4.699171e+01  0.000000e+00
    endloop
  endfacet
  facet normal -7.071025e-01 -7.071110e-01  -0.000000e+00
    outer loop
      vertex -3.032875e+01  4.699171e+01  0.000000e+00
      vertex -3.032875e+01  4.699171e+01 -4.000000e+00
      vertex -3.000828e+01  4.667125e+01 -4.000000e+00
    endloop
  endfacet
  facet normal -7.071025e-01 -7.071110e-01  0.000000e+00
    outer loop
      vertex -3.032875e+01  4.699171e+01  0.000000e+00
      vertex -3.000828e+01  4.667125e+01 -4.000000e+00
      vertex -3.000828e+01  4.667125e+01  0.000000e+00
    endloop
  endfacet
  facet normal -8.191556e-01 -5.735714e-01  -0.000000e+00
    outer loop
      vertex -3.000828e+01  4.667125e+01  0.000000e+00
      vertex -3.000828e+01  4.667125e+01 -4.000000e+00
      vertex -2.974833e+01  4.630000e+01 -4.000000e+00
    endloop
  endfacet
  facet normal -8.191556e-01 -5.735714e-01  0.000000e+00
    outer loop
      vertex -3.000828e+01  4.667125e+01  0.000000e+00
      vertex -2.974833e+01  4.630000e+01 -4.000000e+00
      vertex -2.974833e+01  4.630000e+01  0.000000e+00
    endloop
  endfacet
  facet normal -9.063068e-01 -4.226205e-01  -0.000000e+00
    outer loop
      vertex -2.974833e+01  4.630000e+01  0.000000e+00
      vertex -2.974833e+01  4.630000e+01 -4.000000e+00
      vertex -2.955680e+01  4.588925e+01 -4.000000e+00
    endloop
  endfacet
  facet normal -9.063068e-01 -4.226205e-01  0.000000e+00
    outer loop
      vertex -2.974833e+01  4.630000e+01  0.000000e+00
      vertex -2.955680e+01  4.588925e+01 -4.000000e+00
      vertex -2.955680e+01  4.588925e+01  0.000000e+00
    endloop
  endfacet
  facet normal -9.659255e-01 -2.588205e-01  -0.000000e+00
    outer loop
      vertex -2.955680e+01  4.588925e+01  0.000000e+00
      vertex -2.955680e+01  4.588925e+01 -4.000000e+00
      vertex -2.943950e+01  4.545148e+01 -4.000000e+00
    endloop
  endfacet
  facet normal -9.659255e-01 -2.588205e-01  0.000000e+00
    outer loop
      vertex -2.955680e+01  4.588925e+01  0.000000e+00
      vertex -2.943950e+01  4.545148e+01 -4.000000e+00
      vertex -2.943950e+01  4.545148e+01  0.000000e+00
    endloop
  endfacet
  facet normal -9.961947e-01 -8.715463e-02  -0.000000e+00
    outer loop
      vertex -2.943950e+01  4.545148e+01  0.000000e+00
      vertex -2.943950e+01  4.545148e+01 -4.000000e+00
      vertex -2.940000e+01  4.500000e+01 -4.000000e+00
    endloop
  endfacet
  facet normal -9.961947e-01 -8.715463e-02  0.000000e+00
    outer loop
      vertex -2.943950e+01  4.545148e+01  0.000000e+00
      vertex -2.940000e+01  4.500000e+01 -4.000000e+00
      vertex -2.940000e+01  4.500000e+01  0.000000e+00
    endloop
  endfacet
  facet normal  0.000000e+00  -0.000000e+00  1.000000e+00
    outer loop
      vertex -6.107107e+01  5.107107e+01  0.000000e+00
      vertex -5.459220e+01  5.108656e+01  0.000000e+00
      vertex -5.370820e+01  5.141268e+01  0.000000e+00
    endloop
  endfacet
  facet normal  0.000000e+00  -0.000000e+00  1.000000e+00
    outer loop
      vertex  5.000000e+01  5.200000e+01  0.000000e+00
      vertex  5.094151e+01  5.196301e+01  0.000000e+00
      vertex  5.973576e+01  5.219152e+01  0.000000e+00
    endloop
  endfacet
  facet normal  0.000000e+00  0.000000e+00  1.000000e+00
    outer loop
      vertex  5.000000e+01  5.200000e+01  0.000000e+00
      vertex  5.973576e+01  5.219152e+01  0.000000e+00
      vertex  5.900000e+01  5.266026e+01  0.000000e+00
    endloop
  endfacet
  facet normal  0.000000e+00  0.000000e+00  1.000000e+00
    outer loop
      vertex  5.000000e+01  5.200000e+01  0.000000e+00
      vertex  5.900000e+01  5.266026e+01  0.000000e+00
      vertex  5.822618e+01  5.306308e+01  0.000000e+00
    endloop
  endfacet
  facet normal  0.000000e+00  0.000000e+00  1.000000e+00
    outer loop
      vertex  5.000000e+01  5.200000e+01  0.000000e+00
      vertex  5.822618e+01  5.306308e+01  0.000000e+00
      vertex  5.742020e+01  5.339693e+01  0.000000e+00
    endloop
  endfacet
  facet normal  0.000000e+00  0.000000e+00  1.000000e+00
    outer loop
      vertex  5.000000e+01  5.200000e+01  0.000000e+00
      vertex  5.742020e+01  5.339693e+01  0.000000e+00
      vertex  5.658819e+01  5.365926e+01  0.000000e+00
    endloop
  endfacet
  facet normal  0.000000e+00  0.000000e+00  1.000000e+00
    outer loop
      vertex  5.000000e+01  5.200000e+01  0.000000e+00
      vertex  5.658819e+01  5.365926e+01  0.000000e+00
      vertex  5.573648e+01  5.384808e+01  0.000000e+00
    endloop
  endfacet
  facet normal  0.000000e+00  0.000000e+00  1.000000e+00
    outer loop
      vertex  5.000000e+01  5.200000e+01  0.000000e+00
      vertex  5.573648e+01  5.384808e+01  0.000000e+00
      vertex  5.487156e+01  5.396195e+01  0.000000e+00
    endloop
  endfacet
  facet normal  0.000000e+00  0.000000e+00  9.999999e-01
    outer loop
      vertex  5.000000e+01  5.200000e+01  0.000000e+00
      vertex  5.487156e+01  5.396195e+01  0.000000e+00
      vertex  5.400000e+01  5.400000e+01  0.000000e+00
    endloop
  endfacet
  facet normal  0.000000e+00  0.000000e+00  1.000000e+00
    outer loop
      vertex  5.000000e+01  5.200000e+01  0.000000e+00
      vertex  5.400000e+01  5.400000e+01  0.000000e+00
      vertex -5.400000e+01  5.400000e+01  0.000000e+00
    endloop
  endfacet
  facet normal  0.000000e+00  0.000000e+00  1.000000e+00
    outer loop
      vertex  5.000000e+01  5.200000e+01  0.000000e+00
      vertex -5.400000e+01  5.400000e+01  0.000000e+00
      vertex -5.000000e+01  5.200000e+01  0.000000e+00
    endloop
  endfacet
  facet normal  -0.000000e+00  -0.000000e+00  1.000000e+00
    outer loop
      vertex -5.973576e+01 -5.219152e+01  0.000000e+00
      vertex -5.900000e+01 -5.266026e+01  0.000000e+00
      vertex -5.822618e+01 -5.306308e+01  0.000000e+00
    endloop
  endfacet
  facet normal  -0.000000e+00  -0.000000e+00  1.000000e+00
    outer loop
      vertex -5.973576e+01 -5.219152e+01  0.000000e+00
      vertex -5.822618e+01 -5.306308e+01  0.000000e+00
      vertex -5.742020e+01 -5.339693e+01  0.000000e+00
    endloop
  endfacet
  facet normal  -0.000000e+00  -0.000000e+00  1.000000e+00
    outer loop
      vertex -5.973576e+01 -5.219152e+01  0.000000e+00
      vertex -5.742020e+01 -5.339693e+01  0.000000e+00
      vertex -5.658819e+01 -5.365926e+01  0.000000e+00
    endloop
  endfacet
  facet normal  -0.000000e+00  -0.000000e+00  1.000000e+00
    outer loop
      vertex -5.973576e+01 -5.219152e+01  0.000000e+00
      vertex -5.658819e+01 -5.365926e+01  0.000000e+00
      vertex -5.573648e+01 -5.384808e+01  0.000000e+00
    endloop
  endfacet
  facet normal  -0.000000e+00  -0.000000e+00  1.000000e+00
    outer loop
      vertex -5.973576e+01 -5.219152e+01  0.000000e+00
      vertex -5.573648e+01 -5.384808e+01  0.000000e+00
      vertex -5.487156e+01 -5.396195e+01  0.000000e+00
    endloop
  endfacet
  facet normal  -0.000000e+00  -0.000000e+00  9.999999e-01
    outer loop
      vertex -5.973576e+01 -5.219152e+01  0.000000e+00
      vertex -5.487156e+01 -5.396195e+01  0.000000e+00
      vertex -5.400000e+01 -5.400000e+01  0.000000e+00
    endloop
  endfacet
  facet normal  0.000000e+00  -0.000000e+00  1.000000e+00
    outer loop
      vertex -5.973576e+01 -5.219152e+01  0.000000e+00
      vertex -5.400000e+01 -5.400000e+01  0.000000e+00
      vertex -5.000000e+01 -5.200000e+01  0.000000e+00
    endloop
  endfacet
  facet normal  0.000000e+00  0.000000e+00  1.000000e+00
    outer loop
      vertex -5.973576e+01 -5.219152e+01  0.000000e+00
      vertex -5.000000e+01 -5.200000e+01  0.000000e+00
      vertex -5.094151e+01 -5.196301e+01  0.000000e+00
    endloop
  endfacet
  facet normal  0.000000e+00  0.000000e+00  1.000000e+00
    outer loop
      vertex -5.973576e+01 -5.219152e+01  0.000000e+00
      vertex -5.094151e+01 -5.196301e+01  0.000000e+00
      vertex -5.187721e+01 -5.185226e+01  0.000000e+00
    endloop
  endfacet
  facet normal  0.000000e+00  0.000000e+00  1.000000e+00
    outer loop
      vertex -5.973576e+01 -5.219152e+01  0.000000e+00
      vertex -5.187721e+01 -5.185226e+01  0.000000e+00
      vertex -5.280135e+01 -5.166844e+01  0.000000e+00
    endloop
  endfacet
  facet normal  0.000000e+00  0.000000e+00  1.000000e+00
    outer loop
      vertex -5.973576e+01 -5.219152e+01  0.000000e+00
      vertex -5.280135e+01 -5.166844e+01  0.000000e+00
      vertex -6.042788e+01 -5.166045e+01  0.000000e+00
    endloop
  endfacet
  facet normal  -0.000000e+00  0.000000e+00  1.000000e+00
    outer loop
      vertex  5.000000e+01 -5.200000e+01  0.000000e+00
      vertex -5.000000e+01 -5.200000e+01  0.000000e+00
      vertex -5.400000e+01 -5.400000e+01  0.000000e+00
    endloop
  endfacet
  facet normal  0.000000e+00  0.000000e+00  1.000000e+00
    outer loop
      vertex  5.000000e+01 -5.200000e+01  0.000000e+00
      vertex -5.400000e+01 -5.400000e+01  0.000000e+00
      vertex  5.400000e+01 -5.400000e+01  0.000000e+00
    endloop
  endfacet
  facet normal  0.000000e+00  -0.000000e+00  9.999999e-01
    outer loop
      vertex  5.000000e+01 -5.200000e+01  0.000000e+00
      vertex  5.400000e+01 -5.400000e+01  0.000000e+00
      vertex  5.487156e+01 -5.396195e+01  0.000000e+00
    endloop
  endfacet
  facet normal  0.000000e+00  -0.000000e+00  1.000000e+00
    outer loop
      vertex  5.000000e+01 -5.200000e+01  0.000000e+00
      vertex  5.487156e+01 -5.396195e+01  0.000000e+00
      vertex  5.573648e+01 -5.384808e+01  0.000000e+00
    endloop
  endfacet
  facet normal  0.000000e+00  -0.000000e+00  1.000000e+00
    outer loop
      vertex  5.000000e+01 -5.200000e+01  0.000000e+00
      vertex  5.573648e+01 -5.384808e+01  0.000000e+00
      vertex  5.658819e+01 -5.365926e+01  0.000000e+00
    endloop
  endfacet
  facet normal  0.000000e+00  -0.000000e+00  1.000000e+00
    outer loop
      vertex  5.000000e+01 -5.200000e+01  0.000000e+00
      vertex  5.658819e+01 -5.365926e+01  0.000000e+00
      vertex  5.742020e+01 -5.339693e+01  0.000000e+00
    endloop
  endfacet
  facet normal  0.000000e+00  -0.000000e+00  1.000000e+00
    outer loop
      vertex  5.000000e+01 -5.200000e+01  0.000000e+00
      vertex  5.742020e+01 -5.339693e+01  0.000000e+00
      vertex  5.822618e+01 -5.306308e+01  0.000000e+00
    endloop
  endfacet
  facet normal  0.000000e+00  -0.000000e+00  1.000000e+00
    outer loop
      vertex  5.000000e+01 -5.200000e+01  0.000000e+00
      vertex  5.822618e+01 -5.306308e+01  0.000000e+00
      vertex  5.900000e+01 -5.266026e+01  0.000000e+00
    endloop
  endfacet
  facet normal  0.000000e+00  -0.000000e+00  1.000000e+00
    outer loop
      vertex  5.000000e+01 -5.200000e+01  0.000000e+00
      vertex  5.900000e+01 -5.266026e+01  0.000000e+00
      vertex  5.973576e+01 -5.219152e+01  0.000000e+00
    endloop
  endfacet
  facet normal  0.000000e+00  0.000000e+00  1.000000e+00
    outer loop
      vertex -5.973576e+01  5.219152e+01  0.000000e+00
      vertex -6.042788e+01  5.166045e+01  0.000000e+00
      vertex -5.187721e+01  5.185226e+01  0.000000e+00
    endloop
  endfacet
  facet normal  0.000000e+00  -0.000000e+00  1.000000e+00
    outer loop
      vertex -5.973576e+01  5.219152e+01  0.000000e+00
      vertex -5.187721e+01  5.185226e+01  0.000000e+00
      vertex -5.094151e+01  5.196301e+01  0.000000e+00
    endloop
  endfacet
  facet normal  0.000000e+00  -0.000000e+00  1.000000e+00
    outer loop
      vertex -5.973576e+01  5.219152e+01  0.000000e+00
      vertex -5.094151e+01  5.196301e+01  0.000000e+00
      vertex -5.000000e+01  5.200000e+01  0.000000e+00
    endloop
  endfacet
  facet normal  0.000000e+00  0.000000e+00  1.000000e+00
    outer loop
      vertex -5.973576e+01  5.219152e+01  0.000000e+00
      vertex -5.000000e+01  5.200000e+01  0.000000e+00
      vertex -5.400000e+01  5.400000e+01  0.000000e+00
    endloop
  endfacet
  facet normal  0.000000e+00  0.000000e+00  9.999999e-01
    outer loop
      vertex -5.973576e+01  5.219152e+01  0.000000e+00
      vertex -5.400000e+01  5.400000e+01  0.000000e+00
      vertex -5.487156e+01  5.396195e+01  0.000000e+00
    endloop
  endfacet
  facet normal  0.000000e+00  0.000000e+00  1.000000e+00
    outer loop
      vertex -5.973576e+01  5.219152e+01  0.000000e+00
      vertex -5.487156e+01  5.396195e+01  0.000000e+00
      vertex -5.573648e+01  5.384808e+01  0.000000e+00
    endloop
  endfacet
  facet normal  0.000000e+00  0.000000e+00  1.000000e+00
    outer loop
      vertex -5.973576e+01  5.219152e+01  0.000000e+00
      vertex -5.573648e+01  5.384808e+01  0.000000e+00
      vertex -5.658819e+01  5.365926e+01  0.000000e+00
    endloop
  endfacet
  facet normal  0.000000e+00  0.000000e+00  1.000000e+00
    outer loop
      vertex -5.973576e+01  5.219152e+01  0.000000e+00
      vertex -5.658819e+01  5.365926e+01  0.000000e+00
      vertex -5.742020e+01  5.339693e+01  0.000000e+00
    endloop
  endfacet
  facet normal  0.000000e+00  0.000000e+00  1.000000e+00
    outer loop
      vertex -5.973576e+01  5.219152e+01  0.000000e+00
      vertex -5.742020e+01  5.339693e+01  0.000000e+00
      vertex -5.822618e+01  5.306308e+01  0.000000e+00
    endloop
  endfacet
  facet normal  0.000000e+00  0.000000e+00  1.000000e+00
    outer loop
      vertex -5.973576e+01  5.219152e+01  0.000000e+00
      vertex -5.822618e+01  5.306308e+01  0.000000e+00
      vertex -5.900000e+01  5.266026e+01  0.000000e+00
    endloop
  endfacet
  facet normal  0.000000e+00  -0.000000e+00  1.000000e+00
    outer loop
      vertex -6.400000e+01 -4.400000e+01  0.000000e+00
      vertex -6.396195e+01 -4.487156e+01  0.000000e+00
      vertex -6.108656e+01 -4.459220e+01  0.000000e+00
    endloop
  endfacet
  facet normal  0.000000e+00  0.000000e+00  1.000000e+00
    outer loop
      vertex -6.400000e+01 -4.400000e+01  0.000000e+00
      vertex -6.108656e+01 -4.459220e+01  0.000000e+00
      vertex -6.141268e+01 -4.370820e+01  0.000000e+00
    endloop
  endfacet
  facet normal  0.000000e+00  0.000000e+00  1.000000e+00
    outer loop
      vertex -6.400000e+01 -4.400000e+01  0.000000e+00
      vertex -6.141268e+01 -4.370820e+01  0.000000e+00
      vertex -6.166844e+01 -4.280135e+01  0.000000e+00
    endloop
  endfacet
  facet normal  0.000000e+00  0.000000e+00  1.000000e+00
    outer loop
      vertex -6.400000e+01 -4.400000e+01  0.000000e+00
      vertex -6.166844e+01 -4.280135e+01  0.000000e+00
      vertex -6.185226e+01 -4.187721e+01  0.000000e+00
    endloop
  endfacet
  facet normal  0.000000e+00  0.000000e+00  1.000000e+00
    outer loop
      vertex -6.400000e+01 -4.400000e+01  0.000000e+00
      vertex -6.185226e+01 -4.187721e+01  0.000000e+00
      vertex -6.196301e+01 -4.094151e+01  0.000000e+00
    endloop
  endfacet
  facet normal  0.000000e+00  0.000000e+00  1.000000e+00
    outer loop
      vertex -6.400000e+01 -4.400000e+01  0.000000e+00
      vertex -6.196301e+01 -4.094151e+01  0.000000e+00
      vertex -6.200000e+01 -4.000000e+01  0.000000e+00
    endloop
  endfacet
  facet normal  0.000000e+00  -0.000000e+00  1.000000e+00
    outer loop
      vertex -6.400000e+01 -4.400000e+01  0.000000e+00
      vertex -6.200000e+01 -4.000000e+01  0.000000e+00
      vertex -6.200000e+01  4.000000e+01  0.000000e+00
    endloop
  endfacet
  facet normal  0.000000e+00  0.000000e+00  1.000000e+00
    outer loop
      vertex -6.400000e+01  4.400000e+01  0.000000e+00
      vertex -6.400000e+01 -4.400000e+01  0.000000e+00
      vertex -6.200000e+01  4.000000e+01  0.000000e+00
    endloop
  endfacet
  facet normal  0.000000e+00  -0.000000e+00  1.000000e+00
    outer loop
      vertex -6.400000e+01  4.400000e+01  0.000000e+00
      vertex -6.200000e+01  4.000000e+01  0.000000e+00
      vertex -6.196301e+01  4.094151e+01  0.000000e+00
    endloop
  endfacet
  facet normal  0.000000e+00  -0.000000e+00  1.000000e+00
    outer loop
      vertex -6.400000e+01  4.400000e+01  0.000000e+00
      vertex -6.196301e+01  4.094151e+01  0.000000e+00
      vertex -6.185226e+01  4.187721e+01  0.000000e+00
    endloop
  endfacet
  facet normal  0.000000e+00  -0.000000e+00  1.000000e+00
    outer loop
      vertex -6.400000e+01  4.400000e+01  0.000000e+00
      vertex -6.185226e+01  4.187721e+01  0.000000e+00
      vertex -6.166844e+01  4.280135e+01  0.000000e+00
    endloop
  endfacet
  facet normal  0.000000e+00  -0.000000e+00  1.000000e+00
    outer loop
      vertex -6.400000e+01  4.400000e+01  0.000000e+00
      vertex -6.166844e+01  4.280135e+01  0.000000e+00
      vertex -6.141268e+01  4.370820e+01  0.000000e+00
    endloop
  endfacet
  facet normal  0.000000e+00  -0.000000e+00  1.000000e+00
    outer loop
      vertex -6.400000e+01  4.400000e+01  0.000000e+00
      vertex -6.141268e+01  4.370820e+01  0.000000e+00
      vertex -6.108656e+01  4.459220e+01  0.000000e+00
    endloop
  endfacet
  facet normal  0.000000e+00  0.000000e+00  1.000000e+00
    outer loop
      vertex -6.400000e+01  4.400000e+01  0.000000e+00
      vertex -6.108656e+01  4.459220e+01  0.000000e+00
      vertex -6.396195e+01  4.487156e+01  0.000000e+00
    endloop
  endfacet
  facet normal  0.000000e+00  0.000000e+00  1.000000e+00
    outer loop
      vertex  6.400000e+01 -4.400000e+01  0.000000e+00
      vertex  6.200000e+01  4.000000e+01  0.000000e+00
      vertex  6.200000e+01 -4.000000e+01  0.000000e+00
    endloop
  endfacet
  facet normal  0.000000e+00  0.000000e+00  1.000000e+00
    outer loop
      vertex  6.400000e+01 -4.400000e+01  0.000000e+00
      vertex  6.200000e+01 -4.000000e+01  0.000000e+00
      vertex  6.196301e+01 -4.094151e+01  0.000000e+00
    endloop
  endfacet
  facet normal  0.000000e+00  0.000000e+00  1.000000e+00
    outer loop
      vertex  6.400000e+01 -4.400000e+01  0.000000e+00
      vertex  6.196301e+01 -4.094151e+01  0.000000e+00
      vertex  6.185226e+01 -4.187721e+01  0.000000e+00
    endloop
  endfacet
  facet normal  0.000000e+00  0.000000e+00  1.000000e+00
    outer loop
      vertex  6.400000e+01 -4.400000e+01  0.000000e+00
      vertex  6.185226e+01 -4.187721e+01  0.000000e+00
      vertex  6.166844e+01 -4.280135e+01  0.000000e+00
    endloop
  endfacet
  facet normal  0.000000e+00  0.000000e+00  1.000000e+00
    outer loop
      vertex  6.400000e+01 -4.400000e+01  0.000000e+00
      vertex  6.166844e+01 -4.280135e+01  0.000000e+00
      vertex  6.141268e+01 -4.370820e+01  0.000000e+00
    endloop
  endfacet
  facet normal  0.000000e+00  0.000000e+00  1.000000e+00
    outer loop
      vertex  6.400000e+01 -4.400000e+01  0.000000e+00
      vertex  6.141268e+01 -4.370820e+01  0.000000e+00
      vertex  6.108656e+01 -4.459220e+01  0.000000e+00
    endloop
  endfacet
  facet normal  -0.000000e+00  0.000000e+00  1.000000e+00
    outer loop
      vertex  6.400000e+01 -4.400000e+01  0.000000e+00
      vertex  6.108656e+01 -4.459220e+01  0.000000e+00
      vertex  6.396195e+01 -4.487156e+01  0.000000e+00
    endloop
  endfacet
  facet normal  0.000000e+00  0.000000e+00  1.000000e+00
    outer loop
      vertex  6.400000e+01  4.400000e+01  0.000000e+00
      vertex  6.396195e+01  4.487156e+01  0.000000e+00
      vertex  6.108656e+01  4.459220e+01  0.000000e+00
    endloop
  endfacet
  facet normal  0.000000e+00  0.000000e+00  1.000000e+00
    outer loop
      vertex  6.400000e+01  4.400000e+01  0.000000e+00
      vertex  6.108656e+01  4.459220e+01  0.000000e+00
      vertex  6.141268e+01  4.370820e+01  0.000000e+00
    endloop
  endfacet
  facet normal  -0.000000e+00  0.000000e+00  1.000000e+00
    outer loop
      vertex  6.400000e+01  4.400000e+01  0.000000e+00
      vertex  6.141268e+01  4.370820e+01  0.000000e+00
      vertex  6.166844e+01  4.280135e+01  0.000000e+00
    endloop
  endfacet
  facet normal  -0.000000e+00  0.000000e+00  1.000000e+00
    outer loop
      vertex  6.400000e+01  4.400000e+01  0.000000e+00
      vertex  6.166844e+01  4.280135e+01  0.000000e+00
      vertex  6.185226e+01  4.187721e+01  0.000000e+00
    endloop
  endfacet
  facet normal  -0.000000e+00  0.000000e+00  1.000000e+00
    outer loop
      vertex  6.400000e+01  4.400000e+01  0.000000e+00
      vertex  6.185226e+01  4.187721e+01  0.000000e+00
      vertex  6.196301e+01  4.094151e+01  0.000000e+00
    endloop
  endfacet
  facet normal  -0.000000e+00  0.000000e+00  1.000000e+00
    outer loop
      vertex  6.400000e+01  4.400000e+01  0.000000e+00
      vertex  6.196301e+01  4.094151e+01  0.000000e+00
      vertex  6.200000e+01  4.000000e+01  0.000000e+00
    endloop
  endfacet
  facet normal  -0.000000e+00  0.000000e+00  1.000000e+00
    outer loop
      vertex  6.400000e+01  4.400000e+01  0.000000e+00
      vertex  6.200000e+01  4.000000e+01  0.000000e+00
      vertex  6.400000e+01 -4.400000e+01  0.000000e+00
    endloop
  endfacet
  facet normal  0.000000e+00  0.000000e+00  1.000000e+00
    outer loop
      vertex  5.973576e+01 -5.219152e+01  0.000000e+00
      vertex  6.042788e+01 -5.166045e+01  0.000000e+00
      vertex  5.280135e+01 -5.166844e+01  0.000000e+00
    endloop
  endfacet
  facet normal  0.000000e+00  0.000000e+00  1.000000e+00
    outer loop
      vertex  5.973576e+01 -5.219152e+01  0.000000e+00
      vertex  5.280135e+01 -5.166844e+01  0.000000e+00
      vertex  5.187721e+01 -5.185226e+01  0.000000e+00
    endloop
  endfacet
  facet normal  0.000000e+00  0.000000e+00  1.000000e+00
    outer loop
      vertex  5.973576e+01 -5.219152e+01  0.000000e+00
      vertex  5.187721e+01 -5.185226e+01  0.000000e+00
      vertex  5.094151e+01 -5.196301e+01  0.000000e+00
    endloop
  endfacet
  facet normal  0.000000e+00  0.000000e+00  1.000000e+00
    outer loop
      vertex  5.973576e+01 -5.219152e+01  0.000000e+00
      vertex  5.094151e+01 -5.196301e+01  0.000000e+00
      vertex  5.000000e+01 -5.200000e+01  0.000000e+00
    endloop
  endfacet
  facet normal  0.000000e+00  0.000000e+00  1.000000e+00
    outer loop
      vertex -6.107107e+01  5.107107e+01  0.000000e+00
      vertex -5.370820e+01  5.141268e+01  0.000000e+00
      vertex -6.042788e+01  5.166045e+01  0.000000e+00
    endloop
  endfacet
  facet normal  -0.000000e+00  0.000000e+00  1.000000e+00
    outer loop
      vertex -6.042788e+01  5.166045e+01  0.000000e+00
      vertex -5.370820e+01  5.141268e+01  0.000000e+00
      vertex -5.280135e+01  5.166844e+01  0.000000e+00
    endloop
  endfacet
  facet normal  0.000000e+00  -0.000000e+00  1.000000e+00
    outer loop
      vertex -6.042788e+01  5.166045e+01  0.000000e+00
      vertex -5.280135e+01  5.166844e+01  0.000000e+00
      vertex -5.187721e+01  5.185226e+01  0.000000e+00
    endloop
  endfacet
  facet normal  -0.000000e+00  0.000000e+00  1.000000e+00
    outer loop
      vertex -5.459220e+01  5.108656e+01  0.000000e+00
      vertex -6.107107e+01  5.107107e+01  0.000000e+00
      vertex -5.544789e+01  5.069208e+01  0.000000e+00
    endloop
  endfacet
  facet normal  0.000000e+00  0.000000e+00  9.999999e-01
    outer loop
      vertex -5.544789e+01  5.069208e+01  0.000000e+00
      vertex -6.107107e+01  5.107107e+01  0.000000e+00
      vertex -6.166045e+01  5.042788e+01  0.000000e+00
    endloop
  endfacet
  facet normal  -0.000000e+00  0.000000e+00  1.000000e+00
    outer loop
      vertex -5.544789e+01  5.069208e+01  0.000000e+00
      vertex -6.166045e+01  5.042788e+01  0.000000e+00
      vertex -5.626998e+01  5.023168e+01  0.000000e+00
    endloop
  endfacet
  facet normal  0.000000e+00  0.000000e+00  1.000000e+00
    outer loop
      vertex -5.626998e+01  5.023168e+01  0.000000e+00
      vertex -6.166045e+01  5.042788e+01  0.000000e+00
      vertex -5.705342e+01  4.970820e+01  0.000000e+00
    endloop
  endfacet
  facet normal  0.000000e+00  0.000000e+00  1.000000e+00
    outer loop
      vertex -5.705342e+01  4.970820e+01  0.000000e+00
      vertex -6.166045e+01  5.042788e+01  0.000000e+00
      vertex -6.219152e+01  4.973576e+01  0.000000e+00
    endloop
  endfacet
  facet normal  0.000000e+00  0.000000e+00  1.000000e+00
    outer loop
      vertex -5.705342e+01  4.970820e+01  0.000000e+00
      vertex -6.219152e+01  4.973576e+01  0.000000e+00
      vertex -5.779338e+01  4.912487e+01  0.000000e+00
    endloop
  endfacet
  facet normal  0.000000e+00  0.000000e+00  1.000000e+00
    outer loop
      vertex -5.779338e+01  4.912487e+01  0.000000e+00
      vertex -6.219152e+01  4.973576e+01  0.000000e+00
      vertex -6.266026e+01  4.900000e+01  0.000000e+00
    endloop
  endfacet
  facet normal  -0.000000e+00  0.000000e+00  1.000000e+00
    outer loop
      vertex -5.779338e+01  4.912487e+01  0.000000e+00
      vertex -6.266026e+01  4.900000e+01  0.000000e+00
      vertex -5.848528e+01  4.848528e+01  0.000000e+00
    endloop
  endfacet
  facet normal  0.000000e+00  0.000000e+00  1.000000e+00
    outer loop
      vertex -5.848528e+01  4.848528e+01  0.000000e+00
      vertex -6.266026e+01  4.900000e+01  0.000000e+00
      vertex -6.306308e+01  4.822618e+01  0.000000e+00
    endloop
  endfacet
  facet normal  -0.000000e+00  0.000000e+00  1.000000e+00
    outer loop
      vertex -5.848528e+01  4.848528e+01  0.000000e+00
      vertex -6.306308e+01  4.822618e+01  0.000000e+00
      vertex -5.912487e+01  4.779338e+01  0.000000e+00
    endloop
  endfacet
  facet normal  0.000000e+00  0.000000e+00  1.000000e+00
    outer loop
      vertex -5.912487e+01  4.779338e+01  0.000000e+00
      vertex -6.306308e+01  4.822618e+01  0.000000e+00
      vertex -6.339693e+01  4.742020e+01  0.000000e+00
    endloop
  endfacet
  facet normal  -0.000000e+00  0.000000e+00  1.000000e+00
    outer loop
      vertex -5.912487e+01  4.779338e+01  0.000000e+00
      vertex -6.339693e+01  4.742020e+01  0.000000e+00
      vertex -5.970820e+01  4.705342e+01  0.000000e+00
    endloop
  endfacet
  facet normal  0.000000e+00  0.000000e+00  9.999999e-01
    outer loop
      vertex -5.970820e+01  4.705342e+01  0.000000e+00
      vertex -6.339693e+01  4.742020e+01  0.000000e+00
      vertex -6.023168e+01  4.626998e+01  0.000000e+00
    endloop
  endfacet
  facet normal  0.000000e+00  0.000000e+00  9.999999e-01
    outer loop
      vertex -6.023168e+01  4.626998e+01  0.000000e+00
      vertex -6.339693e+01  4.742020e+01  0.000000e+00
      vertex -6.365926e+01  4.658819e+01  0.000000e+00
    endloop
  endfacet
  facet normal  0.000000e+00  0.000000e+00  1.000000e+00
    outer loop
      vertex -6.023168e+01  4.626998e+01  0.000000e+00
      vertex -6.365926e+01  4.658819e+01  0.000000e+00
      vertex -6.069208e+01  4.544789e+01  0.000000e+00
    endloop
  endfacet
  facet normal  0.000000e+00  0.000000e+00  1.000000e+00
    outer loop
      vertex -6.069208e+01  4.544789e+01  0.000000e+00
      vertex -6.365926e+01  4.658819e+01  0.000000e+00
      vertex -6.384808e+01  4.573648e+01  0.000000e+00
    endloop
  endfacet
  facet normal  0.000000e+00  0.000000e+00  1.000000e+00
    outer loop
      vertex -6.069208e+01  4.544789e+01  0.000000e+00
      vertex -6.384808e+01  4.573648e+01  0.000000e+00
      vertex -6.108656e+01  4.459220e+01  0.000000e+00
    endloop
  endfacet
  facet normal  0.000000e+00  0.000000e+00  1.000000e+00
    outer loop
      vertex -6.108656e+01  4.459220e+01  0.000000e+00
      vertex -6.384808e+01  4.573648e+01  0.000000e+00
      vertex -6.396195e+01  4.487156e+01  0.000000e+00
    endloop
  endfacet
  facet normal  -0.000000e+00  0.000000e+00  1.000000e+00
    outer loop
      vertex -6.108656e+01 -4.459220e+01  0.000000e+00
      vertex -6.396195e+01 -4.487156e+01  0.000000e+00
      vertex -6.069208e+01 -4.544789e+01  0.000000e+00
    endloop
  endfacet
  facet normal  0.000000e+00  0.000000e+00  1.000000e+00
    outer loop
      vertex -6.069208e+01 -4.544789e+01  0.000000e+00
      vertex -6.396195e+01 -4.487156e+01  0.000000e+00
      vertex -6.384808e+01 -4.573648e+01  0.000000e+00
    endloop
  endfacet
  facet normal  -0.000000e+00  0.000000e+00  1.000000e+00
    outer loop
      vertex -6.069208e+01 -4.544789e+01  0.000000e+00
      vertex -6.384808e+01 -4.573648e+01  0.000000e+00
      vertex -6.023168e+01 -4.626998e+01  0.000000e+00
    endloop
  endfacet
  facet normal  0.000000e+00  0.000000e+00  1.000000e+00
    outer loop
      vertex -6.023168e+01 -4.626998e+01  0.000000e+00
      vertex -6.384808e+01 -4.573648e+01  0.000000e+00
      vertex -6.365926e+01 -4.658819e+01  0.000000e+00
    endloop
  endfacet
  facet normal  -0.000000e+00  0.000000e+00  1.000000e+00
    outer loop
      vertex -6.023168e+01 -4.626998e+01  0.000000e+00
      vertex -6.365926e+01 -4.658819e+01  0.000000e+00
      vertex -5.970820e+01 -4.705342e+01  0.000000e+00
    endloop
  endfacet
  facet normal  0.000000e+00  0.000000e+00  1.000000e+00
    outer loop
      vertex -5.970820e+01 -4.705342e+01  0.000000e+00
      vertex -6.365926e+01 -4.658819e+01  0.000000e+00
      vertex -6.339693e+01 -4.742020e+01  0.000000e+00
    endloop
  endfacet
  facet normal  -0.000000e+00  0.000000e+00  1.000000e+00
    outer loop
      vertex -5.970820e+01 -4.705342e+01  0.000000e+00
      vertex -6.339693e+01 -4.742020e+01  0.000000e+00
      vertex -5.912487e+01 -4.779338e+01  0.000000e+00
    endloop
  endfacet
  facet normal  0.000000e+00  0.000000e+00  1.000000e+00
    outer loop
      vertex -5.912487e+01 -4.779338e+01  0.000000e+00
      vertex -6.339693e+01 -4.742020e+01  0.000000e+00
      vertex -6.306308e+01 -4.822618e+01  0.000000e+00
    endloop
  endfacet
  facet normal  -0.000000e+00  0.000000e+00  1.000000e+00
    outer loop
      vertex -5.912487e+01 -4.779338e+01  0.000000e+00
      vertex -6.306308e+01 -4.822618e+01  0.000000e+00
      vertex -5.848528e+01 -4.848528e+01  0.000000e+00
    endloop
  endfacet
  facet normal  0.000000e+00  0.000000e+00  9.999999e-01
    outer loop
      vertex -5.848528e+01 -4.848528e+01  0.000000e+00
      vertex -6.306308e+01 -4.822618e+01  0.000000e+00
      vertex -5.779338e+01 -4.912487e+01  0.000000e+00
    endloop
  endfacet
  facet normal  0.000000e+00  0.000000e+00  1.000000e+00
    outer loop
      vertex -5.779338e+01 -4.912487e+01  0.000000e+00
      vertex -6.306308e+01 -4.822618e+01  0.000000e+00
      vertex -6.266026e+01 -4.900000e+01  0.000000e+00
    endloop
  endfacet
  facet normal  0.000000e+00  0.000000e+00  1.000000e+00
    outer loop
      vertex -5.779338e+01 -4.912487e+01  0.000000e+00
      vertex -6.266026e+01 -4.900000e+01  0.000000e+00
      vertex -5.705342e+01 -4.970820e+01  0.000000e+00
    endloop
  endfacet
  facet normal  0.000000e+00  0.000000e+00  1.000000e+00
    outer loop
      vertex -5.705342e+01 -4.970820e+01  0.000000e+00
      vertex -6.266026e+01 -4.900000e+01  0.000000e+00
      vertex -6.219152e+01 -4.973576e+01  0.000000e+00
    endloop
  endfacet
  facet normal  -0.000000e+00  0.000000e+00  1.000000e+00
    outer loop
      vertex -5.705342e+01 -4.970820e+01  0.000000e+00
      vertex -6.219152e+01 -4.973576e+01  0.000000e+00
      vertex -5.626998e+01 -5.023168e+01  0.000000e+00
    endloop
  endfacet
  facet normal  0.000000e+00  0.000000e+00  1.000000e+00
    outer loop
      vertex -5.626998e+01 -5.023168e+01  0.000000e+00
      vertex -6.219152e+01 -4.973576e+01  0.000000e+00
      vertex -6.166045e+01 -5.042788e+01  0.000000e+00
    endloop
  endfacet
  facet normal  -0.000000e+00  0.000000e+00  1.000000e+00
    outer loop
      vertex -5.626998e+01 -5.023168e+01  0.000000e+00
      vertex -6.166045e+01 -5.042788e+01  0.000000e+00
      vertex -5.544789e+01 -5.069208e+01  0.000000e+00
    endloop
  endfacet
  facet normal  0.000000e+00  0.000000e+00  9.999999e-01
    outer loop
      vertex -5.544789e+01 -5.069208e+01  0.000000e+00
      vertex -6.166045e+01 -5.042788e+01  0.000000e+00
      vertex -6.107107e+01 -5.107107e+01  0.000000e+00
    endloop
  endfacet
  facet normal  -0.000000e+00  0.000000e+00  1.000000e+00
    outer loop
      vertex -5.544789e+01 -5.069208e+01  0.000000e+00
      vertex -6.107107e+01 -5.107107e+01  0.000000e+00
      vertex -5.459220e+01 -5.108656e+01  0.000000e+00
    endloop
  endfacet
  facet normal  0.000000e+00  0.000000e+00  1.000000e+00
    outer loop
      vertex -5.459220e+01 -5.108656e+01  0.000000e+00
      vertex -6.107107e+01 -5.107107e+01  0.000000e+00
      vertex -5.370820e+01 -5.141268e+01  0.000000e+00
    endloop
  endfacet
  facet normal  0.000000e+00  0.000000e+00  1.000000e+00
    outer loop
      vertex -5.370820e+01 -5.141268e+01  0.000000e+00
      vertex -6.107107e+01 -5.107107e+01  0.000000e+00
      vertex -6.042788e+01 -5.166045e+01  0.000000e+00
    endloop
  endfacet
  facet normal  -0.000000e+00  0.000000e+00  1.000000e+00
    outer loop
      vertex -5.370820e+01 -5.141268e+01  0.000000e+00
      vertex -6.042788e+01 -5.166045e+01  0.000000e+00
      vertex -5.280135e+01 -5.166844e+01  0.000000e+00
    endloop
  endfacet
  facet normal  -0.000000e+00  0.000000e+00  1.000000e+00
    outer loop
      vertex  5.973576e+01  5.219152e+01  0.000000e+00
      vertex  5.094151e+01  5.196301e+01  0.000000e+00
      vertex  6.042788e+01  5.166045e+01  0.000000e+00
    endloop
  endfacet
  facet normal  0.000000e+00  0.000000e+00  1.000000e+00
    outer loop
      vertex  6.042788e+01  5.166045e+01  0.000000e+00
      vertex  5.094151e+01  5.196301e+01  0.000000e+00
      vertex  5.187721e+01  5.185226e+01  0.000000e+00
    endloop
  endfacet
  facet normal  0.000000e+00  0.000000e+00  1.000000e+00
    outer loop
      vertex  6.042788e+01  5.166045e+01  0.000000e+00
      vertex  5.187721e+01  5.185226e+01  0.000000e+00
      vertex  5.280135e+01  5.166844e+01  0.000000e+00
    endloop
  endfacet
  facet normal  0.000000e+00  0.000000e+00  1.000000e+00
    outer loop
      vertex  6.042788e+01  5.166045e+01  0.000000e+00
      vertex  5.280135e+01  5.166844e+01  0.000000e+00
      vertex  6.107107e+01  5.107107e+01  0.000000e+00
    endloop
  endfacet
  facet normal  0.000000e+00  0.000000e+00  1.000000e+00
    outer loop
      vertex  6.107107e+01  5.107107e+01  0.000000e+00
      vertex  5.280135e+01  5.166844e+01  0.000000e+00
      vertex  5.370820e+01  5.141268e+01  0.000000e+00
    endloop
  endfacet
  facet normal  0.000000e+00  0.000000e+00  1.000000e+00
    outer loop
      vertex  6.107107e+01  5.107107e+01  0.000000e+00
      vertex  5.370820e+01  5.141268e+01  0.000000e+00
      vertex  5.459220e+01  5.108656e+01  0.000000e+00
    endloop
  endfacet
  facet normal  0.000000e+00  0.000000e+00  1.000000e+00
    outer loop
      vertex  6.107107e+01  5.107107e+01  0.000000e+00
      vertex  5.459220e+01  5.108656e+01  0.000000e+00
      vertex  6.166045e+01  5.042788e+01  0.000000e+00
    endloop
  endfacet
  facet normal  0.000000e+00  0.000000e+00  1.000000e+00
    outer loop
      vertex  6.166045e+01  5.042788e+01  0.000000e+00
      vertex  5.459220e+01  5.108656e+01  0.000000e+00
      vertex  5.544789e+01  5.069208e+01  0.000000e+00
    endloop
  endfacet
  facet normal  0.000000e+00  0.000000e+00  1.000000e+00
    outer loop
      vertex  6.166045e+01  5.042788e+01  0.000000e+00
      vertex  5.544789e+01  5.069208e+01  0.000000e+00
      vertex  5.626998e+01  5.023168e+01  0.000000e+00
    endloop
  endfacet
  facet normal  -0.000000e+00  0.000000e+00  1.000000e+00
    outer loop
      vertex  6.166045e+01  5.042788e+01  0.000000e+00
      vertex  5.626998e+01  5.023168e+01  0.000000e+00
      vertex  6.219152e+01  4.973576e+01  0.000000e+00
    endloop
  endfacet
  facet normal  0.000000e+00  0.000000e+00  1.000000e+00
    outer loop
      vertex  6.219152e+01  4.973576e+01  0.000000e+00
      vertex  5.626998e+01  5.023168e+01  0.000000e+00
      vertex  5.705342e+01  4.970820e+01  0.000000e+00
    endloop
  endfacet
  facet normal  -0.000000e+00  0.000000e+00  1.000000e+00
    outer loop
      vertex  6.219152e+01  4.973576e+01  0.000000e+00
      vertex  5.705342e+01  4.970820e+01  0.000000e+00
      vertex  6.266026e+01  4.900000e+01  0.000000e+00
    endloop
  endfacet
  facet normal  0.000000e+00  0.000000e+00  1.000000e+00
    outer loop
      vertex  6.266026e+01  4.900000e+01  0.000000e+00
      vertex  5.705342e+01  4.970820e+01  0.000000e+00
      vertex  5.779338e+01  4.912487e+01  0.000000e+00
    endloop
  endfacet
  facet normal  0.000000e+00  0.000000e+00  1.000000e+00
    outer loop
      vertex  6.266026e+01  4.900000e+01  0.000000e+00
      vertex  5.779338e+01  4.912487e+01  0.000000e+00
      vertex  6.306308e+01  4.822618e+01  0.000000e+00
    endloop
  endfacet
  facet normal  0.000000e+00  0.000000e+00  9.999999e-01
    outer loop
      vertex  6.306308e+01  4.822618e+01  0.000000e+00
      vertex  5.779338e+01  4.912487e+01  0.000000e+00
      vertex  5.848528e+01  4.848528e+01  0.000000e+00
    endloop
  endfacet
  facet normal  0.000000e+00  0.000000e+00  1.000000e+00
    outer loop
      vertex  6.306308e+01  4.822618e+01  0.000000e+00
      vertex  5.848528e+01  4.848528e+01  0.000000e+00
      vertex  6.339693e+01  4.742020e+01  0.000000e+00
    endloop
  endfacet
  facet normal  0.000000e+00  0.000000e+00  9.999999e-01
    outer loop
      vertex  6.339693e+01  4.742020e+01  0.000000e+00
      vertex  5.848528e+01  4.848528e+01  0.000000e+00
      vertex  5.912487e+01  4.779338e+01  0.000000e+00
    endloop
  endfacet
  facet normal  0.000000e+00  0.000000e+00  1.000000e+00
    outer loop
      vertex  6.339693e+01  4.742020e+01  0.000000e+00
      vertex  5.912487e+01  4.779338e+01  0.000000e+00
      vertex  5.970820e+01  4.705342e+01  0.000000e+00
    endloop
  endfacet
  facet normal  -0.000000e+00  0.000000e+00  1.000000e+00
    outer loop
      vertex  6.339693e+01  4.742020e+01  0.000000e+00
      vertex  5.970820e+01  4.705342e+01  0.000000e+00
      vertex  6.365926e+01  4.658819e+01  0.000000e+00
    endloop
  endfacet
  facet normal  0.000000e+00  0.000000e+00  1.000000e+00
    outer loop
      vertex  6.365926e+01  4.658819e+01  0.000000e+00
      vertex  5.970820e+01  4.705342e+01  0.000000e+00
      vertex  6.023168e+01  4.626998e+01  0.000000e+00
    endloop
  endfacet
  facet normal  -0.000000e+00  0.000000e+00  1.000000e+00
    outer loop
      vertex  6.365926e+01  4.658819e+01  0.000000e+00
      vertex  6.023168e+01  4.626998e+01  0.000000e+00
      vertex  6.384808e+01  4.573648e+01  0.000000e+00
    endloop
  endfacet
  facet normal  0.000000e+00  0.000000e+00  1.000000e+00
    outer loop
      vertex  6.384808e+01  4.573648e+01  0.000000e+00
      vertex  6.023168e+01  4.626998e+01  0.000000e+00
      vertex  6.069208e+01  4.544789e+01  0.000000e+00
    endloop
  endfacet
  facet normal  -0.000000e+00  0.000000e+00  1.000000e+00
    outer loop
      vertex  6.384808e+01  4.573648e+01  0.000000e+00
      vertex  6.069208e+01  4.544789e+01  0.000000e+00
      vertex  6.396195e+01  4.487156e+01  0.000000e+00
    endloop
  endfacet
  facet normal  0.000000e+00  0.000000e+00  1.000000e+00
    outer loop
      vertex  6.396195e+01  4.487156e+01  0.000000e+00
      vertex  6.069208e+01  4.544789e+01  0.000000e+00
      vertex  6.108656e+01  4.459220e+01  0.000000e+00
    endloop
  endfacet
  facet normal  0.000000e+00  0.000000e+00  1.000000e+00
    outer loop
      vertex  6.396195e+01 -4.487156e+01  0.000000e+00
      vertex  6.108656e+01 -4.459220e+01  0.000000e+00
      vertex  6.384808e+01 -4.573648e+01  0.000000e+00
    endloop
  endfacet
  facet normal  0.000000e+00  0.000000e+00  1.000000e+00
    outer loop
      vertex  6.384808e+01 -4.573648e+01  0.000000e+00
      vertex  6.108656e+01 -4.459220e+01  0.000000e+00
      vertex  6.069208e+01 -4.544789e+01  0.000000e+00
    endloop
  endfacet
  facet normal  0.000000e+00  0.000000e+00  1.000000e+00
    outer loop
      vertex  6.384808e+01 -4.573648e+01  0.000000e+00
      vertex  6.069208e+01 -4.544789e+01  0.000000e+00
      vertex  6.365926e+01 -4.658819e+01  0.000000e+00
    endloop
  endfacet
  facet normal  0.000000e+00  0.000000e+00  1.000000e+00
    outer loop
      vertex  6.365926e+01 -4.658819e+01  0.000000e+00
      vertex  6.069208e+01 -4.544789e+01  0.000000e+00
      vertex  6.023168e+01 -4.626998e+01  0.000000e+00
    endloop
  endfacet
  facet normal  0.000000e+00  0.000000e+00  9.999999e-01
    outer loop
      vertex  6.365926e+01 -4.658819e+01  0.000000e+00
      vertex  6.023168e+01 -4.626998e+01  0.000000e+00
      vertex  6.339693e+01 -4.742020e+01  0.000000e+00
    endloop
  endfacet
  facet normal  0.000000e+00  0.000000e+00  9.999999e-01
    outer loop
      vertex  6.339693e+01 -4.742020e+01  0.000000e+00
      vertex  6.023168e+01 -4.626998e+01  0.000000e+00
      vertex  5.970820e+01 -4.705342e+01  0.000000e+00
    endloop
  endfacet
  facet normal  0.000000e+00  0.000000e+00  1.000000e+00
    outer loop
      vertex  6.339693e+01 -4.742020e+01  0.000000e+00
      vertex  5.970820e+01 -4.705342e+01  0.000000e+00
      vertex  6.306308e+01 -4.822618e+01  0.000000e+00
    endloop
  endfacet
  facet normal  0.000000e+00  0.000000e+00  1.000000e+00
    outer loop
      vertex  6.306308e+01 -4.822618e+01  0.000000e+00
      vertex  5.970820e+01 -4.705342e+01  0.000000e+00
      vertex  5.912487e+01 -4.779338e+01  0.000000e+00
    endloop
  endfacet
  facet normal  0.000000e+00  0.000000e+00  1.000000e+00
    outer loop
      vertex  6.306308e+01 -4.822618e+01  0.000000e+00
      vertex  5.912487e+01 -4.779338e+01  0.000000e+00
      vertex  5.848528e+01 -4.848528e+01  0.000000e+00
    endloop
  endfacet
  facet normal  -0.000000e+00  0.000000e+00  1.000000e+00
    outer loop
      vertex  6.306308e+01 -4.822618e+01  0.000000e+00
      vertex  5.848528e+01 -4.848528e+01  0.000000e+00
      vertex  6.266026e+01 -4.900000e+01  0.000000e+00
    endloop
  endfacet
  facet normal  0.000000e+00  0.000000e+00  1.000000e+00
    outer loop
      vertex  6.266026e+01 -4.900000e+01  0.000000e+00
      vertex  5.848528e+01 -4.848528e+01  0.000000e+00
      vertex  5.779338e+01 -4.912487e+01  0.000000e+00
    endloop
  endfacet
  facet normal  -0.000000e+00  0.000000e+00  1.000000e+00
    outer loop
      vertex  6.266026e+01 -4.900000e+01  0.000000e+00
      vertex  5.779338e+01 -4.912487e+01  0.000000e+00
      vertex  6.219152e+01 -4.973576e+01  0.000000e+00
    endloop
  endfacet
  facet normal  0.000000e+00  0.000000e+00  1.000000e+00
    outer loop
      vertex  6.219152e+01 -4.973576e+01  0.000000e+00
      vertex  5.779338e+01 -4.912487e+01  0.000000e+00
      vertex  5.705342e+01 -4.970820e+01  0.000000e+00
    endloop
  endfacet
  facet normal  0.000000e+00  0.000000e+00  1.000000e+00
    outer loop
      vertex  6.219152e+01 -4.973576e+01  0.000000e+00
      vertex  5.705342e+01 -4.970820e+01  0.000000e+00
      vertex  6.166045e+01 -5.042788e+01  0.000000e+00
    endloop
  endfacet
  facet normal  0.000000e+00  0.000000e+00  1.000000e+00
    outer loop
      vertex  6.166045e+01 -5.042788e+01  0.000000e+00
      vertex  5.705342e+01 -4.970820e+01  0.000000e+00
      vertex  5.626998e+01 -5.023168e+01  0.000000e+00
    endloop
  endfacet
  facet normal  0.000000e+00  0.000000e+00  9.999999e-01
    outer loop
      vertex  6.166045e+01 -5.042788e+01  0.000000e+00
      vertex  5.626998e+01 -5.023168e+01  0.000000e+00
      vertex  6.107107e+01 -5.107107e+01  0.000000e+00
    endloop
  endfacet
  facet normal  0.000000e+00  0.000000e+00  1.000000e+00
    outer loop
      vertex  6.107107e+01 -5.107107e+01  0.000000e+00
      vertex  5.626998e+01 -5.023168e+01  0.000000e+00
      vertex  5.544789e+01 -5.069208e+01  0.000000e+00
    endloop
  endfacet
  facet normal  0.000000e+00  0.000000e+00  1.000000e+00
    outer loop
      vertex  6.107107e+01 -5.107107e+01  0.000000e+00
      vertex  5.544789e+01 -5.069208e+01  0.000000e+00
      vertex  5.459220e+01 -5.108656e+01  0.000000e+00
    endloop
  endfacet
  facet normal  -0.000000e+00  0.000000e+00  1.000000e+00
    outer loop
      vertex  6.107107e+01 -5.107107e+01  0.000000e+00
      vertex  5.459220e+01 -5.108656e+01  0.000000e+00
      vertex  6.042788e+01 -5.166045e+01  0.000000e+00
    endloop
  endfacet
  facet normal  0.000000e+00  0.000000e+00  9.999999e-01
    outer loop
      vertex  6.042788e+01 -5.166045e+01  0.000000e+00
      vertex  5.459220e+01 -5.108656e+01  0.000000e+00
      vertex  5.370820e+01 -5.141268e+01  0.000000e+00
    endloop
  endfacet
  facet normal  0.000000e+00  0.000000e+00  1.000000e+00
    outer loop
      vertex  6.042788e+01 -5.166045e+01  0.000000e+00
      vertex  5.370820e+01 -5.141268e+01  0.000000e+00
      vertex  5.280135e+01 -5.166844e+01  0.000000e+00
    endloop
  endfacet
  facet normal  0.000000e+00  1.000000e+00  0.000000e+00
    outer loop
      vertex -5.000000e+01 -5.000000e+01  1.500000e+00
      vertex  5.000000e+01 -5.000000e+01  1.500000e+00
      vertex -5.000000e+01 -5.000000e+01  0.000000e+00
    endloop
  endfacet
  facet normal  0.000000e+00  1.000000e+00  0.000000e+00
    outer loop
      vertex -5.000000e+01 -5.000000e+01  0.000000e+00
      vertex  5.000000e+01 -5.000000e+01  1.500000e+00
      vertex  5.000000e+01 -5.000000e+01  0.000000e+00
    endloop
  endfacet
  facet normal -7.372767e-01  6.755910e-01  0.000000e+00
    outer loop
      vertex  5.707107e+01 -4.707107e+01  0.000000e+00
      vertex  5.766045e+01 -4.642788e+01  1.500000e+00
      vertex  5.766045e+01 -4.642788e+01  0.000000e+00
    endloop
  endfacet
  facet normal -7.933543e-01  6.087602e-01  0.000000e+00
    outer loop
      vertex  5.766045e+01 -4.642788e+01  0.000000e+00
      vertex  5.766045e+01 -4.642788e+01  1.500000e+00
      vertex  5.819152e+01 -4.573576e+01  1.500000e+00
    endloop
  endfacet
  facet normal -7.933543e-01  6.087602e-01  0.000000e+00
    outer loop
      vertex  5.766045e+01 -4.642788e+01  0.000000e+00
      vertex  5.819152e+01 -4.573576e+01  1.500000e+00
      vertex  5.819152e+01 -4.573576e+01  0.000000e+00
    endloop
  endfacet
  facet normal -8.433906e-01  5.373010e-01  0.000000e+00
    outer loop
      vertex  5.819152e+01 -4.573576e+01  0.000000e+00
      vertex  5.819152e+01 -4.573576e+01  1.500000e+00
      vertex  5.866026e+01 -4.500000e+01  1.500000e+00
    endloop
  endfacet
  facet normal -8.433906e-01  5.373010e-01  0.000000e+00
    outer loop
      vertex  5.819152e+01 -4.573576e+01  0.000000e+00
      vertex  5.866026e+01 -4.500000e+01  1.500000e+00
      vertex  5.866026e+01 -4.500000e+01  0.000000e+00
    endloop
  endfacet
  facet normal -8.870127e-01  4.617449e-01  0.000000e+00
    outer loop
      vertex  5.866026e+01 -4.500000e+01  0.000000e+00
      vertex  5.866026e+01 -4.500000e+01  1.500000e+00
      vertex  5.906308e+01 -4.422618e+01  1.500000e+00
    endloop
  endfacet
  facet normal -8.870127e-01  4.617449e-01  0.000000e+00
    outer loop
      vertex  5.866026e+01 -4.500000e+01  0.000000e+00
      vertex  5.906308e+01 -4.422618e+01  1.500000e+00
      vertex  5.906308e+01 -4.422618e+01  0.000000e+00
    endloop
  endfacet
  facet normal -9.238785e-01  3.826861e-01  0.000000e+00
    outer loop
      vertex  5.906308e+01 -4.422618e+01  0.000000e+00
      vertex  5.906308e+01 -4.422618e+01  1.500000e+00
      vertex  5.939693e+01 -4.342020e+01  1.500000e+00
    endloop
  endfacet
  facet normal -9.238785e-01  3.826861e-01  0.000000e+00
    outer loop
      vertex  5.906308e+01 -4.422618e+01  0.000000e+00
      vertex  5.939693e+01 -4.342020e+01  1.500000e+00
      vertex  5.939693e+01 -4.342020e+01  0.000000e+00
    endloop
  endfacet
  facet normal -9.537164e-01  3.007076e-01  0.000000e+00
    outer loop
      vertex  5.939693e+01 -4.342020e+01  0.000000e+00
      vertex  5.939693e+01 -4.342020e+01  1.500000e+00
      vertex  5.965926e+01 -4.258819e+01  1.500000e+00
    endloop
  endfacet
  facet normal -9.537164e-01  3.007076e-01  0.000000e+00
    outer loop
      vertex  5.939693e+01 -4.342020e+01  0.000000e+00
      vertex  5.965926e+01 -4.258819e+01  1.500000e+00
      vertex  5.965926e+01 -4.258819e+01  0.000000e+00
    endloop
  endfacet
  facet normal -9.762969e-01  2.164355e-01  0.000000e+00
    outer loop
      vertex  5.965926e+01 -4.258819e+01  0.000000e+00
      vertex  5.965926e+01 -4.258819e+01  1.500000e+00
      vertex  5.984808e+01 -4.173648e+01  1.500000e+00
    endloop
  endfacet
  facet normal -9.762969e-01  2.164355e-01  0.000000e+00
    outer loop
      vertex  5.965926e+01 -4.258819e+01  0.000000e+00
      vertex  5.984808e+01 -4.173648e+01  1.500000e+00
      vertex  5.984808e+01 -4.173648e+01  0.000000e+00
    endloop
  endfacet
  facet normal -9.914443e-01  1.305301e-01  0.000000e+00
    outer loop
      vertex  5.984808e+01 -4.173648e+01  0.000000e+00
      vertex  5.984808e+01 -4.173648e+01  1.500000e+00
      vertex  5.996195e+01 -4.087156e+01  1.500000e+00
    endloop
  endfacet
  facet normal -9.914443e-01  1.305301e-01  0.000000e+00
    outer loop
      vertex  5.984808e+01 -4.173648e+01  0.000000e+00
      vertex  5.996195e+01 -4.087156e+01  1.500000e+00
      vertex  5.996195e+01 -4.087156e+01  0.000000e+00
    endloop
  endfacet
  facet normal -9.990484e-01  4.361768e-02  0.000000e+00
    outer loop
      vertex  5.996195e+01 -4.087156e+01  0.000000e+00
      vertex  5.996195e+01 -4.087156e+01  1.500000e+00
      vertex  6.000000e+01 -4.000000e+01  1.500000e+00
    endloop
  endfacet
  facet normal -9.990484e-01  4.361768e-02  0.000000e+00
    outer loop
      vertex  5.996195e+01 -4.087156e+01  0.000000e+00
      vertex  6.000000e+01 -4.000000e+01  1.500000e+00
      vertex  6.000000e+01 -4.000000e+01  0.000000e+00
    endloop
  endfacet
  facet normal -7.372767e-01  6.755910e-01  0.000000e+00
    outer loop
      vertex  5.766045e+01 -4.642788e+01  1.500000e+00
      vertex  5.707107e+01 -4.707107e+01  0.000000e+00
      vertex  5.707107e+01 -4.707107e+01  1.500000e+00
    endloop
  endfacet
  facet normal -6.755910e-01  7.372767e-01  0.000000e+00
    outer loop
      vertex  5.707107e+01 -4.707107e+01  1.500000e+00
      vertex  5.707107e+01 -4.707107e+01  0.000000e+00
      vertex  5.642788e+01 -4.766045e+01  0.000000e+00
    endloop
  endfacet
  facet normal -6.755910e-01  7.372767e-01  0.000000e+00
    outer loop
      vertex  5.707107e+01 -4.707107e+01  1.500000e+00
      vertex  5.642788e+01 -4.766045e+01  0.000000e+00
      vertex  5.642788e+01 -4.766045e+01  1.500000e+00
    endloop
  endfacet
  facet normal -6.087602e-01  7.933543e-01  0.000000e+00
    outer loop
      vertex  5.642788e+01 -4.766045e+01  1.500000e+00
      vertex  5.642788e+01 -4.766045e+01  0.000000e+00
      vertex  5.573576e+01 -4.819152e+01  0.000000e+00
    endloop
  endfacet
  facet normal -6.087602e-01  7.933543e-01  0.000000e+00
    outer loop
      vertex  5.642788e+01 -4.766045e+01  1.500000e+00
      vertex  5.573576e+01 -4.819152e+01  0.000000e+00
      vertex  5.573576e+01 -4.819152e+01  1.500000e+00
    endloop
  endfacet
  facet normal -5.373010e-01  8.433906e-01  0.000000e+00
    outer loop
      vertex  5.573576e+01 -4.819152e+01  1.500000e+00
      vertex  5.573576e+01 -4.819152e+01  0.000000e+00
      vertex  5.500000e+01 -4.866026e+01  0.000000e+00
    endloop
  endfacet
  facet normal -5.373010e-01  8.433906e-01  0.000000e+00
    outer loop
      vertex  5.573576e+01 -4.819152e+01  1.500000e+00
      vertex  5.500000e+01 -4.866026e+01  0.000000e+00
      vertex  5.500000e+01 -4.866026e+01  1.500000e+00
    endloop
  endfacet
  facet normal -4.617449e-01  8.870127e-01  0.000000e+00
    outer loop
      vertex  5.500000e+01 -4.866026e+01  1.500000e+00
      vertex  5.500000e+01 -4.866026e+01  0.000000e+00
      vertex  5.422618e+01 -4.906308e+01  0.000000e+00
    endloop
  endfacet
  facet normal -4.617449e-01  8.870127e-01  0.000000e+00
    outer loop
      vertex  5.500000e+01 -4.866026e+01  1.500000e+00
      vertex  5.422618e+01 -4.906308e+01  0.000000e+00
      vertex  5.422618e+01 -4.906308e+01  1.500000e+00
    endloop
  endfacet
  facet normal -3.826861e-01  9.238785e-01  0.000000e+00
    outer loop
      vertex  5.422618e+01 -4.906308e+01  1.500000e+00
      vertex  5.422618e+01 -4.906308e+01  0.000000e+00
      vertex  5.342020e+01 -4.939693e+01  0.000000e+00
    endloop
  endfacet
  facet normal -3.826861e-01  9.238785e-01  0.000000e+00
    outer loop
      vertex  5.422618e+01 -4.906308e+01  1.500000e+00
      vertex  5.342020e+01 -4.939693e+01  0.000000e+00
      vertex  5.342020e+01 -4.939693e+01  1.500000e+00
    endloop
  endfacet
  facet normal -3.007076e-01  9.537164e-01  0.000000e+00
    outer loop
      vertex  5.342020e+01 -4.939693e+01  1.500000e+00
      vertex  5.342020e+01 -4.939693e+01  0.000000e+00
      vertex  5.258819e+01 -4.965926e+01  0.000000e+00
    endloop
  endfacet
  facet normal -3.007076e-01  9.537164e-01  0.000000e+00
    outer loop
      vertex  5.342020e+01 -4.939693e+01  1.500000e+00
      vertex  5.258819e+01 -4.965926e+01  0.000000e+00
      vertex  5.258819e+01 -4.965926e+01  1.500000e+00
    endloop
  endfacet
  facet normal -2.164355e-01  9.762969e-01  0.000000e+00
    outer loop
      vertex  5.258819e+01 -4.965926e+01  1.500000e+00
      vertex  5.258819e+01 -4.965926e+01  0.000000e+00
      vertex  5.173648e+01 -4.984808e+01  0.000000e+00
    endloop
  endfacet
  facet normal -2.164355e-01  9.762969e-01  0.000000e+00
    outer loop
      vertex  5.258819e+01 -4.965926e+01  1.500000e+00
      vertex  5.173648e+01 -4.984808e+01  0.000000e+00
      vertex  5.173648e+01 -4.984808e+01  1.500000e+00
    endloop
  endfacet
  facet normal -1.305301e-01  9.914443e-01  0.000000e+00
    outer loop
      vertex  5.173648e+01 -4.984808e+01  1.500000e+00
      vertex  5.173648e+01 -4.984808e+01  0.000000e+00
      vertex  5.087156e+01 -4.996195e+01  0.000000e+00
    endloop
  endfacet
  facet normal -1.305301e-01  9.914443e-01  0.000000e+00
    outer loop
      vertex  5.173648e+01 -4.984808e+01  1.500000e+00
      vertex  5.087156e+01 -4.996195e+01  0.000000e+00
      vertex  5.087156e+01 -4.996195e+01  1.500000e+00
    endloop
  endfacet
  facet normal -4.361768e-02  9.990484e-01  0.000000e+00
    outer loop
      vertex  5.087156e+01 -4.996195e+01  1.500000e+00
      vertex  5.087156e+01 -4.996195e+01  0.000000e+00
      vertex  5.000000e+01 -5.000000e+01  0.000000e+00
    endloop
  endfacet
  facet normal -4.361768e-02  9.990484e-01  0.000000e+00
    outer loop
      vertex  5.087156e+01 -4.996195e+01  1.500000e+00
      vertex  5.000000e+01 -5.000000e+01  0.000000e+00
      vertex  5.000000e+01 -5.000000e+01  1.500000e+00
    endloop
  endfacet
  facet normal -1.000000e+00  -0.000000e+00  0.000000e+00
    outer loop
      vertex  6.000000e+01 -4.000000e+01  1.500000e+00
      vertex  6.000000e+01  4.000000e+01  1.500000e+00
      vertex  6.000000e+01 -4.000000e+01  0.000000e+00
    endloop
  endfacet
  facet normal -1.000000e+00  0.000000e+00  0.000000e+00
    outer loop
      vertex  6.000000e+01 -4.000000e+01  0.000000e+00
      vertex  6.000000e+01  4.000000e+01  1.500000e+00
      vertex  6.000000e+01  4.000000e+01  0.000000e+00
    endloop
  endfacet
  facet normal -6.755910e-01 -7.372767e-01  -0.000000e+00
    outer loop
      vertex  5.707107e+01  4.707107e+01  0.000000e+00
      vertex  5.642788e+01  4.766045e+01  1.500000e+00
      vertex  5.642788e+01  4.766045e+01  0.000000e+00
    endloop
  endfacet
  facet normal -6.087602e-01 -7.933543e-01  0.000000e+00
    outer loop
      vertex  5.642788e+01  4.766045e+01  0.000000e+00
      vertex  5.642788e+01  4.766045e+01  1.500000e+00
      vertex  5.573576e+01  4.819152e+01  1.500000e+00
    endloop
  endfacet
  facet normal -6.087602e-01 -7.933543e-01  -0.000000e+00
    outer loop
      vertex  5.642788e+01  4.766045e+01  0.000000e+00
      vertex  5.573576e+01  4.819152e+01  1.500000e+00
      vertex  5.573576e+01  4.819152e+01  0.000000e+00
    endloop
  endfacet
  facet normal -5.373010e-01 -8.433906e-01  0.000000e+00
    outer loop
      vertex  5.573576e+01  4.819152e+01  0.000000e+00
      vertex  5.573576e+01  4.819152e+01  1.500000e+00
      vertex  5.500000e+01  4.866026e+01  1.500000e+00
    endloop
  endfacet
  facet normal -5.373010e-01 -8.433906e-01  -0.000000e+00
    outer loop
      vertex  5.573576e+01  4.819152e+01  0.000000e+00
      vertex  5.500000e+01  4.866026e+01  1.500000e+00
      vertex  5.500000e+01  4.866026e+01  0.000000e+00
    endloop
  endfacet
  facet normal -4.617449e-01 -8.870127e-01  0.000000e+00
    outer loop
      vertex  5.500000e+01  4.866026e+01  0.000000e+00
      vertex  5.500000e+01  4.866026e+01  1.500000e+00
      vertex  5.422618e+01  4.906308e+01  1.500000e+00
    endloop
  endfacet
  facet normal -4.617449e-01 -8.870127e-01  -0.000000e+00
    outer loop
      vertex  5.500000e+01  4.866026e+01  0.000000e+00
      vertex  5.422618e+01  4.906308e+01  1.500000e+00
      vertex  5.422618e+01  4.906308e+01  0.000000e+00
    endloop
  endfacet
  facet normal -3.826861e-01 -9.238785e-01  0.000000e+00
    outer loop
      vertex  5.422618e+01  4.906308e+01  0.000000e+00
      vertex  5.422618e+01  4.906308e+01  1.500000e+00
      vertex  5.342020e+01  4.939693e+01  1.500000e+00
    endloop
  endfacet
  facet normal -3.826861e-01 -9.238785e-01  -0.000000e+00
    outer loop
      vertex  5.422618e+01  4.906308e+01  0.000000e+00
      vertex  5.342020e+01  4.939693e+01  1.500000e+00
      vertex  5.342020e+01  4.939693e+01  0.000000e+00
    endloop
  endfacet
  facet normal -3.007076e-01 -9.537164e-01  0.000000e+00
    outer loop
      vertex  5.342020e+01  4.939693e+01  0.000000e+00
      vertex  5.342020e+01  4.939693e+01  1.500000e+00
      vertex  5.258819e+01  4.965926e+01  1.500000e+00
    endloop
  endfacet
  facet normal -3.007076e-01 -9.537164e-01  -0.000000e+00
    outer loop
      vertex  5.342020e+01  4.939693e+01  0.000000e+00
      vertex  5.258819e+01  4.965926e+01  1.500000e+00
      vertex  5.258819e+01  4.965926e+01  0.000000e+00
    endloop
  endfacet
  facet normal -2.164355e-01 -9.762969e-01  0.000000e+00
    outer loop
      vertex  5.258819e+01  4.965926e+01  0.000000e+00
      vertex  5.258819e+01  4.965926e+01  1.500000e+00
      vertex  5.173648e+01  4.984808e+01  1.500000e+00
    endloop
  endfacet
  facet normal -2.164355e-01 -9.762969e-01  -0.000000e+00
    outer loop
      vertex  5.258819e+01  4.965926e+01  0.000000e+00
      vertex  5.173648e+01  4.984808e+01  1.500000e+00
      vertex  5.173648e+01  4.984808e+01  0.000000e+00
    endloop
  endfacet
  facet normal -1.305301e-01 -9.914443e-01  0.000000e+00
    outer loop
      vertex  5.173648e+01  4.984808e+01  0.000000e+00
      vertex  5.173648e+01  4.984808e+01  1.500000e+00
      vertex  5.087156e+01  4.996195e+01  1.500000e+00
    endloop
  endfacet
  facet normal -1.305301e-01 -9.914443e-01  -0.000000e+00
    outer loop
      vertex  5.173648e+01  4.984808e+01  0.000000e+00
      vertex  5.087156e+01  4.996195e+01  1.500000e+00
      vertex  5.087156e+01  4.996195e+01  0.000000e+00
    endloop
  endfacet
  facet normal -4.361768e-02 -9.990484e-01  0.000000e+00
    outer loop
      vertex  5.087156e+01  4.996195e+01  0.000000e+00
      vertex  5.087156e+01  4.996195e+01  1.500000e+00
      vertex  5.000000e+01  5.000000e+01  1.500000e+00
    endloop
  endfacet
  facet normal -4.361768e-02 -9.990484e-01  -0.000000e+00
    outer loop
      vertex  5.087156e+01  4.996195e+01  0.000000e+00
      vertex  5.000000e+01  5.000000e+01  1.500000e+00
      vertex  5.000000e+01  5.000000e+01  0.000000e+00
    endloop
  endfacet
  facet normal -6.755910e-01 -7.372767e-01  0.000000e+00
    outer loop
      vertex  5.642788e+01  4.766045e+01  1.500000e+00
      vertex  5.707107e+01  4.707107e+01  0.000000e+00
      vertex  5.707107e+01  4.707107e+01  1.500000e+00
    endloop
  endfacet
  facet normal -7.372767e-01 -6.755910e-01  -0.000000e+00
    outer loop
      vertex  5.707107e+01  4.707107e+01  1.500000e+00
      vertex  5.707107e+01  4.707107e+01  0.000000e+00
      vertex  5.766045e+01  4.642788e+01  0.000000e+00
    endloop
  endfacet
  facet normal -7.372767e-01 -6.755910e-01  0.000000e+00
    outer loop
      vertex  5.707107e+01  4.707107e+01  1.500000e+00
      vertex  5.766045e+01  4.642788e+01  0.000000e+00
      vertex  5.766045e+01  4.642788e+01  1.500000e+00
    endloop
  endfacet
  facet normal -7.933543e-01 -6.087602e-01  -0.000000e+00
    outer loop
      vertex  5.766045e+01  4.642788e+01  1.500000e+00
      vertex  5.766045e+01  4.642788e+01  0.000000e+00
      vertex  5.819152e+01  4.573576e+01  0.000000e+00
    endloop
  endfacet
  facet normal -7.933543e-01 -6.087602e-01  0.000000e+00
    outer loop
      vertex  5.766045e+01  4.642788e+01  1.500000e+00
      vertex  5.819152e+01  4.573576e+01  0.000000e+00
      vertex  5.819152e+01  4.573576e+01  1.500000e+00
    endloop
  endfacet
  facet normal -8.433906e-01 -5.373010e-01  -0.000000e+00
    outer loop
      vertex  5.819152e+01  4.573576e+01  1.500000e+00
      vertex  5.819152e+01  4.573576e+01  0.000000e+00
      vertex  5.866026e+01  4.500000e+01  0.000000e+00
    endloop
  endfacet
  facet normal -8.433906e-01 -5.373010e-01  0.000000e+00
    outer loop
      vertex  5.819152e+01  4.573576e+01  1.500000e+00
      vertex  5.866026e+01  4.500000e+01  0.000000e+00
      vertex  5.866026e+01  4.500000e+01  1.500000e+00
    endloop
  endfacet
  facet normal -8.870127e-01 -4.617449e-01  -0.000000e+00
    outer loop
      vertex  5.866026e+01  4.500000e+01  1.500000e+00
      vertex  5.866026e+01  4.500000e+01  0.000000e+00
      vertex  5.906308e+01  4.422618e+01  0.000000e+00
    endloop
  endfacet
  facet normal -8.870127e-01 -4.617449e-01  0.000000e+00
    outer loop
      vertex  5.866026e+01  4.500000e+01  1.500000e+00
      vertex  5.906308e+01  4.422618e+01  0.000000e+00
      vertex  5.906308e+01  4.422618e+01  1.500000e+00
    endloop
  endfacet
  facet normal -9.238785e-01 -3.826861e-01  -0.000000e+00
    outer loop
      vertex  5.906308e+01  4.422618e+01  1.500000e+00
      vertex  5.906308e+01  4.422618e+01  0.000000e+00
      vertex  5.939693e+01  4.342020e+01  0.000000e+00
    endloop
  endfacet
  facet normal -9.238785e-01 -3.826861e-01  0.000000e+00
    outer loop
      vertex  5.906308e+01  4.422618e+01  1.500000e+00
      vertex  5.939693e+01  4.342020e+01  0.000000e+00
      vertex  5.939693e+01  4.342020e+01  1.500000e+00
    endloop
  endfacet
  facet normal -9.537164e-01 -3.007076e-01  -0.000000e+00
    outer loop
      vertex  5.939693e+01  4.342020e+01  1.500000e+00
      vertex  5.939693e+01  4.342020e+01  0.000000e+00
      vertex  5.965926e+01  4.258819e+01  0.000000e+00
    endloop
  endfacet
  facet normal -9.537164e-01 -3.007076e-01  0.000000e+00
    outer loop
      vertex  5.939693e+01  4.342020e+01  1.500000e+00
      vertex  5.965926e+01  4.258819e+01  0.000000e+00
      vertex  5.965926e+01  4.258819e+01  1.500000e+00
    endloop
  endfacet
  facet normal -9.762969e-01 -2.164355e-01  -0.000000e+00
    outer loop
      vertex  5.965926e+01  4.258819e+01  1.500000e+00
      vertex  5.965926e+01  4.258819e+01  0.000000e+00
      vertex  5.984808e+01  4.173648e+01  0.000000e+00
    endloop
  endfacet
  facet normal -9.762969e-01 -2.164355e-01  0.000000e+00
    outer loop
      vertex  5.965926e+01  4.258819e+01  1.500000e+00
      vertex  5.984808e+01  4.173648e+01  0.000000e+00
      vertex  5.984808e+01  4.173648e+01  1.500000e+00
    endloop
  endfacet
  facet normal -9.914443e-01 -1.305301e-01  -0.000000e+00
    outer loop
      vertex  5.984808e+01  4.173648e+01  1.500000e+00
      vertex  5.984808e+01  4.173648e+01  0.000000e+00
      vertex  5.996195e+01  4.087156e+01  0.000000e+00
    endloop
  endfacet
  facet normal -9.914443e-01 -1.305301e-01  0.000000e+00
    outer loop
      vertex  5.984808e+01  4.173648e+01  1.500000e+00
      vertex  5.996195e+01  4.087156e+01  0.000000e+00
      vertex  5.996195e+01  4.087156e+01  1.500000e+00
    endloop
  endfacet
  facet normal -9.990484e-01 -4.361768e-02  -0.000000e+00
    outer loop
      vertex  5.996195e+01  4.087156e+01  1.500000e+00
      vertex  5.996195e+01  4.087156e+01  0.000000e+00
      vertex  6.000000e+01  4.000000e+01  0.000000e+00
    endloop
  endfacet
  facet normal -9.990484e-01 -4.361768e-02  0.000000e+00
    outer loop
      vertex  5.996195e+01  4.087156e+01  1.500000e+00
      vertex  6.000000e+01  4.000000e+01  0.000000e+00
      vertex  6.000000e+01  4.000000e+01  1.500000e+00
    endloop
  endfacet
  facet normal  0.000000e+00 -1.000000e+00  0.000000e+00
    outer loop
      vertex  5.000000e+01  5.000000e+01  1.500000e+00
      vertex -5.000000e+01  5.000000e+01  1.500000e+00
      vertex  5.000000e+01  5.000000e+01  0.000000e+00
    endloop
  endfacet
  facet normal  0.000000e+00 -1.000000e+00  0.000000e+00
    outer loop
      vertex  5.000000e+01  5.000000e+01  0.000000e+00
      vertex -5.000000e+01  5.000000e+01  1.500000e+00
      vertex -5.000000e+01  5.000000e+01  0.000000e+00
    endloop
  endfacet
  facet normal  7.372767e-01 -6.755910e-01  0.000000e+00
    outer loop
      vertex -5.707107e+01  4.707107e+01  0.000000e+00
      vertex -5.766045e+01  4.642788e+01  1.500000e+00
      vertex -5.766045e+01  4.642788e+01  0.000000e+00
    endloop
  endfacet
  facet normal  7.933543e-01 -6.087602e-01  0.000000e+00
    outer loop
      vertex -5.766045e+01  4.642788e+01  0.000000e+00
      vertex -5.766045e+01  4.642788e+01  1.500000e+00
      vertex -5.819152e+01  4.573576e+01  1.500000e+00
    endloop
  endfacet
  facet normal  7.933543e-01 -6.087602e-01  0.000000e+00
    outer loop
      vertex -5.766045e+01  4.642788e+01  0.000000e+00
      vertex -5.819152e+01  4.573576e+01  1.500000e+00
      vertex -5.819152e+01  4.573576e+01  0.000000e+00
    endloop
  endfacet
  facet normal  8.433906e-01 -5.373010e-01  0.000000e+00
    outer loop
      vertex -5.819152e+01  4.573576e+01  0.000000e+00
      vertex -5.819152e+01  4.573576e+01  1.500000e+00
      vertex -5.866026e+01  4.500000e+01  1.500000e+00
    endloop
  endfacet
  facet normal  8.433906e-01 -5.373010e-01  0.000000e+00
    outer loop
      vertex -5.819152e+01  4.573576e+01  0.000000e+00
      vertex -5.866026e+01  4.500000e+01  1.500000e+00
      vertex -5.866026e+01  4.500000e+01  0.000000e+00
    endloop
  endfacet
  facet normal  8.870127e-01 -4.617449e-01  0.000000e+00
    outer loop
      vertex -5.866026e+01  4.500000e+01  0.000000e+00
      vertex -5.866026e+01  4.500000e+01  1.500000e+00
      vertex -5.906308e+01  4.422618e+01  1.500000e+00
    endloop
  endfacet
  facet normal  8.870127e-01 -4.617449e-01  0.000000e+00
    outer loop
      vertex -5.866026e+01  4.500000e+01  0.000000e+00
      vertex -5.906308e+01  4.422618e+01  1.500000e+00
      vertex -5.906308e+01  4.422618e+01  0.000000e+00
    endloop
  endfacet
  facet normal  9.238785e-01 -3.826861e-01  0.000000e+00
    outer loop
      vertex -5.906308e+01  4.422618e+01  0.000000e+00
      vertex -5.906308e+01  4.422618e+01  1.500000e+00
      vertex -5.939693e+01  4.342020e+01  1.500000e+00
    endloop
  endfacet
  facet normal  9.238785e-01 -3.826861e-01  0.000000e+00
    outer loop
      vertex -5.906308e+01  4.422618e+01  0.000000e+00
      vertex -5.939693e+01  4.342020e+01  1.500000e+00
      vertex -5.939693e+01  4.342020e+01  0.000000e+00
    endloop
  endfacet
  facet normal  9.537164e-01 -3.007076e-01  0.000000e+00
    outer loop
      vertex -5.939693e+01  4.342020e+01  0.000000e+00
      vertex -5.939693e+01  4.342020e+01  1.500000e+00
      vertex -5.965926e+01  4.258819e+01  1.500000e+00
    endloop
  endfacet
  facet normal  9.537164e-01 -3.007076e-01  0.000000e+00
    outer loop
      vertex -5.939693e+01  4.342020e+01  0.000000e+00
      vertex -5.965926e+01  4.258819e+01  1.500000e+00
      vertex -5.965926e+01  4.258819e+01  0.000000e+00
    endloop
  endfacet
  facet normal  9.762969e-01 -2.164355e-01  0.000000e+00
    outer loop
      vertex -5.965926e+01  4.258819e+01  0.000000e+00
      vertex -5.965926e+01  4.258819e+01  1.500000e+00
      vertex -5.984808e+01  4.173648e+01  1.500000e+00
    endloop
  endfacet
  facet normal  9.762969e-01 -2.164355e-01  0.000000e+00
    outer loop
      vertex -5.965926e+01  4.258819e+01  0.000000e+00
      vertex -5.984808e+01  4.173648e+01  1.500000e+00
      vertex -5.984808e+01  4.173648e+01  0.000000e+00
    endloop
  endfacet
  facet normal  9.914443e-01 -1.305301e-01  0.000000e+00
    outer loop
      vertex -5.984808e+01  4.173648e+01  0.000000e+00
      vertex -5.984808e+01  4.173648e+01  1.500000e+00
      vertex -5.996195e+01  4.087156e+01  1.500000e+00
    endloop
  endfacet
  facet normal  9.914443e-01 -1.305301e-01  0.000000e+00
    outer loop
      vertex -5.984808e+01  4.173648e+01  0.000000e+00
      vertex -5.996195e+01  4.087156e+01  1.500000e+00
      vertex -5.996195e+01  4.087156e+01  0.000000e+00
    endloop
  endfacet
  facet normal  9.990484e-01 -4.361768e-02  0.000000e+00
    outer loop
      vertex -5.996195e+01  4.087156e+01  0.000000e+00
      vertex -5.996195e+01  4.087156e+01  1.500000e+00
      vertex -6.000000e+01  4.000000e+01  1.500000e+00
    endloop
  endfacet
  facet normal  9.990484e-01 -4.361768e-02  0.000000e+00
    outer loop
      vertex -5.996195e+01  4.087156e+01  0.000000e+00
      vertex -6.000000e+01  4.000000e+01  1.500000e+00
      vertex -6.000000e+01  4.000000e+01  0.000000e+00
    endloop
  endfacet
  facet normal  7.372767e-01 -6.755910e-01  0.000000e+00
    outer loop
      vertex -5.766045e+01  4.642788e+01  1.500000e+00
      vertex -5.707107e+01  4.707107e+01  0.000000e+00
      vertex -5.707107e+01  4.707107e+01  1.500000e+00
    endloop
  endfacet
  facet normal  6.755910e-01 -7.372767e-01  0.000000e+00
    outer loop
      vertex -5.707107e+01  4.707107e+01  1.500000e+00
      vertex -5.707107e+01  4.707107e+01  0.000000e+00
      vertex -5.642788e+01  4.766045e+01  0.000000e+00
    endloop
  endfacet
  facet normal  6.755910e-01 -7.372767e-01  0.000000e+00
    outer loop
      vertex -5.707107e+01  4.707107e+01  1.500000e+00
      vertex -5.642788e+01  4.766045e+01  0.000000e+00
      vertex -5.642788e+01  4.766045e+01  1.500000e+00
    endloop
  endfacet
  facet normal  6.087602e-01 -7.933543e-01  0.000000e+00
    outer loop
      vertex -5.642788e+01  4.766045e+01  1.500000e+00
      vertex -5.642788e+01  4.766045e+01  0.000000e+00
      vertex -5.573576e+01  4.819152e+01  0.000000e+00
    endloop
  endfacet
  facet normal  6.087602e-01 -7.933543e-01  0.000000e+00
    outer loop
      vertex -5.642788e+01  4.766045e+01  1.500000e+00
      vertex -5.573576e+01  4.819152e+01  0.000000e+00
      vertex -5.573576e+01  4.819152e+01  1.500000e+00
    endloop
  endfacet
  facet normal  5.373010e-01 -8.433906e-01  0.000000e+00
    outer loop
      vertex -5.573576e+01  4.819152e+01  1.500000e+00
      vertex -5.573576e+01  4.819152e+01  0.000000e+00
      vertex -5.500000e+01  4.866026e+01  0.000000e+00
    endloop
  endfacet
  facet normal  5.373010e-01 -8.433906e-01  0.000000e+00
    outer loop
      vertex -5.573576e+01  4.819152e+01  1.500000e+00
      vertex -5.500000e+01  4.866026e+01  0.000000e+00
      vertex -5.500000e+01  4.866026e+01  1.500000e+00
    endloop
  endfacet
  facet normal  4.617449e-01 -8.870127e-01  0.000000e+00
    outer loop
      vertex -5.500000e+01  4.866026e+01  1.500000e+00
      vertex -5.500000e+01  4.866026e+01  0.000000e+00
      vertex -5.422618e+01  4.906308e+01  0.000000e+00
    endloop
  endfacet
  facet normal  4.617449e-01 -8.870127e-01  0.000000e+00
    outer loop
      vertex -5.500000e+01  4.866026e+01  1.500000e+00
      vertex -5.422618e+01  4.906308e+01  0.000000e+00
      vertex -5.422618e+01  4.906308e+01  1.500000e+00
    endloop
  endfacet
  facet normal  3.826861e-01 -9.238785e-01  0.000000e+00
    outer loop
      vertex -5.422618e+01  4.906308e+01  1.500000e+00
      vertex -5.422618e+01  4.906308e+01  0.000000e+00
      vertex -5.342020e+01  4.939693e+01  0.000000e+00
    endloop
  endfacet
  facet normal  3.826861e-01 -9.238785e-01  0.000000e+00
    outer loop
      vertex -5.422618e+01  4.906308e+01  1.500000e+00
      vertex -5.342020e+01  4.939693e+01  0.000000e+00
      vertex -5.342020e+01  4.939693e+01  1.500000e+00
    endloop
  endfacet
  facet normal  3.007076e-01 -9.537164e-01  0.000000e+00
    outer loop
      vertex -5.342020e+01  4.939693e+01  1.500000e+00
      vertex -5.342020e+01  4.939693e+01  0.000000e+00
      vertex -5.258819e+01  4.965926e+01  0.000000e+00
    endloop
  endfacet
  facet normal  3.007076e-01 -9.537164e-01  0.000000e+00
    outer loop
      vertex -5.342020e+01  4.939693e+01  1.500000e+00
      vertex -5.258819e+01  4.965926e+01  0.000000e+00
      vertex -5.258819e+01  4.965926e+01  1.500000e+00
    endloop
  endfacet
  facet normal  2.164355e-01 -9.762969e-01  0.000000e+00
    outer loop
      vertex -5.258819e+01  4.965926e+01  1.500000e+00
      vertex -5.258819e+01  4.965926e+01  0.000000e+00
      vertex -5.173648e+01  4.984808e+01  0.000000e+00
    endloop
  endfacet
  facet normal  2.164355e-01 -9.762969e-01  0.000000e+00
    outer loop
      vertex -5.258819e+01  4.965926e+01  1.500000e+00
      vertex -5.173648e+01  4.984808e+01  0.000000e+00
      vertex -5.173648e+01  4.984808e+01  1.500000e+00
    endloop
  endfacet
  facet normal  1.305301e-01 -9.914443e-01  0.000000e+00
    outer loop
      vertex -5.173648e+01  4.984808e+01  1.500000e+00
      vertex -5.173648e+01  4.984808e+01  0.000000e+00
      vertex -5.087156e+01  4.996195e+01  0.000000e+00
    endloop
  endfacet
  facet normal  1.305301e-01 -9.914443e-01  0.000000e+00
    outer loop
      vertex -5.173648e+01  4.984808e+01  1.500000e+00
      vertex -5.087156e+01  4.996195e+01  0.000000e+00
      vertex -5.087156e+01  4.996195e+01  1.500000e+00
    endloop
  endfacet
  facet normal  4.361768e-02 -9.990484e-01  0.000000e+00
    outer loop
      vertex -5.087156e+01  4.996195e+01  1.500000e+00
      vertex -5.087156e+01  4.996195e+01  0.000000e+00
      vertex -5.000000e+01  5.000000e+01  0.000000e+00
    endloop
  endfacet
  facet normal  4.361768e-02 -9.990484e-01  0.000000e+00
    outer loop
      vertex -5.087156e+01  4.996195e+01  1.500000e+00
      vertex -5.000000e+01  5.000000e+01  0.000000e+00
      vertex -5.000000e+01  5.000000e+01  1.500000e+00
    endloop
  endfacet
  facet normal  1.000000e+00  -0.000000e+00  0.000000e+00
    outer loop
      vertex -6.000000e+01  4.000000e+01  1.500000e+00
      vertex -6.000000e+01 -4.000000e+01  1.500000e+00
      vertex -6.000000e+01  4.000000e+01  0.000000e+00
    endloop
  endfacet
  facet normal  1.000000e+00  0.000000e+00  0.000000e+00
    outer loop
      vertex -6.000000e+01  4.000000e+01  0.000000e+00
      vertex -6.000000e+01 -4.000000e+01  1.500000e+00
      vertex -6.000000e+01 -4.000000e+01  0.000000e+00
    endloop
  endfacet
  facet normal  6.755910e-01  7.372767e-01  0.000000e+00
    outer loop
      vertex -5.707107e+01 -4.707107e+01  0.000000e+00
      vertex -5.642788e+01 -4.766045e+01  1.500000e+00
      vertex -5.642788e+01 -4.766045e+01  0.000000e+00
    endloop
  endfacet
  facet normal  6.087602e-01  7.933543e-01  -0.000000e+00
    outer loop
      vertex -5.642788e+01 -4.766045e+01  0.000000e+00
      vertex -5.642788e+01 -4.766045e+01  1.500000e+00
      vertex -5.573576e+01 -4.819152e+01  1.500000e+00
    endloop
  endfacet
  facet normal  6.087602e-01  7.933543e-01  0.000000e+00
    outer loop
      vertex -5.642788e+01 -4.766045e+01  0.000000e+00
      vertex -5.573576e+01 -4.819152e+01  1.500000e+00
      vertex -5.573576e+01 -4.819152e+01  0.000000e+00
    endloop
  endfacet
  facet normal  5.373010e-01  8.433906e-01  -0.000000e+00
    outer loop
      vertex -5.573576e+01 -4.819152e+01  0.000000e+00
      vertex -5.573576e+01 -4.819152e+01  1.500000e+00
      vertex -5.500000e+01 -4.866026e+01  1.500000e+00
    endloop
  endfacet
  facet normal  5.373010e-01  8.433906e-01  0.000000e+00
    outer loop
      vertex -5.573576e+01 -4.819152e+01  0.000000e+00
      vertex -5.500000e+01 -4.866026e+01  1.500000e+00
      vertex -5.500000e+01 -4.866026e+01  0.000000e+00
    endloop
  endfacet
  facet normal  4.617449e-01  8.870127e-01  -0.000000e+00
    outer loop
      vertex -5.500000e+01 -4.866026e+01  0.000000e+00
      vertex -5.500000e+01 -4.866026e+01  1.500000e+00
      vertex -5.422618e+01 -4.906308e+01  1.500000e+00
    endloop
  endfacet
  facet normal  4.617449e-01  8.870127e-01  0.000000e+00
    outer loop
      vertex -5.500000e+01 -4.866026e+01  0.000000e+00
      vertex -5.422618e+01 -4.906308e+01  1.500000e+00
      vertex -5.422618e+01 -4.906308e+01  0.000000e+00
    endloop
  endfacet
  facet normal  3.826861e-01  9.238785e-01  -0.000000e+00
    outer loop
      vertex -5.422618e+01 -4.906308e+01  0.000000e+00
      vertex -5.422618e+01 -4.906308e+01  1.500000e+00
      vertex -5.342020e+01 -4.939693e+01  1.500000e+00
    endloop
  endfacet
  facet normal  3.826861e-01  9.238785e-01  0.000000e+00
    outer loop
      vertex -5.422618e+01 -4.906308e+01  0.000000e+00
      vertex -5.342020e+01 -4.939693e+01  1.500000e+00
      vertex -5.342020e+01 -4.939693e+01  0.000000e+00
    endloop
  endfacet
  facet normal  3.007076e-01  9.537164e-01  -0.000000e+00
    outer loop
      vertex -5.342020e+01 -4.939693e+01  0.000000e+00
      vertex -5.342020e+01 -4.939693e+01  1.500000e+00
      vertex -5.258819e+01 -4.965926e+01  1.500000e+00
    endloop
  endfacet
  facet normal  3.007076e-01  9.537164e-01  0.000000e+00
    outer loop
      vertex -5.342020e+01 -4.939693e+01  0.000000e+00
      vertex -5.258819e+01 -4.965926e+01  1.500000e+00
      vertex -5.258819e+01 -4.965926e+01  0.000000e+00
    endloop
  endfacet
  facet normal  2.164355e-01  9.762969e-01  -0.000000e+00
    outer loop
      vertex -5.258819e+01 -4.965926e+01  0.000000e+00
      vertex -5.258819e+01 -4.965926e+01  1.500000e+00
      vertex -5.173648e+01 -4.984808e+01  1.500000e+00
    endloop
  endfacet
  facet normal  2.164355e-01  9.762969e-01  0.000000e+00
    outer loop
      vertex -5.258819e+01 -4.965926e+01  0.000000e+00
      vertex -5.173648e+01 -4.984808e+01  1.500000e+00
      vertex -5.173648e+01 -4.984808e+01  0.000000e+00
    endloop
  endfacet
  facet normal  1.305301e-01  9.914443e-01  -0.000000e+00
    outer loop
      vertex -5.173648e+01 -4.984808e+01  0.000000e+00
      vertex -5.173648e+01 -4.984808e+01  1.500000e+00
      vertex -5.087156e+01 -4.996195e+01  1.500000e+00
    endloop
  endfacet
  facet normal  1.305301e-01  9.914443e-01  0.000000e+00
    outer loop
      vertex -5.173648e+01 -4.984808e+01  0.000000e+00
      vertex -5.087156e+01 -4.996195e+01  1.500000e+00
      vertex -5.087156e+01 -4.996195e+01  0.000000e+00
    endloop
  endfacet
  facet normal  4.361768e-02  9.990484e-01  -0.000000e+00
    outer loop
      vertex -5.087156e+01 -4.996195e+01  0.000000e+00
      vertex -5.087156e+01 -4.996195e+01  1.500000e+00
      vertex -5.000000e+01 -5.000000e+01  1.500000e+00
    endloop
  endfacet
  facet normal  4.361768e-02  9.990484e-01  0.000000e+00
    outer loop
      vertex -5.087156e+01 -4.996195e+01  0.000000e+00
      vertex -5.000000e+01 -5.000000e+01  1.500000e+00
      vertex -5.000000e+01 -5.000000e+01  0.000000e+00
    endloop
  endfacet
  facet normal  6.755910e-01  7.372767e-01  -0.000000e+00
    outer loop
      vertex -5.642788e+01 -4.766045e+01  1.500000e+00
      vertex -5.707107e+01 -4.707107e+01  0.000000e+00
      vertex -5.707107e+01 -4.707107e+01  1.500000e+00
    endloop
  endfacet
  facet normal  7.372767e-01  6.755910e-01  0.000000e+00
    outer loop
      vertex -5.707107e+01 -4.707107e+01  1.500000e+00
      vertex -5.707107e+01 -4.707107e+01  0.000000e+00
      vertex -5.766045e+01 -4.642788e+01  0.000000e+00
    endloop
  endfacet
  facet normal  7.372767e-01  6.755910e-01  -0.000000e+00
    outer loop
      vertex -5.707107e+01 -4.707107e+01  1.500000e+00
      vertex -5.766045e+01 -4.642788e+01  0.000000e+00
      vertex -5.766045e+01 -4.642788e+01  1.500000e+00
    endloop
  endfacet
  facet normal  7.933543e-01  6.087602e-01  0.000000e+00
    outer loop
      vertex -5.766045e+01 -4.642788e+01  1.500000e+00
      vertex -5.766045e+01 -4.642788e+01  0.000000e+00
      vertex -5.819152e+01 -4.573576e+01  0.000000e+00
    endloop
  endfacet
  facet normal  7.933543e-01  6.087602e-01  -0.000000e+00
    outer loop
      vertex -5.766045e+01 -4.642788e+01  1.500000e+00
      vertex -5.819152e+01 -4.573576e+01  0.000000e+00
      vertex -5.819152e+01 -4.573576e+01  1.500000e+00
    endloop
  endfacet
  facet normal  8.433906e-01  5.373010e-01  0.000000e+00
    outer loop
      vertex -5.819152e+01 -4.573576e+01  1.500000e+00
      vertex -5.819152e+01 -4.573576e+01  0.000000e+00
      vertex -5.866026e+01 -4.500000e+01  0.000000e+00
    endloop
  endfacet
  facet normal  8.433906e-01  5.373010e-01  -0.000000e+00
    outer loop
      vertex -5.819152e+01 -4.573576e+01  1.500000e+00
      vertex -5.866026e+01 -4.500000e+01  0.000000e+00
      vertex -5.866026e+01 -4.500000e+01  1.500000e+00
    endloop
  endfacet
  facet normal  8.870127e-01  4.617449e-01  0.000000e+00
    outer loop
      vertex -5.866026e+01 -4.500000e+01  1.500000e+00
      vertex -5.866026e+01 -4.500000e+01  0.000000e+00
      vertex -5.906308e+01 -4.422618e+01  0.000000e+00
    endloop
  endfacet
  facet normal  8.870127e-01  4.617449e-01  -0.000000e+00
    outer loop
      vertex -5.866026e+01 -4.500000e+01  1.500000e+00
      vertex -5.906308e+01 -4.422618e+01  0.000000e+00
      vertex -5.906308e+01 -4.422618e+01  1.500000e+00
    endloop
  endfacet
  facet normal  9.238785e-01  3.826861e-01  0.000000e+00
    outer loop
      vertex -5.906308e+01 -4.422618e+01  1.500000e+00
      vertex -5.906308e+01 -4.422618e+01  0.000000e+00
      vertex -5.939693e+01 -4.342020e+01  0.000000e+00
    endloop
  endfacet
  facet normal  9.238785e-01  3.826861e-01  -0.000000e+00
    outer loop
      vertex -5.906308e+01 -4.422618e+01  1.500000e+00
      vertex -5.939693e+01 -4.342020e+01  0.000000e+00
      vertex -5.939693e+01 -4.342020e+01  1.500000e+00
    endloop
  endfacet
  facet normal  9.537164e-01  3.007076e-01  0.000000e+00
    outer loop
      vertex -5.939693e+01 -4.342020e+01  1.500000e+00
      vertex -5.939693e+01 -4.342020e+01  0.000000e+00
      vertex -5.965926e+01 -4.258819e+01  0.000000e+00
    endloop
  endfacet
  facet normal  9.537164e-01  3.007076e-01  -0.000000e+00
    outer loop
      vertex -5.939693e+01 -4.342020e+01  1.500000e+00
      vertex -5.965926e+01 -4.258819e+01  0.000000e+00
      vertex -5.965926e+01 -4.258819e+01  1.500000e+00
    endloop
  endfacet
  facet normal  9.762969e-01  2.164355e-01  0.000000e+00
    outer loop
      vertex -5.965926e+01 -4.258819e+01  1.500000e+00
      vertex -5.965926e+01 -4.258819e+01  0.000000e+00
      vertex -5.984808e+01 -4.173648e+01  0.000000e+00
    endloop
  endfacet
  facet normal  9.762969e-01  2.164355e-01  -0.000000e+00
    outer loop
      vertex -5.965926e+01 -4.258819e+01  1.500000e+00
      vertex -5.984808e+01 -4.173648e+01  0.000000e+00
      vertex -5.984808e+01 -4.173648e+01  1.500000e+00
    endloop
  endfacet
  facet normal  9.914443e-01  1.305301e-01  0.000000e+00
    outer loop
      vertex -5.984808e+01 -4.173648e+01  1.500000e+00
      vertex -5.984808e+01 -4.173648e+01  0.000000e+00
      vertex -5.996195e+01 -4.087156e+01  0.000000e+00
    endloop
  endfacet
  facet normal  9.914443e-01  1.305301e-01  -0.000000e+00
    outer loop
      vertex -5.984808e+01 -4.173648e+01  1.500000e+00
      vertex -5.996195e+01 -4.087156e+01  0.000000e+00
      vertex -5.996195e+01 -4.087156e+01  1.500000e+00
    endloop
  endfacet
  facet normal  9.990484e-01  4.361768e-02  0.000000e+00
    outer loop
      vertex -5.996195e+01 -4.087156e+01  1.500000e+00
      vertex -5.996195e+01 -4.087156e+01  0.000000e+00
      vertex -6.000000e+01 -4.000000e+01  0.000000e+00
    endloop
  endfacet
  facet normal  9.990484e-01  4.361768e-02  -0.000000e+00
    outer loop
      vertex -5.996195e+01 -4.087156e+01  1.500000e+00
      vertex -6.000000e+01 -4.000000e+01  0.000000e+00
      vertex -6.000000e+01 -4.000000e+01  1.500000e+00
    endloop
  endfacet
  facet normal -3.925889e-02 -9.992291e-01  -0.000000e+00
    outer loop
      vertex -5.000000e+01 -5.200000e+01  0.000000e+00
      vertex -5.000000e+01 -5.200000e+01  1.500000e+00
      vertex -5.094151e+01 -5.196301e+01  0.000000e+00
    endloop
  endfacet
  facet normal -3.925889e-02 -9.992291e-01  0.000000e+00
    outer loop
      vertex -5.094151e+01 -5.196301e+01  0.000000e+00
      vertex -5.000000e+01 -5.200000e+01  1.500000e+00
      vertex -5.094151e+01 -5.196301e+01  1.500000e+00
    endloop
  endfacet
  facet normal -1.175379e-01 -9.930683e-01  -0.000000e+00
    outer loop
      vertex -5.094151e+01 -5.196301e+01  0.000000e+00
      vertex -5.094151e+01 -5.196301e+01  1.500000e+00
      vertex -5.187721e+01 -5.185226e+01  0.000000e+00
    endloop
  endfacet
  facet normal -1.175379e-01 -9.930683e-01  0.000000e+00
    outer loop
      vertex -5.187721e+01 -5.185226e+01  0.000000e+00
      vertex -5.094151e+01 -5.196301e+01  1.500000e+00
      vertex -5.187721e+01 -5.185226e+01  1.500000e+00
    endloop
  endfacet
  facet normal -1.950914e-01 -9.807851e-01  -0.000000e+00
    outer loop
      vertex -5.187721e+01 -5.185226e+01  0.000000e+00
      vertex -5.187721e+01 -5.185226e+01  1.500000e+00
      vertex -5.280135e+01 -5.166844e+01  0.000000e+00
    endloop
  endfacet
  facet normal -1.950914e-01 -9.807851e-01  0.000000e+00
    outer loop
      vertex -5.280135e+01 -5.166844e+01  0.000000e+00
      vertex -5.187721e+01 -5.185226e+01  1.500000e+00
      vertex -5.280135e+01 -5.166844e+01  1.500000e+00
    endloop
  endfacet
  facet normal -2.714407e-01 -9.624552e-01  -0.000000e+00
    outer loop
      vertex -5.280135e+01 -5.166844e+01  0.000000e+00
      vertex -5.280135e+01 -5.166844e+01  1.500000e+00
      vertex -5.370820e+01 -5.141268e+01  0.000000e+00
    endloop
  endfacet
  facet normal -2.714407e-01 -9.624552e-01  0.000000e+00
    outer loop
      vertex -5.370820e+01 -5.141268e+01  0.000000e+00
      vertex -5.280135e+01 -5.166844e+01  1.500000e+00
      vertex -5.370820e+01 -5.141268e+01  1.500000e+00
    endloop
  endfacet
  facet normal -3.461151e-01 -9.381921e-01  -0.000000e+00
    outer loop
      vertex -5.370820e+01 -5.141268e+01  0.000000e+00
      vertex -5.370820e+01 -5.141268e+01  1.500000e+00
      vertex -5.459220e+01 -5.108656e+01  0.000000e+00
    endloop
  endfacet
  facet normal -3.461151e-01 -9.381921e-01  0.000000e+00
    outer loop
      vertex -5.459220e+01 -5.108656e+01  0.000000e+00
      vertex -5.370820e+01 -5.141268e+01  1.500000e+00
      vertex -5.459220e+01 -5.108656e+01  1.500000e+00
    endloop
  endfacet
  facet normal -4.186607e-01 -9.081427e-01  -0.000000e+00
    outer loop
      vertex -5.459220e+01 -5.108656e+01  0.000000e+00
      vertex -5.459220e+01 -5.108656e+01  1.500000e+00
      vertex -5.544789e+01 -5.069208e+01  0.000000e+00
    endloop
  endfacet
  facet normal -4.186607e-01 -9.081427e-01  0.000000e+00
    outer loop
      vertex -5.544789e+01 -5.069208e+01  0.000000e+00
      vertex -5.459220e+01 -5.108656e+01  1.500000e+00
      vertex -5.544789e+01 -5.069208e+01  1.500000e+00
    endloop
  endfacet
  facet normal -4.886221e-01 -8.724955e-01  -0.000000e+00
    outer loop
      vertex -5.544789e+01 -5.069208e+01  0.000000e+00
      vertex -5.544789e+01 -5.069208e+01  1.500000e+00
      vertex -5.626998e+01 -5.023168e+01  0.000000e+00
    endloop
  endfacet
  facet normal -4.886221e-01 -8.724955e-01  0.000000e+00
    outer loop
      vertex -5.626998e+01 -5.023168e+01  0.000000e+00
      vertex -5.544789e+01 -5.069208e+01  1.500000e+00
      vertex -5.626998e+01 -5.023168e+01  1.500000e+00
    endloop
  endfacet
  facet normal -5.555697e-01 -8.314700e-01  -0.000000e+00
    outer loop
      vertex -5.626998e+01 -5.023168e+01  0.000000e+00
      vertex -5.626998e+01 -5.023168e+01  1.500000e+00
      vertex -5.705342e+01 -4.970820e+01  0.000000e+00
    endloop
  endfacet
  facet normal -5.555697e-01 -8.314700e-01  0.000000e+00
    outer loop
      vertex -5.705342e+01 -4.970820e+01  0.000000e+00
      vertex -5.626998e+01 -5.023168e+01  1.500000e+00
      vertex -5.705342e+01 -4.970820e+01  1.500000e+00
    endloop
  endfacet
  facet normal -6.190945e-01 -7.853165e-01  -0.000000e+00
    outer loop
      vertex -5.705342e+01 -4.970820e+01  0.000000e+00
      vertex -5.705342e+01 -4.970820e+01  1.500000e+00
      vertex -5.779338e+01 -4.912487e+01  0.000000e+00
    endloop
  endfacet
  facet normal -6.190945e-01 -7.853165e-01  0.000000e+00
    outer loop
      vertex -5.779338e+01 -4.912487e+01  0.000000e+00
      vertex -5.705342e+01 -4.970820e+01  1.500000e+00
      vertex -5.779338e+01 -4.912487e+01  1.500000e+00
    endloop
  endfacet
  facet normal -6.787986e-01 -7.343246e-01  -0.000000e+00
    outer loop
      vertex -5.779338e+01 -4.912487e+01  0.000000e+00
      vertex -5.779338e+01 -4.912487e+01  1.500000e+00
      vertex -5.848528e+01 -4.848528e+01  0.000000e+00
    endloop
  endfacet
  facet normal -6.787986e-01 -7.343246e-01  0.000000e+00
    outer loop
      vertex -5.848528e+01 -4.848528e+01  0.000000e+00
      vertex -5.779338e+01 -4.912487e+01  1.500000e+00
      vertex -5.848528e+01 -4.848528e+01  1.500000e+00
    endloop
  endfacet
  facet normal -7.343246e-01 -6.787986e-01  -0.000000e+00
    outer loop
      vertex -5.848528e+01 -4.848528e+01  0.000000e+00
      vertex -5.848528e+01 -4.848528e+01  1.500000e+00
      vertex -5.912487e+01 -4.779338e+01  0.000000e+00
    endloop
  endfacet
  facet normal -7.343246e-01 -6.787986e-01  0.000000e+00
    outer loop
      vertex -5.912487e+01 -4.779338e+01  0.000000e+00
      vertex -5.848528e+01 -4.848528e+01  1.500000e+00
      vertex -5.912487e+01 -4.779338e+01  1.500000e+00
    endloop
  endfacet
  facet normal -7.853165e-01 -6.190945e-01  -0.000000e+00
    outer loop
      vertex -5.912487e+01 -4.779338e+01  0.000000e+00
      vertex -5.912487e+01 -4.779338e+01  1.500000e+00
      vertex -5.970820e+01 -4.705342e+01  0.000000e+00
    endloop
  endfacet
  facet normal -7.853165e-01 -6.190945e-01  0.000000e+00
    outer loop
      vertex -5.970820e+01 -4.705342e+01  0.000000e+00
      vertex -5.912487e+01 -4.779338e+01  1.500000e+00
      vertex -5.970820e+01 -4.705342e+01  1.500000e+00
    endloop
  endfacet
  facet normal -8.314700e-01 -5.555697e-01  -0.000000e+00
    outer loop
      vertex -5.970820e+01 -4.705342e+01  0.000000e+00
      vertex -5.970820e+01 -4.705342e+01  1.500000e+00
      vertex -6.023168e+01 -4.626998e+01  0.000000e+00
    endloop
  endfacet
  facet normal -8.314700e-01 -5.555697e-01  0.000000e+00
    outer loop
      vertex -6.023168e+01 -4.626998e+01  0.000000e+00
      vertex -5.970820e+01 -4.705342e+01  1.500000e+00
      vertex -6.023168e+01 -4.626998e+01  1.500000e+00
    endloop
  endfacet
  facet normal -8.724955e-01 -4.886221e-01  -0.000000e+00
    outer loop
      vertex -6.023168e+01 -4.626998e+01  0.000000e+00
      vertex -6.023168e+01 -4.626998e+01  1.500000e+00
      vertex -6.069208e+01 -4.544789e+01  0.000000e+00
    endloop
  endfacet
  facet normal -8.724955e-01 -4.886221e-01  0.000000e+00
    outer loop
      vertex -6.069208e+01 -4.544789e+01  0.000000e+00
      vertex -6.023168e+01 -4.626998e+01  1.500000e+00
      vertex -6.069208e+01 -4.544789e+01  1.500000e+00
    endloop
  endfacet
  facet normal -9.081427e-01 -4.186607e-01  -0.000000e+00
    outer loop
      vertex -6.069208e+01 -4.544789e+01  0.000000e+00
      vertex -6.069208e+01 -4.544789e+01  1.500000e+00
      vertex -6.108656e+01 -4.459220e+01  0.000000e+00
    endloop
  endfacet
  facet normal -9.081427e-01 -4.186607e-01  0.000000e+00
    outer loop
      vertex -6.108656e+01 -4.459220e+01  0.000000e+00
      vertex -6.069208e+01 -4.544789e+01  1.500000e+00
      vertex -6.108656e+01 -4.459220e+01  1.500000e+00
    endloop
  endfacet
  facet normal -9.381921e-01 -3.461151e-01  -0.000000e+00
    outer loop
      vertex -6.108656e+01 -4.459220e+01  0.000000e+00
      vertex -6.108656e+01 -4.459220e+01  1.500000e+00
      vertex -6.141268e+01 -4.370820e+01  0.000000e+00
    endloop
  endfacet
  facet normal -9.381921e-01 -3.461151e-01  0.000000e+00
    outer loop
      vertex -6.141268e+01 -4.370820e+01  0.000000e+00
      vertex -6.108656e+01 -4.459220e+01  1.500000e+00
      vertex -6.141268e+01 -4.370820e+01  1.500000e+00
    endloop
  endfacet
  facet normal -9.624552e-01 -2.714407e-01  -0.000000e+00
    outer loop
      vertex -6.141268e+01 -4.370820e+01  0.000000e+00
      vertex -6.141268e+01 -4.370820e+01  1.500000e+00
      vertex -6.166844e+01 -4.280135e+01  0.000000e+00
    endloop
  endfacet
  facet normal -9.624552e-01 -2.714407e-01  0.000000e+00
    outer loop
      vertex -6.166844e+01 -4.280135e+01  0.000000e+00
      vertex -6.141268e+01 -4.370820e+01  1.500000e+00
      vertex -6.166844e+01 -4.280135e+01  1.500000e+00
    endloop
  endfacet
  facet normal -9.807851e-01 -1.950914e-01  -0.000000e+00
    outer loop
      vertex -6.166844e+01 -4.280135e+01  0.000000e+00
      vertex -6.166844e+01 -4.280135e+01  1.500000e+00
      vertex -6.185226e+01 -4.187721e+01  0.000000e+00
    endloop
  endfacet
  facet normal -9.807851e-01 -1.950914e-01  0.000000e+00
    outer loop
      vertex -6.185226e+01 -4.187721e+01  0.000000e+00
      vertex -6.166844e+01 -4.280135e+01  1.500000e+00
      vertex -6.185226e+01 -4.187721e+01  1.500000e+00
    endloop
  endfacet
  facet normal -9.930683e-01 -1.175379e-01  -0.000000e+00
    outer loop
      vertex -6.185226e+01 -4.187721e+01  0.000000e+00
      vertex -6.185226e+01 -4.187721e+01  1.500000e+00
      vertex -6.196301e+01 -4.094151e+01  0.000000e+00
    endloop
  endfacet
  facet normal -9.930683e-01 -1.175379e-01  0.000000e+00
    outer loop
      vertex -6.196301e+01 -4.094151e+01  0.000000e+00
      vertex -6.185226e+01 -4.187721e+01  1.500000e+00
      vertex -6.196301e+01 -4.094151e+01  1.500000e+00
    endloop
  endfacet
  facet normal -9.992291e-01 -3.925889e-02  -0.000000e+00
    outer loop
      vertex -6.196301e+01 -4.094151e+01  0.000000e+00
      vertex -6.196301e+01 -4.094151e+01  1.500000e+00
      vertex -6.200000e+01 -4.000000e+01  0.000000e+00
    endloop
  endfacet
  facet normal -9.992291e-01 -3.925889e-02  0.000000e+00
    outer loop
      vertex -6.200000e+01 -4.000000e+01  0.000000e+00
      vertex -6.196301e+01 -4.094151e+01  1.500000e+00
      vertex -6.200000e+01 -4.000000e+01  1.500000e+00
    endloop
  endfacet
  facet normal -1.000000e+00  0.000000e+00  0.000000e+00
    outer loop
      vertex -6.200000e+01  4.000000e+01  1.500000e+00
      vertex -6.200000e+01  4.000000e+01  0.000000e+00
      vertex -6.200000e+01 -4.000000e+01  1.500000e+00
    endloop
  endfacet
  facet normal -1.000000e+00  0.000000e+00  0.000000e+00
    outer loop
      vertex -6.200000e+01 -4.000000e+01  1.500000e+00
      vertex -6.200000e+01  4.000000e+01  0.000000e+00
      vertex -6.200000e+01 -4.000000e+01  0.000000e+00
    endloop
  endfacet
  facet normal -9.992291e-01  3.925889e-02  0.000000e+00
    outer loop
      vertex -6.200000e+01  4.000000e+01  0.000000e+00
      vertex -6.200000e+01  4.000000e+01  1.500000e+00
      vertex -6.196301e+01  4.094151e+01  0.000000e+00
    endloop
  endfacet
  facet normal -9.992291e-01  3.925889e-02  0.000000e+00
    outer loop
      vertex -6.196301e+01  4.094151e+01  0.000000e+00
      vertex -6.200000e+01  4.000000e+01  1.500000e+00
      vertex -6.196301e+01  4.094151e+01  1.500000e+00
    endloop
  endfacet
  facet normal -9.930683e-01  1.175379e-01  0.000000e+00
    outer loop
      vertex -6.196301e+01  4.094151e+01  0.000000e+00
      vertex -6.196301e+01  4.094151e+01  1.500000e+00
      vertex -6.185226e+01  4.187721e+01  0.000000e+00
    endloop
  endfacet
  facet normal -9.930683e-01  1.175379e-01  0.000000e+00
    outer loop
      vertex -6.185226e+01  4.187721e+01  0.000000e+00
      vertex -6.196301e+01  4.094151e+01  1.500000e+00
      vertex -6.185226e+01  4.187721e+01  1.500000e+00
    endloop
  endfacet
  facet normal -9.807851e-01  1.950914e-01  0.000000e+00
    outer loop
      vertex -6.185226e+01  4.187721e+01  0.000000e+00
      vertex -6.185226e+01  4.187721e+01  1.500000e+00
      vertex -6.166844e+01  4.280135e+01  0.000000e+00
    endloop
  endfacet
  facet normal -9.807851e-01  1.950914e-01  0.000000e+00
    outer loop
      vertex -6.166844e+01  4.280135e+01  0.000000e+00
      vertex -6.185226e+01  4.187721e+01  1.500000e+00
      vertex -6.166844e+01  4.280135e+01  1.500000e+00
    endloop
  endfacet
  facet normal -9.624552e-01  2.714407e-01  0.000000e+00
    outer loop
      vertex -6.166844e+01  4.280135e+01  0.000000e+00
      vertex -6.166844e+01  4.280135e+01  1.500000e+00
      vertex -6.141268e+01  4.370820e+01  0.000000e+00
    endloop
  endfacet
  facet normal -9.624552e-01  2.714407e-01  0.000000e+00
    outer loop
      vertex -6.141268e+01  4.370820e+01  0.000000e+00
      vertex -6.166844e+01  4.280135e+01  1.500000e+00
      vertex -6.141268e+01  4.370820e+01  1.500000e+00
    endloop
  endfacet
  facet normal -9.381921e-01  3.461151e-01  0.000000e+00
    outer loop
      vertex -6.141268e+01  4.370820e+01  0.000000e+00
      vertex -6.141268e+01  4.370820e+01  1.500000e+00
      vertex -6.108656e+01  4.459220e+01  0.000000e+00
    endloop
  endfacet
  facet normal -9.381921e-01  3.461151e-01  0.000000e+00
    outer loop
      vertex -6.108656e+01  4.459220e+01  0.000000e+00
      vertex -6.141268e+01  4.370820e+01  1.500000e+00
      vertex -6.108656e+01  4.459220e+01  1.500000e+00
    endloop
  endfacet
  facet normal -9.081427e-01  4.186607e-01  0.000000e+00
    outer loop
      vertex -6.108656e+01  4.459220e+01  0.000000e+00
      vertex -6.108656e+01  4.459220e+01  1.500000e+00
      vertex -6.069208e+01  4.544789e+01  0.000000e+00
    endloop
  endfacet
  facet normal -9.081427e-01  4.186607e-01  0.000000e+00
    outer loop
      vertex -6.069208e+01  4.544789e+01  0.000000e+00
      vertex -6.108656e+01  4.459220e+01  1.500000e+00
      vertex -6.069208e+01  4.544789e+01  1.500000e+00
    endloop
  endfacet
  facet normal -8.724955e-01  4.886221e-01  0.000000e+00
    outer loop
      vertex -6.069208e+01  4.544789e+01  0.000000e+00
      vertex -6.069208e+01  4.544789e+01  1.500000e+00
      vertex -6.023168e+01  4.626998e+01  0.000000e+00
    endloop
  endfacet
  facet normal -8.724955e-01  4.886221e-01  0.000000e+00
    outer loop
      vertex -6.023168e+01  4.626998e+01  0.000000e+00
      vertex -6.069208e+01  4.544789e+01  1.500000e+00
      vertex -6.023168e+01  4.626998e+01  1.500000e+00
    endloop
  endfacet
  facet normal -8.314700e-01  5.555697e-01  0.000000e+00
    outer loop
      vertex -6.023168e+01  4.626998e+01  0.000000e+00
      vertex -6.023168e+01  4.626998e+01  1.500000e+00
      vertex -5.970820e+01  4.705342e+01  0.000000e+00
    endloop
  endfacet
  facet normal -8.314700e-01  5.555697e-01  0.000000e+00
    outer loop
      vertex -5.970820e+01  4.705342e+01  0.000000e+00
      vertex -6.023168e+01  4.626998e+01  1.500000e+00
      vertex -5.970820e+01  4.705342e+01  1.500000e+00
    endloop
  endfacet
  facet normal -7.853165e-01  6.190945e-01  0.000000e+00
    outer loop
      vertex -5.970820e+01  4.705342e+01  0.000000e+00
      vertex -5.970820e+01  4.705342e+01  1.500000e+00
      vertex -5.912487e+01  4.779338e+01  0.000000e+00
    endloop
  endfacet
  facet normal -7.853165e-01  6.190945e-01  0.000000e+00
    outer loop
      vertex -5.912487e+01  4.779338e+01  0.000000e+00
      vertex -5.970820e+01  4.705342e+01  1.500000e+00
      vertex -5.912487e+01  4.779338e+01  1.500000e+00
    endloop
  endfacet
  facet normal -7.343246e-01  6.787986e-01  0.000000e+00
    outer loop
      vertex -5.912487e+01  4.779338e+01  0.000000e+00
      vertex -5.912487e+01  4.779338e+01  1.500000e+00
      vertex -5.848528e+01  4.848528e+01  0.000000e+00
    endloop
  endfacet
  facet normal -7.343246e-01  6.787986e-01  0.000000e+00
    outer loop
      vertex -5.848528e+01  4.848528e+01  0.000000e+00
      vertex -5.912487e+01  4.779338e+01  1.500000e+00
      vertex -5.848528e+01  4.848528e+01  1.500000e+00
    endloop
  endfacet
  facet normal -6.787986e-01  7.343246e-01  0.000000e+00
    outer loop
      vertex -5.848528e+01  4.848528e+01  0.000000e+00
      vertex -5.848528e+01  4.848528e+01  1.500000e+00
      vertex -5.779338e+01  4.912487e+01  0.000000e+00
    endloop
  endfacet
  facet normal -6.787986e-01  7.343246e-01  0.000000e+00
    outer loop
      vertex -5.779338e+01  4.912487e+01  0.000000e+00
      vertex -5.848528e+01  4.848528e+01  1.500000e+00
      vertex -5.779338e+01  4.912487e+01  1.500000e+00
    endloop
  endfacet
  facet normal -6.190945e-01  7.853165e-01  0.000000e+00
    outer loop
      vertex -5.779338e+01  4.912487e+01  0.000000e+00
      vertex -5.779338e+01  4.912487e+01  1.500000e+00
      vertex -5.705342e+01  4.970820e+01  0.000000e+00
    endloop
  endfacet
  facet normal -6.190945e-01  7.853165e-01  0.000000e+00
    outer loop
      vertex -5.705342e+01  4.970820e+01  0.000000e+00
      vertex -5.779338e+01  4.912487e+01  1.500000e+00
      vertex -5.705342e+01  4.970820e+01  1.500000e+00
    endloop
  endfacet
  facet normal -5.555697e-01  8.314700e-01  0.000000e+00
    outer loop
      vertex -5.705342e+01  4.970820e+01  0.000000e+00
      vertex -5.705342e+01  4.970820e+01  1.500000e+00
      vertex -5.626998e+01  5.023168e+01  0.000000e+00
    endloop
  endfacet
  facet normal -5.555697e-01  8.314700e-01  0.000000e+00
    outer loop
      vertex -5.626998e+01  5.023168e+01  0.000000e+00
      vertex -5.705342e+01  4.970820e+01  1.500000e+00
      vertex -5.626998e+01  5.023168e+01  1.500000e+00
    endloop
  endfacet
  facet normal -4.886221e-01  8.724955e-01  0.000000e+00
    outer loop
      vertex -5.626998e+01  5.023168e+01  0.000000e+00
      vertex -5.626998e+01  5.023168e+01  1.500000e+00
      vertex -5.544789e+01  5.069208e+01  0.000000e+00
    endloop
  endfacet
  facet normal -4.886221e-01  8.724955e-01  0.000000e+00
    outer loop
      vertex -5.544789e+01  5.069208e+01  0.000000e+00
      vertex -5.626998e+01  5.023168e+01  1.500000e+00
      vertex -5.544789e+01  5.069208e+01  1.500000e+00
    endloop
  endfacet
  facet normal -4.186607e-01  9.081427e-01  0.000000e+00
    outer loop
      vertex -5.544789e+01  5.069208e+01  0.000000e+00
      vertex -5.544789e+01  5.069208e+01  1.500000e+00
      vertex -5.459220e+01  5.108656e+01  0.000000e+00
    endloop
  endfacet
  facet normal -4.186607e-01  9.081427e-01  0.000000e+00
    outer loop
      vertex -5.459220e+01  5.108656e+01  0.000000e+00
      vertex -5.544789e+01  5.069208e+01  1.500000e+00
      vertex -5.459220e+01  5.108656e+01  1.500000e+00
    endloop
  endfacet
  facet normal -3.461151e-01  9.381921e-01  0.000000e+00
    outer loop
      vertex -5.459220e+01  5.108656e+01  0.000000e+00
      vertex -5.459220e+01  5.108656e+01  1.500000e+00
      vertex -5.370820e+01  5.141268e+01  0.000000e+00
    endloop
  endfacet
  facet normal -3.461151e-01  9.381921e-01  0.000000e+00
    outer loop
      vertex -5.370820e+01  5.141268e+01  0.000000e+00
      vertex -5.459220e+01  5.108656e+01  1.500000e+00
      vertex -5.370820e+01  5.141268e+01  1.500000e+00
    endloop
  endfacet
  facet normal -2.714407e-01  9.624552e-01  0.000000e+00
    outer loop
      vertex -5.370820e+01  5.141268e+01  0.000000e+00
      vertex -5.370820e+01  5.141268e+01  1.500000e+00
      vertex -5.280135e+01  5.166844e+01  0.000000e+00
    endloop
  endfacet
  facet normal -2.714407e-01  9.624552e-01  0.000000e+00
    outer loop
      vertex -5.280135e+01  5.166844e+01  0.000000e+00
      vertex -5.370820e+01  5.141268e+01  1.500000e+00
      vertex -5.280135e+01  5.166844e+01  1.500000e+00
    endloop
  endfacet
  facet normal -1.950914e-01  9.807851e-01  0.000000e+00
    outer loop
      vertex -5.280135e+01  5.166844e+01  0.000000e+00
      vertex -5.280135e+01  5.166844e+01  1.500000e+00
      vertex -5.187721e+01  5.185226e+01  0.000000e+00
    endloop
  endfacet
  facet normal -1.950914e-01  9.807851e-01  0.000000e+00
    outer loop
      vertex -5.187721e+01  5.185226e+01  0.000000e+00
      vertex -5.280135e+01  5.166844e+01  1.500000e+00
      vertex -5.187721e+01  5.185226e+01  1.500000e+00
    endloop
  endfacet
  facet normal -1.175379e-01  9.930683e-01  0.000000e+00
    outer loop
      vertex -5.187721e+01  5.185226e+01  0.000000e+00
      vertex -5.187721e+01  5.185226e+01  1.500000e+00
      vertex -5.094151e+01  5.196301e+01  0.000000e+00
    endloop
  endfacet
  facet normal -1.175379e-01  9.930683e-01  0.000000e+00
    outer loop
      vertex -5.094151e+01  5.196301e+01  0.000000e+00
      vertex -5.187721e+01  5.185226e+01  1.500000e+00
      vertex -5.094151e+01  5.196301e+01  1.500000e+00
    endloop
  endfacet
  facet normal -3.925889e-02  9.992291e-01  0.000000e+00
    outer loop
      vertex -5.094151e+01  5.196301e+01  0.000000e+00
      vertex -5.094151e+01  5.196301e+01  1.500000e+00
      vertex -5.000000e+01  5.200000e+01  0.000000e+00
    endloop
  endfacet
  facet normal -3.925889e-02  9.992291e-01  0.000000e+00
    outer loop
      vertex -5.000000e+01  5.200000e+01  0.000000e+00
      vertex -5.094151e+01  5.196301e+01  1.500000e+00
      vertex -5.000000e+01  5.200000e+01  1.500000e+00
    endloop
  endfacet
  facet normal  0.000000e+00  1.000000e+00  -0.000000e+00
    outer loop
      vertex  5.000000e+01  5.200000e+01  1.500000e+00
      vertex  5.000000e+01  5.200000e+01  0.000000e+00
      vertex -5.000000e+01  5.200000e+01  1.500000e+00
    endloop
  endfacet
  facet normal  0.000000e+00  1.000000e+00  0.000000e+00
    outer loop
      vertex -5.000000e+01  5.200000e+01  1.500000e+00
      vertex  5.000000e+01  5.200000e+01  0.000000e+00
      vertex -5.000000e+01  5.200000e+01  0.000000e+00
    endloop
  endfacet
  facet normal  3.925889e-02  9.992291e-01  0.000000e+00
    outer loop
      vertex  5.000000e+01  5.200000e+01  0.000000e+00
      vertex  5.000000e+01  5.200000e+01  1.500000e+00
      vertex  5.094151e+01  5.196301e+01  0.000000e+00
    endloop
  endfacet
  facet normal  3.925889e-02  9.992291e-01  -0.000000e+00
    outer loop
      vertex  5.094151e+01  5.196301e+01  0.000000e+00
      vertex  5.000000e+01  5.200000e+01  1.500000e+00
      vertex  5.094151e+01  5.196301e+01  1.500000e+00
    endloop
  endfacet
  facet normal  1.175379e-01  9.930683e-01  0.000000e+00
    outer loop
      vertex  5.094151e+01  5.196301e+01  0.000000e+00
      vertex  5.094151e+01  5.196301e+01  1.500000e+00
      vertex  5.187721e+01  5.185226e+01  0.000000e+00
    endloop
  endfacet
  facet normal  1.175379e-01  9.930683e-01  -0.000000e+00
    outer loop
      vertex  5.187721e+01  5.185226e+01  0.000000e+00
      vertex  5.094151e+01  5.196301e+01  1.500000e+00
      vertex  5.187721e+01  5.185226e+01  1.500000e+00
    endloop
  endfacet
  facet normal  1.950914e-01  9.807851e-01  0.000000e+00
    outer loop
      vertex  5.187721e+01  5.185226e+01  0.000000e+00
      vertex  5.187721e+01  5.185226e+01  1.500000e+00
      vertex  5.280135e+01  5.166844e+01  0.000000e+00
    endloop
  endfacet
  facet normal  1.950914e-01  9.807851e-01  -0.000000e+00
    outer loop
      vertex  5.280135e+01  5.166844e+01  0.000000e+00
      vertex  5.187721e+01  5.185226e+01  1.500000e+00
      vertex  5.280135e+01  5.166844e+01  1.500000e+00
    endloop
  endfacet
  facet normal  2.714407e-01  9.624552e-01  0.000000e+00
    outer loop
      vertex  5.280135e+01  5.166844e+01  0.000000e+00
      vertex  5.280135e+01  5.166844e+01  1.500000e+00
      vertex  5.370820e+01  5.141268e+01  0.000000e+00
    endloop
  endfacet
  facet normal  2.714407e-01  9.624552e-01  -0.000000e+00
    outer loop
      vertex  5.370820e+01  5.141268e+01  0.000000e+00
      vertex  5.280135e+01  5.166844e+01  1.500000e+00
      vertex  5.370820e+01  5.141268e+01  1.500000e+00
    endloop
  endfacet
  facet normal  3.461151e-01  9.381921e-01  0.000000e+00
    outer loop
      vertex  5.370820e+01  5.141268e+01  0.000000e+00
      vertex  5.370820e+01  5.141268e+01  1.500000e+00
      vertex  5.459220e+01  5.108656e+01  0.000000e+00
    endloop
  endfacet
  facet normal  3.461151e-01  9.381921e-01  -0.000000e+00
    outer loop
      vertex  5.459220e+01  5.108656e+01  0.000000e+00
      vertex  5.370820e+01  5.141268e+01  1.500000e+00
      vertex  5.459220e+01  5.108656e+01  1.500000e+00
    endloop
  endfacet
  facet normal  4.186607e-01  9.081427e-01  0.000000e+00
    outer loop
      vertex  5.459220e+01  5.108656e+01  0.000000e+00
      vertex  5.459220e+01  5.108656e+01  1.500000e+00
      vertex  5.544789e+01  5.069208e+01  0.000000e+00
    endloop
  endfacet
  facet normal  4.186607e-01  9.081427e-01  -0.000000e+00
    outer loop
      vertex  5.544789e+01  5.069208e+01  0.000000e+00
      vertex  5.459220e+01  5.108656e+01  1.500000e+00
      vertex  5.544789e+01  5.069208e+01  1.500000e+00
    endloop
  endfacet
  facet normal  4.886221e-01  8.724955e-01  0.000000e+00
    outer loop
      vertex  5.544789e+01  5.069208e+01  0.000000e+00
      vertex  5.544789e+01  5.069208e+01  1.500000e+00
      vertex  5.626998e+01  5.023168e+01  0.000000e+00
    endloop
  endfacet
  facet normal  4.886221e-01  8.724955e-01  -0.000000e+00
    outer loop
      vertex  5.626998e+01  5.023168e+01  0.000000e+00
      vertex  5.544789e+01  5.069208e+01  1.500000e+00
      vertex  5.626998e+01  5.023168e+01  1.500000e+00
    endloop
  endfacet
  facet normal  5.555697e-01  8.314700e-01  0.000000e+00
    outer loop
      vertex  5.626998e+01  5.023168e+01  0.000000e+00
      vertex  5.626998e+01  5.023168e+01  1.500000e+00
      vertex  5.705342e+01  4.970820e+01  0.000000e+00
    endloop
  endfacet
  facet normal  5.555697e-01  8.314700e-01  -0.000000e+00
    outer loop
      vertex  5.705342e+01  4.970820e+01  0.000000e+00
      vertex  5.626998e+01  5.023168e+01  1.500000e+00
      vertex  5.705342e+01  4.970820e+01  1.500000e+00
    endloop
  endfacet
  facet normal  6.190945e-01  7.853165e-01  0.000000e+00
    outer loop
      vertex  5.705342e+01  4.970820e+01  0.000000e+00
      vertex  5.705342e+01  4.970820e+01  1.500000e+00
      vertex  5.779338e+01  4.912487e+01  0.000000e+00
    endloop
  endfacet
  facet normal  6.190945e-01  7.853165e-01  -0.000000e+00
    outer loop
      vertex  5.779338e+01  4.912487e+01  0.000000e+00
      vertex  5.705342e+01  4.970820e+01  1.500000e+00
      vertex  5.779338e+01  4.912487e+01  1.500000e+00
    endloop
  endfacet
  facet normal  6.787986e-01  7.343246e-01  0.000000e+00
    outer loop
      vertex  5.779338e+01  4.912487e+01  0.000000e+00
      vertex  5.779338e+01  4.912487e+01  1.500000e+00
      vertex  5.848528e+01  4.848528e+01  0.000000e+00
    endloop
  endfacet
  facet normal  6.787986e-01  7.343246e-01  -0.000000e+00
    outer loop
      vertex  5.848528e+01  4.848528e+01  0.000000e+00
      vertex  5.779338e+01  4.912487e+01  1.500000e+00
      vertex  5.848528e+01  4.848528e+01  1.500000e+00
    endloop
  endfacet
  facet normal  7.343246e-01  6.787986e-01  0.000000e+00
    outer loop
      vertex  5.848528e+01  4.848528e+01  0.000000e+00
      vertex  5.848528e+01  4.848528e+01  1.500000e+00
      vertex  5.912487e+01  4.779338e+01  0.000000e+00
    endloop
  endfacet
  facet normal  7.343246e-01  6.787986e-01  -0.000000e+00
    outer loop
      vertex  5.912487e+01  4.779338e+01  0.000000e+00
      vertex  5.848528e+01  4.848528e+01  1.500000e+00
      vertex  5.912487e+01  4.779338e+01  1.500000e+00
    endloop
  endfacet
  facet normal  7.853165e-01  6.190945e-01  0.000000e+00
    outer loop
      vertex  5.912487e+01  4.779338e+01  0.000000e+00
      vertex  5.912487e+01  4.779338e+01  1.500000e+00
      vertex  5.970820e+01  4.705342e+01  0.000000e+00
    endloop
  endfacet
  facet normal  7.853165e-01  6.190945e-01  -0.000000e+00
    outer loop
      vertex  5.970820e+01  4.705342e+01  0.000000e+00
      vertex  5.912487e+01  4.779338e+01  1.500000e+00
      vertex  5.970820e+01  4.705342e+01  1.500000e+00
    endloop
  endfacet
  facet normal  8.314700e-01  5.555697e-01  0.000000e+00
    outer loop
      vertex  5.970820e+01  4.705342e+01  0.000000e+00
      vertex  5.970820e+01  4.705342e+01  1.500000e+00
      vertex  6.023168e+01  4.626998e+01  0.000000e+00
    endloop
  endfacet
  facet normal  8.314700e-01  5.555697e-01  -0.000000e+00
    outer loop
      vertex  6.023168e+01  4.626998e+01  0.000000e+00
      vertex  5.970820e+01  4.705342e+01  1.500000e+00
      vertex  6.023168e+01  4.626998e+01  1.500000e+00
    endloop
  endfacet
  facet normal  8.724955e-01  4.886221e-01  0.000000e+00
    outer loop
      vertex  6.023168e+01  4.626998e+01  0.000000e+00
      vertex  6.023168e+01  4.626998e+01  1.500000e+00
      vertex  6.069208e+01  4.544789e+01  0.000000e+00
    endloop
  endfacet
  facet normal  8.724955e-01  4.886221e-01  -0.000000e+00
    outer loop
      vertex  6.069208e+01  4.544789e+01  0.000000e+00
      vertex  6.023168e+01  4.626998e+01  1.500000e+00
      vertex  6.069208e+01  4.544789e+01  1.500000e+00
    endloop
  endfacet
  facet normal  9.081427e-01  4.186607e-01  0.000000e+00
    outer loop
      vertex  6.069208e+01  4.544789e+01  0.000000e+00
      vertex  6.069208e+01  4.544789e+01  1.500000e+00
      vertex  6.108656e+01  4.459220e+01  0.000000e+00
    endloop
  endfacet
  facet normal  9.081427e-01  4.186607e-01  -0.000000e+00
    outer loop
      vertex  6.108656e+01  4.459220e+01  0.000000e+00
      vertex  6.069208e+01  4.544789e+01  1.500000e+00
      vertex  6.108656e+01  4.459220e+01  1.500000e+00
    endloop
  endfacet
  facet normal  9.381921e-01  3.461151e-01  0.000000e+00
    outer loop
      vertex  6.108656e+01  4.459220e+01  0.000000e+00
      vertex  6.108656e+01  4.459220e+01  1.500000e+00
      vertex  6.141268e+01  4.370820e+01  0.000000e+00
    endloop
  endfacet
  facet normal  9.381921e-01  3.461151e-01  -0.000000e+00
    outer loop
      vertex  6.141268e+01  4.370820e+01  0.000000e+00
      vertex  6.108656e+01  4.459220e+01  1.500000e+00
      vertex  6.141268e+01  4.370820e+01  1.500000e+00
    endloop
  endfacet
  facet normal  9.624552e-01  2.714407e-01  0.000000e+00
    outer loop
      vertex  6.141268e+01  4.370820e+01  0.000000e+00
      vertex  6.141268e+01  4.370820e+01  1.500000e+00
      vertex  6.166844e+01  4.280135e+01  0.000000e+00
    endloop
  endfacet
  facet normal  9.624552e-01  2.714407e-01  -0.000000e+00
    outer loop
      vertex  6.166844e+01  4.280135e+01  0.000000e+00
      vertex  6.141268e+01  4.370820e+01  1.500000e+00
      vertex  6.166844e+01  4.280135e+01  1.500000e+00
    endloop
  endfacet
  facet normal  9.807851e-01  1.950914e-01  0.000000e+00
    outer loop
      vertex  6.166844e+01  4.280135e+01  0.000000e+00
      vertex  6.166844e+01  4.280135e+01  1.500000e+00
      vertex  6.185226e+01  4.187721e+01  0.000000e+00
    endloop
  endfacet
  facet normal  9.807851e-01  1.950914e-01  -0.000000e+00
    outer loop
      vertex  6.185226e+01  4.187721e+01  0.000000e+00
      vertex  6.166844e+01  4.280135e+01  1.500000e+00
      vertex  6.185226e+01  4.187721e+01  1.500000e+00
    endloop
  endfacet
  facet normal  9.930683e-01  1.175379e-01  0.000000e+00
    outer loop
      vertex  6.185226e+01  4.187721e+01  0.000000e+00
      vertex  6.185226e+01  4.187721e+01  1.500000e+00
      vertex  6.196301e+01  4.094151e+01  0.000000e+00
    endloop
  endfacet
  facet normal  9.930683e-01  1.175379e-01  -0.000000e+00
    outer loop
      vertex  6.196301e+01  4.094151e+01  0.000000e+00
      vertex  6.185226e+01  4.187721e+01  1.500000e+00
      vertex  6.196301e+01  4.094151e+01  1.500000e+00
    endloop
  endfacet
  facet normal  9.992291e-01  3.925889e-02  0.000000e+00
    outer loop
      vertex  6.196301e+01  4.094151e+01  0.000000e+00
      vertex  6.196301e+01  4.094151e+01  1.500000e+00
      vertex  6.200000e+01  4.000000e+01  0.000000e+00
    endloop
  endfacet
  facet normal  9.992291e-01  3.925889e-02  -0.000000e+00
    outer loop
      vertex  6.200000e+01  4.000000e+01  0.000000e+00
      vertex  6.196301e+01  4.094151e+01  1.500000e+00
      vertex  6.200000e+01  4.000000e+01  1.500000e+00
    endloop
  endfacet
  facet normal  1.000000e+00  0.000000e+00  0.000000e+00
    outer loop
      vertex  6.200000e+01 -4.000000e+01  1.500000e+00
      vertex  6.200000e+01 -4.000000e+01  0.000000e+00
      vertex  6.200000e+01  4.000000e+01  1.500000e+00
    endloop
  endfacet
  facet normal  1.000000e+00  0.000000e+00  0.000000e+00
    outer loop
      vertex  6.200000e+01  4.000000e+01  1.500000e+00
      vertex  6.200000e+01 -4.000000e+01  0.000000e+00
      vertex  6.200000e+01  4.000000e+01  0.000000e+00
    endloop
  endfacet
  facet normal  9.992291e-01 -3.925889e-02  0.000000e+00
    outer loop
      vertex  6.200000e+01 -4.000000e+01  0.000000e+00
      vertex  6.200000e+01 -4.000000e+01  1.500000e+00
      vertex  6.196301e+01 -4.094151e+01  0.000000e+00
    endloop
  endfacet
  facet normal  9.992291e-01 -3.925889e-02  0.000000e+00
    outer loop
      vertex  6.196301e+01 -4.094151e+01  0.000000e+00
      vertex  6.200000e+01 -4.000000e+01  1.500000e+00
      vertex  6.196301e+01 -4.094151e+01  1.500000e+00
    endloop
  endfacet
  facet normal  9.930683e-01 -1.175379e-01  0.000000e+00
    outer loop
      vertex  6.196301e+01 -4.094151e+01  0.000000e+00
      vertex  6.196301e+01 -4.094151e+01  1.500000e+00
      vertex  6.185226e+01 -4.187721e+01  0.000000e+00
    endloop
  endfacet
  facet normal  9.930683e-01 -1.175379e-01  0.000000e+00
    outer loop
      vertex  6.185226e+01 -4.187721e+01  0.000000e+00
      vertex  6.196301e+01 -4.094151e+01  1.500000e+00
      vertex  6.185226e+01 -4.187721e+01  1.500000e+00
    endloop
  endfacet
  facet normal  9.807851e-01 -1.950914e-01  0.000000e+00
    outer loop
      vertex  6.185226e+01 -4.187721e+01  0.000000e+00
      vertex  6.185226e+01 -4.187721e+01  1.500000e+00
      vertex  6.166844e+01 -4.280135e+01  0.000000e+00
    endloop
  endfacet
  facet normal  9.807851e-01 -1.950914e-01  0.000000e+00
    outer loop
      vertex  6.166844e+01 -4.280135e+01  0.000000e+00
      vertex  6.185226e+01 -4.187721e+01  1.500000e+00
      vertex  6.166844e+01 -4.280135e+01  1.500000e+00
    endloop
  endfacet
  facet normal  9.624552e-01 -2.714407e-01  0.000000e+00
    outer loop
      vertex  6.166844e+01 -4.280135e+01  0.000000e+00
      vertex  6.166844e+01 -4.280135e+01  1.500000e+00
      vertex  6.141268e+01 -4.370820e+01  0.000000e+00
    endloop
  endfacet
  facet normal  9.624552e-01 -2.714407e-01  0.000000e+00
    outer loop
      vertex  6.141268e+01 -4.370820e+01  0.000000e+00
      vertex  6.166844e+01 -4.280135e+01  1.500000e+00
      vertex  6.141268e+01 -4.370820e+01  1.500000e+00
    endloop
  endfacet
  facet normal  9.381921e-01 -3.461151e-01  0.000000e+00
    outer loop
      vertex  6.141268e+01 -4.370820e+01  0.000000e+00
      vertex  6.141268e+01 -4.370820e+01  1.500000e+00
      vertex  6.108656e+01 -4.459220e+01  0.000000e+00
    endloop
  endfacet
  facet normal  9.381921e-01 -3.461151e-01  0.000000e+00
    outer loop
      vertex  6.108656e+01 -4.459220e+01  0.000000e+00
      vertex  6.141268e+01 -4.370820e+01  1.500000e+00
      vertex  6.108656e+01 -4.459220e+01  1.500000e+00
    endloop
  endfacet
  facet normal  9.081427e-01 -4.186607e-01  0.000000e+00
    outer loop
      vertex  6.108656e+01 -4.459220e+01  0.000000e+00
      vertex  6.108656e+01 -4.459220e+01  1.500000e+00
      vertex  6.069208e+01 -4.544789e+01  0.000000e+00
    endloop
  endfacet
  facet normal  9.081427e-01 -4.186607e-01  0.000000e+00
    outer loop
      vertex  6.069208e+01 -4.544789e+01  0.000000e+00
      vertex  6.108656e+01 -4.459220e+01  1.500000e+00
      vertex  6.069208e+01 -4.544789e+01  1.500000e+00
    endloop
  endfacet
  facet normal  8.724955e-01 -4.886221e-01  0.000000e+00
    outer loop
      vertex  6.069208e+01 -4.544789e+01  0.000000e+00
      vertex  6.069208e+01 -4.544789e+01  1.500000e+00
      vertex  6.023168e+01 -4.626998e+01  0.000000e+00
    endloop
  endfacet
  facet normal  8.724955e-01 -4.886221e-01  0.000000e+00
    outer loop
      vertex  6.023168e+01 -4.626998e+01  0.000000e+00
      vertex  6.069208e+01 -4.544789e+01  1.500000e+00
      vertex  6.023168e+01 -4.626998e+01  1.500000e+00
    endloop
  endfacet
  facet normal  8.314700e-01 -5.555697e-01  0.000000e+00
    outer loop
      vertex  6.023168e+01 -4.626998e+01  0.000000e+00
      vertex  6.023168e+01 -4.626998e+01  1.500000e+00
      vertex  5.970820e+01 -4.705342e+01  0.000000e+00
    endloop
  endfacet
  facet normal  8.314700e-01 -5.555697e-01  0.000000e+00
    outer loop
      vertex  5.970820e+01 -4.705342e+01  0.000000e+00
      vertex  6.023168e+01 -4.626998e+01  1.500000e+00
      vertex  5.970820e+01 -4.705342e+01  1.500000e+00
    endloop
  endfacet
  facet normal  7.853165e-01 -6.190945e-01  0.000000e+00
    outer loop
      vertex  5.970820e+01 -4.705342e+01  0.000000e+00
      vertex  5.970820e+01 -4.705342e+01  1.500000e+00
      vertex  5.912487e+01 -4.779338e+01  0.000000e+00
    endloop
  endfacet
  facet normal  7.853165e-01 -6.190945e-01  0.000000e+00
    outer loop
      vertex  5.912487e+01 -4.779338e+01  0.000000e+00
      vertex  5.970820e+01 -4.705342e+01  1.500000e+00
      vertex  5.912487e+01 -4.779338e+01  1.500000e+00
    endloop
  endfacet
  facet normal  7.343246e-01 -6.787986e-01  0.000000e+00
    outer loop
      vertex  5.912487e+01 -4.779338e+01  0.000000e+00
      vertex  5.912487e+01 -4.779338e+01  1.500000e+00
      vertex  5.848528e+01 -4.848528e+01  0.000000e+00
    endloop
  endfacet
  facet normal  7.343246e-01 -6.787986e-01  0.000000e+00
    outer loop
      vertex  5.848528e+01 -4.848528e+01  0.000000e+00
      vertex  5.912487e+01 -4.779338e+01  1.500000e+00
      vertex  5.848528e+01 -4.848528e+01  1.500000e+00
    endloop
  endfacet
  facet normal  6.787986e-01 -7.343246e-01  0.000000e+00
    outer loop
      vertex  5.848528e+01 -4.848528e+01  0.000000e+00
      vertex  5.848528e+01 -4.848528e+01  1.500000e+00
      vertex  5.779338e+01 -4.912487e+01  0.000000e+00
    endloop
  endfacet
  facet normal  6.787986e-01 -7.343246e-01  0.000000e+00
    outer loop
      vertex  5.779338e+01 -4.912487e+01  0.000000e+00
      vertex  5.848528e+01 -4.848528e+01  1.500000e+00
      vertex  5.779338e+01 -4.912487e+01  1.500000e+00
    endloop
  endfacet
  facet normal  6.190945e-01 -7.853165e-01  0.000000e+00
    outer loop
      vertex  5.779338e+01 -4.912487e+01  0.000000e+00
      vertex  5.779338e+01 -4.912487e+01  1.500000e+00
      vertex  5.705342e+01 -4.970820e+01  0.000000e+00
    endloop
  endfacet
  facet normal  6.190945e-01 -7.853165e-01  0.000000e+00
    outer loop
      vertex  5.705342e+01 -4.970820e+01  0.000000e+00
      vertex  5.779338e+01 -4.912487e+01  1.500000e+00
      vertex  5.705342e+01 -4.970820e+01  1.500000e+00
    endloop
  endfacet
  facet normal  5.555697e-01 -8.314700e-01  0.000000e+00
    outer loop
      vertex  5.705342e+01 -4.970820e+01  0.000000e+00
      vertex  5.705342e+01 -4.970820e+01  1.500000e+00
      vertex  5.626998e+01 -5.023168e+01  0.000000e+00
    endloop
  endfacet
  facet normal  5.555697e-01 -8.314700e-01  0.000000e+00
    outer loop
      vertex  5.626998e+01 -5.023168e+01  0.000000e+00
      vertex  5.705342e+01 -4.970820e+01  1.500000e+00
      vertex  5.626998e+01 -5.023168e+01  1.500000e+00
    endloop
  endfacet
  facet normal  4.886221e-01 -8.724955e-01  0.000000e+00
    outer loop
      vertex  5.626998e+01 -5.023168e+01  0.000000e+00
      vertex  5.626998e+01 -5.023168e+01  1.500000e+00
      vertex  5.544789e+01 -5.069208e+01  0.000000e+00
    endloop
  endfacet
  facet normal  4.886221e-01 -8.724955e-01  0.000000e+00
    outer loop
      vertex  5.544789e+01 -5.069208e+01  0.000000e+00
      vertex  5.626998e+01 -5.023168e+01  1.500000e+00
      vertex  5.544789e+01 -5.069208e+01  1.500000e+00
    endloop
  endfacet
  facet normal  4.186607e-01 -9.081427e-01  0.000000e+00
    outer loop
      vertex  5.544789e+01 -5.069208e+01  0.000000e+00
      vertex  5.544789e+01 -5.069208e+01  1.500000e+00
      vertex  5.459220e+01 -5.108656e+01  0.000000e+00
    endloop
  endfacet
  facet normal  4.186607e-01 -9.081427e-01  0.000000e+00
    outer loop
      vertex  5.459220e+01 -5.108656e+01  0.000000e+00
      vertex  5.544789e+01 -5.069208e+01  1.500000e+00
      vertex  5.459220e+01 -5.108656e+01  1.500000e+00
    endloop
  endfacet
  facet normal  3.461151e-01 -9.381921e-01  0.000000e+00
    outer loop
      vertex  5.459220e+01 -5.108656e+01  0.000000e+00
      vertex  5.459220e+01 -5.108656e+01  1.500000e+00
      vertex  5.370820e+01 -5.141268e+01  0.000000e+00
    endloop
  endfacet
  facet normal  3.461151e-01 -9.381921e-01  0.000000e+00
    outer loop
      vertex  5.370820e+01 -5.141268e+01  0.000000e+00
      vertex  5.459220e+01 -5.108656e+01  1.500000e+00
      vertex  5.370820e+01 -5.141268e+01  1.500000e+00
    endloop
  endfacet
  facet normal  2.714407e-01 -9.624552e-01  0.000000e+00
    outer loop
      vertex  5.370820e+01 -5.141268e+01  0.000000e+00
      vertex  5.370820e+01 -5.141268e+01  1.500000e+00
      vertex  5.280135e+01 -5.166844e+01  0.000000e+00
    endloop
  endfacet
  facet normal  2.714407e-01 -9.624552e-01  0.000000e+00
    outer loop
      vertex  5.280135e+01 -5.166844e+01  0.000000e+00
      vertex  5.370820e+01 -5.141268e+01  1.500000e+00
      vertex  5.280135e+01 -5.166844e+01  1.500000e+00
    endloop
  endfacet
  facet normal  1.950914e-01 -9.807851e-01  0.000000e+00
    outer loop
      vertex  5.280135e+01 -5.166844e+01  0.000000e+00
      vertex  5.280135e+01 -5.166844e+01  1.500000e+00
      vertex  5.187721e+01 -5.185226e+01  0.000000e+00
    endloop
  endfacet
  facet normal  1.950914e-01 -9.807851e-01  0.000000e+00
    outer loop
      vertex  5.187721e+01 -5.185226e+01  0.000000e+00
      vertex  5.280135e+01 -5.166844e+01  1.500000e+00
      vertex  5.187721e+01 -5.185226e+01  1.500000e+00
    endloop
  endfacet
  facet normal  1.175379e-01 -9.930683e-01  0.000000e+00
    outer loop
      vertex  5.187721e+01 -5.185226e+01  0.000000e+00
      vertex  5.187721e+01 -5.185226e+01  1.500000e+00
      vertex  5.094151e+01 -5.196301e+01  0.000000e+00
    endloop
  endfacet
  facet normal  1.175379e-01 -9.930683e-01  0.000000e+00
    outer loop
      vertex  5.094151e+01 -5.196301e+01  0.000000e+00
      vertex  5.187721e+01 -5.185226e+01  1.500000e+00
      vertex  5.094151e+01 -5.196301e+01  1.500000e+00
    endloop
  endfacet
  facet normal  3.925889e-02 -9.992291e-01  0.000000e+00
    outer loop
      vertex  5.094151e+01 -5.196301e+01  0.000000e+00
      vertex  5.094151e+01 -5.196301e+01  1.500000e+00
      vertex  5.000000e+01 -5.200000e+01  0.000000e+00
    endloop
  endfacet
  facet normal  3.925889e-02 -9.992291e-01  0.000000e+00
    outer loop
      vertex  5.000000e+01 -5.200000e+01  0.000000e+00
      vertex  5.094151e+01 -5.196301e+01  1.500000e+00
      vertex  5.000000e+01 -5.200000e+01  1.500000e+00
    endloop
  endfacet
  facet normal  0.000000e+00 -1.000000e+00  0.000000e+00
    outer loop
      vertex -5.000000e+01 -5.200000e+01  1.500000e+00
      vertex -5.000000e+01 -5.200000e+01  0.000000e+00
      vertex  5.000000e+01 -5.200000e+01  1.500000e+00
    endloop
  endfacet
  facet normal  0.000000e+00 -1.000000e+00  -0.000000e+00
    outer loop
      vertex  5.000000e+01 -5.200000e+01  1.500000e+00
      vertex -5.000000e+01 -5.200000e+01  0.000000e+00
      vertex  5.000000e+01 -5.200000e+01  0.000000e+00
    endloop
  endfacet
  facet normal  -0.000000e+00  0.000000e+00  1.000000e+00
    outer loop
      vertex -5.342020e+01  4.939693e+01  1.500000e+00
      vertex -5.779338e+01  4.912487e+01  1.500000e+00
      vertex -5.422618e+01  4.906308e+01  1.500000e+00
    endloop
  endfacet
  facet normal  0.000000e+00  0.000000e+00  1.000000e+00
    outer loop
      vertex -5.000000e+01 -5.000000e+01  1.500000e+00
      vertex -5.087156e+01 -4.996195e+01  1.500000e+00
      vertex -5.626998e+01 -5.023168e+01  1.500000e+00
    endloop
  endfacet
  facet normal  -0.000000e+00  0.000000e+00  1.000000e+00
    outer loop
      vertex -5.000000e+01 -5.000000e+01  1.500000e+00
      vertex -5.626998e+01 -5.023168e+01  1.500000e+00
      vertex -5.094151e+01 -5.196301e+01  1.500000e+00
    endloop
  endfacet
  facet normal  -0.000000e+00  0.000000e+00  1.000000e+00
    outer loop
      vertex -5.000000e+01 -5.000000e+01  1.500000e+00
      vertex -5.094151e+01 -5.196301e+01  1.500000e+00
      vertex -5.000000e+01 -5.200000e+01  1.500000e+00
    endloop
  endfacet
  facet normal  0.000000e+00  0.000000e+00  1.000000e+00
    outer loop
      vertex -5.000000e+01 -5.000000e+01  1.500000e+00
      vertex -5.000000e+01 -5.200000e+01  1.500000e+00
      vertex  5.000000e+01 -5.200000e+01  1.500000e+00
    endloop
  endfacet
  facet normal  0.000000e+00  -0.000000e+00  1.000000e+00
    outer loop
      vertex -5.000000e+01 -5.000000e+01  1.500000e+00
      vertex  5.000000e+01 -5.200000e+01  1.500000e+00
      vertex  5.000000e+01 -5.000000e+01  1.500000e+00
    endloop
  endfacet
  facet normal  0.000000e+00  -0.000000e+00  1.000000e+00
    outer loop
      vertex  5.000000e+01  5.000000e+01  1.500000e+00
      vertex  5.087156e+01  4.996195e+01  1.500000e+00
      vertex  5.626998e+01  5.023168e+01  1.500000e+00
    endloop
  endfacet
  facet normal  0.000000e+00  0.000000e+00  1.000000e+00
    outer loop
      vertex  5.000000e+01  5.000000e+01  1.500000e+00
      vertex  5.626998e+01  5.023168e+01  1.500000e+00
      vertex  5.544789e+01  5.069208e+01  1.500000e+00
    endloop
  endfacet
  facet normal  0.000000e+00  0.000000e+00  1.000000e+00
    outer loop
      vertex  5.000000e+01  5.000000e+01  1.500000e+00
      vertex  5.544789e+01  5.069208e+01  1.500000e+00
      vertex  5.459220e+01  5.108656e+01  1.500000e+00
    endloop
  endfacet
  facet normal  0.000000e+00  0.000000e+00  1.000000e+00
    outer loop
      vertex  5.000000e+01  5.000000e+01  1.500000e+00
      vertex  5.459220e+01  5.108656e+01  1.500000e+00
      vertex  5.370820e+01  5.141268e+01  1.500000e+00
    endloop
  endfacet
  facet normal  0.000000e+00  0.000000e+00  1.000000e+00
    outer loop
      vertex  5.000000e+01  5.000000e+01  1.500000e+00
      vertex  5.370820e+01  5.141268e+01  1.500000e+00
      vertex  5.280135e+01  5.166844e+01  1.500000e+00
    endloop
  endfacet
  facet normal  0.000000e+00  0.000000e+00  1.000000e+00
    outer loop
      vertex  5.000000e+01  5.000000e+01  1.500000e+00
      vertex  5.280135e+01  5.166844e+01  1.500000e+00
      vertex  5.187721e+01  5.185226e+01  1.500000e+00
    endloop
  endfacet
  facet normal  0.000000e+00  0.000000e+00  9.999999e-01
    outer loop
      vertex  5.000000e+01  5.000000e+01  1.500000e+00
      vertex  5.187721e+01  5.185226e+01  1.500000e+00
      vertex  5.094151e+01  5.196301e+01  1.500000e+00
    endloop
  endfacet
  facet normal  0.000000e+00  0.000000e+00  1.000000e+00
    outer loop
      vertex  5.000000e+01  5.000000e+01  1.500000e+00
      vertex  5.094151e+01  5.196301e+01  1.500000e+00
      vertex  5.000000e+01  5.200000e+01  1.500000e+00
    endloop
  endfacet
  facet normal  -0.000000e+00  -0.000000e+00  1.000000e+00
    outer loop
      vertex -5.626998e+01 -5.023168e+01  1.500000e+00
      vertex -5.544789e+01 -5.069208e+01  1.500000e+00
      vertex -5.459220e+01 -5.108656e+01  1.500000e+00
    endloop
  endfacet
  facet normal  -0.000000e+00  -0.000000e+00  1.000000e+00
    outer loop
      vertex -5.626998e+01 -5.023168e+01  1.500000e+00
      vertex -5.459220e+01 -5.108656e+01  1.500000e+00
      vertex -5.370820e+01 -5.141268e+01  1.500000e+00
    endloop
  endfacet
  facet normal  -0.000000e+00  -0.000000e+00  9.999999e-01
    outer loop
      vertex -5.626998e+01 -5.023168e+01  1.500000e+00
      vertex -5.370820e+01 -5.141268e+01  1.500000e+00
      vertex -5.280135e+01 -5.166844e+01  1.500000e+00
    endloop
  endfacet
  facet normal  -0.000000e+00  -0.000000e+00  1.000000e+00
    outer loop
      vertex -5.626998e+01 -5.023168e+01  1.500000e+00
      vertex -5.280135e+01 -5.166844e+01  1.500000e+00
      vertex -5.187721e+01 -5.185226e+01  1.500000e+00
    endloop
  endfacet
  facet normal  -0.000000e+00  -0.000000e+00  1.000000e+00
    outer loop
      vertex -5.626998e+01 -5.023168e+01  1.500000e+00
      vertex -5.187721e+01 -5.185226e+01  1.500000e+00
      vertex -5.094151e+01 -5.196301e+01  1.500000e+00
    endloop
  endfacet
  facet normal  0.000000e+00  0.000000e+00  1.000000e+00
    outer loop
      vertex  5.000000e+01 -5.000000e+01  1.500000e+00
      vertex  5.000000e+01 -5.200000e+01  1.500000e+00
      vertex  5.094151e+01 -5.196301e+01  1.500000e+00
    endloop
  endfacet
  facet normal  0.000000e+00  -0.000000e+00  1.000000e+00
    outer loop
      vertex  5.000000e+01 -5.000000e+01  1.500000e+00
      vertex  5.094151e+01 -5.196301e+01  1.500000e+00
      vertex  5.187721e+01 -5.185226e+01  1.500000e+00
    endloop
  endfacet
  facet normal  0.000000e+00  -0.000000e+00  1.000000e+00
    outer loop
      vertex  5.000000e+01 -5.000000e+01  1.500000e+00
      vertex  5.187721e+01 -5.185226e+01  1.500000e+00
      vertex  5.280135e+01 -5.166844e+01  1.500000e+00
    endloop
  endfacet
  facet normal  0.000000e+00  -0.000000e+00  1.000000e+00
    outer loop
      vertex  5.000000e+01 -5.000000e+01  1.500000e+00
      vertex  5.280135e+01 -5.166844e+01  1.500000e+00
      vertex  5.370820e+01 -5.141268e+01  1.500000e+00
    endloop
  endfacet
  facet normal  0.000000e+00  -0.000000e+00  1.000000e+00
    outer loop
      vertex  5.000000e+01 -5.000000e+01  1.500000e+00
      vertex  5.370820e+01 -5.141268e+01  1.500000e+00
      vertex  5.459220e+01 -5.108656e+01  1.500000e+00
    endloop
  endfacet
  facet normal  0.000000e+00  -0.000000e+00  1.000000e+00
    outer loop
      vertex  5.000000e+01 -5.000000e+01  1.500000e+00
      vertex  5.459220e+01 -5.108656e+01  1.500000e+00
      vertex  5.544789e+01 -5.069208e+01  1.500000e+00
    endloop
  endfacet
  facet normal  0.000000e+00  -0.000000e+00  1.000000e+00
    outer loop
      vertex  5.000000e+01 -5.000000e+01  1.500000e+00
      vertex  5.544789e+01 -5.069208e+01  1.500000e+00
      vertex  5.626998e+01 -5.023168e+01  1.500000e+00
    endloop
  endfacet
  facet normal  0.000000e+00  0.000000e+00  9.999999e-01
    outer loop
      vertex  5.000000e+01 -5.000000e+01  1.500000e+00
      vertex  5.626998e+01 -5.023168e+01  1.500000e+00
      vertex  5.087156e+01 -4.996195e+01  1.500000e+00
    endloop
  endfacet
  facet normal  0.000000e+00  0.000000e+00  1.000000e+00
    outer loop
      vertex -5.626998e+01  5.023168e+01  1.500000e+00
      vertex -5.094151e+01  5.196301e+01  1.500000e+00
      vertex -5.187721e+01  5.185226e+01  1.500000e+00
    endloop
  endfacet
  facet normal  0.000000e+00  0.000000e+00  1.000000e+00
    outer loop
      vertex -5.626998e+01  5.023168e+01  1.500000e+00
      vertex -5.187721e+01  5.185226e+01  1.500000e+00
      vertex -5.280135e+01  5.166844e+01  1.500000e+00
    endloop
  endfacet
  facet normal  0.000000e+00  0.000000e+00  1.000000e+00
    outer loop
      vertex -5.626998e+01  5.023168e+01  1.500000e+00
      vertex -5.280135e+01  5.166844e+01  1.500000e+00
      vertex -5.370820e+01  5.141268e+01  1.500000e+00
    endloop
  endfacet
  facet normal  0.000000e+00  0.000000e+00  1.000000e+00
    outer loop
      vertex -5.626998e+01  5.023168e+01  1.500000e+00
      vertex -5.370820e+01  5.141268e+01  1.500000e+00
      vertex -5.459220e+01  5.108656e+01  1.500000e+00
    endloop
  endfacet
  facet normal  0.000000e+00  0.000000e+00  1.000000e+00
    outer loop
      vertex -5.626998e+01  5.023168e+01  1.500000e+00
      vertex -5.459220e+01  5.108656e+01  1.500000e+00
      vertex -5.544789e+01  5.069208e+01  1.500000e+00
    endloop
  endfacet
  facet normal  0.000000e+00  0.000000e+00  1.000000e+00
    outer loop
      vertex  5.000000e+01  5.000000e+01  1.500000e+00
      vertex  5.000000e+01  5.200000e+01  1.500000e+00
      vertex -5.000000e+01  5.000000e+01  1.500000e+00
    endloop
  endfacet
  facet normal  0.000000e+00  0.000000e+00  1.000000e+00
    outer loop
      vertex -5.000000e+01  5.000000e+01  1.500000e+00
      vertex  5.000000e+01  5.200000e+01  1.500000e+00
      vertex -5.000000e+01  5.200000e+01  1.500000e+00
    endloop
  endfacet
  facet normal  0.000000e+00  0.000000e+00  1.000000e+00
    outer loop
      vertex -5.000000e+01  5.000000e+01  1.500000e+00
      vertex -5.000000e+01  5.200000e+01  1.500000e+00
      vertex -5.626998e+01  5.023168e+01  1.500000e+00
    endloop
  endfacet
  facet normal  0.000000e+00  0.000000e+00  1.000000e+00
    outer loop
      vertex -5.626998e+01  5.023168e+01  1.500000e+00
      vertex -5.000000e+01  5.200000e+01  1.500000e+00
      vertex -5.094151e+01  5.196301e+01  1.500000e+00
    endloop
  endfacet
  facet normal  0.000000e+00  0.000000e+00  9.999999e-01
    outer loop
      vertex -5.705342e+01  4.970820e+01  1.500000e+00
      vertex -5.173648e+01  4.984808e+01  1.500000e+00
      vertex -5.626998e+01  5.023168e+01  1.500000e+00
    endloop
  endfacet
  facet normal  0.000000e+00  0.000000e+00  9.999999e-01
    outer loop
      vertex -5.626998e+01  5.023168e+01  1.500000e+00
      vertex -5.173648e+01  4.984808e+01  1.500000e+00
      vertex -5.087156e+01  4.996195e+01  1.500000e+00
    endloop
  endfacet
  facet normal  0.000000e+00  -0.000000e+00  1.000000e+00
    outer loop
      vertex -5.626998e+01  5.023168e+01  1.500000e+00
      vertex -5.087156e+01  4.996195e+01  1.500000e+00
      vertex -5.000000e+01  5.000000e+01  1.500000e+00
    endloop
  endfacet
  facet normal  0.000000e+00  0.000000e+00  1.000000e+00
    outer loop
      vertex -5.779338e+01  4.912487e+01  1.500000e+00
      vertex -5.342020e+01  4.939693e+01  1.500000e+00
      vertex -5.705342e+01  4.970820e+01  1.500000e+00
    endloop
  endfacet
  facet normal  0.000000e+00  0.000000e+00  1.000000e+00
    outer loop
      vertex -5.705342e+01  4.970820e+01  1.500000e+00
      vertex -5.342020e+01  4.939693e+01  1.500000e+00
      vertex -5.258819e+01  4.965926e+01  1.500000e+00
    endloop
  endfacet
  facet normal  0.000000e+00  -0.000000e+00  1.000000e+00
    outer loop
      vertex -5.705342e+01  4.970820e+01  1.500000e+00
      vertex -5.258819e+01  4.965926e+01  1.500000e+00
      vertex -5.173648e+01  4.984808e+01  1.500000e+00
    endloop
  endfacet
  facet normal  0.000000e+00  0.000000e+00  9.999999e-01
    outer loop
      vertex -5.422618e+01  4.906308e+01  1.500000e+00
      vertex -5.779338e+01  4.912487e+01  1.500000e+00
      vertex -5.500000e+01  4.866026e+01  1.500000e+00
    endloop
  endfacet
  facet normal  0.000000e+00  0.000000e+00  1.000000e+00
    outer loop
      vertex -5.500000e+01  4.866026e+01  1.500000e+00
      vertex -5.779338e+01  4.912487e+01  1.500000e+00
      vertex -5.848528e+01  4.848528e+01  1.500000e+00
    endloop
  endfacet
  facet normal  -0.000000e+00  0.000000e+00  1.000000e+00
    outer loop
      vertex -5.500000e+01  4.866026e+01  1.500000e+00
      vertex -5.848528e+01  4.848528e+01  1.500000e+00
      vertex -5.573576e+01  4.819152e+01  1.500000e+00
    endloop
  endfacet
  facet normal  0.000000e+00  0.000000e+00  1.000000e+00
    outer loop
      vertex -5.573576e+01  4.819152e+01  1.500000e+00
      vertex -5.848528e+01  4.848528e+01  1.500000e+00
      vertex -5.912487e+01  4.779338e+01  1.500000e+00
    endloop
  endfacet
  facet normal  -0.000000e+00  0.000000e+00  1.000000e+00
    outer loop
      vertex -5.573576e+01  4.819152e+01  1.500000e+00
      vertex -5.912487e+01  4.779338e+01  1.500000e+00
      vertex -5.642788e+01  4.766045e+01  1.500000e+00
    endloop
  endfacet
  facet normal  0.000000e+00  0.000000e+00  1.000000e+00
    outer loop
      vertex -5.642788e+01  4.766045e+01  1.500000e+00
      vertex -5.912487e+01  4.779338e+01  1.500000e+00
      vertex -5.707107e+01  4.707107e+01  1.500000e+00
    endloop
  endfacet
  facet normal  0.000000e+00  0.000000e+00  1.000000e+00
    outer loop
      vertex -5.707107e+01  4.707107e+01  1.500000e+00
      vertex -5.912487e+01  4.779338e+01  1.500000e+00
      vertex -5.970820e+01  4.705342e+01  1.500000e+00
    endloop
  endfacet
  facet normal  -0.000000e+00  0.000000e+00  1.000000e+00
    outer loop
      vertex -5.707107e+01  4.707107e+01  1.500000e+00
      vertex -5.970820e+01  4.705342e+01  1.500000e+00
      vertex -5.766045e+01  4.642788e+01  1.500000e+00
    endloop
  endfacet
  facet normal  0.000000e+00  0.000000e+00  1.000000e+00
    outer loop
      vertex -5.766045e+01  4.642788e+01  1.500000e+00
      vertex -5.970820e+01  4.705342e+01  1.500000e+00
      vertex -6.023168e+01  4.626998e+01  1.500000e+00
    endloop
  endfacet
  facet normal  -0.000000e+00  0.000000e+00  1.000000e+00
    outer loop
      vertex -5.766045e+01  4.642788e+01  1.500000e+00
      vertex -6.023168e+01  4.626998e+01  1.500000e+00
      vertex -5.819152e+01  4.573576e+01  1.500000e+00
    endloop
  endfacet
  facet normal  0.000000e+00  0.000000e+00  1.000000e+00
    outer loop
      vertex -5.819152e+01  4.573576e+01  1.500000e+00
      vertex -6.023168e+01  4.626998e+01  1.500000e+00
      vertex -6.069208e+01  4.544789e+01  1.500000e+00
    endloop
  endfacet
  facet normal  -0.000000e+00  0.000000e+00  1.000000e+00
    outer loop
      vertex -5.819152e+01  4.573576e+01  1.500000e+00
      vertex -6.069208e+01  4.544789e+01  1.500000e+00
      vertex -5.866026e+01  4.500000e+01  1.500000e+00
    endloop
  endfacet
  facet normal  0.000000e+00  0.000000e+00  1.000000e+00
    outer loop
      vertex -5.866026e+01  4.500000e+01  1.500000e+00
      vertex -6.069208e+01  4.544789e+01  1.500000e+00
      vertex -6.108656e+01  4.459220e+01  1.500000e+00
    endloop
  endfacet
  facet normal  -0.000000e+00  0.000000e+00  1.000000e+00
    outer loop
      vertex -5.866026e+01  4.500000e+01  1.500000e+00
      vertex -6.108656e+01  4.459220e+01  1.500000e+00
      vertex -5.906308e+01  4.422618e+01  1.500000e+00
    endloop
  endfacet
  facet normal  0.000000e+00  0.000000e+00  1.000000e+00
    outer loop
      vertex -5.906308e+01  4.422618e+01  1.500000e+00
      vertex -6.108656e+01  4.459220e+01  1.500000e+00
      vertex -5.939693e+01  4.342020e+01  1.500000e+00
    endloop
  endfacet
  facet normal  0.000000e+00  0.000000e+00  1.000000e+00
    outer loop
      vertex -5.939693e+01  4.342020e+01  1.500000e+00
      vertex -6.108656e+01  4.459220e+01  1.500000e+00
      vertex -6.141268e+01  4.370820e+01  1.500000e+00
    endloop
  endfacet
  facet normal  0.000000e+00  0.000000e+00  1.000000e+00
    outer loop
      vertex -5.939693e+01  4.342020e+01  1.500000e+00
      vertex -6.141268e+01  4.370820e+01  1.500000e+00
      vertex -5.965926e+01  4.258819e+01  1.500000e+00
    endloop
  endfacet
  facet normal  0.000000e+00  0.000000e+00  9.999999e-01
    outer loop
      vertex -5.965926e+01  4.258819e+01  1.500000e+00
      vertex -6.141268e+01  4.370820e+01  1.500000e+00
      vertex -6.166844e+01  4.280135e+01  1.500000e+00
    endloop
  endfacet
  facet normal  0.000000e+00  0.000000e+00  1.000000e+00
    outer loop
      vertex -5.965926e+01  4.258819e+01  1.500000e+00
      vertex -6.166844e+01  4.280135e+01  1.500000e+00
      vertex -5.984808e+01  4.173648e+01  1.500000e+00
    endloop
  endfacet
  facet normal  0.000000e+00  0.000000e+00  1.000000e+00
    outer loop
      vertex -5.984808e+01  4.173648e+01  1.500000e+00
      vertex -6.166844e+01  4.280135e+01  1.500000e+00
      vertex -6.185226e+01  4.187721e+01  1.500000e+00
    endloop
  endfacet
  facet normal  0.000000e+00  0.000000e+00  9.999999e-01
    outer loop
      vertex -5.984808e+01  4.173648e+01  1.500000e+00
      vertex -6.185226e+01  4.187721e+01  1.500000e+00
      vertex -5.996195e+01  4.087156e+01  1.500000e+00
    endloop
  endfacet
  facet normal  0.000000e+00  0.000000e+00  1.000000e+00
    outer loop
      vertex -5.996195e+01  4.087156e+01  1.500000e+00
      vertex -6.185226e+01  4.187721e+01  1.500000e+00
      vertex -6.196301e+01  4.094151e+01  1.500000e+00
    endloop
  endfacet
  facet normal  0.000000e+00  0.000000e+00  1.000000e+00
    outer loop
      vertex -5.996195e+01  4.087156e+01  1.500000e+00
      vertex -6.196301e+01  4.094151e+01  1.500000e+00
      vertex -6.000000e+01  4.000000e+01  1.500000e+00
    endloop
  endfacet
  facet normal  0.000000e+00  0.000000e+00  1.000000e+00
    outer loop
      vertex -6.000000e+01  4.000000e+01  1.500000e+00
      vertex -6.196301e+01  4.094151e+01  1.500000e+00
      vertex -6.200000e+01  4.000000e+01  1.500000e+00
    endloop
  endfacet
  facet normal  -0.000000e+00  0.000000e+00  1.000000e+00
    outer loop
      vertex -6.000000e+01  4.000000e+01  1.500000e+00
      vertex -6.200000e+01  4.000000e+01  1.500000e+00
      vertex -6.000000e+01 -4.000000e+01  1.500000e+00
    endloop
  endfacet
  facet normal  0.000000e+00  0.000000e+00  1.000000e+00
    outer loop
      vertex -6.000000e+01 -4.000000e+01  1.500000e+00
      vertex -6.200000e+01  4.000000e+01  1.500000e+00
      vertex -6.200000e+01 -4.000000e+01  1.500000e+00
    endloop
  endfacet
  facet normal  -0.000000e+00  0.000000e+00  9.999999e-01
    outer loop
      vertex -6.000000e+01 -4.000000e+01  1.500000e+00
      vertex -6.200000e+01 -4.000000e+01  1.500000e+00
      vertex -5.996195e+01 -4.087156e+01  1.500000e+00
    endloop
  endfacet
  facet normal  0.000000e+00  0.000000e+00  1.000000e+00
    outer loop
      vertex -5.996195e+01 -4.087156e+01  1.500000e+00
      vertex -6.200000e+01 -4.000000e+01  1.500000e+00
      vertex -6.196301e+01 -4.094151e+01  1.500000e+00
    endloop
  endfacet
  facet normal  -0.000000e+00  0.000000e+00  9.999999e-01
    outer loop
      vertex -5.996195e+01 -4.087156e+01  1.500000e+00
      vertex -6.196301e+01 -4.094151e+01  1.500000e+00
      vertex -5.984808e+01 -4.173648e+01  1.500000e+00
    endloop
  endfacet
  facet normal  0.000000e+00  0.000000e+00  1.000000e+00
    outer loop
      vertex -5.984808e+01 -4.173648e+01  1.500000e+00
      vertex -6.196301e+01 -4.094151e+01  1.500000e+00
      vertex -6.185226e+01 -4.187721e+01  1.500000e+00
    endloop
  endfacet
  facet normal  -0.000000e+00  0.000000e+00  9.999999e-01
    outer loop
      vertex -5.984808e+01 -4.173648e+01  1.500000e+00
      vertex -6.185226e+01 -4.187721e+01  1.500000e+00
      vertex -5.965926e+01 -4.258819e+01  1.500000e+00
    endloop
  endfacet
  facet normal  0.000000e+00  0.000000e+00  1.000000e+00
    outer loop
      vertex -5.965926e+01 -4.258819e+01  1.500000e+00
      vertex -6.185226e+01 -4.187721e+01  1.500000e+00
      vertex -6.166844e+01 -4.280135e+01  1.500000e+00
    endloop
  endfacet
  facet normal  -0.000000e+00  0.000000e+00  1.000000e+00
    outer loop
      vertex -5.965926e+01 -4.258819e+01  1.500000e+00
      vertex -6.166844e+01 -4.280135e+01  1.500000e+00
      vertex -5.939693e+01 -4.342020e+01  1.500000e+00
    endloop
  endfacet
  facet normal  0.000000e+00  0.000000e+00  9.999999e-01
    outer loop
      vertex -5.939693e+01 -4.342020e+01  1.500000e+00
      vertex -6.166844e+01 -4.280135e+01  1.500000e+00
      vertex -6.141268e+01 -4.370820e+01  1.500000e+00
    endloop
  endfacet
  facet normal  -0.000000e+00  0.000000e+00  1.000000e+00
    outer loop
      vertex -5.939693e+01 -4.342020e+01  1.500000e+00
      vertex -6.141268e+01 -4.370820e+01  1.500000e+00
      vertex -5.906308e+01 -4.422618e+01  1.500000e+00
    endloop
  endfacet
  facet normal  0.000000e+00  0.000000e+00  1.000000e+00
    outer loop
      vertex -5.906308e+01 -4.422618e+01  1.500000e+00
      vertex -6.141268e+01 -4.370820e+01  1.500000e+00
      vertex -6.108656e+01 -4.459220e+01  1.500000e+00
    endloop
  endfacet
  facet normal  -0.000000e+00  0.000000e+00  1.000000e+00
    outer loop
      vertex -5.906308e+01 -4.422618e+01  1.500000e+00
      vertex -6.108656e+01 -4.459220e+01  1.500000e+00
      vertex -5.866026e+01 -4.500000e+01  1.500000e+00
    endloop
  endfacet
  facet normal  0.000000e+00  0.000000e+00  1.000000e+00
    outer loop
      vertex -5.866026e+01 -4.500000e+01  1.500000e+00
      vertex -6.108656e+01 -4.459220e+01  1.500000e+00
      vertex -6.069208e+01 -4.544789e+01  1.500000e+00
    endloop
  endfacet
  facet normal  -0.000000e+00  0.000000e+00  1.000000e+00
    outer loop
      vertex -5.866026e+01 -4.500000e+01  1.500000e+00
      vertex -6.069208e+01 -4.544789e+01  1.500000e+00
      vertex -5.819152e+01 -4.573576e+01  1.500000e+00
    endloop
  endfacet
  facet normal  0.000000e+00  0.000000e+00  9.999999e-01
    outer loop
      vertex -5.819152e+01 -4.573576e+01  1.500000e+00
      vertex -6.069208e+01 -4.544789e+01  1.500000e+00
      vertex -5.766045e+01 -4.642788e+01  1.500000e+00
    endloop
  endfacet
  facet normal  0.000000e+00  0.000000e+00  1.000000e+00
    outer loop
      vertex -5.766045e+01 -4.642788e+01  1.500000e+00
      vertex -6.069208e+01 -4.544789e+01  1.500000e+00
      vertex -6.023168e+01 -4.626998e+01  1.500000e+00
    endloop
  endfacet
  facet normal  0.000000e+00  0.000000e+00  1.000000e+00
    outer loop
      vertex -5.766045e+01 -4.642788e+01  1.500000e+00
      vertex -6.023168e+01 -4.626998e+01  1.500000e+00
      vertex -5.707107e+01 -4.707107e+01  1.500000e+00
    endloop
  endfacet
  facet normal  0.000000e+00  0.000000e+00  1.000000e+00
    outer loop
      vertex -5.707107e+01 -4.707107e+01  1.500000e+00
      vertex -6.023168e+01 -4.626998e+01  1.500000e+00
      vertex -5.970820e+01 -4.705342e+01  1.500000e+00
    endloop
  endfacet
  facet normal  0.000000e+00  0.000000e+00  1.000000e+00
    outer loop
      vertex -5.707107e+01 -4.707107e+01  1.500000e+00
      vertex -5.970820e+01 -4.705342e+01  1.500000e+00
      vertex -5.642788e+01 -4.766045e+01  1.500000e+00
    endloop
  endfacet
  facet normal  0.000000e+00  0.000000e+00  1.000000e+00
    outer loop
      vertex -5.642788e+01 -4.766045e+01  1.500000e+00
      vertex -5.970820e+01 -4.705342e+01  1.500000e+00
      vertex -5.912487e+01 -4.779338e+01  1.500000e+00
    endloop
  endfacet
  facet normal  -0.000000e+00  0.000000e+00  1.000000e+00
    outer loop
      vertex -5.642788e+01 -4.766045e+01  1.500000e+00
      vertex -5.912487e+01 -4.779338e+01  1.500000e+00
      vertex -5.573576e+01 -4.819152e+01  1.500000e+00
    endloop
  endfacet
  facet normal  0.000000e+00  0.000000e+00  1.000000e+00
    outer loop
      vertex -5.573576e+01 -4.819152e+01  1.500000e+00
      vertex -5.912487e+01 -4.779338e+01  1.500000e+00
      vertex -5.848528e+01 -4.848528e+01  1.500000e+00
    endloop
  endfacet
  facet normal  -0.000000e+00  0.000000e+00  1.000000e+00
    outer loop
      vertex -5.573576e+01 -4.819152e+01  1.500000e+00
      vertex -5.848528e+01 -4.848528e+01  1.500000e+00
      vertex -5.500000e+01 -4.866026e+01  1.500000e+00
    endloop
  endfacet
  facet normal  0.000000e+00  0.000000e+00  1.000000e+00
    outer loop
      vertex -5.500000e+01 -4.866026e+01  1.500000e+00
      vertex -5.848528e+01 -4.848528e+01  1.500000e+00
      vertex -5.422618e+01 -4.906308e+01  1.500000e+00
    endloop
  endfacet
  facet normal  0.000000e+00  0.000000e+00  1.000000e+00
    outer loop
      vertex -5.422618e+01 -4.906308e+01  1.500000e+00
      vertex -5.848528e+01 -4.848528e+01  1.500000e+00
      vertex -5.779338e+01 -4.912487e+01  1.500000e+00
    endloop
  endfacet
  facet normal  -0.000000e+00  0.000000e+00  1.000000e+00
    outer loop
      vertex -5.422618e+01 -4.906308e+01  1.500000e+00
      vertex -5.779338e+01 -4.912487e+01  1.500000e+00
      vertex -5.342020e+01 -4.939693e+01  1.500000e+00
    endloop
  endfacet
  facet normal  0.000000e+00  0.000000e+00  1.000000e+00
    outer loop
      vertex -5.342020e+01 -4.939693e+01  1.500000e+00
      vertex -5.779338e+01 -4.912487e+01  1.500000e+00
      vertex -5.705342e+01 -4.970820e+01  1.500000e+00
    endloop
  endfacet
  facet normal  0.000000e+00  0.000000e+00  1.000000e+00
    outer loop
      vertex -5.342020e+01 -4.939693e+01  1.500000e+00
      vertex -5.705342e+01 -4.970820e+01  1.500000e+00
      vertex -5.258819e+01 -4.965926e+01  1.500000e+00
    endloop
  endfacet
  facet normal  -0.000000e+00  0.000000e+00  1.000000e+00
    outer loop
      vertex -5.258819e+01 -4.965926e+01  1.500000e+00
      vertex -5.705342e+01 -4.970820e+01  1.500000e+00
      vertex -5.173648e+01 -4.984808e+01  1.500000e+00
    endloop
  endfacet
  facet normal  0.000000e+00  0.000000e+00  9.999999e-01
    outer loop
      vertex -5.173648e+01 -4.984808e+01  1.500000e+00
      vertex -5.705342e+01 -4.970820e+01  1.500000e+00
      vertex -5.626998e+01 -5.023168e+01  1.500000e+00
    endloop
  endfacet
  facet normal  0.000000e+00  0.000000e+00  9.999999e-01
    outer loop
      vertex -5.173648e+01 -4.984808e+01  1.500000e+00
      vertex -5.626998e+01 -5.023168e+01  1.500000e+00
      vertex -5.087156e+01 -4.996195e+01  1.500000e+00
    endloop
  endfacet
  facet normal  -0.000000e+00  0.000000e+00  1.000000e+00
    outer loop
      vertex  5.626998e+01  5.023168e+01  1.500000e+00
      vertex  5.087156e+01  4.996195e+01  1.500000e+00
      vertex  5.705342e+01  4.970820e+01  1.500000e+00
    endloop
  endfacet
  facet normal  0.000000e+00  0.000000e+00  9.999999e-01
    outer loop
      vertex  5.705342e+01  4.970820e+01  1.500000e+00
      vertex  5.087156e+01  4.996195e+01  1.500000e+00
      vertex  5.173648e+01  4.984808e+01  1.500000e+00
    endloop
  endfacet
  facet normal  0.000000e+00  0.000000e+00  1.000000e+00
    outer loop
      vertex  5.705342e+01  4.970820e+01  1.500000e+00
      vertex  5.173648e+01  4.984808e+01  1.500000e+00
      vertex  5.258819e+01  4.965926e+01  1.500000e+00
    endloop
  endfacet
  facet normal  -0.000000e+00  0.000000e+00  9.999999e-01
    outer loop
      vertex  5.705342e+01  4.970820e+01  1.500000e+00
      vertex  5.258819e+01  4.965926e+01  1.500000e+00
      vertex  5.779338e+01  4.912487e+01  1.500000e+00
    endloop
  endfacet
  facet normal  0.000000e+00  0.000000e+00  1.000000e+00
    outer loop
      vertex  5.779338e+01  4.912487e+01  1.500000e+00
      vertex  5.258819e+01  4.965926e+01  1.500000e+00
      vertex  5.342020e+01  4.939693e+01  1.500000e+00
    endloop
  endfacet
  facet normal  0.000000e+00  0.000000e+00  1.000000e+00
    outer loop
      vertex  5.779338e+01  4.912487e+01  1.500000e+00
      vertex  5.342020e+01  4.939693e+01  1.500000e+00
      vertex  5.422618e+01  4.906308e+01  1.500000e+00
    endloop
  endfacet
  facet normal  -0.000000e+00  0.000000e+00  1.000000e+00
    outer loop
      vertex  5.779338e+01  4.912487e+01  1.500000e+00
      vertex  5.422618e+01  4.906308e+01  1.500000e+00
      vertex  5.848528e+01  4.848528e+01  1.500000e+00
    endloop
  endfacet
  facet normal  0.000000e+00  0.000000e+00  1.000000e+00
    outer loop
      vertex  5.848528e+01  4.848528e+01  1.500000e+00
      vertex  5.422618e+01  4.906308e+01  1.500000e+00
      vertex  5.500000e+01  4.866026e+01  1.500000e+00
    endloop
  endfacet
  facet normal  0.000000e+00  0.000000e+00  1.000000e+00
    outer loop
      vertex  5.848528e+01  4.848528e+01  1.500000e+00
      vertex  5.500000e+01  4.866026e+01  1.500000e+00
      vertex  5.912487e+01  4.779338e+01  1.500000e+00
    endloop
  endfacet
  facet normal  0.000000e+00  0.000000e+00  1.000000e+00
    outer loop
      vertex  5.912487e+01  4.779338e+01  1.500000e+00
      vertex  5.500000e+01  4.866026e+01  1.500000e+00
      vertex  5.573576e+01  4.819152e+01  1.500000e+00
    endloop
  endfacet
  facet normal  0.000000e+00  0.000000e+00  1.000000e+00
    outer loop
      vertex  5.912487e+01  4.779338e+01  1.500000e+00
      vertex  5.573576e+01  4.819152e+01  1.500000e+00
      vertex  5.642788e+01  4.766045e+01  1.500000e+00
    endloop
  endfacet
  facet normal  -0.000000e+00  0.000000e+00  1.000000e+00
    outer loop
      vertex  5.912487e+01  4.779338e+01  1.500000e+00
      vertex  5.642788e+01  4.766045e+01  1.500000e+00
      vertex  5.970820e+01  4.705342e+01  1.500000e+00
    endloop
  endfacet
  facet normal  0.000000e+00  0.000000e+00  1.000000e+00
    outer loop
      vertex  5.970820e+01  4.705342e+01  1.500000e+00
      vertex  5.642788e+01  4.766045e+01  1.500000e+00
      vertex  5.707107e+01  4.707107e+01  1.500000e+00
    endloop
  endfacet
  facet normal  0.000000e+00  0.000000e+00  1.000000e+00
    outer loop
      vertex  5.970820e+01  4.705342e+01  1.500000e+00
      vertex  5.707107e+01  4.707107e+01  1.500000e+00
      vertex  6.023168e+01  4.626998e+01  1.500000e+00
    endloop
  endfacet
  facet normal  0.000000e+00  0.000000e+00  1.000000e+00
    outer loop
      vertex  6.023168e+01  4.626998e+01  1.500000e+00
      vertex  5.707107e+01  4.707107e+01  1.500000e+00
      vertex  5.766045e+01  4.642788e+01  1.500000e+00
    endloop
  endfacet
  facet normal  0.000000e+00  0.000000e+00  1.000000e+00
    outer loop
      vertex  6.023168e+01  4.626998e+01  1.500000e+00
      vertex  5.766045e+01  4.642788e+01  1.500000e+00
      vertex  6.069208e+01  4.544789e+01  1.500000e+00
    endloop
  endfacet
  facet normal  0.000000e+00  0.000000e+00  9.999999e-01
    outer loop
      vertex  6.069208e+01  4.544789e+01  1.500000e+00
      vertex  5.766045e+01  4.642788e+01  1.500000e+00
      vertex  5.819152e+01  4.573576e+01  1.500000e+00
    endloop
  endfacet
  facet normal  0.000000e+00  0.000000e+00  1.000000e+00
    outer loop
      vertex  6.069208e+01  4.544789e+01  1.500000e+00
      vertex  5.819152e+01  4.573576e+01  1.500000e+00
      vertex  6.108656e+01  4.459220e+01  1.500000e+00
    endloop
  endfacet
  facet normal  0.000000e+00  0.000000e+00  1.000000e+00
    outer loop
      vertex  6.108656e+01  4.459220e+01  1.500000e+00
      vertex  5.819152e+01  4.573576e+01  1.500000e+00
      vertex  5.866026e+01  4.500000e+01  1.500000e+00
    endloop
  endfacet
  facet normal  0.000000e+00  0.000000e+00  1.000000e+00
    outer loop
      vertex  6.108656e+01  4.459220e+01  1.500000e+00
      vertex  5.866026e+01  4.500000e+01  1.500000e+00
      vertex  5.906308e+01  4.422618e+01  1.500000e+00
    endloop
  endfacet
  facet normal  -0.000000e+00  0.000000e+00  1.000000e+00
    outer loop
      vertex  6.108656e+01  4.459220e+01  1.500000e+00
      vertex  5.906308e+01  4.422618e+01  1.500000e+00
      vertex  6.141268e+01  4.370820e+01  1.500000e+00
    endloop
  endfacet
  facet normal  0.000000e+00  0.000000e+00  1.000000e+00
    outer loop
      vertex  6.141268e+01  4.370820e+01  1.500000e+00
      vertex  5.906308e+01  4.422618e+01  1.500000e+00
      vertex  5.939693e+01  4.342020e+01  1.500000e+00
    endloop
  endfacet
  facet normal  -0.000000e+00  0.000000e+00  9.999999e-01
    outer loop
      vertex  6.141268e+01  4.370820e+01  1.500000e+00
      vertex  5.939693e+01  4.342020e+01  1.500000e+00
      vertex  6.166844e+01  4.280135e+01  1.500000e+00
    endloop
  endfacet
  facet normal  0.000000e+00  0.000000e+00  1.000000e+00
    outer loop
      vertex  6.166844e+01  4.280135e+01  1.500000e+00
      vertex  5.939693e+01  4.342020e+01  1.500000e+00
      vertex  5.965926e+01  4.258819e+01  1.500000e+00
    endloop
  endfacet
  facet normal  -0.000000e+00  0.000000e+00  1.000000e+00
    outer loop
      vertex  6.166844e+01  4.280135e+01  1.500000e+00
      vertex  5.965926e+01  4.258819e+01  1.500000e+00
      vertex  6.185226e+01  4.187721e+01  1.500000e+00
    endloop
  endfacet
  facet normal  0.000000e+00  0.000000e+00  9.999999e-01
    outer loop
      vertex  6.185226e+01  4.187721e+01  1.500000e+00
      vertex  5.965926e+01  4.258819e+01  1.500000e+00
      vertex  5.984808e+01  4.173648e+01  1.500000e+00
    endloop
  endfacet
  facet normal  -0.000000e+00  0.000000e+00  1.000000e+00
    outer loop
      vertex  6.185226e+01  4.187721e+01  1.500000e+00
      vertex  5.984808e+01  4.173648e+01  1.500000e+00
      vertex  6.196301e+01  4.094151e+01  1.500000e+00
    endloop
  endfacet
  facet normal  0.000000e+00  0.000000e+00  9.999999e-01
    outer loop
      vertex  6.196301e+01  4.094151e+01  1.500000e+00
      vertex  5.984808e+01  4.173648e+01  1.500000e+00
      vertex  5.996195e+01  4.087156e+01  1.500000e+00
    endloop
  endfacet
  facet normal  -0.000000e+00  0.000000e+00  1.000000e+00
    outer loop
      vertex  6.196301e+01  4.094151e+01  1.500000e+00
      vertex  5.996195e+01  4.087156e+01  1.500000e+00
      vertex  6.200000e+01  4.000000e+01  1.500000e+00
    endloop
  endfacet
  facet normal  0.000000e+00  0.000000e+00  9.999999e-01
    outer loop
      vertex  6.200000e+01  4.000000e+01  1.500000e+00
      vertex  5.996195e+01  4.087156e+01  1.500000e+00
      vertex  6.000000e+01  4.000000e+01  1.500000e+00
    endloop
  endfacet
  facet normal  -0.000000e+00  0.000000e+00  1.000000e+00
    outer loop
      vertex  6.200000e+01  4.000000e+01  1.500000e+00
      vertex  6.000000e+01  4.000000e+01  1.500000e+00
      vertex  6.200000e+01 -4.000000e+01  1.500000e+00
    endloop
  endfacet
  facet normal  0.000000e+00  0.000000e+00  1.000000e+00
    outer loop
      vertex  6.200000e+01 -4.000000e+01  1.500000e+00
      vertex  6.000000e+01  4.000000e+01  1.500000e+00
      vertex  6.000000e+01 -4.000000e+01  1.500000e+00
    endloop
  endfacet
  facet normal  -0.000000e+00  0.000000e+00  1.000000e+00
    outer loop
      vertex  6.200000e+01 -4.000000e+01  1.500000e+00
      vertex  6.000000e+01 -4.000000e+01  1.500000e+00
      vertex  6.196301e+01 -4.094151e+01  1.500000e+00
    endloop
  endfacet
  facet normal  0.000000e+00  0.000000e+00  1.000000e+00
    outer loop
      vertex  6.196301e+01 -4.094151e+01  1.500000e+00
      vertex  6.000000e+01 -4.000000e+01  1.500000e+00
      vertex  5.996195e+01 -4.087156e+01  1.500000e+00
    endloop
  endfacet
  facet normal  0.000000e+00  0.000000e+00  1.000000e+00
    outer loop
      vertex  6.196301e+01 -4.094151e+01  1.500000e+00
      vertex  5.996195e+01 -4.087156e+01  1.500000e+00
      vertex  6.185226e+01 -4.187721e+01  1.500000e+00
    endloop
  endfacet
  facet normal  0.000000e+00  0.000000e+00  9.999999e-01
    outer loop
      vertex  6.185226e+01 -4.187721e+01  1.500000e+00
      vertex  5.996195e+01 -4.087156e+01  1.500000e+00
      vertex  5.984808e+01 -4.173648e+01  1.500000e+00
    endloop
  endfacet
  facet normal  0.000000e+00  0.000000e+00  1.000000e+00
    outer loop
      vertex  6.185226e+01 -4.187721e+01  1.500000e+00
      vertex  5.984808e+01 -4.173648e+01  1.500000e+00
      vertex  6.166844e+01 -4.280135e+01  1.500000e+00
    endloop
  endfacet
  facet normal  0.000000e+00  0.000000e+00  1.000000e+00
    outer loop
      vertex  6.166844e+01 -4.280135e+01  1.500000e+00
      vertex  5.984808e+01 -4.173648e+01  1.500000e+00
      vertex  5.965926e+01 -4.258819e+01  1.500000e+00
    endloop
  endfacet
  facet normal  0.000000e+00  0.000000e+00  9.999999e-01
    outer loop
      vertex  6.166844e+01 -4.280135e+01  1.500000e+00
      vertex  5.965926e+01 -4.258819e+01  1.500000e+00
      vertex  6.141268e+01 -4.370820e+01  1.500000e+00
    endloop
  endfacet
  facet normal  0.000000e+00  0.000000e+00  1.000000e+00
    outer loop
      vertex  6.141268e+01 -4.370820e+01  1.500000e+00
      vertex  5.965926e+01 -4.258819e+01  1.500000e+00
      vertex  5.939693e+01 -4.342020e+01  1.500000e+00
    endloop
  endfacet
  facet normal  0.000000e+00  0.000000e+00  1.000000e+00
    outer loop
      vertex  6.141268e+01 -4.370820e+01  1.500000e+00
      vertex  5.939693e+01 -4.342020e+01  1.500000e+00
      vertex  6.108656e+01 -4.459220e+01  1.500000e+00
    endloop
  endfacet
  facet normal  0.000000e+00  0.000000e+00  1.000000e+00
    outer loop
      vertex  6.108656e+01 -4.459220e+01  1.500000e+00
      vertex  5.939693e+01 -4.342020e+01  1.500000e+00
      vertex  5.906308e+01 -4.422618e+01  1.500000e+00
    endloop
  endfacet
  facet normal  0.000000e+00  0.000000e+00  1.000000e+00
    outer loop
      vertex  6.108656e+01 -4.459220e+01  1.500000e+00
      vertex  5.906308e+01 -4.422618e+01  1.500000e+00
      vertex  6.069208e+01 -4.544789e+01  1.500000e+00
    endloop
  endfacet
  facet normal  0.000000e+00  0.000000e+00  1.000000e+00
    outer loop
      vertex  6.069208e+01 -4.544789e+01  1.500000e+00
      vertex  5.906308e+01 -4.422618e+01  1.500000e+00
      vertex  5.866026e+01 -4.500000e+01  1.500000e+00
    endloop
  endfacet
  facet normal  0.000000e+00  0.000000e+00  1.000000e+00
    outer loop
      vertex  6.069208e+01 -4.544789e+01  1.500000e+00
      vertex  5.866026e+01 -4.500000e+01  1.500000e+00
      vertex  5.819152e+01 -4.573576e+01  1.500000e+00
    endloop
  endfacet
  facet normal  -0.000000e+00  0.000000e+00  1.000000e+00
    outer loop
      vertex  6.069208e+01 -4.544789e+01  1.500000e+00
      vertex  5.819152e+01 -4.573576e+01  1.500000e+00
      vertex  6.023168e+01 -4.626998e+01  1.500000e+00
    endloop
  endfacet
  facet normal  0.000000e+00  0.000000e+00  1.000000e+00
    outer loop
      vertex  6.023168e+01 -4.626998e+01  1.500000e+00
      vertex  5.819152e+01 -4.573576e+01  1.500000e+00
      vertex  5.766045e+01 -4.642788e+01  1.500000e+00
    endloop
  endfacet
  facet normal  -0.000000e+00  0.000000e+00  1.000000e+00
    outer loop
      vertex  6.023168e+01 -4.626998e+01  1.500000e+00
      vertex  5.766045e+01 -4.642788e+01  1.500000e+00
      vertex  5.970820e+01 -4.705342e+01  1.500000e+00
    endloop
  endfacet
  facet normal  0.000000e+00  0.000000e+00  1.000000e+00
    outer loop
      vertex  5.970820e+01 -4.705342e+01  1.500000e+00
      vertex  5.766045e+01 -4.642788e+01  1.500000e+00
      vertex  5.707107e+01 -4.707107e+01  1.500000e+00
    endloop
  endfacet
  facet normal  -0.000000e+00  0.000000e+00  1.000000e+00
    outer loop
      vertex  5.970820e+01 -4.705342e+01  1.500000e+00
      vertex  5.707107e+01 -4.707107e+01  1.500000e+00
      vertex  5.912487e+01 -4.779338e+01  1.500000e+00
    endloop
  endfacet
  facet normal  0.000000e+00  0.000000e+00  1.000000e+00
    outer loop
      vertex  5.912487e+01 -4.779338e+01  1.500000e+00
      vertex  5.707107e+01 -4.707107e+01  1.500000e+00
      vertex  5.642788e+01 -4.766045e+01  1.500000e+00
    endloop
  endfacet
  facet normal  0.000000e+00  0.000000e+00  1.000000e+00
    outer loop
      vertex  5.912487e+01 -4.779338e+01  1.500000e+00
      vertex  5.642788e+01 -4.766045e+01  1.500000e+00
      vertex  5.848528e+01 -4.848528e+01  1.500000e+00
    endloop
  endfacet
  facet normal  0.000000e+00  0.000000e+00  1.000000e+00
    outer loop
      vertex  5.848528e+01 -4.848528e+01  1.500000e+00
      vertex  5.642788e+01 -4.766045e+01  1.500000e+00
      vertex  5.573576e+01 -4.819152e+01  1.500000e+00
    endloop
  endfacet
  facet normal  0.000000e+00  0.000000e+00  1.000000e+00
    outer loop
      vertex  5.848528e+01 -4.848528e+01  1.500000e+00
      vertex  5.573576e+01 -4.819152e+01  1.500000e+00
      vertex  5.500000e+01 -4.866026e+01  1.500000e+00
    endloop
  endfacet
  facet normal  -0.000000e+00  0.000000e+00  1.000000e+00
    outer loop
      vertex  5.848528e+01 -4.848528e+01  1.500000e+00
      vertex  5.500000e+01 -4.866026e+01  1.500000e+00
      vertex  5.779338e+01 -4.912487e+01  1.500000e+00
    endloop
  endfacet
  facet normal  0.000000e+00  0.000000e+00  9.999999e-01
    outer loop
      vertex  5.779338e+01 -4.912487e+01  1.500000e+00
      vertex  5.500000e+01 -4.866026e+01  1.500000e+00
      vertex  5.422618e+01 -4.906308e+01  1.500000e+00
    endloop
  endfacet
  facet normal  0.000000e+00  0.000000e+00  9.999999e-01
    outer loop
      vertex  5.779338e+01 -4.912487e+01  1.500000e+00
      vertex  5.422618e+01 -4.906308e+01  1.500000e+00
      vertex  5.705342e+01 -4.970820e+01  1.500000e+00
    endloop
  endfacet
  facet normal  0.000000e+00  0.000000e+00  1.000000e+00
    outer loop
      vertex  5.705342e+01 -4.970820e+01  1.500000e+00
      vertex  5.422618e+01 -4.906308e+01  1.500000e+00
      vertex  5.342020e+01 -4.939693e+01  1.500000e+00
    endloop
  endfacet
  facet normal  0.000000e+00  0.000000e+00  1.000000e+00
    outer loop
      vertex  5.705342e+01 -4.970820e+01  1.500000e+00
      vertex  5.342020e+01 -4.939693e+01  1.500000e+00
      vertex  5.258819e+01 -4.965926e+01  1.500000e+00
    endloop
  endfacet
  facet normal  0.000000e+00  0.000000e+00  1.000000e+00
    outer loop
      vertex  5.705342e+01 -4.970820e+01  1.500000e+00
      vertex  5.258819e+01 -4.965926e+01  1.500000e+00
      vertex  5.626998e+01 -5.023168e+01  1.500000e+00
    endloop
  endfacet
  facet normal  0.000000e+00  0.000000e+00  1.000000e+00
    outer loop
      vertex  5.626998e+01 -5.023168e+01  1.500000e+00
      vertex  5.258819e+01 -4.965926e+01  1.500000e+00
      vertex  5.173648e+01 -4.984808e+01  1.500000e+00
    endloop
  endfacet
  facet normal  0.000000e+00  0.000000e+00  9.999999e-01
    outer loop
      vertex  5.626998e+01 -5.023168e+01  1.500000e+00
      vertex  5.173648e+01 -4.984808e+01  1.500000e+00
      vertex  5.087156e+01 -4.996195e+01  1.500000e+00
    endloop
  endfacet
  facet normal  -0.000000e+00  0.000000e+00  1.000000e+00
    outer loop
      vertex  3.100000e+01  2.690000e+01  0.000000e+00
      vertex -3.100000e+01  2.690000e+01  0.000000e+00
      vertex  3.145366e+01  2.686430e+01  0.000000e+00
    endloop
  endfacet
  facet normal  0.000000e+00  0.000000e+00  1.000000e+00
    outer loop
      vertex  3.145366e+01  2.686430e+01  0.000000e+00
      vertex -3.100000e+01  2.690000e+01  0.000000e+00
      vertex -3.145366e+01  2.686430e+01  0.000000e+00
    endloop
  endfacet
  facet normal  -0.000000e+00  0.000000e+00  1.000000e+00
    outer loop
      vertex  3.145366e+01  2.686430e+01  0.000000e+00
      vertex -3.145366e+01  2.686430e+01  0.000000e+00
      vertex  3.189615e+01  2.675806e+01  0.000000e+00
    endloop
  endfacet
  facet normal  0.000000e+00  0.000000e+00  1.000000e+00
    outer loop
      vertex  3.189615e+01  2.675806e+01  0.000000e+00
      vertex -3.145366e+01  2.686430e+01  0.000000e+00
      vertex -3.189615e+01  2.675806e+01  0.000000e+00
    endloop
  endfacet
  facet normal  -0.000000e+00  0.000000e+00  1.000000e+00
    outer loop
      vertex  3.189615e+01  2.675806e+01  0.000000e+00
      vertex -3.189615e+01  2.675806e+01  0.000000e+00
      vertex  3.231657e+01  2.658392e+01  0.000000e+00
    endloop
  endfacet
  facet normal  0.000000e+00  0.000000e+00  1.000000e+00
    outer loop
      vertex  3.231657e+01  2.658392e+01  0.000000e+00
      vertex -3.189615e+01  2.675806e+01  0.000000e+00
      vertex -3.231657e+01  2.658392e+01  0.000000e+00
    endloop
  endfacet
  facet normal  -0.000000e+00  0.000000e+00  1.000000e+00
    outer loop
      vertex  3.231657e+01  2.658392e+01  0.000000e+00
      vertex -3.231657e+01  2.658392e+01  0.000000e+00
      vertex  3.270458e+01  2.634615e+01  0.000000e+00
    endloop
  endfacet
  facet normal  0.000000e+00  0.000000e+00  1.000000e+00
    outer loop
      vertex  3.270458e+01  2.634615e+01  0.000000e+00
      vertex -3.231657e+01  2.658392e+01  0.000000e+00
      vertex -3.270458e+01  2.634615e+01  0.000000e+00
    endloop
  endfacet
  facet normal  -0.000000e+00  0.000000e+00  1.000000e+00
    outer loop
      vertex  3.270458e+01  2.634615e+01  0.000000e+00
      vertex -3.270458e+01  2.634615e+01  0.000000e+00
      vertex  3.305061e+01  2.605061e+01  0.000000e+00
    endloop
  endfacet
  facet normal  0.000000e+00  0.000000e+00  9.999999e-01
    outer loop
      vertex  3.305061e+01  2.605061e+01  0.000000e+00
      vertex -3.270458e+01  2.634615e+01  0.000000e+00
      vertex -3.305061e+01  2.605061e+01  0.000000e+00
    endloop
  endfacet
  facet normal  -0.000000e+00  0.000000e+00  1.000000e+00
    outer loop
      vertex  3.305061e+01  2.605061e+01  0.000000e+00
      vertex -3.305061e+01  2.605061e+01  0.000000e+00
      vertex  3.334615e+01  2.570458e+01  0.000000e+00
    endloop
  endfacet
  facet normal  0.000000e+00  0.000000e+00  1.000000e+00
    outer loop
      vertex  3.334615e+01  2.570458e+01  0.000000e+00
      vertex -3.305061e+01  2.605061e+01  0.000000e+00
      vertex -3.334615e+01  2.570458e+01  0.000000e+00
    endloop
  endfacet
  facet normal  -0.000000e+00  0.000000e+00  1.000000e+00
    outer loop
      vertex  3.334615e+01  2.570458e+01  0.000000e+00
      vertex -3.334615e+01  2.570458e+01  0.000000e+00
      vertex  3.358392e+01  2.531657e+01  0.000000e+00
    endloop
  endfacet
  facet normal  0.000000e+00  0.000000e+00  1.000000e+00
    outer loop
      vertex  3.358392e+01  2.531657e+01  0.000000e+00
      vertex -3.334615e+01  2.570458e+01  0.000000e+00
      vertex -3.358392e+01  2.531657e+01  0.000000e+00
    endloop
  endfacet
  facet normal  -0.000000e+00  0.000000e+00  1.000000e+00
    outer loop
      vertex  3.358392e+01  2.531657e+01  0.000000e+00
      vertex -3.358392e+01  2.531657e+01  0.000000e+00
      vertex  3.375806e+01  2.489615e+01  0.000000e+00
    endloop
  endfacet
  facet normal  0.000000e+00  0.000000e+00  1.000000e+00
    outer loop
      vertex  3.375806e+01  2.489615e+01  0.000000e+00
      vertex -3.358392e+01  2.531657e+01  0.000000e+00
      vertex -3.375806e+01  2.489615e+01  0.000000e+00
    endloop
  endfacet
  facet normal  -0.000000e+00  0.000000e+00  1.000000e+00
    outer loop
      vertex  3.375806e+01  2.489615e+01  0.000000e+00
      vertex -3.375806e+01  2.489615e+01  0.000000e+00
      vertex  3.386430e+01  2.445366e+01  0.000000e+00
    endloop
  endfacet
  facet normal  0.000000e+00  0.000000e+00  1.000000e+00
    outer loop
      vertex  3.386430e+01  2.445366e+01  0.000000e+00
      vertex -3.375806e+01  2.489615e+01  0.000000e+00
      vertex -3.386430e+01  2.445366e+01  0.000000e+00
    endloop
  endfacet
  facet normal  -0.000000e+00  0.000000e+00  9.999999e-01
    outer loop
      vertex  3.386430e+01  2.445366e+01  0.000000e+00
      vertex -3.386430e+01  2.445366e+01  0.000000e+00
      vertex  3.390000e+01  2.400000e+01  0.000000e+00
    endloop
  endfacet
  facet normal  0.000000e+00  0.000000e+00  1.000000e+00
    outer loop
      vertex  3.390000e+01  2.400000e+01  0.000000e+00
      vertex -3.386430e+01  2.445366e+01  0.000000e+00
      vertex -3.390000e+01  2.400000e+01  0.000000e+00
    endloop
  endfacet
  facet normal  -0.000000e+00  0.000000e+00  1.000000e+00
    outer loop
      vertex  3.390000e+01  2.400000e+01  0.000000e+00
      vertex -3.390000e+01  2.400000e+01  0.000000e+00
      vertex  3.390000e+01 -2.400000e+01  0.000000e+00
    endloop
  endfacet
  facet normal  0.000000e+00  0.000000e+00  1.000000e+00
    outer loop
      vertex  3.390000e+01 -2.400000e+01  0.000000e+00
      vertex -3.390000e+01  2.400000e+01  0.000000e+00
      vertex -3.390000e+01 -2.400000e+01  0.000000e+00
    endloop
  endfacet
  facet normal  -0.000000e+00  0.000000e+00  1.000000e+00
    outer loop
      vertex  3.390000e+01 -2.400000e+01  0.000000e+00
      vertex -3.390000e+01 -2.400000e+01  0.000000e+00
      vertex  3.386430e+01 -2.445366e+01  0.000000e+00
    endloop
  endfacet
  facet normal  0.000000e+00  0.000000e+00  9.999999e-01
    outer loop
      vertex  3.386430e+01 -2.445366e+01  0.000000e+00
      vertex -3.390000e+01 -2.400000e+01  0.000000e+00
      vertex -3.386430e+01 -2.445366e+01  0.000000e+00
    endloop
  endfacet
  facet normal  -0.000000e+00  0.000000e+00  1.000000e+00
    outer loop
      vertex  3.386430e+01 -2.445366e+01  0.000000e+00
      vertex -3.386430e+01 -2.445366e+01  0.000000e+00
      vertex  3.375806e+01 -2.489615e+01  0.000000e+00
    endloop
  endfacet
  facet normal  0.000000e+00  0.000000e+00  1.000000e+00
    outer loop
      vertex  3.375806e+01 -2.489615e+01  0.000000e+00
      vertex -3.386430e+01 -2.445366e+01  0.000000e+00
      vertex -3.375806e+01 -2.489615e+01  0.000000e+00
    endloop
  endfacet
  facet normal  -0.000000e+00  0.000000e+00  1.000000e+00
    outer loop
      vertex  3.375806e+01 -2.489615e+01  0.000000e+00
      vertex -3.375806e+01 -2.489615e+01  0.000000e+00
      vertex  3.358392e+01 -2.531657e+01  0.000000e+00
    endloop
  endfacet
  facet normal  0.000000e+00  0.000000e+00  1.000000e+00
    outer loop
      vertex  3.358392e+01 -2.531657e+01  0.000000e+00
      vertex -3.375806e+01 -2.489615e+01  0.000000e+00
      vertex -3.358392e+01 -2.531657e+01  0.000000e+00
    endloop
  endfacet
  facet normal  -0.000000e+00  0.000000e+00  1.000000e+00
    outer loop
      vertex  3.358392e+01 -2.531657e+01  0.000000e+00
      vertex -3.358392e+01 -2.531657e+01  0.000000e+00
      vertex  3.334615e+01 -2.570458e+01  0.000000e+00
    endloop
  endfacet
  facet normal  0.000000e+00  0.000000e+00  1.000000e+00
    outer loop
      vertex  3.334615e+01 -2.570458e+01  0.000000e+00
      vertex -3.358392e+01 -2.531657e+01  0.000000e+00
      vertex -3.334615e+01 -2.570458e+01  0.000000e+00
    endloop
  endfacet
  facet normal  -0.000000e+00  0.000000e+00  1.000000e+00
    outer loop
      vertex  3.334615e+01 -2.570458e+01  0.000000e+00
      vertex -3.334615e+01 -2.570458e+01  0.000000e+00
      vertex  3.305061e+01 -2.605061e+01  0.000000e+00
    endloop
  endfacet
  facet normal  0.000000e+00  0.000000e+00  1.000000e+00
    outer loop
      vertex  3.305061e+01 -2.605061e+01  0.000000e+00
      vertex -3.334615e+01 -2.570458e+01  0.000000e+00
      vertex -3.305061e+01 -2.605061e+01  0.000000e+00
    endloop
  endfacet
  facet normal  -0.000000e+00  0.000000e+00  9.999999e-01
    outer loop
      vertex  3.305061e+01 -2.605061e+01  0.000000e+00
      vertex -3.305061e+01 -2.605061e+01  0.000000e+00
      vertex  3.270458e+01 -2.634615e+01  0.000000e+00
    endloop
  endfacet
  facet normal  0.000000e+00  0.000000e+00  1.000000e+00
    outer loop
      vertex  3.270458e+01 -2.634615e+01  0.000000e+00
      vertex -3.305061e+01 -2.605061e+01  0.000000e+00
      vertex -3.270458e+01 -2.634615e+01  0.000000e+00
    endloop
  endfacet
  facet normal  -0.000000e+00  0.000000e+00  1.000000e+00
    outer loop
      vertex  3.270458e+01 -2.634615e+01  0.000000e+00
      vertex -3.270458e+01 -2.634615e+01  0.000000e+00
      vertex  3.231657e+01 -2.658392e+01  0.000000e+00
    endloop
  endfacet
  facet normal  0.000000e+00  0.000000e+00  1.000000e+00
    outer loop
      vertex  3.231657e+01 -2.658392e+01  0.000000e+00
      vertex -3.270458e+01 -2.634615e+01  0.000000e+00
      vertex -3.231657e+01 -2.658392e+01  0.000000e+00
    endloop
  endfacet
  facet normal  -0.000000e+00  0.000000e+00  1.000000e+00
    outer loop
      vertex  3.231657e+01 -2.658392e+01  0.000000e+00
      vertex -3.231657e+01 -2.658392e+01  0.000000e+00
      vertex  3.189615e+01 -2.675806e+01  0.000000e+00
    endloop
  endfacet
  facet normal  0.000000e+00  0.000000e+00  1.000000e+00
    outer loop
      vertex  3.189615e+01 -2.675806e+01  0.000000e+00
      vertex -3.231657e+01 -2.658392e+01  0.000000e+00
      vertex -3.189615e+01 -2.675806e+01  0.000000e+00
    endloop
  endfacet
  facet normal  -0.000000e+00  0.000000e+00  1.000000e+00
    outer loop
      vertex  3.189615e+01 -2.675806e+01  0.000000e+00
      vertex -3.189615e+01 -2.675806e+01  0.000000e+00
      vertex  3.145366e+01 -2.686430e+01  0.000000e+00
    endloop
  endfacet
  facet normal  0.000000e+00  0.000000e+00  1.000000e+00
    outer loop
      vertex  3.145366e+01 -2.686430e+01  0.000000e+00
      vertex -3.189615e+01 -2.675806e+01  0.000000e+00
      vertex -3.145366e+01 -2.686430e+01  0.000000e+00
    endloop
  endfacet
  facet normal  -0.000000e+00  0.000000e+00  1.000000e+00
    outer loop
      vertex  3.145366e+01 -2.686430e+01  0.000000e+00
      vertex -3.145366e+01 -2.686430e+01  0.000000e+00
      vertex  3.100000e+01 -2.690000e+01  0.000000e+00
    endloop
  endfacet
  facet normal  0.000000e+00  0.000000e+00  1.000000e+00
    outer loop
      vertex  3.100000e+01 -2.690000e+01  0.000000e+00
      vertex -3.145366e+01 -2.686430e+01  0.000000e+00
      vertex -3.100000e+01 -2.690000e+01  0.000000e+00
    endloop
  endfacet
  facet normal  -0.000000e+00  -0.000000e+00  1.000000e+00
    outer loop
      vertex -4.430000e+01 -3.000000e+01  0.000000e+00
      vertex -4.426039e+01 -3.070538e+01  0.000000e+00
      vertex -4.414204e+01 -3.140188e+01  0.000000e+00
    endloop
  endfacet
  facet normal  -0.000000e+00  -0.000000e+00  1.000000e+00
    outer loop
      vertex -4.430000e+01 -3.000000e+01  0.000000e+00
      vertex -4.414204e+01 -3.140188e+01  0.000000e+00
      vertex -4.394646e+01 -3.208076e+01  0.000000e+00
    endloop
  endfacet
  facet normal  -0.000000e+00  -0.000000e+00  1.000000e+00
    outer loop
      vertex -4.430000e+01 -3.000000e+01  0.000000e+00
      vertex -4.394646e+01 -3.208076e+01  0.000000e+00
      vertex -4.367611e+01 -3.273347e+01  0.000000e+00
    endloop
  endfacet
  facet normal  -0.000000e+00  -0.000000e+00  9.999999e-01
    outer loop
      vertex -4.430000e+01 -3.000000e+01  0.000000e+00
      vertex -4.367611e+01 -3.273347e+01  0.000000e+00
      vertex -4.333436e+01 -3.335180e+01  0.000000e+00
    endloop
  endfacet
  facet normal  -0.000000e+00  -0.000000e+00  9.999999e-01
    outer loop
      vertex -4.430000e+01 -3.000000e+01  0.000000e+00
      vertex -4.333436e+01 -3.335180e+01  0.000000e+00
      vertex -4.292554e+01 -3.392799e+01  0.000000e+00
    endloop
  endfacet
  facet normal  -0.000000e+00  -0.000000e+00  1.000000e+00
    outer loop
      vertex -4.430000e+01 -3.000000e+01  0.000000e+00
      vertex -4.292554e+01 -3.392799e+01  0.000000e+00
      vertex -4.245477e+01 -3.445477e+01  0.000000e+00
    endloop
  endfacet
  facet normal  -0.000000e+00  -0.000000e+00  1.000000e+00
    outer loop
      vertex -4.430000e+01 -3.000000e+01  0.000000e+00
      vertex -4.245477e+01 -3.445477e+01  0.000000e+00
      vertex -4.192799e+01 -3.492554e+01  0.000000e+00
    endloop
  endfacet
  facet normal  -0.000000e+00  -0.000000e+00  1.000000e+00
    outer loop
      vertex -4.430000e+01 -3.000000e+01  0.000000e+00
      vertex -4.192799e+01 -3.492554e+01  0.000000e+00
      vertex -4.135180e+01 -3.533436e+01  0.000000e+00
    endloop
  endfacet
  facet normal  -0.000000e+00  -0.000000e+00  1.000000e+00
    outer loop
      vertex -4.430000e+01 -3.000000e+01  0.000000e+00
      vertex -4.135180e+01 -3.533436e+01  0.000000e+00
      vertex -4.073347e+01 -3.567611e+01  0.000000e+00
    endloop
  endfacet
  facet normal  -0.000000e+00  -0.000000e+00  1.000000e+00
    outer loop
      vertex -4.430000e+01 -3.000000e+01  0.000000e+00
      vertex -4.073347e+01 -3.567611e+01  0.000000e+00
      vertex -4.008076e+01 -3.594646e+01  0.000000e+00
    endloop
  endfacet
  facet normal  -0.000000e+00  -0.000000e+00  1.000000e+00
    outer loop
      vertex -4.430000e+01 -3.000000e+01  0.000000e+00
      vertex -4.008076e+01 -3.594646e+01  0.000000e+00
      vertex -3.940188e+01 -3.614204e+01  0.000000e+00
    endloop
  endfacet
  facet normal  -0.000000e+00  -0.000000e+00  1.000000e+00
    outer loop
      vertex -4.430000e+01 -3.000000e+01  0.000000e+00
      vertex -3.940188e+01 -3.614204e+01  0.000000e+00
      vertex -3.870538e+01 -3.626039e+01  0.000000e+00
    endloop
  endfacet
  facet normal  -0.000000e+00  -0.000000e+00  1.000000e+00
    outer loop
      vertex -4.430000e+01 -3.000000e+01  0.000000e+00
      vertex -3.870538e+01 -3.626039e+01  0.000000e+00
      vertex -3.800000e+01 -3.630000e+01  0.000000e+00
    endloop
  endfacet
  facet normal  0.000000e+00  -0.000000e+00  1.000000e+00
    outer loop
      vertex -4.430000e+01 -3.000000e+01  0.000000e+00
      vertex -3.800000e+01 -3.630000e+01  0.000000e+00
      vertex -3.100000e+01 -2.940000e+01  0.000000e+00
    endloop
  endfacet
  facet normal  0.000000e+00  0.000000e+00  9.999999e-01
    outer loop
      vertex -4.430000e+01 -3.000000e+01  0.000000e+00
      vertex -3.100000e+01 -2.940000e+01  0.000000e+00
      vertex -3.165090e+01 -2.936063e+01  0.000000e+00
    endloop
  endfacet
  facet normal  0.000000e+00  0.000000e+00  1.000000e+00
    outer loop
      vertex -4.430000e+01 -3.000000e+01  0.000000e+00
      vertex -3.165090e+01 -2.936063e+01  0.000000e+00
      vertex -3.229230e+01 -2.924309e+01  0.000000e+00
    endloop
  endfacet
  facet normal  0.000000e+00  0.000000e+00  1.000000e+00
    outer loop
      vertex -4.430000e+01 -3.000000e+01  0.000000e+00
      vertex -3.229230e+01 -2.924309e+01  0.000000e+00
      vertex -3.291487e+01 -2.904909e+01  0.000000e+00
    endloop
  endfacet
  facet normal  0.000000e+00  0.000000e+00  9.999999e-01
    outer loop
      vertex -4.430000e+01 -3.000000e+01  0.000000e+00
      vertex -3.291487e+01 -2.904909e+01  0.000000e+00
      vertex -3.350951e+01 -2.878146e+01  0.000000e+00
    endloop
  endfacet
  facet normal  0.000000e+00  0.000000e+00  1.000000e+00
    outer loop
      vertex -4.430000e+01 -3.000000e+01  0.000000e+00
      vertex -3.350951e+01 -2.878146e+01  0.000000e+00
      vertex -3.406755e+01 -2.844411e+01  0.000000e+00
    endloop
  endfacet
  facet normal  0.000000e+00  0.000000e+00  1.000000e+00
    outer loop
      vertex -4.430000e+01 -3.000000e+01  0.000000e+00
      vertex -3.406755e+01 -2.844411e+01  0.000000e+00
      vertex -3.458086e+01 -2.804196e+01  0.000000e+00
    endloop
  endfacet
  facet normal  0.000000e+00  0.000000e+00  1.000000e+00
    outer loop
      vertex -4.430000e+01 -3.000000e+01  0.000000e+00
      vertex -3.458086e+01 -2.804196e+01  0.000000e+00
      vertex -3.504196e+01 -2.758086e+01  0.000000e+00
    endloop
  endfacet
  facet normal  0.000000e+00  0.000000e+00  1.000000e+00
    outer loop
      vertex -4.430000e+01 -3.000000e+01  0.000000e+00
      vertex -3.504196e+01 -2.758086e+01  0.000000e+00
      vertex -3.544411e+01 -2.706755e+01  0.000000e+00
    endloop
  endfacet
  facet normal  0.000000e+00  0.000000e+00  1.000000e+00
    outer loop
      vertex -4.430000e+01 -3.000000e+01  0.000000e+00
      vertex -3.544411e+01 -2.706755e+01  0.000000e+00
      vertex -3.578146e+01 -2.650950e+01  0.000000e+00
    endloop
  endfacet
  facet normal  0.000000e+00  0.000000e+00  1.000000e+00
    outer loop
      vertex -4.430000e+01 -3.000000e+01  0.000000e+00
      vertex -3.578146e+01 -2.650950e+01  0.000000e+00
      vertex -3.604909e+01 -2.591487e+01  0.000000e+00
    endloop
  endfacet
  facet normal  0.000000e+00  0.000000e+00  1.000000e+00
    outer loop
      vertex -4.430000e+01 -3.000000e+01  0.000000e+00
      vertex -3.604909e+01 -2.591487e+01  0.000000e+00
      vertex -3.624308e+01 -2.529230e+01  0.000000e+00
    endloop
  endfacet
  facet normal  0.000000e+00  0.000000e+00  1.000000e+00
    outer loop
      vertex -4.430000e+01 -3.000000e+01  0.000000e+00
      vertex -3.624308e+01 -2.529230e+01  0.000000e+00
      vertex -3.636063e+01 -2.465090e+01  0.000000e+00
    endloop
  endfacet
  facet normal  0.000000e+00  0.000000e+00  1.000000e+00
    outer loop
      vertex -4.430000e+01 -3.000000e+01  0.000000e+00
      vertex -3.636063e+01 -2.465090e+01  0.000000e+00
      vertex -3.640000e+01 -2.400000e+01  0.000000e+00
    endloop
  endfacet
  facet normal  0.000000e+00  -0.000000e+00  1.000000e+00
    outer loop
      vertex -4.430000e+01 -3.000000e+01  0.000000e+00
      vertex -3.640000e+01 -2.400000e+01  0.000000e+00
      vertex -3.640000e+01  2.400000e+01  0.000000e+00
    endloop
  endfacet
  facet normal  0.000000e+00  -0.000000e+00  1.000000e+00
    outer loop
      vertex -4.430000e+01 -3.000000e+01  0.000000e+00
      vertex -3.640000e+01  2.400000e+01  0.000000e+00
      vertex -3.636063e+01  2.465090e+01  0.000000e+00
    endloop
  endfacet
  facet normal  -0.000000e+00  0.000000e+00  1.000000e+00
    outer loop
      vertex  3.100000e+01 -2.940000e+01  0.000000e+00
      vertex -3.100000e+01 -2.940000e+01  0.000000e+00
      vertex -3.800000e+01 -3.630000e+01  0.000000e+00
    endloop
  endfacet
  facet normal  0.000000e+00  0.000000e+00  1.000000e+00
    outer loop
      vertex  3.100000e+01 -2.940000e+01  0.000000e+00
      vertex -3.800000e+01 -3.630000e+01  0.000000e+00
      vertex  3.800000e+01 -3.630000e+01  0.000000e+00
    endloop
  endfacet
  facet normal  0.000000e+00  -0.000000e+00  1.000000e+00
    outer loop
      vertex  3.100000e+01 -2.940000e+01  0.000000e+00
      vertex  3.800000e+01 -3.630000e+01  0.000000e+00
      vertex  3.870538e+01 -3.626039e+01  0.000000e+00
    endloop
  endfacet
  facet normal  0.000000e+00  -0.000000e+00  1.000000e+00
    outer loop
      vertex  3.100000e+01 -2.940000e+01  0.000000e+00
      vertex  3.870538e+01 -3.626039e+01  0.000000e+00
      vertex  3.940188e+01 -3.614204e+01  0.000000e+00
    endloop
  endfacet
  facet normal  0.000000e+00  -0.000000e+00  9.999999e-01
    outer loop
      vertex  3.100000e+01 -2.940000e+01  0.000000e+00
      vertex  3.940188e+01 -3.614204e+01  0.000000e+00
      vertex  4.008076e+01 -3.594646e+01  0.000000e+00
    endloop
  endfacet
  facet normal  0.000000e+00  -0.000000e+00  1.000000e+00
    outer loop
      vertex  3.100000e+01 -2.940000e+01  0.000000e+00
      vertex  4.008076e+01 -3.594646e+01  0.000000e+00
      vertex  4.073347e+01 -3.567611e+01  0.000000e+00
    endloop
  endfacet
  facet normal  0.000000e+00  -0.000000e+00  1.000000e+00
    outer loop
      vertex  3.100000e+01 -2.940000e+01  0.000000e+00
      vertex  4.073347e+01 -3.567611e+01  0.000000e+00
      vertex  4.135180e+01 -3.533436e+01  0.000000e+00
    endloop
  endfacet
  facet normal  0.000000e+00  -0.000000e+00  1.000000e+00
    outer loop
      vertex  3.100000e+01 -2.940000e+01  0.000000e+00
      vertex  4.135180e+01 -3.533436e+01  0.000000e+00
      vertex  4.192799e+01 -3.492554e+01  0.000000e+00
    endloop
  endfacet
  facet normal  0.000000e+00  -0.000000e+00  1.000000e+00
    outer loop
      vertex  3.100000e+01 -2.940000e+01  0.000000e+00
      vertex  4.192799e+01 -3.492554e+01  0.000000e+00
      vertex  4.245477e+01 -3.445477e+01  0.000000e+00
    endloop
  endfacet
  facet normal  0.000000e+00  -0.000000e+00  1.000000e+00
    outer loop
      vertex  3.100000e+01 -2.940000e+01  0.000000e+00
      vertex  4.245477e+01 -3.445477e+01  0.000000e+00
      vertex  4.292554e+01 -3.392799e+01  0.000000e+00
    endloop
  endfacet
  facet normal  0.000000e+00  -0.000000e+00  1.000000e+00
    outer loop
      vertex  3.100000e+01 -2.940000e+01  0.000000e+00
      vertex  4.292554e+01 -3.392799e+01  0.000000e+00
      vertex  4.333436e+01 -3.335180e+01  0.000000e+00
    endloop
  endfacet
  facet normal  0.000000e+00  -0.000000e+00  1.000000e+00
    outer loop
      vertex  3.100000e+01 -2.940000e+01  0.000000e+00
      vertex  4.333436e+01 -3.335180e+01  0.000000e+00
      vertex  4.367611e+01 -3.273347e+01  0.000000e+00
    endloop
  endfacet
  facet normal  0.000000e+00  -0.000000e+00  1.000000e+00
    outer loop
      vertex  3.100000e+01 -2.940000e+01  0.000000e+00
      vertex  4.367611e+01 -3.273347e+01  0.000000e+00
      vertex  4.394646e+01 -3.208076e+01  0.000000e+00
    endloop
  endfacet
  facet normal  0.000000e+00  -0.000000e+00  1.000000e+00
    outer loop
      vertex  3.100000e+01 -2.940000e+01  0.000000e+00
      vertex  4.394646e+01 -3.208076e+01  0.000000e+00
      vertex  4.414204e+01 -3.140188e+01  0.000000e+00
    endloop
  endfacet
  facet normal  0.000000e+00  -0.000000e+00  9.999999e-01
    outer loop
      vertex  3.100000e+01 -2.940000e+01  0.000000e+00
      vertex  4.414204e+01 -3.140188e+01  0.000000e+00
      vertex  4.426039e+01 -3.070538e+01  0.000000e+00
    endloop
  endfacet
  facet normal  0.000000e+00  -0.000000e+00  1.000000e+00
    outer loop
      vertex  3.100000e+01 -2.940000e+01  0.000000e+00
      vertex  4.426039e+01 -3.070538e+01  0.000000e+00
      vertex  4.430000e+01 -3.000000e+01  0.000000e+00
    endloop
  endfacet
  facet normal  0.000000e+00  0.000000e+00  1.000000e+00
    outer loop
      vertex -4.430000e+01  3.000000e+01  0.000000e+00
      vertex -4.430000e+01 -3.000000e+01  0.000000e+00
      vertex -3.636063e+01  2.465090e+01  0.000000e+00
    endloop
  endfacet
  facet normal  0.000000e+00  -0.000000e+00  1.000000e+00
    outer loop
      vertex -4.430000e+01  3.000000e+01  0.000000e+00
      vertex -3.636063e+01  2.465090e+01  0.000000e+00
      vertex -3.624308e+01  2.529230e+01  0.000000e+00
    endloop
  endfacet
  facet normal  0.000000e+00  -0.000000e+00  1.000000e+00
    outer loop
      vertex -4.430000e+01  3.000000e+01  0.000000e+00
      vertex -3.624308e+01  2.529230e+01  0.000000e+00
      vertex -3.604909e+01  2.591487e+01  0.000000e+00
    endloop
  endfacet
  facet normal  0.000000e+00  -0.000000e+00  1.000000e+00
    outer loop
      vertex -4.430000e+01  3.000000e+01  0.000000e+00
      vertex -3.604909e+01  2.591487e+01  0.000000e+00
      vertex -3.578146e+01  2.650950e+01  0.000000e+00
    endloop
  endfacet
  facet normal  0.000000e+00  -0.000000e+00  1.000000e+00
    outer loop
      vertex -4.430000e+01  3.000000e+01  0.000000e+00
      vertex -3.578146e+01  2.650950e+01  0.000000e+00
      vertex -3.544411e+01  2.706755e+01  0.000000e+00
    endloop
  endfacet
  facet normal  0.000000e+00  -0.000000e+00  1.000000e+00
    outer loop
      vertex -4.430000e+01  3.000000e+01  0.000000e+00
      vertex -3.544411e+01  2.706755e+01  0.000000e+00
      vertex -3.504196e+01  2.758086e+01  0.000000e+00
    endloop
  endfacet
  facet normal  0.000000e+00  -0.000000e+00  1.000000e+00
    outer loop
      vertex -4.430000e+01  3.000000e+01  0.000000e+00
      vertex -3.504196e+01  2.758086e+01  0.000000e+00
      vertex -3.458086e+01  2.804196e+01  0.000000e+00
    endloop
  endfacet
  facet normal  0.000000e+00  -0.000000e+00  1.000000e+00
    outer loop
      vertex -4.430000e+01  3.000000e+01  0.000000e+00
      vertex -3.458086e+01  2.804196e+01  0.000000e+00
      vertex -3.406755e+01  2.844411e+01  0.000000e+00
    endloop
  endfacet
  facet normal  0.000000e+00  -0.000000e+00  1.000000e+00
    outer loop
      vertex -4.430000e+01  3.000000e+01  0.000000e+00
      vertex -3.406755e+01  2.844411e+01  0.000000e+00
      vertex -3.350951e+01  2.878146e+01  0.000000e+00
    endloop
  endfacet
  facet normal  0.000000e+00  -0.000000e+00  1.000000e+00
    outer loop
      vertex -4.430000e+01  3.000000e+01  0.000000e+00
      vertex -3.350951e+01  2.878146e+01  0.000000e+00
      vertex -3.291487e+01  2.904909e+01  0.000000e+00
    endloop
  endfacet
  facet normal  0.000000e+00  -0.000000e+00  1.000000e+00
    outer loop
      vertex -4.430000e+01  3.000000e+01  0.000000e+00
      vertex -3.291487e+01  2.904909e+01  0.000000e+00
      vertex -3.229230e+01  2.924309e+01  0.000000e+00
    endloop
  endfacet
  facet normal  0.000000e+00  -0.000000e+00  1.000000e+00
    outer loop
      vertex -4.430000e+01  3.000000e+01  0.000000e+00
      vertex -3.229230e+01  2.924309e+01  0.000000e+00
      vertex -3.165090e+01  2.936063e+01  0.000000e+00
    endloop
  endfacet
  facet normal  0.000000e+00  -0.000000e+00  1.000000e+00
    outer loop
      vertex -4.430000e+01  3.000000e+01  0.000000e+00
      vertex -3.165090e+01  2.936063e+01  0.000000e+00
      vertex -3.100000e+01  2.940000e+01  0.000000e+00
    endloop
  endfacet
  facet normal  0.000000e+00  0.000000e+00  1.000000e+00
    outer loop
      vertex -4.430000e+01  3.000000e+01  0.000000e+00
      vertex -3.100000e+01  2.940000e+01  0.000000e+00
      vertex -3.800000e+01  3.630000e+01  0.000000e+00
    endloop
  endfacet
  facet normal  0.000000e+00  0.000000e+00  1.000000e+00
    outer loop
      vertex -4.430000e+01  3.000000e+01  0.000000e+00
      vertex -3.800000e+01  3.630000e+01  0.000000e+00
      vertex -3.870538e+01  3.626039e+01  0.000000e+00
    endloop
  endfacet
  facet normal  0.000000e+00  0.000000e+00  1.000000e+00
    outer loop
      vertex -4.430000e+01  3.000000e+01  0.000000e+00
      vertex -3.870538e+01  3.626039e+01  0.000000e+00
      vertex -3.940188e+01  3.614204e+01  0.000000e+00
    endloop
  endfacet
  facet normal  0.000000e+00  0.000000e+00  1.000000e+00
    outer loop
      vertex -4.430000e+01  3.000000e+01  0.000000e+00
      vertex -3.940188e+01  3.614204e+01  0.000000e+00
      vertex -4.008076e+01  3.594646e+01  0.000000e+00
    endloop
  endfacet
  facet normal  0.000000e+00  0.000000e+00  1.000000e+00
    outer loop
      vertex -4.430000e+01  3.000000e+01  0.000000e+00
      vertex -4.008076e+01  3.594646e+01  0.000000e+00
      vertex -4.073347e+01  3.567611e+01  0.000000e+00
    endloop
  endfacet
  facet normal  0.000000e+00  0.000000e+00  1.000000e+00
    outer loop
      vertex -4.430000e+01  3.000000e+01  0.000000e+00
      vertex -4.073347e+01  3.567611e+01  0.000000e+00
      vertex -4.135180e+01  3.533436e+01  0.000000e+00
    endloop
  endfacet
  facet normal  0.000000e+00  0.000000e+00  1.000000e+00
    outer loop
      vertex -4.430000e+01  3.000000e+01  0.000000e+00
      vertex -4.135180e+01  3.533436e+01  0.000000e+00
      vertex -4.192799e+01  3.492554e+01  0.000000e+00
    endloop
  endfacet
  facet normal  0.000000e+00  0.000000e+00  1.000000e+00
    outer loop
      vertex -4.430000e+01  3.000000e+01  0.000000e+00
      vertex -4.192799e+01  3.492554e+01  0.000000e+00
      vertex -4.245477e+01  3.445477e+01  0.000000e+00
    endloop
  endfacet
  facet normal  0.000000e+00  0.000000e+00  1.000000e+00
    outer loop
      vertex -4.430000e+01  3.000000e+01  0.000000e+00
      vertex -4.245477e+01  3.445477e+01  0.000000e+00
      vertex -4.292554e+01  3.392799e+01  0.000000e+00
    endloop
  endfacet
  facet normal  0.000000e+00  0.000000e+00  9.999999e-01
    outer loop
      vertex -4.430000e+01  3.000000e+01  0.000000e+00
      vertex -4.292554e+01  3.392799e+01  0.000000e+00
      vertex -4.333436e+01  3.335180e+01  0.000000e+00
    endloop
  endfacet
  facet normal  0.000000e+00  0.000000e+00  1.000000e+00
    outer loop
      vertex -4.430000e+01  3.000000e+01  0.000000e+00
      vertex -4.333436e+01  3.335180e+01  0.000000e+00
      vertex -4.367611e+01  3.273347e+01  0.000000e+00
    endloop
  endfacet
  facet normal  0.000000e+00  0.000000e+00  1.000000e+00
    outer loop
      vertex -4.430000e+01  3.000000e+01  0.000000e+00
      vertex -4.367611e+01  3.273347e+01  0.000000e+00
      vertex -4.394646e+01  3.208076e+01  0.000000e+00
    endloop
  endfacet
  facet normal  0.000000e+00  0.000000e+00  1.000000e+00
    outer loop
      vertex -4.430000e+01  3.000000e+01  0.000000e+00
      vertex -4.394646e+01  3.208076e+01  0.000000e+00
      vertex -4.414204e+01  3.140188e+01  0.000000e+00
    endloop
  endfacet
  facet normal  0.000000e+00  0.000000e+00  1.000000e+00
    outer loop
      vertex -4.430000e+01  3.000000e+01  0.000000e+00
      vertex -4.414204e+01  3.140188e+01  0.000000e+00
      vertex -4.426039e+01  3.070538e+01  0.000000e+00
    endloop
  endfacet
  facet normal  0.000000e+00  0.000000e+00  1.000000e+00
    outer loop
      vertex  3.100000e+01  2.940000e+01  0.000000e+00
      vertex  4.430000e+01  3.000000e+01  0.000000e+00
      vertex  4.426039e+01  3.070538e+01  0.000000e+00
    endloop
  endfacet
  facet normal  0.000000e+00  0.000000e+00  9.999999e-01
    outer loop
      vertex  3.100000e+01  2.940000e+01  0.000000e+00
      vertex  4.426039e+01  3.070538e+01  0.000000e+00
      vertex  4.414204e+01  3.140188e+01  0.000000e+00
    endloop
  endfacet
  facet normal  0.000000e+00  0.000000e+00  1.000000e+00
    outer loop
      vertex  3.100000e+01  2.940000e+01  0.000000e+00
      vertex  4.414204e+01  3.140188e+01  0.000000e+00
      vertex  4.394646e+01  3.208076e+01  0.000000e+00
    endloop
  endfacet
  facet normal  0.000000e+00  0.000000e+00  1.000000e+00
    outer loop
      vertex  3.100000e+01  2.940000e+01  0.000000e+00
      vertex  4.394646e+01  3.208076e+01  0.000000e+00
      vertex  4.367611e+01  3.273347e+01  0.000000e+00
    endloop
  endfacet
  facet normal  0.000000e+00  0.000000e+00  1.000000e+00
    outer loop
      vertex  3.100000e+01  2.940000e+01  0.000000e+00
      vertex  4.367611e+01  3.273347e+01  0.000000e+00
      vertex  4.333436e+01  3.335180e+01  0.000000e+00
    endloop
  endfacet
  facet normal  0.000000e+00  0.000000e+00  1.000000e+00
    outer loop
      vertex  3.100000e+01  2.940000e+01  0.000000e+00
      vertex  4.333436e+01  3.335180e+01  0.000000e+00
      vertex  4.292554e+01  3.392799e+01  0.000000e+00
    endloop
  endfacet
  facet normal  0.000000e+00  0.000000e+00  1.000000e+00
    outer loop
      vertex  3.100000e+01  2.940000e+01  0.000000e+00
      vertex  4.292554e+01  3.392799e+01  0.000000e+00
      vertex  4.245477e+01  3.445477e+01  0.000000e+00
    endloop
  endfacet
  facet normal  0.000000e+00  0.000000e+00  1.000000e+00
    outer loop
      vertex  3.100000e+01  2.940000e+01  0.000000e+00
      vertex  4.245477e+01  3.445477e+01  0.000000e+00
      vertex  4.192799e+01  3.492554e+01  0.000000e+00
    endloop
  endfacet
  facet normal  0.000000e+00  0.000000e+00  1.000000e+00
    outer loop
      vertex  3.100000e+01  2.940000e+01  0.000000e+00
      vertex  4.192799e+01  3.492554e+01  0.000000e+00
      vertex  4.135180e+01  3.533436e+01  0.000000e+00
    endloop
  endfacet
  facet normal  0.000000e+00  0.000000e+00  1.000000e+00
    outer loop
      vertex  3.100000e+01  2.940000e+01  0.000000e+00
      vertex  4.135180e+01  3.533436e+01  0.000000e+00
      vertex  4.073347e+01  3.567611e+01  0.000000e+00
    endloop
  endfacet
  facet normal  0.000000e+00  0.000000e+00  1.000000e+00
    outer loop
      vertex  3.100000e+01  2.940000e+01  0.000000e+00
      vertex  4.073347e+01  3.567611e+01  0.000000e+00
      vertex  4.008076e+01  3.594646e+01  0.000000e+00
    endloop
  endfacet
  facet normal  0.000000e+00  0.000000e+00  1.000000e+00
    outer loop
      vertex  3.100000e+01  2.940000e+01  0.000000e+00
      vertex  4.008076e+01  3.594646e+01  0.000000e+00
      vertex  3.940188e+01  3.614204e+01  0.000000e+00
    endloop
  endfacet
  facet normal  0.000000e+00  0.000000e+00  1.000000e+00
    outer loop
      vertex  3.100000e+01  2.940000e+01  0.000000e+00
      vertex  3.940188e+01  3.614204e+01  0.000000e+00
      vertex  3.870538e+01  3.626039e+01  0.000000e+00
    endloop
  endfacet
  facet normal  0.000000e+00  0.000000e+00  1.000000e+00
    outer loop
      vertex  3.100000e+01  2.940000e+01  0.000000e+00
      vertex  3.870538e+01  3.626039e+01  0.000000e+00
      vertex  3.800000e+01  3.630000e+01  0.000000e+00
    endloop
  endfacet
  facet normal  0.000000e+00  0.000000e+00  1.000000e+00
    outer loop
      vertex  3.100000e+01  2.940000e+01  0.000000e+00
      vertex  3.800000e+01  3.630000e+01  0.000000e+00
      vertex -3.800000e+01  3.630000e+01  0.000000e+00
    endloop
  endfacet
  facet normal  0.000000e+00  0.000000e+00  1.000000e+00
    outer loop
      vertex  3.100000e+01  2.940000e+01  0.000000e+00
      vertex -3.800000e+01  3.630000e+01  0.000000e+00
      vertex -3.100000e+01  2.940000e+01  0.000000e+00
    endloop
  endfacet
  facet normal  0.000000e+00  0.000000e+00  1.000000e+00
    outer loop
      vertex  4.430000e+01 -3.000000e+01  0.000000e+00
      vertex  3.636063e+01  2.465090e+01  0.000000e+00
      vertex  3.640000e+01  2.400000e+01  0.000000e+00
    endloop
  endfacet
  facet normal  0.000000e+00  0.000000e+00  1.000000e+00
    outer loop
      vertex  4.430000e+01 -3.000000e+01  0.000000e+00
      vertex  3.640000e+01  2.400000e+01  0.000000e+00
      vertex  3.640000e+01 -2.400000e+01  0.000000e+00
    endloop
  endfacet
  facet normal  0.000000e+00  0.000000e+00  1.000000e+00
    outer loop
      vertex  4.430000e+01 -3.000000e+01  0.000000e+00
      vertex  3.640000e+01 -2.400000e+01  0.000000e+00
      vertex  3.636063e+01 -2.465090e+01  0.000000e+00
    endloop
  endfacet
  facet normal  0.000000e+00  0.000000e+00  1.000000e+00
    outer loop
      vertex  4.430000e+01 -3.000000e+01  0.000000e+00
      vertex  3.636063e+01 -2.465090e+01  0.000000e+00
      vertex  3.624308e+01 -2.529230e+01  0.000000e+00
    endloop
  endfacet
  facet normal  0.000000e+00  0.000000e+00  1.000000e+00
    outer loop
      vertex  4.430000e+01 -3.000000e+01  0.000000e+00
      vertex  3.624308e+01 -2.529230e+01  0.000000e+00
      vertex  3.604909e+01 -2.591487e+01  0.000000e+00
    endloop
  endfacet
  facet normal  0.000000e+00  0.000000e+00  1.000000e+00
    outer loop
      vertex  4.430000e+01 -3.000000e+01  0.000000e+00
      vertex  3.604909e+01 -2.591487e+01  0.000000e+00
      vertex  3.578146e+01 -2.650950e+01  0.000000e+00
    endloop
  endfacet
  facet normal  0.000000e+00  0.000000e+00  1.000000e+00
    outer loop
      vertex  4.430000e+01 -3.000000e+01  0.000000e+00
      vertex  3.578146e+01 -2.650950e+01  0.000000e+00
      vertex  3.544411e+01 -2.706755e+01  0.000000e+00
    endloop
  endfacet
  facet normal  0.000000e+00  0.000000e+00  1.000000e+00
    outer loop
      vertex  4.430000e+01 -3.000000e+01  0.000000e+00
      vertex  3.544411e+01 -2.706755e+01  0.000000e+00
      vertex  3.504196e+01 -2.758086e+01  0.000000e+00
    endloop
  endfacet
  facet normal  0.000000e+00  0.000000e+00  1.000000e+00
    outer loop
      vertex  4.430000e+01 -3.000000e+01  0.000000e+00
      vertex  3.504196e+01 -2.758086e+01  0.000000e+00
      vertex  3.458086e+01 -2.804196e+01  0.000000e+00
    endloop
  endfacet
  facet normal  0.000000e+00  0.000000e+00  1.000000e+00
    outer loop
      vertex  4.430000e+01 -3.000000e+01  0.000000e+00
      vertex  3.458086e+01 -2.804196e+01  0.000000e+00
      vertex  3.406755e+01 -2.844411e+01  0.000000e+00
    endloop
  endfacet
  facet normal  0.000000e+00  0.000000e+00  1.000000e+00
    outer loop
      vertex  4.430000e+01 -3.000000e+01  0.000000e+00
      vertex  3.406755e+01 -2.844411e+01  0.000000e+00
      vertex  3.350951e+01 -2.878146e+01  0.000000e+00
    endloop
  endfacet
  facet normal  0.000000e+00  0.000000e+00  1.000000e+00
    outer loop
      vertex  4.430000e+01 -3.000000e+01  0.000000e+00
      vertex  3.350951e+01 -2.878146e+01  0.000000e+00
      vertex  3.291487e+01 -2.904909e+01  0.000000e+00
    endloop
  endfacet
  facet normal  0.000000e+00  0.000000e+00  1.000000e+00
    outer loop
      vertex  4.430000e+01 -3.000000e+01  0.000000e+00
      vertex  3.291487e+01 -2.904909e+01  0.000000e+00
      vertex  3.229230e+01 -2.924309e+01  0.000000e+00
    endloop
  endfacet
  facet normal  0.000000e+00  0.000000e+00  1.000000e+00
    outer loop
      vertex  4.430000e+01 -3.000000e+01  0.000000e+00
      vertex  3.229230e+01 -2.924309e+01  0.000000e+00
      vertex  3.165090e+01 -2.936063e+01  0.000000e+00
    endloop
  endfacet
  facet normal  0.000000e+00  0.000000e+00  1.000000e+00
    outer loop
      vertex  4.430000e+01 -3.000000e+01  0.000000e+00
      vertex  3.165090e+01 -2.936063e+01  0.000000e+00
      vertex  3.100000e+01 -2.940000e+01  0.000000e+00
    endloop
  endfacet
  facet normal  -0.000000e+00  0.000000e+00  9.999999e-01
    outer loop
      vertex  4.430000e+01  3.000000e+01  0.000000e+00
      vertex  3.100000e+01  2.940000e+01  0.000000e+00
      vertex  3.165090e+01  2.936063e+01  0.000000e+00
    endloop
  endfacet
  facet normal  -0.000000e+00  0.000000e+00  1.000000e+00
    outer loop
      vertex  4.430000e+01  3.000000e+01  0.000000e+00
      vertex  3.165090e+01  2.936063e+01  0.000000e+00
      vertex  3.229230e+01  2.924309e+01  0.000000e+00
    endloop
  endfacet
  facet normal  -0.000000e+00  0.000000e+00  1.000000e+00
    outer loop
      vertex  4.430000e+01  3.000000e+01  0.000000e+00
      vertex  3.229230e+01  2.924309e+01  0.000000e+00
      vertex  3.291487e+01  2.904909e+01  0.000000e+00
    endloop
  endfacet
  facet normal  -0.000000e+00  0.000000e+00  9.999999e-01
    outer loop
      vertex  4.430000e+01  3.000000e+01  0.000000e+00
      vertex  3.291487e+01  2.904909e+01  0.000000e+00
      vertex  3.350951e+01  2.878146e+01  0.000000e+00
    endloop
  endfacet
  facet normal  -0.000000e+00  0.000000e+00  1.000000e+00
    outer loop
      vertex  4.430000e+01  3.000000e+01  0.000000e+00
      vertex  3.350951e+01  2.878146e+01  0.000000e+00
      vertex  3.406755e+01  2.844411e+01  0.000000e+00
    endloop
  endfacet
  facet normal  -0.000000e+00  0.000000e+00  1.000000e+00
    outer loop
      vertex  4.430000e+01  3.000000e+01  0.000000e+00
      vertex  3.406755e+01  2.844411e+01  0.000000e+00
      vertex  3.458086e+01  2.804196e+01  0.000000e+00
    endloop
  endfacet
  facet normal  -0.000000e+00  0.000000e+00  1.000000e+00
    outer loop
      vertex  4.430000e+01  3.000000e+01  0.000000e+00
      vertex  3.458086e+01  2.804196e+01  0.000000e+00
      vertex  3.504196e+01  2.758086e+01  0.000000e+00
    endloop
  endfacet
  facet normal  -0.000000e+00  0.000000e+00  1.000000e+00
    outer loop
      vertex  4.430000e+01  3.000000e+01  0.000000e+00
      vertex  3.504196e+01  2.758086e+01  0.000000e+00
      vertex  3.544411e+01  2.706755e+01  0.000000e+00
    endloop
  endfacet
  facet normal  -0.000000e+00  0.000000e+00  1.000000e+00
    outer loop
      vertex  4.430000e+01  3.000000e+01  0.000000e+00
      vertex  3.544411e+01  2.706755e+01  0.000000e+00
      vertex  3.578146e+01  2.650950e+01  0.000000e+00
    endloop
  endfacet
  facet normal  -0.000000e+00  0.000000e+00  1.000000e+00
    outer loop
      vertex  4.430000e+01  3.000000e+01  0.000000e+00
      vertex  3.578146e+01  2.650950e+01  0.000000e+00
      vertex  3.604909e+01  2.591487e+01  0.000000e+00
    endloop
  endfacet
  facet normal  -0.000000e+00  0.000000e+00  1.000000e+00
    outer loop
      vertex  4.430000e+01  3.000000e+01  0.000000e+00
      vertex  3.604909e+01  2.591487e+01  0.000000e+00
      vertex  3.624308e+01  2.529230e+01  0.000000e+00
    endloop
  endfacet
  facet normal  -0.000000e+00  0.000000e+00  1.000000e+00
    outer loop
      vertex  4.430000e+01  3.000000e+01  0.000000e+00
      vertex  3.624308e+01  2.529230e+01  0.000000e+00
      vertex  3.636063e+01  2.465090e+01  0.000000e+00
    endloop
  endfacet
  facet normal  -0.000000e+00  0.000000e+00  1.000000e+00
    outer loop
      vertex  4.430000e+01  3.000000e+01  0.000000e+00
      vertex  3.636063e+01  2.465090e+01  0.000000e+00
      vertex  4.430000e+01 -3.000000e+01  0.000000e+00
    endloop
  endfacet
  facet normal  0.000000e+00  1.000000e+00  0.000000e+00
    outer loop
      vertex -3.100000e+01 -2.690000e+01  2.500000e+00
      vertex  3.100000e+01 -2.690000e+01  2.500000e+00
      vertex -3.100000e+01 -2.690000e+01  0.000000e+00
    endloop
  endfacet
  facet normal  0.000000e+00  1.000000e+00  0.000000e+00
    outer loop
      vertex -3.100000e+01 -2.690000e+01  0.000000e+00
      vertex  3.100000e+01 -2.690000e+01  2.500000e+00
      vertex  3.100000e+01 -2.690000e+01  0.000000e+00
    endloop
  endfacet
  facet normal -7.604063e-01  6.494477e-01  0.000000e+00
    outer loop
      vertex  3.305061e+01 -2.605061e+01  0.000000e+00
      vertex  3.334615e+01 -2.570458e+01  2.500000e+00
      vertex  3.334615e+01 -2.570458e+01  0.000000e+00
    endloop
  endfacet
  facet normal -8.526394e-01  5.224997e-01  0.000000e+00
    outer loop
      vertex  3.334615e+01 -2.570458e+01  0.000000e+00
      vertex  3.334615e+01 -2.570458e+01  2.500000e+00
      vertex  3.358392e+01 -2.531657e+01  2.500000e+00
    endloop
  endfacet
  facet normal -8.526394e-01  5.224997e-01  0.000000e+00
    outer loop
      vertex  3.334615e+01 -2.570458e+01  0.000000e+00
      vertex  3.358392e+01 -2.531657e+01  2.500000e+00
      vertex  3.358392e+01 -2.531657e+01  0.000000e+00
    endloop
  endfacet
  facet normal -9.238799e-01  3.826827e-01  0.000000e+00
    outer loop
      vertex  3.358392e+01 -2.531657e+01  0.000000e+00
      vertex  3.358392e+01 -2.531657e+01  2.500000e+00
      vertex  3.375806e+01 -2.489615e+01  2.500000e+00
    endloop
  endfacet
  facet normal -9.238799e-01  3.826827e-01  0.000000e+00
    outer loop
      vertex  3.358392e+01 -2.531657e+01  0.000000e+00
      vertex  3.375806e+01 -2.489615e+01  2.500000e+00
      vertex  3.375806e+01 -2.489615e+01  0.000000e+00
    endloop
  endfacet
  facet normal -9.723703e-01  2.334440e-01  0.000000e+00
    outer loop
      vertex  3.375806e+01 -2.489615e+01  0.000000e+00
      vertex  3.375806e+01 -2.489615e+01  2.500000e+00
      vertex  3.386430e+01 -2.445366e+01  2.500000e+00
    endloop
  endfacet
  facet normal -9.723703e-01  2.334440e-01  0.000000e+00
    outer loop
      vertex  3.375806e+01 -2.489615e+01  0.000000e+00
      vertex  3.386430e+01 -2.445366e+01  2.500000e+00
      vertex  3.386430e+01 -2.445366e+01  0.000000e+00
    endloop
  endfacet
  facet normal -9.969170e-01  7.846308e-02  0.000000e+00
    outer loop
      vertex  3.386430e+01 -2.445366e+01  0.000000e+00
      vertex  3.386430e+01 -2.445366e+01  2.500000e+00
      vertex  3.390000e+01 -2.400000e+01  2.500000e+00
    endloop
  endfacet
  facet normal -9.969170e-01  7.846308e-02  0.000000e+00
    outer loop
      vertex  3.386430e+01 -2.445366e+01  0.000000e+00
      vertex  3.390000e+01 -2.400000e+01  2.500000e+00
      vertex  3.390000e+01 -2.400000e+01  0.000000e+00
    endloop
  endfacet
  facet normal -7.604063e-01  6.494477e-01  0.000000e+00
    outer loop
      vertex  3.334615e+01 -2.570458e+01  2.500000e+00
      vertex  3.305061e+01 -2.605061e+01  0.000000e+00
      vertex  3.305061e+01 -2.605061e+01  2.500000e+00
    endloop
  endfacet
  facet normal -6.494497e-01  7.604046e-01  0.000000e+00
    outer loop
      vertex  3.305061e+01 -2.605061e+01  2.500000e+00
      vertex  3.305061e+01 -2.605061e+01  0.000000e+00
      vertex  3.270458e+01 -2.634615e+01  0.000000e+00
    endloop
  endfacet
  facet normal -6.494497e-01  7.604046e-01  0.000000e+00
    outer loop
      vertex  3.305061e+01 -2.605061e+01  2.500000e+00
      vertex  3.270458e+01 -2.634615e+01  0.000000e+00
      vertex  3.270458e+01 -2.634615e+01  2.500000e+00
    endloop
  endfacet
  facet normal -5.224997e-01  8.526394e-01  0.000000e+00
    outer loop
      vertex  3.270458e+01 -2.634615e+01  2.500000e+00
      vertex  3.270458e+01 -2.634615e+01  0.000000e+00
      vertex  3.231657e+01 -2.658392e+01  0.000000e+00
    endloop
  endfacet
  facet normal -5.224997e-01  8.526394e-01  0.000000e+00
    outer loop
      vertex  3.270458e+01 -2.634615e+01  2.500000e+00
      vertex  3.231657e+01 -2.658392e+01  0.000000e+00
      vertex  3.231657e+01 -2.658392e+01  2.500000e+00
    endloop
  endfacet
  facet normal -3.826813e-01  9.238805e-01  0.000000e+00
    outer loop
      vertex  3.231657e+01 -2.658392e+01  2.500000e+00
      vertex  3.231657e+01 -2.658392e+01  0.000000e+00
      vertex  3.189615e+01 -2.675806e+01  0.000000e+00
    endloop
  endfacet
  facet normal -3.826813e-01  9.238805e-01  0.000000e+00
    outer loop
      vertex  3.231657e+01 -2.658392e+01  2.500000e+00
      vertex  3.189615e+01 -2.675806e+01  0.000000e+00
      vertex  3.189615e+01 -2.675806e+01  2.500000e+00
    endloop
  endfacet
  facet normal -2.334440e-01  9.723703e-01  0.000000e+00
    outer loop
      vertex  3.189615e+01 -2.675806e+01  2.500000e+00
      vertex  3.189615e+01 -2.675806e+01  0.000000e+00
      vertex  3.145366e+01 -2.686430e+01  0.000000e+00
    endloop
  endfacet
  facet normal -2.334440e-01  9.723703e-01  0.000000e+00
    outer loop
      vertex  3.189615e+01 -2.675806e+01  2.500000e+00
      vertex  3.145366e+01 -2.686430e+01  0.000000e+00
      vertex  3.145366e+01 -2.686430e+01  2.500000e+00
    endloop
  endfacet
  facet normal -7.845891e-02  9.969174e-01  0.000000e+00
    outer loop
      vertex  3.145366e+01 -2.686430e+01  2.500000e+00
      vertex  3.145366e+01 -2.686430e+01  0.000000e+00
      vertex  3.100000e+01 -2.690000e+01  0.000000e+00
    endloop
  endfacet
  facet normal -7.845891e-02  9.969174e-01  0.000000e+00
    outer loop
      vertex  3.145366e+01 -2.686430e+01  2.500000e+00
      vertex  3.100000e+01 -2.690000e+01  0.000000e+00
      vertex  3.100000e+01 -2.690000e+01  2.500000e+00
    endloop
  endfacet
  facet normal -1.000000e+00  -0.000000e+00  0.000000e+00
    outer loop
      vertex  3.390000e+01 -2.400000e+01  2.500000e+00
      vertex  3.390000e+01  2.400000e+01  2.500000e+00
      vertex  3.390000e+01 -2.400000e+01  0.000000e+00
    endloop
  endfacet
  facet normal -1.000000e+00  0.000000e+00  0.000000e+00
    outer loop
      vertex  3.390000e+01 -2.400000e+01  0.000000e+00
      vertex  3.390000e+01  2.400000e+01  2.500000e+00
      vertex  3.390000e+01  2.400000e+01  0.000000e+00
    endloop
  endfacet
  facet normal -6.494497e-01 -7.604046e-01  -0.000000e+00
    outer loop
      vertex  3.305061e+01  2.605061e+01  0.000000e+00
      vertex  3.270458e+01  2.634615e+01  2.500000e+00
      vertex  3.270458e+01  2.634615e+01  0.000000e+00
    endloop
  endfacet
  facet normal -5.224997e-01 -8.526394e-01  0.000000e+00
    outer loop
      vertex  3.270458e+01  2.634615e+01  0.000000e+00
      vertex  3.270458e+01  2.634615e+01  2.500000e+00
      vertex  3.231657e+01  2.658392e+01  2.500000e+00
    endloop
  endfacet
  facet normal -5.224997e-01 -8.526394e-01  -0.000000e+00
    outer loop
      vertex  3.270458e+01  2.634615e+01  0.000000e+00
      vertex  3.231657e+01  2.658392e+01  2.500000e+00
      vertex  3.231657e+01  2.658392e+01  0.000000e+00
    endloop
  endfacet
  facet normal -3.826813e-01 -9.238805e-01  0.000000e+00
    outer loop
      vertex  3.231657e+01  2.658392e+01  0.000000e+00
      vertex  3.231657e+01  2.658392e+01  2.500000e+00
      vertex  3.189615e+01  2.675806e+01  2.500000e+00
    endloop
  endfacet
  facet normal -3.826813e-01 -9.238805e-01  -0.000000e+00
    outer loop
      vertex  3.231657e+01  2.658392e+01  0.000000e+00
      vertex  3.189615e+01  2.675806e+01  2.500000e+00
      vertex  3.189615e+01  2.675806e+01  0.000000e+00
    endloop
  endfacet
  facet normal -2.334440e-01 -9.723703e-01  0.000000e+00
    outer loop
      vertex  3.189615e+01  2.675806e+01  0.000000e+00
      vertex  3.189615e+01  2.675806e+01  2.500000e+00
      vertex  3.145366e+01  2.686430e+01  2.500000e+00
    endloop
  endfacet
  facet normal -2.334440e-01 -9.723703e-01  -0.000000e+00
    outer loop
      vertex  3.189615e+01  2.675806e+01  0.000000e+00
      vertex  3.145366e+01  2.686430e+01  2.500000e+00
      vertex  3.145366e+01  2.686430e+01  0.000000e+00
    endloop
  endfacet
  facet normal -7.845891e-02 -9.969174e-01  0.000000e+00
    outer loop
      vertex  3.145366e+01  2.686430e+01  0.000000e+00
      vertex  3.145366e+01  2.686430e+01  2.500000e+00
      vertex  3.100000e+01  2.690000e+01  2.500000e+00
    endloop
  endfacet
  facet normal -7.845891e-02 -9.969174e-01  -0.000000e+00
    outer loop
      vertex  3.145366e+01  2.686430e+01  0.000000e+00
      vertex  3.100000e+01  2.690000e+01  2.500000e+00
      vertex  3.100000e+01  2.690000e+01  0.000000e+00
    endloop
  endfacet
  facet normal -6.494497e-01 -7.604046e-01  0.000000e+00
    outer loop
      vertex  3.270458e+01  2.634615e+01  2.500000e+00
      vertex  3.305061e+01  2.605061e+01  0.000000e+00
      vertex  3.305061e+01  2.605061e+01  2.500000e+00
    endloop
  endfacet
  facet normal -7.604063e-01 -6.494477e-01  -0.000000e+00
    outer loop
      vertex  3.305061e+01  2.605061e+01  2.500000e+00
      vertex  3.305061e+01  2.605061e+01  0.000000e+00
      vertex  3.334615e+01  2.570458e+01  0.000000e+00
    endloop
  endfacet
  facet normal -7.604063e-01 -6.494477e-01  0.000000e+00
    outer loop
      vertex  3.305061e+01  2.605061e+01  2.500000e+00
      vertex  3.334615e+01  2.570458e+01  0.000000e+00
      vertex  3.334615e+01  2.570458e+01  2.500000e+00
    endloop
  endfacet
  facet normal -8.526394e-01 -5.224997e-01  -0.000000e+00
    outer loop
      vertex  3.334615e+01  2.570458e+01  2.500000e+00
      vertex  3.334615e+01  2.570458e+01  0.000000e+00
      vertex  3.358392e+01  2.531657e+01  0.000000e+00
    endloop
  endfacet
  facet normal -8.526394e-01 -5.224997e-01  0.000000e+00
    outer loop
      vertex  3.334615e+01  2.570458e+01  2.500000e+00
      vertex  3.358392e+01  2.531657e+01  0.000000e+00
      vertex  3.358392e+01  2.531657e+01  2.500000e+00
    endloop
  endfacet
  facet normal -9.238799e-01 -3.826827e-01  -0.000000e+00
    outer loop
      vertex  3.358392e+01  2.531657e+01  2.500000e+00
      vertex  3.358392e+01  2.531657e+01  0.000000e+00
      vertex  3.375806e+01  2.489615e+01  0.000000e+00
    endloop
  endfacet
  facet normal -9.238799e-01 -3.826827e-01  0.000000e+00
    outer loop
      vertex  3.358392e+01  2.531657e+01  2.500000e+00
      vertex  3.375806e+01  2.489615e+01  0.000000e+00
      vertex  3.375806e+01  2.489615e+01  2.500000e+00
    endloop
  endfacet
  facet normal -9.723703e-01 -2.334440e-01  -0.000000e+00
    outer loop
      vertex  3.375806e+01  2.489615e+01  2.500000e+00
      vertex  3.375806e+01  2.489615e+01  0.000000e+00
      vertex  3.386430e+01  2.445366e+01  0.000000e+00
    endloop
  endfacet
  facet normal -9.723703e-01 -2.334440e-01  0.000000e+00
    outer loop
      vertex  3.375806e+01  2.489615e+01  2.500000e+00
      vertex  3.386430e+01  2.445366e+01  0.000000e+00
      vertex  3.386430e+01  2.445366e+01  2.500000e+00
    endloop
  endfacet
  facet normal -9.969170e-01 -7.846308e-02  -0.000000e+00
    outer loop
      vertex  3.386430e+01  2.445366e+01  2.500000e+00
      vertex  3.386430e+01  2.445366e+01  0.000000e+00
      vertex  3.390000e+01  2.400000e+01  0.000000e+00
    endloop
  endfacet
  facet normal -9.969170e-01 -7.846308e-02  0.000000e+00
    outer loop
      vertex  3.386430e+01  2.445366e+01  2.500000e+00
      vertex  3.390000e+01  2.400000e+01  0.000000e+00
      vertex  3.390000e+01  2.400000e+01  2.500000e+00
    endloop
  endfacet
  facet normal  0.000000e+00 -1.000000e+00  0.000000e+00
    outer loop
      vertex  3.100000e+01  2.690000e+01  2.500000e+00
      vertex -3.100000e+01  2.690000e+01  2.500000e+00
      vertex  3.100000e+01  2.690000e+01  0.000000e+00
    endloop
  endfacet
  facet normal  0.000000e+00 -1.000000e+00  0.000000e+00
    outer loop
      vertex  3.100000e+01  2.690000e+01  0.000000e+00
      vertex -3.100000e+01  2.690000e+01  2.500000e+00
      vertex -3.100000e+01  2.690000e+01  0.000000e+00
    endloop
  endfacet
  facet normal  7.604063e-01 -6.494477e-01  0.000000e+00
    outer loop
      vertex -3.305061e+01  2.605061e+01  0.000000e+00
      vertex -3.334615e+01  2.570458e+01  2.500000e+00
      vertex -3.334615e+01  2.570458e+01  0.000000e+00
    endloop
  endfacet
  facet normal  8.526394e-01 -5.224997e-01  0.000000e+00
    outer loop
      vertex -3.334615e+01  2.570458e+01  0.000000e+00
      vertex -3.334615e+01  2.570458e+01  2.500000e+00
      vertex -3.358392e+01  2.531657e+01  2.500000e+00
    endloop
  endfacet
  facet normal  8.526394e-01 -5.224997e-01  0.000000e+00
    outer loop
      vertex -3.334615e+01  2.570458e+01  0.000000e+00
      vertex -3.358392e+01  2.531657e+01  2.500000e+00
      vertex -3.358392e+01  2.531657e+01  0.000000e+00
    endloop
  endfacet
  facet normal  9.238799e-01 -3.826827e-01  0.000000e+00
    outer loop
      vertex -3.358392e+01  2.531657e+01  0.000000e+00
      vertex -3.358392e+01  2.531657e+01  2.500000e+00
      vertex -3.375806e+01  2.489615e+01  2.500000e+00
    endloop
  endfacet
  facet normal  9.238799e-01 -3.826827e-01  0.000000e+00
    outer loop
      vertex -3.358392e+01  2.531657e+01  0.000000e+00
      vertex -3.375806e+01  2.489615e+01  2.500000e+00
      vertex -3.375806e+01  2.489615e+01  0.000000e+00
    endloop
  endfacet
  facet normal  9.723703e-01 -2.334440e-01  0.000000e+00
    outer loop
      vertex -3.375806e+01  2.489615e+01  0.000000e+00
      vertex -3.375806e+01  2.489615e+01  2.500000e+00
      vertex -3.386430e+01  2.445366e+01  2.500000e+00
    endloop
  endfacet
  facet normal  9.723703e-01 -2.334440e-01  0.000000e+00
    outer loop
      vertex -3.375806e+01  2.489615e+01  0.000000e+00
      vertex -3.386430e+01  2.445366e+01  2.500000e+00
      vertex -3.386430e+01  2.445366e+01  0.000000e+00
    endloop
  endfacet
  facet normal  9.969170e-01 -7.846308e-02  0.000000e+00
    outer loop
      vertex -3.386430e+01  2.445366e+01  0.000000e+00
      vertex -3.386430e+01  2.445366e+01  2.500000e+00
      vertex -3.390000e+01  2.400000e+01  2.500000e+00
    endloop
  endfacet
  facet normal  9.969170e-01 -7.846308e-02  0.000000e+00
    outer loop
      vertex -3.386430e+01  2.445366e+01  0.000000e+00
      vertex -3.390000e+01  2.400000e+01  2.500000e+00
      vertex -3.390000e+01  2.400000e+01  0.000000e+00
    endloop
  endfacet
  facet normal  7.604063e-01 -6.494477e-01  0.000000e+00
    outer loop
      vertex -3.334615e+01  2.570458e+01  2.500000e+00
      vertex -3.305061e+01  2.605061e+01  0.000000e+00
      vertex -3.305061e+01  2.605061e+01  2.500000e+00
    endloop
  endfacet
  facet normal  6.494497e-01 -7.604046e-01  0.000000e+00
    outer loop
      vertex -3.305061e+01  2.605061e+01  2.500000e+00
      vertex -3.305061e+01  2.605061e+01  0.000000e+00
      vertex -3.270458e+01  2.634615e+01  0.000000e+00
    endloop
  endfacet
  facet normal  6.494497e-01 -7.604046e-01  0.000000e+00
    outer loop
      vertex -3.305061e+01  2.605061e+01  2.500000e+00
      vertex -3.270458e+01  2.634615e+01  0.000000e+00
      vertex -3.270458e+01  2.634615e+01  2.500000e+00
    endloop
  endfacet
  facet normal  5.224997e-01 -8.526394e-01  0.000000e+00
    outer loop
      vertex -3.270458e+01  2.634615e+01  2.500000e+00
      vertex -3.270458e+01  2.634615e+01  0.000000e+00
      vertex -3.231657e+01  2.658392e+01  0.000000e+00
    endloop
  endfacet
  facet normal  5.224997e-01 -8.526394e-01  0.000000e+00
    outer loop
      vertex -3.270458e+01  2.634615e+01  2.500000e+00
      vertex -3.231657e+01  2.658392e+01  0.000000e+00
      vertex -3.231657e+01  2.658392e+01  2.500000e+00
    endloop
  endfacet
  facet normal  3.826813e-01 -9.238805e-01  0.000000e+00
    outer loop
      vertex -3.231657e+01  2.658392e+01  2.500000e+00
      vertex -3.231657e+01  2.658392e+01  0.000000e+00
      vertex -3.189615e+01  2.675806e+01  0.000000e+00
    endloop
  endfacet
  facet normal  3.826813e-01 -9.238805e-01  0.000000e+00
    outer loop
      vertex -3.231657e+01  2.658392e+01  2.500000e+00
      vertex -3.189615e+01  2.675806e+01  0.000000e+00
      vertex -3.189615e+01  2.675806e+01  2.500000e+00
    endloop
  endfacet
  facet normal  2.334440e-01 -9.723703e-01  0.000000e+00
    outer loop
      vertex -3.189615e+01  2.675806e+01  2.500000e+00
      vertex -3.189615e+01  2.675806e+01  0.000000e+00
      vertex -3.145366e+01  2.686430e+01  0.000000e+00
    endloop
  endfacet
  facet normal  2.334440e-01 -9.723703e-01  0.000000e+00
    outer loop
      vertex -3.189615e+01  2.675806e+01  2.500000e+00
      vertex -3.145366e+01  2.686430e+01  0.000000e+00
      vertex -3.145366e+01  2.686430e+01  2.500000e+00
    endloop
  endfacet
  facet normal  7.845891e-02 -9.969174e-01  0.000000e+00
    outer loop
      vertex -3.145366e+01  2.686430e+01  2.500000e+00
      vertex -3.145366e+01  2.686430e+01  0.000000e+00
      vertex -3.100000e+01  2.690000e+01  0.000000e+00
    endloop
  endfacet
  facet normal  7.845891e-02 -9.969174e-01  0.000000e+00
    outer loop
      vertex -3.145366e+01  2.686430e+01  2.500000e+00
      vertex -3.100000e+01  2.690000e+01  0.000000e+00
      vertex -3.100000e+01  2.690000e+01  2.500000e+00
    endloop
  endfacet
  facet normal  1.000000e+00  -0.000000e+00  0.000000e+00
    outer loop
      vertex -3.390000e+01  2.400000e+01  2.500000e+00
      vertex -3.390000e+01 -2.400000e+01  2.500000e+00
      vertex -3.390000e+01  2.400000e+01  0.000000e+00
    endloop
  endfacet
  facet normal  1.000000e+00  0.000000e+00  0.000000e+00
    outer loop
      vertex -3.390000e+01  2.400000e+01  0.000000e+00
      vertex -3.390000e+01 -2.400000e+01  2.500000e+00
      vertex -3.390000e+01 -2.400000e+01  0.000000e+00
    endloop
  endfacet
  facet normal  6.494497e-01  7.604046e-01  0.000000e+00
    outer loop
      vertex -3.305061e+01 -2.605061e+01  0.000000e+00
      vertex -3.270458e+01 -2.634615e+01  2.500000e+00
      vertex -3.270458e+01 -2.634615e+01  0.000000e+00
    endloop
  endfacet
  facet normal  5.224997e-01  8.526394e-01  -0.000000e+00
    outer loop
      vertex -3.270458e+01 -2.634615e+01  0.000000e+00
      vertex -3.270458e+01 -2.634615e+01  2.500000e+00
      vertex -3.231657e+01 -2.658392e+01  2.500000e+00
    endloop
  endfacet
  facet normal  5.224997e-01  8.526394e-01  0.000000e+00
    outer loop
      vertex -3.270458e+01 -2.634615e+01  0.000000e+00
      vertex -3.231657e+01 -2.658392e+01  2.500000e+00
      vertex -3.231657e+01 -2.658392e+01  0.000000e+00
    endloop
  endfacet
  facet normal  3.826813e-01  9.238805e-01  -0.000000e+00
    outer loop
      vertex -3.231657e+01 -2.658392e+01  0.000000e+00
      vertex -3.231657e+01 -2.658392e+01  2.500000e+00
      vertex -3.189615e+01 -2.675806e+01  2.500000e+00
    endloop
  endfacet
  facet normal  3.826813e-01  9.238805e-01  0.000000e+00
    outer loop
      vertex -3.231657e+01 -2.658392e+01  0.000000e+00
      vertex -3.189615e+01 -2.675806e+01  2.500000e+00
      vertex -3.189615e+01 -2.675806e+01  0.000000e+00
    endloop
  endfacet
  facet normal  2.334440e-01  9.723703e-01  -0.000000e+00
    outer loop
      vertex -3.189615e+01 -2.675806e+01  0.000000e+00
      vertex -3.189615e+01 -2.675806e+01  2.500000e+00
      vertex -3.145366e+01 -2.686430e+01  2.500000e+00
    endloop
  endfacet
  facet normal  2.334440e-01  9.723703e-01  0.000000e+00
    outer loop
      vertex -3.189615e+01 -2.675806e+01  0.000000e+00
      vertex -3.145366e+01 -2.686430e+01  2.500000e+00
      vertex -3.145366e+01 -2.686430e+01  0.000000e+00
    endloop
  endfacet
  facet normal  7.845891e-02  9.969174e-01  -0.000000e+00
    outer loop
      vertex -3.145366e+01 -2.686430e+01  0.000000e+00
      vertex -3.145366e+01 -2.686430e+01  2.500000e+00
      vertex -3.100000e+01 -2.690000e+01  2.500000e+00
    endloop
  endfacet
  facet normal  7.845891e-02  9.969174e-01  0.000000e+00
    outer loop
      vertex -3.145366e+01 -2.686430e+01  0.000000e+00
      vertex -3.100000e+01 -2.690000e+01  2.500000e+00
      vertex -3.100000e+01 -2.690000e+01  0.000000e+00
    endloop
  endfacet
  facet normal  6.494497e-01  7.604046e-01  -0.000000e+00
    outer loop
      vertex -3.270458e+01 -2.634615e+01  2.500000e+00
      vertex -3.305061e+01 -2.605061e+01  0.000000e+00
      vertex -3.305061e+01 -2.605061e+01  2.500000e+00
    endloop
  endfacet
  facet normal  7.604063e-01  6.494477e-01  0.000000e+00
    outer loop
      vertex -3.305061e+01 -2.605061e+01  2.500000e+00
      vertex -3.305061e+01 -2.605061e+01  0.000000e+00
      vertex -3.334615e+01 -2.570458e+01  0.000000e+00
    endloop
  endfacet
  facet normal  7.604063e-01  6.494477e-01  -0.000000e+00
    outer loop
      vertex -3.305061e+01 -2.605061e+01  2.500000e+00
      vertex -3.334615e+01 -2.570458e+01  0.000000e+00
      vertex -3.334615e+01 -2.570458e+01  2.500000e+00
    endloop
  endfacet
  facet normal  8.526394e-01  5.224997e-01  0.000000e+00
    outer loop
      vertex -3.334615e+01 -2.570458e+01  2.500000e+00
      vertex -3.334615e+01 -2.570458e+01  0.000000e+00
      vertex -3.358392e+01 -2.531657e+01  0.000000e+00
    endloop
  endfacet
  facet normal  8.526394e-01  5.224997e-01  -0.000000e+00
    outer loop
      vertex -3.334615e+01 -2.570458e+01  2.500000e+00
      vertex -3.358392e+01 -2.531657e+01  0.000000e+00
      vertex -3.358392e+01 -2.531657e+01  2.500000e+00
    endloop
  endfacet
  facet normal  9.238799e-01  3.826827e-01  0.000000e+00
    outer loop
      vertex -3.358392e+01 -2.531657e+01  2.500000e+00
      vertex -3.358392e+01 -2.531657e+01  0.000000e+00
      vertex -3.375806e+01 -2.489615e+01  0.000000e+00
    endloop
  endfacet
  facet normal  9.238799e-01  3.826827e-01  -0.000000e+00
    outer loop
      vertex -3.358392e+01 -2.531657e+01  2.500000e+00
      vertex -3.375806e+01 -2.489615e+01  0.000000e+00
      vertex -3.375806e+01 -2.489615e+01  2.500000e+00
    endloop
  endfacet
  facet normal  9.723703e-01  2.334440e-01  0.000000e+00
    outer loop
      vertex -3.375806e+01 -2.489615e+01  2.500000e+00
      vertex -3.375806e+01 -2.489615e+01  0.000000e+00
      vertex -3.386430e+01 -2.445366e+01  0.000000e+00
    endloop
  endfacet
  facet normal  9.723703e-01  2.334440e-01  -0.000000e+00
    outer loop
      vertex -3.375806e+01 -2.489615e+01  2.500000e+00
      vertex -3.386430e+01 -2.445366e+01  0.000000e+00
      vertex -3.386430e+01 -2.445366e+01  2.500000e+00
    endloop
  endfacet
  facet normal  9.969170e-01  7.846308e-02  0.000000e+00
    outer loop
      vertex -3.386430e+01 -2.445366e+01  2.500000e+00
      vertex -3.386430e+01 -2.445366e+01  0.000000e+00
      vertex -3.390000e+01 -2.400000e+01  0.000000e+00
    endloop
  endfacet
  facet normal  9.969170e-01  7.846308e-02  -0.000000e+00
    outer loop
      vertex -3.386430e+01 -2.445366e+01  2.500000e+00
      vertex -3.390000e+01 -2.400000e+01  0.000000e+00
      vertex -3.390000e+01 -2.400000e+01  2.500000e+00
    endloop
  endfacet
  facet normal -6.037761e-02 -9.981756e-01  -0.000000e+00
    outer loop
      vertex -3.100000e+01 -2.940000e+01  0.000000e+00
      vertex -3.100000e+01 -2.940000e+01  2.500000e+00
      vertex -3.165090e+01 -2.936063e+01  0.000000e+00
    endloop
  endfacet
  facet normal -6.037761e-02 -9.981756e-01  0.000000e+00
    outer loop
      vertex -3.165090e+01 -2.936063e+01  0.000000e+00
      vertex -3.100000e+01 -2.940000e+01  2.500000e+00
      vertex -3.165090e+01 -2.936063e+01  2.500000e+00
    endloop
  endfacet
  facet normal -1.802551e-01 -9.836199e-01  -0.000000e+00
    outer loop
      vertex -3.165090e+01 -2.936063e+01  0.000000e+00
      vertex -3.165090e+01 -2.936063e+01  2.500000e+00
      vertex -3.229230e+01 -2.924309e+01  0.000000e+00
    endloop
  endfacet
  facet normal -1.802551e-01 -9.836199e-01  0.000000e+00
    outer loop
      vertex -3.229230e+01 -2.924309e+01  0.000000e+00
      vertex -3.165090e+01 -2.936063e+01  2.500000e+00
      vertex -3.229230e+01 -2.924309e+01  2.500000e+00
    endloop
  endfacet
  facet normal -2.975031e-01 -9.547209e-01  -0.000000e+00
    outer loop
      vertex -3.229230e+01 -2.924309e+01  0.000000e+00
      vertex -3.229230e+01 -2.924309e+01  2.500000e+00
      vertex -3.291487e+01 -2.904909e+01  0.000000e+00
    endloop
  endfacet
  facet normal -2.975031e-01 -9.547209e-01  0.000000e+00
    outer loop
      vertex -3.291487e+01 -2.904909e+01  0.000000e+00
      vertex -3.229230e+01 -2.924309e+01  2.500000e+00
      vertex -3.291487e+01 -2.904909e+01  2.500000e+00
    endloop
  endfacet
  facet normal -4.104136e-01 -9.118995e-01  -0.000000e+00
    outer loop
      vertex -3.291487e+01 -2.904909e+01  0.000000e+00
      vertex -3.291487e+01 -2.904909e+01  2.500000e+00
      vertex -3.350951e+01 -2.878146e+01  0.000000e+00
    endloop
  endfacet
  facet normal -4.104136e-01 -9.118995e-01  0.000000e+00
    outer loop
      vertex -3.350951e+01 -2.878146e+01  0.000000e+00
      vertex -3.291487e+01 -2.904909e+01  2.500000e+00
      vertex -3.350951e+01 -2.878146e+01  2.500000e+00
    endloop
  endfacet
  facet normal -5.173370e-01 -8.557817e-01  -0.000000e+00
    outer loop
      vertex -3.350951e+01 -2.878146e+01  0.000000e+00
      vertex -3.350951e+01 -2.878146e+01  2.500000e+00
      vertex -3.406755e+01 -2.844411e+01  0.000000e+00
    endloop
  endfacet
  facet normal -5.173370e-01 -8.557817e-01  0.000000e+00
    outer loop
      vertex -3.406755e+01 -2.844411e+01  0.000000e+00
      vertex -3.350951e+01 -2.878146e+01  2.500000e+00
      vertex -3.406755e+01 -2.844411e+01  2.500000e+00
    endloop
  endfacet
  facet normal -6.167185e-01 -7.871838e-01  -0.000000e+00
    outer loop
      vertex -3.406755e+01 -2.844411e+01  0.000000e+00
      vertex -3.406755e+01 -2.844411e+01  2.500000e+00
      vertex -3.458086e+01 -2.804196e+01  0.000000e+00
    endloop
  endfacet
  facet normal -6.167185e-01 -7.871838e-01  0.000000e+00
    outer loop
      vertex -3.458086e+01 -2.804196e+01  0.000000e+00
      vertex -3.406755e+01 -2.844411e+01  2.500000e+00
      vertex -3.458086e+01 -2.804196e+01  2.500000e+00
    endloop
  endfacet
  facet normal -7.071083e-01 -7.071053e-01  -0.000000e+00
    outer loop
      vertex -3.458086e+01 -2.804196e+01  0.000000e+00
      vertex -3.458086e+01 -2.804196e+01  2.500000e+00
      vertex -3.504196e+01 -2.758086e+01  0.000000e+00
    endloop
  endfacet
  facet normal -7.071083e-01 -7.071053e-01  0.000000e+00
    outer loop
      vertex -3.504196e+01 -2.758086e+01  0.000000e+00
      vertex -3.458086e+01 -2.804196e+01  2.500000e+00
      vertex -3.504196e+01 -2.758086e+01  2.500000e+00
    endloop
  endfacet
  facet normal -7.871823e-01 -6.167204e-01  -0.000000e+00
    outer loop
      vertex -3.504196e+01 -2.758086e+01  0.000000e+00
      vertex -3.504196e+01 -2.758086e+01  2.500000e+00
      vertex -3.544411e+01 -2.706755e+01  0.000000e+00
    endloop
  endfacet
  facet normal -7.871823e-01 -6.167204e-01  0.000000e+00
    outer loop
      vertex -3.544411e+01 -2.706755e+01  0.000000e+00
      vertex -3.504196e+01 -2.758086e+01  2.500000e+00
      vertex -3.544411e+01 -2.706755e+01  2.500000e+00
    endloop
  endfacet
  facet normal -8.557817e-01 -5.173370e-01  -0.000000e+00
    outer loop
      vertex -3.544411e+01 -2.706755e+01  0.000000e+00
      vertex -3.544411e+01 -2.706755e+01  2.500000e+00
      vertex -3.578146e+01 -2.650950e+01  0.000000e+00
    endloop
  endfacet
  facet normal -8.557817e-01 -5.173370e-01  0.000000e+00
    outer loop
      vertex -3.578146e+01 -2.650950e+01  0.000000e+00
      vertex -3.544411e+01 -2.706755e+01  2.500000e+00
      vertex -3.578146e+01 -2.650950e+01  2.500000e+00
    endloop
  endfacet
  facet normal -9.119006e-01 -4.104111e-01  -0.000000e+00
    outer loop
      vertex -3.578146e+01 -2.650950e+01  0.000000e+00
      vertex -3.578146e+01 -2.650950e+01  2.500000e+00
      vertex -3.604909e+01 -2.591487e+01  0.000000e+00
    endloop
  endfacet
  facet normal -9.119006e-01 -4.104111e-01  0.000000e+00
    outer loop
      vertex -3.604909e+01 -2.591487e+01  0.000000e+00
      vertex -3.578146e+01 -2.650950e+01  2.500000e+00
      vertex -3.604909e+01 -2.591487e+01  2.500000e+00
    endloop
  endfacet
  facet normal -9.547214e-01 -2.975013e-01  -0.000000e+00
    outer loop
      vertex -3.604909e+01 -2.591487e+01  0.000000e+00
      vertex -3.604909e+01 -2.591487e+01  2.500000e+00
      vertex -3.624308e+01 -2.529230e+01  0.000000e+00
    endloop
  endfacet
  facet normal -9.547214e-01 -2.975013e-01  0.000000e+00
    outer loop
      vertex -3.624308e+01 -2.529230e+01  0.000000e+00
      vertex -3.604909e+01 -2.591487e+01  2.500000e+00
      vertex -3.624308e+01 -2.529230e+01  2.500000e+00
    endloop
  endfacet
  facet normal -9.836199e-01 -1.802551e-01  -0.000000e+00
    outer loop
      vertex -3.624308e+01 -2.529230e+01  0.000000e+00
      vertex -3.624308e+01 -2.529230e+01  2.500000e+00
      vertex -3.636063e+01 -2.465090e+01  0.000000e+00
    endloop
  endfacet
  facet normal -9.836199e-01 -1.802551e-01  0.000000e+00
    outer loop
      vertex -3.636063e+01 -2.465090e+01  0.000000e+00
      vertex -3.624308e+01 -2.529230e+01  2.500000e+00
      vertex -3.636063e+01 -2.465090e+01  2.500000e+00
    endloop
  endfacet
  facet normal -9.981752e-01 -6.038343e-02  -0.000000e+00
    outer loop
      vertex -3.636063e+01 -2.465090e+01  0.000000e+00
      vertex -3.636063e+01 -2.465090e+01  2.500000e+00
      vertex -3.640000e+01 -2.400000e+01  0.000000e+00
    endloop
  endfacet
  facet normal -9.981752e-01 -6.038343e-02  0.000000e+00
    outer loop
      vertex -3.640000e+01 -2.400000e+01  0.000000e+00
      vertex -3.636063e+01 -2.465090e+01  2.500000e+00
      vertex -3.640000e+01 -2.400000e+01  2.500000e+00
    endloop
  endfacet
  facet normal -1.000000e+00  0.000000e+00  0.000000e+00
    outer loop
      vertex -3.640000e+01  2.400000e+01  2.500000e+00
      vertex -3.640000e+01  2.400000e+01  0.000000e+00
      vertex -3.640000e+01 -2.400000e+01  2.500000e+00
    endloop
  endfacet
  facet normal -1.000000e+00  0.000000e+00  0.000000e+00
    outer loop
      vertex -3.640000e+01 -2.400000e+01  2.500000e+00
      vertex -3.640000e+01  2.400000e+01  0.000000e+00
      vertex -3.640000e+01 -2.400000e+01  0.000000e+00
    endloop
  endfacet
  facet normal -9.981752e-01  6.038343e-02  0.000000e+00
    outer loop
      vertex -3.640000e+01  2.400000e+01  0.000000e+00
      vertex -3.640000e+01  2.400000e+01  2.500000e+00
      vertex -3.636063e+01  2.465090e+01  0.000000e+00
    endloop
  endfacet
  facet normal -9.981752e-01  6.038343e-02  0.000000e+00
    outer loop
      vertex -3.636063e+01  2.465090e+01  0.000000e+00
      vertex -3.640000e+01  2.400000e+01  2.500000e+00
      vertex -3.636063e+01  2.465090e+01  2.500000e+00
    endloop
  endfacet
  facet normal -9.836199e-01  1.802551e-01  0.000000e+00
    outer loop
      vertex -3.636063e+01  2.465090e+01  0.000000e+00
      vertex -3.636063e+01  2.465090e+01  2.500000e+00
      vertex -3.624308e+01  2.529230e+01  0.000000e+00
    endloop
  endfacet
  facet normal -9.836199e-01  1.802551e-01  0.000000e+00
    outer loop
      vertex -3.624308e+01  2.529230e+01  0.000000e+00
      vertex -3.636063e+01  2.465090e+01  2.500000e+00
      vertex -3.624308e+01  2.529230e+01  2.500000e+00
    endloop
  endfacet
  facet normal -9.547214e-01  2.975013e-01  0.000000e+00
    outer loop
      vertex -3.624308e+01  2.529230e+01  0.000000e+00
      vertex -3.624308e+01  2.529230e+01  2.500000e+00
      vertex -3.604909e+01  2.591487e+01  0.000000e+00
    endloop
  endfacet
  facet normal -9.547214e-01  2.975013e-01  0.000000e+00
    outer loop
      vertex -3.604909e+01  2.591487e+01  0.000000e+00
      vertex -3.624308e+01  2.529230e+01  2.500000e+00
      vertex -3.604909e+01  2.591487e+01  2.500000e+00
    endloop
  endfacet
  facet normal -9.119006e-01  4.104111e-01  0.000000e+00
    outer loop
      vertex -3.604909e+01  2.591487e+01  0.000000e+00
      vertex -3.604909e+01  2.591487e+01  2.500000e+00
      vertex -3.578146e+01  2.650950e+01  0.000000e+00
    endloop
  endfacet
  facet normal -9.119006e-01  4.104111e-01  0.000000e+00
    outer loop
      vertex -3.578146e+01  2.650950e+01  0.000000e+00
      vertex -3.604909e+01  2.591487e+01  2.500000e+00
      vertex -3.578146e+01  2.650950e+01  2.500000e+00
    endloop
  endfacet
  facet normal -8.557817e-01  5.173370e-01  0.000000e+00
    outer loop
      vertex -3.578146e+01  2.650950e+01  0.000000e+00
      vertex -3.578146e+01  2.650950e+01  2.500000e+00
      vertex -3.544411e+01  2.706755e+01  0.000000e+00
    endloop
  endfacet
  facet normal -8.557817e-01  5.173370e-01  0.000000e+00
    outer loop
      vertex -3.544411e+01  2.706755e+01  0.000000e+00
      vertex -3.578146e+01  2.650950e+01  2.500000e+00
      vertex -3.544411e+01  2.706755e+01  2.500000e+00
    endloop
  endfacet
  facet normal -7.871823e-01  6.167204e-01  0.000000e+00
    outer loop
      vertex -3.544411e+01  2.706755e+01  0.000000e+00
      vertex -3.544411e+01  2.706755e+01  2.500000e+00
      vertex -3.504196e+01  2.758086e+01  0.000000e+00
    endloop
  endfacet
  facet normal -7.871823e-01  6.167204e-01  0.000000e+00
    outer loop
      vertex -3.504196e+01  2.758086e+01  0.000000e+00
      vertex -3.544411e+01  2.706755e+01  2.500000e+00
      vertex -3.504196e+01  2.758086e+01  2.500000e+00
    endloop
  endfacet
  facet normal -7.071083e-01  7.071053e-01  0.000000e+00
    outer loop
      vertex -3.504196e+01  2.758086e+01  0.000000e+00
      vertex -3.504196e+01  2.758086e+01  2.500000e+00
      vertex -3.458086e+01  2.804196e+01  0.000000e+00
    endloop
  endfacet
  facet normal -7.071083e-01  7.071053e-01  0.000000e+00
    outer loop
      vertex -3.458086e+01  2.804196e+01  0.000000e+00
      vertex -3.504196e+01  2.758086e+01  2.500000e+00
      vertex -3.458086e+01  2.804196e+01  2.500000e+00
    endloop
  endfacet
  facet normal -6.167185e-01  7.871838e-01  0.000000e+00
    outer loop
      vertex -3.458086e+01  2.804196e+01  0.000000e+00
      vertex -3.458086e+01  2.804196e+01  2.500000e+00
      vertex -3.406755e+01  2.844411e+01  0.000000e+00
    endloop
  endfacet
  facet normal -6.167185e-01  7.871838e-01  0.000000e+00
    outer loop
      vertex -3.406755e+01  2.844411e+01  0.000000e+00
      vertex -3.458086e+01  2.804196e+01  2.500000e+00
      vertex -3.406755e+01  2.844411e+01  2.500000e+00
    endloop
  endfacet
  facet normal -5.173370e-01  8.557817e-01  0.000000e+00
    outer loop
      vertex -3.406755e+01  2.844411e+01  0.000000e+00
      vertex -3.406755e+01  2.844411e+01  2.500000e+00
      vertex -3.350951e+01  2.878146e+01  0.000000e+00
    endloop
  endfacet
  facet normal -5.173370e-01  8.557817e-01  0.000000e+00
    outer loop
      vertex -3.350951e+01  2.878146e+01  0.000000e+00
      vertex -3.406755e+01  2.844411e+01  2.500000e+00
      vertex -3.350951e+01  2.878146e+01  2.500000e+00
    endloop
  endfacet
  facet normal -4.104136e-01  9.118995e-01  0.000000e+00
    outer loop
      vertex -3.350951e+01  2.878146e+01  0.000000e+00
      vertex -3.350951e+01  2.878146e+01  2.500000e+00
      vertex -3.291487e+01  2.904909e+01  0.000000e+00
    endloop
  endfacet
  facet normal -4.104136e-01  9.118995e-01  0.000000e+00
    outer loop
      vertex -3.291487e+01  2.904909e+01  0.000000e+00
      vertex -3.350951e+01  2.878146e+01  2.500000e+00
      vertex -3.291487e+01  2.904909e+01  2.500000e+00
    endloop
  endfacet
  facet normal -2.975031e-01  9.547209e-01  0.000000e+00
    outer loop
      vertex -3.291487e+01  2.904909e+01  0.000000e+00
      vertex -3.291487e+01  2.904909e+01  2.500000e+00
      vertex -3.229230e+01  2.924309e+01  0.000000e+00
    endloop
  endfacet
  facet normal -2.975031e-01  9.547209e-01  0.000000e+00
    outer loop
      vertex -3.229230e+01  2.924309e+01  0.000000e+00
      vertex -3.291487e+01  2.904909e+01  2.500000e+00
      vertex -3.229230e+01  2.924309e+01  2.500000e+00
    endloop
  endfacet
  facet normal -1.802551e-01  9.836199e-01  0.000000e+00
    outer loop
      vertex -3.229230e+01  2.924309e+01  0.000000e+00
      vertex -3.229230e+01  2.924309e+01  2.500000e+00
      vertex -3.165090e+01  2.936063e+01  0.000000e+00
    endloop
  endfacet
  facet normal -1.802551e-01  9.836199e-01  0.000000e+00
    outer loop
      vertex -3.165090e+01  2.936063e+01  0.000000e+00
      vertex -3.229230e+01  2.924309e+01  2.500000e+00
      vertex -3.165090e+01  2.936063e+01  2.500000e+00
    endloop
  endfacet
  facet normal -6.037761e-02  9.981756e-01  0.000000e+00
    outer loop
      vertex -3.165090e+01  2.936063e+01  0.000000e+00
      vertex -3.165090e+01  2.936063e+01  2.500000e+00
      vertex -3.100000e+01  2.940000e+01  0.000000e+00
    endloop
  endfacet
  facet normal -6.037761e-02  9.981756e-01  0.000000e+00
    outer loop
      vertex -3.100000e+01  2.940000e+01  0.000000e+00
      vertex -3.165090e+01  2.936063e+01  2.500000e+00
      vertex -3.100000e+01  2.940000e+01  2.500000e+00
    endloop
  endfacet
  facet normal  0.000000e+00  1.000000e+00  -0.000000e+00
    outer loop
      vertex  3.100000e+01  2.940000e+01  2.500000e+00
      vertex  3.100000e+01  2.940000e+01  0.000000e+00
      vertex -3.100000e+01  2.940000e+01  2.500000e+00
    endloop
  endfacet
  facet normal  0.000000e+00  1.000000e+00  0.000000e+00
    outer loop
      vertex -3.100000e+01  2.940000e+01  2.500000e+00
      vertex  3.100000e+01  2.940000e+01  0.000000e+00
      vertex -3.100000e+01  2.940000e+01  0.000000e+00
    endloop
  endfacet
  facet normal  6.037761e-02  9.981756e-01  0.000000e+00
    outer loop
      vertex  3.100000e+01  2.940000e+01  0.000000e+00
      vertex  3.100000e+01  2.940000e+01  2.500000e+00
      vertex  3.165090e+01  2.936063e+01  0.000000e+00
    endloop
  endfacet
  facet normal  6.037761e-02  9.981756e-01  -0.000000e+00
    outer loop
      vertex  3.165090e+01  2.936063e+01  0.000000e+00
      vertex  3.100000e+01  2.940000e+01  2.500000e+00
      vertex  3.165090e+01  2.936063e+01  2.500000e+00
    endloop
  endfacet
  facet normal  1.802551e-01  9.836199e-01  0.000000e+00
    outer loop
      vertex  3.165090e+01  2.936063e+01  0.000000e+00
      vertex  3.165090e+01  2.936063e+01  2.500000e+00
      vertex  3.229230e+01  2.924309e+01  0.000000e+00
    endloop
  endfacet
  facet normal  1.802551e-01  9.836199e-01  -0.000000e+00
    outer loop
      vertex  3.229230e+01  2.924309e+01  0.000000e+00
      vertex  3.165090e+01  2.936063e+01  2.500000e+00
      vertex  3.229230e+01  2.924309e+01  2.500000e+00
    endloop
  endfacet
  facet normal  2.975031e-01  9.547209e-01  0.000000e+00
    outer loop
      vertex  3.229230e+01  2.924309e+01  0.000000e+00
      vertex  3.229230e+01  2.924309e+01  2.500000e+00
      vertex  3.291487e+01  2.904909e+01  0.000000e+00
    endloop
  endfacet
  facet normal  2.975031e-01  9.547209e-01  -0.000000e+00
    outer loop
      vertex  3.291487e+01  2.904909e+01  0.000000e+00
      vertex  3.229230e+01  2.924309e+01  2.500000e+00
      vertex  3.291487e+01  2.904909e+01  2.500000e+00
    endloop
  endfacet
  facet normal  4.104136e-01  9.118995e-01  0.000000e+00
    outer loop
      vertex  3.291487e+01  2.904909e+01  0.000000e+00
      vertex  3.291487e+01  2.904909e+01  2.500000e+00
      vertex  3.350951e+01  2.878146e+01  0.000000e+00
    endloop
  endfacet
  facet normal  4.104136e-01  9.118995e-01  -0.000000e+00
    outer loop
      vertex  3.350951e+01  2.878146e+01  0.000000e+00
      vertex  3.291487e+01  2.904909e+01  2.500000e+00
      vertex  3.350951e+01  2.878146e+01  2.500000e+00
    endloop
  endfacet
  facet normal  5.173370e-01  8.557817e-01  0.000000e+00
    outer loop
      vertex  3.350951e+01  2.878146e+01  0.000000e+00
      vertex  3.350951e+01  2.878146e+01  2.500000e+00
      vertex  3.406755e+01  2.844411e+01  0.000000e+00
    endloop
  endfacet
  facet normal  5.173370e-01  8.557817e-01  -0.000000e+00
    outer loop
      vertex  3.406755e+01  2.844411e+01  0.000000e+00
      vertex  3.350951e+01  2.878146e+01  2.500000e+00
      vertex  3.406755e+01  2.844411e+01  2.500000e+00
    endloop
  endfacet
  facet normal  6.167185e-01  7.871838e-01  0.000000e+00
    outer loop
      vertex  3.406755e+01  2.844411e+01  0.000000e+00
      vertex  3.406755e+01  2.844411e+01  2.500000e+00
      vertex  3.458086e+01  2.804196e+01  0.000000e+00
    endloop
  endfacet
  facet normal  6.167185e-01  7.871838e-01  -0.000000e+00
    outer loop
      vertex  3.458086e+01  2.804196e+01  0.000000e+00
      vertex  3.406755e+01  2.844411e+01  2.500000e+00
      vertex  3.458086e+01  2.804196e+01  2.500000e+00
    endloop
  endfacet
  facet normal  7.071083e-01  7.071053e-01  0.000000e+00
    outer loop
      vertex  3.458086e+01  2.804196e+01  0.000000e+00
      vertex  3.458086e+01  2.804196e+01  2.500000e+00
      vertex  3.504196e+01  2.758086e+01  0.000000e+00
    endloop
  endfacet
  facet normal  7.071083e-01  7.071053e-01  -0.000000e+00
    outer loop
      vertex  3.504196e+01  2.758086e+01  0.000000e+00
      vertex  3.458086e+01  2.804196e+01  2.500000e+00
      vertex  3.504196e+01  2.758086e+01  2.500000e+00
    endloop
  endfacet
  facet normal  7.871823e-01  6.167204e-01  0.000000e+00
    outer loop
      vertex  3.504196e+01  2.758086e+01  0.000000e+00
      vertex  3.504196e+01  2.758086e+01  2.500000e+00
      vertex  3.544411e+01  2.706755e+01  0.000000e+00
    endloop
  endfacet
  facet normal  7.871823e-01  6.167204e-01  -0.000000e+00
    outer loop
      vertex  3.544411e+01  2.706755e+01  0.000000e+00
      vertex  3.504196e+01  2.758086e+01  2.500000e+00
      vertex  3.544411e+01  2.706755e+01  2.500000e+00
    endloop
  endfacet
  facet normal  8.557817e-01  5.173370e-01  0.000000e+00
    outer loop
      vertex  3.544411e+01  2.706755e+01  0.000000e+00
      vertex  3.544411e+01  2.706755e+01  2.500000e+00
      vertex  3.578146e+01  2.650950e+01  0.000000e+00
    endloop
  endfacet
  facet normal  8.557817e-01  5.173370e-01  -0.000000e+00
    outer loop
      vertex  3.578146e+01  2.650950e+01  0.000000e+00
      vertex  3.544411e+01  2.706755e+01  2.500000e+00
      vertex  3.578146e+01  2.650950e+01  2.500000e+00
    endloop
  endfacet
  facet normal  9.119006e-01  4.104111e-01  0.000000e+00
    outer loop
      vertex  3.578146e+01  2.650950e+01  0.000000e+00
      vertex  3.578146e+01  2.650950e+01  2.500000e+00
      vertex  3.604909e+01  2.591487e+01  0.000000e+00
    endloop
  endfacet
  facet normal  9.119006e-01  4.104111e-01  -0.000000e+00
    outer loop
      vertex  3.604909e+01  2.591487e+01  0.000000e+00
      vertex  3.578146e+01  2.650950e+01  2.500000e+00
      vertex  3.604909e+01  2.591487e+01  2.500000e+00
    endloop
  endfacet
  facet normal  9.547214e-01  2.975013e-01  0.000000e+00
    outer loop
      vertex  3.604909e+01  2.591487e+01  0.000000e+00
      vertex  3.604909e+01  2.591487e+01  2.500000e+00
      vertex  3.624308e+01  2.529230e+01  0.000000e+00
    endloop
  endfacet
  facet normal  9.547214e-01  2.975013e-01  -0.000000e+00
    outer loop
      vertex  3.624308e+01  2.529230e+01  0.000000e+00
      vertex  3.604909e+01  2.591487e+01  2.500000e+00
      vertex  3.624308e+01  2.529230e+01  2.500000e+00
    endloop
  endfacet
  facet normal  9.836199e-01  1.802551e-01  0.000000e+00
    outer loop
      vertex  3.624308e+01  2.529230e+01  0.000000e+00
      vertex  3.624308e+01  2.529230e+01  2.500000e+00
      vertex  3.636063e+01  2.465090e+01  0.000000e+00
    endloop
  endfacet
  facet normal  9.836199e-01  1.802551e-01  -0.000000e+00
    outer loop
      vertex  3.636063e+01  2.465090e+01  0.000000e+00
      vertex  3.624308e+01  2.529230e+01  2.500000e+00
      vertex  3.636063e+01  2.465090e+01  2.500000e+00
    endloop
  endfacet
  facet normal  9.981752e-01  6.038343e-02  0.000000e+00
    outer loop
      vertex  3.636063e+01  2.465090e+01  0.000000e+00
      vertex  3.636063e+01  2.465090e+01  2.500000e+00
      vertex  3.640000e+01  2.400000e+01  0.000000e+00
    endloop
  endfacet
  facet normal  9.981752e-01  6.038343e-02  -0.000000e+00
    outer loop
      vertex  3.640000e+01  2.400000e+01  0.000000e+00
      vertex  3.636063e+01  2.465090e+01  2.500000e+00
      vertex  3.640000e+01  2.400000e+01  2.500000e+00
    endloop
  endfacet
  facet normal  1.000000e+00  0.000000e+00  0.000000e+00
    outer loop
      vertex  3.640000e+01 -2.400000e+01  2.500000e+00
      vertex  3.640000e+01 -2.400000e+01  0.000000e+00
      vertex  3.640000e+01  2.400000e+01  2.500000e+00
    endloop
  endfacet
  facet normal  1.000000e+00  0.000000e+00  0.000000e+00
    outer loop
      vertex  3.640000e+01  2.400000e+01  2.500000e+00
      vertex  3.640000e+01 -2.400000e+01  0.000000e+00
      vertex  3.640000e+01  2.400000e+01  0.000000e+00
    endloop
  endfacet
  facet normal  9.981752e-01 -6.038343e-02  0.000000e+00
    outer loop
      vertex  3.640000e+01 -2.400000e+01  0.000000e+00
      vertex  3.640000e+01 -2.400000e+01  2.500000e+00
      vertex  3.636063e+01 -2.465090e+01  0.000000e+00
    endloop
  endfacet
  facet normal  9.981752e-01 -6.038343e-02  0.000000e+00
    outer loop
      vertex  3.636063e+01 -2.465090e+01  0.000000e+00
      vertex  3.640000e+01 -2.400000e+01  2.500000e+00
      vertex  3.636063e+01 -2.465090e+01  2.500000e+00
    endloop
  endfacet
  facet normal  9.836199e-01 -1.802551e-01  0.000000e+00
    outer loop
      vertex  3.636063e+01 -2.465090e+01  0.000000e+00
      vertex  3.636063e+01 -2.465090e+01  2.500000e+00
      vertex  3.624308e+01 -2.529230e+01  0.000000e+00
    endloop
  endfacet
  facet normal  9.836199e-01 -1.802551e-01  0.000000e+00
    outer loop
      vertex  3.624308e+01 -2.529230e+01  0.000000e+00
      vertex  3.636063e+01 -2.465090e+01  2.500000e+00
      vertex  3.624308e+01 -2.529230e+01  2.500000e+00
    endloop
  endfacet
  facet normal  9.547214e-01 -2.975013e-01  0.000000e+00
    outer loop
      vertex  3.624308e+01 -2.529230e+01  0.000000e+00
      vertex  3.624308e+01 -2.529230e+01  2.500000e+00
      vertex  3.604909e+01 -2.591487e+01  0.000000e+00
    endloop
  endfacet
  facet normal  9.547214e-01 -2.975013e-01  0.000000e+00
    outer loop
      vertex  3.604909e+01 -2.591487e+01  0.000000e+00
      vertex  3.624308e+01 -2.529230e+01  2.500000e+00
      vertex  3.604909e+01 -2.591487e+01  2.500000e+00
    endloop
  endfacet
  facet normal  9.119006e-01 -4.104111e-01  0.000000e+00
    outer loop
      vertex  3.604909e+01 -2.591487e+01  0.000000e+00
      vertex  3.604909e+01 -2.591487e+01  2.500000e+00
      vertex  3.578146e+01 -2.650950e+01  0.000000e+00
    endloop
  endfacet
  facet normal  9.119006e-01 -4.104111e-01  0.000000e+00
    outer loop
      vertex  3.578146e+01 -2.650950e+01  0.000000e+00
      vertex  3.604909e+01 -2.591487e+01  2.500000e+00
      vertex  3.578146e+01 -2.650950e+01  2.500000e+00
    endloop
  endfacet
  facet normal  8.557817e-01 -5.173370e-01  0.000000e+00
    outer loop
      vertex  3.578146e+01 -2.650950e+01  0.000000e+00
      vertex  3.578146e+01 -2.650950e+01  2.500000e+00
      vertex  3.544411e+01 -2.706755e+01  0.000000e+00
    endloop
  endfacet
  facet normal  8.557817e-01 -5.173370e-01  0.000000e+00
    outer loop
      vertex  3.544411e+01 -2.706755e+01  0.000000e+00
      vertex  3.578146e+01 -2.650950e+01  2.500000e+00
      vertex  3.544411e+01 -2.706755e+01  2.500000e+00
    endloop
  endfacet
  facet normal  7.871823e-01 -6.167204e-01  0.000000e+00
    outer loop
      vertex  3.544411e+01 -2.706755e+01  0.000000e+00
      vertex  3.544411e+01 -2.706755e+01  2.500000e+00
      vertex  3.504196e+01 -2.758086e+01  0.000000e+00
    endloop
  endfacet
  facet normal  7.871823e-01 -6.167204e-01  0.000000e+00
    outer loop
      vertex  3.504196e+01 -2.758086e+01  0.000000e+00
      vertex  3.544411e+01 -2.706755e+01  2.500000e+00
      vertex  3.504196e+01 -2.758086e+01  2.500000e+00
    endloop
  endfacet
  facet normal  7.071083e-01 -7.071053e-01  0.000000e+00
    outer loop
      vertex  3.504196e+01 -2.758086e+01  0.000000e+00
      vertex  3.504196e+01 -2.758086e+01  2.500000e+00
      vertex  3.458086e+01 -2.804196e+01  0.000000e+00
    endloop
  endfacet
  facet normal  7.071083e-01 -7.071053e-01  0.000000e+00
    outer loop
      vertex  3.458086e+01 -2.804196e+01  0.000000e+00
      vertex  3.504196e+01 -2.758086e+01  2.500000e+00
      vertex  3.458086e+01 -2.804196e+01  2.500000e+00
    endloop
  endfacet
  facet normal  6.167185e-01 -7.871838e-01  0.000000e+00
    outer loop
      vertex  3.458086e+01 -2.804196e+01  0.000000e+00
      vertex  3.458086e+01 -2.804196e+01  2.500000e+00
      vertex  3.406755e+01 -2.844411e+01  0.000000e+00
    endloop
  endfacet
  facet normal  6.167185e-01 -7.871838e-01  0.000000e+00
    outer loop
      vertex  3.406755e+01 -2.844411e+01  0.000000e+00
      vertex  3.458086e+01 -2.804196e+01  2.500000e+00
      vertex  3.406755e+01 -2.844411e+01  2.500000e+00
    endloop
  endfacet
  facet normal  5.173370e-01 -8.557817e-01  0.000000e+00
    outer loop
      vertex  3.406755e+01 -2.844411e+01  0.000000e+00
      vertex  3.406755e+01 -2.844411e+01  2.500000e+00
      vertex  3.350951e+01 -2.878146e+01  0.000000e+00
    endloop
  endfacet
  facet normal  5.173370e-01 -8.557817e-01  0.000000e+00
    outer loop
      vertex  3.350951e+01 -2.878146e+01  0.000000e+00
      vertex  3.406755e+01 -2.844411e+01  2.500000e+00
      vertex  3.350951e+01 -2.878146e+01  2.500000e+00
    endloop
  endfacet
  facet normal  4.104136e-01 -9.118995e-01  0.000000e+00
    outer loop
      vertex  3.350951e+01 -2.878146e+01  0.000000e+00
      vertex  3.350951e+01 -2.878146e+01  2.500000e+00
      vertex  3.291487e+01 -2.904909e+01  0.000000e+00
    endloop
  endfacet
  facet normal  4.104136e-01 -9.118995e-01  0.000000e+00
    outer loop
      vertex  3.291487e+01 -2.904909e+01  0.000000e+00
      vertex  3.350951e+01 -2.878146e+01  2.500000e+00
      vertex  3.291487e+01 -2.904909e+01  2.500000e+00
    endloop
  endfacet
  facet normal  2.975031e-01 -9.547209e-01  0.000000e+00
    outer loop
      vertex  3.291487e+01 -2.904909e+01  0.000000e+00
      vertex  3.291487e+01 -2.904909e+01  2.500000e+00
      vertex  3.229230e+01 -2.924309e+01  0.000000e+00
    endloop
  endfacet
  facet normal  2.975031e-01 -9.547209e-01  0.000000e+00
    outer loop
      vertex  3.229230e+01 -2.924309e+01  0.000000e+00
      vertex  3.291487e+01 -2.904909e+01  2.500000e+00
      vertex  3.229230e+01 -2.924309e+01  2.500000e+00
    endloop
  endfacet
  facet normal  1.802551e-01 -9.836199e-01  0.000000e+00
    outer loop
      vertex  3.229230e+01 -2.924309e+01  0.000000e+00
      vertex  3.229230e+01 -2.924309e+01  2.500000e+00
      vertex  3.165090e+01 -2.936063e+01  0.000000e+00
    endloop
  endfacet
  facet normal  1.802551e-01 -9.836199e-01  0.000000e+00
    outer loop
      vertex  3.165090e+01 -2.936063e+01  0.000000e+00
      vertex  3.229230e+01 -2.924309e+01  2.500000e+00
      vertex  3.165090e+01 -2.936063e+01  2.500000e+00
    endloop
  endfacet
  facet normal  6.037761e-02 -9.981756e-01  0.000000e+00
    outer loop
      vertex  3.165090e+01 -2.936063e+01  0.000000e+00
      vertex  3.165090e+01 -2.936063e+01  2.500000e+00
      vertex  3.100000e+01 -2.940000e+01  0.000000e+00
    endloop
  endfacet
  facet normal  6.037761e-02 -9.981756e-01  0.000000e+00
    outer loop
      vertex  3.100000e+01 -2.940000e+01  0.000000e+00
      vertex  3.165090e+01 -2.936063e+01  2.500000e+00
      vertex  3.100000e+01 -2.940000e+01  2.500000e+00
    endloop
  endfacet
  facet normal  0.000000e+00 -1.000000e+00  0.000000e+00
    outer loop
      vertex -3.100000e+01 -2.940000e+01  2.500000e+00
      vertex -3.100000e+01 -2.940000e+01  0.000000e+00
      vertex  3.100000e+01 -2.940000e+01  2.500000e+00
    endloop
  endfacet
  facet normal  0.000000e+00 -1.000000e+00  -0.000000e+00
    outer loop
      vertex  3.100000e+01 -2.940000e+01  2.500000e+00
      vertex -3.100000e+01 -2.940000e+01  0.000000e+00
      vertex  3.100000e+01 -2.940000e+01  0.000000e+00
    endloop
  endfacet
  facet normal  0.000000e+00  -0.000000e+00  1.000000e+00
    outer loop
      vertex -3.624308e+01  2.529230e+01  2.500000e+00
      vertex -3.358392e+01  2.531657e+01  2.500000e+00
      vertex -3.334615e+01  2.570458e+01  2.500000e+00
    endloop
  endfacet
  facet normal  -0.000000e+00  0.000000e+00  1.000000e+00
    outer loop
      vertex -3.100000e+01 -2.690000e+01  2.500000e+00
      vertex -3.544411e+01 -2.706755e+01  2.500000e+00
      vertex -3.165090e+01 -2.936063e+01  2.500000e+00
    endloop
  endfacet
  facet normal  -0.000000e+00  0.000000e+00  1.000000e+00
    outer loop
      vertex -3.100000e+01 -2.690000e+01  2.500000e+00
      vertex -3.165090e+01 -2.936063e+01  2.500000e+00
      vertex -3.100000e+01 -2.940000e+01  2.500000e+00
    endloop
  endfacet
  facet normal  0.000000e+00  0.000000e+00  1.000000e+00
    outer loop
      vertex -3.100000e+01 -2.690000e+01  2.500000e+00
      vertex -3.100000e+01 -2.940000e+01  2.500000e+00
      vertex  3.100000e+01 -2.940000e+01  2.500000e+00
    endloop
  endfacet
  facet normal  0.000000e+00  -0.000000e+00  1.000000e+00
    outer loop
      vertex -3.100000e+01 -2.690000e+01  2.500000e+00
      vertex  3.100000e+01 -2.940000e+01  2.500000e+00
      vertex  3.100000e+01 -2.690000e+01  2.500000e+00
    endloop
  endfacet
  facet normal  0.000000e+00  -0.000000e+00  1.000000e+00
    outer loop
      vertex  3.100000e+01  2.690000e+01  2.500000e+00
      vertex  3.145366e+01  2.686430e+01  2.500000e+00
      vertex  3.544411e+01  2.706755e+01  2.500000e+00
    endloop
  endfacet
  facet normal  0.000000e+00  0.000000e+00  1.000000e+00
    outer loop
      vertex  3.100000e+01  2.690000e+01  2.500000e+00
      vertex  3.544411e+01  2.706755e+01  2.500000e+00
      vertex  3.504196e+01  2.758086e+01  2.500000e+00
    endloop
  endfacet
  facet normal  0.000000e+00  0.000000e+00  1.000000e+00
    outer loop
      vertex  3.100000e+01  2.690000e+01  2.500000e+00
      vertex  3.504196e+01  2.758086e+01  2.500000e+00
      vertex  3.458086e+01  2.804196e+01  2.500000e+00
    endloop
  endfacet
  facet normal  0.000000e+00  0.000000e+00  1.000000e+00
    outer loop
      vertex  3.100000e+01  2.690000e+01  2.500000e+00
      vertex  3.458086e+01  2.804196e+01  2.500000e+00
      vertex  3.406755e+01  2.844411e+01  2.500000e+00
    endloop
  endfacet
  facet normal  0.000000e+00  0.000000e+00  9.999999e-01
    outer loop
      vertex  3.100000e+01  2.690000e+01  2.500000e+00
      vertex  3.406755e+01  2.844411e+01  2.500000e+00
      vertex  3.350951e+01  2.878146e+01  2.500000e+00
    endloop
  endfacet
  facet normal  0.000000e+00  0.000000e+00  1.000000e+00
    outer loop
      vertex  3.100000e+01  2.690000e+01  2.500000e+00
      vertex  3.350951e+01  2.878146e+01  2.500000e+00
      vertex  3.291487e+01  2.904909e+01  2.500000e+00
    endloop
  endfacet
  facet normal  0.000000e+00  0.000000e+00  1.000000e+00
    outer loop
      vertex  3.100000e+01  2.690000e+01  2.500000e+00
      vertex  3.291487e+01  2.904909e+01  2.500000e+00
      vertex  3.229230e+01  2.924309e+01  2.500000e+00
    endloop
  endfacet
  facet normal  0.000000e+00  0.000000e+00  1.000000e+00
    outer loop
      vertex  3.100000e+01  2.690000e+01  2.500000e+00
      vertex  3.229230e+01  2.924309e+01  2.500000e+00
      vertex  3.165090e+01  2.936063e+01  2.500000e+00
    endloop
  endfacet
  facet normal  0.000000e+00  0.000000e+00  1.000000e+00
    outer loop
      vertex  3.100000e+01  2.690000e+01  2.500000e+00
      vertex  3.165090e+01  2.936063e+01  2.500000e+00
      vertex  3.100000e+01  2.940000e+01  2.500000e+00
    endloop
  endfacet
  facet normal  -0.000000e+00  -0.000000e+00  9.999999e-01
    outer loop
      vertex -3.544411e+01 -2.706755e+01  2.500000e+00
      vertex -3.504196e+01 -2.758086e+01  2.500000e+00
      vertex -3.458086e+01 -2.804196e+01  2.500000e+00
    endloop
  endfacet
  facet normal  -0.000000e+00  -0.000000e+00  9.999999e-01
    outer loop
      vertex -3.544411e+01 -2.706755e+01  2.500000e+00
      vertex -3.458086e+01 -2.804196e+01  2.500000e+00
      vertex -3.406755e+01 -2.844411e+01  2.500000e+00
    endloop
  endfacet
  facet normal  -0.000000e+00  -0.000000e+00  9.999999e-01
    outer loop
      vertex -3.544411e+01 -2.706755e+01  2.500000e+00
      vertex -3.406755e+01 -2.844411e+01  2.500000e+00
      vertex -3.350951e+01 -2.878146e+01  2.500000e+00
    endloop
  endfacet
  facet normal  -0.000000e+00  -0.000000e+00  1.000000e+00
    outer loop
      vertex -3.544411e+01 -2.706755e+01  2.500000e+00
      vertex -3.350951e+01 -2.878146e+01  2.500000e+00
      vertex -3.291487e+01 -2.904909e+01  2.500000e+00
    endloop
  endfacet
  facet normal  -0.000000e+00  -0.000000e+00  1.000000e+00
    outer loop
      vertex -3.544411e+01 -2.706755e+01  2.500000e+00
      vertex -3.291487e+01 -2.904909e+01  2.500000e+00
      vertex -3.229230e+01 -2.924309e+01  2.500000e+00
    endloop
  endfacet
  facet normal  -0.000000e+00  -0.000000e+00  1.000000e+00
    outer loop
      vertex -3.544411e+01 -2.706755e+01  2.500000e+00
      vertex -3.229230e+01 -2.924309e+01  2.500000e+00
      vertex -3.165090e+01 -2.936063e+01  2.500000e+00
    endloop
  endfacet
  facet normal  0.000000e+00  0.000000e+00  1.000000e+00
    outer loop
      vertex  3.100000e+01 -2.690000e+01  2.500000e+00
      vertex  3.100000e+01 -2.940000e+01  2.500000e+00
      vertex  3.165090e+01 -2.936063e+01  2.500000e+00
    endloop
  endfacet
  facet normal  0.000000e+00  -0.000000e+00  1.000000e+00
    outer loop
      vertex  3.100000e+01 -2.690000e+01  2.500000e+00
      vertex  3.165090e+01 -2.936063e+01  2.500000e+00
      vertex  3.229230e+01 -2.924309e+01  2.500000e+00
    endloop
  endfacet
  facet normal  0.000000e+00  -0.000000e+00  1.000000e+00
    outer loop
      vertex  3.100000e+01 -2.690000e+01  2.500000e+00
      vertex  3.229230e+01 -2.924309e+01  2.500000e+00
      vertex  3.291487e+01 -2.904909e+01  2.500000e+00
    endloop
  endfacet
  facet normal  0.000000e+00  -0.000000e+00  1.000000e+00
    outer loop
      vertex  3.100000e+01 -2.690000e+01  2.500000e+00
      vertex  3.291487e+01 -2.904909e+01  2.500000e+00
      vertex  3.350951e+01 -2.878146e+01  2.500000e+00
    endloop
  endfacet
  facet normal  0.000000e+00  -0.000000e+00  9.999999e-01
    outer loop
      vertex  3.100000e+01 -2.690000e+01  2.500000e+00
      vertex  3.350951e+01 -2.878146e+01  2.500000e+00
      vertex  3.406755e+01 -2.844411e+01  2.500000e+00
    endloop
  endfacet
  facet normal  0.000000e+00  -0.000000e+00  1.000000e+00
    outer loop
      vertex  3.100000e+01 -2.690000e+01  2.500000e+00
      vertex  3.406755e+01 -2.844411e+01  2.500000e+00
      vertex  3.458086e+01 -2.804196e+01  2.500000e+00
    endloop
  endfacet
  facet normal  0.000000e+00  -0.000000e+00  1.000000e+00
    outer loop
      vertex  3.100000e+01 -2.690000e+01  2.500000e+00
      vertex  3.458086e+01 -2.804196e+01  2.500000e+00
      vertex  3.504196e+01 -2.758086e+01  2.500000e+00
    endloop
  endfacet
  facet normal  0.000000e+00  -0.000000e+00  1.000000e+00
    outer loop
      vertex  3.100000e+01 -2.690000e+01  2.500000e+00
      vertex  3.504196e+01 -2.758086e+01  2.500000e+00
      vertex  3.544411e+01 -2.706755e+01  2.500000e+00
    endloop
  endfacet
  facet normal  0.000000e+00  0.000000e+00  1.000000e+00
    outer loop
      vertex -3.544411e+01  2.706755e+01  2.500000e+00
      vertex -3.165090e+01  2.936063e+01  2.500000e+00
      vertex -3.229230e+01  2.924309e+01  2.500000e+00
    endloop
  endfacet
  facet normal  0.000000e+00  0.000000e+00  1.000000e+00
    outer loop
      vertex -3.544411e+01  2.706755e+01  2.500000e+00
      vertex -3.229230e+01  2.924309e+01  2.500000e+00
      vertex -3.291487e+01  2.904909e+01  2.500000e+00
    endloop
  endfacet
  facet normal  0.000000e+00  0.000000e+00  1.000000e+00
    outer loop
      vertex -3.544411e+01  2.706755e+01  2.500000e+00
      vertex -3.291487e+01  2.904909e+01  2.500000e+00
      vertex -3.350951e+01  2.878146e+01  2.500000e+00
    endloop
  endfacet
  facet normal  0.000000e+00  0.000000e+00  9.999999e-01
    outer loop
      vertex -3.544411e+01  2.706755e+01  2.500000e+00
      vertex -3.350951e+01  2.878146e+01  2.500000e+00
      vertex -3.406755e+01  2.844411e+01  2.500000e+00
    endloop
  endfacet
  facet normal  0.000000e+00  0.000000e+00  1.000000e+00
    outer loop
      vertex -3.544411e+01  2.706755e+01  2.500000e+00
      vertex -3.406755e+01  2.844411e+01  2.500000e+00
      vertex -3.458086e+01  2.804196e+01  2.500000e+00
    endloop
  endfacet
  facet normal  0.000000e+00  0.000000e+00  9.999999e-01
    outer loop
      vertex -3.544411e+01  2.706755e+01  2.500000e+00
      vertex -3.458086e+01  2.804196e+01  2.500000e+00
      vertex -3.504196e+01  2.758086e+01  2.500000e+00
    endloop
  endfacet
  facet normal  0.000000e+00  0.000000e+00  1.000000e+00
    outer loop
      vertex -3.544411e+01 -2.706755e+01  2.500000e+00
      vertex -3.100000e+01 -2.690000e+01  2.500000e+00
      vertex -3.145366e+01 -2.686430e+01  2.500000e+00
    endloop
  endfacet
  facet normal  0.000000e+00  0.000000e+00  1.000000e+00
    outer loop
      vertex -3.544411e+01 -2.706755e+01  2.500000e+00
      vertex -3.145366e+01 -2.686430e+01  2.500000e+00
      vertex -3.189615e+01 -2.675806e+01  2.500000e+00
    endloop
  endfacet
  facet normal  0.000000e+00  0.000000e+00  1.000000e+00
    outer loop
      vertex -3.544411e+01 -2.706755e+01  2.500000e+00
      vertex -3.189615e+01 -2.675806e+01  2.500000e+00
      vertex -3.231657e+01 -2.658392e+01  2.500000e+00
    endloop
  endfacet
  facet normal  0.000000e+00  0.000000e+00  1.000000e+00
    outer loop
      vertex -3.544411e+01 -2.706755e+01  2.500000e+00
      vertex -3.231657e+01 -2.658392e+01  2.500000e+00
      vertex -3.578146e+01 -2.650950e+01  2.500000e+00
    endloop
  endfacet
  facet normal  0.000000e+00  0.000000e+00  9.999999e-01
    outer loop
      vertex  3.544411e+01 -2.706755e+01  2.500000e+00
      vertex  3.578146e+01 -2.650950e+01  2.500000e+00
      vertex  3.231657e+01 -2.658392e+01  2.500000e+00
    endloop
  endfacet
  facet normal  0.000000e+00  0.000000e+00  1.000000e+00
    outer loop
      vertex  3.544411e+01 -2.706755e+01  2.500000e+00
      vertex  3.231657e+01 -2.658392e+01  2.500000e+00
      vertex  3.189615e+01 -2.675806e+01  2.500000e+00
    endloop
  endfacet
  facet normal  0.000000e+00  0.000000e+00  1.000000e+00
    outer loop
      vertex  3.544411e+01 -2.706755e+01  2.500000e+00
      vertex  3.189615e+01 -2.675806e+01  2.500000e+00
      vertex  3.145366e+01 -2.686430e+01  2.500000e+00
    endloop
  endfacet
  facet normal  0.000000e+00  0.000000e+00  1.000000e+00
    outer loop
      vertex  3.544411e+01 -2.706755e+01  2.500000e+00
      vertex  3.145366e+01 -2.686430e+01  2.500000e+00
      vertex  3.100000e+01 -2.690000e+01  2.500000e+00
    endloop
  endfacet
  facet normal  0.000000e+00  0.000000e+00  1.000000e+00
    outer loop
      vertex  3.100000e+01  2.690000e+01  2.500000e+00
      vertex  3.100000e+01  2.940000e+01  2.500000e+00
      vertex -3.100000e+01  2.690000e+01  2.500000e+00
    endloop
  endfacet
  facet normal  0.000000e+00  0.000000e+00  1.000000e+00
    outer loop
      vertex -3.100000e+01  2.690000e+01  2.500000e+00
      vertex  3.100000e+01  2.940000e+01  2.500000e+00
      vertex -3.100000e+01  2.940000e+01  2.500000e+00
    endloop
  endfacet
  facet normal  0.000000e+00  0.000000e+00  1.000000e+00
    outer loop
      vertex -3.100000e+01  2.690000e+01  2.500000e+00
      vertex -3.100000e+01  2.940000e+01  2.500000e+00
      vertex -3.544411e+01  2.706755e+01  2.500000e+00
    endloop
  endfacet
  facet normal  0.000000e+00  0.000000e+00  1.000000e+00
    outer loop
      vertex -3.544411e+01  2.706755e+01  2.500000e+00
      vertex -3.100000e+01  2.940000e+01  2.500000e+00
      vertex -3.165090e+01  2.936063e+01  2.500000e+00
    endloop
  endfacet
  facet normal  0.000000e+00  0.000000e+00  1.000000e+00
    outer loop
      vertex -3.578146e+01  2.650950e+01  2.500000e+00
      vertex -3.189615e+01  2.675806e+01  2.500000e+00
      vertex -3.544411e+01  2.706755e+01  2.500000e+00
    endloop
  endfacet
  facet normal  0.000000e+00  0.000000e+00  1.000000e+00
    outer loop
      vertex -3.544411e+01  2.706755e+01  2.500000e+00
      vertex -3.189615e+01  2.675806e+01  2.500000e+00
      vertex -3.145366e+01  2.686430e+01  2.500000e+00
    endloop
  endfacet
  facet normal  0.000000e+00  -0.000000e+00  1.000000e+00
    outer loop
      vertex -3.544411e+01  2.706755e+01  2.500000e+00
      vertex -3.145366e+01  2.686430e+01  2.500000e+00
      vertex -3.100000e+01  2.690000e+01  2.500000e+00
    endloop
  endfacet
  facet normal  0.000000e+00  0.000000e+00  1.000000e+00
    outer loop
      vertex -3.604909e+01  2.591487e+01  2.500000e+00
      vertex -3.270458e+01  2.634615e+01  2.500000e+00
      vertex -3.578146e+01  2.650950e+01  2.500000e+00
    endloop
  endfacet
  facet normal  -0.000000e+00  0.000000e+00  1.000000e+00
    outer loop
      vertex -3.578146e+01  2.650950e+01  2.500000e+00
      vertex -3.270458e+01  2.634615e+01  2.500000e+00
      vertex -3.231657e+01  2.658392e+01  2.500000e+00
    endloop
  endfacet
  facet normal  0.000000e+00  -0.000000e+00  1.000000e+00
    outer loop
      vertex -3.578146e+01  2.650950e+01  2.500000e+00
      vertex -3.231657e+01  2.658392e+01  2.500000e+00
      vertex -3.189615e+01  2.675806e+01  2.500000e+00
    endloop
  endfacet
  facet normal  0.000000e+00  0.000000e+00  9.999999e-01
    outer loop
      vertex -3.624308e+01  2.529230e+01  2.500000e+00
      vertex -3.334615e+01  2.570458e+01  2.500000e+00
      vertex -3.604909e+01  2.591487e+01  2.500000e+00
    endloop
  endfacet
  facet normal  -0.000000e+00  0.000000e+00  1.000000e+00
    outer loop
      vertex -3.604909e+01  2.591487e+01  2.500000e+00
      vertex -3.334615e+01  2.570458e+01  2.500000e+00
      vertex -3.305061e+01  2.605061e+01  2.500000e+00
    endloop
  endfacet
  facet normal  0.000000e+00  -0.000000e+00  1.000000e+00
    outer loop
      vertex -3.604909e+01  2.591487e+01  2.500000e+00
      vertex -3.305061e+01  2.605061e+01  2.500000e+00
      vertex -3.270458e+01  2.634615e+01  2.500000e+00
    endloop
  endfacet
  facet normal  -0.000000e+00  0.000000e+00  1.000000e+00
    outer loop
      vertex -3.358392e+01  2.531657e+01  2.500000e+00
      vertex -3.624308e+01  2.529230e+01  2.500000e+00
      vertex -3.375806e+01  2.489615e+01  2.500000e+00
    endloop
  endfacet
  facet normal  0.000000e+00  0.000000e+00  1.000000e+00
    outer loop
      vertex -3.375806e+01  2.489615e+01  2.500000e+00
      vertex -3.624308e+01  2.529230e+01  2.500000e+00
      vertex -3.636063e+01  2.465090e+01  2.500000e+00
    endloop
  endfacet
  facet normal  -0.000000e+00  0.000000e+00  1.000000e+00
    outer loop
      vertex -3.375806e+01  2.489615e+01  2.500000e+00
      vertex -3.636063e+01  2.465090e+01  2.500000e+00
      vertex -3.386430e+01  2.445366e+01  2.500000e+00
    endloop
  endfacet
  facet normal  0.000000e+00  0.000000e+00  1.000000e+00
    outer loop
      vertex -3.386430e+01  2.445366e+01  2.500000e+00
      vertex -3.636063e+01  2.465090e+01  2.500000e+00
      vertex -3.390000e+01  2.400000e+01  2.500000e+00
    endloop
  endfacet
  facet normal  0.000000e+00  0.000000e+00  1.000000e+00
    outer loop
      vertex -3.390000e+01  2.400000e+01  2.500000e+00
      vertex -3.636063e+01  2.465090e+01  2.500000e+00
      vertex -3.640000e+01  2.400000e+01  2.500000e+00
    endloop
  endfacet
  facet normal  -0.000000e+00  0.000000e+00  1.000000e+00
    outer loop
      vertex -3.390000e+01  2.400000e+01  2.500000e+00
      vertex -3.640000e+01  2.400000e+01  2.500000e+00
      vertex -3.390000e+01 -2.400000e+01  2.500000e+00
    endloop
  endfacet
  facet normal  0.000000e+00  0.000000e+00  1.000000e+00
    outer loop
      vertex -3.390000e+01 -2.400000e+01  2.500000e+00
      vertex -3.640000e+01  2.400000e+01  2.500000e+00
      vertex -3.640000e+01 -2.400000e+01  2.500000e+00
    endloop
  endfacet
  facet normal  -0.000000e+00  0.000000e+00  1.000000e+00
    outer loop
      vertex -3.390000e+01 -2.400000e+01  2.500000e+00
      vertex -3.640000e+01 -2.400000e+01  2.500000e+00
      vertex -3.386430e+01 -2.445366e+01  2.500000e+00
    endloop
  endfacet
  facet normal  0.000000e+00  0.000000e+00  1.000000e+00
    outer loop
      vertex -3.386430e+01 -2.445366e+01  2.500000e+00
      vertex -3.640000e+01 -2.400000e+01  2.500000e+00
      vertex -3.636063e+01 -2.465090e+01  2.500000e+00
    endloop
  endfacet
  facet normal  -0.000000e+00  0.000000e+00  1.000000e+00
    outer loop
      vertex -3.386430e+01 -2.445366e+01  2.500000e+00
      vertex -3.636063e+01 -2.465090e+01  2.500000e+00
      vertex -3.375806e+01 -2.489615e+01  2.500000e+00
    endloop
  endfacet
  facet normal  0.000000e+00  0.000000e+00  1.000000e+00
    outer loop
      vertex -3.375806e+01 -2.489615e+01  2.500000e+00
      vertex -3.636063e+01 -2.465090e+01  2.500000e+00
      vertex -3.624308e+01 -2.529230e+01  2.500000e+00
    endloop
  endfacet
  facet normal  -0.000000e+00  0.000000e+00  1.000000e+00
    outer loop
      vertex -3.375806e+01 -2.489615e+01  2.500000e+00
      vertex -3.624308e+01 -2.529230e+01  2.500000e+00
      vertex -3.358392e+01 -2.531657e+01  2.500000e+00
    endloop
  endfacet
  facet normal  0.000000e+00  0.000000e+00  1.000000e+00
    outer loop
      vertex -3.358392e+01 -2.531657e+01  2.500000e+00
      vertex -3.624308e+01 -2.529230e+01  2.500000e+00
      vertex -3.334615e+01 -2.570458e+01  2.500000e+00
    endloop
  endfacet
  facet normal  0.000000e+00  0.000000e+00  9.999999e-01
    outer loop
      vertex -3.334615e+01 -2.570458e+01  2.500000e+00
      vertex -3.624308e+01 -2.529230e+01  2.500000e+00
      vertex -3.604909e+01 -2.591487e+01  2.500000e+00
    endloop
  endfacet
  facet normal  -0.000000e+00  0.000000e+00  1.000000e+00
    outer loop
      vertex -3.334615e+01 -2.570458e+01  2.500000e+00
      vertex -3.604909e+01 -2.591487e+01  2.500000e+00
      vertex -3.305061e+01 -2.605061e+01  2.500000e+00
    endloop
  endfacet
  facet normal  0.000000e+00  0.000000e+00  1.000000e+00
    outer loop
      vertex -3.305061e+01 -2.605061e+01  2.500000e+00
      vertex -3.604909e+01 -2.591487e+01  2.500000e+00
      vertex -3.270458e+01 -2.634615e+01  2.500000e+00
    endloop
  endfacet
  facet normal  0.000000e+00  0.000000e+00  1.000000e+00
    outer loop
      vertex -3.270458e+01 -2.634615e+01  2.500000e+00
      vertex -3.604909e+01 -2.591487e+01  2.500000e+00
      vertex -3.578146e+01 -2.650950e+01  2.500000e+00
    endloop
  endfacet
  facet normal  -0.000000e+00  0.000000e+00  1.000000e+00
    outer loop
      vertex -3.270458e+01 -2.634615e+01  2.500000e+00
      vertex -3.578146e+01 -2.650950e+01  2.500000e+00
      vertex -3.231657e+01 -2.658392e+01  2.500000e+00
    endloop
  endfacet
  facet normal  -0.000000e+00  0.000000e+00  1.000000e+00
    outer loop
      vertex  3.544411e+01  2.706755e+01  2.500000e+00
      vertex  3.145366e+01  2.686430e+01  2.500000e+00
      vertex  3.578146e+01  2.650950e+01  2.500000e+00
    endloop
  endfacet
  facet normal  0.000000e+00  0.000000e+00  1.000000e+00
    outer loop
      vertex  3.578146e+01  2.650950e+01  2.500000e+00
      vertex  3.145366e+01  2.686430e+01  2.500000e+00
      vertex  3.189615e+01  2.675806e+01  2.500000e+00
    endloop
  endfacet
  facet normal  0.000000e+00  0.000000e+00  1.000000e+00
    outer loop
      vertex  3.578146e+01  2.650950e+01  2.500000e+00
      vertex  3.189615e+01  2.675806e+01  2.500000e+00
      vertex  3.231657e+01  2.658392e+01  2.500000e+00
    endloop
  endfacet
  facet normal  0.000000e+00  0.000000e+00  1.000000e+00
    outer loop
      vertex  3.578146e+01  2.650950e+01  2.500000e+00
      vertex  3.231657e+01  2.658392e+01  2.500000e+00
      vertex  3.604909e+01  2.591487e+01  2.500000e+00
    endloop
  endfacet
  facet normal  0.000000e+00  0.000000e+00  1.000000e+00
    outer loop
      vertex  3.604909e+01  2.591487e+01  2.500000e+00
      vertex  3.231657e+01  2.658392e+01  2.500000e+00
      vertex  3.270458e+01  2.634615e+01  2.500000e+00
    endloop
  endfacet
  facet normal  0.000000e+00  0.000000e+00  1.000000e+00
    outer loop
      vertex  3.604909e+01  2.591487e+01  2.500000e+00
      vertex  3.270458e+01  2.634615e+01  2.500000e+00
      vertex  3.305061e+01  2.605061e+01  2.500000e+00
    endloop
  endfacet
  facet normal  0.000000e+00  0.000000e+00  1.000000e+00
    outer loop
      vertex  3.604909e+01  2.591487e+01  2.500000e+00
      vertex  3.305061e+01  2.605061e+01  2.500000e+00
      vertex  3.624308e+01  2.529230e+01  2.500000e+00
    endloop
  endfacet
  facet normal  0.000000e+00  0.000000e+00  9.999999e-01
    outer loop
      vertex  3.624308e+01  2.529230e+01  2.500000e+00
      vertex  3.305061e+01  2.605061e+01  2.500000e+00
      vertex  3.334615e+01  2.570458e+01  2.500000e+00
    endloop
  endfacet
  facet normal  0.000000e+00  0.000000e+00  1.000000e+00
    outer loop
      vertex  3.624308e+01  2.529230e+01  2.500000e+00
      vertex  3.334615e+01  2.570458e+01  2.500000e+00
      vertex  3.358392e+01  2.531657e+01  2.500000e+00
    endloop
  endfacet
  facet normal  0.000000e+00  0.000000e+00  1.000000e+00
    outer loop
      vertex  3.624308e+01  2.529230e+01  2.500000e+00
      vertex  3.358392e+01  2.531657e+01  2.500000e+00
      vertex  3.636063e+01  2.465090e+01  2.500000e+00
    endloop
  endfacet
  facet normal  0.000000e+00  0.000000e+00  1.000000e+00
    outer loop
      vertex  3.636063e+01  2.465090e+01  2.500000e+00
      vertex  3.358392e+01  2.531657e+01  2.500000e+00
      vertex  3.375806e+01  2.489615e+01  2.500000e+00
    endloop
  endfacet
  facet normal  0.000000e+00  0.000000e+00  1.000000e+00
    outer loop
      vertex  3.636063e+01  2.465090e+01  2.500000e+00
      vertex  3.375806e+01  2.489615e+01  2.500000e+00
      vertex  3.386430e+01  2.445366e+01  2.500000e+00
    endloop
  endfacet
  facet normal  -0.000000e+00  0.000000e+00  1.000000e+00
    outer loop
      vertex  3.636063e+01  2.465090e+01  2.500000e+00
      vertex  3.386430e+01  2.445366e+01  2.500000e+00
      vertex  3.640000e+01  2.400000e+01  2.500000e+00
    endloop
  endfacet
  facet normal  0.000000e+00  0.000000e+00  1.000000e+00
    outer loop
      vertex  3.640000e+01  2.400000e+01  2.500000e+00
      vertex  3.386430e+01  2.445366e+01  2.500000e+00
      vertex  3.390000e+01  2.400000e+01  2.500000e+00
    endloop
  endfacet
  facet normal  -0.000000e+00  0.000000e+00  1.000000e+00
    outer loop
      vertex  3.640000e+01  2.400000e+01  2.500000e+00
      vertex  3.390000e+01  2.400000e+01  2.500000e+00
      vertex  3.640000e+01 -2.400000e+01  2.500000e+00
    endloop
  endfacet
  facet normal  0.000000e+00  0.000000e+00  1.000000e+00
    outer loop
      vertex  3.640000e+01 -2.400000e+01  2.500000e+00
      vertex  3.390000e+01  2.400000e+01  2.500000e+00
      vertex  3.390000e+01 -2.400000e+01  2.500000e+00
    endloop
  endfacet
  facet normal  -0.000000e+00  0.000000e+00  1.000000e+00
    outer loop
      vertex  3.640000e+01 -2.400000e+01  2.500000e+00
      vertex  3.390000e+01 -2.400000e+01  2.500000e+00
      vertex  3.636063e+01 -2.465090e+01  2.500000e+00
    endloop
  endfacet
  facet normal  0.000000e+00  0.000000e+00  1.000000e+00
    outer loop
      vertex  3.636063e+01 -2.465090e+01  2.500000e+00
      vertex  3.390000e+01 -2.400000e+01  2.500000e+00
      vertex  3.386430e+01 -2.445366e+01  2.500000e+00
    endloop
  endfacet
  facet normal  0.000000e+00  0.000000e+00  1.000000e+00
    outer loop
      vertex  3.636063e+01 -2.465090e+01  2.500000e+00
      vertex  3.386430e+01 -2.445366e+01  2.500000e+00
      vertex  3.624308e+01 -2.529230e+01  2.500000e+00
    endloop
  endfacet
  facet normal  0.000000e+00  0.000000e+00  1.000000e+00
    outer loop
      vertex  3.624308e+01 -2.529230e+01  2.500000e+00
      vertex  3.386430e+01 -2.445366e+01  2.500000e+00
      vertex  3.375806e+01 -2.489615e+01  2.500000e+00
    endloop
  endfacet
  facet normal  0.000000e+00  0.000000e+00  1.000000e+00
    outer loop
      vertex  3.624308e+01 -2.529230e+01  2.500000e+00
      vertex  3.375806e+01 -2.489615e+01  2.500000e+00
      vertex  3.358392e+01 -2.531657e+01  2.500000e+00
    endloop
  endfacet
  facet normal  -0.000000e+00  0.000000e+00  1.000000e+00
    outer loop
      vertex  3.624308e+01 -2.529230e+01  2.500000e+00
      vertex  3.358392e+01 -2.531657e+01  2.500000e+00
      vertex  3.604909e+01 -2.591487e+01  2.500000e+00
    endloop
  endfacet
  facet normal  0.000000e+00  0.000000e+00  1.000000e+00
    outer loop
      vertex  3.604909e+01 -2.591487e+01  2.500000e+00
      vertex  3.358392e+01 -2.531657e+01  2.500000e+00
      vertex  3.334615e+01 -2.570458e+01  2.500000e+00
    endloop
  endfacet
  facet normal  0.000000e+00  0.000000e+00  9.999999e-01
    outer loop
      vertex  3.604909e+01 -2.591487e+01  2.500000e+00
      vertex  3.334615e+01 -2.570458e+01  2.500000e+00
      vertex  3.305061e+01 -2.605061e+01  2.500000e+00
    endloop
  endfacet
  facet normal  -0.000000e+00  0.000000e+00  1.000000e+00
    outer loop
      vertex  3.604909e+01 -2.591487e+01  2.500000e+00
      vertex  3.305061e+01 -2.605061e+01  2.500000e+00
      vertex  3.578146e+01 -2.650950e+01  2.500000e+00
    endloop
  endfacet
  facet normal  0.000000e+00  0.000000e+00  1.000000e+00
    outer loop
      vertex  3.578146e+01 -2.650950e+01  2.500000e+00
      vertex  3.305061e+01 -2.605061e+01  2.500000e+00
      vertex  3.270458e+01 -2.634615e+01  2.500000e+00
    endloop
  endfacet
  facet normal  0.000000e+00  0.000000e+00  9.999999e-01
    outer loop
      vertex  3.578146e+01 -2.650950e+01  2.500000e+00
      vertex  3.270458e+01 -2.634615e+01  2.500000e+00
      vertex  3.231657e+01 -2.658392e+01  2.500000e+00
    endloop
  endfacet
  facet normal  0.000000e+00 -1.000000e+00  0.000000e+00
    outer loop
      vertex -3.800000e+01 -3.630000e+01 -1.900000e+00
      vertex  3.800000e+01 -3.630000e+01 -1.900000e+00
      vertex -3.800000e+01 -3.630000e+01  0.000000e+00
    endloop
  endfacet
  facet normal  0.000000e+00 -1.000000e+00  0.000000e+00
    outer loop
      vertex -3.800000e+01 -3.630000e+01  0.000000e+00
      vertex  3.800000e+01 -3.630000e+01 -1.900000e+00
      vertex  3.800000e+01 -3.630000e+01  0.000000e+00
    endloop
  endfacet
  facet normal  9.984269e-01 -5.606871e-02  0.000000e+00
    outer loop
      vertex  4.430000e+01 -3.000000e+01 -1.900000e+00
      vertex  4.430000e+01 -3.000000e+01  0.000000e+00
      vertex  4.426039e+01 -3.070538e+01 -1.900000e+00
    endloop
  endfacet
  facet normal  9.984269e-01 -5.606871e-02  0.000000e+00
    outer loop
      vertex  4.426039e+01 -3.070538e+01 -1.900000e+00
      vertex  4.430000e+01 -3.000000e+01  0.000000e+00
      vertex  4.426039e+01 -3.070538e+01  0.000000e+00
    endloop
  endfacet
  facet normal  9.858705e-01 -1.675092e-01  0.000000e+00
    outer loop
      vertex  4.426039e+01 -3.070538e+01 -1.900000e+00
      vertex  4.426039e+01 -3.070538e+01  0.000000e+00
      vertex  4.414204e+01 -3.140188e+01 -1.900000e+00
    endloop
  endfacet
  facet normal  9.858705e-01 -1.675092e-01  0.000000e+00
    outer loop
      vertex  4.414204e+01 -3.140188e+01 -1.900000e+00
      vertex  4.426039e+01 -3.070538e+01  0.000000e+00
      vertex  4.414204e+01 -3.140188e+01  0.000000e+00
    endloop
  endfacet
  facet normal  9.609177e-01 -2.768342e-01  0.000000e+00
    outer loop
      vertex  4.414204e+01 -3.140188e+01 -1.900000e+00
      vertex  4.414204e+01 -3.140188e+01  0.000000e+00
      vertex  4.394646e+01 -3.208076e+01 -1.900000e+00
    endloop
  endfacet
  facet normal  9.609177e-01 -2.768342e-01  0.000000e+00
    outer loop
      vertex  4.394646e+01 -3.208076e+01 -1.900000e+00
      vertex  4.414204e+01 -3.140188e+01  0.000000e+00
      vertex  4.394646e+01 -3.208076e+01  0.000000e+00
    endloop
  endfacet
  facet normal  9.238806e-01 -3.826807e-01  0.000000e+00
    outer loop
      vertex  4.394646e+01 -3.208076e+01 -1.900000e+00
      vertex  4.394646e+01 -3.208076e+01  0.000000e+00
      vertex  4.367611e+01 -3.273347e+01 -1.900000e+00
    endloop
  endfacet
  facet normal  9.238806e-01 -3.826807e-01  0.000000e+00
    outer loop
      vertex  4.367611e+01 -3.273347e+01 -1.900000e+00
      vertex  4.394646e+01 -3.208076e+01  0.000000e+00
      vertex  4.367611e+01 -3.273347e+01  0.000000e+00
    endloop
  endfacet
  facet normal  8.752226e-01 -4.837204e-01  0.000000e+00
    outer loop
      vertex  4.367611e+01 -3.273347e+01 -1.900000e+00
      vertex  4.367611e+01 -3.273347e+01  0.000000e+00
      vertex  4.333436e+01 -3.335180e+01 -1.900000e+00
    endloop
  endfacet
  facet normal  8.752226e-01 -4.837204e-01  0.000000e+00
    outer loop
      vertex  4.333436e+01 -3.335180e+01 -1.900000e+00
      vertex  4.367611e+01 -3.273347e+01  0.000000e+00
      vertex  4.333436e+01 -3.335180e+01  0.000000e+00
    endloop
  endfacet
  facet normal  8.155602e-01 -5.786723e-01  0.000000e+00
    outer loop
      vertex  4.333436e+01 -3.335180e+01 -1.900000e+00
      vertex  4.333436e+01 -3.335180e+01  0.000000e+00
      vertex  4.292554e+01 -3.392799e+01 -1.900000e+00
    endloop
  endfacet
  facet normal  8.155602e-01 -5.786723e-01  0.000000e+00
    outer loop
      vertex  4.292554e+01 -3.392799e+01 -1.900000e+00
      vertex  4.333436e+01 -3.335180e+01  0.000000e+00
      vertex  4.292554e+01 -3.392799e+01  0.000000e+00
    endloop
  endfacet
  facet normal  7.456431e-01 -6.663456e-01  0.000000e+00
    outer loop
      vertex  4.292554e+01 -3.392799e+01 -1.900000e+00
      vertex  4.292554e+01 -3.392799e+01  0.000000e+00
      vertex  4.245477e+01 -3.445477e+01 -1.900000e+00
    endloop
  endfacet
  facet normal  7.456431e-01 -6.663456e-01  0.000000e+00
    outer loop
      vertex  4.245477e+01 -3.445477e+01 -1.900000e+00
      vertex  4.292554e+01 -3.392799e+01  0.000000e+00
      vertex  4.245477e+01 -3.445477e+01  0.000000e+00
    endloop
  endfacet
  facet normal  6.663456e-01 -7.456431e-01  0.000000e+00
    outer loop
      vertex  4.245477e+01 -3.445477e+01 -1.900000e+00
      vertex  4.245477e+01 -3.445477e+01  0.000000e+00
      vertex  4.192799e+01 -3.492554e+01 -1.900000e+00
    endloop
  endfacet
  facet normal  6.663456e-01 -7.456431e-01  0.000000e+00
    outer loop
      vertex  4.192799e+01 -3.492554e+01 -1.900000e+00
      vertex  4.245477e+01 -3.445477e+01  0.000000e+00
      vertex  4.192799e+01 -3.492554e+01  0.000000e+00
    endloop
  endfacet
  facet normal  5.786723e-01 -8.155602e-01  0.000000e+00
    outer loop
      vertex  4.192799e+01 -3.492554e+01 -1.900000e+00
      vertex  4.192799e+01 -3.492554e+01  0.000000e+00
      vertex  4.135180e+01 -3.533436e+01 -1.900000e+00
    endloop
  endfacet
  facet normal  5.786723e-01 -8.155602e-01  0.000000e+00
    outer loop
      vertex  4.135180e+01 -3.533436e+01 -1.900000e+00
      vertex  4.192799e+01 -3.492554e+01  0.000000e+00
      vertex  4.135180e+01 -3.533436e+01  0.000000e+00
    endloop
  endfacet
  facet normal  4.837204e-01 -8.752226e-01  0.000000e+00
    outer loop
      vertex  4.135180e+01 -3.533436e+01 -1.900000e+00
      vertex  4.135180e+01 -3.533436e+01  0.000000e+00
      vertex  4.073347e+01 -3.567611e+01 -1.900000e+00
    endloop
  endfacet
  facet normal  4.837204e-01 -8.752226e-01  0.000000e+00
    outer loop
      vertex  4.073347e+01 -3.567611e+01 -1.900000e+00
      vertex  4.135180e+01 -3.533436e+01  0.000000e+00
      vertex  4.073347e+01 -3.567611e+01  0.000000e+00
    endloop
  endfacet
  facet normal  3.826807e-01 -9.238806e-01  0.000000e+00
    outer loop
      vertex  4.073347e+01 -3.567611e+01 -1.900000e+00
      vertex  4.073347e+01 -3.567611e+01  0.000000e+00
      vertex  4.008076e+01 -3.594646e+01 -1.900000e+00
    endloop
  endfacet
  facet normal  3.826807e-01 -9.238806e-01  0.000000e+00
    outer loop
      vertex  4.008076e+01 -3.594646e+01 -1.900000e+00
      vertex  4.073347e+01 -3.567611e+01  0.000000e+00
      vertex  4.008076e+01 -3.594646e+01  0.000000e+00
    endloop
  endfacet
  facet normal  2.768342e-01 -9.609177e-01  0.000000e+00
    outer loop
      vertex  4.008076e+01 -3.594646e+01 -1.900000e+00
      vertex  4.008076e+01 -3.594646e+01  0.000000e+00
      vertex  3.940188e+01 -3.614204e+01 -1.900000e+00
    endloop
  endfacet
  facet normal  2.768342e-01 -9.609177e-01  0.000000e+00
    outer loop
      vertex  3.940188e+01 -3.614204e+01 -1.900000e+00
      vertex  4.008076e+01 -3.594646e+01  0.000000e+00
      vertex  3.940188e+01 -3.614204e+01  0.000000e+00
    endloop
  endfacet
  facet normal  1.675092e-01 -9.858705e-01  0.000000e+00
    outer loop
      vertex  3.940188e+01 -3.614204e+01 -1.900000e+00
      vertex  3.940188e+01 -3.614204e+01  0.000000e+00
      vertex  3.870538e+01 -3.626039e+01 -1.900000e+00
    endloop
  endfacet
  facet normal  1.675092e-01 -9.858705e-01  0.000000e+00
    outer loop
      vertex  3.870538e+01 -3.626039e+01 -1.900000e+00
      vertex  3.940188e+01 -3.614204e+01  0.000000e+00
      vertex  3.870538e+01 -3.626039e+01  0.000000e+00
    endloop
  endfacet
  facet normal  5.606871e-02 -9.984269e-01  0.000000e+00
    outer loop
      vertex  3.870538e+01 -3.626039e+01 -1.900000e+00
      vertex  3.870538e+01 -3.626039e+01  0.000000e+00
      vertex  3.800000e+01 -3.630000e+01 -1.900000e+00
    endloop
  endfacet
  facet normal  5.606871e-02 -9.984269e-01  0.000000e+00
    outer loop
      vertex  3.800000e+01 -3.630000e+01 -1.900000e+00
      vertex  3.870538e+01 -3.626039e+01  0.000000e+00
      vertex  3.800000e+01 -3.630000e+01  0.000000e+00
    endloop
  endfacet
  facet normal  1.000000e+00  0.000000e+00  0.000000e+00
    outer loop
      vertex  4.430000e+01 -3.000000e+01 -1.900000e+00
      vertex  4.430000e+01  3.000000e+01 -1.900000e+00
      vertex  4.430000e+01 -3.000000e+01  0.000000e+00
    endloop
  endfacet
  facet normal  1.000000e+00  -0.000000e+00  0.000000e+00
    outer loop
      vertex  4.430000e+01 -3.000000e+01  0.000000e+00
      vertex  4.430000e+01  3.000000e+01 -1.900000e+00
      vertex  4.430000e+01  3.000000e+01  0.000000e+00
    endloop
  endfacet
  facet normal  5.606871e-02  9.984269e-01  0.000000e+00
    outer loop
      vertex  3.800000e+01  3.630000e+01 -1.900000e+00
      vertex  3.800000e+01  3.630000e+01  0.000000e+00
      vertex  3.870538e+01  3.626039e+01 -1.900000e+00
    endloop
  endfacet
  facet normal  5.606871e-02  9.984269e-01  -0.000000e+00
    outer loop
      vertex  3.870538e+01  3.626039e+01 -1.900000e+00
      vertex  3.800000e+01  3.630000e+01  0.000000e+00
      vertex  3.870538e+01  3.626039e+01  0.000000e+00
    endloop
  endfacet
  facet normal  1.675092e-01  9.858705e-01  0.000000e+00
    outer loop
      vertex  3.870538e+01  3.626039e+01 -1.900000e+00
      vertex  3.870538e+01  3.626039e+01  0.000000e+00
      vertex  3.940188e+01  3.614204e+01 -1.900000e+00
    endloop
  endfacet
  facet normal  1.675092e-01  9.858705e-01  -0.000000e+00
    outer loop
      vertex  3.940188e+01  3.614204e+01 -1.900000e+00
      vertex  3.870538e+01  3.626039e+01  0.000000e+00
      vertex  3.940188e+01  3.614204e+01  0.000000e+00
    endloop
  endfacet
  facet normal  2.768342e-01  9.609177e-01  0.000000e+00
    outer loop
      vertex  3.940188e+01  3.614204e+01 -1.900000e+00
      vertex  3.940188e+01  3.614204e+01  0.000000e+00
      vertex  4.008076e+01  3.594646e+01 -1.900000e+00
    endloop
  endfacet
  facet normal  2.768342e-01  9.609177e-01  -0.000000e+00
    outer loop
      vertex  4.008076e+01  3.594646e+01 -1.900000e+00
      vertex  3.940188e+01  3.614204e+01  0.000000e+00
      vertex  4.008076e+01  3.594646e+01  0.000000e+00
    endloop
  endfacet
  facet normal  3.826807e-01  9.238806e-01  0.000000e+00
    outer loop
      vertex  4.008076e+01  3.594646e+01 -1.900000e+00
      vertex  4.008076e+01  3.594646e+01  0.000000e+00
      vertex  4.073347e+01  3.567611e+01 -1.900000e+00
    endloop
  endfacet
  facet normal  3.826807e-01  9.238806e-01  -0.000000e+00
    outer loop
      vertex  4.073347e+01  3.567611e+01 -1.900000e+00
      vertex  4.008076e+01  3.594646e+01  0.000000e+00
      vertex  4.073347e+01  3.567611e+01  0.000000e+00
    endloop
  endfacet
  facet normal  4.837204e-01  8.752226e-01  0.000000e+00
    outer loop
      vertex  4.073347e+01  3.567611e+01 -1.900000e+00
      vertex  4.073347e+01  3.567611e+01  0.000000e+00
      vertex  4.135180e+01  3.533436e+01 -1.900000e+00
    endloop
  endfacet
  facet normal  4.837204e-01  8.752226e-01  -0.000000e+00
    outer loop
      vertex  4.135180e+01  3.533436e+01 -1.900000e+00
      vertex  4.073347e+01  3.567611e+01  0.000000e+00
      vertex  4.135180e+01  3.533436e+01  0.000000e+00
    endloop
  endfacet
  facet normal  5.786723e-01  8.155602e-01  0.000000e+00
    outer loop
      vertex  4.135180e+01  3.533436e+01 -1.900000e+00
      vertex  4.135180e+01  3.533436e+01  0.000000e+00
      vertex  4.192799e+01  3.492554e+01 -1.900000e+00
    endloop
  endfacet
  facet normal  5.786723e-01  8.155602e-01  -0.000000e+00
    outer loop
      vertex  4.192799e+01  3.492554e+01 -1.900000e+00
      vertex  4.135180e+01  3.533436e+01  0.000000e+00
      vertex  4.192799e+01  3.492554e+01  0.000000e+00
    endloop
  endfacet
  facet normal  6.663456e-01  7.456431e-01  0.000000e+00
    outer loop
      vertex  4.192799e+01  3.492554e+01 -1.900000e+00
      vertex  4.192799e+01  3.492554e+01  0.000000e+00
      vertex  4.245477e+01  3.445477e+01 -1.900000e+00
    endloop
  endfacet
  facet normal  6.663456e-01  7.456431e-01  -0.000000e+00
    outer loop
      vertex  4.245477e+01  3.445477e+01 -1.900000e+00
      vertex  4.192799e+01  3.492554e+01  0.000000e+00
      vertex  4.245477e+01  3.445477e+01  0.000000e+00
    endloop
  endfacet
  facet normal  7.456431e-01  6.663456e-01  0.000000e+00
    outer loop
      vertex  4.245477e+01  3.445477e+01 -1.900000e+00
      vertex  4.245477e+01  3.445477e+01  0.000000e+00
      vertex  4.292554e+01  3.392799e+01 -1.900000e+00
    endloop
  endfacet
  facet normal  7.456431e-01  6.663456e-01  -0.000000e+00
    outer loop
      vertex  4.292554e+01  3.392799e+01 -1.900000e+00
      vertex  4.245477e+01  3.445477e+01  0.000000e+00
      vertex  4.292554e+01  3.392799e+01  0.000000e+00
    endloop
  endfacet
  facet normal  8.155602e-01  5.786723e-01  0.000000e+00
    outer loop
      vertex  4.292554e+01  3.392799e+01 -1.900000e+00
      vertex  4.292554e+01  3.392799e+01  0.000000e+00
      vertex  4.333436e+01  3.335180e+01 -1.900000e+00
    endloop
  endfacet
  facet normal  8.155602e-01  5.786723e-01  -0.000000e+00
    outer loop
      vertex  4.333436e+01  3.335180e+01 -1.900000e+00
      vertex  4.292554e+01  3.392799e+01  0.000000e+00
      vertex  4.333436e+01  3.335180e+01  0.000000e+00
    endloop
  endfacet
  facet normal  8.752226e-01  4.837204e-01  0.000000e+00
    outer loop
      vertex  4.333436e+01  3.335180e+01 -1.900000e+00
      vertex  4.333436e+01  3.335180e+01  0.000000e+00
      vertex  4.367611e+01  3.273347e+01 -1.900000e+00
    endloop
  endfacet
  facet normal  8.752226e-01  4.837204e-01  -0.000000e+00
    outer loop
      vertex  4.367611e+01  3.273347e+01 -1.900000e+00
      vertex  4.333436e+01  3.335180e+01  0.000000e+00
      vertex  4.367611e+01  3.273347e+01  0.000000e+00
    endloop
  endfacet
  facet normal  9.238806e-01  3.826807e-01  0.000000e+00
    outer loop
      vertex  4.367611e+01  3.273347e+01 -1.900000e+00
      vertex  4.367611e+01  3.273347e+01  0.000000e+00
      vertex  4.394646e+01  3.208076e+01 -1.900000e+00
    endloop
  endfacet
  facet normal  9.238806e-01  3.826807e-01  -0.000000e+00
    outer loop
      vertex  4.394646e+01  3.208076e+01 -1.900000e+00
      vertex  4.367611e+01  3.273347e+01  0.000000e+00
      vertex  4.394646e+01  3.208076e+01  0.000000e+00
    endloop
  endfacet
  facet normal  9.609177e-01  2.768342e-01  0.000000e+00
    outer loop
      vertex  4.394646e+01  3.208076e+01 -1.900000e+00
      vertex  4.394646e+01  3.208076e+01  0.000000e+00
      vertex  4.414204e+01  3.140188e+01 -1.900000e+00
    endloop
  endfacet
  facet normal  9.609177e-01  2.768342e-01  -0.000000e+00
    outer loop
      vertex  4.414204e+01  3.140188e+01 -1.900000e+00
      vertex  4.394646e+01  3.208076e+01  0.000000e+00
      vertex  4.414204e+01  3.140188e+01  0.000000e+00
    endloop
  endfacet
  facet normal  9.858705e-01  1.675092e-01  0.000000e+00
    outer loop
      vertex  4.414204e+01  3.140188e+01 -1.900000e+00
      vertex  4.414204e+01  3.140188e+01  0.000000e+00
      vertex  4.426039e+01  3.070538e+01 -1.900000e+00
    endloop
  endfacet
  facet normal  9.858705e-01  1.675092e-01  -0.000000e+00
    outer loop
      vertex  4.426039e+01  3.070538e+01 -1.900000e+00
      vertex  4.414204e+01  3.140188e+01  0.000000e+00
      vertex  4.426039e+01  3.070538e+01  0.000000e+00
    endloop
  endfacet
  facet normal  9.984269e-01  5.606871e-02  0.000000e+00
    outer loop
      vertex  4.426039e+01  3.070538e+01 -1.900000e+00
      vertex  4.426039e+01  3.070538e+01  0.000000e+00
      vertex  4.430000e+01  3.000000e+01 -1.900000e+00
    endloop
  endfacet
  facet normal  9.984269e-01  5.606871e-02  -0.000000e+00
    outer loop
      vertex  4.430000e+01  3.000000e+01 -1.900000e+00
      vertex  4.426039e+01  3.070538e+01  0.000000e+00
      vertex  4.430000e+01  3.000000e+01  0.000000e+00
    endloop
  endfacet
  facet normal  0.000000e+00  1.000000e+00  0.000000e+00
    outer loop
      vertex  3.800000e+01  3.630000e+01 -1.900000e+00
      vertex -3.800000e+01  3.630000e+01 -1.900000e+00
      vertex  3.800000e+01  3.630000e+01  0.000000e+00
    endloop
  endfacet
  facet normal  0.000000e+00  1.000000e+00  0.000000e+00
    outer loop
      vertex  3.800000e+01  3.630000e+01  0.000000e+00
      vertex -3.800000e+01  3.630000e+01 -1.900000e+00
      vertex -3.800000e+01  3.630000e+01  0.000000e+00
    endloop
  endfacet
  facet normal -9.984269e-01  5.606871e-02  0.000000e+00
    outer loop
      vertex -4.430000e+01  3.000000e+01 -1.900000e+00
      vertex -4.430000e+01  3.000000e+01  0.000000e+00
      vertex -4.426039e+01  3.070538e+01 -1.900000e+00
    endloop
  endfacet
  facet normal -9.984269e-01  5.606871e-02  0.000000e+00
    outer loop
      vertex -4.426039e+01  3.070538e+01 -1.900000e+00
      vertex -4.430000e+01  3.000000e+01  0.000000e+00
      vertex -4.426039e+01  3.070538e+01  0.000000e+00
    endloop
  endfacet
  facet normal -9.858705e-01  1.675092e-01  0.000000e+00
    outer loop
      vertex -4.426039e+01  3.070538e+01 -1.900000e+00
      vertex -4.426039e+01  3.070538e+01  0.000000e+00
      vertex -4.414204e+01  3.140188e+01 -1.900000e+00
    endloop
  endfacet
  facet normal -9.858705e-01  1.675092e-01  0.000000e+00
    outer loop
      vertex -4.414204e+01  3.140188e+01 -1.900000e+00
      vertex -4.426039e+01  3.070538e+01  0.000000e+00
      vertex -4.414204e+01  3.140188e+01  0.000000e+00
    endloop
  endfacet
  facet normal -9.609177e-01  2.768342e-01  0.000000e+00
    outer loop
      vertex -4.414204e+01  3.140188e+01 -1.900000e+00
      vertex -4.414204e+01  3.140188e+01  0.000000e+00
      vertex -4.394646e+01  3.208076e+01 -1.900000e+00
    endloop
  endfacet
  facet normal -9.609177e-01  2.768342e-01  0.000000e+00
    outer loop
      vertex -4.394646e+01  3.208076e+01 -1.900000e+00
      vertex -4.414204e+01  3.140188e+01  0.000000e+00
      vertex -4.394646e+01  3.208076e+01  0.000000e+00
    endloop
  endfacet
  facet normal -9.238806e-01  3.826807e-01  0.000000e+00
    outer loop
      vertex -4.394646e+01  3.208076e+01 -1.900000e+00
      vertex -4.394646e+01  3.208076e+01  0.000000e+00
      vertex -4.367611e+01  3.273347e+01 -1.900000e+00
    endloop
  endfacet
  facet normal -9.238806e-01  3.826807e-01  0.000000e+00
    outer loop
      vertex -4.367611e+01  3.273347e+01 -1.900000e+00
      vertex -4.394646e+01  3.208076e+01  0.000000e+00
      vertex -4.367611e+01  3.273347e+01  0.000000e+00
    endloop
  endfacet
  facet normal -8.752226e-01  4.837204e-01  0.000000e+00
    outer loop
      vertex -4.367611e+01  3.273347e+01 -1.900000e+00
      vertex -4.367611e+01  3.273347e+01  0.000000e+00
      vertex -4.333436e+01  3.335180e+01 -1.900000e+00
    endloop
  endfacet
  facet normal -8.752226e-01  4.837204e-01  0.000000e+00
    outer loop
      vertex -4.333436e+01  3.335180e+01 -1.900000e+00
      vertex -4.367611e+01  3.273347e+01  0.000000e+00
      vertex -4.333436e+01  3.335180e+01  0.000000e+00
    endloop
  endfacet
  facet normal -8.155602e-01  5.786723e-01  0.000000e+00
    outer loop
      vertex -4.333436e+01  3.335180e+01 -1.900000e+00
      vertex -4.333436e+01  3.335180e+01  0.000000e+00
      vertex -4.292554e+01  3.392799e+01 -1.900000e+00
    endloop
  endfacet
  facet normal -8.155602e-01  5.786723e-01  0.000000e+00
    outer loop
      vertex -4.292554e+01  3.392799e+01 -1.900000e+00
      vertex -4.333436e+01  3.335180e+01  0.000000e+00
      vertex -4.292554e+01  3.392799e+01  0.000000e+00
    endloop
  endfacet
  facet normal -7.456431e-01  6.663456e-01  0.000000e+00
    outer loop
      vertex -4.292554e+01  3.392799e+01 -1.900000e+00
      vertex -4.292554e+01  3.392799e+01  0.000000e+00
      vertex -4.245477e+01  3.445477e+01 -1.900000e+00
    endloop
  endfacet
  facet normal -7.456431e-01  6.663456e-01  0.000000e+00
    outer loop
      vertex -4.245477e+01  3.445477e+01 -1.900000e+00
      vertex -4.292554e+01  3.392799e+01  0.000000e+00
      vertex -4.245477e+01  3.445477e+01  0.000000e+00
    endloop
  endfacet
  facet normal -6.663456e-01  7.456431e-01  0.000000e+00
    outer loop
      vertex -4.245477e+01  3.445477e+01 -1.900000e+00
      vertex -4.245477e+01  3.445477e+01  0.000000e+00
      vertex -4.192799e+01  3.492554e+01 -1.900000e+00
    endloop
  endfacet
  facet normal -6.663456e-01  7.456431e-01  0.000000e+00
    outer loop
      vertex -4.192799e+01  3.492554e+01 -1.900000e+00
      vertex -4.245477e+01  3.445477e+01  0.000000e+00
      vertex -4.192799e+01  3.492554e+01  0.000000e+00
    endloop
  endfacet
  facet normal -5.786723e-01  8.155602e-01  0.000000e+00
    outer loop
      vertex -4.192799e+01  3.492554e+01 -1.900000e+00
      vertex -4.192799e+01  3.492554e+01  0.000000e+00
      vertex -4.135180e+01  3.533436e+01 -1.900000e+00
    endloop
  endfacet
  facet normal -5.786723e-01  8.155602e-01  0.000000e+00
    outer loop
      vertex -4.135180e+01  3.533436e+01 -1.900000e+00
      vertex -4.192799e+01  3.492554e+01  0.000000e+00
      vertex -4.135180e+01  3.533436e+01  0.000000e+00
    endloop
  endfacet
  facet normal -4.837204e-01  8.752226e-01  0.000000e+00
    outer loop
      vertex -4.135180e+01  3.533436e+01 -1.900000e+00
      vertex -4.135180e+01  3.533436e+01  0.000000e+00
      vertex -4.073347e+01  3.567611e+01 -1.900000e+00
    endloop
  endfacet
  facet normal -4.837204e-01  8.752226e-01  0.000000e+00
    outer loop
      vertex -4.073347e+01  3.567611e+01 -1.900000e+00
      vertex -4.135180e+01  3.533436e+01  0.000000e+00
      vertex -4.073347e+01  3.567611e+01  0.000000e+00
    endloop
  endfacet
  facet normal -3.826807e-01  9.238806e-01  0.000000e+00
    outer loop
      vertex -4.073347e+01  3.567611e+01 -1.900000e+00
      vertex -4.073347e+01  3.567611e+01  0.000000e+00
      vertex -4.008076e+01  3.594646e+01 -1.900000e+00
    endloop
  endfacet
  facet normal -3.826807e-01  9.238806e-01  0.000000e+00
    outer loop
      vertex -4.008076e+01  3.594646e+01 -1.900000e+00
      vertex -4.073347e+01  3.567611e+01  0.000000e+00
      vertex -4.008076e+01  3.594646e+01  0.000000e+00
    endloop
  endfacet
  facet normal -2.768342e-01  9.609177e-01  0.000000e+00
    outer loop
      vertex -4.008076e+01  3.594646e+01 -1.900000e+00
      vertex -4.008076e+01  3.594646e+01  0.000000e+00
      vertex -3.940188e+01  3.614204e+01 -1.900000e+00
    endloop
  endfacet
  facet normal -2.768342e-01  9.609177e-01  0.000000e+00
    outer loop
      vertex -3.940188e+01  3.614204e+01 -1.900000e+00
      vertex -4.008076e+01  3.594646e+01  0.000000e+00
      vertex -3.940188e+01  3.614204e+01  0.000000e+00
    endloop
  endfacet
  facet normal -1.675092e-01  9.858705e-01  0.000000e+00
    outer loop
      vertex -3.940188e+01  3.614204e+01 -1.900000e+00
      vertex -3.940188e+01  3.614204e+01  0.000000e+00
      vertex -3.870538e+01  3.626039e+01 -1.900000e+00
    endloop
  endfacet
  facet normal -1.675092e-01  9.858705e-01  0.000000e+00
    outer loop
      vertex -3.870538e+01  3.626039e+01 -1.900000e+00
      vertex -3.940188e+01  3.614204e+01  0.000000e+00
      vertex -3.870538e+01  3.626039e+01  0.000000e+00
    endloop
  endfacet
  facet normal -5.606871e-02  9.984269e-01  0.000000e+00
    outer loop
      vertex -3.870538e+01  3.626039e+01 -1.900000e+00
      vertex -3.870538e+01  3.626039e+01  0.000000e+00
      vertex -3.800000e+01  3.630000e+01 -1.900000e+00
    endloop
  endfacet
  facet normal -5.606871e-02  9.984269e-01  0.000000e+00
    outer loop
      vertex -3.800000e+01  3.630000e+01 -1.900000e+00
      vertex -3.870538e+01  3.626039e+01  0.000000e+00
      vertex -3.800000e+01  3.630000e+01  0.000000e+00
    endloop
  endfacet
  facet normal -1.000000e+00  0.000000e+00  0.000000e+00
    outer loop
      vertex -4.430000e+01  3.000000e+01 -1.900000e+00
      vertex -4.430000e+01 -3.000000e+01 -1.900000e+00
      vertex -4.430000e+01  3.000000e+01  0.000000e+00
    endloop
  endfacet
  facet normal -1.000000e+00  -0.000000e+00  0.000000e+00
    outer loop
      vertex -4.430000e+01  3.000000e+01  0.000000e+00
      vertex -4.430000e+01 -3.000000e+01 -1.900000e+00
      vertex -4.430000e+01 -3.000000e+01  0.000000e+00
    endloop
  endfacet
  facet normal -5.606871e-02 -9.984269e-01  -0.000000e+00
    outer loop
      vertex -3.800000e+01 -3.630000e+01 -1.900000e+00
      vertex -3.800000e+01 -3.630000e+01  0.000000e+00
      vertex -3.870538e+01 -3.626039e+01 -1.900000e+00
    endloop
  endfacet
  facet normal -5.606871e-02 -9.984269e-01  0.000000e+00
    outer loop
      vertex -3.870538e+01 -3.626039e+01 -1.900000e+00
      vertex -3.800000e+01 -3.630000e+01  0.000000e+00
      vertex -3.870538e+01 -3.626039e+01  0.000000e+00
    endloop
  endfacet
  facet normal -1.675092e-01 -9.858705e-01  -0.000000e+00
    outer loop
      vertex -3.870538e+01 -3.626039e+01 -1.900000e+00
      vertex -3.870538e+01 -3.626039e+01  0.000000e+00
      vertex -3.940188e+01 -3.614204e+01 -1.900000e+00
    endloop
  endfacet
  facet normal -1.675092e-01 -9.858705e-01  0.000000e+00
    outer loop
      vertex -3.940188e+01 -3.614204e+01 -1.900000e+00
      vertex -3.870538e+01 -3.626039e+01  0.000000e+00
      vertex -3.940188e+01 -3.614204e+01  0.000000e+00
    endloop
  endfacet
  facet normal -2.768342e-01 -9.609177e-01  -0.000000e+00
    outer loop
      vertex -3.940188e+01 -3.614204e+01 -1.900000e+00
      vertex -3.940188e+01 -3.614204e+01  0.000000e+00
      vertex -4.008076e+01 -3.594646e+01 -1.900000e+00
    endloop
  endfacet
  facet normal -2.768342e-01 -9.609177e-01  0.000000e+00
    outer loop
      vertex -4.008076e+01 -3.594646e+01 -1.900000e+00
      vertex -3.940188e+01 -3.614204e+01  0.000000e+00
      vertex -4.008076e+01 -3.594646e+01  0.000000e+00
    endloop
  endfacet
  facet normal -3.826807e-01 -9.238806e-01  -0.000000e+00
    outer loop
      vertex -4.008076e+01 -3.594646e+01 -1.900000e+00
      vertex -4.008076e+01 -3.594646e+01  0.000000e+00
      vertex -4.073347e+01 -3.567611e+01 -1.900000e+00
    endloop
  endfacet
  facet normal -3.826807e-01 -9.238806e-01  0.000000e+00
    outer loop
      vertex -4.073347e+01 -3.567611e+01 -1.900000e+00
      vertex -4.008076e+01 -3.594646e+01  0.000000e+00
      vertex -4.073347e+01 -3.567611e+01  0.000000e+00
    endloop
  endfacet
  facet normal -4.837204e-01 -8.752226e-01  -0.000000e+00
    outer loop
      vertex -4.073347e+01 -3.567611e+01 -1.900000e+00
      vertex -4.073347e+01 -3.567611e+01  0.000000e+00
      vertex -4.135180e+01 -3.533436e+01 -1.900000e+00
    endloop
  endfacet
  facet normal -4.837204e-01 -8.752226e-01  0.000000e+00
    outer loop
      vertex -4.135180e+01 -3.533436e+01 -1.900000e+00
      vertex -4.073347e+01 -3.567611e+01  0.000000e+00
      vertex -4.135180e+01 -3.533436e+01  0.000000e+00
    endloop
  endfacet
  facet normal -5.786723e-01 -8.155602e-01  -0.000000e+00
    outer loop
      vertex -4.135180e+01 -3.533436e+01 -1.900000e+00
      vertex -4.135180e+01 -3.533436e+01  0.000000e+00
      vertex -4.192799e+01 -3.492554e+01 -1.900000e+00
    endloop
  endfacet
  facet normal -5.786723e-01 -8.155602e-01  0.000000e+00
    outer loop
      vertex -4.192799e+01 -3.492554e+01 -1.900000e+00
      vertex -4.135180e+01 -3.533436e+01  0.000000e+00
      vertex -4.192799e+01 -3.492554e+01  0.000000e+00
    endloop
  endfacet
  facet normal -6.663456e-01 -7.456431e-01  -0.000000e+00
    outer loop
      vertex -4.192799e+01 -3.492554e+01 -1.900000e+00
      vertex -4.192799e+01 -3.492554e+01  0.000000e+00
      vertex -4.245477e+01 -3.445477e+01 -1.900000e+00
    endloop
  endfacet
  facet normal -6.663456e-01 -7.456431e-01  0.000000e+00
    outer loop
      vertex -4.245477e+01 -3.445477e+01 -1.900000e+00
      vertex -4.192799e+01 -3.492554e+01  0.000000e+00
      vertex -4.245477e+01 -3.445477e+01  0.000000e+00
    endloop
  endfacet
  facet normal -7.456431e-01 -6.663456e-01  -0.000000e+00
    outer loop
      vertex -4.245477e+01 -3.445477e+01 -1.900000e+00
      vertex -4.245477e+01 -3.445477e+01  0.000000e+00
      vertex -4.292554e+01 -3.392799e+01 -1.900000e+00
    endloop
  endfacet
  facet normal -7.456431e-01 -6.663456e-01  0.000000e+00
    outer loop
      vertex -4.292554e+01 -3.392799e+01 -1.900000e+00
      vertex -4.245477e+01 -3.445477e+01  0.000000e+00
      vertex -4.292554e+01 -3.392799e+01  0.000000e+00
    endloop
  endfacet
  facet normal -8.155602e-01 -5.786723e-01  -0.000000e+00
    outer loop
      vertex -4.292554e+01 -3.392799e+01 -1.900000e+00
      vertex -4.292554e+01 -3.392799e+01  0.000000e+00
      vertex -4.333436e+01 -3.335180e+01 -1.900000e+00
    endloop
  endfacet
  facet normal -8.155602e-01 -5.786723e-01  0.000000e+00
    outer loop
      vertex -4.333436e+01 -3.335180e+01 -1.900000e+00
      vertex -4.292554e+01 -3.392799e+01  0.000000e+00
      vertex -4.333436e+01 -3.335180e+01  0.000000e+00
    endloop
  endfacet
  facet normal -8.752226e-01 -4.837204e-01  -0.000000e+00
    outer loop
      vertex -4.333436e+01 -3.335180e+01 -1.900000e+00
      vertex -4.333436e+01 -3.335180e+01  0.000000e+00
      vertex -4.367611e+01 -3.273347e+01 -1.900000e+00
    endloop
  endfacet
  facet normal -8.752226e-01 -4.837204e-01  0.000000e+00
    outer loop
      vertex -4.367611e+01 -3.273347e+01 -1.900000e+00
      vertex -4.333436e+01 -3.335180e+01  0.000000e+00
      vertex -4.367611e+01 -3.273347e+01  0.000000e+00
    endloop
  endfacet
  facet normal -9.238806e-01 -3.826807e-01  -0.000000e+00
    outer loop
      vertex -4.367611e+01 -3.273347e+01 -1.900000e+00
      vertex -4.367611e+01 -3.273347e+01  0.000000e+00
      vertex -4.394646e+01 -3.208076e+01 -1.900000e+00
    endloop
  endfacet
  facet normal -9.238806e-01 -3.826807e-01  0.000000e+00
    outer loop
      vertex -4.394646e+01 -3.208076e+01 -1.900000e+00
      vertex -4.367611e+01 -3.273347e+01  0.000000e+00
      vertex -4.394646e+01 -3.208076e+01  0.000000e+00
    endloop
  endfacet
  facet normal -9.609177e-01 -2.768342e-01  -0.000000e+00
    outer loop
      vertex -4.394646e+01 -3.208076e+01 -1.900000e+00
      vertex -4.394646e+01 -3.208076e+01  0.000000e+00
      vertex -4.414204e+01 -3.140188e+01 -1.900000e+00
    endloop
  endfacet
  facet normal -9.609177e-01 -2.768342e-01  0.000000e+00
    outer loop
      vertex -4.414204e+01 -3.140188e+01 -1.900000e+00
      vertex -4.394646e+01 -3.208076e+01  0.000000e+00
      vertex -4.414204e+01 -3.140188e+01  0.000000e+00
    endloop
  endfacet
  facet normal -9.858705e-01 -1.675092e-01  -0.000000e+00
    outer loop
      vertex -4.414204e+01 -3.140188e+01 -1.900000e+00
      vertex -4.414204e+01 -3.140188e+01  0.000000e+00
      vertex -4.426039e+01 -3.070538e+01 -1.900000e+00
    endloop
  endfacet
  facet normal -9.858705e-01 -1.675092e-01  0.000000e+00
    outer loop
      vertex -4.426039e+01 -3.070538e+01 -1.900000e+00
      vertex -4.414204e+01 -3.140188e+01  0.000000e+00
      vertex -4.426039e+01 -3.070538e+01  0.000000e+00
    endloop
  endfacet
  facet normal -9.984269e-01 -5.606871e-02  -0.000000e+00
    outer loop
      vertex -4.426039e+01 -3.070538e+01 -1.900000e+00
      vertex -4.426039e+01 -3.070538e+01  0.000000e+00
      vertex -4.430000e+01 -3.000000e+01 -1.900000e+00
    endloop
  endfacet
  facet normal -9.984269e-01 -5.606871e-02  0.000000e+00
    outer loop
      vertex -4.430000e+01 -3.000000e+01 -1.900000e+00
      vertex -4.426039e+01 -3.070538e+01  0.000000e+00
      vertex -4.430000e+01 -3.000000e+01  0.000000e+00
    endloop
  endfacet
  facet normal  6.755881e-01  7.372794e-01  0.000000e+00
    outer loop
      vertex -4.485894e+01 -3.685894e+01 -1.900000e+00
      vertex -4.423504e+01 -3.743063e+01  0.000000e+00
      vertex -4.423504e+01 -3.743063e+01 -1.900000e+00
    endloop
  endfacet
  facet normal  6.087618e-01  7.933531e-01  -0.000000e+00
    outer loop
      vertex -4.423504e+01 -3.743063e+01 -1.900000e+00
      vertex -4.423504e+01 -3.743063e+01  0.000000e+00
      vertex -4.356369e+01 -3.794577e+01  0.000000e+00
    endloop
  endfacet
  facet normal  6.087618e-01  7.933531e-01  0.000000e+00
    outer loop
      vertex -4.423504e+01 -3.743063e+01 -1.900000e+00
      vertex -4.356369e+01 -3.794577e+01  0.000000e+00
      vertex -4.356369e+01 -3.794577e+01 -1.900000e+00
    endloop
  endfacet
  facet normal  5.373012e-01  8.433903e-01  -0.000000e+00
    outer loop
      vertex -4.356369e+01 -3.794577e+01 -1.900000e+00
      vertex -4.356369e+01 -3.794577e+01  0.000000e+00
      vertex -4.285000e+01 -3.840045e+01  0.000000e+00
    endloop
  endfacet
  facet normal  5.373012e-01  8.433903e-01  0.000000e+00
    outer loop
      vertex -4.356369e+01 -3.794577e+01 -1.900000e+00
      vertex -4.285000e+01 -3.840045e+01  0.000000e+00
      vertex -4.285000e+01 -3.840045e+01 -1.900000e+00
    endloop
  endfacet
  facet normal  4.617490e-01  8.870107e-01  -0.000000e+00
    outer loop
      vertex -4.285000e+01 -3.840045e+01 -1.900000e+00
      vertex -4.285000e+01 -3.840045e+01  0.000000e+00
      vertex -4.209940e+01 -3.879119e+01  0.000000e+00
    endloop
  endfacet
  facet normal  4.617490e-01  8.870107e-01  0.000000e+00
    outer loop
      vertex -4.285000e+01 -3.840045e+01 -1.900000e+00
      vertex -4.209940e+01 -3.879119e+01  0.000000e+00
      vertex -4.209940e+01 -3.879119e+01 -1.900000e+00
    endloop
  endfacet
  facet normal  3.826812e-01  9.238805e-01  -0.000000e+00
    outer loop
      vertex -4.209940e+01 -3.879119e+01 -1.900000e+00
      vertex -4.209940e+01 -3.879119e+01  0.000000e+00
      vertex -4.131760e+01 -3.911502e+01  0.000000e+00
    endloop
  endfacet
  facet normal  3.826812e-01  9.238805e-01  0.000000e+00
    outer loop
      vertex -4.209940e+01 -3.879119e+01 -1.900000e+00
      vertex -4.131760e+01 -3.911502e+01  0.000000e+00
      vertex -4.131760e+01 -3.911502e+01 -1.900000e+00
    endloop
  endfacet
  facet normal  3.007063e-01  9.537168e-01  -0.000000e+00
    outer loop
      vertex -4.131760e+01 -3.911502e+01 -1.900000e+00
      vertex -4.131760e+01 -3.911502e+01  0.000000e+00
      vertex -4.051054e+01 -3.936948e+01  0.000000e+00
    endloop
  endfacet
  facet normal  3.007063e-01  9.537168e-01  0.000000e+00
    outer loop
      vertex -4.131760e+01 -3.911502e+01 -1.900000e+00
      vertex -4.051054e+01 -3.936948e+01  0.000000e+00
      vertex -4.051054e+01 -3.936948e+01 -1.900000e+00
    endloop
  endfacet
  facet normal  2.164402e-01  9.762959e-01  -0.000000e+00
    outer loop
      vertex -4.051054e+01 -3.936948e+01 -1.900000e+00
      vertex -4.051054e+01 -3.936948e+01  0.000000e+00
      vertex -3.968439e+01 -3.955264e+01  0.000000e+00
    endloop
  endfacet
  facet normal  2.164402e-01  9.762959e-01  0.000000e+00
    outer loop
      vertex -4.051054e+01 -3.936948e+01 -1.900000e+00
      vertex -3.968439e+01 -3.955264e+01  0.000000e+00
      vertex -3.968439e+01 -3.955264e+01 -1.900000e+00
    endloop
  endfacet
  facet normal  1.305274e-01  9.914447e-01  -0.000000e+00
    outer loop
      vertex -3.968439e+01 -3.955264e+01 -1.900000e+00
      vertex -3.968439e+01 -3.955264e+01  0.000000e+00
      vertex -3.884541e+01 -3.966309e+01  0.000000e+00
    endloop
  endfacet
  facet normal  1.305274e-01  9.914447e-01  0.000000e+00
    outer loop
      vertex -3.968439e+01 -3.955264e+01 -1.900000e+00
      vertex -3.884541e+01 -3.966309e+01  0.000000e+00
      vertex -3.884541e+01 -3.966309e+01 -1.900000e+00
    endloop
  endfacet
  facet normal  4.361896e-02  9.990482e-01  -0.000000e+00
    outer loop
      vertex -3.884541e+01 -3.966309e+01 -1.900000e+00
      vertex -3.884541e+01 -3.966309e+01  0.000000e+00
      vertex -3.800000e+01 -3.970000e+01  0.000000e+00
    endloop
  endfacet
  facet normal  4.361896e-02  9.990482e-01  0.000000e+00
    outer loop
      vertex -3.884541e+01 -3.966309e+01 -1.900000e+00
      vertex -3.800000e+01 -3.970000e+01  0.000000e+00
      vertex -3.800000e+01 -3.970000e+01 -1.900000e+00
    endloop
  endfacet
  facet normal  6.755881e-01  7.372794e-01  -0.000000e+00
    outer loop
      vertex -4.423504e+01 -3.743063e+01  0.000000e+00
      vertex -4.485894e+01 -3.685894e+01 -1.900000e+00
      vertex -4.485894e+01 -3.685894e+01  0.000000e+00
    endloop
  endfacet
  facet normal  7.372794e-01  6.755881e-01  0.000000e+00
    outer loop
      vertex -4.485894e+01 -3.685894e+01  0.000000e+00
      vertex -4.485894e+01 -3.685894e+01 -1.900000e+00
      vertex -4.543063e+01 -3.623504e+01 -1.900000e+00
    endloop
  endfacet
  facet normal  7.372794e-01  6.755881e-01  -0.000000e+00
    outer loop
      vertex -4.485894e+01 -3.685894e+01  0.000000e+00
      vertex -4.543063e+01 -3.623504e+01 -1.900000e+00
      vertex -4.543063e+01 -3.623504e+01  0.000000e+00
    endloop
  endfacet
  facet normal  7.933531e-01  6.087618e-01  0.000000e+00
    outer loop
      vertex -4.543063e+01 -3.623504e+01  0.000000e+00
      vertex -4.543063e+01 -3.623504e+01 -1.900000e+00
      vertex -4.594577e+01 -3.556369e+01 -1.900000e+00
    endloop
  endfacet
  facet normal  7.933531e-01  6.087618e-01  -0.000000e+00
    outer loop
      vertex -4.543063e+01 -3.623504e+01  0.000000e+00
      vertex -4.594577e+01 -3.556369e+01 -1.900000e+00
      vertex -4.594577e+01 -3.556369e+01  0.000000e+00
    endloop
  endfacet
  facet normal  8.433903e-01  5.373012e-01  0.000000e+00
    outer loop
      vertex -4.594577e+01 -3.556369e+01  0.000000e+00
      vertex -4.594577e+01 -3.556369e+01 -1.900000e+00
      vertex -4.640045e+01 -3.485000e+01 -1.900000e+00
    endloop
  endfacet
  facet normal  8.433903e-01  5.373012e-01  -0.000000e+00
    outer loop
      vertex -4.594577e+01 -3.556369e+01  0.000000e+00
      vertex -4.640045e+01 -3.485000e+01 -1.900000e+00
      vertex -4.640045e+01 -3.485000e+01  0.000000e+00
    endloop
  endfacet
  facet normal  8.870107e-01  4.617490e-01  0.000000e+00
    outer loop
      vertex -4.640045e+01 -3.485000e+01  0.000000e+00
      vertex -4.640045e+01 -3.485000e+01 -1.900000e+00
      vertex -4.679119e+01 -3.409940e+01 -1.900000e+00
    endloop
  endfacet
  facet normal  8.870107e-01  4.617490e-01  -0.000000e+00
    outer loop
      vertex -4.640045e+01 -3.485000e+01  0.000000e+00
      vertex -4.679119e+01 -3.409940e+01 -1.900000e+00
      vertex -4.679119e+01 -3.409940e+01  0.000000e+00
    endloop
  endfacet
  facet normal  9.238805e-01  3.826812e-01  0.000000e+00
    outer loop
      vertex -4.679119e+01 -3.409940e+01  0.000000e+00
      vertex -4.679119e+01 -3.409940e+01 -1.900000e+00
      vertex -4.711502e+01 -3.331760e+01 -1.900000e+00
    endloop
  endfacet
  facet normal  9.238805e-01  3.826812e-01  -0.000000e+00
    outer loop
      vertex -4.679119e+01 -3.409940e+01  0.000000e+00
      vertex -4.711502e+01 -3.331760e+01 -1.900000e+00
      vertex -4.711502e+01 -3.331760e+01  0.000000e+00
    endloop
  endfacet
  facet normal  9.537168e-01  3.007063e-01  0.000000e+00
    outer loop
      vertex -4.711502e+01 -3.331760e+01  0.000000e+00
      vertex -4.711502e+01 -3.331760e+01 -1.900000e+00
      vertex -4.736948e+01 -3.251054e+01 -1.900000e+00
    endloop
  endfacet
  facet normal  9.537168e-01  3.007063e-01  -0.000000e+00
    outer loop
      vertex -4.711502e+01 -3.331760e+01  0.000000e+00
      vertex -4.736948e+01 -3.251054e+01 -1.900000e+00
      vertex -4.736948e+01 -3.251054e+01  0.000000e+00
    endloop
  endfacet
  facet normal  9.762959e-01  2.164402e-01  0.000000e+00
    outer loop
      vertex -4.736948e+01 -3.251054e+01  0.000000e+00
      vertex -4.736948e+01 -3.251054e+01 -1.900000e+00
      vertex -4.755264e+01 -3.168439e+01 -1.900000e+00
    endloop
  endfacet
  facet normal  9.762959e-01  2.164402e-01  -0.000000e+00
    outer loop
      vertex -4.736948e+01 -3.251054e+01  0.000000e+00
      vertex -4.755264e+01 -3.168439e+01 -1.900000e+00
      vertex -4.755264e+01 -3.168439e+01  0.000000e+00
    endloop
  endfacet
  facet normal  9.914446e-01  1.305277e-01  0.000000e+00
    outer loop
      vertex -4.755264e+01 -3.168439e+01  0.000000e+00
      vertex -4.755264e+01 -3.168439e+01 -1.900000e+00
      vertex -4.766309e+01 -3.084541e+01 -1.900000e+00
    endloop
  endfacet
  facet normal  9.914446e-01  1.305277e-01  -0.000000e+00
    outer loop
      vertex -4.755264e+01 -3.168439e+01  0.000000e+00
      vertex -4.766309e+01 -3.084541e+01 -1.900000e+00
      vertex -4.766309e+01 -3.084541e+01  0.000000e+00
    endloop
  endfacet
  facet normal  9.990483e-01  4.361887e-02  0.000000e+00
    outer loop
      vertex -4.766309e+01 -3.084541e+01  0.000000e+00
      vertex -4.766309e+01 -3.084541e+01 -1.900000e+00
      vertex -4.770000e+01 -3.000000e+01 -1.900000e+00
    endloop
  endfacet
  facet normal  9.990483e-01  4.361887e-02  -0.000000e+00
    outer loop
      vertex -4.766309e+01 -3.084541e+01  0.000000e+00
      vertex -4.770000e+01 -3.000000e+01 -1.900000e+00
      vertex -4.770000e+01 -3.000000e+01  0.000000e+00
    endloop
  endfacet
  facet normal  1.000000e+00  0.000000e+00  0.000000e+00
    outer loop
      vertex -4.770000e+01  3.000000e+01 -1.900000e+00
      vertex -4.770000e+01  3.000000e+01  0.000000e+00
      vertex -4.770000e+01 -3.000000e+01 -1.900000e+00
    endloop
  endfacet
  facet normal  1.000000e+00  0.000000e+00  0.000000e+00
    outer loop
      vertex -4.770000e+01 -3.000000e+01 -1.900000e+00
      vertex -4.770000e+01  3.000000e+01  0.000000e+00
      vertex -4.770000e+01 -3.000000e+01  0.000000e+00
    endloop
  endfacet
  facet normal  7.372794e-01 -6.755881e-01  0.000000e+00
    outer loop
      vertex -4.485894e+01  3.685894e+01 -1.900000e+00
      vertex -4.543063e+01  3.623504e+01  0.000000e+00
      vertex -4.543063e+01  3.623504e+01 -1.900000e+00
    endloop
  endfacet
  facet normal  7.933531e-01 -6.087618e-01  0.000000e+00
    outer loop
      vertex -4.543063e+01  3.623504e+01 -1.900000e+00
      vertex -4.543063e+01  3.623504e+01  0.000000e+00
      vertex -4.594577e+01  3.556369e+01  0.000000e+00
    endloop
  endfacet
  facet normal  7.933531e-01 -6.087618e-01  0.000000e+00
    outer loop
      vertex -4.543063e+01  3.623504e+01 -1.900000e+00
      vertex -4.594577e+01  3.556369e+01  0.000000e+00
      vertex -4.594577e+01  3.556369e+01 -1.900000e+00
    endloop
  endfacet
  facet normal  8.433903e-01 -5.373012e-01  0.000000e+00
    outer loop
      vertex -4.594577e+01  3.556369e+01 -1.900000e+00
      vertex -4.594577e+01  3.556369e+01  0.000000e+00
      vertex -4.640045e+01  3.485000e+01  0.000000e+00
    endloop
  endfacet
  facet normal  8.433903e-01 -5.373012e-01  0.000000e+00
    outer loop
      vertex -4.594577e+01  3.556369e+01 -1.900000e+00
      vertex -4.640045e+01  3.485000e+01  0.000000e+00
      vertex -4.640045e+01  3.485000e+01 -1.900000e+00
    endloop
  endfacet
  facet normal  8.870107e-01 -4.617490e-01  0.000000e+00
    outer loop
      vertex -4.640045e+01  3.485000e+01 -1.900000e+00
      vertex -4.640045e+01  3.485000e+01  0.000000e+00
      vertex -4.679119e+01  3.409940e+01  0.000000e+00
    endloop
  endfacet
  facet normal  8.870107e-01 -4.617490e-01  0.000000e+00
    outer loop
      vertex -4.640045e+01  3.485000e+01 -1.900000e+00
      vertex -4.679119e+01  3.409940e+01  0.000000e+00
      vertex -4.679119e+01  3.409940e+01 -1.900000e+00
    endloop
  endfacet
  facet normal  9.238805e-01 -3.826812e-01  0.000000e+00
    outer loop
      vertex -4.679119e+01  3.409940e+01 -1.900000e+00
      vertex -4.679119e+01  3.409940e+01  0.000000e+00
      vertex -4.711502e+01  3.331760e+01  0.000000e+00
    endloop
  endfacet
  facet normal  9.238805e-01 -3.826812e-01  0.000000e+00
    outer loop
      vertex -4.679119e+01  3.409940e+01 -1.900000e+00
      vertex -4.711502e+01  3.331760e+01  0.000000e+00
      vertex -4.711502e+01  3.331760e+01 -1.900000e+00
    endloop
  endfacet
  facet normal  9.537168e-01 -3.007063e-01  0.000000e+00
    outer loop
      vertex -4.711502e+01  3.331760e+01 -1.900000e+00
      vertex -4.711502e+01  3.331760e+01  0.000000e+00
      vertex -4.736948e+01  3.251054e+01  0.000000e+00
    endloop
  endfacet
  facet normal  9.537168e-01 -3.007063e-01  0.000000e+00
    outer loop
      vertex -4.711502e+01  3.331760e+01 -1.900000e+00
      vertex -4.736948e+01  3.251054e+01  0.000000e+00
      vertex -4.736948e+01  3.251054e+01 -1.900000e+00
    endloop
  endfacet
  facet normal  9.762959e-01 -2.164402e-01  0.000000e+00
    outer loop
      vertex -4.736948e+01  3.251054e+01 -1.900000e+00
      vertex -4.736948e+01  3.251054e+01  0.000000e+00
      vertex -4.755264e+01  3.168439e+01  0.000000e+00
    endloop
  endfacet
  facet normal  9.762959e-01 -2.164402e-01  0.000000e+00
    outer loop
      vertex -4.736948e+01  3.251054e+01 -1.900000e+00
      vertex -4.755264e+01  3.168439e+01  0.000000e+00
      vertex -4.755264e+01  3.168439e+01 -1.900000e+00
    endloop
  endfacet
  facet normal  9.914446e-01 -1.305277e-01  0.000000e+00
    outer loop
      vertex -4.755264e+01  3.168439e+01 -1.900000e+00
      vertex -4.755264e+01  3.168439e+01  0.000000e+00
      vertex -4.766309e+01  3.084541e+01  0.000000e+00
    endloop
  endfacet
  facet normal  9.914446e-01 -1.305277e-01  0.000000e+00
    outer loop
      vertex -4.755264e+01  3.168439e+01 -1.900000e+00
      vertex -4.766309e+01  3.084541e+01  0.000000e+00
      vertex -4.766309e+01  3.084541e+01 -1.900000e+00
    endloop
  endfacet
  facet normal  9.990483e-01 -4.361887e-02  0.000000e+00
    outer loop
      vertex -4.766309e+01  3.084541e+01 -1.900000e+00
      vertex -4.766309e+01  3.084541e+01  0.000000e+00
      vertex -4.770000e+01  3.000000e+01  0.000000e+00
    endloop
  endfacet
  facet normal  9.990483e-01 -4.361887e-02  0.000000e+00
    outer loop
      vertex -4.766309e+01  3.084541e+01 -1.900000e+00
      vertex -4.770000e+01  3.000000e+01  0.000000e+00
      vertex -4.770000e+01  3.000000e+01 -1.900000e+00
    endloop
  endfacet
  facet normal  7.372794e-01 -6.755881e-01  0.000000e+00
    outer loop
      vertex -4.543063e+01  3.623504e+01  0.000000e+00
      vertex -4.485894e+01  3.685894e+01 -1.900000e+00
      vertex -4.485894e+01  3.685894e+01  0.000000e+00
    endloop
  endfacet
  facet normal  6.755881e-01 -7.372794e-01  0.000000e+00
    outer loop
      vertex -4.485894e+01  3.685894e+01  0.000000e+00
      vertex -4.485894e+01  3.685894e+01 -1.900000e+00
      vertex -4.423504e+01  3.743063e+01 -1.900000e+00
    endloop
  endfacet
  facet normal  6.755881e-01 -7.372794e-01  0.000000e+00
    outer loop
      vertex -4.485894e+01  3.685894e+01  0.000000e+00
      vertex -4.423504e+01  3.743063e+01 -1.900000e+00
      vertex -4.423504e+01  3.743063e+01  0.000000e+00
    endloop
  endfacet
  facet normal  6.087618e-01 -7.933531e-01  0.000000e+00
    outer loop
      vertex -4.423504e+01  3.743063e+01  0.000000e+00
      vertex -4.423504e+01  3.743063e+01 -1.900000e+00
      vertex -4.356369e+01  3.794577e+01 -1.900000e+00
    endloop
  endfacet
  facet normal  6.087618e-01 -7.933531e-01  0.000000e+00
    outer loop
      vertex -4.423504e+01  3.743063e+01  0.000000e+00
      vertex -4.356369e+01  3.794577e+01 -1.900000e+00
      vertex -4.356369e+01  3.794577e+01  0.000000e+00
    endloop
  endfacet
  facet normal  5.373012e-01 -8.433903e-01  0.000000e+00
    outer loop
      vertex -4.356369e+01  3.794577e+01  0.000000e+00
      vertex -4.356369e+01  3.794577e+01 -1.900000e+00
      vertex -4.285000e+01  3.840045e+01 -1.900000e+00
    endloop
  endfacet
  facet normal  5.373012e-01 -8.433903e-01  0.000000e+00
    outer loop
      vertex -4.356369e+01  3.794577e+01  0.000000e+00
      vertex -4.285000e+01  3.840045e+01 -1.900000e+00
      vertex -4.285000e+01  3.840045e+01  0.000000e+00
    endloop
  endfacet
  facet normal  4.617490e-01 -8.870107e-01  0.000000e+00
    outer loop
      vertex -4.285000e+01  3.840045e+01  0.000000e+00
      vertex -4.285000e+01  3.840045e+01 -1.900000e+00
      vertex -4.209940e+01  3.879119e+01 -1.900000e+00
    endloop
  endfacet
  facet normal  4.617490e-01 -8.870107e-01  0.000000e+00
    outer loop
      vertex -4.285000e+01  3.840045e+01  0.000000e+00
      vertex -4.209940e+01  3.879119e+01 -1.900000e+00
      vertex -4.209940e+01  3.879119e+01  0.000000e+00
    endloop
  endfacet
  facet normal  3.826812e-01 -9.238805e-01  0.000000e+00
    outer loop
      vertex -4.209940e+01  3.879119e+01  0.000000e+00
      vertex -4.209940e+01  3.879119e+01 -1.900000e+00
      vertex -4.131760e+01  3.911502e+01 -1.900000e+00
    endloop
  endfacet
  facet normal  3.826812e-01 -9.238805e-01  0.000000e+00
    outer loop
      vertex -4.209940e+01  3.879119e+01  0.000000e+00
      vertex -4.131760e+01  3.911502e+01 -1.900000e+00
      vertex -4.131760e+01  3.911502e+01  0.000000e+00
    endloop
  endfacet
  facet normal  3.007063e-01 -9.537168e-01  0.000000e+00
    outer loop
      vertex -4.131760e+01  3.911502e+01  0.000000e+00
      vertex -4.131760e+01  3.911502e+01 -1.900000e+00
      vertex -4.051054e+01  3.936948e+01 -1.900000e+00
    endloop
  endfacet
  facet normal  3.007063e-01 -9.537168e-01  0.000000e+00
    outer loop
      vertex -4.131760e+01  3.911502e+01  0.000000e+00
      vertex -4.051054e+01  3.936948e+01 -1.900000e+00
      vertex -4.051054e+01  3.936948e+01  0.000000e+00
    endloop
  endfacet
  facet normal  2.164402e-01 -9.762959e-01  0.000000e+00
    outer loop
      vertex -4.051054e+01  3.936948e+01  0.000000e+00
      vertex -4.051054e+01  3.936948e+01 -1.900000e+00
      vertex -3.968439e+01  3.955264e+01 -1.900000e+00
    endloop
  endfacet
  facet normal  2.164402e-01 -9.762959e-01  0.000000e+00
    outer loop
      vertex -4.051054e+01  3.936948e+01  0.000000e+00
      vertex -3.968439e+01  3.955264e+01 -1.900000e+00
      vertex -3.968439e+01  3.955264e+01  0.000000e+00
    endloop
  endfacet
  facet normal  1.305274e-01 -9.914447e-01  0.000000e+00
    outer loop
      vertex -3.968439e+01  3.955264e+01  0.000000e+00
      vertex -3.968439e+01  3.955264e+01 -1.900000e+00
      vertex -3.884541e+01  3.966309e+01 -1.900000e+00
    endloop
  endfacet
  facet normal  1.305274e-01 -9.914447e-01  0.000000e+00
    outer loop
      vertex -3.968439e+01  3.955264e+01  0.000000e+00
      vertex -3.884541e+01  3.966309e+01 -1.900000e+00
      vertex -3.884541e+01  3.966309e+01  0.000000e+00
    endloop
  endfacet
  facet normal  4.361896e-02 -9.990482e-01  0.000000e+00
    outer loop
      vertex -3.884541e+01  3.966309e+01  0.000000e+00
      vertex -3.884541e+01  3.966309e+01 -1.900000e+00
      vertex -3.800000e+01  3.970000e+01 -1.900000e+00
    endloop
  endfacet
  facet normal  4.361896e-02 -9.990482e-01  0.000000e+00
    outer loop
      vertex -3.884541e+01  3.966309e+01  0.000000e+00
      vertex -3.800000e+01  3.970000e+01 -1.900000e+00
      vertex -3.800000e+01  3.970000e+01  0.000000e+00
    endloop
  endfacet
  facet normal  0.000000e+00 -1.000000e+00  -0.000000e+00
    outer loop
      vertex  3.800000e+01  3.970000e+01 -1.900000e+00
      vertex  3.800000e+01  3.970000e+01  0.000000e+00
      vertex -3.800000e+01  3.970000e+01 -1.900000e+00
    endloop
  endfacet
  facet normal  0.000000e+00 -1.000000e+00  0.000000e+00
    outer loop
      vertex -3.800000e+01  3.970000e+01 -1.900000e+00
      vertex  3.800000e+01  3.970000e+01  0.000000e+00
      vertex -3.800000e+01  3.970000e+01  0.000000e+00
    endloop
  endfacet
  facet normal -6.755881e-01 -7.372794e-01  -0.000000e+00
    outer loop
      vertex  4.485894e+01  3.685894e+01 -1.900000e+00
      vertex  4.423504e+01  3.743063e+01  0.000000e+00
      vertex  4.423504e+01  3.743063e+01 -1.900000e+00
    endloop
  endfacet
  facet normal -6.087618e-01 -7.933531e-01  0.000000e+00
    outer loop
      vertex  4.423504e+01  3.743063e+01 -1.900000e+00
      vertex  4.423504e+01  3.743063e+01  0.000000e+00
      vertex  4.356369e+01  3.794577e+01  0.000000e+00
    endloop
  endfacet
  facet normal -6.087618e-01 -7.933531e-01  -0.000000e+00
    outer loop
      vertex  4.423504e+01  3.743063e+01 -1.900000e+00
      vertex  4.356369e+01  3.794577e+01  0.000000e+00
      vertex  4.356369e+01  3.794577e+01 -1.900000e+00
    endloop
  endfacet
  facet normal -5.373012e-01 -8.433903e-01  0.000000e+00
    outer loop
      vertex  4.356369e+01  3.794577e+01 -1.900000e+00
      vertex  4.356369e+01  3.794577e+01  0.000000e+00
      vertex  4.285000e+01  3.840045e+01  0.000000e+00
    endloop
  endfacet
  facet normal -5.373012e-01 -8.433903e-01  -0.000000e+00
    outer loop
      vertex  4.356369e+01  3.794577e+01 -1.900000e+00
      vertex  4.285000e+01  3.840045e+01  0.000000e+00
      vertex  4.285000e+01  3.840045e+01 -1.900000e+00
    endloop
  endfacet
  facet normal -4.617490e-01 -8.870107e-01  0.000000e+00
    outer loop
      vertex  4.285000e+01  3.840045e+01 -1.900000e+00
      vertex  4.285000e+01  3.840045e+01  0.000000e+00
      vertex  4.209940e+01  3.879119e+01  0.000000e+00
    endloop
  endfacet
  facet normal -4.617490e-01 -8.870107e-01  -0.000000e+00
    outer loop
      vertex  4.285000e+01  3.840045e+01 -1.900000e+00
      vertex  4.209940e+01  3.879119e+01  0.000000e+00
      vertex  4.209940e+01  3.879119e+01 -1.900000e+00
    endloop
  endfacet
  facet normal -3.826812e-01 -9.238805e-01  0.000000e+00
    outer loop
      vertex  4.209940e+01  3.879119e+01 -1.900000e+00
      vertex  4.209940e+01  3.879119e+01  0.000000e+00
      vertex  4.131760e+01  3.911502e+01  0.000000e+00
    endloop
  endfacet
  facet normal -3.826812e-01 -9.238805e-01  -0.000000e+00
    outer loop
      vertex  4.209940e+01  3.879119e+01 -1.900000e+00
      vertex  4.131760e+01  3.911502e+01  0.000000e+00
      vertex  4.131760e+01  3.911502e+01 -1.900000e+00
    endloop
  endfacet
  facet normal -3.007063e-01 -9.537168e-01  0.000000e+00
    outer loop
      vertex  4.131760e+01  3.911502e+01 -1.900000e+00
      vertex  4.131760e+01  3.911502e+01  0.000000e+00
      vertex  4.051054e+01  3.936948e+01  0.000000e+00
    endloop
  endfacet
  facet normal -3.007063e-01 -9.537168e-01  -0.000000e+00
    outer loop
      vertex  4.131760e+01  3.911502e+01 -1.900000e+00
      vertex  4.051054e+01  3.936948e+01  0.000000e+00
      vertex  4.051054e+01  3.936948e+01 -1.900000e+00
    endloop
  endfacet
  facet normal -2.164402e-01 -9.762959e-01  0.000000e+00
    outer loop
      vertex  4.051054e+01  3.936948e+01 -1.900000e+00
      vertex  4.051054e+01  3.936948e+01  0.000000e+00
      vertex  3.968439e+01  3.955264e+01  0.000000e+00
    endloop
  endfacet
  facet normal -2.164402e-01 -9.762959e-01  -0.000000e+00
    outer loop
      vertex  4.051054e+01  3.936948e+01 -1.900000e+00
      vertex  3.968439e+01  3.955264e+01  0.000000e+00
      vertex  3.968439e+01  3.955264e+01 -1.900000e+00
    endloop
  endfacet
  facet normal -1.305274e-01 -9.914447e-01  0.000000e+00
    outer loop
      vertex  3.968439e+01  3.955264e+01 -1.900000e+00
      vertex  3.968439e+01  3.955264e+01  0.000000e+00
      vertex  3.884541e+01  3.966309e+01  0.000000e+00
    endloop
  endfacet
  facet normal -1.305274e-01 -9.914447e-01  -0.000000e+00
    outer loop
      vertex  3.968439e+01  3.955264e+01 -1.900000e+00
      vertex  3.884541e+01  3.966309e+01  0.000000e+00
      vertex  3.884541e+01  3.966309e+01 -1.900000e+00
    endloop
  endfacet
  facet normal -4.361896e-02 -9.990482e-01  0.000000e+00
    outer loop
      vertex  3.884541e+01  3.966309e+01 -1.900000e+00
      vertex  3.884541e+01  3.966309e+01  0.000000e+00
      vertex  3.800000e+01  3.970000e+01  0.000000e+00
    endloop
  endfacet
  facet normal -4.361896e-02 -9.990482e-01  -0.000000e+00
    outer loop
      vertex  3.884541e+01  3.966309e+01 -1.900000e+00
      vertex  3.800000e+01  3.970000e+01  0.000000e+00
      vertex  3.800000e+01  3.970000e+01 -1.900000e+00
    endloop
  endfacet
  facet normal -6.755881e-01 -7.372794e-01  0.000000e+00
    outer loop
      vertex  4.423504e+01  3.743063e+01  0.000000e+00
      vertex  4.485894e+01  3.685894e+01 -1.900000e+00
      vertex  4.485894e+01  3.685894e+01  0.000000e+00
    endloop
  endfacet
  facet normal -7.372794e-01 -6.755881e-01  -0.000000e+00
    outer loop
      vertex  4.485894e+01  3.685894e+01  0.000000e+00
      vertex  4.485894e+01  3.685894e+01 -1.900000e+00
      vertex  4.543063e+01  3.623504e+01 -1.900000e+00
    endloop
  endfacet
  facet normal -7.372794e-01 -6.755881e-01  0.000000e+00
    outer loop
      vertex  4.485894e+01  3.685894e+01  0.000000e+00
      vertex  4.543063e+01  3.623504e+01 -1.900000e+00
      vertex  4.543063e+01  3.623504e+01  0.000000e+00
    endloop
  endfacet
  facet normal -7.933531e-01 -6.087618e-01  -0.000000e+00
    outer loop
      vertex  4.543063e+01  3.623504e+01  0.000000e+00
      vertex  4.543063e+01  3.623504e+01 -1.900000e+00
      vertex  4.594577e+01  3.556369e+01 -1.900000e+00
    endloop
  endfacet
  facet normal -7.933531e-01 -6.087618e-01  0.000000e+00
    outer loop
      vertex  4.543063e+01  3.623504e+01  0.000000e+00
      vertex  4.594577e+01  3.556369e+01 -1.900000e+00
      vertex  4.594577e+01  3.556369e+01  0.000000e+00
    endloop
  endfacet
  facet normal -8.433903e-01 -5.373012e-01  -0.000000e+00
    outer loop
      vertex  4.594577e+01  3.556369e+01  0.000000e+00
      vertex  4.594577e+01  3.556369e+01 -1.900000e+00
      vertex  4.640045e+01  3.485000e+01 -1.900000e+00
    endloop
  endfacet
  facet normal -8.433903e-01 -5.373012e-01  0.000000e+00
    outer loop
      vertex  4.594577e+01  3.556369e+01  0.000000e+00
      vertex  4.640045e+01  3.485000e+01 -1.900000e+00
      vertex  4.640045e+01  3.485000e+01  0.000000e+00
    endloop
  endfacet
  facet normal -8.870107e-01 -4.617490e-01  -0.000000e+00
    outer loop
      vertex  4.640045e+01  3.485000e+01  0.000000e+00
      vertex  4.640045e+01  3.485000e+01 -1.900000e+00
      vertex  4.679119e+01  3.409940e+01 -1.900000e+00
    endloop
  endfacet
  facet normal -8.870107e-01 -4.617490e-01  0.000000e+00
    outer loop
      vertex  4.640045e+01  3.485000e+01  0.000000e+00
      vertex  4.679119e+01  3.409940e+01 -1.900000e+00
      vertex  4.679119e+01  3.409940e+01  0.000000e+00
    endloop
  endfacet
  facet normal -9.238805e-01 -3.826812e-01  -0.000000e+00
    outer loop
      vertex  4.679119e+01  3.409940e+01  0.000000e+00
      vertex  4.679119e+01  3.409940e+01 -1.900000e+00
      vertex  4.711502e+01  3.331760e+01 -1.900000e+00
    endloop
  endfacet
  facet normal -9.238805e-01 -3.826812e-01  0.000000e+00
    outer loop
      vertex  4.679119e+01  3.409940e+01  0.000000e+00
      vertex  4.711502e+01  3.331760e+01 -1.900000e+00
      vertex  4.711502e+01  3.331760e+01  0.000000e+00
    endloop
  endfacet
  facet normal -9.537168e-01 -3.007063e-01  -0.000000e+00
    outer loop
      vertex  4.711502e+01  3.331760e+01  0.000000e+00
      vertex  4.711502e+01  3.331760e+01 -1.900000e+00
      vertex  4.736948e+01  3.251054e+01 -1.900000e+00
    endloop
  endfacet
  facet normal -9.537168e-01 -3.007063e-01  0.000000e+00
    outer loop
      vertex  4.711502e+01  3.331760e+01  0.000000e+00
      vertex  4.736948e+01  3.251054e+01 -1.900000e+00
      vertex  4.736948e+01  3.251054e+01  0.000000e+00
    endloop
  endfacet
  facet normal -9.762959e-01 -2.164402e-01  -0.000000e+00
    outer loop
      vertex  4.736948e+01  3.251054e+01  0.000000e+00
      vertex  4.736948e+01  3.251054e+01 -1.900000e+00
      vertex  4.755264e+01  3.168439e+01 -1.900000e+00
    endloop
  endfacet
  facet normal -9.762959e-01 -2.164402e-01  0.000000e+00
    outer loop
      vertex  4.736948e+01  3.251054e+01  0.000000e+00
      vertex  4.755264e+01  3.168439e+01 -1.900000e+00
      vertex  4.755264e+01  3.168439e+01  0.000000e+00
    endloop
  endfacet
  facet normal -9.914446e-01 -1.305277e-01  -0.000000e+00
    outer loop
      vertex  4.755264e+01  3.168439e+01  0.000000e+00
      vertex  4.755264e+01  3.168439e+01 -1.900000e+00
      vertex  4.766309e+01  3.084541e+01 -1.900000e+00
    endloop
  endfacet
  facet normal -9.914446e-01 -1.305277e-01  0.000000e+00
    outer loop
      vertex  4.755264e+01  3.168439e+01  0.000000e+00
      vertex  4.766309e+01  3.084541e+01 -1.900000e+00
      vertex  4.766309e+01  3.084541e+01  0.000000e+00
    endloop
  endfacet
  facet normal -9.990483e-01 -4.361887e-02  -0.000000e+00
    outer loop
      vertex  4.766309e+01  3.084541e+01  0.000000e+00
      vertex  4.766309e+01  3.084541e+01 -1.900000e+00
      vertex  4.770000e+01  3.000000e+01 -1.900000e+00
    endloop
  endfacet
  facet normal -9.990483e-01 -4.361887e-02  0.000000e+00
    outer loop
      vertex  4.766309e+01  3.084541e+01  0.000000e+00
      vertex  4.770000e+01  3.000000e+01 -1.900000e+00
      vertex  4.770000e+01  3.000000e+01  0.000000e+00
    endloop
  endfacet
  facet normal -1.000000e+00  0.000000e+00  0.000000e+00
    outer loop
      vertex  4.770000e+01 -3.000000e+01 -1.900000e+00
      vertex  4.770000e+01 -3.000000e+01  0.000000e+00
      vertex  4.770000e+01  3.000000e+01 -1.900000e+00
    endloop
  endfacet
  facet normal -1.000000e+00  0.000000e+00  0.000000e+00
    outer loop
      vertex  4.770000e+01  3.000000e+01 -1.900000e+00
      vertex  4.770000e+01 -3.000000e+01  0.000000e+00
      vertex  4.770000e+01  3.000000e+01  0.000000e+00
    endloop
  endfacet
  facet normal -7.372794e-01  6.755881e-01  0.000000e+00
    outer loop
      vertex  4.485894e+01 -3.685894e+01 -1.900000e+00
      vertex  4.543063e+01 -3.623504e+01  0.000000e+00
      vertex  4.543063e+01 -3.623504e+01 -1.900000e+00
    endloop
  endfacet
  facet normal -7.933531e-01  6.087618e-01  0.000000e+00
    outer loop
      vertex  4.543063e+01 -3.623504e+01 -1.900000e+00
      vertex  4.543063e+01 -3.623504e+01  0.000000e+00
      vertex  4.594577e+01 -3.556369e+01  0.000000e+00
    endloop
  endfacet
  facet normal -7.933531e-01  6.087618e-01  0.000000e+00
    outer loop
      vertex  4.543063e+01 -3.623504e+01 -1.900000e+00
      vertex  4.594577e+01 -3.556369e+01  0.000000e+00
      vertex  4.594577e+01 -3.556369e+01 -1.900000e+00
    endloop
  endfacet
  facet normal -8.433903e-01  5.373012e-01  0.000000e+00
    outer loop
      vertex  4.594577e+01 -3.556369e+01 -1.900000e+00
      vertex  4.594577e+01 -3.556369e+01  0.000000e+00
      vertex  4.640045e+01 -3.485000e+01  0.000000e+00
    endloop
  endfacet
  facet normal -8.433903e-01  5.373012e-01  0.000000e+00
    outer loop
      vertex  4.594577e+01 -3.556369e+01 -1.900000e+00
      vertex  4.640045e+01 -3.485000e+01  0.000000e+00
      vertex  4.640045e+01 -3.485000e+01 -1.900000e+00
    endloop
  endfacet
  facet normal -8.870107e-01  4.617490e-01  0.000000e+00
    outer loop
      vertex  4.640045e+01 -3.485000e+01 -1.900000e+00
      vertex  4.640045e+01 -3.485000e+01  0.000000e+00
      vertex  4.679119e+01 -3.409940e+01  0.000000e+00
    endloop
  endfacet
  facet normal -8.870107e-01  4.617490e-01  0.000000e+00
    outer loop
      vertex  4.640045e+01 -3.485000e+01 -1.900000e+00
      vertex  4.679119e+01 -3.409940e+01  0.000000e+00
      vertex  4.679119e+01 -3.409940e+01 -1.900000e+00
    endloop
  endfacet
  facet normal -9.238805e-01  3.826812e-01  0.000000e+00
    outer loop
      vertex  4.679119e+01 -3.409940e+01 -1.900000e+00
      vertex  4.679119e+01 -3.409940e+01  0.000000e+00
      vertex  4.711502e+01 -3.331760e+01  0.000000e+00
    endloop
  endfacet
  facet normal -9.238805e-01  3.826812e-01  0.000000e+00
    outer loop
      vertex  4.679119e+01 -3.409940e+01 -1.900000e+00
      vertex  4.711502e+01 -3.331760e+01  0.000000e+00
      vertex  4.711502e+01 -3.331760e+01 -1.900000e+00
    endloop
  endfacet
  facet normal -9.537168e-01  3.007063e-01  0.000000e+00
    outer loop
      vertex  4.711502e+01 -3.331760e+01 -1.900000e+00
      vertex  4.711502e+01 -3.331760e+01  0.000000e+00
      vertex  4.736948e+01 -3.251054e+01  0.000000e+00
    endloop
  endfacet
  facet normal -9.537168e-01  3.007063e-01  0.000000e+00
    outer loop
      vertex  4.711502e+01 -3.331760e+01 -1.900000e+00
      vertex  4.736948e+01 -3.251054e+01  0.000000e+00
      vertex  4.736948e+01 -3.251054e+01 -1.900000e+00
    endloop
  endfacet
  facet normal -9.762959e-01  2.164402e-01  0.000000e+00
    outer loop
      vertex  4.736948e+01 -3.251054e+01 -1.900000e+00
      vertex  4.736948e+01 -3.251054e+01  0.000000e+00
      vertex  4.755264e+01 -3.168439e+01  0.000000e+00
    endloop
  endfacet
  facet normal -9.762959e-01  2.164402e-01  0.000000e+00
    outer loop
      vertex  4.736948e+01 -3.251054e+01 -1.900000e+00
      vertex  4.755264e+01 -3.168439e+01  0.000000e+00
      vertex  4.755264e+01 -3.168439e+01 -1.900000e+00
    endloop
  endfacet
  facet normal -9.914446e-01  1.305277e-01  0.000000e+00
    outer loop
      vertex  4.755264e+01 -3.168439e+01 -1.900000e+00
      vertex  4.755264e+01 -3.168439e+01  0.000000e+00
      vertex  4.766309e+01 -3.084541e+01  0.000000e+00
    endloop
  endfacet
  facet normal -9.914446e-01  1.305277e-01  0.000000e+00
    outer loop
      vertex  4.755264e+01 -3.168439e+01 -1.900000e+00
      vertex  4.766309e+01 -3.084541e+01  0.000000e+00
      vertex  4.766309e+01 -3.084541e+01 -1.900000e+00
    endloop
  endfacet
  facet normal -9.990483e-01  4.361887e-02  0.000000e+00
    outer loop
      vertex  4.766309e+01 -3.084541e+01 -1.900000e+00
      vertex  4.766309e+01 -3.084541e+01  0.000000e+00
      vertex  4.770000e+01 -3.000000e+01  0.000000e+00
    endloop
  endfacet
  facet normal -9.990483e-01  4.361887e-02  0.000000e+00
    outer loop
      vertex  4.766309e+01 -3.084541e+01 -1.900000e+00
      vertex  4.770000e+01 -3.000000e+01  0.000000e+00
      vertex  4.770000e+01 -3.000000e+01 -1.900000e+00
    endloop
  endfacet
  facet normal -7.372794e-01  6.755881e-01  0.000000e+00
    outer loop
      vertex  4.543063e+01 -3.623504e+01  0.000000e+00
      vertex  4.485894e+01 -3.685894e+01 -1.900000e+00
      vertex  4.485894e+01 -3.685894e+01  0.000000e+00
    endloop
  endfacet
  facet normal -6.755881e-01  7.372794e-01  0.000000e+00
    outer loop
      vertex  4.485894e+01 -3.685894e+01  0.000000e+00
      vertex  4.485894e+01 -3.685894e+01 -1.900000e+00
      vertex  4.423504e+01 -3.743063e+01 -1.900000e+00
    endloop
  endfacet
  facet normal -6.755881e-01  7.372794e-01  0.000000e+00
    outer loop
      vertex  4.485894e+01 -3.685894e+01  0.000000e+00
      vertex  4.423504e+01 -3.743063e+01 -1.900000e+00
      vertex  4.423504e+01 -3.743063e+01  0.000000e+00
    endloop
  endfacet
  facet normal -6.087618e-01  7.933531e-01  0.000000e+00
    outer loop
      vertex  4.423504e+01 -3.743063e+01  0.000000e+00
      vertex  4.423504e+01 -3.743063e+01 -1.900000e+00
      vertex  4.356369e+01 -3.794577e+01 -1.900000e+00
    endloop
  endfacet
  facet normal -6.087618e-01  7.933531e-01  0.000000e+00
    outer loop
      vertex  4.423504e+01 -3.743063e+01  0.000000e+00
      vertex  4.356369e+01 -3.794577e+01 -1.900000e+00
      vertex  4.356369e+01 -3.794577e+01  0.000000e+00
    endloop
  endfacet
  facet normal -5.373012e-01  8.433903e-01  0.000000e+00
    outer loop
      vertex  4.356369e+01 -3.794577e+01  0.000000e+00
      vertex  4.356369e+01 -3.794577e+01 -1.900000e+00
      vertex  4.285000e+01 -3.840045e+01 -1.900000e+00
    endloop
  endfacet
  facet normal -5.373012e-01  8.433903e-01  0.000000e+00
    outer loop
      vertex  4.356369e+01 -3.794577e+01  0.000000e+00
      vertex  4.285000e+01 -3.840045e+01 -1.900000e+00
      vertex  4.285000e+01 -3.840045e+01  0.000000e+00
    endloop
  endfacet
  facet normal -4.617490e-01  8.870107e-01  0.000000e+00
    outer loop
      vertex  4.285000e+01 -3.840045e+01  0.000000e+00
      vertex  4.285000e+01 -3.840045e+01 -1.900000e+00
      vertex  4.209940e+01 -3.879119e+01 -1.900000e+00
    endloop
  endfacet
  facet normal -4.617490e-01  8.870107e-01  0.000000e+00
    outer loop
      vertex  4.285000e+01 -3.840045e+01  0.000000e+00
      vertex  4.209940e+01 -3.879119e+01 -1.900000e+00
      vertex  4.209940e+01 -3.879119e+01  0.000000e+00
    endloop
  endfacet
  facet normal -3.826812e-01  9.238805e-01  0.000000e+00
    outer loop
      vertex  4.209940e+01 -3.879119e+01  0.000000e+00
      vertex  4.209940e+01 -3.879119e+01 -1.900000e+00
      vertex  4.131760e+01 -3.911502e+01 -1.900000e+00
    endloop
  endfacet
  facet normal -3.826812e-01  9.238805e-01  0.000000e+00
    outer loop
      vertex  4.209940e+01 -3.879119e+01  0.000000e+00
      vertex  4.131760e+01 -3.911502e+01 -1.900000e+00
      vertex  4.131760e+01 -3.911502e+01  0.000000e+00
    endloop
  endfacet
  facet normal -3.007063e-01  9.537168e-01  0.000000e+00
    outer loop
      vertex  4.131760e+01 -3.911502e+01  0.000000e+00
      vertex  4.131760e+01 -3.911502e+01 -1.900000e+00
      vertex  4.051054e+01 -3.936948e+01 -1.900000e+00
    endloop
  endfacet
  facet normal -3.007063e-01  9.537168e-01  0.000000e+00
    outer loop
      vertex  4.131760e+01 -3.911502e+01  0.000000e+00
      vertex  4.051054e+01 -3.936948e+01 -1.900000e+00
      vertex  4.051054e+01 -3.936948e+01  0.000000e+00
    endloop
  endfacet
  facet normal -2.164402e-01  9.762959e-01  0.000000e+00
    outer loop
      vertex  4.051054e+01 -3.936948e+01  0.000000e+00
      vertex  4.051054e+01 -3.936948e+01 -1.900000e+00
      vertex  3.968439e+01 -3.955264e+01 -1.900000e+00
    endloop
  endfacet
  facet normal -2.164402e-01  9.762959e-01  0.000000e+00
    outer loop
      vertex  4.051054e+01 -3.936948e+01  0.000000e+00
      vertex  3.968439e+01 -3.955264e+01 -1.900000e+00
      vertex  3.968439e+01 -3.955264e+01  0.000000e+00
    endloop
  endfacet
  facet normal -1.305274e-01  9.914447e-01  0.000000e+00
    outer loop
      vertex  3.968439e+01 -3.955264e+01  0.000000e+00
      vertex  3.968439e+01 -3.955264e+01 -1.900000e+00
      vertex  3.884541e+01 -3.966309e+01 -1.900000e+00
    endloop
  endfacet
  facet normal -1.305274e-01  9.914447e-01  0.000000e+00
    outer loop
      vertex  3.968439e+01 -3.955264e+01  0.000000e+00
      vertex  3.884541e+01 -3.966309e+01 -1.900000e+00
      vertex  3.884541e+01 -3.966309e+01  0.000000e+00
    endloop
  endfacet
  facet normal -4.361896e-02  9.990482e-01  0.000000e+00
    outer loop
      vertex  3.884541e+01 -3.966309e+01  0.000000e+00
      vertex  3.884541e+01 -3.966309e+01 -1.900000e+00
      vertex  3.800000e+01 -3.970000e+01 -1.900000e+00
    endloop
  endfacet
  facet normal -4.361896e-02  9.990482e-01  0.000000e+00
    outer loop
      vertex  3.884541e+01 -3.966309e+01  0.000000e+00
      vertex  3.800000e+01 -3.970000e+01 -1.900000e+00
      vertex  3.800000e+01 -3.970000e+01  0.000000e+00
    endloop
  endfacet
  facet normal  0.000000e+00  1.000000e+00  0.000000e+00
    outer loop
      vertex -3.800000e+01 -3.970000e+01 -1.900000e+00
      vertex -3.800000e+01 -3.970000e+01  0.000000e+00
      vertex  3.800000e+01 -3.970000e+01 -1.900000e+00
    endloop
  endfacet
  facet normal  0.000000e+00  1.000000e+00  -0.000000e+00
    outer loop
      vertex  3.800000e+01 -3.970000e+01 -1.900000e+00
      vertex -3.800000e+01 -3.970000e+01  0.000000e+00
      vertex  3.800000e+01 -3.970000e+01  0.000000e+00
    endloop
  endfacet
  facet normal  0.000000e+00  -0.000000e+00  1.000000e+00
    outer loop
      vertex -4.640045e+01  3.485000e+01 -1.900000e+00
      vertex -4.192799e+01  3.492554e+01 -1.900000e+00
      vertex -4.135180e+01  3.533436e+01 -1.900000e+00
    endloop
  endfacet
  facet normal  0.000000e+00  -0.000000e+00  1.000000e+00
    outer loop
      vertex  4.245477e+01  3.445477e+01 -1.900000e+00
      vertex  4.292554e+01  3.392799e+01 -1.900000e+00
      vertex  4.679119e+01  3.409940e+01 -1.900000e+00
    endloop
  endfacet
  facet normal  0.000000e+00  0.000000e+00  9.999999e-01
    outer loop
      vertex  3.940188e+01 -3.614204e+01 -1.900000e+00
      vertex  3.870538e+01 -3.626039e+01 -1.900000e+00
      vertex  4.543063e+01 -3.623504e+01 -1.900000e+00
    endloop
  endfacet
  facet normal  0.000000e+00  0.000000e+00  1.000000e+00
    outer loop
      vertex -3.800000e+01 -3.630000e+01 -1.900000e+00
      vertex -3.870538e+01 -3.626039e+01 -1.900000e+00
      vertex -4.543063e+01 -3.623504e+01 -1.900000e+00
    endloop
  endfacet
  facet normal  0.000000e+00  0.000000e+00  1.000000e+00
    outer loop
      vertex -3.800000e+01 -3.630000e+01 -1.900000e+00
      vertex -4.543063e+01 -3.623504e+01 -1.900000e+00
      vertex -4.485894e+01 -3.685894e+01 -1.900000e+00
    endloop
  endfacet
  facet normal  -0.000000e+00  0.000000e+00  1.000000e+00
    outer loop
      vertex -3.800000e+01 -3.630000e+01 -1.900000e+00
      vertex -4.485894e+01 -3.685894e+01 -1.900000e+00
      vertex -3.884541e+01 -3.966309e+01 -1.900000e+00
    endloop
  endfacet
  facet normal  -0.000000e+00  0.000000e+00  1.000000e+00
    outer loop
      vertex -3.800000e+01 -3.630000e+01 -1.900000e+00
      vertex -3.884541e+01 -3.966309e+01 -1.900000e+00
      vertex -3.800000e+01 -3.970000e+01 -1.900000e+00
    endloop
  endfacet
  facet normal  0.000000e+00  0.000000e+00  1.000000e+00
    outer loop
      vertex -3.800000e+01 -3.630000e+01 -1.900000e+00
      vertex -3.800000e+01 -3.970000e+01 -1.900000e+00
      vertex  3.800000e+01 -3.970000e+01 -1.900000e+00
    endloop
  endfacet
  facet normal  0.000000e+00  -0.000000e+00  1.000000e+00
    outer loop
      vertex -3.800000e+01 -3.630000e+01 -1.900000e+00
      vertex  3.800000e+01 -3.970000e+01 -1.900000e+00
      vertex  3.800000e+01 -3.630000e+01 -1.900000e+00
    endloop
  endfacet
  facet normal  -0.000000e+00  -0.000000e+00  1.000000e+00
    outer loop
      vertex -4.485894e+01 -3.685894e+01 -1.900000e+00
      vertex -4.423504e+01 -3.743063e+01 -1.900000e+00
      vertex -4.356369e+01 -3.794577e+01 -1.900000e+00
    endloop
  endfacet
  facet normal  -0.000000e+00  -0.000000e+00  1.000000e+00
    outer loop
      vertex -4.485894e+01 -3.685894e+01 -1.900000e+00
      vertex -4.356369e+01 -3.794577e+01 -1.900000e+00
      vertex -4.285000e+01 -3.840045e+01 -1.900000e+00
    endloop
  endfacet
  facet normal  -0.000000e+00  -0.000000e+00  1.000000e+00
    outer loop
      vertex -4.485894e+01 -3.685894e+01 -1.900000e+00
      vertex -4.285000e+01 -3.840045e+01 -1.900000e+00
      vertex -4.209940e+01 -3.879119e+01 -1.900000e+00
    endloop
  endfacet
  facet normal  -0.000000e+00  -0.000000e+00  1.000000e+00
    outer loop
      vertex -4.485894e+01 -3.685894e+01 -1.900000e+00
      vertex -4.209940e+01 -3.879119e+01 -1.900000e+00
      vertex -4.131760e+01 -3.911502e+01 -1.900000e+00
    endloop
  endfacet
  facet normal  -0.000000e+00  -0.000000e+00  1.000000e+00
    outer loop
      vertex -4.485894e+01 -3.685894e+01 -1.900000e+00
      vertex -4.131760e+01 -3.911502e+01 -1.900000e+00
      vertex -4.051054e+01 -3.936948e+01 -1.900000e+00
    endloop
  endfacet
  facet normal  -0.000000e+00  -0.000000e+00  1.000000e+00
    outer loop
      vertex -4.485894e+01 -3.685894e+01 -1.900000e+00
      vertex -4.051054e+01 -3.936948e+01 -1.900000e+00
      vertex -3.968439e+01 -3.955264e+01 -1.900000e+00
    endloop
  endfacet
  facet normal  -0.000000e+00  -0.000000e+00  1.000000e+00
    outer loop
      vertex -4.485894e+01 -3.685894e+01 -1.900000e+00
      vertex -3.968439e+01 -3.955264e+01 -1.900000e+00
      vertex -3.884541e+01 -3.966309e+01 -1.900000e+00
    endloop
  endfacet
  facet normal  0.000000e+00  0.000000e+00  1.000000e+00
    outer loop
      vertex  3.800000e+01 -3.630000e+01 -1.900000e+00
      vertex  3.800000e+01 -3.970000e+01 -1.900000e+00
      vertex  3.884541e+01 -3.966309e+01 -1.900000e+00
    endloop
  endfacet
  facet normal  0.000000e+00  -0.000000e+00  1.000000e+00
    outer loop
      vertex  3.800000e+01 -3.630000e+01 -1.900000e+00
      vertex  3.884541e+01 -3.966309e+01 -1.900000e+00
      vertex  3.968439e+01 -3.955264e+01 -1.900000e+00
    endloop
  endfacet
  facet normal  0.000000e+00  -0.000000e+00  1.000000e+00
    outer loop
      vertex  3.800000e+01 -3.630000e+01 -1.900000e+00
      vertex  3.968439e+01 -3.955264e+01 -1.900000e+00
      vertex  4.051054e+01 -3.936948e+01 -1.900000e+00
    endloop
  endfacet
  facet normal  0.000000e+00  -0.000000e+00  1.000000e+00
    outer loop
      vertex  3.800000e+01 -3.630000e+01 -1.900000e+00
      vertex  4.051054e+01 -3.936948e+01 -1.900000e+00
      vertex  4.131760e+01 -3.911502e+01 -1.900000e+00
    endloop
  endfacet
  facet normal  0.000000e+00  -0.000000e+00  1.000000e+00
    outer loop
      vertex  3.800000e+01 -3.630000e+01 -1.900000e+00
      vertex  4.131760e+01 -3.911502e+01 -1.900000e+00
      vertex  4.209940e+01 -3.879119e+01 -1.900000e+00
    endloop
  endfacet
  facet normal  0.000000e+00  -0.000000e+00  9.999999e-01
    outer loop
      vertex  3.800000e+01 -3.630000e+01 -1.900000e+00
      vertex  4.209940e+01 -3.879119e+01 -1.900000e+00
      vertex  4.285000e+01 -3.840045e+01 -1.900000e+00
    endloop
  endfacet
  facet normal  0.000000e+00  -0.000000e+00  9.999999e-01
    outer loop
      vertex  3.800000e+01 -3.630000e+01 -1.900000e+00
      vertex  4.285000e+01 -3.840045e+01 -1.900000e+00
      vertex  4.356369e+01 -3.794577e+01 -1.900000e+00
    endloop
  endfacet
  facet normal  0.000000e+00  -0.000000e+00  9.999999e-01
    outer loop
      vertex  3.800000e+01 -3.630000e+01 -1.900000e+00
      vertex  4.356369e+01 -3.794577e+01 -1.900000e+00
      vertex  4.423504e+01 -3.743063e+01 -1.900000e+00
    endloop
  endfacet
  facet normal  0.000000e+00  -0.000000e+00  1.000000e+00
    outer loop
      vertex  3.800000e+01 -3.630000e+01 -1.900000e+00
      vertex  4.423504e+01 -3.743063e+01 -1.900000e+00
      vertex  4.485894e+01 -3.685894e+01 -1.900000e+00
    endloop
  endfacet
  facet normal  0.000000e+00  -0.000000e+00  1.000000e+00
    outer loop
      vertex  3.800000e+01 -3.630000e+01 -1.900000e+00
      vertex  4.485894e+01 -3.685894e+01 -1.900000e+00
      vertex  4.543063e+01 -3.623504e+01 -1.900000e+00
    endloop
  endfacet
  facet normal  0.000000e+00  0.000000e+00  1.000000e+00
    outer loop
      vertex  3.800000e+01 -3.630000e+01 -1.900000e+00
      vertex  4.543063e+01 -3.623504e+01 -1.900000e+00
      vertex  3.870538e+01 -3.626039e+01 -1.900000e+00
    endloop
  endfacet
  facet normal  0.000000e+00  0.000000e+00  1.000000e+00
    outer loop
      vertex -4.485894e+01  3.685894e+01 -1.900000e+00
      vertex -3.884541e+01  3.966309e+01 -1.900000e+00
      vertex -3.968439e+01  3.955264e+01 -1.900000e+00
    endloop
  endfacet
  facet normal  0.000000e+00  0.000000e+00  1.000000e+00
    outer loop
      vertex -4.485894e+01  3.685894e+01 -1.900000e+00
      vertex -3.968439e+01  3.955264e+01 -1.900000e+00
      vertex -4.051054e+01  3.936948e+01 -1.900000e+00
    endloop
  endfacet
  facet normal  0.000000e+00  0.000000e+00  1.000000e+00
    outer loop
      vertex -4.485894e+01  3.685894e+01 -1.900000e+00
      vertex -4.051054e+01  3.936948e+01 -1.900000e+00
      vertex -4.131760e+01  3.911502e+01 -1.900000e+00
    endloop
  endfacet
  facet normal  0.000000e+00  0.000000e+00  1.000000e+00
    outer loop
      vertex -4.485894e+01  3.685894e+01 -1.900000e+00
      vertex -4.131760e+01  3.911502e+01 -1.900000e+00
      vertex -4.209940e+01  3.879119e+01 -1.900000e+00
    endloop
  endfacet
  facet normal  0.000000e+00  0.000000e+00  1.000000e+00
    outer loop
      vertex -4.485894e+01  3.685894e+01 -1.900000e+00
      vertex -4.209940e+01  3.879119e+01 -1.900000e+00
      vertex -4.285000e+01  3.840045e+01 -1.900000e+00
    endloop
  endfacet
  facet normal  0.000000e+00  0.000000e+00  1.000000e+00
    outer loop
      vertex -4.485894e+01  3.685894e+01 -1.900000e+00
      vertex -4.285000e+01  3.840045e+01 -1.900000e+00
      vertex -4.356369e+01  3.794577e+01 -1.900000e+00
    endloop
  endfacet
  facet normal  0.000000e+00  0.000000e+00  1.000000e+00
    outer loop
      vertex -4.485894e+01  3.685894e+01 -1.900000e+00
      vertex -4.356369e+01  3.794577e+01 -1.900000e+00
      vertex -4.423504e+01  3.743063e+01 -1.900000e+00
    endloop
  endfacet
  facet normal  -0.000000e+00  -0.000000e+00  1.000000e+00
    outer loop
      vertex  3.800000e+01  3.630000e+01 -1.900000e+00
      vertex  3.870538e+01  3.626039e+01 -1.900000e+00
      vertex  4.543063e+01  3.623504e+01 -1.900000e+00
    endloop
  endfacet
  facet normal  0.000000e+00  0.000000e+00  1.000000e+00
    outer loop
      vertex  3.800000e+01  3.630000e+01 -1.900000e+00
      vertex  4.543063e+01  3.623504e+01 -1.900000e+00
      vertex  4.485894e+01  3.685894e+01 -1.900000e+00
    endloop
  endfacet
  facet normal  0.000000e+00  0.000000e+00  1.000000e+00
    outer loop
      vertex  3.800000e+01  3.630000e+01 -1.900000e+00
      vertex  4.485894e+01  3.685894e+01 -1.900000e+00
      vertex  4.423504e+01  3.743063e+01 -1.900000e+00
    endloop
  endfacet
  facet normal  0.000000e+00  0.000000e+00  9.999999e-01
    outer loop
      vertex  3.800000e+01  3.630000e+01 -1.900000e+00
      vertex  4.423504e+01  3.743063e+01 -1.900000e+00
      vertex  4.356369e+01  3.794577e+01 -1.900000e+00
    endloop
  endfacet
  facet normal  0.000000e+00  0.000000e+00  9.999999e-01
    outer loop
      vertex  3.800000e+01  3.630000e+01 -1.900000e+00
      vertex  4.356369e+01  3.794577e+01 -1.900000e+00
      vertex  4.285000e+01  3.840045e+01 -1.900000e+00
    endloop
  endfacet
  facet normal  0.000000e+00  0.000000e+00  1.000000e+00
    outer loop
      vertex  3.800000e+01  3.630000e+01 -1.900000e+00
      vertex  4.285000e+01  3.840045e+01 -1.900000e+00
      vertex  4.209940e+01  3.879119e+01 -1.900000e+00
    endloop
  endfacet
  facet normal  0.000000e+00  0.000000e+00  1.000000e+00
    outer loop
      vertex  3.800000e+01  3.630000e+01 -1.900000e+00
      vertex  4.209940e+01  3.879119e+01 -1.900000e+00
      vertex  4.131760e+01  3.911502e+01 -1.900000e+00
    endloop
  endfacet
  facet normal  0.000000e+00  0.000000e+00  1.000000e+00
    outer loop
      vertex  3.800000e+01  3.630000e+01 -1.900000e+00
      vertex  4.131760e+01  3.911502e+01 -1.900000e+00
      vertex  4.051054e+01  3.936948e+01 -1.900000e+00
    endloop
  endfacet
  facet normal  0.000000e+00  0.000000e+00  1.000000e+00
    outer loop
      vertex  3.800000e+01  3.630000e+01 -1.900000e+00
      vertex  4.051054e+01  3.936948e+01 -1.900000e+00
      vertex  3.968439e+01  3.955264e+01 -1.900000e+00
    endloop
  endfacet
  facet normal  0.000000e+00  0.000000e+00  1.000000e+00
    outer loop
      vertex  3.800000e+01  3.630000e+01 -1.900000e+00
      vertex  3.968439e+01  3.955264e+01 -1.900000e+00
      vertex  3.884541e+01  3.966309e+01 -1.900000e+00
    endloop
  endfacet
  facet normal  0.000000e+00  0.000000e+00  1.000000e+00
    outer loop
      vertex  3.800000e+01  3.630000e+01 -1.900000e+00
      vertex  3.884541e+01  3.966309e+01 -1.900000e+00
      vertex  3.800000e+01  3.970000e+01 -1.900000e+00
    endloop
  endfacet
  facet normal  0.000000e+00  0.000000e+00  9.999999e-01
    outer loop
      vertex -4.543063e+01 -3.623504e+01 -1.900000e+00
      vertex -3.870538e+01 -3.626039e+01 -1.900000e+00
      vertex -3.940188e+01 -3.614204e+01 -1.900000e+00
    endloop
  endfacet
  facet normal  0.000000e+00  0.000000e+00  9.999999e-01
    outer loop
      vertex -4.543063e+01 -3.623504e+01 -1.900000e+00
      vertex -3.940188e+01 -3.614204e+01 -1.900000e+00
      vertex -4.008076e+01 -3.594646e+01 -1.900000e+00
    endloop
  endfacet
  facet normal  0.000000e+00  0.000000e+00  1.000000e+00
    outer loop
      vertex -4.543063e+01 -3.623504e+01 -1.900000e+00
      vertex -4.008076e+01 -3.594646e+01 -1.900000e+00
      vertex -4.073347e+01 -3.567611e+01 -1.900000e+00
    endloop
  endfacet
  facet normal  0.000000e+00  0.000000e+00  1.000000e+00
    outer loop
      vertex -4.543063e+01 -3.623504e+01 -1.900000e+00
      vertex -4.073347e+01 -3.567611e+01 -1.900000e+00
      vertex -4.594577e+01 -3.556369e+01 -1.900000e+00
    endloop
  endfacet
  facet normal  0.000000e+00  0.000000e+00  1.000000e+00
    outer loop
      vertex  3.800000e+01  3.630000e+01 -1.900000e+00
      vertex  3.800000e+01  3.970000e+01 -1.900000e+00
      vertex -3.800000e+01  3.630000e+01 -1.900000e+00
    endloop
  endfacet
  facet normal  0.000000e+00  0.000000e+00  1.000000e+00
    outer loop
      vertex -3.800000e+01  3.630000e+01 -1.900000e+00
      vertex  3.800000e+01  3.970000e+01 -1.900000e+00
      vertex -3.800000e+01  3.970000e+01 -1.900000e+00
    endloop
  endfacet
  facet normal  0.000000e+00  0.000000e+00  1.000000e+00
    outer loop
      vertex -3.800000e+01  3.630000e+01 -1.900000e+00
      vertex -3.800000e+01  3.970000e+01 -1.900000e+00
      vertex -4.485894e+01  3.685894e+01 -1.900000e+00
    endloop
  endfacet
  facet normal  0.000000e+00  0.000000e+00  1.000000e+00
    outer loop
      vertex -4.485894e+01  3.685894e+01 -1.900000e+00
      vertex -3.800000e+01  3.970000e+01 -1.900000e+00
      vertex -3.884541e+01  3.966309e+01 -1.900000e+00
    endloop
  endfacet
  facet normal  0.000000e+00  0.000000e+00  1.000000e+00
    outer loop
      vertex -3.800000e+01  3.630000e+01 -1.900000e+00
      vertex -4.485894e+01  3.685894e+01 -1.900000e+00
      vertex -3.870538e+01  3.626039e+01 -1.900000e+00
    endloop
  endfacet
  facet normal  0.000000e+00  0.000000e+00  1.000000e+00
    outer loop
      vertex -3.870538e+01  3.626039e+01 -1.900000e+00
      vertex -4.485894e+01  3.685894e+01 -1.900000e+00
      vertex -4.543063e+01  3.623504e+01 -1.900000e+00
    endloop
  endfacet
  facet normal  -0.000000e+00  0.000000e+00  9.999999e-01
    outer loop
      vertex -3.870538e+01  3.626039e+01 -1.900000e+00
      vertex -4.543063e+01  3.623504e+01 -1.900000e+00
      vertex -3.940188e+01  3.614204e+01 -1.900000e+00
    endloop
  endfacet
  facet normal  0.000000e+00  0.000000e+00  1.000000e+00
    outer loop
      vertex -3.940188e+01  3.614204e+01 -1.900000e+00
      vertex -4.543063e+01  3.623504e+01 -1.900000e+00
      vertex -4.594577e+01  3.556369e+01 -1.900000e+00
    endloop
  endfacet
  facet normal  0.000000e+00  0.000000e+00  9.999999e-01
    outer loop
      vertex -3.940188e+01  3.614204e+01 -1.900000e+00
      vertex -4.594577e+01  3.556369e+01 -1.900000e+00
      vertex -4.008076e+01  3.594646e+01 -1.900000e+00
    endloop
  endfacet
  facet normal  0.000000e+00  0.000000e+00  1.000000e+00
    outer loop
      vertex -4.640045e+01  3.485000e+01 -1.900000e+00
      vertex -4.135180e+01  3.533436e+01 -1.900000e+00
      vertex -4.594577e+01  3.556369e+01 -1.900000e+00
    endloop
  endfacet
  facet normal  -0.000000e+00  0.000000e+00  1.000000e+00
    outer loop
      vertex -4.594577e+01  3.556369e+01 -1.900000e+00
      vertex -4.135180e+01  3.533436e+01 -1.900000e+00
      vertex -4.073347e+01  3.567611e+01 -1.900000e+00
    endloop
  endfacet
  facet normal  0.000000e+00  -0.000000e+00  1.000000e+00
    outer loop
      vertex -4.594577e+01  3.556369e+01 -1.900000e+00
      vertex -4.073347e+01  3.567611e+01 -1.900000e+00
      vertex -4.008076e+01  3.594646e+01 -1.900000e+00
    endloop
  endfacet
  facet normal  -0.000000e+00  0.000000e+00  1.000000e+00
    outer loop
      vertex -4.192799e+01  3.492554e+01 -1.900000e+00
      vertex -4.640045e+01  3.485000e+01 -1.900000e+00
      vertex -4.245477e+01  3.445477e+01 -1.900000e+00
    endloop
  endfacet
  facet normal  0.000000e+00  0.000000e+00  1.000000e+00
    outer loop
      vertex -4.245477e+01  3.445477e+01 -1.900000e+00
      vertex -4.640045e+01  3.485000e+01 -1.900000e+00
      vertex -4.679119e+01  3.409940e+01 -1.900000e+00
    endloop
  endfacet
  facet normal  -0.000000e+00  0.000000e+00  1.000000e+00
    outer loop
      vertex -4.245477e+01  3.445477e+01 -1.900000e+00
      vertex -4.679119e+01  3.409940e+01 -1.900000e+00
      vertex -4.292554e+01  3.392799e+01 -1.900000e+00
    endloop
  endfacet
  facet normal  0.000000e+00  0.000000e+00  1.000000e+00
    outer loop
      vertex -4.292554e+01  3.392799e+01 -1.900000e+00
      vertex -4.679119e+01  3.409940e+01 -1.900000e+00
      vertex -4.333436e+01  3.335180e+01 -1.900000e+00
    endloop
  endfacet
  facet normal  0.000000e+00  0.000000e+00  1.000000e+00
    outer loop
      vertex -4.333436e+01  3.335180e+01 -1.900000e+00
      vertex -4.679119e+01  3.409940e+01 -1.900000e+00
      vertex -4.711502e+01  3.331760e+01 -1.900000e+00
    endloop
  endfacet
  facet normal  -0.000000e+00  0.000000e+00  1.000000e+00
    outer loop
      vertex -4.333436e+01  3.335180e+01 -1.900000e+00
      vertex -4.711502e+01  3.331760e+01 -1.900000e+00
      vertex -4.367611e+01  3.273347e+01 -1.900000e+00
    endloop
  endfacet
  facet normal  0.000000e+00  0.000000e+00  1.000000e+00
    outer loop
      vertex -4.367611e+01  3.273347e+01 -1.900000e+00
      vertex -4.711502e+01  3.331760e+01 -1.900000e+00
      vertex -4.736948e+01  3.251054e+01 -1.900000e+00
    endloop
  endfacet
  facet normal  -0.000000e+00  0.000000e+00  1.000000e+00
    outer loop
      vertex -4.367611e+01  3.273347e+01 -1.900000e+00
      vertex -4.736948e+01  3.251054e+01 -1.900000e+00
      vertex -4.394646e+01  3.208076e+01 -1.900000e+00
    endloop
  endfacet
  facet normal  0.000000e+00  0.000000e+00  1.000000e+00
    outer loop
      vertex -4.394646e+01  3.208076e+01 -1.900000e+00
      vertex -4.736948e+01  3.251054e+01 -1.900000e+00
      vertex -4.755264e+01  3.168439e+01 -1.900000e+00
    endloop
  endfacet
  facet normal  -0.000000e+00  0.000000e+00  1.000000e+00
    outer loop
      vertex -4.394646e+01  3.208076e+01 -1.900000e+00
      vertex -4.755264e+01  3.168439e+01 -1.900000e+00
      vertex -4.414204e+01  3.140188e+01 -1.900000e+00
    endloop
  endfacet
  facet normal  0.000000e+00  0.000000e+00  1.000000e+00
    outer loop
      vertex -4.414204e+01  3.140188e+01 -1.900000e+00
      vertex -4.755264e+01  3.168439e+01 -1.900000e+00
      vertex -4.426039e+01  3.070538e+01 -1.900000e+00
    endloop
  endfacet
  facet normal  0.000000e+00  0.000000e+00  1.000000e+00
    outer loop
      vertex -4.426039e+01  3.070538e+01 -1.900000e+00
      vertex -4.755264e+01  3.168439e+01 -1.900000e+00
      vertex -4.766309e+01  3.084541e+01 -1.900000e+00
    endloop
  endfacet
  facet normal  0.000000e+00  0.000000e+00  1.000000e+00
    outer loop
      vertex -4.426039e+01  3.070538e+01 -1.900000e+00
      vertex -4.766309e+01  3.084541e+01 -1.900000e+00
      vertex -4.430000e+01  3.000000e+01 -1.900000e+00
    endloop
  endfacet
  facet normal  0.000000e+00  0.000000e+00  9.999999e-01
    outer loop
      vertex -4.430000e+01  3.000000e+01 -1.900000e+00
      vertex -4.766309e+01  3.084541e+01 -1.900000e+00
      vertex -4.770000e+01  3.000000e+01 -1.900000e+00
    endloop
  endfacet
  facet normal  -0.000000e+00  0.000000e+00  1.000000e+00
    outer loop
      vertex -4.430000e+01  3.000000e+01 -1.900000e+00
      vertex -4.770000e+01  3.000000e+01 -1.900000e+00
      vertex -4.430000e+01 -3.000000e+01 -1.900000e+00
    endloop
  endfacet
  facet normal  0.000000e+00  0.000000e+00  1.000000e+00
    outer loop
      vertex -4.430000e+01 -3.000000e+01 -1.900000e+00
      vertex -4.770000e+01  3.000000e+01 -1.900000e+00
      vertex -4.770000e+01 -3.000000e+01 -1.900000e+00
    endloop
  endfacet
  facet normal  -0.000000e+00  0.000000e+00  1.000000e+00
    outer loop
      vertex -4.430000e+01 -3.000000e+01 -1.900000e+00
      vertex -4.770000e+01 -3.000000e+01 -1.900000e+00
      vertex -4.426039e+01 -3.070538e+01 -1.900000e+00
    endloop
  endfacet
  facet normal  0.000000e+00  0.000000e+00  9.999999e-01
    outer loop
      vertex -4.426039e+01 -3.070538e+01 -1.900000e+00
      vertex -4.770000e+01 -3.000000e+01 -1.900000e+00
      vertex -4.766309e+01 -3.084541e+01 -1.900000e+00
    endloop
  endfacet
  facet normal  -0.000000e+00  0.000000e+00  1.000000e+00
    outer loop
      vertex -4.426039e+01 -3.070538e+01 -1.900000e+00
      vertex -4.766309e+01 -3.084541e+01 -1.900000e+00
      vertex -4.414204e+01 -3.140188e+01 -1.900000e+00
    endloop
  endfacet
  facet normal  0.000000e+00  0.000000e+00  1.000000e+00
    outer loop
      vertex -4.414204e+01 -3.140188e+01 -1.900000e+00
      vertex -4.766309e+01 -3.084541e+01 -1.900000e+00
      vertex -4.755264e+01 -3.168439e+01 -1.900000e+00
    endloop
  endfacet
  facet normal  -0.000000e+00  0.000000e+00  1.000000e+00
    outer loop
      vertex -4.414204e+01 -3.140188e+01 -1.900000e+00
      vertex -4.755264e+01 -3.168439e+01 -1.900000e+00
      vertex -4.394646e+01 -3.208076e+01 -1.900000e+00
    endloop
  endfacet
  facet normal  0.000000e+00  0.000000e+00  1.000000e+00
    outer loop
      vertex -4.394646e+01 -3.208076e+01 -1.900000e+00
      vertex -4.755264e+01 -3.168439e+01 -1.900000e+00
      vertex -4.736948e+01 -3.251054e+01 -1.900000e+00
    endloop
  endfacet
  facet normal  -0.000000e+00  0.000000e+00  1.000000e+00
    outer loop
      vertex -4.394646e+01 -3.208076e+01 -1.900000e+00
      vertex -4.736948e+01 -3.251054e+01 -1.900000e+00
      vertex -4.367611e+01 -3.273347e+01 -1.900000e+00
    endloop
  endfacet
  facet normal  0.000000e+00  0.000000e+00  1.000000e+00
    outer loop
      vertex -4.367611e+01 -3.273347e+01 -1.900000e+00
      vertex -4.736948e+01 -3.251054e+01 -1.900000e+00
      vertex -4.333436e+01 -3.335180e+01 -1.900000e+00
    endloop
  endfacet
  facet normal  0.000000e+00  0.000000e+00  1.000000e+00
    outer loop
      vertex -4.333436e+01 -3.335180e+01 -1.900000e+00
      vertex -4.736948e+01 -3.251054e+01 -1.900000e+00
      vertex -4.711502e+01 -3.331760e+01 -1.900000e+00
    endloop
  endfacet
  facet normal  0.000000e+00  0.000000e+00  1.000000e+00
    outer loop
      vertex -4.333436e+01 -3.335180e+01 -1.900000e+00
      vertex -4.711502e+01 -3.331760e+01 -1.900000e+00
      vertex -4.292554e+01 -3.392799e+01 -1.900000e+00
    endloop
  endfacet
  facet normal  0.000000e+00  0.000000e+00  9.999999e-01
    outer loop
      vertex -4.292554e+01 -3.392799e+01 -1.900000e+00
      vertex -4.711502e+01 -3.331760e+01 -1.900000e+00
      vertex -4.679119e+01 -3.409940e+01 -1.900000e+00
    endloop
  endfacet
  facet normal  -0.000000e+00  0.000000e+00  1.000000e+00
    outer loop
      vertex -4.292554e+01 -3.392799e+01 -1.900000e+00
      vertex -4.679119e+01 -3.409940e+01 -1.900000e+00
      vertex -4.245477e+01 -3.445477e+01 -1.900000e+00
    endloop
  endfacet
  facet normal  0.000000e+00  0.000000e+00  1.000000e+00
    outer loop
      vertex -4.245477e+01 -3.445477e+01 -1.900000e+00
      vertex -4.679119e+01 -3.409940e+01 -1.900000e+00
      vertex -4.640045e+01 -3.485000e+01 -1.900000e+00
    endloop
  endfacet
  facet normal  -0.000000e+00  0.000000e+00  1.000000e+00
    outer loop
      vertex -4.245477e+01 -3.445477e+01 -1.900000e+00
      vertex -4.640045e+01 -3.485000e+01 -1.900000e+00
      vertex -4.192799e+01 -3.492554e+01 -1.900000e+00
    endloop
  endfacet
  facet normal  0.000000e+00  0.000000e+00  9.999999e-01
    outer loop
      vertex -4.192799e+01 -3.492554e+01 -1.900000e+00
      vertex -4.640045e+01 -3.485000e+01 -1.900000e+00
      vertex -4.135180e+01 -3.533436e+01 -1.900000e+00
    endloop
  endfacet
  facet normal  0.000000e+00  0.000000e+00  1.000000e+00
    outer loop
      vertex -4.135180e+01 -3.533436e+01 -1.900000e+00
      vertex -4.640045e+01 -3.485000e+01 -1.900000e+00
      vertex -4.594577e+01 -3.556369e+01 -1.900000e+00
    endloop
  endfacet
  facet normal  -0.000000e+00  0.000000e+00  1.000000e+00
    outer loop
      vertex -4.135180e+01 -3.533436e+01 -1.900000e+00
      vertex -4.594577e+01 -3.556369e+01 -1.900000e+00
      vertex -4.073347e+01 -3.567611e+01 -1.900000e+00
    endloop
  endfacet
  facet normal  0.000000e+00  0.000000e+00  1.000000e+00
    outer loop
      vertex  4.543063e+01  3.623504e+01 -1.900000e+00
      vertex  3.870538e+01  3.626039e+01 -1.900000e+00
      vertex  4.594577e+01  3.556369e+01 -1.900000e+00
    endloop
  endfacet
  facet normal  0.000000e+00  0.000000e+00  1.000000e+00
    outer loop
      vertex  4.594577e+01  3.556369e+01 -1.900000e+00
      vertex  3.870538e+01  3.626039e+01 -1.900000e+00
      vertex  3.940188e+01  3.614204e+01 -1.900000e+00
    endloop
  endfacet
  facet normal  0.000000e+00  0.000000e+00  9.999999e-01
    outer loop
      vertex  4.594577e+01  3.556369e+01 -1.900000e+00
      vertex  3.940188e+01  3.614204e+01 -1.900000e+00
      vertex  4.008076e+01  3.594646e+01 -1.900000e+00
    endloop
  endfacet
  facet normal  0.000000e+00  0.000000e+00  1.000000e+00
    outer loop
      vertex  4.135180e+01  3.533436e+01 -1.900000e+00
      vertex  4.640045e+01  3.485000e+01 -1.900000e+00
      vertex  4.073347e+01  3.567611e+01 -1.900000e+00
    endloop
  endfacet
  facet normal  0.000000e+00  0.000000e+00  1.000000e+00
    outer loop
      vertex  4.073347e+01  3.567611e+01 -1.900000e+00
      vertex  4.640045e+01  3.485000e+01 -1.900000e+00
      vertex  4.594577e+01  3.556369e+01 -1.900000e+00
    endloop
  endfacet
  facet normal  0.000000e+00  0.000000e+00  1.000000e+00
    outer loop
      vertex  4.073347e+01  3.567611e+01 -1.900000e+00
      vertex  4.594577e+01  3.556369e+01 -1.900000e+00
      vertex  4.008076e+01  3.594646e+01 -1.900000e+00
    endloop
  endfacet
  facet normal  0.000000e+00  0.000000e+00  1.000000e+00
    outer loop
      vertex  4.245477e+01  3.445477e+01 -1.900000e+00
      vertex  4.679119e+01  3.409940e+01 -1.900000e+00
      vertex  4.192799e+01  3.492554e+01 -1.900000e+00
    endloop
  endfacet
  facet normal  0.000000e+00  0.000000e+00  1.000000e+00
    outer loop
      vertex  4.192799e+01  3.492554e+01 -1.900000e+00
      vertex  4.679119e+01  3.409940e+01 -1.900000e+00
      vertex  4.640045e+01  3.485000e+01 -1.900000e+00
    endloop
  endfacet
  facet normal  0.000000e+00  0.000000e+00  9.999999e-01
    outer loop
      vertex  4.192799e+01  3.492554e+01 -1.900000e+00
      vertex  4.640045e+01  3.485000e+01 -1.900000e+00
      vertex  4.135180e+01  3.533436e+01 -1.900000e+00
    endloop
  endfacet
  facet normal  -0.000000e+00  0.000000e+00  9.999999e-01
    outer loop
      vertex  4.679119e+01  3.409940e+01 -1.900000e+00
      vertex  4.292554e+01  3.392799e+01 -1.900000e+00
      vertex  4.711502e+01  3.331760e+01 -1.900000e+00
    endloop
  endfacet
  facet normal  0.000000e+00  0.000000e+00  1.000000e+00
    outer loop
      vertex  4.711502e+01  3.331760e+01 -1.900000e+00
      vertex  4.292554e+01  3.392799e+01 -1.900000e+00
      vertex  4.333436e+01  3.335180e+01 -1.900000e+00
    endloop
  endfacet
  facet normal  0.000000e+00  0.000000e+00  1.000000e+00
    outer loop
      vertex  4.711502e+01  3.331760e+01 -1.900000e+00
      vertex  4.333436e+01  3.335180e+01 -1.900000e+00
      vertex  4.736948e+01  3.251054e+01 -1.900000e+00
    endloop
  endfacet
  facet normal  0.000000e+00  0.000000e+00  1.000000e+00
    outer loop
      vertex  4.736948e+01  3.251054e+01 -1.900000e+00
      vertex  4.333436e+01  3.335180e+01 -1.900000e+00
      vertex  4.367611e+01  3.273347e+01 -1.900000e+00
    endloop
  endfacet
  facet normal  0.000000e+00  0.000000e+00  1.000000e+00
    outer loop
      vertex  4.736948e+01  3.251054e+01 -1.900000e+00
      vertex  4.367611e+01  3.273347e+01 -1.900000e+00
      vertex  4.755264e+01  3.168439e+01 -1.900000e+00
    endloop
  endfacet
  facet normal  0.000000e+00  0.000000e+00  1.000000e+00
    outer loop
      vertex  4.755264e+01  3.168439e+01 -1.900000e+00
      vertex  4.367611e+01  3.273347e+01 -1.900000e+00
      vertex  4.394646e+01  3.208076e+01 -1.900000e+00
    endloop
  endfacet
  facet normal  0.000000e+00  0.000000e+00  1.000000e+00
    outer loop
      vertex  4.755264e+01  3.168439e+01 -1.900000e+00
      vertex  4.394646e+01  3.208076e+01 -1.900000e+00
      vertex  4.414204e+01  3.140188e+01 -1.900000e+00
    endloop
  endfacet
  facet normal  -0.000000e+00  0.000000e+00  1.000000e+00
    outer loop
      vertex  4.755264e+01  3.168439e+01 -1.900000e+00
      vertex  4.414204e+01  3.140188e+01 -1.900000e+00
      vertex  4.766309e+01  3.084541e+01 -1.900000e+00
    endloop
  endfacet
  facet normal  0.000000e+00  0.000000e+00  1.000000e+00
    outer loop
      vertex  4.766309e+01  3.084541e+01 -1.900000e+00
      vertex  4.414204e+01  3.140188e+01 -1.900000e+00
      vertex  4.426039e+01  3.070538e+01 -1.900000e+00
    endloop
  endfacet
  facet normal  -0.000000e+00  0.000000e+00  9.999999e-01
    outer loop
      vertex  4.766309e+01  3.084541e+01 -1.900000e+00
      vertex  4.426039e+01  3.070538e+01 -1.900000e+00
      vertex  4.770000e+01  3.000000e+01 -1.900000e+00
    endloop
  endfacet
  facet normal  0.000000e+00  0.000000e+00  1.000000e+00
    outer loop
      vertex  4.770000e+01  3.000000e+01 -1.900000e+00
      vertex  4.426039e+01  3.070538e+01 -1.900000e+00
      vertex  4.430000e+01  3.000000e+01 -1.900000e+00
    endloop
  endfacet
  facet normal  -0.000000e+00  0.000000e+00  1.000000e+00
    outer loop
      vertex  4.770000e+01  3.000000e+01 -1.900000e+00
      vertex  4.430000e+01  3.000000e+01 -1.900000e+00
      vertex  4.770000e+01 -3.000000e+01 -1.900000e+00
    endloop
  endfacet
  facet normal  0.000000e+00  0.000000e+00  1.000000e+00
    outer loop
      vertex  4.770000e+01 -3.000000e+01 -1.900000e+00
      vertex  4.430000e+01  3.000000e+01 -1.900000e+00
      vertex  4.430000e+01 -3.000000e+01 -1.900000e+00
    endloop
  endfacet
  facet normal  -0.000000e+00  0.000000e+00  9.999999e-01
    outer loop
      vertex  4.770000e+01 -3.000000e+01 -1.900000e+00
      vertex  4.430000e+01 -3.000000e+01 -1.900000e+00
      vertex  4.766309e+01 -3.084541e+01 -1.900000e+00
    endloop
  endfacet
  facet normal  0.000000e+00  0.000000e+00  1.000000e+00
    outer loop
      vertex  4.766309e+01 -3.084541e+01 -1.900000e+00
      vertex  4.430000e+01 -3.000000e+01 -1.900000e+00
      vertex  4.426039e+01 -3.070538e+01 -1.900000e+00
    endloop
  endfacet
  facet normal  0.000000e+00  0.000000e+00  1.000000e+00
    outer loop
      vertex  4.766309e+01 -3.084541e+01 -1.900000e+00
      vertex  4.426039e+01 -3.070538e+01 -1.900000e+00
      vertex  4.755264e+01 -3.168439e+01 -1.900000e+00
    endloop
  endfacet
  facet normal  0.000000e+00  0.000000e+00  1.000000e+00
    outer loop
      vertex  4.755264e+01 -3.168439e+01 -1.900000e+00
      vertex  4.426039e+01 -3.070538e+01 -1.900000e+00
      vertex  4.414204e+01 -3.140188e+01 -1.900000e+00
    endloop
  endfacet
  facet normal  0.000000e+00  0.000000e+00  1.000000e+00
    outer loop
      vertex  4.755264e+01 -3.168439e+01 -1.900000e+00
      vertex  4.414204e+01 -3.140188e+01 -1.900000e+00
      vertex  4.736948e+01 -3.251054e+01 -1.900000e+00
    endloop
  endfacet
  facet normal  0.000000e+00  0.000000e+00  1.000000e+00
    outer loop
      vertex  4.736948e+01 -3.251054e+01 -1.900000e+00
      vertex  4.414204e+01 -3.140188e+01 -1.900000e+00
      vertex  4.394646e+01 -3.208076e+01 -1.900000e+00
    endloop
  endfacet
  facet normal  0.000000e+00  0.000000e+00  1.000000e+00
    outer loop
      vertex  4.736948e+01 -3.251054e+01 -1.900000e+00
      vertex  4.394646e+01 -3.208076e+01 -1.900000e+00
      vertex  4.367611e+01 -3.273347e+01 -1.900000e+00
    endloop
  endfacet
  facet normal  -0.000000e+00  0.000000e+00  1.000000e+00
    outer loop
      vertex  4.736948e+01 -3.251054e+01 -1.900000e+00
      vertex  4.367611e+01 -3.273347e+01 -1.900000e+00
      vertex  4.711502e+01 -3.331760e+01 -1.900000e+00
    endloop
  endfacet
  facet normal  0.000000e+00  0.000000e+00  1.000000e+00
    outer loop
      vertex  4.711502e+01 -3.331760e+01 -1.900000e+00
      vertex  4.367611e+01 -3.273347e+01 -1.900000e+00
      vertex  4.333436e+01 -3.335180e+01 -1.900000e+00
    endloop
  endfacet
  facet normal  -0.000000e+00  0.000000e+00  1.000000e+00
    outer loop
      vertex  4.711502e+01 -3.331760e+01 -1.900000e+00
      vertex  4.333436e+01 -3.335180e+01 -1.900000e+00
      vertex  4.679119e+01 -3.409940e+01 -1.900000e+00
    endloop
  endfacet
  facet normal  0.000000e+00  0.000000e+00  1.000000e+00
    outer loop
      vertex  4.679119e+01 -3.409940e+01 -1.900000e+00
      vertex  4.333436e+01 -3.335180e+01 -1.900000e+00
      vertex  4.292554e+01 -3.392799e+01 -1.900000e+00
    endloop
  endfacet
  facet normal  0.000000e+00  0.000000e+00  1.000000e+00
    outer loop
      vertex  4.679119e+01 -3.409940e+01 -1.900000e+00
      vertex  4.292554e+01 -3.392799e+01 -1.900000e+00
      vertex  4.640045e+01 -3.485000e+01 -1.900000e+00
    endloop
  endfacet
  facet normal  0.000000e+00  0.000000e+00  1.000000e+00
    outer loop
      vertex  4.640045e+01 -3.485000e+01 -1.900000e+00
      vertex  4.292554e+01 -3.392799e+01 -1.900000e+00
      vertex  4.245477e+01 -3.445477e+01 -1.900000e+00
    endloop
  endfacet
  facet normal  0.000000e+00  0.000000e+00  1.000000e+00
    outer loop
      vertex  4.640045e+01 -3.485000e+01 -1.900000e+00
      vertex  4.245477e+01 -3.445477e+01 -1.900000e+00
      vertex  4.192799e+01 -3.492554e+01 -1.900000e+00
    endloop
  endfacet
  facet normal  -0.000000e+00  0.000000e+00  9.999999e-01
    outer loop
      vertex  4.640045e+01 -3.485000e+01 -1.900000e+00
      vertex  4.192799e+01 -3.492554e+01 -1.900000e+00
      vertex  4.594577e+01 -3.556369e+01 -1.900000e+00
    endloop
  endfacet
  facet normal  0.000000e+00  0.000000e+00  1.000000e+00
    outer loop
      vertex  4.594577e+01 -3.556369e+01 -1.900000e+00
      vertex  4.192799e+01 -3.492554e+01 -1.900000e+00
      vertex  4.135180e+01 -3.533436e+01 -1.900000e+00
    endloop
  endfacet
  facet normal  0.000000e+00  0.000000e+00  1.000000e+00
    outer loop
      vertex  4.594577e+01 -3.556369e+01 -1.900000e+00
      vertex  4.135180e+01 -3.533436e+01 -1.900000e+00
      vertex  4.073347e+01 -3.567611e+01 -1.900000e+00
    endloop
  endfacet
  facet normal  -0.000000e+00  0.000000e+00  1.000000e+00
    outer loop
      vertex  4.594577e+01 -3.556369e+01 -1.900000e+00
      vertex  4.073347e+01 -3.567611e+01 -1.900000e+00
      vertex  4.543063e+01 -3.623504e+01 -1.900000e+00
    endloop
  endfacet
  facet normal  0.000000e+00  0.000000e+00  1.000000e+00
    outer loop
      vertex  4.543063e+01 -3.623504e+01 -1.900000e+00
      vertex  4.073347e+01 -3.567611e+01 -1.900000e+00
      vertex  4.008076e+01 -3.594646e+01 -1.900000e+00
    endloop
  endfacet
  facet normal  0.000000e+00  0.000000e+00  9.999999e-01
    outer loop
      vertex  4.543063e+01 -3.623504e+01 -1.900000e+00
      vertex  4.008076e+01 -3.594646e+01 -1.900000e+00
      vertex  3.940188e+01 -3.614204e+01 -1.900000e+00
    endloop
  endfacet
  facet normal -4.361768e-02 -9.990482e-01  -0.000000e+00
    outer loop
      vertex -5.400000e+01 -5.400000e+01 -4.000000e+00
      vertex -5.400000e+01 -5.400000e+01  0.000000e+00
      vertex -5.487156e+01 -5.396195e+01 -4.000000e+00
    endloop
  endfacet
  facet normal -4.361768e-02 -9.990482e-01  0.000000e+00
    outer loop
      vertex -5.487156e+01 -5.396195e+01 -4.000000e+00
      vertex -5.400000e+01 -5.400000e+01  0.000000e+00
      vertex -5.487156e+01 -5.396195e+01  0.000000e+00
    endloop
  endfacet
  facet normal -1.305301e-01 -9.914444e-01  -0.000000e+00
    outer loop
      vertex -5.487156e+01 -5.396195e+01 -4.000000e+00
      vertex -5.487156e+01 -5.396195e+01  0.000000e+00
      vertex -5.573648e+01 -5.384808e+01 -4.000000e+00
    endloop
  endfacet
  facet normal -1.305301e-01 -9.914444e-01  0.000000e+00
    outer loop
      vertex -5.573648e+01 -5.384808e+01 -4.000000e+00
      vertex -5.487156e+01 -5.396195e+01  0.000000e+00
      vertex -5.573648e+01 -5.384808e+01  0.000000e+00
    endloop
  endfacet
  facet normal -2.164355e-01 -9.762970e-01  -0.000000e+00
    outer loop
      vertex -5.573648e+01 -5.384808e+01 -4.000000e+00
      vertex -5.573648e+01 -5.384808e+01  0.000000e+00
      vertex -5.658819e+01 -5.365926e+01 -4.000000e+00
    endloop
  endfacet
  facet normal -2.164355e-01 -9.762970e-01  0.000000e+00
    outer loop
      vertex -5.658819e+01 -5.365926e+01 -4.000000e+00
      vertex -5.573648e+01 -5.384808e+01  0.000000e+00
      vertex -5.658819e+01 -5.365926e+01  0.000000e+00
    endloop
  endfacet
  facet normal -3.007075e-01 -9.537164e-01  -0.000000e+00
    outer loop
      vertex -5.658819e+01 -5.365926e+01 -4.000000e+00
      vertex -5.658819e+01 -5.365926e+01  0.000000e+00
      vertex -5.742020e+01 -5.339693e+01 -4.000000e+00
    endloop
  endfacet
  facet normal -3.007075e-01 -9.537164e-01  0.000000e+00
    outer loop
      vertex -5.742020e+01 -5.339693e+01 -4.000000e+00
      vertex -5.658819e+01 -5.365926e+01  0.000000e+00
      vertex -5.742020e+01 -5.339693e+01  0.000000e+00
    endloop
  endfacet
  facet normal -3.826861e-01 -9.238784e-01  -0.000000e+00
    outer loop
      vertex -5.742020e+01 -5.339693e+01 -4.000000e+00
      vertex -5.742020e+01 -5.339693e+01  0.000000e+00
      vertex -5.822618e+01 -5.306308e+01 -4.000000e+00
    endloop
  endfacet
  facet normal -3.826861e-01 -9.238784e-01  0.000000e+00
    outer loop
      vertex -5.822618e+01 -5.306308e+01 -4.000000e+00
      vertex -5.742020e+01 -5.339693e+01  0.000000e+00
      vertex -5.822618e+01 -5.306308e+01  0.000000e+00
    endloop
  endfacet
  facet normal -4.617450e-01 -8.870128e-01  -0.000000e+00
    outer loop
      vertex -5.822618e+01 -5.306308e+01 -4.000000e+00
      vertex -5.822618e+01 -5.306308e+01  0.000000e+00
      vertex -5.900000e+01 -5.266026e+01 -4.000000e+00
    endloop
  endfacet
  facet normal -4.617450e-01 -8.870128e-01  0.000000e+00
    outer loop
      vertex -5.900000e+01 -5.266026e+01 -4.000000e+00
      vertex -5.822618e+01 -5.306308e+01  0.000000e+00
      vertex -5.900000e+01 -5.266026e+01  0.000000e+00
    endloop
  endfacet
  facet normal -5.373010e-01 -8.433906e-01  -0.000000e+00
    outer loop
      vertex -5.900000e+01 -5.266026e+01 -4.000000e+00
      vertex -5.900000e+01 -5.266026e+01  0.000000e+00
      vertex -5.973576e+01 -5.219152e+01 -4.000000e+00
    endloop
  endfacet
  facet normal -5.373010e-01 -8.433906e-01  0.000000e+00
    outer loop
      vertex -5.973576e+01 -5.219152e+01 -4.000000e+00
      vertex -5.900000e+01 -5.266026e+01  0.000000e+00
      vertex -5.973576e+01 -5.219152e+01  0.000000e+00
    endloop
  endfacet
  facet normal -6.087602e-01 -7.933542e-01  -0.000000e+00
    outer loop
      vertex -5.973576e+01 -5.219152e+01 -4.000000e+00
      vertex -5.973576e+01 -5.219152e+01  0.000000e+00
      vertex -6.042788e+01 -5.166045e+01 -4.000000e+00
    endloop
  endfacet
  facet normal -6.087602e-01 -7.933542e-01  0.000000e+00
    outer loop
      vertex -6.042788e+01 -5.166045e+01 -4.000000e+00
      vertex -5.973576e+01 -5.219152e+01  0.000000e+00
      vertex -6.042788e+01 -5.166045e+01  0.000000e+00
    endloop
  endfacet
  facet normal -6.755910e-01 -7.372767e-01  -0.000000e+00
    outer loop
      vertex -6.042788e+01 -5.166045e+01 -4.000000e+00
      vertex -6.042788e+01 -5.166045e+01  0.000000e+00
      vertex -6.107107e+01 -5.107107e+01 -4.000000e+00
    endloop
  endfacet
  facet normal -6.755910e-01 -7.372767e-01  0.000000e+00
    outer loop
      vertex -6.107107e+01 -5.107107e+01 -4.000000e+00
      vertex -6.042788e+01 -5.166045e+01  0.000000e+00
      vertex -6.107107e+01 -5.107107e+01  0.000000e+00
    endloop
  endfacet
  facet normal -7.372767e-01 -6.755910e-01  -0.000000e+00
    outer loop
      vertex -6.107107e+01 -5.107107e+01 -4.000000e+00
      vertex -6.107107e+01 -5.107107e+01  0.000000e+00
      vertex -6.166045e+01 -5.042788e+01 -4.000000e+00
    endloop
  endfacet
  facet normal -7.372767e-01 -6.755910e-01  0.000000e+00
    outer loop
      vertex -6.166045e+01 -5.042788e+01 -4.000000e+00
      vertex -6.107107e+01 -5.107107e+01  0.000000e+00
      vertex -6.166045e+01 -5.042788e+01  0.000000e+00
    endloop
  endfacet
  facet normal -7.933542e-01 -6.087602e-01  -0.000000e+00
    outer loop
      vertex -6.166045e+01 -5.042788e+01 -4.000000e+00
      vertex -6.166045e+01 -5.042788e+01  0.000000e+00
      vertex -6.219152e+01 -4.973576e+01 -4.000000e+00
    endloop
  endfacet
  facet normal -7.933542e-01 -6.087602e-01  0.000000e+00
    outer loop
      vertex -6.219152e+01 -4.973576e+01 -4.000000e+00
      vertex -6.166045e+01 -5.042788e+01  0.000000e+00
      vertex -6.219152e+01 -4.973576e+01  0.000000e+00
    endloop
  endfacet
  facet normal -8.433906e-01 -5.373010e-01  -0.000000e+00
    outer loop
      vertex -6.219152e+01 -4.973576e+01 -4.000000e+00
      vertex -6.219152e+01 -4.973576e+01  0.000000e+00
      vertex -6.266026e+01 -4.900000e+01 -4.000000e+00
    endloop
  endfacet
  facet normal -8.433906e-01 -5.373010e-01  0.000000e+00
    outer loop
      vertex -6.266026e+01 -4.900000e+01 -4.000000e+00
      vertex -6.219152e+01 -4.973576e+01  0.000000e+00
      vertex -6.266026e+01 -4.900000e+01  0.000000e+00
    endloop
  endfacet
  facet normal -8.870128e-01 -4.617450e-01  -0.000000e+00
    outer loop
      vertex -6.266026e+01 -4.900000e+01 -4.000000e+00
      vertex -6.266026e+01 -4.900000e+01  0.000000e+00
      vertex -6.306308e+01 -4.822618e+01 -4.000000e+00
    endloop
  endfacet
  facet normal -8.870128e-01 -4.617450e-01  0.000000e+00
    outer loop
      vertex -6.306308e+01 -4.822618e+01 -4.000000e+00
      vertex -6.266026e+01 -4.900000e+01  0.000000e+00
      vertex -6.306308e+01 -4.822618e+01  0.000000e+00
    endloop
  endfacet
  facet normal -9.238784e-01 -3.826861e-01  -0.000000e+00
    outer loop
      vertex -6.306308e+01 -4.822618e+01 -4.000000e+00
      vertex -6.306308e+01 -4.822618e+01  0.000000e+00
      vertex -6.339693e+01 -4.742020e+01 -4.000000e+00
    endloop
  endfacet
  facet normal -9.238784e-01 -3.826861e-01  0.000000e+00
    outer loop
      vertex -6.339693e+01 -4.742020e+01 -4.000000e+00
      vertex -6.306308e+01 -4.822618e+01  0.000000e+00
      vertex -6.339693e+01 -4.742020e+01  0.000000e+00
    endloop
  endfacet
  facet normal -9.537164e-01 -3.007075e-01  -0.000000e+00
    outer loop
      vertex -6.339693e+01 -4.742020e+01 -4.000000e+00
      vertex -6.339693e+01 -4.742020e+01  0.000000e+00
      vertex -6.365926e+01 -4.658819e+01 -4.000000e+00
    endloop
  endfacet
  facet normal -9.537164e-01 -3.007075e-01  0.000000e+00
    outer loop
      vertex -6.365926e+01 -4.658819e+01 -4.000000e+00
      vertex -6.339693e+01 -4.742020e+01  0.000000e+00
      vertex -6.365926e+01 -4.658819e+01  0.000000e+00
    endloop
  endfacet
  facet normal -9.762970e-01 -2.164355e-01  -0.000000e+00
    outer loop
      vertex -6.365926e+01 -4.658819e+01 -4.000000e+00
      vertex -6.365926e+01 -4.658819e+01  0.000000e+00
      vertex -6.384808e+01 -4.573648e+01 -4.000000e+00
    endloop
  endfacet
  facet normal -9.762970e-01 -2.164355e-01  0.000000e+00
    outer loop
      vertex -6.384808e+01 -4.573648e+01 -4.000000e+00
      vertex -6.365926e+01 -4.658819e+01  0.000000e+00
      vertex -6.384808e+01 -4.573648e+01  0.000000e+00
    endloop
  endfacet
  facet normal -9.914444e-01 -1.305301e-01  -0.000000e+00
    outer loop
      vertex -6.384808e+01 -4.573648e+01 -4.000000e+00
      vertex -6.384808e+01 -4.573648e+01  0.000000e+00
      vertex -6.396195e+01 -4.487156e+01 -4.000000e+00
    endloop
  endfacet
  facet normal -9.914444e-01 -1.305301e-01  0.000000e+00
    outer loop
      vertex -6.396195e+01 -4.487156e+01 -4.000000e+00
      vertex -6.384808e+01 -4.573648e+01  0.000000e+00
      vertex -6.396195e+01 -4.487156e+01  0.000000e+00
    endloop
  endfacet
  facet normal -9.990482e-01 -4.361768e-02  -0.000000e+00
    outer loop
      vertex -6.396195e+01 -4.487156e+01 -4.000000e+00
      vertex -6.396195e+01 -4.487156e+01  0.000000e+00
      vertex -6.400000e+01 -4.400000e+01 -4.000000e+00
    endloop
  endfacet
  facet normal -9.990482e-01 -4.361768e-02  0.000000e+00
    outer loop
      vertex -6.400000e+01 -4.400000e+01 -4.000000e+00
      vertex -6.396195e+01 -4.487156e+01  0.000000e+00
      vertex -6.400000e+01 -4.400000e+01  0.000000e+00
    endloop
  endfacet
  facet normal -1.000000e+00  0.000000e+00  0.000000e+00
    outer loop
      vertex -6.400000e+01  4.400000e+01 -4.000000e+00
      vertex -6.400000e+01 -4.400000e+01 -4.000000e+00
      vertex -6.400000e+01  4.400000e+01  0.000000e+00
    endloop
  endfacet
  facet normal -1.000000e+00  -0.000000e+00  0.000000e+00
    outer loop
      vertex -6.400000e+01  4.400000e+01  0.000000e+00
      vertex -6.400000e+01 -4.400000e+01 -4.000000e+00
      vertex -6.400000e+01 -4.400000e+01  0.000000e+00
    endloop
  endfacet
  facet normal -9.990482e-01  4.361768e-02  0.000000e+00
    outer loop
      vertex -6.400000e+01  4.400000e+01 -4.000000e+00
      vertex -6.400000e+01  4.400000e+01  0.000000e+00
      vertex -6.396195e+01  4.487156e+01 -4.000000e+00
    endloop
  endfacet
  facet normal -9.990482e-01  4.361768e-02  0.000000e+00
    outer loop
      vertex -6.396195e+01  4.487156e+01 -4.000000e+00
      vertex -6.400000e+01  4.400000e+01  0.000000e+00
      vertex -6.396195e+01  4.487156e+01  0.000000e+00
    endloop
  endfacet
  facet normal -9.914444e-01  1.305301e-01  0.000000e+00
    outer loop
      vertex -6.396195e+01  4.487156e+01 -4.000000e+00
      vertex -6.396195e+01  4.487156e+01  0.000000e+00
      vertex -6.384808e+01  4.573648e+01 -4.000000e+00
    endloop
  endfacet
  facet normal -9.914444e-01  1.305301e-01  0.000000e+00
    outer loop
      vertex -6.384808e+01  4.573648e+01 -4.000000e+00
      vertex -6.396195e+01  4.487156e+01  0.000000e+00
      vertex -6.384808e+01  4.573648e+01  0.000000e+00
    endloop
  endfacet
  facet normal -9.762970e-01  2.164355e-01  0.000000e+00
    outer loop
      vertex -6.384808e+01  4.573648e+01 -4.000000e+00
      vertex -6.384808e+01  4.573648e+01  0.000000e+00
      vertex -6.365926e+01  4.658819e+01 -4.000000e+00
    endloop
  endfacet
  facet normal -9.762970e-01  2.164355e-01  0.000000e+00
    outer loop
      vertex -6.365926e+01  4.658819e+01 -4.000000e+00
      vertex -6.384808e+01  4.573648e+01  0.000000e+00
      vertex -6.365926e+01  4.658819e+01  0.000000e+00
    endloop
  endfacet
  facet normal -9.537164e-01  3.007075e-01  0.000000e+00
    outer loop
      vertex -6.365926e+01  4.658819e+01 -4.000000e+00
      vertex -6.365926e+01  4.658819e+01  0.000000e+00
      vertex -6.339693e+01  4.742020e+01 -4.000000e+00
    endloop
  endfacet
  facet normal -9.537164e-01  3.007075e-01  0.000000e+00
    outer loop
      vertex -6.339693e+01  4.742020e+01 -4.000000e+00
      vertex -6.365926e+01  4.658819e+01  0.000000e+00
      vertex -6.339693e+01  4.742020e+01  0.000000e+00
    endloop
  endfacet
  facet normal -9.238784e-01  3.826861e-01  0.000000e+00
    outer loop
      vertex -6.339693e+01  4.742020e+01 -4.000000e+00
      vertex -6.339693e+01  4.742020e+01  0.000000e+00
      vertex -6.306308e+01  4.822618e+01 -4.000000e+00
    endloop
  endfacet
  facet normal -9.238784e-01  3.826861e-01  0.000000e+00
    outer loop
      vertex -6.306308e+01  4.822618e+01 -4.000000e+00
      vertex -6.339693e+01  4.742020e+01  0.000000e+00
      vertex -6.306308e+01  4.822618e+01  0.000000e+00
    endloop
  endfacet
  facet normal -8.870128e-01  4.617450e-01  0.000000e+00
    outer loop
      vertex -6.306308e+01  4.822618e+01 -4.000000e+00
      vertex -6.306308e+01  4.822618e+01  0.000000e+00
      vertex -6.266026e+01  4.900000e+01 -4.000000e+00
    endloop
  endfacet
  facet normal -8.870128e-01  4.617450e-01  0.000000e+00
    outer loop
      vertex -6.266026e+01  4.900000e+01 -4.000000e+00
      vertex -6.306308e+01  4.822618e+01  0.000000e+00
      vertex -6.266026e+01  4.900000e+01  0.000000e+00
    endloop
  endfacet
  facet normal -8.433906e-01  5.373010e-01  0.000000e+00
    outer loop
      vertex -6.266026e+01  4.900000e+01 -4.000000e+00
      vertex -6.266026e+01  4.900000e+01  0.000000e+00
      vertex -6.219152e+01  4.973576e+01 -4.000000e+00
    endloop
  endfacet
  facet normal -8.433906e-01  5.373010e-01  0.000000e+00
    outer loop
      vertex -6.219152e+01  4.973576e+01 -4.000000e+00
      vertex -6.266026e+01  4.900000e+01  0.000000e+00
      vertex -6.219152e+01  4.973576e+01  0.000000e+00
    endloop
  endfacet
  facet normal -7.933542e-01  6.087602e-01  0.000000e+00
    outer loop
      vertex -6.219152e+01  4.973576e+01 -4.000000e+00
      vertex -6.219152e+01  4.973576e+01  0.000000e+00
      vertex -6.166045e+01  5.042788e+01 -4.000000e+00
    endloop
  endfacet
  facet normal -7.933542e-01  6.087602e-01  0.000000e+00
    outer loop
      vertex -6.166045e+01  5.042788e+01 -4.000000e+00
      vertex -6.219152e+01  4.973576e+01  0.000000e+00
      vertex -6.166045e+01  5.042788e+01  0.000000e+00
    endloop
  endfacet
  facet normal -7.372767e-01  6.755910e-01  0.000000e+00
    outer loop
      vertex -6.166045e+01  5.042788e+01 -4.000000e+00
      vertex -6.166045e+01  5.042788e+01  0.000000e+00
      vertex -6.107107e+01  5.107107e+01 -4.000000e+00
    endloop
  endfacet
  facet normal -7.372767e-01  6.755910e-01  0.000000e+00
    outer loop
      vertex -6.107107e+01  5.107107e+01 -4.000000e+00
      vertex -6.166045e+01  5.042788e+01  0.000000e+00
      vertex -6.107107e+01  5.107107e+01  0.000000e+00
    endloop
  endfacet
  facet normal -6.755910e-01  7.372767e-01  0.000000e+00
    outer loop
      vertex -6.107107e+01  5.107107e+01 -4.000000e+00
      vertex -6.107107e+01  5.107107e+01  0.000000e+00
      vertex -6.042788e+01  5.166045e+01 -4.000000e+00
    endloop
  endfacet
  facet normal -6.755910e-01  7.372767e-01  0.000000e+00
    outer loop
      vertex -6.042788e+01  5.166045e+01 -4.000000e+00
      vertex -6.107107e+01  5.107107e+01  0.000000e+00
      vertex -6.042788e+01  5.166045e+01  0.000000e+00
    endloop
  endfacet
  facet normal -6.087602e-01  7.933542e-01  0.000000e+00
    outer loop
      vertex -6.042788e+01  5.166045e+01 -4.000000e+00
      vertex -6.042788e+01  5.166045e+01  0.000000e+00
      vertex -5.973576e+01  5.219152e+01 -4.000000e+00
    endloop
  endfacet
  facet normal -6.087602e-01  7.933542e-01  0.000000e+00
    outer loop
      vertex -5.973576e+01  5.219152e+01 -4.000000e+00
      vertex -6.042788e+01  5.166045e+01  0.000000e+00
      vertex -5.973576e+01  5.219152e+01  0.000000e+00
    endloop
  endfacet
  facet normal -5.373010e-01  8.433906e-01  0.000000e+00
    outer loop
      vertex -5.973576e+01  5.219152e+01 -4.000000e+00
      vertex -5.973576e+01  5.219152e+01  0.000000e+00
      vertex -5.900000e+01  5.266026e+01 -4.000000e+00
    endloop
  endfacet
  facet normal -5.373010e-01  8.433906e-01  0.000000e+00
    outer loop
      vertex -5.900000e+01  5.266026e+01 -4.000000e+00
      vertex -5.973576e+01  5.219152e+01  0.000000e+00
      vertex -5.900000e+01  5.266026e+01  0.000000e+00
    endloop
  endfacet
  facet normal -4.617450e-01  8.870128e-01  0.000000e+00
    outer loop
      vertex -5.900000e+01  5.266026e+01 -4.000000e+00
      vertex -5.900000e+01  5.266026e+01  0.000000e+00
      vertex -5.822618e+01  5.306308e+01 -4.000000e+00
    endloop
  endfacet
  facet normal -4.617450e-01  8.870128e-01  0.000000e+00
    outer loop
      vertex -5.822618e+01  5.306308e+01 -4.000000e+00
      vertex -5.900000e+01  5.266026e+01  0.000000e+00
      vertex -5.822618e+01  5.306308e+01  0.000000e+00
    endloop
  endfacet
  facet normal -3.826861e-01  9.238784e-01  0.000000e+00
    outer loop
      vertex -5.822618e+01  5.306308e+01 -4.000000e+00
      vertex -5.822618e+01  5.306308e+01  0.000000e+00
      vertex -5.742020e+01  5.339693e+01 -4.000000e+00
    endloop
  endfacet
  facet normal -3.826861e-01  9.238784e-01  0.000000e+00
    outer loop
      vertex -5.742020e+01  5.339693e+01 -4.000000e+00
      vertex -5.822618e+01  5.306308e+01  0.000000e+00
      vertex -5.742020e+01  5.339693e+01  0.000000e+00
    endloop
  endfacet
  facet normal -3.007075e-01  9.537164e-01  0.000000e+00
    outer loop
      vertex -5.742020e+01  5.339693e+01 -4.000000e+00
      vertex -5.742020e+01  5.339693e+01  0.000000e+00
      vertex -5.658819e+01  5.365926e+01 -4.000000e+00
    endloop
  endfacet
  facet normal -3.007075e-01  9.537164e-01  0.000000e+00
    outer loop
      vertex -5.658819e+01  5.365926e+01 -4.000000e+00
      vertex -5.742020e+01  5.339693e+01  0.000000e+00
      vertex -5.658819e+01  5.365926e+01  0.000000e+00
    endloop
  endfacet
  facet normal -2.164355e-01  9.762970e-01  0.000000e+00
    outer loop
      vertex -5.658819e+01  5.365926e+01 -4.000000e+00
      vertex -5.658819e+01  5.365926e+01  0.000000e+00
      vertex -5.573648e+01  5.384808e+01 -4.000000e+00
    endloop
  endfacet
  facet normal -2.164355e-01  9.762970e-01  0.000000e+00
    outer loop
      vertex -5.573648e+01  5.384808e+01 -4.000000e+00
      vertex -5.658819e+01  5.365926e+01  0.000000e+00
      vertex -5.573648e+01  5.384808e+01  0.000000e+00
    endloop
  endfacet
  facet normal -1.305301e-01  9.914444e-01  0.000000e+00
    outer loop
      vertex -5.573648e+01  5.384808e+01 -4.000000e+00
      vertex -5.573648e+01  5.384808e+01  0.000000e+00
      vertex -5.487156e+01  5.396195e+01 -4.000000e+00
    endloop
  endfacet
  facet normal -1.305301e-01  9.914444e-01  0.000000e+00
    outer loop
      vertex -5.487156e+01  5.396195e+01 -4.000000e+00
      vertex -5.573648e+01  5.384808e+01  0.000000e+00
      vertex -5.487156e+01  5.396195e+01  0.000000e+00
    endloop
  endfacet
  facet normal -4.361768e-02  9.990482e-01  0.000000e+00
    outer loop
      vertex -5.487156e+01  5.396195e+01 -4.000000e+00
      vertex -5.487156e+01  5.396195e+01  0.000000e+00
      vertex -5.400000e+01  5.400000e+01 -4.000000e+00
    endloop
  endfacet
  facet normal -4.361768e-02  9.990482e-01  0.000000e+00
    outer loop
      vertex -5.400000e+01  5.400000e+01 -4.000000e+00
      vertex -5.487156e+01  5.396195e+01  0.000000e+00
      vertex -5.400000e+01  5.400000e+01  0.000000e+00
    endloop
  endfacet
  facet normal  0.000000e+00  1.000000e+00  0.000000e+00
    outer loop
      vertex  5.400000e+01  5.400000e+01 -4.000000e+00
      vertex -5.400000e+01  5.400000e+01 -4.000000e+00
      vertex  5.400000e+01  5.400000e+01  0.000000e+00
    endloop
  endfacet
  facet normal  0.000000e+00  1.000000e+00  0.000000e+00
    outer loop
      vertex  5.400000e+01  5.400000e+01  0.000000e+00
      vertex -5.400000e+01  5.400000e+01 -4.000000e+00
      vertex -5.400000e+01  5.400000e+01  0.000000e+00
    endloop
  endfacet
  facet normal  4.361768e-02  9.990482e-01  0.000000e+00
    outer loop
      vertex  5.400000e+01  5.400000e+01 -4.000000e+00
      vertex  5.400000e+01  5.400000e+01  0.000000e+00
      vertex  5.487156e+01  5.396195e+01 -4.000000e+00
    endloop
  endfacet
  facet normal  4.361768e-02  9.990482e-01  -0.000000e+00
    outer loop
      vertex  5.487156e+01  5.396195e+01 -4.000000e+00
      vertex  5.400000e+01  5.400000e+01  0.000000e+00
      vertex  5.487156e+01  5.396195e+01  0.000000e+00
    endloop
  endfacet
  facet normal  1.305301e-01  9.914444e-01  0.000000e+00
    outer loop
      vertex  5.487156e+01  5.396195e+01 -4.000000e+00
      vertex  5.487156e+01  5.396195e+01  0.000000e+00
      vertex  5.573648e+01  5.384808e+01 -4.000000e+00
    endloop
  endfacet
  facet normal  1.305301e-01  9.914444e-01  -0.000000e+00
    outer loop
      vertex  5.573648e+01  5.384808e+01 -4.000000e+00
      vertex  5.487156e+01  5.396195e+01  0.000000e+00
      vertex  5.573648e+01  5.384808e+01  0.000000e+00
    endloop
  endfacet
  facet normal  2.164355e-01  9.762970e-01  0.000000e+00
    outer loop
      vertex  5.573648e+01  5.384808e+01 -4.000000e+00
      vertex  5.573648e+01  5.384808e+01  0.000000e+00
      vertex  5.658819e+01  5.365926e+01 -4.000000e+00
    endloop
  endfacet
  facet normal  2.164355e-01  9.762970e-01  -0.000000e+00
    outer loop
      vertex  5.658819e+01  5.365926e+01 -4.000000e+00
      vertex  5.573648e+01  5.384808e+01  0.000000e+00
      vertex  5.658819e+01  5.365926e+01  0.000000e+00
    endloop
  endfacet
  facet normal  3.007075e-01  9.537164e-01  0.000000e+00
    outer loop
      vertex  5.658819e+01  5.365926e+01 -4.000000e+00
      vertex  5.658819e+01  5.365926e+01  0.000000e+00
      vertex  5.742020e+01  5.339693e+01 -4.000000e+00
    endloop
  endfacet
  facet normal  3.007075e-01  9.537164e-01  -0.000000e+00
    outer loop
      vertex  5.742020e+01  5.339693e+01 -4.000000e+00
      vertex  5.658819e+01  5.365926e+01  0.000000e+00
      vertex  5.742020e+01  5.339693e+01  0.000000e+00
    endloop
  endfacet
  facet normal  3.826861e-01  9.238784e-01  0.000000e+00
    outer loop
      vertex  5.742020e+01  5.339693e+01 -4.000000e+00
      vertex  5.742020e+01  5.339693e+01  0.000000e+00
      vertex  5.822618e+01  5.306308e+01 -4.000000e+00
    endloop
  endfacet
  facet normal  3.826861e-01  9.238784e-01  -0.000000e+00
    outer loop
      vertex  5.822618e+01  5.306308e+01 -4.000000e+00
      vertex  5.742020e+01  5.339693e+01  0.000000e+00
      vertex  5.822618e+01  5.306308e+01  0.000000e+00
    endloop
  endfacet
  facet normal  4.617450e-01  8.870128e-01  0.000000e+00
    outer loop
      vertex  5.822618e+01  5.306308e+01 -4.000000e+00
      vertex  5.822618e+01  5.306308e+01  0.000000e+00
      vertex  5.900000e+01  5.266026e+01 -4.000000e+00
    endloop
  endfacet
  facet normal  4.617450e-01  8.870128e-01  -0.000000e+00
    outer loop
      vertex  5.900000e+01  5.266026e+01 -4.000000e+00
      vertex  5.822618e+01  5.306308e+01  0.000000e+00
      vertex  5.900000e+01  5.266026e+01  0.000000e+00
    endloop
  endfacet
  facet normal  5.373010e-01  8.433906e-01  0.000000e+00
    outer loop
      vertex  5.900000e+01  5.266026e+01 -4.000000e+00
      vertex  5.900000e+01  5.266026e+01  0.000000e+00
      vertex  5.973576e+01  5.219152e+01 -4.000000e+00
    endloop
  endfacet
  facet normal  5.373010e-01  8.433906e-01  -0.000000e+00
    outer loop
      vertex  5.973576e+01  5.219152e+01 -4.000000e+00
      vertex  5.900000e+01  5.266026e+01  0.000000e+00
      vertex  5.973576e+01  5.219152e+01  0.000000e+00
    endloop
  endfacet
  facet normal  6.087602e-01  7.933542e-01  0.000000e+00
    outer loop
      vertex  5.973576e+01  5.219152e+01 -4.000000e+00
      vertex  5.973576e+01  5.219152e+01  0.000000e+00
      vertex  6.042788e+01  5.166045e+01 -4.000000e+00
    endloop
  endfacet
  facet normal  6.087602e-01  7.933542e-01  -0.000000e+00
    outer loop
      vertex  6.042788e+01  5.166045e+01 -4.000000e+00
      vertex  5.973576e+01  5.219152e+01  0.000000e+00
      vertex  6.042788e+01  5.166045e+01  0.000000e+00
    endloop
  endfacet
  facet normal  6.755910e-01  7.372767e-01  0.000000e+00
    outer loop
      vertex  6.042788e+01  5.166045e+01 -4.000000e+00
      vertex  6.042788e+01  5.166045e+01  0.000000e+00
      vertex  6.107107e+01  5.107107e+01 -4.000000e+00
    endloop
  endfacet
  facet normal  6.755910e-01  7.372767e-01  -0.000000e+00
    outer loop
      vertex  6.107107e+01  5.107107e+01 -4.000000e+00
      vertex  6.042788e+01  5.166045e+01  0.000000e+00
      vertex  6.107107e+01  5.107107e+01  0.000000e+00
    endloop
  endfacet
  facet normal  7.372767e-01  6.755910e-01  0.000000e+00
    outer loop
      vertex  6.107107e+01  5.107107e+01 -4.000000e+00
      vertex  6.107107e+01  5.107107e+01  0.000000e+00
      vertex  6.166045e+01  5.042788e+01 -4.000000e+00
    endloop
  endfacet
  facet normal  7.372767e-01  6.755910e-01  -0.000000e+00
    outer loop
      vertex  6.166045e+01  5.042788e+01 -4.000000e+00
      vertex  6.107107e+01  5.107107e+01  0.000000e+00
      vertex  6.166045e+01  5.042788e+01  0.000000e+00
    endloop
  endfacet
  facet normal  7.933542e-01  6.087602e-01  0.000000e+00
    outer loop
      vertex  6.166045e+01  5.042788e+01 -4.000000e+00
      vertex  6.166045e+01  5.042788e+01  0.000000e+00
      vertex  6.219152e+01  4.973576e+01 -4.000000e+00
    endloop
  endfacet
  facet normal  7.933542e-01  6.087602e-01  -0.000000e+00
    outer loop
      vertex  6.219152e+01  4.973576e+01 -4.000000e+00
      vertex  6.166045e+01  5.042788e+01  0.000000e+00
      vertex  6.219152e+01  4.973576e+01  0.000000e+00
    endloop
  endfacet
  facet normal  8.433906e-01  5.373010e-01  0.000000e+00
    outer loop
      vertex  6.219152e+01  4.973576e+01 -4.000000e+00
      vertex  6.219152e+01  4.973576e+01  0.000000e+00
      vertex  6.266026e+01  4.900000e+01 -4.000000e+00
    endloop
  endfacet
  facet normal  8.433906e-01  5.373010e-01  -0.000000e+00
    outer loop
      vertex  6.266026e+01  4.900000e+01 -4.000000e+00
      vertex  6.219152e+01  4.973576e+01  0.000000e+00
      vertex  6.266026e+01  4.900000e+01  0.000000e+00
    endloop
  endfacet
  facet normal  8.870128e-01  4.617450e-01  0.000000e+00
    outer loop
      vertex  6.266026e+01  4.900000e+01 -4.000000e+00
      vertex  6.266026e+01  4.900000e+01  0.000000e+00
      vertex  6.306308e+01  4.822618e+01 -4.000000e+00
    endloop
  endfacet
  facet normal  8.870128e-01  4.617450e-01  -0.000000e+00
    outer loop
      vertex  6.306308e+01  4.822618e+01 -4.000000e+00
      vertex  6.266026e+01  4.900000e+01  0.000000e+00
      vertex  6.306308e+01  4.822618e+01  0.000000e+00
    endloop
  endfacet
  facet normal  9.238784e-01  3.826861e-01  0.000000e+00
    outer loop
      vertex  6.306308e+01  4.822618e+01 -4.000000e+00
      vertex  6.306308e+01  4.822618e+01  0.000000e+00
      vertex  6.339693e+01  4.742020e+01 -4.000000e+00
    endloop
  endfacet
  facet normal  9.238784e-01  3.826861e-01  -0.000000e+00
    outer loop
      vertex  6.339693e+01  4.742020e+01 -4.000000e+00
      vertex  6.306308e+01  4.822618e+01  0.000000e+00
      vertex  6.339693e+01  4.742020e+01  0.000000e+00
    endloop
  endfacet
  facet normal  9.537164e-01  3.007075e-01  0.000000e+00
    outer loop
      vertex  6.339693e+01  4.742020e+01 -4.000000e+00
      vertex  6.339693e+01  4.742020e+01  0.000000e+00
      vertex  6.365926e+01  4.658819e+01 -4.000000e+00
    endloop
  endfacet
  facet normal  9.537164e-01  3.007075e-01  -0.000000e+00
    outer loop
      vertex  6.365926e+01  4.658819e+01 -4.000000e+00
      vertex  6.339693e+01  4.742020e+01  0.000000e+00
      vertex  6.365926e+01  4.658819e+01  0.000000e+00
    endloop
  endfacet
  facet normal  9.762970e-01  2.164355e-01  0.000000e+00
    outer loop
      vertex  6.365926e+01  4.658819e+01 -4.000000e+00
      vertex  6.365926e+01  4.658819e+01  0.000000e+00
      vertex  6.384808e+01  4.573648e+01 -4.000000e+00
    endloop
  endfacet
  facet normal  9.762970e-01  2.164355e-01  -0.000000e+00
    outer loop
      vertex  6.384808e+01  4.573648e+01 -4.000000e+00
      vertex  6.365926e+01  4.658819e+01  0.000000e+00
      vertex  6.384808e+01  4.573648e+01  0.000000e+00
    endloop
  endfacet
  facet normal  9.914444e-01  1.305301e-01  0.000000e+00
    outer loop
      vertex  6.384808e+01  4.573648e+01 -4.000000e+00
      vertex  6.384808e+01  4.573648e+01  0.000000e+00
      vertex  6.396195e+01  4.487156e+01 -4.000000e+00
    endloop
  endfacet
  facet normal  9.914444e-01  1.305301e-01  -0.000000e+00
    outer loop
      vertex  6.396195e+01  4.487156e+01 -4.000000e+00
      vertex  6.384808e+01  4.573648e+01  0.000000e+00
      vertex  6.396195e+01  4.487156e+01  0.000000e+00
    endloop
  endfacet
  facet normal  9.990482e-01  4.361768e-02  0.000000e+00
    outer loop
      vertex  6.396195e+01  4.487156e+01 -4.000000e+00
      vertex  6.396195e+01  4.487156e+01  0.000000e+00
      vertex  6.400000e+01  4.400000e+01 -4.000000e+00
    endloop
  endfacet
  facet normal  9.990482e-01  4.361768e-02  -0.000000e+00
    outer loop
      vertex  6.400000e+01  4.400000e+01 -4.000000e+00
      vertex  6.396195e+01  4.487156e+01  0.000000e+00
      vertex  6.400000e+01  4.400000e+01  0.000000e+00
    endloop
  endfacet
  facet normal  1.000000e+00  0.000000e+00  0.000000e+00
    outer loop
      vertex  6.400000e+01 -4.400000e+01 -4.000000e+00
      vertex  6.400000e+01  4.400000e+01 -4.000000e+00
      vertex  6.400000e+01 -4.400000e+01  0.000000e+00
    endloop
  endfacet
  facet normal  1.000000e+00  -0.000000e+00  0.000000e+00
    outer loop
      vertex  6.400000e+01 -4.400000e+01  0.000000e+00
      vertex  6.400000e+01  4.400000e+01 -4.000000e+00
      vertex  6.400000e+01  4.400000e+01  0.000000e+00
    endloop
  endfacet
  facet normal  9.990482e-01 -4.361768e-02  0.000000e+00
    outer loop
      vertex  6.400000e+01 -4.400000e+01 -4.000000e+00
      vertex  6.400000e+01 -4.400000e+01  0.000000e+00
      vertex  6.396195e+01 -4.487156e+01 -4.000000e+00
    endloop
  endfacet
  facet normal  9.990482e-01 -4.361768e-02  0.000000e+00
    outer loop
      vertex  6.396195e+01 -4.487156e+01 -4.000000e+00
      vertex  6.400000e+01 -4.400000e+01  0.000000e+00
      vertex  6.396195e+01 -4.487156e+01  0.000000e+00
    endloop
  endfacet
  facet normal  9.914444e-01 -1.305301e-01  0.000000e+00
    outer loop
      vertex  6.396195e+01 -4.487156e+01 -4.000000e+00
      vertex  6.396195e+01 -4.487156e+01  0.000000e+00
      vertex  6.384808e+01 -4.573648e+01 -4.000000e+00
    endloop
  endfacet
  facet normal  9.914444e-01 -1.305301e-01  0.000000e+00
    outer loop
      vertex  6.384808e+01 -4.573648e+01 -4.000000e+00
      vertex  6.396195e+01 -4.487156e+01  0.000000e+00
      vertex  6.384808e+01 -4.573648e+01  0.000000e+00
    endloop
  endfacet
  facet normal  9.762970e-01 -2.164355e-01  0.000000e+00
    outer loop
      vertex  6.384808e+01 -4.573648e+01 -4.000000e+00
      vertex  6.384808e+01 -4.573648e+01  0.000000e+00
      vertex  6.365926e+01 -4.658819e+01 -4.000000e+00
    endloop
  endfacet
  facet normal  9.762970e-01 -2.164355e-01  0.000000e+00
    outer loop
      vertex  6.365926e+01 -4.658819e+01 -4.000000e+00
      vertex  6.384808e+01 -4.573648e+01  0.000000e+00
      vertex  6.365926e+01 -4.658819e+01  0.000000e+00
    endloop
  endfacet
  facet normal  9.537164e-01 -3.007075e-01  0.000000e+00
    outer loop
      vertex  6.365926e+01 -4.658819e+01 -4.000000e+00
      vertex  6.365926e+01 -4.658819e+01  0.000000e+00
      vertex  6.339693e+01 -4.742020e+01 -4.000000e+00
    endloop
  endfacet
  facet normal  9.537164e-01 -3.007075e-01  0.000000e+00
    outer loop
      vertex  6.339693e+01 -4.742020e+01 -4.000000e+00
      vertex  6.365926e+01 -4.658819e+01  0.000000e+00
      vertex  6.339693e+01 -4.742020e+01  0.000000e+00
    endloop
  endfacet
  facet normal  9.238784e-01 -3.826861e-01  0.000000e+00
    outer loop
      vertex  6.339693e+01 -4.742020e+01 -4.000000e+00
      vertex  6.339693e+01 -4.742020e+01  0.000000e+00
      vertex  6.306308e+01 -4.822618e+01 -4.000000e+00
    endloop
  endfacet
  facet normal  9.238784e-01 -3.826861e-01  0.000000e+00
    outer loop
      vertex  6.306308e+01 -4.822618e+01 -4.000000e+00
      vertex  6.339693e+01 -4.742020e+01  0.000000e+00
      vertex  6.306308e+01 -4.822618e+01  0.000000e+00
    endloop
  endfacet
  facet normal  8.870128e-01 -4.617450e-01  0.000000e+00
    outer loop
      vertex  6.306308e+01 -4.822618e+01 -4.000000e+00
      vertex  6.306308e+01 -4.822618e+01  0.000000e+00
      vertex  6.266026e+01 -4.900000e+01 -4.000000e+00
    endloop
  endfacet
  facet normal  8.870128e-01 -4.617450e-01  0.000000e+00
    outer loop
      vertex  6.266026e+01 -4.900000e+01 -4.000000e+00
      vertex  6.306308e+01 -4.822618e+01  0.000000e+00
      vertex  6.266026e+01 -4.900000e+01  0.000000e+00
    endloop
  endfacet
  facet normal  8.433906e-01 -5.373010e-01  0.000000e+00
    outer loop
      vertex  6.266026e+01 -4.900000e+01 -4.000000e+00
      vertex  6.266026e+01 -4.900000e+01  0.000000e+00
      vertex  6.219152e+01 -4.973576e+01 -4.000000e+00
    endloop
  endfacet
  facet normal  8.433906e-01 -5.373010e-01  0.000000e+00
    outer loop
      vertex  6.219152e+01 -4.973576e+01 -4.000000e+00
      vertex  6.266026e+01 -4.900000e+01  0.000000e+00
      vertex  6.219152e+01 -4.973576e+01  0.000000e+00
    endloop
  endfacet
  facet normal  7.933542e-01 -6.087602e-01  0.000000e+00
    outer loop
      vertex  6.219152e+01 -4.973576e+01 -4.000000e+00
      vertex  6.219152e+01 -4.973576e+01  0.000000e+00
      vertex  6.166045e+01 -5.042788e+01 -4.000000e+00
    endloop
  endfacet
  facet normal  7.933542e-01 -6.087602e-01  0.000000e+00
    outer loop
      vertex  6.166045e+01 -5.042788e+01 -4.000000e+00
      vertex  6.219152e+01 -4.973576e+01  0.000000e+00
      vertex  6.166045e+01 -5.042788e+01  0.000000e+00
    endloop
  endfacet
  facet normal  7.372767e-01 -6.755910e-01  0.000000e+00
    outer loop
      vertex  6.166045e+01 -5.042788e+01 -4.000000e+00
      vertex  6.166045e+01 -5.042788e+01  0.000000e+00
      vertex  6.107107e+01 -5.107107e+01 -4.000000e+00
    endloop
  endfacet
  facet normal  7.372767e-01 -6.755910e-01  0.000000e+00
    outer loop
      vertex  6.107107e+01 -5.107107e+01 -4.000000e+00
      vertex  6.166045e+01 -5.042788e+01  0.000000e+00
      vertex  6.107107e+01 -5.107107e+01  0.000000e+00
    endloop
  endfacet
  facet normal  6.755910e-01 -7.372767e-01  0.000000e+00
    outer loop
      vertex  6.107107e+01 -5.107107e+01 -4.000000e+00
      vertex  6.107107e+01 -5.107107e+01  0.000000e+00
      vertex  6.042788e+01 -5.166045e+01 -4.000000e+00
    endloop
  endfacet
  facet normal  6.755910e-01 -7.372767e-01  0.000000e+00
    outer loop
      vertex  6.042788e+01 -5.166045e+01 -4.000000e+00
      vertex  6.107107e+01 -5.107107e+01  0.000000e+00
      vertex  6.042788e+01 -5.166045e+01  0.000000e+00
    endloop
  endfacet
  facet normal  6.087602e-01 -7.933542e-01  0.000000e+00
    outer loop
      vertex  6.042788e+01 -5.166045e+01 -4.000000e+00
      vertex  6.042788e+01 -5.166045e+01  0.000000e+00
      vertex  5.973576e+01 -5.219152e+01 -4.000000e+00
    endloop
  endfacet
  facet normal  6.087602e-01 -7.933542e-01  0.000000e+00
    outer loop
      vertex  5.973576e+01 -5.219152e+01 -4.000000e+00
      vertex  6.042788e+01 -5.166045e+01  0.000000e+00
      vertex  5.973576e+01 -5.219152e+01  0.000000e+00
    endloop
  endfacet
  facet normal  5.373010e-01 -8.433906e-01  0.000000e+00
    outer loop
      vertex  5.973576e+01 -5.219152e+01 -4.000000e+00
      vertex  5.973576e+01 -5.219152e+01  0.000000e+00
      vertex  5.900000e+01 -5.266026e+01 -4.000000e+00
    endloop
  endfacet
  facet normal  5.373010e-01 -8.433906e-01  0.000000e+00
    outer loop
      vertex  5.900000e+01 -5.266026e+01 -4.000000e+00
      vertex  5.973576e+01 -5.219152e+01  0.000000e+00
      vertex  5.900000e+01 -5.266026e+01  0.000000e+00
    endloop
  endfacet
  facet normal  4.617450e-01 -8.870128e-01  0.000000e+00
    outer loop
      vertex  5.900000e+01 -5.266026e+01 -4.000000e+00
      vertex  5.900000e+01 -5.266026e+01  0.000000e+00
      vertex  5.822618e+01 -5.306308e+01 -4.000000e+00
    endloop
  endfacet
  facet normal  4.617450e-01 -8.870128e-01  0.000000e+00
    outer loop
      vertex  5.822618e+01 -5.306308e+01 -4.000000e+00
      vertex  5.900000e+01 -5.266026e+01  0.000000e+00
      vertex  5.822618e+01 -5.306308e+01  0.000000e+00
    endloop
  endfacet
  facet normal  3.826861e-01 -9.238784e-01  0.000000e+00
    outer loop
      vertex  5.822618e+01 -5.306308e+01 -4.000000e+00
      vertex  5.822618e+01 -5.306308e+01  0.000000e+00
      vertex  5.742020e+01 -5.339693e+01 -4.000000e+00
    endloop
  endfacet
  facet normal  3.826861e-01 -9.238784e-01  0.000000e+00
    outer loop
      vertex  5.742020e+01 -5.339693e+01 -4.000000e+00
      vertex  5.822618e+01 -5.306308e+01  0.000000e+00
      vertex  5.742020e+01 -5.339693e+01  0.000000e+00
    endloop
  endfacet
  facet normal  3.007075e-01 -9.537164e-01  0.000000e+00
    outer loop
      vertex  5.742020e+01 -5.339693e+01 -4.000000e+00
      vertex  5.742020e+01 -5.339693e+01  0.000000e+00
      vertex  5.658819e+01 -5.365926e+01 -4.000000e+00
    endloop
  endfacet
  facet normal  3.007075e-01 -9.537164e-01  0.000000e+00
    outer loop
      vertex  5.658819e+01 -5.365926e+01 -4.000000e+00
      vertex  5.742020e+01 -5.339693e+01  0.000000e+00
      vertex  5.658819e+01 -5.365926e+01  0.000000e+00
    endloop
  endfacet
  facet normal  2.164355e-01 -9.762970e-01  0.000000e+00
    outer loop
      vertex  5.658819e+01 -5.365926e+01 -4.000000e+00
      vertex  5.658819e+01 -5.365926e+01  0.000000e+00
      vertex  5.573648e+01 -5.384808e+01 -4.000000e+00
    endloop
  endfacet
  facet normal  2.164355e-01 -9.762970e-01  0.000000e+00
    outer loop
      vertex  5.573648e+01 -5.384808e+01 -4.000000e+00
      vertex  5.658819e+01 -5.365926e+01  0.000000e+00
      vertex  5.573648e+01 -5.384808e+01  0.000000e+00
    endloop
  endfacet
  facet normal  1.305301e-01 -9.914444e-01  0.000000e+00
    outer loop
      vertex  5.573648e+01 -5.384808e+01 -4.000000e+00
      vertex  5.573648e+01 -5.384808e+01  0.000000e+00
      vertex  5.487156e+01 -5.396195e+01 -4.000000e+00
    endloop
  endfacet
  facet normal  1.305301e-01 -9.914444e-01  0.000000e+00
    outer loop
      vertex  5.487156e+01 -5.396195e+01 -4.000000e+00
      vertex  5.573648e+01 -5.384808e+01  0.000000e+00
      vertex  5.487156e+01 -5.396195e+01  0.000000e+00
    endloop
  endfacet
  facet normal  4.361768e-02 -9.990482e-01  0.000000e+00
    outer loop
      vertex  5.487156e+01 -5.396195e+01 -4.000000e+00
      vertex  5.487156e+01 -5.396195e+01  0.000000e+00
      vertex  5.400000e+01 -5.400000e+01 -4.000000e+00
    endloop
  endfacet
  facet normal  4.361768e-02 -9.990482e-01  0.000000e+00
    outer loop
      vertex  5.400000e+01 -5.400000e+01 -4.000000e+00
      vertex  5.487156e+01 -5.396195e+01  0.000000e+00
      vertex  5.400000e+01 -5.400000e+01  0.000000e+00
    endloop
  endfacet
  facet normal  0.000000e+00 -1.000000e+00  0.000000e+00
    outer loop
      vertex -5.400000e+01 -5.400000e+01 -4.000000e+00
      vertex  5.400000e+01 -5.400000e+01 -4.000000e+00
      vertex -5.400000e+01 -5.400000e+01  0.000000e+00
    endloop
  endfacet
  facet normal  0.000000e+00 -1.000000e+00  0.000000e+00
    outer loop
      vertex -5.400000e+01 -5.400000e+01  0.000000e+00
      vertex  5.400000e+01 -5.400000e+01 -4.000000e+00
      vertex  5.400000e+01 -5.400000e+01  0.000000e+00
    endloop
  endfacet
endsolid CATIA STL
