solid CATIA STL
  facet normal  0.000000e+00  0.000000e+00 -1.000000e+00
    outer loop
      vertex  7.703693e+01  6.053070e+01  0.000000e+00
      vertex -7.760000e+01  6.015000e+01  0.000000e+00
      vertex  7.700000e+01  6.100000e+01  0.000000e+00
    endloop
  endfacet
  facet normal  -0.000000e+00  0.000000e+00 -1.000000e+00
    outer loop
      vertex -8.000000e+01  5.775000e+01  0.000000e+00
      vertex -8.154269e+01 -5.916150e+01  0.000000e+00
      vertex -8.183851e+01 -5.945731e+01  0.000000e+00
    endloop
  endfacet
  facet normal  -0.000000e+00  0.000000e+00 -1.000000e+00
    outer loop
      vertex -8.000000e+01  5.775000e+01  0.000000e+00
      vertex -8.120000e+01 -5.892154e+01  0.000000e+00
      vertex -8.154269e+01 -5.916150e+01  0.000000e+00
    endloop
  endfacet
  facet normal  -0.000000e+00  0.000000e+00 -1.000000e+00
    outer loop
      vertex -8.000000e+01  5.775000e+01  0.000000e+00
      vertex -8.082085e+01 -5.874474e+01  0.000000e+00
      vertex -8.120000e+01 -5.892154e+01  0.000000e+00
    endloop
  endfacet
  facet normal  -0.000000e+00  0.000000e+00 -1.000000e+00
    outer loop
      vertex -8.000000e+01  5.775000e+01  0.000000e+00
      vertex -8.041676e+01 -5.863646e+01  0.000000e+00
      vertex -8.082085e+01 -5.874474e+01  0.000000e+00
    endloop
  endfacet
  facet normal  -0.000000e+00  0.000000e+00 -1.000000e+00
    outer loop
      vertex -8.000000e+01  5.775000e+01  0.000000e+00
      vertex -8.000000e+01 -5.860000e+01  0.000000e+00
      vertex -8.041676e+01 -5.863646e+01  0.000000e+00
    endloop
  endfacet
  facet normal  0.000000e+00  0.000000e+00 -1.000000e+00
    outer loop
      vertex -7.917915e+01  6.410526e+01  0.000000e+00
      vertex -7.958324e+01  6.421354e+01  0.000000e+00
      vertex  8.000000e+01  6.400000e+01  0.000000e+00
    endloop
  endfacet
  facet normal  0.000000e+00  0.000000e+00 -1.000000e+00
    outer loop
      vertex  7.703693e+01  6.053070e+01  0.000000e+00
      vertex  7.714683e+01  6.007295e+01  0.000000e+00
      vertex -7.760000e+01  6.015000e+01  0.000000e+00
    endloop
  endfacet
  facet normal  0.000000e+00  0.000000e+00 -1.000000e+00
    outer loop
      vertex  7.953069e+01  5.803693e+01  0.000000e+00
      vertex  8.000000e+01  5.800000e+01  0.000000e+00
      vertex -7.880000e+01  5.807154e+01  0.000000e+00
    endloop
  endfacet
  facet normal  0.000000e+00  0.000000e+00 -1.000000e+00
    outer loop
      vertex  8.268851e+01 -5.945731e+01  0.000000e+00
      vertex  8.000000e+01  5.800000e+01  0.000000e+00
      vertex  8.292846e+01 -5.980000e+01  0.000000e+00
    endloop
  endfacet
  facet normal  0.000000e+00  0.000000e+00 -1.000000e+00
    outer loop
      vertex  8.239269e+01 -5.916150e+01  0.000000e+00
      vertex  8.000000e+01  5.800000e+01  0.000000e+00
      vertex  8.268851e+01 -5.945731e+01  0.000000e+00
    endloop
  endfacet
  facet normal  0.000000e+00  0.000000e+00 -1.000000e+00
    outer loop
      vertex  8.205000e+01 -5.892154e+01  0.000000e+00
      vertex  8.000000e+01  5.800000e+01  0.000000e+00
      vertex  8.239269e+01 -5.916150e+01  0.000000e+00
    endloop
  endfacet
  facet normal  0.000000e+00  0.000000e+00 -9.999999e-01
    outer loop
      vertex  8.167085e+01 -5.874474e+01  0.000000e+00
      vertex  8.000000e+01  5.800000e+01  0.000000e+00
      vertex  8.205000e+01 -5.892154e+01  0.000000e+00
    endloop
  endfacet
  facet normal  0.000000e+00  0.000000e+00 -1.000000e+00
    outer loop
      vertex  8.126675e+01 -5.863646e+01  0.000000e+00
      vertex  8.000000e+01  5.800000e+01  0.000000e+00
      vertex  8.167085e+01 -5.874474e+01  0.000000e+00
    endloop
  endfacet
  facet normal  0.000000e+00  0.000000e+00 -1.000000e+00
    outer loop
      vertex  8.000000e+01  5.800000e+01  0.000000e+00
      vertex  8.126675e+01 -5.863646e+01  0.000000e+00
      vertex  8.085000e+01 -5.860000e+01  0.000000e+00
    endloop
  endfacet
  facet normal  0.000000e+00  0.000000e+00 -1.000000e+00
    outer loop
      vertex -8.600000e+01 -6.500000e+01  0.000000e+00
      vertex -8.200000e+01 -6.900000e+01  0.000000e+00
      vertex -8.252210e+01 -6.896578e+01  0.000000e+00
    endloop
  endfacet
  facet normal  0.000000e+00  0.000000e+00 -1.000000e+00
    outer loop
      vertex -8.600000e+01 -6.500000e+01  0.000000e+00
      vertex -8.252210e+01 -6.896578e+01  0.000000e+00
      vertex -8.303528e+01 -6.886370e+01  0.000000e+00
    endloop
  endfacet
  facet normal  0.000000e+00  0.000000e+00 -1.000000e+00
    outer loop
      vertex -8.600000e+01 -6.500000e+01  0.000000e+00
      vertex -8.303528e+01 -6.886370e+01  0.000000e+00
      vertex -8.353073e+01 -6.869552e+01  0.000000e+00
    endloop
  endfacet
  facet normal  0.000000e+00  0.000000e+00 -1.000000e+00
    outer loop
      vertex -8.600000e+01 -6.500000e+01  0.000000e+00
      vertex -8.353073e+01 -6.869552e+01  0.000000e+00
      vertex -8.400000e+01 -6.846410e+01  0.000000e+00
    endloop
  endfacet
  facet normal  0.000000e+00  0.000000e+00 -1.000000e+00
    outer loop
      vertex -8.600000e+01 -6.500000e+01  0.000000e+00
      vertex -8.400000e+01 -6.846410e+01  0.000000e+00
      vertex -8.443504e+01 -6.817342e+01  0.000000e+00
    endloop
  endfacet
  facet normal  0.000000e+00  0.000000e+00 -1.000000e+00
    outer loop
      vertex -8.600000e+01 -6.500000e+01  0.000000e+00
      vertex -8.443504e+01 -6.817342e+01  0.000000e+00
      vertex -8.482843e+01 -6.782843e+01  0.000000e+00
    endloop
  endfacet
  facet normal  0.000000e+00  0.000000e+00 -1.000000e+00
    outer loop
      vertex -8.600000e+01 -6.500000e+01  0.000000e+00
      vertex -8.482843e+01 -6.782843e+01  0.000000e+00
      vertex -8.517342e+01 -6.743504e+01  0.000000e+00
    endloop
  endfacet
  facet normal  0.000000e+00  0.000000e+00 -1.000000e+00
    outer loop
      vertex -8.600000e+01 -6.500000e+01  0.000000e+00
      vertex -8.517342e+01 -6.743504e+01  0.000000e+00
      vertex -8.546410e+01 -6.700000e+01  0.000000e+00
    endloop
  endfacet
  facet normal  0.000000e+00  0.000000e+00 -1.000000e+00
    outer loop
      vertex -8.600000e+01 -6.500000e+01  0.000000e+00
      vertex -8.546410e+01 -6.700000e+01  0.000000e+00
      vertex -8.569552e+01 -6.653073e+01  0.000000e+00
    endloop
  endfacet
  facet normal  0.000000e+00  0.000000e+00 -9.999999e-01
    outer loop
      vertex -8.600000e+01 -6.500000e+01  0.000000e+00
      vertex -8.569552e+01 -6.653073e+01  0.000000e+00
      vertex -8.586370e+01 -6.603528e+01  0.000000e+00
    endloop
  endfacet
  facet normal  0.000000e+00  0.000000e+00 -1.000000e+00
    outer loop
      vertex -8.600000e+01 -6.500000e+01  0.000000e+00
      vertex -8.586370e+01 -6.603528e+01  0.000000e+00
      vertex -8.596578e+01 -6.552210e+01  0.000000e+00
    endloop
  endfacet
  facet normal  -0.000000e+00  0.000000e+00 -1.000000e+00
    outer loop
      vertex  8.085000e+01 -6.340000e+01  0.000000e+00
      vertex  8.600000e+01 -6.500000e+01  0.000000e+00
      vertex  8.596578e+01 -6.552210e+01  0.000000e+00
    endloop
  endfacet
  facet normal  -0.000000e+00  0.000000e+00 -1.000000e+00
    outer loop
      vertex  8.085000e+01 -6.340000e+01  0.000000e+00
      vertex  8.596578e+01 -6.552210e+01  0.000000e+00
      vertex  8.586370e+01 -6.603528e+01  0.000000e+00
    endloop
  endfacet
  facet normal  -0.000000e+00  0.000000e+00 -9.999999e-01
    outer loop
      vertex  8.085000e+01 -6.340000e+01  0.000000e+00
      vertex  8.586370e+01 -6.603528e+01  0.000000e+00
      vertex  8.569552e+01 -6.653073e+01  0.000000e+00
    endloop
  endfacet
  facet normal  -0.000000e+00  0.000000e+00 -9.999999e-01
    outer loop
      vertex  8.085000e+01 -6.340000e+01  0.000000e+00
      vertex  8.569552e+01 -6.653073e+01  0.000000e+00
      vertex  8.546410e+01 -6.700000e+01  0.000000e+00
    endloop
  endfacet
  facet normal  -0.000000e+00  0.000000e+00 -1.000000e+00
    outer loop
      vertex  8.085000e+01 -6.340000e+01  0.000000e+00
      vertex  8.546410e+01 -6.700000e+01  0.000000e+00
      vertex  8.517342e+01 -6.743504e+01  0.000000e+00
    endloop
  endfacet
  facet normal  -0.000000e+00  0.000000e+00 -1.000000e+00
    outer loop
      vertex  8.085000e+01 -6.340000e+01  0.000000e+00
      vertex  8.517342e+01 -6.743504e+01  0.000000e+00
      vertex  8.482843e+01 -6.782843e+01  0.000000e+00
    endloop
  endfacet
  facet normal  -0.000000e+00  0.000000e+00 -1.000000e+00
    outer loop
      vertex  8.085000e+01 -6.340000e+01  0.000000e+00
      vertex  8.482843e+01 -6.782843e+01  0.000000e+00
      vertex  8.443504e+01 -6.817342e+01  0.000000e+00
    endloop
  endfacet
  facet normal  -0.000000e+00  0.000000e+00 -1.000000e+00
    outer loop
      vertex  8.085000e+01 -6.340000e+01  0.000000e+00
      vertex  8.443504e+01 -6.817342e+01  0.000000e+00
      vertex  8.400000e+01 -6.846410e+01  0.000000e+00
    endloop
  endfacet
  facet normal  -0.000000e+00  0.000000e+00 -1.000000e+00
    outer loop
      vertex  8.085000e+01 -6.340000e+01  0.000000e+00
      vertex  8.400000e+01 -6.846410e+01  0.000000e+00
      vertex  8.353073e+01 -6.869552e+01  0.000000e+00
    endloop
  endfacet
  facet normal  -0.000000e+00  0.000000e+00 -1.000000e+00
    outer loop
      vertex  8.085000e+01 -6.340000e+01  0.000000e+00
      vertex  8.353073e+01 -6.869552e+01  0.000000e+00
      vertex  8.303528e+01 -6.886370e+01  0.000000e+00
    endloop
  endfacet
  facet normal  -0.000000e+00  0.000000e+00 -9.999999e-01
    outer loop
      vertex  8.085000e+01 -6.340000e+01  0.000000e+00
      vertex  8.303528e+01 -6.886370e+01  0.000000e+00
      vertex  8.252210e+01 -6.896578e+01  0.000000e+00
    endloop
  endfacet
  facet normal  -0.000000e+00  0.000000e+00 -1.000000e+00
    outer loop
      vertex  8.085000e+01 -6.340000e+01  0.000000e+00
      vertex  8.252210e+01 -6.896578e+01  0.000000e+00
      vertex  8.200000e+01 -6.900000e+01  0.000000e+00
    endloop
  endfacet
  facet normal  0.000000e+00  0.000000e+00 -1.000000e+00
    outer loop
      vertex  7.915000e+01 -5.860000e+01  0.000000e+00
      vertex  7.873325e+01 -5.863646e+01  0.000000e+00
      vertex -7.958324e+01 -5.863646e+01  0.000000e+00
    endloop
  endfacet
  facet normal  0.000000e+00  0.000000e+00 -9.999999e-01
    outer loop
      vertex  7.915000e+01 -5.860000e+01  0.000000e+00
      vertex -7.958324e+01 -5.863646e+01  0.000000e+00
      vertex -8.000000e+01 -5.860000e+01  0.000000e+00
    endloop
  endfacet
  facet normal  0.000000e+00  0.000000e+00 -1.000000e+00
    outer loop
      vertex  7.915000e+01 -5.860000e+01  0.000000e+00
      vertex -8.000000e+01 -5.860000e+01  0.000000e+00
      vertex -8.000000e+01  5.775000e+01  0.000000e+00
    endloop
  endfacet
  facet normal  0.000000e+00  0.000000e+00 -1.000000e+00
    outer loop
      vertex  7.915000e+01 -5.860000e+01  0.000000e+00
      vertex -8.000000e+01  5.775000e+01  0.000000e+00
      vertex -7.958324e+01  5.778646e+01  0.000000e+00
    endloop
  endfacet
  facet normal  0.000000e+00  0.000000e+00 -1.000000e+00
    outer loop
      vertex  7.915000e+01 -5.860000e+01  0.000000e+00
      vertex -7.958324e+01  5.778646e+01  0.000000e+00
      vertex -7.917915e+01  5.789474e+01  0.000000e+00
    endloop
  endfacet
  facet normal  0.000000e+00  0.000000e+00 -1.000000e+00
    outer loop
      vertex  7.915000e+01 -5.860000e+01  0.000000e+00
      vertex -7.917915e+01  5.789474e+01  0.000000e+00
      vertex -7.880000e+01  5.807154e+01  0.000000e+00
    endloop
  endfacet
  facet normal  0.000000e+00  0.000000e+00 -1.000000e+00
    outer loop
      vertex  7.915000e+01 -5.860000e+01  0.000000e+00
      vertex -7.880000e+01  5.807154e+01  0.000000e+00
      vertex  8.000000e+01  5.800000e+01  0.000000e+00
    endloop
  endfacet
  facet normal  0.000000e+00  -0.000000e+00 -9.999999e-01
    outer loop
      vertex  7.915000e+01 -5.860000e+01  0.000000e+00
      vertex  8.000000e+01  5.800000e+01  0.000000e+00
      vertex  8.085000e+01 -5.860000e+01  0.000000e+00
    endloop
  endfacet
  facet normal  0.000000e+00  0.000000e+00 -9.999999e-01
    outer loop
      vertex -8.000000e+01  6.425000e+01  0.000000e+00
      vertex -8.600000e+01  6.500000e+01  0.000000e+00
      vertex -8.596578e+01  6.552210e+01  0.000000e+00
    endloop
  endfacet
  facet normal  0.000000e+00  0.000000e+00 -1.000000e+00
    outer loop
      vertex -8.000000e+01  6.425000e+01  0.000000e+00
      vertex -8.596578e+01  6.552210e+01  0.000000e+00
      vertex -8.586370e+01  6.603528e+01  0.000000e+00
    endloop
  endfacet
  facet normal  0.000000e+00  0.000000e+00 -1.000000e+00
    outer loop
      vertex -8.000000e+01  6.425000e+01  0.000000e+00
      vertex -8.586370e+01  6.603528e+01  0.000000e+00
      vertex -8.569552e+01  6.653073e+01  0.000000e+00
    endloop
  endfacet
  facet normal  0.000000e+00  0.000000e+00 -1.000000e+00
    outer loop
      vertex -8.000000e+01  6.425000e+01  0.000000e+00
      vertex -8.569552e+01  6.653073e+01  0.000000e+00
      vertex -8.546410e+01  6.700000e+01  0.000000e+00
    endloop
  endfacet
  facet normal  0.000000e+00  0.000000e+00 -1.000000e+00
    outer loop
      vertex -8.000000e+01  6.425000e+01  0.000000e+00
      vertex -8.546410e+01  6.700000e+01  0.000000e+00
      vertex -8.517342e+01  6.743504e+01  0.000000e+00
    endloop
  endfacet
  facet normal  0.000000e+00  0.000000e+00 -1.000000e+00
    outer loop
      vertex -8.000000e+01  6.425000e+01  0.000000e+00
      vertex -8.517342e+01  6.743504e+01  0.000000e+00
      vertex -8.482843e+01  6.782843e+01  0.000000e+00
    endloop
  endfacet
  facet normal  0.000000e+00  0.000000e+00 -1.000000e+00
    outer loop
      vertex -8.000000e+01  6.425000e+01  0.000000e+00
      vertex -8.482843e+01  6.782843e+01  0.000000e+00
      vertex -8.443504e+01  6.817342e+01  0.000000e+00
    endloop
  endfacet
  facet normal  0.000000e+00  0.000000e+00 -9.999999e-01
    outer loop
      vertex -8.000000e+01  6.425000e+01  0.000000e+00
      vertex -8.443504e+01  6.817342e+01  0.000000e+00
      vertex -8.400000e+01  6.846410e+01  0.000000e+00
    endloop
  endfacet
  facet normal  0.000000e+00  0.000000e+00 -1.000000e+00
    outer loop
      vertex -8.000000e+01  6.425000e+01  0.000000e+00
      vertex -8.400000e+01  6.846410e+01  0.000000e+00
      vertex -8.353073e+01  6.869552e+01  0.000000e+00
    endloop
  endfacet
  facet normal  0.000000e+00  0.000000e+00 -1.000000e+00
    outer loop
      vertex -8.000000e+01  6.425000e+01  0.000000e+00
      vertex -8.353073e+01  6.869552e+01  0.000000e+00
      vertex -8.303528e+01  6.886370e+01  0.000000e+00
    endloop
  endfacet
  facet normal  0.000000e+00  0.000000e+00 -1.000000e+00
    outer loop
      vertex -8.000000e+01  6.425000e+01  0.000000e+00
      vertex -8.303528e+01  6.886370e+01  0.000000e+00
      vertex -8.252210e+01  6.896578e+01  0.000000e+00
    endloop
  endfacet
  facet normal  0.000000e+00  0.000000e+00 -9.999999e-01
    outer loop
      vertex -8.000000e+01  6.425000e+01  0.000000e+00
      vertex -8.252210e+01  6.896578e+01  0.000000e+00
      vertex -8.200000e+01  6.900000e+01  0.000000e+00
    endloop
  endfacet
  facet normal  0.000000e+00  0.000000e+00 -1.000000e+00
    outer loop
      vertex -8.000000e+01  6.425000e+01  0.000000e+00
      vertex -8.200000e+01  6.900000e+01  0.000000e+00
      vertex  8.200000e+01  6.900000e+01  0.000000e+00
    endloop
  endfacet
  facet normal  0.000000e+00  0.000000e+00 -1.000000e+00
    outer loop
      vertex -8.000000e+01  6.425000e+01  0.000000e+00
      vertex  8.200000e+01  6.900000e+01  0.000000e+00
      vertex  8.000000e+01  6.400000e+01  0.000000e+00
    endloop
  endfacet
  facet normal  0.000000e+00  0.000000e+00 -1.000000e+00
    outer loop
      vertex -8.000000e+01  6.425000e+01  0.000000e+00
      vertex  8.000000e+01  6.400000e+01  0.000000e+00
      vertex -7.958324e+01  6.421354e+01  0.000000e+00
    endloop
  endfacet
  facet normal  0.000000e+00  -0.000000e+00 -1.000000e+00
    outer loop
      vertex -8.600000e+01 -6.500000e+01  0.000000e+00
      vertex -8.240000e+01  6.185000e+01  0.000000e+00
      vertex -8.240000e+01  6.015000e+01  0.000000e+00
    endloop
  endfacet
  facet normal  0.000000e+00  -0.000000e+00 -9.999999e-01
    outer loop
      vertex -8.600000e+01 -6.500000e+01  0.000000e+00
      vertex -8.240000e+01  6.015000e+01  0.000000e+00
      vertex -8.236354e+01  5.973325e+01  0.000000e+00
    endloop
  endfacet
  facet normal  0.000000e+00  -0.000000e+00 -1.000000e+00
    outer loop
      vertex -8.600000e+01 -6.500000e+01  0.000000e+00
      vertex -8.236354e+01  5.973325e+01  0.000000e+00
      vertex -8.225526e+01  5.932915e+01  0.000000e+00
    endloop
  endfacet
  facet normal  0.000000e+00  -0.000000e+00 -9.999999e-01
    outer loop
      vertex -8.600000e+01 -6.500000e+01  0.000000e+00
      vertex -8.225526e+01  5.932915e+01  0.000000e+00
      vertex -8.207846e+01  5.895000e+01  0.000000e+00
    endloop
  endfacet
  facet normal  0.000000e+00  -0.000000e+00 -1.000000e+00
    outer loop
      vertex -8.600000e+01 -6.500000e+01  0.000000e+00
      vertex -8.207846e+01  5.895000e+01  0.000000e+00
      vertex -8.183851e+01  5.860731e+01  0.000000e+00
    endloop
  endfacet
  facet normal  0.000000e+00  -0.000000e+00 -1.000000e+00
    outer loop
      vertex -8.600000e+01 -6.500000e+01  0.000000e+00
      vertex -8.183851e+01  5.860731e+01  0.000000e+00
      vertex -8.154269e+01  5.831149e+01  0.000000e+00
    endloop
  endfacet
  facet normal  0.000000e+00  -0.000000e+00 -9.999999e-01
    outer loop
      vertex -8.600000e+01 -6.500000e+01  0.000000e+00
      vertex -8.154269e+01  5.831149e+01  0.000000e+00
      vertex -8.120000e+01  5.807154e+01  0.000000e+00
    endloop
  endfacet
  facet normal  0.000000e+00  -0.000000e+00 -1.000000e+00
    outer loop
      vertex -8.600000e+01 -6.500000e+01  0.000000e+00
      vertex -8.120000e+01  5.807154e+01  0.000000e+00
      vertex -8.082085e+01  5.789474e+01  0.000000e+00
    endloop
  endfacet
  facet normal  0.000000e+00  -0.000000e+00 -9.999999e-01
    outer loop
      vertex -8.600000e+01 -6.500000e+01  0.000000e+00
      vertex -8.082085e+01  5.789474e+01  0.000000e+00
      vertex -8.041676e+01  5.778646e+01  0.000000e+00
    endloop
  endfacet
  facet normal  0.000000e+00  -0.000000e+00 -1.000000e+00
    outer loop
      vertex -8.600000e+01 -6.500000e+01  0.000000e+00
      vertex -8.041676e+01  5.778646e+01  0.000000e+00
      vertex -8.000000e+01  5.775000e+01  0.000000e+00
    endloop
  endfacet
  facet normal  0.000000e+00  0.000000e+00 -1.000000e+00
    outer loop
      vertex -8.600000e+01 -6.500000e+01  0.000000e+00
      vertex -8.000000e+01  5.775000e+01  0.000000e+00
      vertex -8.183851e+01 -5.945731e+01  0.000000e+00
    endloop
  endfacet
  facet normal  0.000000e+00  0.000000e+00 -1.000000e+00
    outer loop
      vertex -8.600000e+01 -6.500000e+01  0.000000e+00
      vertex -8.183851e+01 -5.945731e+01  0.000000e+00
      vertex -8.207846e+01 -5.980000e+01  0.000000e+00
    endloop
  endfacet
  facet normal  0.000000e+00  0.000000e+00 -1.000000e+00
    outer loop
      vertex -8.600000e+01 -6.500000e+01  0.000000e+00
      vertex -8.207846e+01 -5.980000e+01  0.000000e+00
      vertex -8.225526e+01 -6.017915e+01  0.000000e+00
    endloop
  endfacet
  facet normal  0.000000e+00  0.000000e+00 -1.000000e+00
    outer loop
      vertex -8.600000e+01 -6.500000e+01  0.000000e+00
      vertex -8.225526e+01 -6.017915e+01  0.000000e+00
      vertex -8.236354e+01 -6.058324e+01  0.000000e+00
    endloop
  endfacet
  facet normal  0.000000e+00  0.000000e+00 -1.000000e+00
    outer loop
      vertex -8.600000e+01 -6.500000e+01  0.000000e+00
      vertex -8.236354e+01 -6.058324e+01  0.000000e+00
      vertex -8.240000e+01 -6.100000e+01  0.000000e+00
    endloop
  endfacet
  facet normal  0.000000e+00  -0.000000e+00 -1.000000e+00
    outer loop
      vertex -8.600000e+01 -6.500000e+01  0.000000e+00
      vertex -8.240000e+01 -6.100000e+01  0.000000e+00
      vertex -8.236354e+01 -6.141676e+01  0.000000e+00
    endloop
  endfacet
  facet normal  0.000000e+00  -0.000000e+00 -1.000000e+00
    outer loop
      vertex -8.600000e+01 -6.500000e+01  0.000000e+00
      vertex -8.236354e+01 -6.141676e+01  0.000000e+00
      vertex -8.225526e+01 -6.182085e+01  0.000000e+00
    endloop
  endfacet
  facet normal  0.000000e+00  -0.000000e+00 -1.000000e+00
    outer loop
      vertex -8.600000e+01 -6.500000e+01  0.000000e+00
      vertex -8.225526e+01 -6.182085e+01  0.000000e+00
      vertex -8.207846e+01 -6.220000e+01  0.000000e+00
    endloop
  endfacet
  facet normal  0.000000e+00  -0.000000e+00 -1.000000e+00
    outer loop
      vertex -8.600000e+01 -6.500000e+01  0.000000e+00
      vertex -8.207846e+01 -6.220000e+01  0.000000e+00
      vertex -8.183851e+01 -6.254269e+01  0.000000e+00
    endloop
  endfacet
  facet normal  0.000000e+00  -0.000000e+00 -1.000000e+00
    outer loop
      vertex -8.600000e+01 -6.500000e+01  0.000000e+00
      vertex -8.183851e+01 -6.254269e+01  0.000000e+00
      vertex -8.154269e+01 -6.283850e+01  0.000000e+00
    endloop
  endfacet
  facet normal  0.000000e+00  -0.000000e+00 -1.000000e+00
    outer loop
      vertex -8.600000e+01 -6.500000e+01  0.000000e+00
      vertex -8.154269e+01 -6.283850e+01  0.000000e+00
      vertex -8.120000e+01 -6.307846e+01  0.000000e+00
    endloop
  endfacet
  facet normal  0.000000e+00  -0.000000e+00 -1.000000e+00
    outer loop
      vertex -8.600000e+01 -6.500000e+01  0.000000e+00
      vertex -8.120000e+01 -6.307846e+01  0.000000e+00
      vertex -8.082085e+01 -6.325526e+01  0.000000e+00
    endloop
  endfacet
  facet normal  0.000000e+00  -0.000000e+00 -9.999999e-01
    outer loop
      vertex -8.600000e+01 -6.500000e+01  0.000000e+00
      vertex -8.082085e+01 -6.325526e+01  0.000000e+00
      vertex -8.041676e+01 -6.336354e+01  0.000000e+00
    endloop
  endfacet
  facet normal  0.000000e+00  -0.000000e+00 -1.000000e+00
    outer loop
      vertex -8.600000e+01 -6.500000e+01  0.000000e+00
      vertex -8.041676e+01 -6.336354e+01  0.000000e+00
      vertex -8.000000e+01 -6.340000e+01  0.000000e+00
    endloop
  endfacet
  facet normal  -0.000000e+00  0.000000e+00 -1.000000e+00
    outer loop
      vertex -8.600000e+01  6.500000e+01  0.000000e+00
      vertex -8.000000e+01  6.425000e+01  0.000000e+00
      vertex -8.041676e+01  6.421354e+01  0.000000e+00
    endloop
  endfacet
  facet normal  -0.000000e+00  0.000000e+00 -1.000000e+00
    outer loop
      vertex -8.600000e+01  6.500000e+01  0.000000e+00
      vertex -8.041676e+01  6.421354e+01  0.000000e+00
      vertex -8.082085e+01  6.410526e+01  0.000000e+00
    endloop
  endfacet
  facet normal  -0.000000e+00  0.000000e+00 -1.000000e+00
    outer loop
      vertex -8.600000e+01  6.500000e+01  0.000000e+00
      vertex -8.082085e+01  6.410526e+01  0.000000e+00
      vertex -8.120000e+01  6.392846e+01  0.000000e+00
    endloop
  endfacet
  facet normal  -0.000000e+00  0.000000e+00 -1.000000e+00
    outer loop
      vertex -8.600000e+01  6.500000e+01  0.000000e+00
      vertex -8.120000e+01  6.392846e+01  0.000000e+00
      vertex -8.154269e+01  6.368851e+01  0.000000e+00
    endloop
  endfacet
  facet normal  -0.000000e+00  0.000000e+00 -1.000000e+00
    outer loop
      vertex -8.600000e+01  6.500000e+01  0.000000e+00
      vertex -8.154269e+01  6.368851e+01  0.000000e+00
      vertex -8.183851e+01  6.339269e+01  0.000000e+00
    endloop
  endfacet
  facet normal  -0.000000e+00  0.000000e+00 -1.000000e+00
    outer loop
      vertex -8.600000e+01  6.500000e+01  0.000000e+00
      vertex -8.183851e+01  6.339269e+01  0.000000e+00
      vertex -8.207846e+01  6.305000e+01  0.000000e+00
    endloop
  endfacet
  facet normal  -0.000000e+00  0.000000e+00 -1.000000e+00
    outer loop
      vertex -8.600000e+01  6.500000e+01  0.000000e+00
      vertex -8.207846e+01  6.305000e+01  0.000000e+00
      vertex -8.225526e+01  6.267085e+01  0.000000e+00
    endloop
  endfacet
  facet normal  -0.000000e+00  0.000000e+00 -1.000000e+00
    outer loop
      vertex -8.600000e+01  6.500000e+01  0.000000e+00
      vertex -8.225526e+01  6.267085e+01  0.000000e+00
      vertex -8.236354e+01  6.226675e+01  0.000000e+00
    endloop
  endfacet
  facet normal  -0.000000e+00  0.000000e+00 -1.000000e+00
    outer loop
      vertex -8.600000e+01  6.500000e+01  0.000000e+00
      vertex -8.236354e+01  6.226675e+01  0.000000e+00
      vertex -8.240000e+01  6.185000e+01  0.000000e+00
    endloop
  endfacet
  facet normal  -0.000000e+00  0.000000e+00 -1.000000e+00
    outer loop
      vertex -8.600000e+01  6.500000e+01  0.000000e+00
      vertex -8.240000e+01  6.185000e+01  0.000000e+00
      vertex -8.600000e+01 -6.500000e+01  0.000000e+00
    endloop
  endfacet
  facet normal  0.000000e+00  -0.000000e+00 -1.000000e+00
    outer loop
      vertex  8.000000e+01  6.400000e+01  0.000000e+00
      vertex  8.200000e+01  6.900000e+01  0.000000e+00
      vertex  8.252210e+01  6.896578e+01  0.000000e+00
    endloop
  endfacet
  facet normal  0.000000e+00  -0.000000e+00 -1.000000e+00
    outer loop
      vertex  8.000000e+01  6.400000e+01  0.000000e+00
      vertex  8.252210e+01  6.896578e+01  0.000000e+00
      vertex  8.303528e+01  6.886370e+01  0.000000e+00
    endloop
  endfacet
  facet normal  0.000000e+00  -0.000000e+00 -1.000000e+00
    outer loop
      vertex  8.000000e+01  6.400000e+01  0.000000e+00
      vertex  8.303528e+01  6.886370e+01  0.000000e+00
      vertex  8.353073e+01  6.869552e+01  0.000000e+00
    endloop
  endfacet
  facet normal  0.000000e+00  -0.000000e+00 -1.000000e+00
    outer loop
      vertex  8.000000e+01  6.400000e+01  0.000000e+00
      vertex  8.353073e+01  6.869552e+01  0.000000e+00
      vertex  8.400000e+01  6.846410e+01  0.000000e+00
    endloop
  endfacet
  facet normal  0.000000e+00  -0.000000e+00 -1.000000e+00
    outer loop
      vertex  8.000000e+01  6.400000e+01  0.000000e+00
      vertex  8.400000e+01  6.846410e+01  0.000000e+00
      vertex  8.443504e+01  6.817342e+01  0.000000e+00
    endloop
  endfacet
  facet normal  0.000000e+00  -0.000000e+00 -9.999999e-01
    outer loop
      vertex  8.000000e+01  6.400000e+01  0.000000e+00
      vertex  8.443504e+01  6.817342e+01  0.000000e+00
      vertex  8.482843e+01  6.782843e+01  0.000000e+00
    endloop
  endfacet
  facet normal  0.000000e+00  -0.000000e+00 -1.000000e+00
    outer loop
      vertex  8.000000e+01  6.400000e+01  0.000000e+00
      vertex  8.482843e+01  6.782843e+01  0.000000e+00
      vertex  8.517342e+01  6.743504e+01  0.000000e+00
    endloop
  endfacet
  facet normal  0.000000e+00  -0.000000e+00 -1.000000e+00
    outer loop
      vertex  8.000000e+01  6.400000e+01  0.000000e+00
      vertex  8.517342e+01  6.743504e+01  0.000000e+00
      vertex  8.546410e+01  6.700000e+01  0.000000e+00
    endloop
  endfacet
  facet normal  0.000000e+00  -0.000000e+00 -1.000000e+00
    outer loop
      vertex  8.000000e+01  6.400000e+01  0.000000e+00
      vertex  8.546410e+01  6.700000e+01  0.000000e+00
      vertex  8.569552e+01  6.653073e+01  0.000000e+00
    endloop
  endfacet
  facet normal  0.000000e+00  -0.000000e+00 -1.000000e+00
    outer loop
      vertex  8.000000e+01  6.400000e+01  0.000000e+00
      vertex  8.569552e+01  6.653073e+01  0.000000e+00
      vertex  8.586370e+01  6.603528e+01  0.000000e+00
    endloop
  endfacet
  facet normal  0.000000e+00  -0.000000e+00 -1.000000e+00
    outer loop
      vertex  8.000000e+01  6.400000e+01  0.000000e+00
      vertex  8.586370e+01  6.603528e+01  0.000000e+00
      vertex  8.596578e+01  6.552210e+01  0.000000e+00
    endloop
  endfacet
  facet normal  0.000000e+00  -0.000000e+00 -9.999999e-01
    outer loop
      vertex  8.000000e+01  6.400000e+01  0.000000e+00
      vertex  8.596578e+01  6.552210e+01  0.000000e+00
      vertex  8.600000e+01  6.500000e+01  0.000000e+00
    endloop
  endfacet
  facet normal  0.000000e+00  0.000000e+00 -9.999999e-01
    outer loop
      vertex  8.000000e+01  6.400000e+01  0.000000e+00
      vertex  8.600000e+01  6.500000e+01  0.000000e+00
      vertex  8.046931e+01  6.396307e+01  0.000000e+00
    endloop
  endfacet
  facet normal  0.000000e+00  0.000000e+00 -1.000000e+00
    outer loop
      vertex  8.600000e+01 -6.500000e+01  0.000000e+00
      vertex  8.085000e+01 -6.340000e+01  0.000000e+00
      vertex  8.126675e+01 -6.336354e+01  0.000000e+00
    endloop
  endfacet
  facet normal  0.000000e+00  0.000000e+00 -1.000000e+00
    outer loop
      vertex  8.600000e+01 -6.500000e+01  0.000000e+00
      vertex  8.126675e+01 -6.336354e+01  0.000000e+00
      vertex  8.167085e+01 -6.325526e+01  0.000000e+00
    endloop
  endfacet
  facet normal  0.000000e+00  0.000000e+00 -9.999999e-01
    outer loop
      vertex  8.600000e+01 -6.500000e+01  0.000000e+00
      vertex  8.167085e+01 -6.325526e+01  0.000000e+00
      vertex  8.205000e+01 -6.307846e+01  0.000000e+00
    endloop
  endfacet
  facet normal  0.000000e+00  0.000000e+00 -1.000000e+00
    outer loop
      vertex  8.600000e+01 -6.500000e+01  0.000000e+00
      vertex  8.205000e+01 -6.307846e+01  0.000000e+00
      vertex  8.239269e+01 -6.283850e+01  0.000000e+00
    endloop
  endfacet
  facet normal  0.000000e+00  0.000000e+00 -1.000000e+00
    outer loop
      vertex  8.600000e+01 -6.500000e+01  0.000000e+00
      vertex  8.239269e+01 -6.283850e+01  0.000000e+00
      vertex  8.268851e+01 -6.254269e+01  0.000000e+00
    endloop
  endfacet
  facet normal  0.000000e+00  0.000000e+00 -1.000000e+00
    outer loop
      vertex  8.600000e+01 -6.500000e+01  0.000000e+00
      vertex  8.268851e+01 -6.254269e+01  0.000000e+00
      vertex  8.292846e+01 -6.220000e+01  0.000000e+00
    endloop
  endfacet
  facet normal  0.000000e+00  0.000000e+00 -1.000000e+00
    outer loop
      vertex  8.600000e+01 -6.500000e+01  0.000000e+00
      vertex  8.292846e+01 -6.220000e+01  0.000000e+00
      vertex  8.310526e+01 -6.182085e+01  0.000000e+00
    endloop
  endfacet
  facet normal  0.000000e+00  0.000000e+00 -1.000000e+00
    outer loop
      vertex  8.600000e+01 -6.500000e+01  0.000000e+00
      vertex  8.310526e+01 -6.182085e+01  0.000000e+00
      vertex  8.321354e+01 -6.141676e+01  0.000000e+00
    endloop
  endfacet
  facet normal  0.000000e+00  0.000000e+00 -1.000000e+00
    outer loop
      vertex  8.600000e+01 -6.500000e+01  0.000000e+00
      vertex  8.321354e+01 -6.141676e+01  0.000000e+00
      vertex  8.325000e+01 -6.100000e+01  0.000000e+00
    endloop
  endfacet
  facet normal  0.000000e+00  0.000000e+00 -1.000000e+00
    outer loop
      vertex  8.600000e+01 -6.500000e+01  0.000000e+00
      vertex  8.325000e+01 -6.100000e+01  0.000000e+00
      vertex  8.321354e+01 -6.058324e+01  0.000000e+00
    endloop
  endfacet
  facet normal  0.000000e+00  0.000000e+00 -1.000000e+00
    outer loop
      vertex  8.600000e+01 -6.500000e+01  0.000000e+00
      vertex  8.321354e+01 -6.058324e+01  0.000000e+00
      vertex  8.310526e+01 -6.017915e+01  0.000000e+00
    endloop
  endfacet
  facet normal  0.000000e+00  0.000000e+00 -1.000000e+00
    outer loop
      vertex  8.600000e+01 -6.500000e+01  0.000000e+00
      vertex  8.310526e+01 -6.017915e+01  0.000000e+00
      vertex  8.292846e+01 -5.980000e+01  0.000000e+00
    endloop
  endfacet
  facet normal  0.000000e+00  0.000000e+00 -1.000000e+00
    outer loop
      vertex  8.600000e+01 -6.500000e+01  0.000000e+00
      vertex  8.292846e+01 -5.980000e+01  0.000000e+00
      vertex  8.000000e+01  5.800000e+01  0.000000e+00
    endloop
  endfacet
  facet normal  0.000000e+00  0.000000e+00 -1.000000e+00
    outer loop
      vertex  8.600000e+01 -6.500000e+01  0.000000e+00
      vertex  8.000000e+01  5.800000e+01  0.000000e+00
      vertex  8.046931e+01  5.803693e+01  0.000000e+00
    endloop
  endfacet
  facet normal  0.000000e+00  0.000000e+00 -1.000000e+00
    outer loop
      vertex  8.600000e+01 -6.500000e+01  0.000000e+00
      vertex  8.046931e+01  5.803693e+01  0.000000e+00
      vertex  8.092705e+01  5.814683e+01  0.000000e+00
    endloop
  endfacet
  facet normal  0.000000e+00  0.000000e+00 -9.999999e-01
    outer loop
      vertex  8.600000e+01 -6.500000e+01  0.000000e+00
      vertex  8.092705e+01  5.814683e+01  0.000000e+00
      vertex  8.136197e+01  5.832698e+01  0.000000e+00
    endloop
  endfacet
  facet normal  0.000000e+00  0.000000e+00 -1.000000e+00
    outer loop
      vertex  8.600000e+01 -6.500000e+01  0.000000e+00
      vertex  8.136197e+01  5.832698e+01  0.000000e+00
      vertex  8.176336e+01  5.857295e+01  0.000000e+00
    endloop
  endfacet
  facet normal  0.000000e+00  0.000000e+00 -1.000000e+00
    outer loop
      vertex  8.600000e+01 -6.500000e+01  0.000000e+00
      vertex  8.176336e+01  5.857295e+01  0.000000e+00
      vertex  8.212132e+01  5.887868e+01  0.000000e+00
    endloop
  endfacet
  facet normal  0.000000e+00  0.000000e+00 -1.000000e+00
    outer loop
      vertex  8.600000e+01 -6.500000e+01  0.000000e+00
      vertex  8.212132e+01  5.887868e+01  0.000000e+00
      vertex  8.242705e+01  5.923664e+01  0.000000e+00
    endloop
  endfacet
  facet normal  0.000000e+00  0.000000e+00 -9.999999e-01
    outer loop
      vertex  8.600000e+01 -6.500000e+01  0.000000e+00
      vertex  8.242705e+01  5.923664e+01  0.000000e+00
      vertex  8.267302e+01  5.963803e+01  0.000000e+00
    endloop
  endfacet
  facet normal  0.000000e+00  0.000000e+00 -1.000000e+00
    outer loop
      vertex  8.600000e+01 -6.500000e+01  0.000000e+00
      vertex  8.267302e+01  5.963803e+01  0.000000e+00
      vertex  8.285317e+01  6.007295e+01  0.000000e+00
    endloop
  endfacet
  facet normal  0.000000e+00  0.000000e+00 -1.000000e+00
    outer loop
      vertex  8.600000e+01 -6.500000e+01  0.000000e+00
      vertex  8.285317e+01  6.007295e+01  0.000000e+00
      vertex  8.296307e+01  6.053070e+01  0.000000e+00
    endloop
  endfacet
  facet normal  0.000000e+00  0.000000e+00 -1.000000e+00
    outer loop
      vertex  8.600000e+01 -6.500000e+01  0.000000e+00
      vertex  8.296307e+01  6.053070e+01  0.000000e+00
      vertex  8.300000e+01  6.100000e+01  0.000000e+00
    endloop
  endfacet
  facet normal  0.000000e+00  0.000000e+00 -1.000000e+00
    outer loop
      vertex  8.600000e+01  6.500000e+01  0.000000e+00
      vertex  8.600000e+01 -6.500000e+01  0.000000e+00
      vertex  8.300000e+01  6.100000e+01  0.000000e+00
    endloop
  endfacet
  facet normal  0.000000e+00  0.000000e+00 -1.000000e+00
    outer loop
      vertex  8.600000e+01  6.500000e+01  0.000000e+00
      vertex  8.300000e+01  6.100000e+01  0.000000e+00
      vertex  8.296307e+01  6.146930e+01  0.000000e+00
    endloop
  endfacet
  facet normal  0.000000e+00  0.000000e+00 -1.000000e+00
    outer loop
      vertex  8.600000e+01  6.500000e+01  0.000000e+00
      vertex  8.296307e+01  6.146930e+01  0.000000e+00
      vertex  8.285317e+01  6.192705e+01  0.000000e+00
    endloop
  endfacet
  facet normal  0.000000e+00  0.000000e+00 -1.000000e+00
    outer loop
      vertex  8.600000e+01  6.500000e+01  0.000000e+00
      vertex  8.285317e+01  6.192705e+01  0.000000e+00
      vertex  8.267302e+01  6.236197e+01  0.000000e+00
    endloop
  endfacet
  facet normal  0.000000e+00  0.000000e+00 -9.999999e-01
    outer loop
      vertex  8.600000e+01  6.500000e+01  0.000000e+00
      vertex  8.267302e+01  6.236197e+01  0.000000e+00
      vertex  8.242705e+01  6.276336e+01  0.000000e+00
    endloop
  endfacet
  facet normal  0.000000e+00  0.000000e+00 -1.000000e+00
    outer loop
      vertex  8.600000e+01  6.500000e+01  0.000000e+00
      vertex  8.242705e+01  6.276336e+01  0.000000e+00
      vertex  8.212132e+01  6.312132e+01  0.000000e+00
    endloop
  endfacet
  facet normal  0.000000e+00  0.000000e+00 -1.000000e+00
    outer loop
      vertex  8.600000e+01  6.500000e+01  0.000000e+00
      vertex  8.212132e+01  6.312132e+01  0.000000e+00
      vertex  8.176336e+01  6.342705e+01  0.000000e+00
    endloop
  endfacet
  facet normal  0.000000e+00  0.000000e+00 -1.000000e+00
    outer loop
      vertex  8.600000e+01  6.500000e+01  0.000000e+00
      vertex  8.176336e+01  6.342705e+01  0.000000e+00
      vertex  8.136197e+01  6.367302e+01  0.000000e+00
    endloop
  endfacet
  facet normal  0.000000e+00  0.000000e+00 -1.000000e+00
    outer loop
      vertex  8.600000e+01  6.500000e+01  0.000000e+00
      vertex  8.136197e+01  6.367302e+01  0.000000e+00
      vertex  8.092705e+01  6.385317e+01  0.000000e+00
    endloop
  endfacet
  facet normal  0.000000e+00  0.000000e+00 -1.000000e+00
    outer loop
      vertex  8.600000e+01  6.500000e+01  0.000000e+00
      vertex  8.092705e+01  6.385317e+01  0.000000e+00
      vertex  8.046931e+01  6.396307e+01  0.000000e+00
    endloop
  endfacet
  facet normal  0.000000e+00  0.000000e+00 -1.000000e+00
    outer loop
      vertex  8.200000e+01 -6.900000e+01  0.000000e+00
      vertex -8.200000e+01 -6.900000e+01  0.000000e+00
      vertex  8.085000e+01 -6.340000e+01  0.000000e+00
    endloop
  endfacet
  facet normal  -0.000000e+00  0.000000e+00 -1.000000e+00
    outer loop
      vertex  8.085000e+01 -6.340000e+01  0.000000e+00
      vertex -8.200000e+01 -6.900000e+01  0.000000e+00
      vertex  7.915000e+01 -6.340000e+01  0.000000e+00
    endloop
  endfacet
  facet normal  0.000000e+00  0.000000e+00 -1.000000e+00
    outer loop
      vertex -8.200000e+01 -6.900000e+01  0.000000e+00
      vertex -8.600000e+01 -6.500000e+01  0.000000e+00
      vertex  7.915000e+01 -6.340000e+01  0.000000e+00
    endloop
  endfacet
  facet normal  -0.000000e+00  0.000000e+00 -1.000000e+00
    outer loop
      vertex  7.915000e+01 -6.340000e+01  0.000000e+00
      vertex -8.600000e+01 -6.500000e+01  0.000000e+00
      vertex -8.000000e+01 -6.340000e+01  0.000000e+00
    endloop
  endfacet
  facet normal  0.000000e+00  0.000000e+00 -9.999999e-01
    outer loop
      vertex  7.863803e+01  6.367302e+01  0.000000e+00
      vertex -7.845731e+01  6.368851e+01  0.000000e+00
      vertex  7.907295e+01  6.385317e+01  0.000000e+00
    endloop
  endfacet
  facet normal  -0.000000e+00  0.000000e+00 -1.000000e+00
    outer loop
      vertex  7.907295e+01  6.385317e+01  0.000000e+00
      vertex -7.845731e+01  6.368851e+01  0.000000e+00
      vertex -7.880000e+01  6.392846e+01  0.000000e+00
    endloop
  endfacet
  facet normal  0.000000e+00  0.000000e+00 -1.000000e+00
    outer loop
      vertex  7.907295e+01  6.385317e+01  0.000000e+00
      vertex -7.880000e+01  6.392846e+01  0.000000e+00
      vertex  7.953069e+01  6.396307e+01  0.000000e+00
    endloop
  endfacet
  facet normal  -0.000000e+00  0.000000e+00 -1.000000e+00
    outer loop
      vertex  7.953069e+01  6.396307e+01  0.000000e+00
      vertex -7.880000e+01  6.392846e+01  0.000000e+00
      vertex -7.917915e+01  6.410526e+01  0.000000e+00
    endloop
  endfacet
  facet normal  0.000000e+00  0.000000e+00 -1.000000e+00
    outer loop
      vertex  7.953069e+01  6.396307e+01  0.000000e+00
      vertex -7.917915e+01  6.410526e+01  0.000000e+00
      vertex  8.000000e+01  6.400000e+01  0.000000e+00
    endloop
  endfacet
  facet normal  0.000000e+00  0.000000e+00 -1.000000e+00
    outer loop
      vertex  7.700000e+01  6.100000e+01  0.000000e+00
      vertex -7.760000e+01  6.015000e+01  0.000000e+00
      vertex  7.703693e+01  6.146930e+01  0.000000e+00
    endloop
  endfacet
  facet normal  -0.000000e+00  0.000000e+00 -1.000000e+00
    outer loop
      vertex  7.703693e+01  6.146930e+01  0.000000e+00
      vertex -7.760000e+01  6.015000e+01  0.000000e+00
      vertex -7.760000e+01  6.185000e+01  0.000000e+00
    endloop
  endfacet
  facet normal  0.000000e+00  0.000000e+00 -1.000000e+00
    outer loop
      vertex  7.703693e+01  6.146930e+01  0.000000e+00
      vertex -7.760000e+01  6.185000e+01  0.000000e+00
      vertex  7.714683e+01  6.192705e+01  0.000000e+00
    endloop
  endfacet
  facet normal  -0.000000e+00  0.000000e+00 -1.000000e+00
    outer loop
      vertex  7.714683e+01  6.192705e+01  0.000000e+00
      vertex -7.760000e+01  6.185000e+01  0.000000e+00
      vertex -7.763646e+01  6.226675e+01  0.000000e+00
    endloop
  endfacet
  facet normal  0.000000e+00  0.000000e+00 -1.000000e+00
    outer loop
      vertex  7.714683e+01  6.192705e+01  0.000000e+00
      vertex -7.763646e+01  6.226675e+01  0.000000e+00
      vertex  7.732698e+01  6.236197e+01  0.000000e+00
    endloop
  endfacet
  facet normal  -0.000000e+00  0.000000e+00 -1.000000e+00
    outer loop
      vertex  7.732698e+01  6.236197e+01  0.000000e+00
      vertex -7.763646e+01  6.226675e+01  0.000000e+00
      vertex -7.774474e+01  6.267085e+01  0.000000e+00
    endloop
  endfacet
  facet normal  0.000000e+00  0.000000e+00 -1.000000e+00
    outer loop
      vertex  7.732698e+01  6.236197e+01  0.000000e+00
      vertex -7.774474e+01  6.267085e+01  0.000000e+00
      vertex  7.757295e+01  6.276336e+01  0.000000e+00
    endloop
  endfacet
  facet normal  -0.000000e+00  0.000000e+00 -1.000000e+00
    outer loop
      vertex  7.757295e+01  6.276336e+01  0.000000e+00
      vertex -7.774474e+01  6.267085e+01  0.000000e+00
      vertex -7.792154e+01  6.305000e+01  0.000000e+00
    endloop
  endfacet
  facet normal  0.000000e+00  0.000000e+00 -1.000000e+00
    outer loop
      vertex  7.757295e+01  6.276336e+01  0.000000e+00
      vertex -7.792154e+01  6.305000e+01  0.000000e+00
      vertex  7.787868e+01  6.312132e+01  0.000000e+00
    endloop
  endfacet
  facet normal  -0.000000e+00  0.000000e+00 -1.000000e+00
    outer loop
      vertex  7.787868e+01  6.312132e+01  0.000000e+00
      vertex -7.792154e+01  6.305000e+01  0.000000e+00
      vertex -7.816149e+01  6.339269e+01  0.000000e+00
    endloop
  endfacet
  facet normal  0.000000e+00  0.000000e+00 -1.000000e+00
    outer loop
      vertex  7.787868e+01  6.312132e+01  0.000000e+00
      vertex -7.816149e+01  6.339269e+01  0.000000e+00
      vertex  7.823664e+01  6.342705e+01  0.000000e+00
    endloop
  endfacet
  facet normal  -0.000000e+00  0.000000e+00 -1.000000e+00
    outer loop
      vertex  7.823664e+01  6.342705e+01  0.000000e+00
      vertex -7.816149e+01  6.339269e+01  0.000000e+00
      vertex -7.845731e+01  6.368851e+01  0.000000e+00
    endloop
  endfacet
  facet normal  0.000000e+00  0.000000e+00 -1.000000e+00
    outer loop
      vertex  7.823664e+01  6.342705e+01  0.000000e+00
      vertex -7.845731e+01  6.368851e+01  0.000000e+00
      vertex  7.863803e+01  6.367302e+01  0.000000e+00
    endloop
  endfacet
  facet normal  0.000000e+00  0.000000e+00 -1.000000e+00
    outer loop
      vertex  7.953069e+01  5.803693e+01  0.000000e+00
      vertex -7.880000e+01  5.807154e+01  0.000000e+00
      vertex  7.907295e+01  5.814683e+01  0.000000e+00
    endloop
  endfacet
  facet normal  -0.000000e+00  0.000000e+00 -1.000000e+00
    outer loop
      vertex  7.907295e+01  5.814683e+01  0.000000e+00
      vertex -7.880000e+01  5.807154e+01  0.000000e+00
      vertex -7.845731e+01  5.831149e+01  0.000000e+00
    endloop
  endfacet
  facet normal  0.000000e+00  0.000000e+00 -9.999999e-01
    outer loop
      vertex  7.907295e+01  5.814683e+01  0.000000e+00
      vertex -7.845731e+01  5.831149e+01  0.000000e+00
      vertex  7.863803e+01  5.832698e+01  0.000000e+00
    endloop
  endfacet
  facet normal  -0.000000e+00  0.000000e+00 -1.000000e+00
    outer loop
      vertex  7.863803e+01  5.832698e+01  0.000000e+00
      vertex -7.845731e+01  5.831149e+01  0.000000e+00
      vertex -7.816149e+01  5.860731e+01  0.000000e+00
    endloop
  endfacet
  facet normal  0.000000e+00  0.000000e+00 -1.000000e+00
    outer loop
      vertex  7.863803e+01  5.832698e+01  0.000000e+00
      vertex -7.816149e+01  5.860731e+01  0.000000e+00
      vertex  7.823664e+01  5.857295e+01  0.000000e+00
    endloop
  endfacet
  facet normal  0.000000e+00  0.000000e+00 -9.999999e-01
    outer loop
      vertex  7.823664e+01  5.857295e+01  0.000000e+00
      vertex -7.816149e+01  5.860731e+01  0.000000e+00
      vertex -7.792154e+01  5.895000e+01  0.000000e+00
    endloop
  endfacet
  facet normal  0.000000e+00  0.000000e+00 -1.000000e+00
    outer loop
      vertex  7.823664e+01  5.857295e+01  0.000000e+00
      vertex -7.792154e+01  5.895000e+01  0.000000e+00
      vertex  7.787868e+01  5.887868e+01  0.000000e+00
    endloop
  endfacet
  facet normal  0.000000e+00  0.000000e+00 -9.999999e-01
    outer loop
      vertex  7.787868e+01  5.887868e+01  0.000000e+00
      vertex -7.792154e+01  5.895000e+01  0.000000e+00
      vertex -7.774474e+01  5.932915e+01  0.000000e+00
    endloop
  endfacet
  facet normal  0.000000e+00  0.000000e+00 -9.999999e-01
    outer loop
      vertex  7.787868e+01  5.887868e+01  0.000000e+00
      vertex -7.774474e+01  5.932915e+01  0.000000e+00
      vertex  7.757295e+01  5.923664e+01  0.000000e+00
    endloop
  endfacet
  facet normal  0.000000e+00  0.000000e+00 -1.000000e+00
    outer loop
      vertex  7.757295e+01  5.923664e+01  0.000000e+00
      vertex -7.774474e+01  5.932915e+01  0.000000e+00
      vertex -7.763646e+01  5.973325e+01  0.000000e+00
    endloop
  endfacet
  facet normal  0.000000e+00  0.000000e+00 -1.000000e+00
    outer loop
      vertex  7.757295e+01  5.923664e+01  0.000000e+00
      vertex -7.763646e+01  5.973325e+01  0.000000e+00
      vertex  7.732698e+01  5.963803e+01  0.000000e+00
    endloop
  endfacet
  facet normal  0.000000e+00  0.000000e+00 -1.000000e+00
    outer loop
      vertex  7.732698e+01  5.963803e+01  0.000000e+00
      vertex -7.763646e+01  5.973325e+01  0.000000e+00
      vertex -7.760000e+01  6.015000e+01  0.000000e+00
    endloop
  endfacet
  facet normal  0.000000e+00  0.000000e+00 -1.000000e+00
    outer loop
      vertex  7.732698e+01  5.963803e+01  0.000000e+00
      vertex -7.760000e+01  6.015000e+01  0.000000e+00
      vertex  7.714683e+01  6.007295e+01  0.000000e+00
    endloop
  endfacet
  facet normal  0.000000e+00  0.000000e+00 -1.000000e+00
    outer loop
      vertex  7.675000e+01 -6.100000e+01  0.000000e+00
      vertex -7.763646e+01 -6.058324e+01  0.000000e+00
      vertex  7.678646e+01 -6.058324e+01  0.000000e+00
    endloop
  endfacet
  facet normal  0.000000e+00  0.000000e+00 -1.000000e+00
    outer loop
      vertex  7.678646e+01 -6.058324e+01  0.000000e+00
      vertex -7.763646e+01 -6.058324e+01  0.000000e+00
      vertex -7.774474e+01 -6.017915e+01  0.000000e+00
    endloop
  endfacet
  facet normal  0.000000e+00  0.000000e+00 -1.000000e+00
    outer loop
      vertex  7.678646e+01 -6.058324e+01  0.000000e+00
      vertex -7.774474e+01 -6.017915e+01  0.000000e+00
      vertex  7.689474e+01 -6.017915e+01  0.000000e+00
    endloop
  endfacet
  facet normal  0.000000e+00  0.000000e+00 -1.000000e+00
    outer loop
      vertex  7.689474e+01 -6.017915e+01  0.000000e+00
      vertex -7.774474e+01 -6.017915e+01  0.000000e+00
      vertex -7.792154e+01 -5.980000e+01  0.000000e+00
    endloop
  endfacet
  facet normal  0.000000e+00  0.000000e+00 -1.000000e+00
    outer loop
      vertex  7.689474e+01 -6.017915e+01  0.000000e+00
      vertex -7.792154e+01 -5.980000e+01  0.000000e+00
      vertex  7.707154e+01 -5.980000e+01  0.000000e+00
    endloop
  endfacet
  facet normal  0.000000e+00  0.000000e+00 -1.000000e+00
    outer loop
      vertex  7.707154e+01 -5.980000e+01  0.000000e+00
      vertex -7.792154e+01 -5.980000e+01  0.000000e+00
      vertex -7.816149e+01 -5.945731e+01  0.000000e+00
    endloop
  endfacet
  facet normal  0.000000e+00  0.000000e+00 -1.000000e+00
    outer loop
      vertex  7.707154e+01 -5.980000e+01  0.000000e+00
      vertex -7.816149e+01 -5.945731e+01  0.000000e+00
      vertex  7.731149e+01 -5.945731e+01  0.000000e+00
    endloop
  endfacet
  facet normal  0.000000e+00  0.000000e+00 -1.000000e+00
    outer loop
      vertex  7.731149e+01 -5.945731e+01  0.000000e+00
      vertex -7.816149e+01 -5.945731e+01  0.000000e+00
      vertex -7.845731e+01 -5.916150e+01  0.000000e+00
    endloop
  endfacet
  facet normal  0.000000e+00  0.000000e+00 -9.999999e-01
    outer loop
      vertex  7.731149e+01 -5.945731e+01  0.000000e+00
      vertex -7.845731e+01 -5.916150e+01  0.000000e+00
      vertex  7.760731e+01 -5.916150e+01  0.000000e+00
    endloop
  endfacet
  facet normal  0.000000e+00  0.000000e+00 -1.000000e+00
    outer loop
      vertex  7.760731e+01 -5.916150e+01  0.000000e+00
      vertex -7.845731e+01 -5.916150e+01  0.000000e+00
      vertex -7.880000e+01 -5.892154e+01  0.000000e+00
    endloop
  endfacet
  facet normal  0.000000e+00  0.000000e+00 -1.000000e+00
    outer loop
      vertex  7.760731e+01 -5.916150e+01  0.000000e+00
      vertex -7.880000e+01 -5.892154e+01  0.000000e+00
      vertex  7.795000e+01 -5.892154e+01  0.000000e+00
    endloop
  endfacet
  facet normal  0.000000e+00  0.000000e+00 -1.000000e+00
    outer loop
      vertex  7.795000e+01 -5.892154e+01  0.000000e+00
      vertex -7.880000e+01 -5.892154e+01  0.000000e+00
      vertex -7.917915e+01 -5.874474e+01  0.000000e+00
    endloop
  endfacet
  facet normal  0.000000e+00  0.000000e+00 -1.000000e+00
    outer loop
      vertex  7.795000e+01 -5.892154e+01  0.000000e+00
      vertex -7.917915e+01 -5.874474e+01  0.000000e+00
      vertex  7.832915e+01 -5.874474e+01  0.000000e+00
    endloop
  endfacet
  facet normal  0.000000e+00  0.000000e+00 -1.000000e+00
    outer loop
      vertex  7.832915e+01 -5.874474e+01  0.000000e+00
      vertex -7.917915e+01 -5.874474e+01  0.000000e+00
      vertex -7.958324e+01 -5.863646e+01  0.000000e+00
    endloop
  endfacet
  facet normal  0.000000e+00  0.000000e+00 -1.000000e+00
    outer loop
      vertex  7.832915e+01 -5.874474e+01  0.000000e+00
      vertex -7.958324e+01 -5.863646e+01  0.000000e+00
      vertex  7.873325e+01 -5.863646e+01  0.000000e+00
    endloop
  endfacet
  facet normal  0.000000e+00  0.000000e+00 -1.000000e+00
    outer loop
      vertex -7.763646e+01 -6.058324e+01  0.000000e+00
      vertex  7.675000e+01 -6.100000e+01  0.000000e+00
      vertex -7.760000e+01 -6.100000e+01  0.000000e+00
    endloop
  endfacet
  facet normal  0.000000e+00  0.000000e+00 -1.000000e+00
    outer loop
      vertex -7.760000e+01 -6.100000e+01  0.000000e+00
      vertex  7.675000e+01 -6.100000e+01  0.000000e+00
      vertex  7.678646e+01 -6.141676e+01  0.000000e+00
    endloop
  endfacet
  facet normal  0.000000e+00  0.000000e+00 -1.000000e+00
    outer loop
      vertex -7.760000e+01 -6.100000e+01  0.000000e+00
      vertex  7.678646e+01 -6.141676e+01  0.000000e+00
      vertex -7.763646e+01 -6.141676e+01  0.000000e+00
    endloop
  endfacet
  facet normal  0.000000e+00  0.000000e+00 -1.000000e+00
    outer loop
      vertex -7.763646e+01 -6.141676e+01  0.000000e+00
      vertex  7.678646e+01 -6.141676e+01  0.000000e+00
      vertex  7.689474e+01 -6.182085e+01  0.000000e+00
    endloop
  endfacet
  facet normal  0.000000e+00  0.000000e+00 -1.000000e+00
    outer loop
      vertex -7.763646e+01 -6.141676e+01  0.000000e+00
      vertex  7.689474e+01 -6.182085e+01  0.000000e+00
      vertex -7.774474e+01 -6.182085e+01  0.000000e+00
    endloop
  endfacet
  facet normal  0.000000e+00  0.000000e+00 -1.000000e+00
    outer loop
      vertex -7.774474e+01 -6.182085e+01  0.000000e+00
      vertex  7.689474e+01 -6.182085e+01  0.000000e+00
      vertex  7.707154e+01 -6.220000e+01  0.000000e+00
    endloop
  endfacet
  facet normal  0.000000e+00  0.000000e+00 -1.000000e+00
    outer loop
      vertex -7.774474e+01 -6.182085e+01  0.000000e+00
      vertex  7.707154e+01 -6.220000e+01  0.000000e+00
      vertex -7.792154e+01 -6.220000e+01  0.000000e+00
    endloop
  endfacet
  facet normal  0.000000e+00  0.000000e+00 -1.000000e+00
    outer loop
      vertex -7.792154e+01 -6.220000e+01  0.000000e+00
      vertex  7.707154e+01 -6.220000e+01  0.000000e+00
      vertex  7.731149e+01 -6.254269e+01  0.000000e+00
    endloop
  endfacet
  facet normal  0.000000e+00  0.000000e+00 -1.000000e+00
    outer loop
      vertex -7.792154e+01 -6.220000e+01  0.000000e+00
      vertex  7.731149e+01 -6.254269e+01  0.000000e+00
      vertex -7.816149e+01 -6.254269e+01  0.000000e+00
    endloop
  endfacet
  facet normal  0.000000e+00  0.000000e+00 -1.000000e+00
    outer loop
      vertex -7.816149e+01 -6.254269e+01  0.000000e+00
      vertex  7.731149e+01 -6.254269e+01  0.000000e+00
      vertex  7.760731e+01 -6.283850e+01  0.000000e+00
    endloop
  endfacet
  facet normal  0.000000e+00  0.000000e+00 -9.999999e-01
    outer loop
      vertex -7.816149e+01 -6.254269e+01  0.000000e+00
      vertex  7.760731e+01 -6.283850e+01  0.000000e+00
      vertex -7.845731e+01 -6.283850e+01  0.000000e+00
    endloop
  endfacet
  facet normal  0.000000e+00  0.000000e+00 -1.000000e+00
    outer loop
      vertex -7.845731e+01 -6.283850e+01  0.000000e+00
      vertex  7.760731e+01 -6.283850e+01  0.000000e+00
      vertex  7.795000e+01 -6.307846e+01  0.000000e+00
    endloop
  endfacet
  facet normal  0.000000e+00  0.000000e+00 -1.000000e+00
    outer loop
      vertex -7.845731e+01 -6.283850e+01  0.000000e+00
      vertex  7.795000e+01 -6.307846e+01  0.000000e+00
      vertex -7.880000e+01 -6.307846e+01  0.000000e+00
    endloop
  endfacet
  facet normal  0.000000e+00  0.000000e+00 -1.000000e+00
    outer loop
      vertex -7.880000e+01 -6.307846e+01  0.000000e+00
      vertex  7.795000e+01 -6.307846e+01  0.000000e+00
      vertex  7.832915e+01 -6.325526e+01  0.000000e+00
    endloop
  endfacet
  facet normal  0.000000e+00  0.000000e+00 -1.000000e+00
    outer loop
      vertex -7.880000e+01 -6.307846e+01  0.000000e+00
      vertex  7.832915e+01 -6.325526e+01  0.000000e+00
      vertex -7.917915e+01 -6.325526e+01  0.000000e+00
    endloop
  endfacet
  facet normal  0.000000e+00  0.000000e+00 -1.000000e+00
    outer loop
      vertex -7.917915e+01 -6.325526e+01  0.000000e+00
      vertex  7.832915e+01 -6.325526e+01  0.000000e+00
      vertex  7.873325e+01 -6.336354e+01  0.000000e+00
    endloop
  endfacet
  facet normal  0.000000e+00  0.000000e+00 -1.000000e+00
    outer loop
      vertex -7.917915e+01 -6.325526e+01  0.000000e+00
      vertex  7.873325e+01 -6.336354e+01  0.000000e+00
      vertex -7.958324e+01 -6.336354e+01  0.000000e+00
    endloop
  endfacet
  facet normal  0.000000e+00  0.000000e+00 -1.000000e+00
    outer loop
      vertex -7.958324e+01 -6.336354e+01  0.000000e+00
      vertex  7.873325e+01 -6.336354e+01  0.000000e+00
      vertex  7.915000e+01 -6.340000e+01  0.000000e+00
    endloop
  endfacet
  facet normal  0.000000e+00  0.000000e+00 -1.000000e+00
    outer loop
      vertex -7.958324e+01 -6.336354e+01  0.000000e+00
      vertex  7.915000e+01 -6.340000e+01  0.000000e+00
      vertex -8.000000e+01 -6.340000e+01  0.000000e+00
    endloop
  endfacet
  facet normal  0.000000e+00  0.000000e+00  1.000000e+00
    outer loop
      vertex  7.700000e+01  6.100000e+01  2.000000e+00
      vertex -7.760000e+01  6.015000e+01  2.000000e+00
      vertex  7.703693e+01  6.053070e+01  2.000000e+00
    endloop
  endfacet
  facet normal  0.000000e+00  -0.000000e+00  1.000000e+00
    outer loop
      vertex -8.183851e+01 -5.945731e+01  2.000000e+00
      vertex -8.154269e+01 -5.916150e+01  2.000000e+00
      vertex -8.000000e+01  5.775000e+01  2.000000e+00
    endloop
  endfacet
  facet normal  0.000000e+00  -0.000000e+00  1.000000e+00
    outer loop
      vertex -8.154269e+01 -5.916150e+01  2.000000e+00
      vertex -8.120000e+01 -5.892154e+01  2.000000e+00
      vertex -8.000000e+01  5.775000e+01  2.000000e+00
    endloop
  endfacet
  facet normal  0.000000e+00  -0.000000e+00  1.000000e+00
    outer loop
      vertex -8.120000e+01 -5.892154e+01  2.000000e+00
      vertex -8.082085e+01 -5.874474e+01  2.000000e+00
      vertex -8.000000e+01  5.775000e+01  2.000000e+00
    endloop
  endfacet
  facet normal  0.000000e+00  -0.000000e+00  1.000000e+00
    outer loop
      vertex -8.082085e+01 -5.874474e+01  2.000000e+00
      vertex -8.041676e+01 -5.863646e+01  2.000000e+00
      vertex -8.000000e+01  5.775000e+01  2.000000e+00
    endloop
  endfacet
  facet normal  0.000000e+00  -0.000000e+00  1.000000e+00
    outer loop
      vertex -8.041676e+01 -5.863646e+01  2.000000e+00
      vertex -8.000000e+01 -5.860000e+01  2.000000e+00
      vertex -8.000000e+01  5.775000e+01  2.000000e+00
    endloop
  endfacet
  facet normal  0.000000e+00  0.000000e+00  1.000000e+00
    outer loop
      vertex  8.000000e+01  6.400000e+01  2.000000e+00
      vertex -7.958324e+01  6.421354e+01  2.000000e+00
      vertex -7.917915e+01  6.410526e+01  2.000000e+00
    endloop
  endfacet
  facet normal  0.000000e+00  0.000000e+00  1.000000e+00
    outer loop
      vertex -7.760000e+01  6.015000e+01  2.000000e+00
      vertex  7.714683e+01  6.007295e+01  2.000000e+00
      vertex  7.703693e+01  6.053070e+01  2.000000e+00
    endloop
  endfacet
  facet normal  0.000000e+00  0.000000e+00  1.000000e+00
    outer loop
      vertex -7.880000e+01  5.807154e+01  2.000000e+00
      vertex  8.000000e+01  5.800000e+01  2.000000e+00
      vertex  7.953069e+01  5.803693e+01  2.000000e+00
    endloop
  endfacet
  facet normal  0.000000e+00  0.000000e+00  1.000000e+00
    outer loop
      vertex  8.292846e+01 -5.980000e+01  2.000000e+00
      vertex  8.000000e+01  5.800000e+01  2.000000e+00
      vertex  8.268851e+01 -5.945731e+01  2.000000e+00
    endloop
  endfacet
  facet normal  0.000000e+00  0.000000e+00  1.000000e+00
    outer loop
      vertex  8.268851e+01 -5.945731e+01  2.000000e+00
      vertex  8.000000e+01  5.800000e+01  2.000000e+00
      vertex  8.239269e+01 -5.916150e+01  2.000000e+00
    endloop
  endfacet
  facet normal  0.000000e+00  0.000000e+00  1.000000e+00
    outer loop
      vertex  8.239269e+01 -5.916150e+01  2.000000e+00
      vertex  8.000000e+01  5.800000e+01  2.000000e+00
      vertex  8.205000e+01 -5.892154e+01  2.000000e+00
    endloop
  endfacet
  facet normal  0.000000e+00  0.000000e+00  9.999999e-01
    outer loop
      vertex  8.205000e+01 -5.892154e+01  2.000000e+00
      vertex  8.000000e+01  5.800000e+01  2.000000e+00
      vertex  8.167085e+01 -5.874474e+01  2.000000e+00
    endloop
  endfacet
  facet normal  0.000000e+00  0.000000e+00  1.000000e+00
    outer loop
      vertex  8.167085e+01 -5.874474e+01  2.000000e+00
      vertex  8.000000e+01  5.800000e+01  2.000000e+00
      vertex  8.126675e+01 -5.863646e+01  2.000000e+00
    endloop
  endfacet
  facet normal  0.000000e+00  0.000000e+00  1.000000e+00
    outer loop
      vertex  8.085000e+01 -5.860000e+01  2.000000e+00
      vertex  8.126675e+01 -5.863646e+01  2.000000e+00
      vertex  8.000000e+01  5.800000e+01  2.000000e+00
    endloop
  endfacet
  facet normal  -0.000000e+00  -0.000000e+00  1.000000e+00
    outer loop
      vertex -8.600000e+01 -6.500000e+01  2.000000e+00
      vertex -8.596578e+01 -6.552210e+01  2.000000e+00
      vertex -8.586370e+01 -6.603528e+01  2.000000e+00
    endloop
  endfacet
  facet normal  -0.000000e+00  -0.000000e+00  1.000000e+00
    outer loop
      vertex -8.600000e+01 -6.500000e+01  2.000000e+00
      vertex -8.586370e+01 -6.603528e+01  2.000000e+00
      vertex -8.569552e+01 -6.653073e+01  2.000000e+00
    endloop
  endfacet
  facet normal  -0.000000e+00  -0.000000e+00  1.000000e+00
    outer loop
      vertex -8.600000e+01 -6.500000e+01  2.000000e+00
      vertex -8.569552e+01 -6.653073e+01  2.000000e+00
      vertex -8.546410e+01 -6.700000e+01  2.000000e+00
    endloop
  endfacet
  facet normal  -0.000000e+00  -0.000000e+00  1.000000e+00
    outer loop
      vertex -8.600000e+01 -6.500000e+01  2.000000e+00
      vertex -8.546410e+01 -6.700000e+01  2.000000e+00
      vertex -8.517342e+01 -6.743504e+01  2.000000e+00
    endloop
  endfacet
  facet normal  -0.000000e+00  -0.000000e+00  1.000000e+00
    outer loop
      vertex -8.600000e+01 -6.500000e+01  2.000000e+00
      vertex -8.517342e+01 -6.743504e+01  2.000000e+00
      vertex -8.482843e+01 -6.782843e+01  2.000000e+00
    endloop
  endfacet
  facet normal  -0.000000e+00  -0.000000e+00  1.000000e+00
    outer loop
      vertex -8.600000e+01 -6.500000e+01  2.000000e+00
      vertex -8.482843e+01 -6.782843e+01  2.000000e+00
      vertex -8.443504e+01 -6.817342e+01  2.000000e+00
    endloop
  endfacet
  facet normal  -0.000000e+00  -0.000000e+00  1.000000e+00
    outer loop
      vertex -8.600000e+01 -6.500000e+01  2.000000e+00
      vertex -8.443504e+01 -6.817342e+01  2.000000e+00
      vertex -8.400000e+01 -6.846410e+01  2.000000e+00
    endloop
  endfacet
  facet normal  -0.000000e+00  -0.000000e+00  1.000000e+00
    outer loop
      vertex -8.600000e+01 -6.500000e+01  2.000000e+00
      vertex -8.400000e+01 -6.846410e+01  2.000000e+00
      vertex -8.353073e+01 -6.869552e+01  2.000000e+00
    endloop
  endfacet
  facet normal  -0.000000e+00  -0.000000e+00  1.000000e+00
    outer loop
      vertex -8.600000e+01 -6.500000e+01  2.000000e+00
      vertex -8.353073e+01 -6.869552e+01  2.000000e+00
      vertex -8.303528e+01 -6.886370e+01  2.000000e+00
    endloop
  endfacet
  facet normal  -0.000000e+00  -0.000000e+00  9.999999e-01
    outer loop
      vertex -8.600000e+01 -6.500000e+01  2.000000e+00
      vertex -8.303528e+01 -6.886370e+01  2.000000e+00
      vertex -8.252210e+01 -6.896578e+01  2.000000e+00
    endloop
  endfacet
  facet normal  -0.000000e+00  -0.000000e+00  1.000000e+00
    outer loop
      vertex -8.600000e+01 -6.500000e+01  2.000000e+00
      vertex -8.252210e+01 -6.896578e+01  2.000000e+00
      vertex -8.200000e+01 -6.900000e+01  2.000000e+00
    endloop
  endfacet
  facet normal  0.000000e+00  -0.000000e+00  1.000000e+00
    outer loop
      vertex  8.085000e+01 -6.340000e+01  2.000000e+00
      vertex  8.200000e+01 -6.900000e+01  2.000000e+00
      vertex  8.252210e+01 -6.896578e+01  2.000000e+00
    endloop
  endfacet
  facet normal  0.000000e+00  -0.000000e+00  9.999999e-01
    outer loop
      vertex  8.085000e+01 -6.340000e+01  2.000000e+00
      vertex  8.252210e+01 -6.896578e+01  2.000000e+00
      vertex  8.303528e+01 -6.886370e+01  2.000000e+00
    endloop
  endfacet
  facet normal  0.000000e+00  -0.000000e+00  1.000000e+00
    outer loop
      vertex  8.085000e+01 -6.340000e+01  2.000000e+00
      vertex  8.303528e+01 -6.886370e+01  2.000000e+00
      vertex  8.353073e+01 -6.869552e+01  2.000000e+00
    endloop
  endfacet
  facet normal  0.000000e+00  -0.000000e+00  1.000000e+00
    outer loop
      vertex  8.085000e+01 -6.340000e+01  2.000000e+00
      vertex  8.353073e+01 -6.869552e+01  2.000000e+00
      vertex  8.400000e+01 -6.846410e+01  2.000000e+00
    endloop
  endfacet
  facet normal  0.000000e+00  -0.000000e+00  1.000000e+00
    outer loop
      vertex  8.085000e+01 -6.340000e+01  2.000000e+00
      vertex  8.400000e+01 -6.846410e+01  2.000000e+00
      vertex  8.443504e+01 -6.817342e+01  2.000000e+00
    endloop
  endfacet
  facet normal  0.000000e+00  -0.000000e+00  1.000000e+00
    outer loop
      vertex  8.085000e+01 -6.340000e+01  2.000000e+00
      vertex  8.443504e+01 -6.817342e+01  2.000000e+00
      vertex  8.482843e+01 -6.782843e+01  2.000000e+00
    endloop
  endfacet
  facet normal  0.000000e+00  -0.000000e+00  1.000000e+00
    outer loop
      vertex  8.085000e+01 -6.340000e+01  2.000000e+00
      vertex  8.482843e+01 -6.782843e+01  2.000000e+00
      vertex  8.517342e+01 -6.743504e+01  2.000000e+00
    endloop
  endfacet
  facet normal  0.000000e+00  -0.000000e+00  1.000000e+00
    outer loop
      vertex  8.085000e+01 -6.340000e+01  2.000000e+00
      vertex  8.517342e+01 -6.743504e+01  2.000000e+00
      vertex  8.546410e+01 -6.700000e+01  2.000000e+00
    endloop
  endfacet
  facet normal  0.000000e+00  -0.000000e+00  9.999999e-01
    outer loop
      vertex  8.085000e+01 -6.340000e+01  2.000000e+00
      vertex  8.546410e+01 -6.700000e+01  2.000000e+00
      vertex  8.569552e+01 -6.653073e+01  2.000000e+00
    endloop
  endfacet
  facet normal  0.000000e+00  -0.000000e+00  9.999999e-01
    outer loop
      vertex  8.085000e+01 -6.340000e+01  2.000000e+00
      vertex  8.569552e+01 -6.653073e+01  2.000000e+00
      vertex  8.586370e+01 -6.603528e+01  2.000000e+00
    endloop
  endfacet
  facet normal  0.000000e+00  -0.000000e+00  1.000000e+00
    outer loop
      vertex  8.085000e+01 -6.340000e+01  2.000000e+00
      vertex  8.586370e+01 -6.603528e+01  2.000000e+00
      vertex  8.596578e+01 -6.552210e+01  2.000000e+00
    endloop
  endfacet
  facet normal  0.000000e+00  -0.000000e+00  1.000000e+00
    outer loop
      vertex  8.085000e+01 -6.340000e+01  2.000000e+00
      vertex  8.596578e+01 -6.552210e+01  2.000000e+00
      vertex  8.600000e+01 -6.500000e+01  2.000000e+00
    endloop
  endfacet
  facet normal  0.000000e+00  0.000000e+00  9.999999e-01
    outer loop
      vertex  7.915000e+01 -5.860000e+01  2.000000e+00
      vertex  8.085000e+01 -5.860000e+01  2.000000e+00
      vertex  8.000000e+01  5.800000e+01  2.000000e+00
    endloop
  endfacet
  facet normal  0.000000e+00  0.000000e+00  1.000000e+00
    outer loop
      vertex  7.915000e+01 -5.860000e+01  2.000000e+00
      vertex  8.000000e+01  5.800000e+01  2.000000e+00
      vertex -7.880000e+01  5.807154e+01  2.000000e+00
    endloop
  endfacet
  facet normal  0.000000e+00  0.000000e+00  1.000000e+00
    outer loop
      vertex  7.915000e+01 -5.860000e+01  2.000000e+00
      vertex -7.880000e+01  5.807154e+01  2.000000e+00
      vertex -7.917915e+01  5.789474e+01  2.000000e+00
    endloop
  endfacet
  facet normal  0.000000e+00  0.000000e+00  1.000000e+00
    outer loop
      vertex  7.915000e+01 -5.860000e+01  2.000000e+00
      vertex -7.917915e+01  5.789474e+01  2.000000e+00
      vertex -7.958324e+01  5.778646e+01  2.000000e+00
    endloop
  endfacet
  facet normal  0.000000e+00  0.000000e+00  1.000000e+00
    outer loop
      vertex  7.915000e+01 -5.860000e+01  2.000000e+00
      vertex -7.958324e+01  5.778646e+01  2.000000e+00
      vertex -8.000000e+01  5.775000e+01  2.000000e+00
    endloop
  endfacet
  facet normal  0.000000e+00  0.000000e+00  1.000000e+00
    outer loop
      vertex  7.915000e+01 -5.860000e+01  2.000000e+00
      vertex -8.000000e+01  5.775000e+01  2.000000e+00
      vertex -8.000000e+01 -5.860000e+01  2.000000e+00
    endloop
  endfacet
  facet normal  -0.000000e+00  0.000000e+00  1.000000e+00
    outer loop
      vertex  7.915000e+01 -5.860000e+01  2.000000e+00
      vertex -8.000000e+01 -5.860000e+01  2.000000e+00
      vertex -7.958324e+01 -5.863646e+01  2.000000e+00
    endloop
  endfacet
  facet normal  0.000000e+00  0.000000e+00  1.000000e+00
    outer loop
      vertex  7.915000e+01 -5.860000e+01  2.000000e+00
      vertex -7.958324e+01 -5.863646e+01  2.000000e+00
      vertex  7.873325e+01 -5.863646e+01  2.000000e+00
    endloop
  endfacet
  facet normal  -0.000000e+00  -0.000000e+00  1.000000e+00
    outer loop
      vertex -8.000000e+01  6.425000e+01  2.000000e+00
      vertex -7.958324e+01  6.421354e+01  2.000000e+00
      vertex  8.000000e+01  6.400000e+01  2.000000e+00
    endloop
  endfacet
  facet normal  0.000000e+00  -0.000000e+00  1.000000e+00
    outer loop
      vertex -8.000000e+01  6.425000e+01  2.000000e+00
      vertex  8.000000e+01  6.400000e+01  2.000000e+00
      vertex  8.200000e+01  6.900000e+01  2.000000e+00
    endloop
  endfacet
  facet normal  0.000000e+00  0.000000e+00  1.000000e+00
    outer loop
      vertex -8.000000e+01  6.425000e+01  2.000000e+00
      vertex  8.200000e+01  6.900000e+01  2.000000e+00
      vertex -8.200000e+01  6.900000e+01  2.000000e+00
    endloop
  endfacet
  facet normal  0.000000e+00  0.000000e+00  9.999999e-01
    outer loop
      vertex -8.000000e+01  6.425000e+01  2.000000e+00
      vertex -8.200000e+01  6.900000e+01  2.000000e+00
      vertex -8.252210e+01  6.896578e+01  2.000000e+00
    endloop
  endfacet
  facet normal  0.000000e+00  0.000000e+00  1.000000e+00
    outer loop
      vertex -8.000000e+01  6.425000e+01  2.000000e+00
      vertex -8.252210e+01  6.896578e+01  2.000000e+00
      vertex -8.303528e+01  6.886370e+01  2.000000e+00
    endloop
  endfacet
  facet normal  0.000000e+00  0.000000e+00  1.000000e+00
    outer loop
      vertex -8.000000e+01  6.425000e+01  2.000000e+00
      vertex -8.303528e+01  6.886370e+01  2.000000e+00
      vertex -8.353073e+01  6.869552e+01  2.000000e+00
    endloop
  endfacet
  facet normal  0.000000e+00  0.000000e+00  1.000000e+00
    outer loop
      vertex -8.000000e+01  6.425000e+01  2.000000e+00
      vertex -8.353073e+01  6.869552e+01  2.000000e+00
      vertex -8.400000e+01  6.846410e+01  2.000000e+00
    endloop
  endfacet
  facet normal  0.000000e+00  0.000000e+00  9.999999e-01
    outer loop
      vertex -8.000000e+01  6.425000e+01  2.000000e+00
      vertex -8.400000e+01  6.846410e+01  2.000000e+00
      vertex -8.443504e+01  6.817342e+01  2.000000e+00
    endloop
  endfacet
  facet normal  0.000000e+00  0.000000e+00  1.000000e+00
    outer loop
      vertex -8.000000e+01  6.425000e+01  2.000000e+00
      vertex -8.443504e+01  6.817342e+01  2.000000e+00
      vertex -8.482843e+01  6.782843e+01  2.000000e+00
    endloop
  endfacet
  facet normal  0.000000e+00  0.000000e+00  9.999999e-01
    outer loop
      vertex -8.000000e+01  6.425000e+01  2.000000e+00
      vertex -8.482843e+01  6.782843e+01  2.000000e+00
      vertex -8.517342e+01  6.743504e+01  2.000000e+00
    endloop
  endfacet
  facet normal  0.000000e+00  0.000000e+00  1.000000e+00
    outer loop
      vertex -8.000000e+01  6.425000e+01  2.000000e+00
      vertex -8.517342e+01  6.743504e+01  2.000000e+00
      vertex -8.546410e+01  6.700000e+01  2.000000e+00
    endloop
  endfacet
  facet normal  0.000000e+00  0.000000e+00  1.000000e+00
    outer loop
      vertex -8.000000e+01  6.425000e+01  2.000000e+00
      vertex -8.546410e+01  6.700000e+01  2.000000e+00
      vertex -8.569552e+01  6.653073e+01  2.000000e+00
    endloop
  endfacet
  facet normal  0.000000e+00  0.000000e+00  1.000000e+00
    outer loop
      vertex -8.000000e+01  6.425000e+01  2.000000e+00
      vertex -8.569552e+01  6.653073e+01  2.000000e+00
      vertex -8.586370e+01  6.603528e+01  2.000000e+00
    endloop
  endfacet
  facet normal  0.000000e+00  0.000000e+00  1.000000e+00
    outer loop
      vertex -8.000000e+01  6.425000e+01  2.000000e+00
      vertex -8.586370e+01  6.603528e+01  2.000000e+00
      vertex -8.596578e+01  6.552210e+01  2.000000e+00
    endloop
  endfacet
  facet normal  0.000000e+00  0.000000e+00  9.999999e-01
    outer loop
      vertex -8.000000e+01  6.425000e+01  2.000000e+00
      vertex -8.596578e+01  6.552210e+01  2.000000e+00
      vertex -8.600000e+01  6.500000e+01  2.000000e+00
    endloop
  endfacet
  facet normal  0.000000e+00  0.000000e+00  1.000000e+00
    outer loop
      vertex -8.600000e+01 -6.500000e+01  2.000000e+00
      vertex -8.000000e+01 -6.340000e+01  2.000000e+00
      vertex -8.041676e+01 -6.336354e+01  2.000000e+00
    endloop
  endfacet
  facet normal  0.000000e+00  0.000000e+00  9.999999e-01
    outer loop
      vertex -8.600000e+01 -6.500000e+01  2.000000e+00
      vertex -8.041676e+01 -6.336354e+01  2.000000e+00
      vertex -8.082085e+01 -6.325526e+01  2.000000e+00
    endloop
  endfacet
  facet normal  0.000000e+00  0.000000e+00  1.000000e+00
    outer loop
      vertex -8.600000e+01 -6.500000e+01  2.000000e+00
      vertex -8.082085e+01 -6.325526e+01  2.000000e+00
      vertex -8.120000e+01 -6.307846e+01  2.000000e+00
    endloop
  endfacet
  facet normal  0.000000e+00  0.000000e+00  1.000000e+00
    outer loop
      vertex -8.600000e+01 -6.500000e+01  2.000000e+00
      vertex -8.120000e+01 -6.307846e+01  2.000000e+00
      vertex -8.154269e+01 -6.283850e+01  2.000000e+00
    endloop
  endfacet
  facet normal  0.000000e+00  0.000000e+00  1.000000e+00
    outer loop
      vertex -8.600000e+01 -6.500000e+01  2.000000e+00
      vertex -8.154269e+01 -6.283850e+01  2.000000e+00
      vertex -8.183851e+01 -6.254269e+01  2.000000e+00
    endloop
  endfacet
  facet normal  0.000000e+00  0.000000e+00  1.000000e+00
    outer loop
      vertex -8.600000e+01 -6.500000e+01  2.000000e+00
      vertex -8.183851e+01 -6.254269e+01  2.000000e+00
      vertex -8.207846e+01 -6.220000e+01  2.000000e+00
    endloop
  endfacet
  facet normal  0.000000e+00  0.000000e+00  1.000000e+00
    outer loop
      vertex -8.600000e+01 -6.500000e+01  2.000000e+00
      vertex -8.207846e+01 -6.220000e+01  2.000000e+00
      vertex -8.225526e+01 -6.182085e+01  2.000000e+00
    endloop
  endfacet
  facet normal  0.000000e+00  0.000000e+00  1.000000e+00
    outer loop
      vertex -8.600000e+01 -6.500000e+01  2.000000e+00
      vertex -8.225526e+01 -6.182085e+01  2.000000e+00
      vertex -8.236354e+01 -6.141676e+01  2.000000e+00
    endloop
  endfacet
  facet normal  0.000000e+00  0.000000e+00  1.000000e+00
    outer loop
      vertex -8.600000e+01 -6.500000e+01  2.000000e+00
      vertex -8.236354e+01 -6.141676e+01  2.000000e+00
      vertex -8.240000e+01 -6.100000e+01  2.000000e+00
    endloop
  endfacet
  facet normal  0.000000e+00  -0.000000e+00  1.000000e+00
    outer loop
      vertex -8.600000e+01 -6.500000e+01  2.000000e+00
      vertex -8.240000e+01 -6.100000e+01  2.000000e+00
      vertex -8.236354e+01 -6.058324e+01  2.000000e+00
    endloop
  endfacet
  facet normal  0.000000e+00  -0.000000e+00  1.000000e+00
    outer loop
      vertex -8.600000e+01 -6.500000e+01  2.000000e+00
      vertex -8.236354e+01 -6.058324e+01  2.000000e+00
      vertex -8.225526e+01 -6.017915e+01  2.000000e+00
    endloop
  endfacet
  facet normal  0.000000e+00  -0.000000e+00  1.000000e+00
    outer loop
      vertex -8.600000e+01 -6.500000e+01  2.000000e+00
      vertex -8.225526e+01 -6.017915e+01  2.000000e+00
      vertex -8.207846e+01 -5.980000e+01  2.000000e+00
    endloop
  endfacet
  facet normal  0.000000e+00  -0.000000e+00  1.000000e+00
    outer loop
      vertex -8.600000e+01 -6.500000e+01  2.000000e+00
      vertex -8.207846e+01 -5.980000e+01  2.000000e+00
      vertex -8.183851e+01 -5.945731e+01  2.000000e+00
    endloop
  endfacet
  facet normal  0.000000e+00  -0.000000e+00  9.999999e-01
    outer loop
      vertex -8.600000e+01 -6.500000e+01  2.000000e+00
      vertex -8.183851e+01 -5.945731e+01  2.000000e+00
      vertex -8.000000e+01  5.775000e+01  2.000000e+00
    endloop
  endfacet
  facet normal  0.000000e+00  0.000000e+00  1.000000e+00
    outer loop
      vertex -8.600000e+01 -6.500000e+01  2.000000e+00
      vertex -8.000000e+01  5.775000e+01  2.000000e+00
      vertex -8.041676e+01  5.778646e+01  2.000000e+00
    endloop
  endfacet
  facet normal  0.000000e+00  0.000000e+00  9.999999e-01
    outer loop
      vertex -8.600000e+01 -6.500000e+01  2.000000e+00
      vertex -8.041676e+01  5.778646e+01  2.000000e+00
      vertex -8.082085e+01  5.789474e+01  2.000000e+00
    endloop
  endfacet
  facet normal  0.000000e+00  0.000000e+00  1.000000e+00
    outer loop
      vertex -8.600000e+01 -6.500000e+01  2.000000e+00
      vertex -8.082085e+01  5.789474e+01  2.000000e+00
      vertex -8.120000e+01  5.807154e+01  2.000000e+00
    endloop
  endfacet
  facet normal  0.000000e+00  0.000000e+00  9.999999e-01
    outer loop
      vertex -8.600000e+01 -6.500000e+01  2.000000e+00
      vertex -8.120000e+01  5.807154e+01  2.000000e+00
      vertex -8.154269e+01  5.831149e+01  2.000000e+00
    endloop
  endfacet
  facet normal  0.000000e+00  0.000000e+00  1.000000e+00
    outer loop
      vertex -8.600000e+01 -6.500000e+01  2.000000e+00
      vertex -8.154269e+01  5.831149e+01  2.000000e+00
      vertex -8.183851e+01  5.860731e+01  2.000000e+00
    endloop
  endfacet
  facet normal  0.000000e+00  0.000000e+00  1.000000e+00
    outer loop
      vertex -8.600000e+01 -6.500000e+01  2.000000e+00
      vertex -8.183851e+01  5.860731e+01  2.000000e+00
      vertex -8.207846e+01  5.895000e+01  2.000000e+00
    endloop
  endfacet
  facet normal  0.000000e+00  0.000000e+00  9.999999e-01
    outer loop
      vertex -8.600000e+01 -6.500000e+01  2.000000e+00
      vertex -8.207846e+01  5.895000e+01  2.000000e+00
      vertex -8.225526e+01  5.932915e+01  2.000000e+00
    endloop
  endfacet
  facet normal  0.000000e+00  0.000000e+00  1.000000e+00
    outer loop
      vertex -8.600000e+01 -6.500000e+01  2.000000e+00
      vertex -8.225526e+01  5.932915e+01  2.000000e+00
      vertex -8.236354e+01  5.973325e+01  2.000000e+00
    endloop
  endfacet
  facet normal  0.000000e+00  0.000000e+00  1.000000e+00
    outer loop
      vertex -8.600000e+01 -6.500000e+01  2.000000e+00
      vertex -8.236354e+01  5.973325e+01  2.000000e+00
      vertex -8.240000e+01  6.015000e+01  2.000000e+00
    endloop
  endfacet
  facet normal  0.000000e+00  -0.000000e+00  1.000000e+00
    outer loop
      vertex -8.600000e+01 -6.500000e+01  2.000000e+00
      vertex -8.240000e+01  6.015000e+01  2.000000e+00
      vertex -8.240000e+01  6.185000e+01  2.000000e+00
    endloop
  endfacet
  facet normal  0.000000e+00  0.000000e+00  1.000000e+00
    outer loop
      vertex -8.600000e+01  6.500000e+01  2.000000e+00
      vertex -8.600000e+01 -6.500000e+01  2.000000e+00
      vertex -8.240000e+01  6.185000e+01  2.000000e+00
    endloop
  endfacet
  facet normal  0.000000e+00  -0.000000e+00  1.000000e+00
    outer loop
      vertex -8.600000e+01  6.500000e+01  2.000000e+00
      vertex -8.240000e+01  6.185000e+01  2.000000e+00
      vertex -8.236354e+01  6.226675e+01  2.000000e+00
    endloop
  endfacet
  facet normal  0.000000e+00  -0.000000e+00  1.000000e+00
    outer loop
      vertex -8.600000e+01  6.500000e+01  2.000000e+00
      vertex -8.236354e+01  6.226675e+01  2.000000e+00
      vertex -8.225526e+01  6.267085e+01  2.000000e+00
    endloop
  endfacet
  facet normal  0.000000e+00  -0.000000e+00  1.000000e+00
    outer loop
      vertex -8.600000e+01  6.500000e+01  2.000000e+00
      vertex -8.225526e+01  6.267085e+01  2.000000e+00
      vertex -8.207846e+01  6.305000e+01  2.000000e+00
    endloop
  endfacet
  facet normal  0.000000e+00  -0.000000e+00  1.000000e+00
    outer loop
      vertex -8.600000e+01  6.500000e+01  2.000000e+00
      vertex -8.207846e+01  6.305000e+01  2.000000e+00
      vertex -8.183851e+01  6.339269e+01  2.000000e+00
    endloop
  endfacet
  facet normal  0.000000e+00  -0.000000e+00  1.000000e+00
    outer loop
      vertex -8.600000e+01  6.500000e+01  2.000000e+00
      vertex -8.183851e+01  6.339269e+01  2.000000e+00
      vertex -8.154269e+01  6.368851e+01  2.000000e+00
    endloop
  endfacet
  facet normal  0.000000e+00  -0.000000e+00  1.000000e+00
    outer loop
      vertex -8.600000e+01  6.500000e+01  2.000000e+00
      vertex -8.154269e+01  6.368851e+01  2.000000e+00
      vertex -8.120000e+01  6.392846e+01  2.000000e+00
    endloop
  endfacet
  facet normal  0.000000e+00  -0.000000e+00  1.000000e+00
    outer loop
      vertex -8.600000e+01  6.500000e+01  2.000000e+00
      vertex -8.120000e+01  6.392846e+01  2.000000e+00
      vertex -8.082085e+01  6.410526e+01  2.000000e+00
    endloop
  endfacet
  facet normal  0.000000e+00  -0.000000e+00  1.000000e+00
    outer loop
      vertex -8.600000e+01  6.500000e+01  2.000000e+00
      vertex -8.082085e+01  6.410526e+01  2.000000e+00
      vertex -8.041676e+01  6.421354e+01  2.000000e+00
    endloop
  endfacet
  facet normal  0.000000e+00  -0.000000e+00  1.000000e+00
    outer loop
      vertex -8.600000e+01  6.500000e+01  2.000000e+00
      vertex -8.041676e+01  6.421354e+01  2.000000e+00
      vertex -8.000000e+01  6.425000e+01  2.000000e+00
    endloop
  endfacet
  facet normal  0.000000e+00  -0.000000e+00  9.999999e-01
    outer loop
      vertex  8.000000e+01  6.400000e+01  2.000000e+00
      vertex  8.046931e+01  6.396307e+01  2.000000e+00
      vertex  8.600000e+01  6.500000e+01  2.000000e+00
    endloop
  endfacet
  facet normal  0.000000e+00  0.000000e+00  9.999999e-01
    outer loop
      vertex  8.000000e+01  6.400000e+01  2.000000e+00
      vertex  8.600000e+01  6.500000e+01  2.000000e+00
      vertex  8.596578e+01  6.552210e+01  2.000000e+00
    endloop
  endfacet
  facet normal  0.000000e+00  0.000000e+00  1.000000e+00
    outer loop
      vertex  8.000000e+01  6.400000e+01  2.000000e+00
      vertex  8.596578e+01  6.552210e+01  2.000000e+00
      vertex  8.586370e+01  6.603528e+01  2.000000e+00
    endloop
  endfacet
  facet normal  0.000000e+00  0.000000e+00  1.000000e+00
    outer loop
      vertex  8.000000e+01  6.400000e+01  2.000000e+00
      vertex  8.586370e+01  6.603528e+01  2.000000e+00
      vertex  8.569552e+01  6.653073e+01  2.000000e+00
    endloop
  endfacet
  facet normal  0.000000e+00  0.000000e+00  1.000000e+00
    outer loop
      vertex  8.000000e+01  6.400000e+01  2.000000e+00
      vertex  8.569552e+01  6.653073e+01  2.000000e+00
      vertex  8.546410e+01  6.700000e+01  2.000000e+00
    endloop
  endfacet
  facet normal  0.000000e+00  0.000000e+00  1.000000e+00
    outer loop
      vertex  8.000000e+01  6.400000e+01  2.000000e+00
      vertex  8.546410e+01  6.700000e+01  2.000000e+00
      vertex  8.517342e+01  6.743504e+01  2.000000e+00
    endloop
  endfacet
  facet normal  0.000000e+00  0.000000e+00  1.000000e+00
    outer loop
      vertex  8.000000e+01  6.400000e+01  2.000000e+00
      vertex  8.517342e+01  6.743504e+01  2.000000e+00
      vertex  8.482843e+01  6.782843e+01  2.000000e+00
    endloop
  endfacet
  facet normal  0.000000e+00  0.000000e+00  1.000000e+00
    outer loop
      vertex  8.000000e+01  6.400000e+01  2.000000e+00
      vertex  8.482843e+01  6.782843e+01  2.000000e+00
      vertex  8.443504e+01  6.817342e+01  2.000000e+00
    endloop
  endfacet
  facet normal  0.000000e+00  0.000000e+00  1.000000e+00
    outer loop
      vertex  8.000000e+01  6.400000e+01  2.000000e+00
      vertex  8.443504e+01  6.817342e+01  2.000000e+00
      vertex  8.400000e+01  6.846410e+01  2.000000e+00
    endloop
  endfacet
  facet normal  0.000000e+00  0.000000e+00  9.999999e-01
    outer loop
      vertex  8.000000e+01  6.400000e+01  2.000000e+00
      vertex  8.400000e+01  6.846410e+01  2.000000e+00
      vertex  8.353073e+01  6.869552e+01  2.000000e+00
    endloop
  endfacet
  facet normal  0.000000e+00  0.000000e+00  1.000000e+00
    outer loop
      vertex  8.000000e+01  6.400000e+01  2.000000e+00
      vertex  8.353073e+01  6.869552e+01  2.000000e+00
      vertex  8.303528e+01  6.886370e+01  2.000000e+00
    endloop
  endfacet
  facet normal  0.000000e+00  0.000000e+00  1.000000e+00
    outer loop
      vertex  8.000000e+01  6.400000e+01  2.000000e+00
      vertex  8.303528e+01  6.886370e+01  2.000000e+00
      vertex  8.252210e+01  6.896578e+01  2.000000e+00
    endloop
  endfacet
  facet normal  0.000000e+00  0.000000e+00  1.000000e+00
    outer loop
      vertex  8.000000e+01  6.400000e+01  2.000000e+00
      vertex  8.252210e+01  6.896578e+01  2.000000e+00
      vertex  8.200000e+01  6.900000e+01  2.000000e+00
    endloop
  endfacet
  facet normal  0.000000e+00  0.000000e+00  1.000000e+00
    outer loop
      vertex  8.600000e+01 -6.500000e+01  2.000000e+00
      vertex  8.300000e+01  6.100000e+01  2.000000e+00
      vertex  8.296307e+01  6.053070e+01  2.000000e+00
    endloop
  endfacet
  facet normal  0.000000e+00  0.000000e+00  1.000000e+00
    outer loop
      vertex  8.600000e+01 -6.500000e+01  2.000000e+00
      vertex  8.296307e+01  6.053070e+01  2.000000e+00
      vertex  8.285317e+01  6.007295e+01  2.000000e+00
    endloop
  endfacet
  facet normal  0.000000e+00  0.000000e+00  1.000000e+00
    outer loop
      vertex  8.600000e+01 -6.500000e+01  2.000000e+00
      vertex  8.285317e+01  6.007295e+01  2.000000e+00
      vertex  8.267302e+01  5.963803e+01  2.000000e+00
    endloop
  endfacet
  facet normal  0.000000e+00  0.000000e+00  9.999999e-01
    outer loop
      vertex  8.600000e+01 -6.500000e+01  2.000000e+00
      vertex  8.267302e+01  5.963803e+01  2.000000e+00
      vertex  8.242705e+01  5.923664e+01  2.000000e+00
    endloop
  endfacet
  facet normal  0.000000e+00  0.000000e+00  1.000000e+00
    outer loop
      vertex  8.600000e+01 -6.500000e+01  2.000000e+00
      vertex  8.242705e+01  5.923664e+01  2.000000e+00
      vertex  8.212132e+01  5.887868e+01  2.000000e+00
    endloop
  endfacet
  facet normal  0.000000e+00  0.000000e+00  1.000000e+00
    outer loop
      vertex  8.600000e+01 -6.500000e+01  2.000000e+00
      vertex  8.212132e+01  5.887868e+01  2.000000e+00
      vertex  8.176336e+01  5.857295e+01  2.000000e+00
    endloop
  endfacet
  facet normal  0.000000e+00  0.000000e+00  1.000000e+00
    outer loop
      vertex  8.600000e+01 -6.500000e+01  2.000000e+00
      vertex  8.176336e+01  5.857295e+01  2.000000e+00
      vertex  8.136197e+01  5.832698e+01  2.000000e+00
    endloop
  endfacet
  facet normal  0.000000e+00  0.000000e+00  9.999999e-01
    outer loop
      vertex  8.600000e+01 -6.500000e+01  2.000000e+00
      vertex  8.136197e+01  5.832698e+01  2.000000e+00
      vertex  8.092705e+01  5.814683e+01  2.000000e+00
    endloop
  endfacet
  facet normal  0.000000e+00  0.000000e+00  1.000000e+00
    outer loop
      vertex  8.600000e+01 -6.500000e+01  2.000000e+00
      vertex  8.092705e+01  5.814683e+01  2.000000e+00
      vertex  8.046931e+01  5.803693e+01  2.000000e+00
    endloop
  endfacet
  facet normal  0.000000e+00  0.000000e+00  1.000000e+00
    outer loop
      vertex  8.600000e+01 -6.500000e+01  2.000000e+00
      vertex  8.046931e+01  5.803693e+01  2.000000e+00
      vertex  8.000000e+01  5.800000e+01  2.000000e+00
    endloop
  endfacet
  facet normal  0.000000e+00  0.000000e+00  1.000000e+00
    outer loop
      vertex  8.600000e+01 -6.500000e+01  2.000000e+00
      vertex  8.000000e+01  5.800000e+01  2.000000e+00
      vertex  8.292846e+01 -5.980000e+01  2.000000e+00
    endloop
  endfacet
  facet normal  0.000000e+00  0.000000e+00  1.000000e+00
    outer loop
      vertex  8.600000e+01 -6.500000e+01  2.000000e+00
      vertex  8.292846e+01 -5.980000e+01  2.000000e+00
      vertex  8.310526e+01 -6.017915e+01  2.000000e+00
    endloop
  endfacet
  facet normal  0.000000e+00  0.000000e+00  1.000000e+00
    outer loop
      vertex  8.600000e+01 -6.500000e+01  2.000000e+00
      vertex  8.310526e+01 -6.017915e+01  2.000000e+00
      vertex  8.321354e+01 -6.058324e+01  2.000000e+00
    endloop
  endfacet
  facet normal  0.000000e+00  0.000000e+00  1.000000e+00
    outer loop
      vertex  8.600000e+01 -6.500000e+01  2.000000e+00
      vertex  8.321354e+01 -6.058324e+01  2.000000e+00
      vertex  8.325000e+01 -6.100000e+01  2.000000e+00
    endloop
  endfacet
  facet normal  0.000000e+00  0.000000e+00  1.000000e+00
    outer loop
      vertex  8.600000e+01 -6.500000e+01  2.000000e+00
      vertex  8.325000e+01 -6.100000e+01  2.000000e+00
      vertex  8.321354e+01 -6.141676e+01  2.000000e+00
    endloop
  endfacet
  facet normal  0.000000e+00  0.000000e+00  1.000000e+00
    outer loop
      vertex  8.600000e+01 -6.500000e+01  2.000000e+00
      vertex  8.321354e+01 -6.141676e+01  2.000000e+00
      vertex  8.310526e+01 -6.182085e+01  2.000000e+00
    endloop
  endfacet
  facet normal  0.000000e+00  0.000000e+00  1.000000e+00
    outer loop
      vertex  8.600000e+01 -6.500000e+01  2.000000e+00
      vertex  8.310526e+01 -6.182085e+01  2.000000e+00
      vertex  8.292846e+01 -6.220000e+01  2.000000e+00
    endloop
  endfacet
  facet normal  0.000000e+00  0.000000e+00  1.000000e+00
    outer loop
      vertex  8.600000e+01 -6.500000e+01  2.000000e+00
      vertex  8.292846e+01 -6.220000e+01  2.000000e+00
      vertex  8.268851e+01 -6.254269e+01  2.000000e+00
    endloop
  endfacet
  facet normal  0.000000e+00  0.000000e+00  1.000000e+00
    outer loop
      vertex  8.600000e+01 -6.500000e+01  2.000000e+00
      vertex  8.268851e+01 -6.254269e+01  2.000000e+00
      vertex  8.239269e+01 -6.283850e+01  2.000000e+00
    endloop
  endfacet
  facet normal  0.000000e+00  0.000000e+00  1.000000e+00
    outer loop
      vertex  8.600000e+01 -6.500000e+01  2.000000e+00
      vertex  8.239269e+01 -6.283850e+01  2.000000e+00
      vertex  8.205000e+01 -6.307846e+01  2.000000e+00
    endloop
  endfacet
  facet normal  0.000000e+00  0.000000e+00  9.999999e-01
    outer loop
      vertex  8.600000e+01 -6.500000e+01  2.000000e+00
      vertex  8.205000e+01 -6.307846e+01  2.000000e+00
      vertex  8.167085e+01 -6.325526e+01  2.000000e+00
    endloop
  endfacet
  facet normal  0.000000e+00  0.000000e+00  1.000000e+00
    outer loop
      vertex  8.600000e+01 -6.500000e+01  2.000000e+00
      vertex  8.167085e+01 -6.325526e+01  2.000000e+00
      vertex  8.126675e+01 -6.336354e+01  2.000000e+00
    endloop
  endfacet
  facet normal  0.000000e+00  0.000000e+00  1.000000e+00
    outer loop
      vertex  8.600000e+01 -6.500000e+01  2.000000e+00
      vertex  8.126675e+01 -6.336354e+01  2.000000e+00
      vertex  8.085000e+01 -6.340000e+01  2.000000e+00
    endloop
  endfacet
  facet normal  -0.000000e+00  0.000000e+00  1.000000e+00
    outer loop
      vertex  8.600000e+01  6.500000e+01  2.000000e+00
      vertex  8.046931e+01  6.396307e+01  2.000000e+00
      vertex  8.092705e+01  6.385317e+01  2.000000e+00
    endloop
  endfacet
  facet normal  -0.000000e+00  0.000000e+00  1.000000e+00
    outer loop
      vertex  8.600000e+01  6.500000e+01  2.000000e+00
      vertex  8.092705e+01  6.385317e+01  2.000000e+00
      vertex  8.136197e+01  6.367302e+01  2.000000e+00
    endloop
  endfacet
  facet normal  -0.000000e+00  0.000000e+00  1.000000e+00
    outer loop
      vertex  8.600000e+01  6.500000e+01  2.000000e+00
      vertex  8.136197e+01  6.367302e+01  2.000000e+00
      vertex  8.176336e+01  6.342705e+01  2.000000e+00
    endloop
  endfacet
  facet normal  -0.000000e+00  0.000000e+00  1.000000e+00
    outer loop
      vertex  8.600000e+01  6.500000e+01  2.000000e+00
      vertex  8.176336e+01  6.342705e+01  2.000000e+00
      vertex  8.212132e+01  6.312132e+01  2.000000e+00
    endloop
  endfacet
  facet normal  -0.000000e+00  0.000000e+00  1.000000e+00
    outer loop
      vertex  8.600000e+01  6.500000e+01  2.000000e+00
      vertex  8.212132e+01  6.312132e+01  2.000000e+00
      vertex  8.242705e+01  6.276336e+01  2.000000e+00
    endloop
  endfacet
  facet normal  -0.000000e+00  0.000000e+00  1.000000e+00
    outer loop
      vertex  8.600000e+01  6.500000e+01  2.000000e+00
      vertex  8.242705e+01  6.276336e+01  2.000000e+00
      vertex  8.267302e+01  6.236197e+01  2.000000e+00
    endloop
  endfacet
  facet normal  -0.000000e+00  0.000000e+00  1.000000e+00
    outer loop
      vertex  8.600000e+01  6.500000e+01  2.000000e+00
      vertex  8.267302e+01  6.236197e+01  2.000000e+00
      vertex  8.285317e+01  6.192705e+01  2.000000e+00
    endloop
  endfacet
  facet normal  -0.000000e+00  0.000000e+00  9.999999e-01
    outer loop
      vertex  8.600000e+01  6.500000e+01  2.000000e+00
      vertex  8.285317e+01  6.192705e+01  2.000000e+00
      vertex  8.296307e+01  6.146930e+01  2.000000e+00
    endloop
  endfacet
  facet normal  -0.000000e+00  0.000000e+00  1.000000e+00
    outer loop
      vertex  8.600000e+01  6.500000e+01  2.000000e+00
      vertex  8.296307e+01  6.146930e+01  2.000000e+00
      vertex  8.300000e+01  6.100000e+01  2.000000e+00
    endloop
  endfacet
  facet normal  -0.000000e+00  0.000000e+00  1.000000e+00
    outer loop
      vertex  8.600000e+01  6.500000e+01  2.000000e+00
      vertex  8.300000e+01  6.100000e+01  2.000000e+00
      vertex  8.600000e+01 -6.500000e+01  2.000000e+00
    endloop
  endfacet
  facet normal  0.000000e+00  0.000000e+00  1.000000e+00
    outer loop
      vertex  8.200000e+01 -6.900000e+01  2.000000e+00
      vertex  8.085000e+01 -6.340000e+01  2.000000e+00
      vertex -8.200000e+01 -6.900000e+01  2.000000e+00
    endloop
  endfacet
  facet normal  0.000000e+00  0.000000e+00  1.000000e+00
    outer loop
      vertex -8.200000e+01 -6.900000e+01  2.000000e+00
      vertex  8.085000e+01 -6.340000e+01  2.000000e+00
      vertex  7.915000e+01 -6.340000e+01  2.000000e+00
    endloop
  endfacet
  facet normal  0.000000e+00  0.000000e+00  1.000000e+00
    outer loop
      vertex -8.200000e+01 -6.900000e+01  2.000000e+00
      vertex  7.915000e+01 -6.340000e+01  2.000000e+00
      vertex -8.600000e+01 -6.500000e+01  2.000000e+00
    endloop
  endfacet
  facet normal  0.000000e+00  0.000000e+00  1.000000e+00
    outer loop
      vertex -8.600000e+01 -6.500000e+01  2.000000e+00
      vertex  7.915000e+01 -6.340000e+01  2.000000e+00
      vertex -8.000000e+01 -6.340000e+01  2.000000e+00
    endloop
  endfacet
  facet normal  0.000000e+00  0.000000e+00  1.000000e+00
    outer loop
      vertex  8.000000e+01  6.400000e+01  2.000000e+00
      vertex -7.917915e+01  6.410526e+01  2.000000e+00
      vertex  7.953069e+01  6.396307e+01  2.000000e+00
    endloop
  endfacet
  facet normal  0.000000e+00  0.000000e+00  1.000000e+00
    outer loop
      vertex  7.953069e+01  6.396307e+01  2.000000e+00
      vertex -7.917915e+01  6.410526e+01  2.000000e+00
      vertex -7.880000e+01  6.392846e+01  2.000000e+00
    endloop
  endfacet
  facet normal  -0.000000e+00  0.000000e+00  1.000000e+00
    outer loop
      vertex  7.953069e+01  6.396307e+01  2.000000e+00
      vertex -7.880000e+01  6.392846e+01  2.000000e+00
      vertex  7.907295e+01  6.385317e+01  2.000000e+00
    endloop
  endfacet
  facet normal  0.000000e+00  0.000000e+00  1.000000e+00
    outer loop
      vertex  7.907295e+01  6.385317e+01  2.000000e+00
      vertex -7.880000e+01  6.392846e+01  2.000000e+00
      vertex -7.845731e+01  6.368851e+01  2.000000e+00
    endloop
  endfacet
  facet normal  -0.000000e+00  0.000000e+00  9.999999e-01
    outer loop
      vertex  7.907295e+01  6.385317e+01  2.000000e+00
      vertex -7.845731e+01  6.368851e+01  2.000000e+00
      vertex  7.863803e+01  6.367302e+01  2.000000e+00
    endloop
  endfacet
  facet normal  0.000000e+00  0.000000e+00  1.000000e+00
    outer loop
      vertex  7.863803e+01  6.367302e+01  2.000000e+00
      vertex -7.845731e+01  6.368851e+01  2.000000e+00
      vertex  7.823664e+01  6.342705e+01  2.000000e+00
    endloop
  endfacet
  facet normal  0.000000e+00  0.000000e+00  1.000000e+00
    outer loop
      vertex  7.823664e+01  6.342705e+01  2.000000e+00
      vertex -7.845731e+01  6.368851e+01  2.000000e+00
      vertex -7.816149e+01  6.339269e+01  2.000000e+00
    endloop
  endfacet
  facet normal  -0.000000e+00  0.000000e+00  1.000000e+00
    outer loop
      vertex  7.823664e+01  6.342705e+01  2.000000e+00
      vertex -7.816149e+01  6.339269e+01  2.000000e+00
      vertex  7.787868e+01  6.312132e+01  2.000000e+00
    endloop
  endfacet
  facet normal  0.000000e+00  0.000000e+00  1.000000e+00
    outer loop
      vertex  7.787868e+01  6.312132e+01  2.000000e+00
      vertex -7.816149e+01  6.339269e+01  2.000000e+00
      vertex -7.792154e+01  6.305000e+01  2.000000e+00
    endloop
  endfacet
  facet normal  -0.000000e+00  0.000000e+00  1.000000e+00
    outer loop
      vertex  7.787868e+01  6.312132e+01  2.000000e+00
      vertex -7.792154e+01  6.305000e+01  2.000000e+00
      vertex  7.757295e+01  6.276336e+01  2.000000e+00
    endloop
  endfacet
  facet normal  0.000000e+00  0.000000e+00  1.000000e+00
    outer loop
      vertex  7.757295e+01  6.276336e+01  2.000000e+00
      vertex -7.792154e+01  6.305000e+01  2.000000e+00
      vertex -7.774474e+01  6.267085e+01  2.000000e+00
    endloop
  endfacet
  facet normal  -0.000000e+00  0.000000e+00  1.000000e+00
    outer loop
      vertex  7.757295e+01  6.276336e+01  2.000000e+00
      vertex -7.774474e+01  6.267085e+01  2.000000e+00
      vertex  7.732698e+01  6.236197e+01  2.000000e+00
    endloop
  endfacet
  facet normal  0.000000e+00  0.000000e+00  1.000000e+00
    outer loop
      vertex  7.732698e+01  6.236197e+01  2.000000e+00
      vertex -7.774474e+01  6.267085e+01  2.000000e+00
      vertex -7.763646e+01  6.226675e+01  2.000000e+00
    endloop
  endfacet
  facet normal  -0.000000e+00  0.000000e+00  1.000000e+00
    outer loop
      vertex  7.732698e+01  6.236197e+01  2.000000e+00
      vertex -7.763646e+01  6.226675e+01  2.000000e+00
      vertex  7.714683e+01  6.192705e+01  2.000000e+00
    endloop
  endfacet
  facet normal  0.000000e+00  0.000000e+00  1.000000e+00
    outer loop
      vertex  7.714683e+01  6.192705e+01  2.000000e+00
      vertex -7.763646e+01  6.226675e+01  2.000000e+00
      vertex -7.760000e+01  6.185000e+01  2.000000e+00
    endloop
  endfacet
  facet normal  -0.000000e+00  0.000000e+00  1.000000e+00
    outer loop
      vertex  7.714683e+01  6.192705e+01  2.000000e+00
      vertex -7.760000e+01  6.185000e+01  2.000000e+00
      vertex  7.703693e+01  6.146930e+01  2.000000e+00
    endloop
  endfacet
  facet normal  0.000000e+00  0.000000e+00  1.000000e+00
    outer loop
      vertex  7.703693e+01  6.146930e+01  2.000000e+00
      vertex -7.760000e+01  6.185000e+01  2.000000e+00
      vertex -7.760000e+01  6.015000e+01  2.000000e+00
    endloop
  endfacet
  facet normal  0.000000e+00  0.000000e+00  1.000000e+00
    outer loop
      vertex  7.703693e+01  6.146930e+01  2.000000e+00
      vertex -7.760000e+01  6.015000e+01  2.000000e+00
      vertex  7.700000e+01  6.100000e+01  2.000000e+00
    endloop
  endfacet
  facet normal  0.000000e+00  0.000000e+00  1.000000e+00
    outer loop
      vertex  7.714683e+01  6.007295e+01  2.000000e+00
      vertex -7.760000e+01  6.015000e+01  2.000000e+00
      vertex  7.732698e+01  5.963803e+01  2.000000e+00
    endloop
  endfacet
  facet normal  0.000000e+00  0.000000e+00  1.000000e+00
    outer loop
      vertex  7.732698e+01  5.963803e+01  2.000000e+00
      vertex -7.760000e+01  6.015000e+01  2.000000e+00
      vertex -7.763646e+01  5.973325e+01  2.000000e+00
    endloop
  endfacet
  facet normal  0.000000e+00  0.000000e+00  1.000000e+00
    outer loop
      vertex  7.732698e+01  5.963803e+01  2.000000e+00
      vertex -7.763646e+01  5.973325e+01  2.000000e+00
      vertex  7.757295e+01  5.923664e+01  2.000000e+00
    endloop
  endfacet
  facet normal  0.000000e+00  0.000000e+00  1.000000e+00
    outer loop
      vertex  7.757295e+01  5.923664e+01  2.000000e+00
      vertex -7.763646e+01  5.973325e+01  2.000000e+00
      vertex -7.774474e+01  5.932915e+01  2.000000e+00
    endloop
  endfacet
  facet normal  0.000000e+00  0.000000e+00  9.999999e-01
    outer loop
      vertex  7.757295e+01  5.923664e+01  2.000000e+00
      vertex -7.774474e+01  5.932915e+01  2.000000e+00
      vertex  7.787868e+01  5.887868e+01  2.000000e+00
    endloop
  endfacet
  facet normal  0.000000e+00  0.000000e+00  9.999999e-01
    outer loop
      vertex  7.787868e+01  5.887868e+01  2.000000e+00
      vertex -7.774474e+01  5.932915e+01  2.000000e+00
      vertex -7.792154e+01  5.895000e+01  2.000000e+00
    endloop
  endfacet
  facet normal  0.000000e+00  0.000000e+00  1.000000e+00
    outer loop
      vertex  7.787868e+01  5.887868e+01  2.000000e+00
      vertex -7.792154e+01  5.895000e+01  2.000000e+00
      vertex  7.823664e+01  5.857295e+01  2.000000e+00
    endloop
  endfacet
  facet normal  0.000000e+00  0.000000e+00  9.999999e-01
    outer loop
      vertex  7.823664e+01  5.857295e+01  2.000000e+00
      vertex -7.792154e+01  5.895000e+01  2.000000e+00
      vertex -7.816149e+01  5.860731e+01  2.000000e+00
    endloop
  endfacet
  facet normal  0.000000e+00  0.000000e+00  1.000000e+00
    outer loop
      vertex  7.823664e+01  5.857295e+01  2.000000e+00
      vertex -7.816149e+01  5.860731e+01  2.000000e+00
      vertex  7.863803e+01  5.832698e+01  2.000000e+00
    endloop
  endfacet
  facet normal  0.000000e+00  0.000000e+00  1.000000e+00
    outer loop
      vertex  7.863803e+01  5.832698e+01  2.000000e+00
      vertex -7.816149e+01  5.860731e+01  2.000000e+00
      vertex -7.845731e+01  5.831149e+01  2.000000e+00
    endloop
  endfacet
  facet normal  -0.000000e+00  0.000000e+00  9.999999e-01
    outer loop
      vertex  7.863803e+01  5.832698e+01  2.000000e+00
      vertex -7.845731e+01  5.831149e+01  2.000000e+00
      vertex  7.907295e+01  5.814683e+01  2.000000e+00
    endloop
  endfacet
  facet normal  0.000000e+00  0.000000e+00  1.000000e+00
    outer loop
      vertex  7.907295e+01  5.814683e+01  2.000000e+00
      vertex -7.845731e+01  5.831149e+01  2.000000e+00
      vertex -7.880000e+01  5.807154e+01  2.000000e+00
    endloop
  endfacet
  facet normal  -0.000000e+00  0.000000e+00  1.000000e+00
    outer loop
      vertex  7.907295e+01  5.814683e+01  2.000000e+00
      vertex -7.880000e+01  5.807154e+01  2.000000e+00
      vertex  7.953069e+01  5.803693e+01  2.000000e+00
    endloop
  endfacet
  facet normal  -0.000000e+00  0.000000e+00  1.000000e+00
    outer loop
      vertex  7.873325e+01 -5.863646e+01  2.000000e+00
      vertex -7.958324e+01 -5.863646e+01  2.000000e+00
      vertex  7.832915e+01 -5.874474e+01  2.000000e+00
    endloop
  endfacet
  facet normal  0.000000e+00  0.000000e+00  1.000000e+00
    outer loop
      vertex  7.832915e+01 -5.874474e+01  2.000000e+00
      vertex -7.958324e+01 -5.863646e+01  2.000000e+00
      vertex -7.917915e+01 -5.874474e+01  2.000000e+00
    endloop
  endfacet
  facet normal  -0.000000e+00  0.000000e+00  1.000000e+00
    outer loop
      vertex  7.832915e+01 -5.874474e+01  2.000000e+00
      vertex -7.917915e+01 -5.874474e+01  2.000000e+00
      vertex  7.795000e+01 -5.892154e+01  2.000000e+00
    endloop
  endfacet
  facet normal  0.000000e+00  0.000000e+00  1.000000e+00
    outer loop
      vertex  7.795000e+01 -5.892154e+01  2.000000e+00
      vertex -7.917915e+01 -5.874474e+01  2.000000e+00
      vertex -7.880000e+01 -5.892154e+01  2.000000e+00
    endloop
  endfacet
  facet normal  -0.000000e+00  0.000000e+00  1.000000e+00
    outer loop
      vertex  7.795000e+01 -5.892154e+01  2.000000e+00
      vertex -7.880000e+01 -5.892154e+01  2.000000e+00
      vertex  7.760731e+01 -5.916150e+01  2.000000e+00
    endloop
  endfacet
  facet normal  0.000000e+00  0.000000e+00  1.000000e+00
    outer loop
      vertex  7.760731e+01 -5.916150e+01  2.000000e+00
      vertex -7.880000e+01 -5.892154e+01  2.000000e+00
      vertex -7.845731e+01 -5.916150e+01  2.000000e+00
    endloop
  endfacet
  facet normal  -0.000000e+00  0.000000e+00  9.999999e-01
    outer loop
      vertex  7.760731e+01 -5.916150e+01  2.000000e+00
      vertex -7.845731e+01 -5.916150e+01  2.000000e+00
      vertex  7.731149e+01 -5.945731e+01  2.000000e+00
    endloop
  endfacet
  facet normal  0.000000e+00  0.000000e+00  1.000000e+00
    outer loop
      vertex  7.731149e+01 -5.945731e+01  2.000000e+00
      vertex -7.845731e+01 -5.916150e+01  2.000000e+00
      vertex -7.816149e+01 -5.945731e+01  2.000000e+00
    endloop
  endfacet
  facet normal  -0.000000e+00  0.000000e+00  1.000000e+00
    outer loop
      vertex  7.731149e+01 -5.945731e+01  2.000000e+00
      vertex -7.816149e+01 -5.945731e+01  2.000000e+00
      vertex  7.707154e+01 -5.980000e+01  2.000000e+00
    endloop
  endfacet
  facet normal  0.000000e+00  0.000000e+00  1.000000e+00
    outer loop
      vertex  7.707154e+01 -5.980000e+01  2.000000e+00
      vertex -7.816149e+01 -5.945731e+01  2.000000e+00
      vertex -7.792154e+01 -5.980000e+01  2.000000e+00
    endloop
  endfacet
  facet normal  -0.000000e+00  0.000000e+00  1.000000e+00
    outer loop
      vertex  7.707154e+01 -5.980000e+01  2.000000e+00
      vertex -7.792154e+01 -5.980000e+01  2.000000e+00
      vertex  7.689474e+01 -6.017915e+01  2.000000e+00
    endloop
  endfacet
  facet normal  0.000000e+00  0.000000e+00  1.000000e+00
    outer loop
      vertex  7.689474e+01 -6.017915e+01  2.000000e+00
      vertex -7.792154e+01 -5.980000e+01  2.000000e+00
      vertex -7.774474e+01 -6.017915e+01  2.000000e+00
    endloop
  endfacet
  facet normal  -0.000000e+00  0.000000e+00  1.000000e+00
    outer loop
      vertex  7.689474e+01 -6.017915e+01  2.000000e+00
      vertex -7.774474e+01 -6.017915e+01  2.000000e+00
      vertex  7.678646e+01 -6.058324e+01  2.000000e+00
    endloop
  endfacet
  facet normal  0.000000e+00  0.000000e+00  1.000000e+00
    outer loop
      vertex  7.678646e+01 -6.058324e+01  2.000000e+00
      vertex -7.774474e+01 -6.017915e+01  2.000000e+00
      vertex -7.763646e+01 -6.058324e+01  2.000000e+00
    endloop
  endfacet
  facet normal  -0.000000e+00  0.000000e+00  1.000000e+00
    outer loop
      vertex  7.678646e+01 -6.058324e+01  2.000000e+00
      vertex -7.763646e+01 -6.058324e+01  2.000000e+00
      vertex  7.675000e+01 -6.100000e+01  2.000000e+00
    endloop
  endfacet
  facet normal  0.000000e+00  0.000000e+00  1.000000e+00
    outer loop
      vertex  7.675000e+01 -6.100000e+01  2.000000e+00
      vertex -7.763646e+01 -6.058324e+01  2.000000e+00
      vertex -7.760000e+01 -6.100000e+01  2.000000e+00
    endloop
  endfacet
  facet normal  -0.000000e+00  0.000000e+00  1.000000e+00
    outer loop
      vertex  7.675000e+01 -6.100000e+01  2.000000e+00
      vertex -7.760000e+01 -6.100000e+01  2.000000e+00
      vertex  7.678646e+01 -6.141676e+01  2.000000e+00
    endloop
  endfacet
  facet normal  0.000000e+00  0.000000e+00  1.000000e+00
    outer loop
      vertex  7.678646e+01 -6.141676e+01  2.000000e+00
      vertex -7.760000e+01 -6.100000e+01  2.000000e+00
      vertex -7.763646e+01 -6.141676e+01  2.000000e+00
    endloop
  endfacet
  facet normal  -0.000000e+00  0.000000e+00  1.000000e+00
    outer loop
      vertex  7.678646e+01 -6.141676e+01  2.000000e+00
      vertex -7.763646e+01 -6.141676e+01  2.000000e+00
      vertex  7.689474e+01 -6.182085e+01  2.000000e+00
    endloop
  endfacet
  facet normal  0.000000e+00  0.000000e+00  1.000000e+00
    outer loop
      vertex  7.689474e+01 -6.182085e+01  2.000000e+00
      vertex -7.763646e+01 -6.141676e+01  2.000000e+00
      vertex -7.774474e+01 -6.182085e+01  2.000000e+00
    endloop
  endfacet
  facet normal  -0.000000e+00  0.000000e+00  1.000000e+00
    outer loop
      vertex  7.689474e+01 -6.182085e+01  2.000000e+00
      vertex -7.774474e+01 -6.182085e+01  2.000000e+00
      vertex  7.707154e+01 -6.220000e+01  2.000000e+00
    endloop
  endfacet
  facet normal  0.000000e+00  0.000000e+00  1.000000e+00
    outer loop
      vertex  7.707154e+01 -6.220000e+01  2.000000e+00
      vertex -7.774474e+01 -6.182085e+01  2.000000e+00
      vertex -7.792154e+01 -6.220000e+01  2.000000e+00
    endloop
  endfacet
  facet normal  -0.000000e+00  0.000000e+00  1.000000e+00
    outer loop
      vertex  7.707154e+01 -6.220000e+01  2.000000e+00
      vertex -7.792154e+01 -6.220000e+01  2.000000e+00
      vertex  7.731149e+01 -6.254269e+01  2.000000e+00
    endloop
  endfacet
  facet normal  0.000000e+00  0.000000e+00  1.000000e+00
    outer loop
      vertex  7.731149e+01 -6.254269e+01  2.000000e+00
      vertex -7.792154e+01 -6.220000e+01  2.000000e+00
      vertex -7.816149e+01 -6.254269e+01  2.000000e+00
    endloop
  endfacet
  facet normal  -0.000000e+00  0.000000e+00  1.000000e+00
    outer loop
      vertex  7.731149e+01 -6.254269e+01  2.000000e+00
      vertex -7.816149e+01 -6.254269e+01  2.000000e+00
      vertex  7.760731e+01 -6.283850e+01  2.000000e+00
    endloop
  endfacet
  facet normal  0.000000e+00  0.000000e+00  9.999999e-01
    outer loop
      vertex  7.760731e+01 -6.283850e+01  2.000000e+00
      vertex -7.816149e+01 -6.254269e+01  2.000000e+00
      vertex -7.845731e+01 -6.283850e+01  2.000000e+00
    endloop
  endfacet
  facet normal  -0.000000e+00  0.000000e+00  1.000000e+00
    outer loop
      vertex  7.760731e+01 -6.283850e+01  2.000000e+00
      vertex -7.845731e+01 -6.283850e+01  2.000000e+00
      vertex  7.795000e+01 -6.307846e+01  2.000000e+00
    endloop
  endfacet
  facet normal  0.000000e+00  0.000000e+00  1.000000e+00
    outer loop
      vertex  7.795000e+01 -6.307846e+01  2.000000e+00
      vertex -7.845731e+01 -6.283850e+01  2.000000e+00
      vertex -7.880000e+01 -6.307846e+01  2.000000e+00
    endloop
  endfacet
  facet normal  -0.000000e+00  0.000000e+00  1.000000e+00
    outer loop
      vertex  7.795000e+01 -6.307846e+01  2.000000e+00
      vertex -7.880000e+01 -6.307846e+01  2.000000e+00
      vertex  7.832915e+01 -6.325526e+01  2.000000e+00
    endloop
  endfacet
  facet normal  0.000000e+00  0.000000e+00  1.000000e+00
    outer loop
      vertex  7.832915e+01 -6.325526e+01  2.000000e+00
      vertex -7.880000e+01 -6.307846e+01  2.000000e+00
      vertex -7.917915e+01 -6.325526e+01  2.000000e+00
    endloop
  endfacet
  facet normal  -0.000000e+00  0.000000e+00  1.000000e+00
    outer loop
      vertex  7.832915e+01 -6.325526e+01  2.000000e+00
      vertex -7.917915e+01 -6.325526e+01  2.000000e+00
      vertex  7.873325e+01 -6.336354e+01  2.000000e+00
    endloop
  endfacet
  facet normal  0.000000e+00  0.000000e+00  1.000000e+00
    outer loop
      vertex  7.873325e+01 -6.336354e+01  2.000000e+00
      vertex -7.917915e+01 -6.325526e+01  2.000000e+00
      vertex -7.958324e+01 -6.336354e+01  2.000000e+00
    endloop
  endfacet
  facet normal  -0.000000e+00  0.000000e+00  1.000000e+00
    outer loop
      vertex  7.873325e+01 -6.336354e+01  2.000000e+00
      vertex -7.958324e+01 -6.336354e+01  2.000000e+00
      vertex  7.915000e+01 -6.340000e+01  2.000000e+00
    endloop
  endfacet
  facet normal  0.000000e+00  0.000000e+00  1.000000e+00
    outer loop
      vertex  7.915000e+01 -6.340000e+01  2.000000e+00
      vertex -7.958324e+01 -6.336354e+01  2.000000e+00
      vertex -8.000000e+01 -6.340000e+01  2.000000e+00
    endloop
  endfacet
  facet normal -8.715452e-02  9.961948e-01  0.000000e+00
    outer loop
      vertex -8.000000e+01  5.775000e+01  0.000000e+00
      vertex -7.958324e+01  5.778646e+01  2.000000e+00
      vertex -7.958324e+01  5.778646e+01  0.000000e+00
    endloop
  endfacet
  facet normal -2.588203e-01  9.659255e-01  0.000000e+00
    outer loop
      vertex -7.958324e+01  5.778646e+01  0.000000e+00
      vertex -7.958324e+01  5.778646e+01  2.000000e+00
      vertex -7.917915e+01  5.789474e+01  2.000000e+00
    endloop
  endfacet
  facet normal -2.588203e-01  9.659255e-01  0.000000e+00
    outer loop
      vertex -7.958324e+01  5.778646e+01  0.000000e+00
      vertex -7.917915e+01  5.789474e+01  2.000000e+00
      vertex -7.917915e+01  5.789474e+01  0.000000e+00
    endloop
  endfacet
  facet normal -4.226239e-01  9.063051e-01  0.000000e+00
    outer loop
      vertex -7.917915e+01  5.789474e+01  0.000000e+00
      vertex -7.917915e+01  5.789474e+01  2.000000e+00
      vertex -7.880000e+01  5.807154e+01  2.000000e+00
    endloop
  endfacet
  facet normal -4.226239e-01  9.063051e-01  0.000000e+00
    outer loop
      vertex -7.917915e+01  5.789474e+01  0.000000e+00
      vertex -7.880000e+01  5.807154e+01  2.000000e+00
      vertex -7.880000e+01  5.807154e+01  0.000000e+00
    endloop
  endfacet
  facet normal -5.735737e-01  8.191540e-01  0.000000e+00
    outer loop
      vertex -7.880000e+01  5.807154e+01  0.000000e+00
      vertex -7.880000e+01  5.807154e+01  2.000000e+00
      vertex -7.845731e+01  5.831149e+01  2.000000e+00
    endloop
  endfacet
  facet normal -5.735737e-01  8.191540e-01  0.000000e+00
    outer loop
      vertex -7.880000e+01  5.807154e+01  0.000000e+00
      vertex -7.845731e+01  5.831149e+01  2.000000e+00
      vertex -7.845731e+01  5.831149e+01  0.000000e+00
    endloop
  endfacet
  facet normal -7.071022e-01  7.071114e-01  0.000000e+00
    outer loop
      vertex -7.845731e+01  5.831149e+01  0.000000e+00
      vertex -7.845731e+01  5.831149e+01  2.000000e+00
      vertex -7.816149e+01  5.860731e+01  2.000000e+00
    endloop
  endfacet
  facet normal -7.071022e-01  7.071114e-01  0.000000e+00
    outer loop
      vertex -7.845731e+01  5.831149e+01  0.000000e+00
      vertex -7.816149e+01  5.860731e+01  2.000000e+00
      vertex -7.816149e+01  5.860731e+01  0.000000e+00
    endloop
  endfacet
  facet normal -8.191540e-01  5.735737e-01  0.000000e+00
    outer loop
      vertex -7.816149e+01  5.860731e+01  0.000000e+00
      vertex -7.816149e+01  5.860731e+01  2.000000e+00
      vertex -7.792154e+01  5.895000e+01  2.000000e+00
    endloop
  endfacet
  facet normal -8.191540e-01  5.735737e-01  0.000000e+00
    outer loop
      vertex -7.816149e+01  5.860731e+01  0.000000e+00
      vertex -7.792154e+01  5.895000e+01  2.000000e+00
      vertex -7.792154e+01  5.895000e+01  0.000000e+00
    endloop
  endfacet
  facet normal -9.063051e-01  4.226239e-01  0.000000e+00
    outer loop
      vertex -7.792154e+01  5.895000e+01  0.000000e+00
      vertex -7.792154e+01  5.895000e+01  2.000000e+00
      vertex -7.774474e+01  5.932915e+01  2.000000e+00
    endloop
  endfacet
  facet normal -9.063051e-01  4.226239e-01  0.000000e+00
    outer loop
      vertex -7.792154e+01  5.895000e+01  0.000000e+00
      vertex -7.774474e+01  5.932915e+01  2.000000e+00
      vertex -7.774474e+01  5.932915e+01  0.000000e+00
    endloop
  endfacet
  facet normal -9.659261e-01  2.588180e-01  0.000000e+00
    outer loop
      vertex -7.774474e+01  5.932915e+01  0.000000e+00
      vertex -7.774474e+01  5.932915e+01  2.000000e+00
      vertex -7.763646e+01  5.973325e+01  2.000000e+00
    endloop
  endfacet
  facet normal -9.659261e-01  2.588180e-01  0.000000e+00
    outer loop
      vertex -7.774474e+01  5.932915e+01  0.000000e+00
      vertex -7.763646e+01  5.973325e+01  2.000000e+00
      vertex -7.763646e+01  5.973325e+01  0.000000e+00
    endloop
  endfacet
  facet normal -9.961948e-01  8.715452e-02  0.000000e+00
    outer loop
      vertex -7.763646e+01  5.973325e+01  0.000000e+00
      vertex -7.763646e+01  5.973325e+01  2.000000e+00
      vertex -7.760000e+01  6.015000e+01  2.000000e+00
    endloop
  endfacet
  facet normal -9.961948e-01  8.715452e-02  0.000000e+00
    outer loop
      vertex -7.763646e+01  5.973325e+01  0.000000e+00
      vertex -7.760000e+01  6.015000e+01  2.000000e+00
      vertex -7.760000e+01  6.015000e+01  0.000000e+00
    endloop
  endfacet
  facet normal -8.715452e-02  9.961948e-01  0.000000e+00
    outer loop
      vertex -7.958324e+01  5.778646e+01  2.000000e+00
      vertex -8.000000e+01  5.775000e+01  0.000000e+00
      vertex -8.000000e+01  5.775000e+01  2.000000e+00
    endloop
  endfacet
  facet normal  8.715452e-02  9.961948e-01  0.000000e+00
    outer loop
      vertex -8.000000e+01  5.775000e+01  2.000000e+00
      vertex -8.000000e+01  5.775000e+01  0.000000e+00
      vertex -8.041676e+01  5.778646e+01  0.000000e+00
    endloop
  endfacet
  facet normal  8.715452e-02  9.961948e-01  -0.000000e+00
    outer loop
      vertex -8.000000e+01  5.775000e+01  2.000000e+00
      vertex -8.041676e+01  5.778646e+01  0.000000e+00
      vertex -8.041676e+01  5.778646e+01  2.000000e+00
    endloop
  endfacet
  facet normal  2.588203e-01  9.659255e-01  0.000000e+00
    outer loop
      vertex -8.041676e+01  5.778646e+01  2.000000e+00
      vertex -8.041676e+01  5.778646e+01  0.000000e+00
      vertex -8.082085e+01  5.789474e+01  0.000000e+00
    endloop
  endfacet
  facet normal  2.588203e-01  9.659255e-01  -0.000000e+00
    outer loop
      vertex -8.041676e+01  5.778646e+01  2.000000e+00
      vertex -8.082085e+01  5.789474e+01  0.000000e+00
      vertex -8.082085e+01  5.789474e+01  2.000000e+00
    endloop
  endfacet
  facet normal  4.226239e-01  9.063051e-01  0.000000e+00
    outer loop
      vertex -8.082085e+01  5.789474e+01  2.000000e+00
      vertex -8.082085e+01  5.789474e+01  0.000000e+00
      vertex -8.120000e+01  5.807154e+01  0.000000e+00
    endloop
  endfacet
  facet normal  4.226239e-01  9.063051e-01  -0.000000e+00
    outer loop
      vertex -8.082085e+01  5.789474e+01  2.000000e+00
      vertex -8.120000e+01  5.807154e+01  0.000000e+00
      vertex -8.120000e+01  5.807154e+01  2.000000e+00
    endloop
  endfacet
  facet normal  5.735737e-01  8.191540e-01  0.000000e+00
    outer loop
      vertex -8.120000e+01  5.807154e+01  2.000000e+00
      vertex -8.120000e+01  5.807154e+01  0.000000e+00
      vertex -8.154269e+01  5.831149e+01  0.000000e+00
    endloop
  endfacet
  facet normal  5.735737e-01  8.191540e-01  -0.000000e+00
    outer loop
      vertex -8.120000e+01  5.807154e+01  2.000000e+00
      vertex -8.154269e+01  5.831149e+01  0.000000e+00
      vertex -8.154269e+01  5.831149e+01  2.000000e+00
    endloop
  endfacet
  facet normal  7.071022e-01  7.071114e-01  0.000000e+00
    outer loop
      vertex -8.154269e+01  5.831149e+01  2.000000e+00
      vertex -8.154269e+01  5.831149e+01  0.000000e+00
      vertex -8.183851e+01  5.860731e+01  0.000000e+00
    endloop
  endfacet
  facet normal  7.071022e-01  7.071114e-01  -0.000000e+00
    outer loop
      vertex -8.154269e+01  5.831149e+01  2.000000e+00
      vertex -8.183851e+01  5.860731e+01  0.000000e+00
      vertex -8.183851e+01  5.860731e+01  2.000000e+00
    endloop
  endfacet
  facet normal  8.191540e-01  5.735737e-01  0.000000e+00
    outer loop
      vertex -8.183851e+01  5.860731e+01  2.000000e+00
      vertex -8.183851e+01  5.860731e+01  0.000000e+00
      vertex -8.207846e+01  5.895000e+01  0.000000e+00
    endloop
  endfacet
  facet normal  8.191540e-01  5.735737e-01  -0.000000e+00
    outer loop
      vertex -8.183851e+01  5.860731e+01  2.000000e+00
      vertex -8.207846e+01  5.895000e+01  0.000000e+00
      vertex -8.207846e+01  5.895000e+01  2.000000e+00
    endloop
  endfacet
  facet normal  9.063051e-01  4.226239e-01  0.000000e+00
    outer loop
      vertex -8.207846e+01  5.895000e+01  2.000000e+00
      vertex -8.207846e+01  5.895000e+01  0.000000e+00
      vertex -8.225526e+01  5.932915e+01  0.000000e+00
    endloop
  endfacet
  facet normal  9.063051e-01  4.226239e-01  -0.000000e+00
    outer loop
      vertex -8.207846e+01  5.895000e+01  2.000000e+00
      vertex -8.225526e+01  5.932915e+01  0.000000e+00
      vertex -8.225526e+01  5.932915e+01  2.000000e+00
    endloop
  endfacet
  facet normal  9.659261e-01  2.588180e-01  0.000000e+00
    outer loop
      vertex -8.225526e+01  5.932915e+01  2.000000e+00
      vertex -8.225526e+01  5.932915e+01  0.000000e+00
      vertex -8.236354e+01  5.973325e+01  0.000000e+00
    endloop
  endfacet
  facet normal  9.659261e-01  2.588180e-01  -0.000000e+00
    outer loop
      vertex -8.225526e+01  5.932915e+01  2.000000e+00
      vertex -8.236354e+01  5.973325e+01  0.000000e+00
      vertex -8.236354e+01  5.973325e+01  2.000000e+00
    endloop
  endfacet
  facet normal  9.961948e-01  8.715452e-02  0.000000e+00
    outer loop
      vertex -8.236354e+01  5.973325e+01  2.000000e+00
      vertex -8.236354e+01  5.973325e+01  0.000000e+00
      vertex -8.240000e+01  6.015000e+01  0.000000e+00
    endloop
  endfacet
  facet normal  9.961948e-01  8.715452e-02  -0.000000e+00
    outer loop
      vertex -8.236354e+01  5.973325e+01  2.000000e+00
      vertex -8.240000e+01  6.015000e+01  0.000000e+00
      vertex -8.240000e+01  6.015000e+01  2.000000e+00
    endloop
  endfacet
  facet normal  9.999999e-01  0.000000e+00  0.000000e+00
    outer loop
      vertex -8.240000e+01  6.185000e+01  0.000000e+00
      vertex -8.240000e+01  6.185000e+01  2.000000e+00
      vertex -8.240000e+01  6.015000e+01  0.000000e+00
    endloop
  endfacet
  facet normal  9.999999e-01  0.000000e+00  0.000000e+00
    outer loop
      vertex -8.240000e+01  6.015000e+01  0.000000e+00
      vertex -8.240000e+01  6.185000e+01  2.000000e+00
      vertex -8.240000e+01  6.015000e+01  2.000000e+00
    endloop
  endfacet
  facet normal  8.715452e-02 -9.961948e-01  0.000000e+00
    outer loop
      vertex -8.000000e+01  6.425000e+01  0.000000e+00
      vertex -8.041676e+01  6.421354e+01  2.000000e+00
      vertex -8.041676e+01  6.421354e+01  0.000000e+00
    endloop
  endfacet
  facet normal  2.588203e-01 -9.659255e-01  0.000000e+00
    outer loop
      vertex -8.041676e+01  6.421354e+01  0.000000e+00
      vertex -8.041676e+01  6.421354e+01  2.000000e+00
      vertex -8.082085e+01  6.410526e+01  2.000000e+00
    endloop
  endfacet
  facet normal  2.588203e-01 -9.659255e-01  0.000000e+00
    outer loop
      vertex -8.041676e+01  6.421354e+01  0.000000e+00
      vertex -8.082085e+01  6.410526e+01  2.000000e+00
      vertex -8.082085e+01  6.410526e+01  0.000000e+00
    endloop
  endfacet
  facet normal  4.226239e-01 -9.063051e-01  0.000000e+00
    outer loop
      vertex -8.082085e+01  6.410526e+01  0.000000e+00
      vertex -8.082085e+01  6.410526e+01  2.000000e+00
      vertex -8.120000e+01  6.392846e+01  2.000000e+00
    endloop
  endfacet
  facet normal  4.226239e-01 -9.063051e-01  0.000000e+00
    outer loop
      vertex -8.082085e+01  6.410526e+01  0.000000e+00
      vertex -8.120000e+01  6.392846e+01  2.000000e+00
      vertex -8.120000e+01  6.392846e+01  0.000000e+00
    endloop
  endfacet
  facet normal  5.735737e-01 -8.191540e-01  0.000000e+00
    outer loop
      vertex -8.120000e+01  6.392846e+01  0.000000e+00
      vertex -8.120000e+01  6.392846e+01  2.000000e+00
      vertex -8.154269e+01  6.368851e+01  2.000000e+00
    endloop
  endfacet
  facet normal  5.735737e-01 -8.191540e-01  0.000000e+00
    outer loop
      vertex -8.120000e+01  6.392846e+01  0.000000e+00
      vertex -8.154269e+01  6.368851e+01  2.000000e+00
      vertex -8.154269e+01  6.368851e+01  0.000000e+00
    endloop
  endfacet
  facet normal  7.071022e-01 -7.071114e-01  0.000000e+00
    outer loop
      vertex -8.154269e+01  6.368851e+01  0.000000e+00
      vertex -8.154269e+01  6.368851e+01  2.000000e+00
      vertex -8.183851e+01  6.339269e+01  2.000000e+00
    endloop
  endfacet
  facet normal  7.071022e-01 -7.071114e-01  0.000000e+00
    outer loop
      vertex -8.154269e+01  6.368851e+01  0.000000e+00
      vertex -8.183851e+01  6.339269e+01  2.000000e+00
      vertex -8.183851e+01  6.339269e+01  0.000000e+00
    endloop
  endfacet
  facet normal  8.191540e-01 -5.735737e-01  0.000000e+00
    outer loop
      vertex -8.183851e+01  6.339269e+01  0.000000e+00
      vertex -8.183851e+01  6.339269e+01  2.000000e+00
      vertex -8.207846e+01  6.305000e+01  2.000000e+00
    endloop
  endfacet
  facet normal  8.191540e-01 -5.735737e-01  0.000000e+00
    outer loop
      vertex -8.183851e+01  6.339269e+01  0.000000e+00
      vertex -8.207846e+01  6.305000e+01  2.000000e+00
      vertex -8.207846e+01  6.305000e+01  0.000000e+00
    endloop
  endfacet
  facet normal  9.063051e-01 -4.226239e-01  0.000000e+00
    outer loop
      vertex -8.207846e+01  6.305000e+01  0.000000e+00
      vertex -8.207846e+01  6.305000e+01  2.000000e+00
      vertex -8.225526e+01  6.267085e+01  2.000000e+00
    endloop
  endfacet
  facet normal  9.063051e-01 -4.226239e-01  0.000000e+00
    outer loop
      vertex -8.207846e+01  6.305000e+01  0.000000e+00
      vertex -8.225526e+01  6.267085e+01  2.000000e+00
      vertex -8.225526e+01  6.267085e+01  0.000000e+00
    endloop
  endfacet
  facet normal  9.659261e-01 -2.588180e-01  0.000000e+00
    outer loop
      vertex -8.225526e+01  6.267085e+01  0.000000e+00
      vertex -8.225526e+01  6.267085e+01  2.000000e+00
      vertex -8.236354e+01  6.226675e+01  2.000000e+00
    endloop
  endfacet
  facet normal  9.659261e-01 -2.588180e-01  0.000000e+00
    outer loop
      vertex -8.225526e+01  6.267085e+01  0.000000e+00
      vertex -8.236354e+01  6.226675e+01  2.000000e+00
      vertex -8.236354e+01  6.226675e+01  0.000000e+00
    endloop
  endfacet
  facet normal  9.961948e-01 -8.715452e-02  0.000000e+00
    outer loop
      vertex -8.236354e+01  6.226675e+01  0.000000e+00
      vertex -8.236354e+01  6.226675e+01  2.000000e+00
      vertex -8.240000e+01  6.185000e+01  2.000000e+00
    endloop
  endfacet
  facet normal  9.961948e-01 -8.715452e-02  0.000000e+00
    outer loop
      vertex -8.236354e+01  6.226675e+01  0.000000e+00
      vertex -8.240000e+01  6.185000e+01  2.000000e+00
      vertex -8.240000e+01  6.185000e+01  0.000000e+00
    endloop
  endfacet
  facet normal  8.715452e-02 -9.961948e-01  0.000000e+00
    outer loop
      vertex -8.041676e+01  6.421354e+01  2.000000e+00
      vertex -8.000000e+01  6.425000e+01  0.000000e+00
      vertex -8.000000e+01  6.425000e+01  2.000000e+00
    endloop
  endfacet
  facet normal -8.715452e-02 -9.961948e-01  -0.000000e+00
    outer loop
      vertex -8.000000e+01  6.425000e+01  2.000000e+00
      vertex -8.000000e+01  6.425000e+01  0.000000e+00
      vertex -7.958324e+01  6.421354e+01  0.000000e+00
    endloop
  endfacet
  facet normal -8.715452e-02 -9.961948e-01  0.000000e+00
    outer loop
      vertex -8.000000e+01  6.425000e+01  2.000000e+00
      vertex -7.958324e+01  6.421354e+01  0.000000e+00
      vertex -7.958324e+01  6.421354e+01  2.000000e+00
    endloop
  endfacet
  facet normal -2.588203e-01 -9.659255e-01  -0.000000e+00
    outer loop
      vertex -7.958324e+01  6.421354e+01  2.000000e+00
      vertex -7.958324e+01  6.421354e+01  0.000000e+00
      vertex -7.917915e+01  6.410526e+01  0.000000e+00
    endloop
  endfacet
  facet normal -2.588203e-01 -9.659255e-01  0.000000e+00
    outer loop
      vertex -7.958324e+01  6.421354e+01  2.000000e+00
      vertex -7.917915e+01  6.410526e+01  0.000000e+00
      vertex -7.917915e+01  6.410526e+01  2.000000e+00
    endloop
  endfacet
  facet normal -4.226239e-01 -9.063051e-01  -0.000000e+00
    outer loop
      vertex -7.917915e+01  6.410526e+01  2.000000e+00
      vertex -7.917915e+01  6.410526e+01  0.000000e+00
      vertex -7.880000e+01  6.392846e+01  0.000000e+00
    endloop
  endfacet
  facet normal -4.226239e-01 -9.063051e-01  0.000000e+00
    outer loop
      vertex -7.917915e+01  6.410526e+01  2.000000e+00
      vertex -7.880000e+01  6.392846e+01  0.000000e+00
      vertex -7.880000e+01  6.392846e+01  2.000000e+00
    endloop
  endfacet
  facet normal -5.735737e-01 -8.191540e-01  -0.000000e+00
    outer loop
      vertex -7.880000e+01  6.392846e+01  2.000000e+00
      vertex -7.880000e+01  6.392846e+01  0.000000e+00
      vertex -7.845731e+01  6.368851e+01  0.000000e+00
    endloop
  endfacet
  facet normal -5.735737e-01 -8.191540e-01  0.000000e+00
    outer loop
      vertex -7.880000e+01  6.392846e+01  2.000000e+00
      vertex -7.845731e+01  6.368851e+01  0.000000e+00
      vertex -7.845731e+01  6.368851e+01  2.000000e+00
    endloop
  endfacet
  facet normal -7.071022e-01 -7.071114e-01  -0.000000e+00
    outer loop
      vertex -7.845731e+01  6.368851e+01  2.000000e+00
      vertex -7.845731e+01  6.368851e+01  0.000000e+00
      vertex -7.816149e+01  6.339269e+01  0.000000e+00
    endloop
  endfacet
  facet normal -7.071022e-01 -7.071114e-01  0.000000e+00
    outer loop
      vertex -7.845731e+01  6.368851e+01  2.000000e+00
      vertex -7.816149e+01  6.339269e+01  0.000000e+00
      vertex -7.816149e+01  6.339269e+01  2.000000e+00
    endloop
  endfacet
  facet normal -8.191540e-01 -5.735737e-01  -0.000000e+00
    outer loop
      vertex -7.816149e+01  6.339269e+01  2.000000e+00
      vertex -7.816149e+01  6.339269e+01  0.000000e+00
      vertex -7.792154e+01  6.305000e+01  0.000000e+00
    endloop
  endfacet
  facet normal -8.191540e-01 -5.735737e-01  0.000000e+00
    outer loop
      vertex -7.816149e+01  6.339269e+01  2.000000e+00
      vertex -7.792154e+01  6.305000e+01  0.000000e+00
      vertex -7.792154e+01  6.305000e+01  2.000000e+00
    endloop
  endfacet
  facet normal -9.063051e-01 -4.226239e-01  -0.000000e+00
    outer loop
      vertex -7.792154e+01  6.305000e+01  2.000000e+00
      vertex -7.792154e+01  6.305000e+01  0.000000e+00
      vertex -7.774474e+01  6.267085e+01  0.000000e+00
    endloop
  endfacet
  facet normal -9.063051e-01 -4.226239e-01  0.000000e+00
    outer loop
      vertex -7.792154e+01  6.305000e+01  2.000000e+00
      vertex -7.774474e+01  6.267085e+01  0.000000e+00
      vertex -7.774474e+01  6.267085e+01  2.000000e+00
    endloop
  endfacet
  facet normal -9.659261e-01 -2.588180e-01  -0.000000e+00
    outer loop
      vertex -7.774474e+01  6.267085e+01  2.000000e+00
      vertex -7.774474e+01  6.267085e+01  0.000000e+00
      vertex -7.763646e+01  6.226675e+01  0.000000e+00
    endloop
  endfacet
  facet normal -9.659261e-01 -2.588180e-01  0.000000e+00
    outer loop
      vertex -7.774474e+01  6.267085e+01  2.000000e+00
      vertex -7.763646e+01  6.226675e+01  0.000000e+00
      vertex -7.763646e+01  6.226675e+01  2.000000e+00
    endloop
  endfacet
  facet normal -9.961948e-01 -8.715452e-02  -0.000000e+00
    outer loop
      vertex -7.763646e+01  6.226675e+01  2.000000e+00
      vertex -7.763646e+01  6.226675e+01  0.000000e+00
      vertex -7.760000e+01  6.185000e+01  0.000000e+00
    endloop
  endfacet
  facet normal -9.961948e-01 -8.715452e-02  0.000000e+00
    outer loop
      vertex -7.763646e+01  6.226675e+01  2.000000e+00
      vertex -7.760000e+01  6.185000e+01  0.000000e+00
      vertex -7.760000e+01  6.185000e+01  2.000000e+00
    endloop
  endfacet
  facet normal -9.999999e-01  0.000000e+00  0.000000e+00
    outer loop
      vertex -7.760000e+01  6.015000e+01  0.000000e+00
      vertex -7.760000e+01  6.015000e+01  2.000000e+00
      vertex -7.760000e+01  6.185000e+01  0.000000e+00
    endloop
  endfacet
  facet normal -9.999999e-01  0.000000e+00  0.000000e+00
    outer loop
      vertex -7.760000e+01  6.185000e+01  0.000000e+00
      vertex -7.760000e+01  6.015000e+01  2.000000e+00
      vertex -7.760000e+01  6.185000e+01  2.000000e+00
    endloop
  endfacet
  facet normal  0.000000e+00 -9.999999e-01  0.000000e+00
    outer loop
      vertex  7.915000e+01 -5.860000e+01  0.000000e+00
      vertex  8.085000e+01 -5.860000e+01  0.000000e+00
      vertex  7.915000e+01 -5.860000e+01  2.000000e+00
    endloop
  endfacet
  facet normal  0.000000e+00 -9.999999e-01  0.000000e+00
    outer loop
      vertex  7.915000e+01 -5.860000e+01  2.000000e+00
      vertex  8.085000e+01 -5.860000e+01  0.000000e+00
      vertex  8.085000e+01 -5.860000e+01  2.000000e+00
    endloop
  endfacet
  facet normal -9.961948e-01 -8.715452e-02  -0.000000e+00
    outer loop
      vertex  8.325000e+01 -6.100000e+01  0.000000e+00
      vertex  8.321354e+01 -6.058324e+01  2.000000e+00
      vertex  8.321354e+01 -6.058324e+01  0.000000e+00
    endloop
  endfacet
  facet normal -9.659255e-01 -2.588203e-01  0.000000e+00
    outer loop
      vertex  8.321354e+01 -6.058324e+01  0.000000e+00
      vertex  8.321354e+01 -6.058324e+01  2.000000e+00
      vertex  8.310526e+01 -6.017915e+01  2.000000e+00
    endloop
  endfacet
  facet normal -9.659255e-01 -2.588203e-01  -0.000000e+00
    outer loop
      vertex  8.321354e+01 -6.058324e+01  0.000000e+00
      vertex  8.310526e+01 -6.017915e+01  2.000000e+00
      vertex  8.310526e+01 -6.017915e+01  0.000000e+00
    endloop
  endfacet
  facet normal -9.063069e-01 -4.226204e-01  0.000000e+00
    outer loop
      vertex  8.310526e+01 -6.017915e+01  0.000000e+00
      vertex  8.310526e+01 -6.017915e+01  2.000000e+00
      vertex  8.292846e+01 -5.980000e+01  2.000000e+00
    endloop
  endfacet
  facet normal -9.063069e-01 -4.226204e-01  -0.000000e+00
    outer loop
      vertex  8.310526e+01 -6.017915e+01  0.000000e+00
      vertex  8.292846e+01 -5.980000e+01  2.000000e+00
      vertex  8.292846e+01 -5.980000e+01  0.000000e+00
    endloop
  endfacet
  facet normal -8.191540e-01 -5.735737e-01  0.000000e+00
    outer loop
      vertex  8.292846e+01 -5.980000e+01  0.000000e+00
      vertex  8.292846e+01 -5.980000e+01  2.000000e+00
      vertex  8.268851e+01 -5.945731e+01  2.000000e+00
    endloop
  endfacet
  facet normal -8.191540e-01 -5.735737e-01  -0.000000e+00
    outer loop
      vertex  8.292846e+01 -5.980000e+01  0.000000e+00
      vertex  8.268851e+01 -5.945731e+01  2.000000e+00
      vertex  8.268851e+01 -5.945731e+01  0.000000e+00
    endloop
  endfacet
  facet normal -7.071068e-01 -7.071068e-01  0.000000e+00
    outer loop
      vertex  8.268851e+01 -5.945731e+01  0.000000e+00
      vertex  8.268851e+01 -5.945731e+01  2.000000e+00
      vertex  8.239269e+01 -5.916150e+01  2.000000e+00
    endloop
  endfacet
  facet normal -7.071068e-01 -7.071068e-01  -0.000000e+00
    outer loop
      vertex  8.268851e+01 -5.945731e+01  0.000000e+00
      vertex  8.239269e+01 -5.916150e+01  2.000000e+00
      vertex  8.239269e+01 -5.916150e+01  0.000000e+00
    endloop
  endfacet
  facet normal -5.735798e-01 -8.191496e-01  0.000000e+00
    outer loop
      vertex  8.239269e+01 -5.916150e+01  0.000000e+00
      vertex  8.239269e+01 -5.916150e+01  2.000000e+00
      vertex  8.205000e+01 -5.892154e+01  2.000000e+00
    endloop
  endfacet
  facet normal -5.735798e-01 -8.191496e-01  -0.000000e+00
    outer loop
      vertex  8.239269e+01 -5.916150e+01  0.000000e+00
      vertex  8.205000e+01 -5.892154e+01  2.000000e+00
      vertex  8.205000e+01 -5.892154e+01  0.000000e+00
    endloop
  endfacet
  facet normal -4.226094e-01 -9.063119e-01  0.000000e+00
    outer loop
      vertex  8.205000e+01 -5.892154e+01  0.000000e+00
      vertex  8.205000e+01 -5.892154e+01  2.000000e+00
      vertex  8.167085e+01 -5.874474e+01  2.000000e+00
    endloop
  endfacet
  facet normal -4.226094e-01 -9.063119e-01  -0.000000e+00
    outer loop
      vertex  8.205000e+01 -5.892154e+01  0.000000e+00
      vertex  8.167085e+01 -5.874474e+01  2.000000e+00
      vertex  8.167085e+01 -5.874474e+01  0.000000e+00
    endloop
  endfacet
  facet normal -2.588203e-01 -9.659255e-01  0.000000e+00
    outer loop
      vertex  8.167085e+01 -5.874474e+01  0.000000e+00
      vertex  8.167085e+01 -5.874474e+01  2.000000e+00
      vertex  8.126675e+01 -5.863646e+01  2.000000e+00
    endloop
  endfacet
  facet normal -2.588203e-01 -9.659255e-01  -0.000000e+00
    outer loop
      vertex  8.167085e+01 -5.874474e+01  0.000000e+00
      vertex  8.126675e+01 -5.863646e+01  2.000000e+00
      vertex  8.126675e+01 -5.863646e+01  0.000000e+00
    endloop
  endfacet
  facet normal -8.716356e-02 -9.961941e-01  0.000000e+00
    outer loop
      vertex  8.126675e+01 -5.863646e+01  0.000000e+00
      vertex  8.126675e+01 -5.863646e+01  2.000000e+00
      vertex  8.085000e+01 -5.860000e+01  2.000000e+00
    endloop
  endfacet
  facet normal -8.716356e-02 -9.961941e-01  -0.000000e+00
    outer loop
      vertex  8.126675e+01 -5.863646e+01  0.000000e+00
      vertex  8.085000e+01 -5.860000e+01  2.000000e+00
      vertex  8.085000e+01 -5.860000e+01  0.000000e+00
    endloop
  endfacet
  facet normal -9.961948e-01 -8.715452e-02  0.000000e+00
    outer loop
      vertex  8.321354e+01 -6.058324e+01  2.000000e+00
      vertex  8.325000e+01 -6.100000e+01  0.000000e+00
      vertex  8.325000e+01 -6.100000e+01  2.000000e+00
    endloop
  endfacet
  facet normal -9.961948e-01  8.715452e-02  0.000000e+00
    outer loop
      vertex  8.325000e+01 -6.100000e+01  2.000000e+00
      vertex  8.325000e+01 -6.100000e+01  0.000000e+00
      vertex  8.321354e+01 -6.141676e+01  0.000000e+00
    endloop
  endfacet
  facet normal -9.961948e-01  8.715452e-02  0.000000e+00
    outer loop
      vertex  8.325000e+01 -6.100000e+01  2.000000e+00
      vertex  8.321354e+01 -6.141676e+01  0.000000e+00
      vertex  8.321354e+01 -6.141676e+01  2.000000e+00
    endloop
  endfacet
  facet normal -9.659255e-01  2.588203e-01  0.000000e+00
    outer loop
      vertex  8.321354e+01 -6.141676e+01  2.000000e+00
      vertex  8.321354e+01 -6.141676e+01  0.000000e+00
      vertex  8.310526e+01 -6.182085e+01  0.000000e+00
    endloop
  endfacet
  facet normal -9.659255e-01  2.588203e-01  0.000000e+00
    outer loop
      vertex  8.321354e+01 -6.141676e+01  2.000000e+00
      vertex  8.310526e+01 -6.182085e+01  0.000000e+00
      vertex  8.310526e+01 -6.182085e+01  2.000000e+00
    endloop
  endfacet
  facet normal -9.063069e-01  4.226204e-01  0.000000e+00
    outer loop
      vertex  8.310526e+01 -6.182085e+01  2.000000e+00
      vertex  8.310526e+01 -6.182085e+01  0.000000e+00
      vertex  8.292846e+01 -6.220000e+01  0.000000e+00
    endloop
  endfacet
  facet normal -9.063069e-01  4.226204e-01  0.000000e+00
    outer loop
      vertex  8.310526e+01 -6.182085e+01  2.000000e+00
      vertex  8.292846e+01 -6.220000e+01  0.000000e+00
      vertex  8.292846e+01 -6.220000e+01  2.000000e+00
    endloop
  endfacet
  facet normal -8.191540e-01  5.735737e-01  0.000000e+00
    outer loop
      vertex  8.292846e+01 -6.220000e+01  2.000000e+00
      vertex  8.292846e+01 -6.220000e+01  0.000000e+00
      vertex  8.268851e+01 -6.254269e+01  0.000000e+00
    endloop
  endfacet
  facet normal -8.191540e-01  5.735737e-01  0.000000e+00
    outer loop
      vertex  8.292846e+01 -6.220000e+01  2.000000e+00
      vertex  8.268851e+01 -6.254269e+01  0.000000e+00
      vertex  8.268851e+01 -6.254269e+01  2.000000e+00
    endloop
  endfacet
  facet normal -7.071068e-01  7.071068e-01  0.000000e+00
    outer loop
      vertex  8.268851e+01 -6.254269e+01  2.000000e+00
      vertex  8.268851e+01 -6.254269e+01  0.000000e+00
      vertex  8.239269e+01 -6.283850e+01  0.000000e+00
    endloop
  endfacet
  facet normal -7.071068e-01  7.071068e-01  0.000000e+00
    outer loop
      vertex  8.268851e+01 -6.254269e+01  2.000000e+00
      vertex  8.239269e+01 -6.283850e+01  0.000000e+00
      vertex  8.239269e+01 -6.283850e+01  2.000000e+00
    endloop
  endfacet
  facet normal -5.735798e-01  8.191496e-01  0.000000e+00
    outer loop
      vertex  8.239269e+01 -6.283850e+01  2.000000e+00
      vertex  8.239269e+01 -6.283850e+01  0.000000e+00
      vertex  8.205000e+01 -6.307846e+01  0.000000e+00
    endloop
  endfacet
  facet normal -5.735798e-01  8.191496e-01  0.000000e+00
    outer loop
      vertex  8.239269e+01 -6.283850e+01  2.000000e+00
      vertex  8.205000e+01 -6.307846e+01  0.000000e+00
      vertex  8.205000e+01 -6.307846e+01  2.000000e+00
    endloop
  endfacet
  facet normal -4.226094e-01  9.063119e-01  0.000000e+00
    outer loop
      vertex  8.205000e+01 -6.307846e+01  2.000000e+00
      vertex  8.205000e+01 -6.307846e+01  0.000000e+00
      vertex  8.167085e+01 -6.325526e+01  0.000000e+00
    endloop
  endfacet
  facet normal -4.226094e-01  9.063119e-01  0.000000e+00
    outer loop
      vertex  8.205000e+01 -6.307846e+01  2.000000e+00
      vertex  8.167085e+01 -6.325526e+01  0.000000e+00
      vertex  8.167085e+01 -6.325526e+01  2.000000e+00
    endloop
  endfacet
  facet normal -2.588203e-01  9.659255e-01  0.000000e+00
    outer loop
      vertex  8.167085e+01 -6.325526e+01  2.000000e+00
      vertex  8.167085e+01 -6.325526e+01  0.000000e+00
      vertex  8.126675e+01 -6.336354e+01  0.000000e+00
    endloop
  endfacet
  facet normal -2.588203e-01  9.659255e-01  0.000000e+00
    outer loop
      vertex  8.167085e+01 -6.325526e+01  2.000000e+00
      vertex  8.126675e+01 -6.336354e+01  0.000000e+00
      vertex  8.126675e+01 -6.336354e+01  2.000000e+00
    endloop
  endfacet
  facet normal -8.716356e-02  9.961941e-01  0.000000e+00
    outer loop
      vertex  8.126675e+01 -6.336354e+01  2.000000e+00
      vertex  8.126675e+01 -6.336354e+01  0.000000e+00
      vertex  8.085000e+01 -6.340000e+01  0.000000e+00
    endloop
  endfacet
  facet normal -8.716356e-02  9.961941e-01  0.000000e+00
    outer loop
      vertex  8.126675e+01 -6.336354e+01  2.000000e+00
      vertex  8.085000e+01 -6.340000e+01  0.000000e+00
      vertex  8.085000e+01 -6.340000e+01  2.000000e+00
    endloop
  endfacet
  facet normal  0.000000e+00  9.999999e-01  0.000000e+00
    outer loop
      vertex  8.085000e+01 -6.340000e+01  0.000000e+00
      vertex  7.915000e+01 -6.340000e+01  0.000000e+00
      vertex  8.085000e+01 -6.340000e+01  2.000000e+00
    endloop
  endfacet
  facet normal  0.000000e+00  9.999999e-01  0.000000e+00
    outer loop
      vertex  8.085000e+01 -6.340000e+01  2.000000e+00
      vertex  7.915000e+01 -6.340000e+01  0.000000e+00
      vertex  7.915000e+01 -6.340000e+01  2.000000e+00
    endloop
  endfacet
  facet normal  9.961948e-01  8.715452e-02  0.000000e+00
    outer loop
      vertex  7.675000e+01 -6.100000e+01  0.000000e+00
      vertex  7.678646e+01 -6.141676e+01  2.000000e+00
      vertex  7.678646e+01 -6.141676e+01  0.000000e+00
    endloop
  endfacet
  facet normal  9.659255e-01  2.588203e-01  -0.000000e+00
    outer loop
      vertex  7.678646e+01 -6.141676e+01  0.000000e+00
      vertex  7.678646e+01 -6.141676e+01  2.000000e+00
      vertex  7.689474e+01 -6.182085e+01  2.000000e+00
    endloop
  endfacet
  facet normal  9.659255e-01  2.588203e-01  0.000000e+00
    outer loop
      vertex  7.678646e+01 -6.141676e+01  0.000000e+00
      vertex  7.689474e+01 -6.182085e+01  2.000000e+00
      vertex  7.689474e+01 -6.182085e+01  0.000000e+00
    endloop
  endfacet
  facet normal  9.063069e-01  4.226204e-01  -0.000000e+00
    outer loop
      vertex  7.689474e+01 -6.182085e+01  0.000000e+00
      vertex  7.689474e+01 -6.182085e+01  2.000000e+00
      vertex  7.707154e+01 -6.220000e+01  2.000000e+00
    endloop
  endfacet
  facet normal  9.063069e-01  4.226204e-01  0.000000e+00
    outer loop
      vertex  7.689474e+01 -6.182085e+01  0.000000e+00
      vertex  7.707154e+01 -6.220000e+01  2.000000e+00
      vertex  7.707154e+01 -6.220000e+01  0.000000e+00
    endloop
  endfacet
  facet normal  8.191540e-01  5.735737e-01  -0.000000e+00
    outer loop
      vertex  7.707154e+01 -6.220000e+01  0.000000e+00
      vertex  7.707154e+01 -6.220000e+01  2.000000e+00
      vertex  7.731149e+01 -6.254269e+01  2.000000e+00
    endloop
  endfacet
  facet normal  8.191540e-01  5.735737e-01  0.000000e+00
    outer loop
      vertex  7.707154e+01 -6.220000e+01  0.000000e+00
      vertex  7.731149e+01 -6.254269e+01  2.000000e+00
      vertex  7.731149e+01 -6.254269e+01  0.000000e+00
    endloop
  endfacet
  facet normal  7.071068e-01  7.071068e-01  -0.000000e+00
    outer loop
      vertex  7.731149e+01 -6.254269e+01  0.000000e+00
      vertex  7.731149e+01 -6.254269e+01  2.000000e+00
      vertex  7.760731e+01 -6.283850e+01  2.000000e+00
    endloop
  endfacet
  facet normal  7.071068e-01  7.071068e-01  0.000000e+00
    outer loop
      vertex  7.731149e+01 -6.254269e+01  0.000000e+00
      vertex  7.760731e+01 -6.283850e+01  2.000000e+00
      vertex  7.760731e+01 -6.283850e+01  0.000000e+00
    endloop
  endfacet
  facet normal  5.735798e-01  8.191496e-01  -0.000000e+00
    outer loop
      vertex  7.760731e+01 -6.283850e+01  0.000000e+00
      vertex  7.760731e+01 -6.283850e+01  2.000000e+00
      vertex  7.795000e+01 -6.307846e+01  2.000000e+00
    endloop
  endfacet
  facet normal  5.735798e-01  8.191496e-01  0.000000e+00
    outer loop
      vertex  7.760731e+01 -6.283850e+01  0.000000e+00
      vertex  7.795000e+01 -6.307846e+01  2.000000e+00
      vertex  7.795000e+01 -6.307846e+01  0.000000e+00
    endloop
  endfacet
  facet normal  4.226094e-01  9.063119e-01  -0.000000e+00
    outer loop
      vertex  7.795000e+01 -6.307846e+01  0.000000e+00
      vertex  7.795000e+01 -6.307846e+01  2.000000e+00
      vertex  7.832915e+01 -6.325526e+01  2.000000e+00
    endloop
  endfacet
  facet normal  4.226094e-01  9.063119e-01  0.000000e+00
    outer loop
      vertex  7.795000e+01 -6.307846e+01  0.000000e+00
      vertex  7.832915e+01 -6.325526e+01  2.000000e+00
      vertex  7.832915e+01 -6.325526e+01  0.000000e+00
    endloop
  endfacet
  facet normal  2.588203e-01  9.659255e-01  -0.000000e+00
    outer loop
      vertex  7.832915e+01 -6.325526e+01  0.000000e+00
      vertex  7.832915e+01 -6.325526e+01  2.000000e+00
      vertex  7.873325e+01 -6.336354e+01  2.000000e+00
    endloop
  endfacet
  facet normal  2.588203e-01  9.659255e-01  0.000000e+00
    outer loop
      vertex  7.832915e+01 -6.325526e+01  0.000000e+00
      vertex  7.873325e+01 -6.336354e+01  2.000000e+00
      vertex  7.873325e+01 -6.336354e+01  0.000000e+00
    endloop
  endfacet
  facet normal  8.716356e-02  9.961941e-01  -0.000000e+00
    outer loop
      vertex  7.873325e+01 -6.336354e+01  0.000000e+00
      vertex  7.873325e+01 -6.336354e+01  2.000000e+00
      vertex  7.915000e+01 -6.340000e+01  2.000000e+00
    endloop
  endfacet
  facet normal  8.716356e-02  9.961941e-01  0.000000e+00
    outer loop
      vertex  7.873325e+01 -6.336354e+01  0.000000e+00
      vertex  7.915000e+01 -6.340000e+01  2.000000e+00
      vertex  7.915000e+01 -6.340000e+01  0.000000e+00
    endloop
  endfacet
  facet normal  9.961948e-01  8.715452e-02  -0.000000e+00
    outer loop
      vertex  7.678646e+01 -6.141676e+01  2.000000e+00
      vertex  7.675000e+01 -6.100000e+01  0.000000e+00
      vertex  7.675000e+01 -6.100000e+01  2.000000e+00
    endloop
  endfacet
  facet normal  9.961948e-01 -8.715452e-02  0.000000e+00
    outer loop
      vertex  7.675000e+01 -6.100000e+01  2.000000e+00
      vertex  7.675000e+01 -6.100000e+01  0.000000e+00
      vertex  7.678646e+01 -6.058324e+01  0.000000e+00
    endloop
  endfacet
  facet normal  9.961948e-01 -8.715452e-02  0.000000e+00
    outer loop
      vertex  7.675000e+01 -6.100000e+01  2.000000e+00
      vertex  7.678646e+01 -6.058324e+01  0.000000e+00
      vertex  7.678646e+01 -6.058324e+01  2.000000e+00
    endloop
  endfacet
  facet normal  9.659255e-01 -2.588203e-01  0.000000e+00
    outer loop
      vertex  7.678646e+01 -6.058324e+01  2.000000e+00
      vertex  7.678646e+01 -6.058324e+01  0.000000e+00
      vertex  7.689474e+01 -6.017915e+01  0.000000e+00
    endloop
  endfacet
  facet normal  9.659255e-01 -2.588203e-01  0.000000e+00
    outer loop
      vertex  7.678646e+01 -6.058324e+01  2.000000e+00
      vertex  7.689474e+01 -6.017915e+01  0.000000e+00
      vertex  7.689474e+01 -6.017915e+01  2.000000e+00
    endloop
  endfacet
  facet normal  9.063069e-01 -4.226204e-01  0.000000e+00
    outer loop
      vertex  7.689474e+01 -6.017915e+01  2.000000e+00
      vertex  7.689474e+01 -6.017915e+01  0.000000e+00
      vertex  7.707154e+01 -5.980000e+01  0.000000e+00
    endloop
  endfacet
  facet normal  9.063069e-01 -4.226204e-01  0.000000e+00
    outer loop
      vertex  7.689474e+01 -6.017915e+01  2.000000e+00
      vertex  7.707154e+01 -5.980000e+01  0.000000e+00
      vertex  7.707154e+01 -5.980000e+01  2.000000e+00
    endloop
  endfacet
  facet normal  8.191540e-01 -5.735737e-01  0.000000e+00
    outer loop
      vertex  7.707154e+01 -5.980000e+01  2.000000e+00
      vertex  7.707154e+01 -5.980000e+01  0.000000e+00
      vertex  7.731149e+01 -5.945731e+01  0.000000e+00
    endloop
  endfacet
  facet normal  8.191540e-01 -5.735737e-01  0.000000e+00
    outer loop
      vertex  7.707154e+01 -5.980000e+01  2.000000e+00
      vertex  7.731149e+01 -5.945731e+01  0.000000e+00
      vertex  7.731149e+01 -5.945731e+01  2.000000e+00
    endloop
  endfacet
  facet normal  7.071068e-01 -7.071068e-01  0.000000e+00
    outer loop
      vertex  7.731149e+01 -5.945731e+01  2.000000e+00
      vertex  7.731149e+01 -5.945731e+01  0.000000e+00
      vertex  7.760731e+01 -5.916150e+01  0.000000e+00
    endloop
  endfacet
  facet normal  7.071068e-01 -7.071068e-01  0.000000e+00
    outer loop
      vertex  7.731149e+01 -5.945731e+01  2.000000e+00
      vertex  7.760731e+01 -5.916150e+01  0.000000e+00
      vertex  7.760731e+01 -5.916150e+01  2.000000e+00
    endloop
  endfacet
  facet normal  5.735798e-01 -8.191496e-01  0.000000e+00
    outer loop
      vertex  7.760731e+01 -5.916150e+01  2.000000e+00
      vertex  7.760731e+01 -5.916150e+01  0.000000e+00
      vertex  7.795000e+01 -5.892154e+01  0.000000e+00
    endloop
  endfacet
  facet normal  5.735798e-01 -8.191496e-01  0.000000e+00
    outer loop
      vertex  7.760731e+01 -5.916150e+01  2.000000e+00
      vertex  7.795000e+01 -5.892154e+01  0.000000e+00
      vertex  7.795000e+01 -5.892154e+01  2.000000e+00
    endloop
  endfacet
  facet normal  4.226094e-01 -9.063119e-01  0.000000e+00
    outer loop
      vertex  7.795000e+01 -5.892154e+01  2.000000e+00
      vertex  7.795000e+01 -5.892154e+01  0.000000e+00
      vertex  7.832915e+01 -5.874474e+01  0.000000e+00
    endloop
  endfacet
  facet normal  4.226094e-01 -9.063119e-01  0.000000e+00
    outer loop
      vertex  7.795000e+01 -5.892154e+01  2.000000e+00
      vertex  7.832915e+01 -5.874474e+01  0.000000e+00
      vertex  7.832915e+01 -5.874474e+01  2.000000e+00
    endloop
  endfacet
  facet normal  2.588203e-01 -9.659255e-01  0.000000e+00
    outer loop
      vertex  7.832915e+01 -5.874474e+01  2.000000e+00
      vertex  7.832915e+01 -5.874474e+01  0.000000e+00
      vertex  7.873325e+01 -5.863646e+01  0.000000e+00
    endloop
  endfacet
  facet normal  2.588203e-01 -9.659255e-01  0.000000e+00
    outer loop
      vertex  7.832915e+01 -5.874474e+01  2.000000e+00
      vertex  7.873325e+01 -5.863646e+01  0.000000e+00
      vertex  7.873325e+01 -5.863646e+01  2.000000e+00
    endloop
  endfacet
  facet normal  8.716356e-02 -9.961941e-01  0.000000e+00
    outer loop
      vertex  7.873325e+01 -5.863646e+01  2.000000e+00
      vertex  7.873325e+01 -5.863646e+01  0.000000e+00
      vertex  7.915000e+01 -5.860000e+01  0.000000e+00
    endloop
  endfacet
  facet normal  8.716356e-02 -9.961941e-01  0.000000e+00
    outer loop
      vertex  7.873325e+01 -5.863646e+01  2.000000e+00
      vertex  7.915000e+01 -5.860000e+01  0.000000e+00
      vertex  7.915000e+01 -5.860000e+01  2.000000e+00
    endloop
  endfacet
  facet normal -7.845622e-02  9.969175e-01  0.000000e+00
    outer loop
      vertex  8.000000e+01  5.800000e+01  0.000000e+00
      vertex  8.046931e+01  5.803693e+01  2.000000e+00
      vertex  8.046931e+01  5.803693e+01  0.000000e+00
    endloop
  endfacet
  facet normal -2.334529e-01  9.723681e-01  0.000000e+00
    outer loop
      vertex  8.046931e+01  5.803693e+01  0.000000e+00
      vertex  8.046931e+01  5.803693e+01  2.000000e+00
      vertex  8.092705e+01  5.814683e+01  2.000000e+00
    endloop
  endfacet
  facet normal -2.334529e-01  9.723681e-01  0.000000e+00
    outer loop
      vertex  8.046931e+01  5.803693e+01  0.000000e+00
      vertex  8.092705e+01  5.814683e+01  2.000000e+00
      vertex  8.092705e+01  5.814683e+01  0.000000e+00
    endloop
  endfacet
  facet normal -3.826813e-01  9.238805e-01  0.000000e+00
    outer loop
      vertex  8.092705e+01  5.814683e+01  0.000000e+00
      vertex  8.092705e+01  5.814683e+01  2.000000e+00
      vertex  8.136197e+01  5.832698e+01  2.000000e+00
    endloop
  endfacet
  facet normal -3.826813e-01  9.238805e-01  0.000000e+00
    outer loop
      vertex  8.092705e+01  5.814683e+01  0.000000e+00
      vertex  8.136197e+01  5.832698e+01  2.000000e+00
      vertex  8.136197e+01  5.832698e+01  0.000000e+00
    endloop
  endfacet
  facet normal -5.224919e-01  8.526442e-01  0.000000e+00
    outer loop
      vertex  8.136197e+01  5.832698e+01  0.000000e+00
      vertex  8.136197e+01  5.832698e+01  2.000000e+00
      vertex  8.176336e+01  5.857295e+01  2.000000e+00
    endloop
  endfacet
  facet normal -5.224919e-01  8.526442e-01  0.000000e+00
    outer loop
      vertex  8.136197e+01  5.832698e+01  0.000000e+00
      vertex  8.176336e+01  5.857295e+01  2.000000e+00
      vertex  8.176336e+01  5.857295e+01  0.000000e+00
    endloop
  endfacet
  facet normal -6.494517e-01  7.604029e-01  0.000000e+00
    outer loop
      vertex  8.176336e+01  5.857295e+01  0.000000e+00
      vertex  8.176336e+01  5.857295e+01  2.000000e+00
      vertex  8.212132e+01  5.887868e+01  2.000000e+00
    endloop
  endfacet
  facet normal -6.494517e-01  7.604029e-01  0.000000e+00
    outer loop
      vertex  8.176336e+01  5.857295e+01  0.000000e+00
      vertex  8.212132e+01  5.887868e+01  2.000000e+00
      vertex  8.212132e+01  5.887868e+01  0.000000e+00
    endloop
  endfacet
  facet normal -7.604109e-01  6.494424e-01  0.000000e+00
    outer loop
      vertex  8.212132e+01  5.887868e+01  0.000000e+00
      vertex  8.212132e+01  5.887868e+01  2.000000e+00
      vertex  8.242705e+01  5.923664e+01  2.000000e+00
    endloop
  endfacet
  facet normal -7.604109e-01  6.494424e-01  0.000000e+00
    outer loop
      vertex  8.212132e+01  5.887868e+01  0.000000e+00
      vertex  8.242705e+01  5.923664e+01  2.000000e+00
      vertex  8.242705e+01  5.923664e+01  0.000000e+00
    endloop
  endfacet
  facet normal -8.526362e-01  5.225050e-01  0.000000e+00
    outer loop
      vertex  8.242705e+01  5.923664e+01  0.000000e+00
      vertex  8.242705e+01  5.923664e+01  2.000000e+00
      vertex  8.267302e+01  5.963803e+01  2.000000e+00
    endloop
  endfacet
  facet normal -8.526362e-01  5.225050e-01  0.000000e+00
    outer loop
      vertex  8.242705e+01  5.923664e+01  0.000000e+00
      vertex  8.267302e+01  5.963803e+01  2.000000e+00
      vertex  8.267302e+01  5.963803e+01  0.000000e+00
    endloop
  endfacet
  facet normal -9.238775e-01  3.826881e-01  0.000000e+00
    outer loop
      vertex  8.267302e+01  5.963803e+01  0.000000e+00
      vertex  8.267302e+01  5.963803e+01  2.000000e+00
      vertex  8.285317e+01  6.007295e+01  2.000000e+00
    endloop
  endfacet
  facet normal -9.238775e-01  3.826881e-01  0.000000e+00
    outer loop
      vertex  8.267302e+01  5.963803e+01  0.000000e+00
      vertex  8.285317e+01  6.007295e+01  2.000000e+00
      vertex  8.285317e+01  6.007295e+01  0.000000e+00
    endloop
  endfacet
  facet normal -9.723709e-01  2.334416e-01  0.000000e+00
    outer loop
      vertex  8.285317e+01  6.007295e+01  0.000000e+00
      vertex  8.285317e+01  6.007295e+01  2.000000e+00
      vertex  8.296307e+01  6.053070e+01  2.000000e+00
    endloop
  endfacet
  facet normal -9.723709e-01  2.334416e-01  0.000000e+00
    outer loop
      vertex  8.285317e+01  6.007295e+01  0.000000e+00
      vertex  8.296307e+01  6.053070e+01  2.000000e+00
      vertex  8.296307e+01  6.053070e+01  0.000000e+00
    endloop
  endfacet
  facet normal -9.969175e-01  7.845686e-02  0.000000e+00
    outer loop
      vertex  8.296307e+01  6.053070e+01  0.000000e+00
      vertex  8.296307e+01  6.053070e+01  2.000000e+00
      vertex  8.300000e+01  6.100000e+01  2.000000e+00
    endloop
  endfacet
  facet normal -9.969175e-01  7.845686e-02  0.000000e+00
    outer loop
      vertex  8.296307e+01  6.053070e+01  0.000000e+00
      vertex  8.300000e+01  6.100000e+01  2.000000e+00
      vertex  8.300000e+01  6.100000e+01  0.000000e+00
    endloop
  endfacet
  facet normal -7.845622e-02  9.969175e-01  0.000000e+00
    outer loop
      vertex  8.046931e+01  5.803693e+01  2.000000e+00
      vertex  8.000000e+01  5.800000e+01  0.000000e+00
      vertex  8.000000e+01  5.800000e+01  2.000000e+00
    endloop
  endfacet
  facet normal  7.845622e-02  9.969175e-01  0.000000e+00
    outer loop
      vertex  8.000000e+01  5.800000e+01  2.000000e+00
      vertex  8.000000e+01  5.800000e+01  0.000000e+00
      vertex  7.953069e+01  5.803693e+01  0.000000e+00
    endloop
  endfacet
  facet normal  7.845622e-02  9.969175e-01  -0.000000e+00
    outer loop
      vertex  8.000000e+01  5.800000e+01  2.000000e+00
      vertex  7.953069e+01  5.803693e+01  0.000000e+00
      vertex  7.953069e+01  5.803693e+01  2.000000e+00
    endloop
  endfacet
  facet normal  2.334529e-01  9.723681e-01  0.000000e+00
    outer loop
      vertex  7.953069e+01  5.803693e+01  2.000000e+00
      vertex  7.953069e+01  5.803693e+01  0.000000e+00
      vertex  7.907295e+01  5.814683e+01  0.000000e+00
    endloop
  endfacet
  facet normal  2.334529e-01  9.723681e-01  -0.000000e+00
    outer loop
      vertex  7.953069e+01  5.803693e+01  2.000000e+00
      vertex  7.907295e+01  5.814683e+01  0.000000e+00
      vertex  7.907295e+01  5.814683e+01  2.000000e+00
    endloop
  endfacet
  facet normal  3.826813e-01  9.238805e-01  0.000000e+00
    outer loop
      vertex  7.907295e+01  5.814683e+01  2.000000e+00
      vertex  7.907295e+01  5.814683e+01  0.000000e+00
      vertex  7.863803e+01  5.832698e+01  0.000000e+00
    endloop
  endfacet
  facet normal  3.826813e-01  9.238805e-01  -0.000000e+00
    outer loop
      vertex  7.907295e+01  5.814683e+01  2.000000e+00
      vertex  7.863803e+01  5.832698e+01  0.000000e+00
      vertex  7.863803e+01  5.832698e+01  2.000000e+00
    endloop
  endfacet
  facet normal  5.224919e-01  8.526442e-01  0.000000e+00
    outer loop
      vertex  7.863803e+01  5.832698e+01  2.000000e+00
      vertex  7.863803e+01  5.832698e+01  0.000000e+00
      vertex  7.823664e+01  5.857295e+01  0.000000e+00
    endloop
  endfacet
  facet normal  5.224919e-01  8.526442e-01  -0.000000e+00
    outer loop
      vertex  7.863803e+01  5.832698e+01  2.000000e+00
      vertex  7.823664e+01  5.857295e+01  0.000000e+00
      vertex  7.823664e+01  5.857295e+01  2.000000e+00
    endloop
  endfacet
  facet normal  6.494517e-01  7.604029e-01  0.000000e+00
    outer loop
      vertex  7.823664e+01  5.857295e+01  2.000000e+00
      vertex  7.823664e+01  5.857295e+01  0.000000e+00
      vertex  7.787868e+01  5.887868e+01  0.000000e+00
    endloop
  endfacet
  facet normal  6.494517e-01  7.604029e-01  -0.000000e+00
    outer loop
      vertex  7.823664e+01  5.857295e+01  2.000000e+00
      vertex  7.787868e+01  5.887868e+01  0.000000e+00
      vertex  7.787868e+01  5.887868e+01  2.000000e+00
    endloop
  endfacet
  facet normal  7.604109e-01  6.494424e-01  0.000000e+00
    outer loop
      vertex  7.787868e+01  5.887868e+01  2.000000e+00
      vertex  7.787868e+01  5.887868e+01  0.000000e+00
      vertex  7.757295e+01  5.923664e+01  0.000000e+00
    endloop
  endfacet
  facet normal  7.604109e-01  6.494424e-01  -0.000000e+00
    outer loop
      vertex  7.787868e+01  5.887868e+01  2.000000e+00
      vertex  7.757295e+01  5.923664e+01  0.000000e+00
      vertex  7.757295e+01  5.923664e+01  2.000000e+00
    endloop
  endfacet
  facet normal  8.526362e-01  5.225050e-01  0.000000e+00
    outer loop
      vertex  7.757295e+01  5.923664e+01  2.000000e+00
      vertex  7.757295e+01  5.923664e+01  0.000000e+00
      vertex  7.732698e+01  5.963803e+01  0.000000e+00
    endloop
  endfacet
  facet normal  8.526362e-01  5.225050e-01  -0.000000e+00
    outer loop
      vertex  7.757295e+01  5.923664e+01  2.000000e+00
      vertex  7.732698e+01  5.963803e+01  0.000000e+00
      vertex  7.732698e+01  5.963803e+01  2.000000e+00
    endloop
  endfacet
  facet normal  9.238775e-01  3.826881e-01  0.000000e+00
    outer loop
      vertex  7.732698e+01  5.963803e+01  2.000000e+00
      vertex  7.732698e+01  5.963803e+01  0.000000e+00
      vertex  7.714683e+01  6.007295e+01  0.000000e+00
    endloop
  endfacet
  facet normal  9.238775e-01  3.826881e-01  -0.000000e+00
    outer loop
      vertex  7.732698e+01  5.963803e+01  2.000000e+00
      vertex  7.714683e+01  6.007295e+01  0.000000e+00
      vertex  7.714683e+01  6.007295e+01  2.000000e+00
    endloop
  endfacet
  facet normal  9.723709e-01  2.334416e-01  0.000000e+00
    outer loop
      vertex  7.714683e+01  6.007295e+01  2.000000e+00
      vertex  7.714683e+01  6.007295e+01  0.000000e+00
      vertex  7.703693e+01  6.053070e+01  0.000000e+00
    endloop
  endfacet
  facet normal  9.723709e-01  2.334416e-01  -0.000000e+00
    outer loop
      vertex  7.714683e+01  6.007295e+01  2.000000e+00
      vertex  7.703693e+01  6.053070e+01  0.000000e+00
      vertex  7.703693e+01  6.053070e+01  2.000000e+00
    endloop
  endfacet
  facet normal  9.969175e-01  7.845686e-02  0.000000e+00
    outer loop
      vertex  7.703693e+01  6.053070e+01  2.000000e+00
      vertex  7.703693e+01  6.053070e+01  0.000000e+00
      vertex  7.700000e+01  6.100000e+01  0.000000e+00
    endloop
  endfacet
  facet normal  9.969175e-01  7.845686e-02  -0.000000e+00
    outer loop
      vertex  7.703693e+01  6.053070e+01  2.000000e+00
      vertex  7.700000e+01  6.100000e+01  0.000000e+00
      vertex  7.700000e+01  6.100000e+01  2.000000e+00
    endloop
  endfacet
  facet normal  7.845622e-02 -9.969175e-01  0.000000e+00
    outer loop
      vertex  8.000000e+01  6.400000e+01  0.000000e+00
      vertex  7.953069e+01  6.396307e+01  2.000000e+00
      vertex  7.953069e+01  6.396307e+01  0.000000e+00
    endloop
  endfacet
  facet normal  2.334529e-01 -9.723681e-01  0.000000e+00
    outer loop
      vertex  7.953069e+01  6.396307e+01  0.000000e+00
      vertex  7.953069e+01  6.396307e+01  2.000000e+00
      vertex  7.907295e+01  6.385317e+01  2.000000e+00
    endloop
  endfacet
  facet normal  2.334529e-01 -9.723681e-01  0.000000e+00
    outer loop
      vertex  7.953069e+01  6.396307e+01  0.000000e+00
      vertex  7.907295e+01  6.385317e+01  2.000000e+00
      vertex  7.907295e+01  6.385317e+01  0.000000e+00
    endloop
  endfacet
  facet normal  3.826813e-01 -9.238805e-01  0.000000e+00
    outer loop
      vertex  7.907295e+01  6.385317e+01  0.000000e+00
      vertex  7.907295e+01  6.385317e+01  2.000000e+00
      vertex  7.863803e+01  6.367302e+01  2.000000e+00
    endloop
  endfacet
  facet normal  3.826813e-01 -9.238805e-01  0.000000e+00
    outer loop
      vertex  7.907295e+01  6.385317e+01  0.000000e+00
      vertex  7.863803e+01  6.367302e+01  2.000000e+00
      vertex  7.863803e+01  6.367302e+01  0.000000e+00
    endloop
  endfacet
  facet normal  5.224919e-01 -8.526442e-01  0.000000e+00
    outer loop
      vertex  7.863803e+01  6.367302e+01  0.000000e+00
      vertex  7.863803e+01  6.367302e+01  2.000000e+00
      vertex  7.823664e+01  6.342705e+01  2.000000e+00
    endloop
  endfacet
  facet normal  5.224919e-01 -8.526442e-01  0.000000e+00
    outer loop
      vertex  7.863803e+01  6.367302e+01  0.000000e+00
      vertex  7.823664e+01  6.342705e+01  2.000000e+00
      vertex  7.823664e+01  6.342705e+01  0.000000e+00
    endloop
  endfacet
  facet normal  6.494517e-01 -7.604029e-01  0.000000e+00
    outer loop
      vertex  7.823664e+01  6.342705e+01  0.000000e+00
      vertex  7.823664e+01  6.342705e+01  2.000000e+00
      vertex  7.787868e+01  6.312132e+01  2.000000e+00
    endloop
  endfacet
  facet normal  6.494517e-01 -7.604029e-01  0.000000e+00
    outer loop
      vertex  7.823664e+01  6.342705e+01  0.000000e+00
      vertex  7.787868e+01  6.312132e+01  2.000000e+00
      vertex  7.787868e+01  6.312132e+01  0.000000e+00
    endloop
  endfacet
  facet normal  7.604109e-01 -6.494424e-01  0.000000e+00
    outer loop
      vertex  7.787868e+01  6.312132e+01  0.000000e+00
      vertex  7.787868e+01  6.312132e+01  2.000000e+00
      vertex  7.757295e+01  6.276336e+01  2.000000e+00
    endloop
  endfacet
  facet normal  7.604109e-01 -6.494424e-01  0.000000e+00
    outer loop
      vertex  7.787868e+01  6.312132e+01  0.000000e+00
      vertex  7.757295e+01  6.276336e+01  2.000000e+00
      vertex  7.757295e+01  6.276336e+01  0.000000e+00
    endloop
  endfacet
  facet normal  8.526362e-01 -5.225050e-01  0.000000e+00
    outer loop
      vertex  7.757295e+01  6.276336e+01  0.000000e+00
      vertex  7.757295e+01  6.276336e+01  2.000000e+00
      vertex  7.732698e+01  6.236197e+01  2.000000e+00
    endloop
  endfacet
  facet normal  8.526362e-01 -5.225050e-01  0.000000e+00
    outer loop
      vertex  7.757295e+01  6.276336e+01  0.000000e+00
      vertex  7.732698e+01  6.236197e+01  2.000000e+00
      vertex  7.732698e+01  6.236197e+01  0.000000e+00
    endloop
  endfacet
  facet normal  9.238775e-01 -3.826881e-01  0.000000e+00
    outer loop
      vertex  7.732698e+01  6.236197e+01  0.000000e+00
      vertex  7.732698e+01  6.236197e+01  2.000000e+00
      vertex  7.714683e+01  6.192705e+01  2.000000e+00
    endloop
  endfacet
  facet normal  9.238775e-01 -3.826881e-01  0.000000e+00
    outer loop
      vertex  7.732698e+01  6.236197e+01  0.000000e+00
      vertex  7.714683e+01  6.192705e+01  2.000000e+00
      vertex  7.714683e+01  6.192705e+01  0.000000e+00
    endloop
  endfacet
  facet normal  9.723709e-01 -2.334416e-01  0.000000e+00
    outer loop
      vertex  7.714683e+01  6.192705e+01  0.000000e+00
      vertex  7.714683e+01  6.192705e+01  2.000000e+00
      vertex  7.703693e+01  6.146930e+01  2.000000e+00
    endloop
  endfacet
  facet normal  9.723709e-01 -2.334416e-01  0.000000e+00
    outer loop
      vertex  7.714683e+01  6.192705e+01  0.000000e+00
      vertex  7.703693e+01  6.146930e+01  2.000000e+00
      vertex  7.703693e+01  6.146930e+01  0.000000e+00
    endloop
  endfacet
  facet normal  9.969175e-01 -7.845686e-02  0.000000e+00
    outer loop
      vertex  7.703693e+01  6.146930e+01  0.000000e+00
      vertex  7.703693e+01  6.146930e+01  2.000000e+00
      vertex  7.700000e+01  6.100000e+01  2.000000e+00
    endloop
  endfacet
  facet normal  9.969175e-01 -7.845686e-02  0.000000e+00
    outer loop
      vertex  7.703693e+01  6.146930e+01  0.000000e+00
      vertex  7.700000e+01  6.100000e+01  2.000000e+00
      vertex  7.700000e+01  6.100000e+01  0.000000e+00
    endloop
  endfacet
  facet normal  7.845622e-02 -9.969175e-01  0.000000e+00
    outer loop
      vertex  7.953069e+01  6.396307e+01  2.000000e+00
      vertex  8.000000e+01  6.400000e+01  0.000000e+00
      vertex  8.000000e+01  6.400000e+01  2.000000e+00
    endloop
  endfacet
  facet normal -7.845622e-02 -9.969175e-01  -0.000000e+00
    outer loop
      vertex  8.000000e+01  6.400000e+01  2.000000e+00
      vertex  8.000000e+01  6.400000e+01  0.000000e+00
      vertex  8.046931e+01  6.396307e+01  0.000000e+00
    endloop
  endfacet
  facet normal -7.845622e-02 -9.969175e-01  0.000000e+00
    outer loop
      vertex  8.000000e+01  6.400000e+01  2.000000e+00
      vertex  8.046931e+01  6.396307e+01  0.000000e+00
      vertex  8.046931e+01  6.396307e+01  2.000000e+00
    endloop
  endfacet
  facet normal -2.334529e-01 -9.723681e-01  -0.000000e+00
    outer loop
      vertex  8.046931e+01  6.396307e+01  2.000000e+00
      vertex  8.046931e+01  6.396307e+01  0.000000e+00
      vertex  8.092705e+01  6.385317e+01  0.000000e+00
    endloop
  endfacet
  facet normal -2.334529e-01 -9.723681e-01  0.000000e+00
    outer loop
      vertex  8.046931e+01  6.396307e+01  2.000000e+00
      vertex  8.092705e+01  6.385317e+01  0.000000e+00
      vertex  8.092705e+01  6.385317e+01  2.000000e+00
    endloop
  endfacet
  facet normal -3.826813e-01 -9.238805e-01  -0.000000e+00
    outer loop
      vertex  8.092705e+01  6.385317e+01  2.000000e+00
      vertex  8.092705e+01  6.385317e+01  0.000000e+00
      vertex  8.136197e+01  6.367302e+01  0.000000e+00
    endloop
  endfacet
  facet normal -3.826813e-01 -9.238805e-01  0.000000e+00
    outer loop
      vertex  8.092705e+01  6.385317e+01  2.000000e+00
      vertex  8.136197e+01  6.367302e+01  0.000000e+00
      vertex  8.136197e+01  6.367302e+01  2.000000e+00
    endloop
  endfacet
  facet normal -5.224919e-01 -8.526442e-01  -0.000000e+00
    outer loop
      vertex  8.136197e+01  6.367302e+01  2.000000e+00
      vertex  8.136197e+01  6.367302e+01  0.000000e+00
      vertex  8.176336e+01  6.342705e+01  0.000000e+00
    endloop
  endfacet
  facet normal -5.224919e-01 -8.526442e-01  0.000000e+00
    outer loop
      vertex  8.136197e+01  6.367302e+01  2.000000e+00
      vertex  8.176336e+01  6.342705e+01  0.000000e+00
      vertex  8.176336e+01  6.342705e+01  2.000000e+00
    endloop
  endfacet
  facet normal -6.494517e-01 -7.604029e-01  -0.000000e+00
    outer loop
      vertex  8.176336e+01  6.342705e+01  2.000000e+00
      vertex  8.176336e+01  6.342705e+01  0.000000e+00
      vertex  8.212132e+01  6.312132e+01  0.000000e+00
    endloop
  endfacet
  facet normal -6.494517e-01 -7.604029e-01  0.000000e+00
    outer loop
      vertex  8.176336e+01  6.342705e+01  2.000000e+00
      vertex  8.212132e+01  6.312132e+01  0.000000e+00
      vertex  8.212132e+01  6.312132e+01  2.000000e+00
    endloop
  endfacet
  facet normal -7.604109e-01 -6.494424e-01  -0.000000e+00
    outer loop
      vertex  8.212132e+01  6.312132e+01  2.000000e+00
      vertex  8.212132e+01  6.312132e+01  0.000000e+00
      vertex  8.242705e+01  6.276336e+01  0.000000e+00
    endloop
  endfacet
  facet normal -7.604109e-01 -6.494424e-01  0.000000e+00
    outer loop
      vertex  8.212132e+01  6.312132e+01  2.000000e+00
      vertex  8.242705e+01  6.276336e+01  0.000000e+00
      vertex  8.242705e+01  6.276336e+01  2.000000e+00
    endloop
  endfacet
  facet normal -8.526362e-01 -5.225050e-01  -0.000000e+00
    outer loop
      vertex  8.242705e+01  6.276336e+01  2.000000e+00
      vertex  8.242705e+01  6.276336e+01  0.000000e+00
      vertex  8.267302e+01  6.236197e+01  0.000000e+00
    endloop
  endfacet
  facet normal -8.526362e-01 -5.225050e-01  0.000000e+00
    outer loop
      vertex  8.242705e+01  6.276336e+01  2.000000e+00
      vertex  8.267302e+01  6.236197e+01  0.000000e+00
      vertex  8.267302e+01  6.236197e+01  2.000000e+00
    endloop
  endfacet
  facet normal -9.238775e-01 -3.826881e-01  -0.000000e+00
    outer loop
      vertex  8.267302e+01  6.236197e+01  2.000000e+00
      vertex  8.267302e+01  6.236197e+01  0.000000e+00
      vertex  8.285317e+01  6.192705e+01  0.000000e+00
    endloop
  endfacet
  facet normal -9.238775e-01 -3.826881e-01  0.000000e+00
    outer loop
      vertex  8.267302e+01  6.236197e+01  2.000000e+00
      vertex  8.285317e+01  6.192705e+01  0.000000e+00
      vertex  8.285317e+01  6.192705e+01  2.000000e+00
    endloop
  endfacet
  facet normal -9.723709e-01 -2.334416e-01  -0.000000e+00
    outer loop
      vertex  8.285317e+01  6.192705e+01  2.000000e+00
      vertex  8.285317e+01  6.192705e+01  0.000000e+00
      vertex  8.296307e+01  6.146930e+01  0.000000e+00
    endloop
  endfacet
  facet normal -9.723709e-01 -2.334416e-01  0.000000e+00
    outer loop
      vertex  8.285317e+01  6.192705e+01  2.000000e+00
      vertex  8.296307e+01  6.146930e+01  0.000000e+00
      vertex  8.296307e+01  6.146930e+01  2.000000e+00
    endloop
  endfacet
  facet normal -9.969175e-01 -7.845686e-02  -0.000000e+00
    outer loop
      vertex  8.296307e+01  6.146930e+01  2.000000e+00
      vertex  8.296307e+01  6.146930e+01  0.000000e+00
      vertex  8.300000e+01  6.100000e+01  0.000000e+00
    endloop
  endfacet
  facet normal -9.969175e-01 -7.845686e-02  0.000000e+00
    outer loop
      vertex  8.296307e+01  6.146930e+01  2.000000e+00
      vertex  8.300000e+01  6.100000e+01  0.000000e+00
      vertex  8.300000e+01  6.100000e+01  2.000000e+00
    endloop
  endfacet
  facet normal -8.716356e-02  9.961941e-01  0.000000e+00
    outer loop
      vertex -8.000000e+01 -6.340000e+01  0.000000e+00
      vertex -7.958324e+01 -6.336354e+01  2.000000e+00
      vertex -7.958324e+01 -6.336354e+01  0.000000e+00
    endloop
  endfacet
  facet normal -2.588203e-01  9.659255e-01  0.000000e+00
    outer loop
      vertex -7.958324e+01 -6.336354e+01  0.000000e+00
      vertex -7.958324e+01 -6.336354e+01  2.000000e+00
      vertex -7.917915e+01 -6.325526e+01  2.000000e+00
    endloop
  endfacet
  facet normal -2.588203e-01  9.659255e-01  0.000000e+00
    outer loop
      vertex -7.958324e+01 -6.336354e+01  0.000000e+00
      vertex -7.917915e+01 -6.325526e+01  2.000000e+00
      vertex -7.917915e+01 -6.325526e+01  0.000000e+00
    endloop
  endfacet
  facet normal -4.226164e-01  9.063086e-01  0.000000e+00
    outer loop
      vertex -7.917915e+01 -6.325526e+01  0.000000e+00
      vertex -7.917915e+01 -6.325526e+01  2.000000e+00
      vertex -7.880000e+01 -6.307846e+01  2.000000e+00
    endloop
  endfacet
  facet normal -4.226164e-01  9.063086e-01  0.000000e+00
    outer loop
      vertex -7.917915e+01 -6.325526e+01  0.000000e+00
      vertex -7.880000e+01 -6.307846e+01  2.000000e+00
      vertex -7.880000e+01 -6.307846e+01  0.000000e+00
    endloop
  endfacet
  facet normal -5.735798e-01  8.191496e-01  0.000000e+00
    outer loop
      vertex -7.880000e+01 -6.307846e+01  0.000000e+00
      vertex -7.880000e+01 -6.307846e+01  2.000000e+00
      vertex -7.845731e+01 -6.283850e+01  2.000000e+00
    endloop
  endfacet
  facet normal -5.735798e-01  8.191496e-01  0.000000e+00
    outer loop
      vertex -7.880000e+01 -6.307846e+01  0.000000e+00
      vertex -7.845731e+01 -6.283850e+01  2.000000e+00
      vertex -7.845731e+01 -6.283850e+01  0.000000e+00
    endloop
  endfacet
  facet normal -7.070976e-01  7.071159e-01  0.000000e+00
    outer loop
      vertex -7.845731e+01 -6.283850e+01  0.000000e+00
      vertex -7.845731e+01 -6.283850e+01  2.000000e+00
      vertex -7.816149e+01 -6.254269e+01  2.000000e+00
    endloop
  endfacet
  facet normal -7.070976e-01  7.071159e-01  0.000000e+00
    outer loop
      vertex -7.845731e+01 -6.283850e+01  0.000000e+00
      vertex -7.816149e+01 -6.254269e+01  2.000000e+00
      vertex -7.816149e+01 -6.254269e+01  0.000000e+00
    endloop
  endfacet
  facet normal -8.191540e-01  5.735737e-01  0.000000e+00
    outer loop
      vertex -7.816149e+01 -6.254269e+01  0.000000e+00
      vertex -7.816149e+01 -6.254269e+01  2.000000e+00
      vertex -7.792154e+01 -6.220000e+01  2.000000e+00
    endloop
  endfacet
  facet normal -8.191540e-01  5.735737e-01  0.000000e+00
    outer loop
      vertex -7.816149e+01 -6.254269e+01  0.000000e+00
      vertex -7.792154e+01 -6.220000e+01  2.000000e+00
      vertex -7.792154e+01 -6.220000e+01  0.000000e+00
    endloop
  endfacet
  facet normal -9.063069e-01  4.226204e-01  0.000000e+00
    outer loop
      vertex -7.792154e+01 -6.220000e+01  0.000000e+00
      vertex -7.792154e+01 -6.220000e+01  2.000000e+00
      vertex -7.774474e+01 -6.182085e+01  2.000000e+00
    endloop
  endfacet
  facet normal -9.063069e-01  4.226204e-01  0.000000e+00
    outer loop
      vertex -7.792154e+01 -6.220000e+01  0.000000e+00
      vertex -7.774474e+01 -6.182085e+01  2.000000e+00
      vertex -7.774474e+01 -6.182085e+01  0.000000e+00
    endloop
  endfacet
  facet normal -9.659255e-01  2.588203e-01  0.000000e+00
    outer loop
      vertex -7.774474e+01 -6.182085e+01  0.000000e+00
      vertex -7.774474e+01 -6.182085e+01  2.000000e+00
      vertex -7.763646e+01 -6.141676e+01  2.000000e+00
    endloop
  endfacet
  facet normal -9.659255e-01  2.588203e-01  0.000000e+00
    outer loop
      vertex -7.774474e+01 -6.182085e+01  0.000000e+00
      vertex -7.763646e+01 -6.141676e+01  2.000000e+00
      vertex -7.763646e+01 -6.141676e+01  0.000000e+00
    endloop
  endfacet
  facet normal -9.961948e-01  8.715452e-02  0.000000e+00
    outer loop
      vertex -7.763646e+01 -6.141676e+01  0.000000e+00
      vertex -7.763646e+01 -6.141676e+01  2.000000e+00
      vertex -7.760000e+01 -6.100000e+01  2.000000e+00
    endloop
  endfacet
  facet normal -9.961948e-01  8.715452e-02  0.000000e+00
    outer loop
      vertex -7.763646e+01 -6.141676e+01  0.000000e+00
      vertex -7.760000e+01 -6.100000e+01  2.000000e+00
      vertex -7.760000e+01 -6.100000e+01  0.000000e+00
    endloop
  endfacet
  facet normal -8.716356e-02  9.961941e-01  0.000000e+00
    outer loop
      vertex -7.958324e+01 -6.336354e+01  2.000000e+00
      vertex -8.000000e+01 -6.340000e+01  0.000000e+00
      vertex -8.000000e+01 -6.340000e+01  2.000000e+00
    endloop
  endfacet
  facet normal  8.716356e-02  9.961941e-01  0.000000e+00
    outer loop
      vertex -8.000000e+01 -6.340000e+01  2.000000e+00
      vertex -8.000000e+01 -6.340000e+01  0.000000e+00
      vertex -8.041676e+01 -6.336354e+01  0.000000e+00
    endloop
  endfacet
  facet normal  8.716356e-02  9.961941e-01  -0.000000e+00
    outer loop
      vertex -8.000000e+01 -6.340000e+01  2.000000e+00
      vertex -8.041676e+01 -6.336354e+01  0.000000e+00
      vertex -8.041676e+01 -6.336354e+01  2.000000e+00
    endloop
  endfacet
  facet normal  2.588203e-01  9.659255e-01  0.000000e+00
    outer loop
      vertex -8.041676e+01 -6.336354e+01  2.000000e+00
      vertex -8.041676e+01 -6.336354e+01  0.000000e+00
      vertex -8.082085e+01 -6.325526e+01  0.000000e+00
    endloop
  endfacet
  facet normal  2.588203e-01  9.659255e-01  -0.000000e+00
    outer loop
      vertex -8.041676e+01 -6.336354e+01  2.000000e+00
      vertex -8.082085e+01 -6.325526e+01  0.000000e+00
      vertex -8.082085e+01 -6.325526e+01  2.000000e+00
    endloop
  endfacet
  facet normal  4.226164e-01  9.063086e-01  0.000000e+00
    outer loop
      vertex -8.082085e+01 -6.325526e+01  2.000000e+00
      vertex -8.082085e+01 -6.325526e+01  0.000000e+00
      vertex -8.120000e+01 -6.307846e+01  0.000000e+00
    endloop
  endfacet
  facet normal  4.226164e-01  9.063086e-01  -0.000000e+00
    outer loop
      vertex -8.082085e+01 -6.325526e+01  2.000000e+00
      vertex -8.120000e+01 -6.307846e+01  0.000000e+00
      vertex -8.120000e+01 -6.307846e+01  2.000000e+00
    endloop
  endfacet
  facet normal  5.735798e-01  8.191496e-01  0.000000e+00
    outer loop
      vertex -8.120000e+01 -6.307846e+01  2.000000e+00
      vertex -8.120000e+01 -6.307846e+01  0.000000e+00
      vertex -8.154269e+01 -6.283850e+01  0.000000e+00
    endloop
  endfacet
  facet normal  5.735798e-01  8.191496e-01  -0.000000e+00
    outer loop
      vertex -8.120000e+01 -6.307846e+01  2.000000e+00
      vertex -8.154269e+01 -6.283850e+01  0.000000e+00
      vertex -8.154269e+01 -6.283850e+01  2.000000e+00
    endloop
  endfacet
  facet normal  7.070976e-01  7.071159e-01  0.000000e+00
    outer loop
      vertex -8.154269e+01 -6.283850e+01  2.000000e+00
      vertex -8.154269e+01 -6.283850e+01  0.000000e+00
      vertex -8.183851e+01 -6.254269e+01  0.000000e+00
    endloop
  endfacet
  facet normal  7.070976e-01  7.071159e-01  -0.000000e+00
    outer loop
      vertex -8.154269e+01 -6.283850e+01  2.000000e+00
      vertex -8.183851e+01 -6.254269e+01  0.000000e+00
      vertex -8.183851e+01 -6.254269e+01  2.000000e+00
    endloop
  endfacet
  facet normal  8.191540e-01  5.735737e-01  0.000000e+00
    outer loop
      vertex -8.183851e+01 -6.254269e+01  2.000000e+00
      vertex -8.183851e+01 -6.254269e+01  0.000000e+00
      vertex -8.207846e+01 -6.220000e+01  0.000000e+00
    endloop
  endfacet
  facet normal  8.191540e-01  5.735737e-01  -0.000000e+00
    outer loop
      vertex -8.183851e+01 -6.254269e+01  2.000000e+00
      vertex -8.207846e+01 -6.220000e+01  0.000000e+00
      vertex -8.207846e+01 -6.220000e+01  2.000000e+00
    endloop
  endfacet
  facet normal  9.063069e-01  4.226204e-01  0.000000e+00
    outer loop
      vertex -8.207846e+01 -6.220000e+01  2.000000e+00
      vertex -8.207846e+01 -6.220000e+01  0.000000e+00
      vertex -8.225526e+01 -6.182085e+01  0.000000e+00
    endloop
  endfacet
  facet normal  9.063069e-01  4.226204e-01  -0.000000e+00
    outer loop
      vertex -8.207846e+01 -6.220000e+01  2.000000e+00
      vertex -8.225526e+01 -6.182085e+01  0.000000e+00
      vertex -8.225526e+01 -6.182085e+01  2.000000e+00
    endloop
  endfacet
  facet normal  9.659255e-01  2.588203e-01  0.000000e+00
    outer loop
      vertex -8.225526e+01 -6.182085e+01  2.000000e+00
      vertex -8.225526e+01 -6.182085e+01  0.000000e+00
      vertex -8.236354e+01 -6.141676e+01  0.000000e+00
    endloop
  endfacet
  facet normal  9.659255e-01  2.588203e-01  -0.000000e+00
    outer loop
      vertex -8.225526e+01 -6.182085e+01  2.000000e+00
      vertex -8.236354e+01 -6.141676e+01  0.000000e+00
      vertex -8.236354e+01 -6.141676e+01  2.000000e+00
    endloop
  endfacet
  facet normal  9.961948e-01  8.715452e-02  0.000000e+00
    outer loop
      vertex -8.236354e+01 -6.141676e+01  2.000000e+00
      vertex -8.236354e+01 -6.141676e+01  0.000000e+00
      vertex -8.240000e+01 -6.100000e+01  0.000000e+00
    endloop
  endfacet
  facet normal  9.961948e-01  8.715452e-02  -0.000000e+00
    outer loop
      vertex -8.236354e+01 -6.141676e+01  2.000000e+00
      vertex -8.240000e+01 -6.100000e+01  0.000000e+00
      vertex -8.240000e+01 -6.100000e+01  2.000000e+00
    endloop
  endfacet
  facet normal  8.716356e-02 -9.961941e-01  0.000000e+00
    outer loop
      vertex -8.000000e+01 -5.860000e+01  0.000000e+00
      vertex -8.041676e+01 -5.863646e+01  2.000000e+00
      vertex -8.041676e+01 -5.863646e+01  0.000000e+00
    endloop
  endfacet
  facet normal  2.588203e-01 -9.659255e-01  0.000000e+00
    outer loop
      vertex -8.041676e+01 -5.863646e+01  0.000000e+00
      vertex -8.041676e+01 -5.863646e+01  2.000000e+00
      vertex -8.082085e+01 -5.874474e+01  2.000000e+00
    endloop
  endfacet
  facet normal  2.588203e-01 -9.659255e-01  0.000000e+00
    outer loop
      vertex -8.041676e+01 -5.863646e+01  0.000000e+00
      vertex -8.082085e+01 -5.874474e+01  2.000000e+00
      vertex -8.082085e+01 -5.874474e+01  0.000000e+00
    endloop
  endfacet
  facet normal  4.226164e-01 -9.063086e-01  0.000000e+00
    outer loop
      vertex -8.082085e+01 -5.874474e+01  0.000000e+00
      vertex -8.082085e+01 -5.874474e+01  2.000000e+00
      vertex -8.120000e+01 -5.892154e+01  2.000000e+00
    endloop
  endfacet
  facet normal  4.226164e-01 -9.063086e-01  0.000000e+00
    outer loop
      vertex -8.082085e+01 -5.874474e+01  0.000000e+00
      vertex -8.120000e+01 -5.892154e+01  2.000000e+00
      vertex -8.120000e+01 -5.892154e+01  0.000000e+00
    endloop
  endfacet
  facet normal  5.735798e-01 -8.191496e-01  0.000000e+00
    outer loop
      vertex -8.120000e+01 -5.892154e+01  0.000000e+00
      vertex -8.120000e+01 -5.892154e+01  2.000000e+00
      vertex -8.154269e+01 -5.916150e+01  2.000000e+00
    endloop
  endfacet
  facet normal  5.735798e-01 -8.191496e-01  0.000000e+00
    outer loop
      vertex -8.120000e+01 -5.892154e+01  0.000000e+00
      vertex -8.154269e+01 -5.916150e+01  2.000000e+00
      vertex -8.154269e+01 -5.916150e+01  0.000000e+00
    endloop
  endfacet
  facet normal  7.070976e-01 -7.071159e-01  0.000000e+00
    outer loop
      vertex -8.154269e+01 -5.916150e+01  0.000000e+00
      vertex -8.154269e+01 -5.916150e+01  2.000000e+00
      vertex -8.183851e+01 -5.945731e+01  2.000000e+00
    endloop
  endfacet
  facet normal  7.070976e-01 -7.071159e-01  0.000000e+00
    outer loop
      vertex -8.154269e+01 -5.916150e+01  0.000000e+00
      vertex -8.183851e+01 -5.945731e+01  2.000000e+00
      vertex -8.183851e+01 -5.945731e+01  0.000000e+00
    endloop
  endfacet
  facet normal  8.191540e-01 -5.735737e-01  0.000000e+00
    outer loop
      vertex -8.183851e+01 -5.945731e+01  0.000000e+00
      vertex -8.183851e+01 -5.945731e+01  2.000000e+00
      vertex -8.207846e+01 -5.980000e+01  2.000000e+00
    endloop
  endfacet
  facet normal  8.191540e-01 -5.735737e-01  0.000000e+00
    outer loop
      vertex -8.183851e+01 -5.945731e+01  0.000000e+00
      vertex -8.207846e+01 -5.980000e+01  2.000000e+00
      vertex -8.207846e+01 -5.980000e+01  0.000000e+00
    endloop
  endfacet
  facet normal  9.063069e-01 -4.226204e-01  0.000000e+00
    outer loop
      vertex -8.207846e+01 -5.980000e+01  0.000000e+00
      vertex -8.207846e+01 -5.980000e+01  2.000000e+00
      vertex -8.225526e+01 -6.017915e+01  2.000000e+00
    endloop
  endfacet
  facet normal  9.063069e-01 -4.226204e-01  0.000000e+00
    outer loop
      vertex -8.207846e+01 -5.980000e+01  0.000000e+00
      vertex -8.225526e+01 -6.017915e+01  2.000000e+00
      vertex -8.225526e+01 -6.017915e+01  0.000000e+00
    endloop
  endfacet
  facet normal  9.659255e-01 -2.588203e-01  0.000000e+00
    outer loop
      vertex -8.225526e+01 -6.017915e+01  0.000000e+00
      vertex -8.225526e+01 -6.017915e+01  2.000000e+00
      vertex -8.236354e+01 -6.058324e+01  2.000000e+00
    endloop
  endfacet
  facet normal  9.659255e-01 -2.588203e-01  0.000000e+00
    outer loop
      vertex -8.225526e+01 -6.017915e+01  0.000000e+00
      vertex -8.236354e+01 -6.058324e+01  2.000000e+00
      vertex -8.236354e+01 -6.058324e+01  0.000000e+00
    endloop
  endfacet
  facet normal  9.961948e-01 -8.715452e-02  0.000000e+00
    outer loop
      vertex -8.236354e+01 -6.058324e+01  0.000000e+00
      vertex -8.236354e+01 -6.058324e+01  2.000000e+00
      vertex -8.240000e+01 -6.100000e+01  2.000000e+00
    endloop
  endfacet
  facet normal  9.961948e-01 -8.715452e-02  0.000000e+00
    outer loop
      vertex -8.236354e+01 -6.058324e+01  0.000000e+00
      vertex -8.240000e+01 -6.100000e+01  2.000000e+00
      vertex -8.240000e+01 -6.100000e+01  0.000000e+00
    endloop
  endfacet
  facet normal  8.716356e-02 -9.961941e-01  0.000000e+00
    outer loop
      vertex -8.041676e+01 -5.863646e+01  2.000000e+00
      vertex -8.000000e+01 -5.860000e+01  0.000000e+00
      vertex -8.000000e+01 -5.860000e+01  2.000000e+00
    endloop
  endfacet
  facet normal -8.716356e-02 -9.961941e-01  -0.000000e+00
    outer loop
      vertex -8.000000e+01 -5.860000e+01  2.000000e+00
      vertex -8.000000e+01 -5.860000e+01  0.000000e+00
      vertex -7.958324e+01 -5.863646e+01  0.000000e+00
    endloop
  endfacet
  facet normal -8.716356e-02 -9.961941e-01  0.000000e+00
    outer loop
      vertex -8.000000e+01 -5.860000e+01  2.000000e+00
      vertex -7.958324e+01 -5.863646e+01  0.000000e+00
      vertex -7.958324e+01 -5.863646e+01  2.000000e+00
    endloop
  endfacet
  facet normal -2.588203e-01 -9.659255e-01  -0.000000e+00
    outer loop
      vertex -7.958324e+01 -5.863646e+01  2.000000e+00
      vertex -7.958324e+01 -5.863646e+01  0.000000e+00
      vertex -7.917915e+01 -5.874474e+01  0.000000e+00
    endloop
  endfacet
  facet normal -2.588203e-01 -9.659255e-01  0.000000e+00
    outer loop
      vertex -7.958324e+01 -5.863646e+01  2.000000e+00
      vertex -7.917915e+01 -5.874474e+01  0.000000e+00
      vertex -7.917915e+01 -5.874474e+01  2.000000e+00
    endloop
  endfacet
  facet normal -4.226164e-01 -9.063086e-01  -0.000000e+00
    outer loop
      vertex -7.917915e+01 -5.874474e+01  2.000000e+00
      vertex -7.917915e+01 -5.874474e+01  0.000000e+00
      vertex -7.880000e+01 -5.892154e+01  0.000000e+00
    endloop
  endfacet
  facet normal -4.226164e-01 -9.063086e-01  0.000000e+00
    outer loop
      vertex -7.917915e+01 -5.874474e+01  2.000000e+00
      vertex -7.880000e+01 -5.892154e+01  0.000000e+00
      vertex -7.880000e+01 -5.892154e+01  2.000000e+00
    endloop
  endfacet
  facet normal -5.735798e-01 -8.191496e-01  -0.000000e+00
    outer loop
      vertex -7.880000e+01 -5.892154e+01  2.000000e+00
      vertex -7.880000e+01 -5.892154e+01  0.000000e+00
      vertex -7.845731e+01 -5.916150e+01  0.000000e+00
    endloop
  endfacet
  facet normal -5.735798e-01 -8.191496e-01  0.000000e+00
    outer loop
      vertex -7.880000e+01 -5.892154e+01  2.000000e+00
      vertex -7.845731e+01 -5.916150e+01  0.000000e+00
      vertex -7.845731e+01 -5.916150e+01  2.000000e+00
    endloop
  endfacet
  facet normal -7.070976e-01 -7.071159e-01  -0.000000e+00
    outer loop
      vertex -7.845731e+01 -5.916150e+01  2.000000e+00
      vertex -7.845731e+01 -5.916150e+01  0.000000e+00
      vertex -7.816149e+01 -5.945731e+01  0.000000e+00
    endloop
  endfacet
  facet normal -7.070976e-01 -7.071159e-01  0.000000e+00
    outer loop
      vertex -7.845731e+01 -5.916150e+01  2.000000e+00
      vertex -7.816149e+01 -5.945731e+01  0.000000e+00
      vertex -7.816149e+01 -5.945731e+01  2.000000e+00
    endloop
  endfacet
  facet normal -8.191540e-01 -5.735737e-01  -0.000000e+00
    outer loop
      vertex -7.816149e+01 -5.945731e+01  2.000000e+00
      vertex -7.816149e+01 -5.945731e+01  0.000000e+00
      vertex -7.792154e+01 -5.980000e+01  0.000000e+00
    endloop
  endfacet
  facet normal -8.191540e-01 -5.735737e-01  0.000000e+00
    outer loop
      vertex -7.816149e+01 -5.945731e+01  2.000000e+00
      vertex -7.792154e+01 -5.980000e+01  0.000000e+00
      vertex -7.792154e+01 -5.980000e+01  2.000000e+00
    endloop
  endfacet
  facet normal -9.063069e-01 -4.226204e-01  -0.000000e+00
    outer loop
      vertex -7.792154e+01 -5.980000e+01  2.000000e+00
      vertex -7.792154e+01 -5.980000e+01  0.000000e+00
      vertex -7.774474e+01 -6.017915e+01  0.000000e+00
    endloop
  endfacet
  facet normal -9.063069e-01 -4.226204e-01  0.000000e+00
    outer loop
      vertex -7.792154e+01 -5.980000e+01  2.000000e+00
      vertex -7.774474e+01 -6.017915e+01  0.000000e+00
      vertex -7.774474e+01 -6.017915e+01  2.000000e+00
    endloop
  endfacet
  facet normal -9.659255e-01 -2.588203e-01  -0.000000e+00
    outer loop
      vertex -7.774474e+01 -6.017915e+01  2.000000e+00
      vertex -7.774474e+01 -6.017915e+01  0.000000e+00
      vertex -7.763646e+01 -6.058324e+01  0.000000e+00
    endloop
  endfacet
  facet normal -9.659255e-01 -2.588203e-01  0.000000e+00
    outer loop
      vertex -7.774474e+01 -6.017915e+01  2.000000e+00
      vertex -7.763646e+01 -6.058324e+01  0.000000e+00
      vertex -7.763646e+01 -6.058324e+01  2.000000e+00
    endloop
  endfacet
  facet normal -9.961948e-01 -8.715452e-02  -0.000000e+00
    outer loop
      vertex -7.763646e+01 -6.058324e+01  2.000000e+00
      vertex -7.763646e+01 -6.058324e+01  0.000000e+00
      vertex -7.760000e+01 -6.100000e+01  0.000000e+00
    endloop
  endfacet
  facet normal -9.961948e-01 -8.715452e-02  0.000000e+00
    outer loop
      vertex -7.763646e+01 -6.058324e+01  2.000000e+00
      vertex -7.760000e+01 -6.100000e+01  0.000000e+00
      vertex -7.760000e+01 -6.100000e+01  2.000000e+00
    endloop
  endfacet
  facet normal -6.539825e-02 -9.978592e-01  -0.000000e+00
    outer loop
      vertex -8.200000e+01 -6.900000e+01  0.000000e+00
      vertex -8.200000e+01 -6.900000e+01  2.000000e+00
      vertex -8.252210e+01 -6.896578e+01  0.000000e+00
    endloop
  endfacet
  facet normal -6.539825e-02 -9.978592e-01  0.000000e+00
    outer loop
      vertex -8.252210e+01 -6.896578e+01  0.000000e+00
      vertex -8.200000e+01 -6.900000e+01  2.000000e+00
      vertex -8.252210e+01 -6.896578e+01  2.000000e+00
    endloop
  endfacet
  facet normal -1.950981e-01 -9.807838e-01  -0.000000e+00
    outer loop
      vertex -8.252210e+01 -6.896578e+01  0.000000e+00
      vertex -8.252210e+01 -6.896578e+01  2.000000e+00
      vertex -8.303528e+01 -6.886370e+01  0.000000e+00
    endloop
  endfacet
  facet normal -1.950981e-01 -9.807838e-01  0.000000e+00
    outer loop
      vertex -8.303528e+01 -6.886370e+01  0.000000e+00
      vertex -8.252210e+01 -6.896578e+01  2.000000e+00
      vertex -8.303528e+01 -6.886370e+01  2.000000e+00
    endloop
  endfacet
  facet normal -3.214374e-01 -9.469308e-01  -0.000000e+00
    outer loop
      vertex -8.303528e+01 -6.886370e+01  0.000000e+00
      vertex -8.303528e+01 -6.886370e+01  2.000000e+00
      vertex -8.353073e+01 -6.869552e+01  0.000000e+00
    endloop
  endfacet
  facet normal -3.214374e-01 -9.469308e-01  0.000000e+00
    outer loop
      vertex -8.353073e+01 -6.869552e+01  0.000000e+00
      vertex -8.303528e+01 -6.886370e+01  2.000000e+00
      vertex -8.353073e+01 -6.869552e+01  2.000000e+00
    endloop
  endfacet
  facet normal -4.422841e-01 -8.968750e-01  -0.000000e+00
    outer loop
      vertex -8.353073e+01 -6.869552e+01  0.000000e+00
      vertex -8.353073e+01 -6.869552e+01  2.000000e+00
      vertex -8.400000e+01 -6.846410e+01  0.000000e+00
    endloop
  endfacet
  facet normal -4.422841e-01 -8.968750e-01  0.000000e+00
    outer loop
      vertex -8.400000e+01 -6.846410e+01  0.000000e+00
      vertex -8.353073e+01 -6.869552e+01  2.000000e+00
      vertex -8.400000e+01 -6.846410e+01  2.000000e+00
    endloop
  endfacet
  facet normal -5.555714e-01 -8.314688e-01  -0.000000e+00
    outer loop
      vertex -8.400000e+01 -6.846410e+01  0.000000e+00
      vertex -8.400000e+01 -6.846410e+01  2.000000e+00
      vertex -8.443504e+01 -6.817342e+01  0.000000e+00
    endloop
  endfacet
  facet normal -5.555714e-01 -8.314688e-01  0.000000e+00
    outer loop
      vertex -8.443504e+01 -6.817342e+01  0.000000e+00
      vertex -8.400000e+01 -6.846410e+01  2.000000e+00
      vertex -8.443504e+01 -6.817342e+01  2.000000e+00
    endloop
  endfacet
  facet normal -6.593404e-01 -7.518446e-01  -0.000000e+00
    outer loop
      vertex -8.443504e+01 -6.817342e+01  0.000000e+00
      vertex -8.443504e+01 -6.817342e+01  2.000000e+00
      vertex -8.482843e+01 -6.782843e+01  0.000000e+00
    endloop
  endfacet
  facet normal -6.593404e-01 -7.518446e-01  0.000000e+00
    outer loop
      vertex -8.482843e+01 -6.782843e+01  0.000000e+00
      vertex -8.443504e+01 -6.817342e+01  2.000000e+00
      vertex -8.482843e+01 -6.782843e+01  2.000000e+00
    endloop
  endfacet
  facet normal -7.518446e-01 -6.593404e-01  -0.000000e+00
    outer loop
      vertex -8.482843e+01 -6.782843e+01  0.000000e+00
      vertex -8.482843e+01 -6.782843e+01  2.000000e+00
      vertex -8.517342e+01 -6.743504e+01  0.000000e+00
    endloop
  endfacet
  facet normal -7.518446e-01 -6.593404e-01  0.000000e+00
    outer loop
      vertex -8.517342e+01 -6.743504e+01  0.000000e+00
      vertex -8.482843e+01 -6.782843e+01  2.000000e+00
      vertex -8.517342e+01 -6.743504e+01  2.000000e+00
    endloop
  endfacet
  facet normal -8.314688e-01 -5.555714e-01  -0.000000e+00
    outer loop
      vertex -8.517342e+01 -6.743504e+01  0.000000e+00
      vertex -8.517342e+01 -6.743504e+01  2.000000e+00
      vertex -8.546410e+01 -6.700000e+01  0.000000e+00
    endloop
  endfacet
  facet normal -8.314688e-01 -5.555714e-01  0.000000e+00
    outer loop
      vertex -8.546410e+01 -6.700000e+01  0.000000e+00
      vertex -8.517342e+01 -6.743504e+01  2.000000e+00
      vertex -8.546410e+01 -6.700000e+01  2.000000e+00
    endloop
  endfacet
  facet normal -8.968750e-01 -4.422841e-01  -0.000000e+00
    outer loop
      vertex -8.546410e+01 -6.700000e+01  0.000000e+00
      vertex -8.546410e+01 -6.700000e+01  2.000000e+00
      vertex -8.569552e+01 -6.653073e+01  0.000000e+00
    endloop
  endfacet
  facet normal -8.968750e-01 -4.422841e-01  0.000000e+00
    outer loop
      vertex -8.569552e+01 -6.653073e+01  0.000000e+00
      vertex -8.546410e+01 -6.700000e+01  2.000000e+00
      vertex -8.569552e+01 -6.653073e+01  2.000000e+00
    endloop
  endfacet
  facet normal -9.469308e-01 -3.214374e-01  -0.000000e+00
    outer loop
      vertex -8.569552e+01 -6.653073e+01  0.000000e+00
      vertex -8.569552e+01 -6.653073e+01  2.000000e+00
      vertex -8.586370e+01 -6.603528e+01  0.000000e+00
    endloop
  endfacet
  facet normal -9.469308e-01 -3.214374e-01  0.000000e+00
    outer loop
      vertex -8.586370e+01 -6.603528e+01  0.000000e+00
      vertex -8.569552e+01 -6.653073e+01  2.000000e+00
      vertex -8.586370e+01 -6.603528e+01  2.000000e+00
    endloop
  endfacet
  facet normal -9.807838e-01 -1.950981e-01  -0.000000e+00
    outer loop
      vertex -8.586370e+01 -6.603528e+01  0.000000e+00
      vertex -8.586370e+01 -6.603528e+01  2.000000e+00
      vertex -8.596578e+01 -6.552210e+01  0.000000e+00
    endloop
  endfacet
  facet normal -9.807838e-01 -1.950981e-01  0.000000e+00
    outer loop
      vertex -8.596578e+01 -6.552210e+01  0.000000e+00
      vertex -8.586370e+01 -6.603528e+01  2.000000e+00
      vertex -8.596578e+01 -6.552210e+01  2.000000e+00
    endloop
  endfacet
  facet normal -9.978592e-01 -6.539825e-02  -0.000000e+00
    outer loop
      vertex -8.596578e+01 -6.552210e+01  0.000000e+00
      vertex -8.596578e+01 -6.552210e+01  2.000000e+00
      vertex -8.600000e+01 -6.500000e+01  0.000000e+00
    endloop
  endfacet
  facet normal -9.978592e-01 -6.539825e-02  0.000000e+00
    outer loop
      vertex -8.600000e+01 -6.500000e+01  0.000000e+00
      vertex -8.596578e+01 -6.552210e+01  2.000000e+00
      vertex -8.600000e+01 -6.500000e+01  2.000000e+00
    endloop
  endfacet
  facet normal -1.000000e+00  0.000000e+00  0.000000e+00
    outer loop
      vertex -8.600000e+01  6.500000e+01  2.000000e+00
      vertex -8.600000e+01  6.500000e+01  0.000000e+00
      vertex -8.600000e+01 -6.500000e+01  2.000000e+00
    endloop
  endfacet
  facet normal -1.000000e+00  0.000000e+00  0.000000e+00
    outer loop
      vertex -8.600000e+01 -6.500000e+01  2.000000e+00
      vertex -8.600000e+01  6.500000e+01  0.000000e+00
      vertex -8.600000e+01 -6.500000e+01  0.000000e+00
    endloop
  endfacet
  facet normal -9.978592e-01  6.539825e-02  0.000000e+00
    outer loop
      vertex -8.600000e+01  6.500000e+01  0.000000e+00
      vertex -8.600000e+01  6.500000e+01  2.000000e+00
      vertex -8.596578e+01  6.552210e+01  0.000000e+00
    endloop
  endfacet
  facet normal -9.978592e-01  6.539825e-02  0.000000e+00
    outer loop
      vertex -8.596578e+01  6.552210e+01  0.000000e+00
      vertex -8.600000e+01  6.500000e+01  2.000000e+00
      vertex -8.596578e+01  6.552210e+01  2.000000e+00
    endloop
  endfacet
  facet normal -9.807838e-01  1.950981e-01  0.000000e+00
    outer loop
      vertex -8.596578e+01  6.552210e+01  0.000000e+00
      vertex -8.596578e+01  6.552210e+01  2.000000e+00
      vertex -8.586370e+01  6.603528e+01  0.000000e+00
    endloop
  endfacet
  facet normal -9.807838e-01  1.950981e-01  0.000000e+00
    outer loop
      vertex -8.586370e+01  6.603528e+01  0.000000e+00
      vertex -8.596578e+01  6.552210e+01  2.000000e+00
      vertex -8.586370e+01  6.603528e+01  2.000000e+00
    endloop
  endfacet
  facet normal -9.469308e-01  3.214374e-01  0.000000e+00
    outer loop
      vertex -8.586370e+01  6.603528e+01  0.000000e+00
      vertex -8.586370e+01  6.603528e+01  2.000000e+00
      vertex -8.569552e+01  6.653073e+01  0.000000e+00
    endloop
  endfacet
  facet normal -9.469308e-01  3.214374e-01  0.000000e+00
    outer loop
      vertex -8.569552e+01  6.653073e+01  0.000000e+00
      vertex -8.586370e+01  6.603528e+01  2.000000e+00
      vertex -8.569552e+01  6.653073e+01  2.000000e+00
    endloop
  endfacet
  facet normal -8.968750e-01  4.422841e-01  0.000000e+00
    outer loop
      vertex -8.569552e+01  6.653073e+01  0.000000e+00
      vertex -8.569552e+01  6.653073e+01  2.000000e+00
      vertex -8.546410e+01  6.700000e+01  0.000000e+00
    endloop
  endfacet
  facet normal -8.968750e-01  4.422841e-01  0.000000e+00
    outer loop
      vertex -8.546410e+01  6.700000e+01  0.000000e+00
      vertex -8.569552e+01  6.653073e+01  2.000000e+00
      vertex -8.546410e+01  6.700000e+01  2.000000e+00
    endloop
  endfacet
  facet normal -8.314688e-01  5.555714e-01  0.000000e+00
    outer loop
      vertex -8.546410e+01  6.700000e+01  0.000000e+00
      vertex -8.546410e+01  6.700000e+01  2.000000e+00
      vertex -8.517342e+01  6.743504e+01  0.000000e+00
    endloop
  endfacet
  facet normal -8.314688e-01  5.555714e-01  0.000000e+00
    outer loop
      vertex -8.517342e+01  6.743504e+01  0.000000e+00
      vertex -8.546410e+01  6.700000e+01  2.000000e+00
      vertex -8.517342e+01  6.743504e+01  2.000000e+00
    endloop
  endfacet
  facet normal -7.518446e-01  6.593404e-01  0.000000e+00
    outer loop
      vertex -8.517342e+01  6.743504e+01  0.000000e+00
      vertex -8.517342e+01  6.743504e+01  2.000000e+00
      vertex -8.482843e+01  6.782843e+01  0.000000e+00
    endloop
  endfacet
  facet normal -7.518446e-01  6.593404e-01  0.000000e+00
    outer loop
      vertex -8.482843e+01  6.782843e+01  0.000000e+00
      vertex -8.517342e+01  6.743504e+01  2.000000e+00
      vertex -8.482843e+01  6.782843e+01  2.000000e+00
    endloop
  endfacet
  facet normal -6.593404e-01  7.518446e-01  0.000000e+00
    outer loop
      vertex -8.482843e+01  6.782843e+01  0.000000e+00
      vertex -8.482843e+01  6.782843e+01  2.000000e+00
      vertex -8.443504e+01  6.817342e+01  0.000000e+00
    endloop
  endfacet
  facet normal -6.593404e-01  7.518446e-01  0.000000e+00
    outer loop
      vertex -8.443504e+01  6.817342e+01  0.000000e+00
      vertex -8.482843e+01  6.782843e+01  2.000000e+00
      vertex -8.443504e+01  6.817342e+01  2.000000e+00
    endloop
  endfacet
  facet normal -5.555714e-01  8.314688e-01  0.000000e+00
    outer loop
      vertex -8.443504e+01  6.817342e+01  0.000000e+00
      vertex -8.443504e+01  6.817342e+01  2.000000e+00
      vertex -8.400000e+01  6.846410e+01  0.000000e+00
    endloop
  endfacet
  facet normal -5.555714e-01  8.314688e-01  0.000000e+00
    outer loop
      vertex -8.400000e+01  6.846410e+01  0.000000e+00
      vertex -8.443504e+01  6.817342e+01  2.000000e+00
      vertex -8.400000e+01  6.846410e+01  2.000000e+00
    endloop
  endfacet
  facet normal -4.422841e-01  8.968750e-01  0.000000e+00
    outer loop
      vertex -8.400000e+01  6.846410e+01  0.000000e+00
      vertex -8.400000e+01  6.846410e+01  2.000000e+00
      vertex -8.353073e+01  6.869552e+01  0.000000e+00
    endloop
  endfacet
  facet normal -4.422841e-01  8.968750e-01  0.000000e+00
    outer loop
      vertex -8.353073e+01  6.869552e+01  0.000000e+00
      vertex -8.400000e+01  6.846410e+01  2.000000e+00
      vertex -8.353073e+01  6.869552e+01  2.000000e+00
    endloop
  endfacet
  facet normal -3.214374e-01  9.469308e-01  0.000000e+00
    outer loop
      vertex -8.353073e+01  6.869552e+01  0.000000e+00
      vertex -8.353073e+01  6.869552e+01  2.000000e+00
      vertex -8.303528e+01  6.886370e+01  0.000000e+00
    endloop
  endfacet
  facet normal -3.214374e-01  9.469308e-01  0.000000e+00
    outer loop
      vertex -8.303528e+01  6.886370e+01  0.000000e+00
      vertex -8.353073e+01  6.869552e+01  2.000000e+00
      vertex -8.303528e+01  6.886370e+01  2.000000e+00
    endloop
  endfacet
  facet normal -1.950981e-01  9.807838e-01  0.000000e+00
    outer loop
      vertex -8.303528e+01  6.886370e+01  0.000000e+00
      vertex -8.303528e+01  6.886370e+01  2.000000e+00
      vertex -8.252210e+01  6.896578e+01  0.000000e+00
    endloop
  endfacet
  facet normal -1.950981e-01  9.807838e-01  0.000000e+00
    outer loop
      vertex -8.252210e+01  6.896578e+01  0.000000e+00
      vertex -8.303528e+01  6.886370e+01  2.000000e+00
      vertex -8.252210e+01  6.896578e+01  2.000000e+00
    endloop
  endfacet
  facet normal -6.539825e-02  9.978592e-01  0.000000e+00
    outer loop
      vertex -8.252210e+01  6.896578e+01  0.000000e+00
      vertex -8.252210e+01  6.896578e+01  2.000000e+00
      vertex -8.200000e+01  6.900000e+01  0.000000e+00
    endloop
  endfacet
  facet normal -6.539825e-02  9.978592e-01  0.000000e+00
    outer loop
      vertex -8.200000e+01  6.900000e+01  0.000000e+00
      vertex -8.252210e+01  6.896578e+01  2.000000e+00
      vertex -8.200000e+01  6.900000e+01  2.000000e+00
    endloop
  endfacet
  facet normal  0.000000e+00  9.999999e-01  -0.000000e+00
    outer loop
      vertex  8.200000e+01  6.900000e+01  2.000000e+00
      vertex  8.200000e+01  6.900000e+01  0.000000e+00
      vertex -8.200000e+01  6.900000e+01  2.000000e+00
    endloop
  endfacet
  facet normal  0.000000e+00  9.999999e-01  0.000000e+00
    outer loop
      vertex -8.200000e+01  6.900000e+01  2.000000e+00
      vertex  8.200000e+01  6.900000e+01  0.000000e+00
      vertex -8.200000e+01  6.900000e+01  0.000000e+00
    endloop
  endfacet
  facet normal  6.539825e-02  9.978592e-01  0.000000e+00
    outer loop
      vertex  8.200000e+01  6.900000e+01  0.000000e+00
      vertex  8.200000e+01  6.900000e+01  2.000000e+00
      vertex  8.252210e+01  6.896578e+01  0.000000e+00
    endloop
  endfacet
  facet normal  6.539825e-02  9.978592e-01  -0.000000e+00
    outer loop
      vertex  8.252210e+01  6.896578e+01  0.000000e+00
      vertex  8.200000e+01  6.900000e+01  2.000000e+00
      vertex  8.252210e+01  6.896578e+01  2.000000e+00
    endloop
  endfacet
  facet normal  1.950981e-01  9.807838e-01  0.000000e+00
    outer loop
      vertex  8.252210e+01  6.896578e+01  0.000000e+00
      vertex  8.252210e+01  6.896578e+01  2.000000e+00
      vertex  8.303528e+01  6.886370e+01  0.000000e+00
    endloop
  endfacet
  facet normal  1.950981e-01  9.807838e-01  -0.000000e+00
    outer loop
      vertex  8.303528e+01  6.886370e+01  0.000000e+00
      vertex  8.252210e+01  6.896578e+01  2.000000e+00
      vertex  8.303528e+01  6.886370e+01  2.000000e+00
    endloop
  endfacet
  facet normal  3.214374e-01  9.469308e-01  0.000000e+00
    outer loop
      vertex  8.303528e+01  6.886370e+01  0.000000e+00
      vertex  8.303528e+01  6.886370e+01  2.000000e+00
      vertex  8.353073e+01  6.869552e+01  0.000000e+00
    endloop
  endfacet
  facet normal  3.214374e-01  9.469308e-01  -0.000000e+00
    outer loop
      vertex  8.353073e+01  6.869552e+01  0.000000e+00
      vertex  8.303528e+01  6.886370e+01  2.000000e+00
      vertex  8.353073e+01  6.869552e+01  2.000000e+00
    endloop
  endfacet
  facet normal  4.422841e-01  8.968750e-01  0.000000e+00
    outer loop
      vertex  8.353073e+01  6.869552e+01  0.000000e+00
      vertex  8.353073e+01  6.869552e+01  2.000000e+00
      vertex  8.400000e+01  6.846410e+01  0.000000e+00
    endloop
  endfacet
  facet normal  4.422841e-01  8.968750e-01  -0.000000e+00
    outer loop
      vertex  8.400000e+01  6.846410e+01  0.000000e+00
      vertex  8.353073e+01  6.869552e+01  2.000000e+00
      vertex  8.400000e+01  6.846410e+01  2.000000e+00
    endloop
  endfacet
  facet normal  5.555714e-01  8.314688e-01  0.000000e+00
    outer loop
      vertex  8.400000e+01  6.846410e+01  0.000000e+00
      vertex  8.400000e+01  6.846410e+01  2.000000e+00
      vertex  8.443504e+01  6.817342e+01  0.000000e+00
    endloop
  endfacet
  facet normal  5.555714e-01  8.314688e-01  -0.000000e+00
    outer loop
      vertex  8.443504e+01  6.817342e+01  0.000000e+00
      vertex  8.400000e+01  6.846410e+01  2.000000e+00
      vertex  8.443504e+01  6.817342e+01  2.000000e+00
    endloop
  endfacet
  facet normal  6.593404e-01  7.518446e-01  0.000000e+00
    outer loop
      vertex  8.443504e+01  6.817342e+01  0.000000e+00
      vertex  8.443504e+01  6.817342e+01  2.000000e+00
      vertex  8.482843e+01  6.782843e+01  0.000000e+00
    endloop
  endfacet
  facet normal  6.593404e-01  7.518446e-01  -0.000000e+00
    outer loop
      vertex  8.482843e+01  6.782843e+01  0.000000e+00
      vertex  8.443504e+01  6.817342e+01  2.000000e+00
      vertex  8.482843e+01  6.782843e+01  2.000000e+00
    endloop
  endfacet
  facet normal  7.518446e-01  6.593404e-01  0.000000e+00
    outer loop
      vertex  8.482843e+01  6.782843e+01  0.000000e+00
      vertex  8.482843e+01  6.782843e+01  2.000000e+00
      vertex  8.517342e+01  6.743504e+01  0.000000e+00
    endloop
  endfacet
  facet normal  7.518446e-01  6.593404e-01  -0.000000e+00
    outer loop
      vertex  8.517342e+01  6.743504e+01  0.000000e+00
      vertex  8.482843e+01  6.782843e+01  2.000000e+00
      vertex  8.517342e+01  6.743504e+01  2.000000e+00
    endloop
  endfacet
  facet normal  8.314688e-01  5.555714e-01  0.000000e+00
    outer loop
      vertex  8.517342e+01  6.743504e+01  0.000000e+00
      vertex  8.517342e+01  6.743504e+01  2.000000e+00
      vertex  8.546410e+01  6.700000e+01  0.000000e+00
    endloop
  endfacet
  facet normal  8.314688e-01  5.555714e-01  -0.000000e+00
    outer loop
      vertex  8.546410e+01  6.700000e+01  0.000000e+00
      vertex  8.517342e+01  6.743504e+01  2.000000e+00
      vertex  8.546410e+01  6.700000e+01  2.000000e+00
    endloop
  endfacet
  facet normal  8.968750e-01  4.422841e-01  0.000000e+00
    outer loop
      vertex  8.546410e+01  6.700000e+01  0.000000e+00
      vertex  8.546410e+01  6.700000e+01  2.000000e+00
      vertex  8.569552e+01  6.653073e+01  0.000000e+00
    endloop
  endfacet
  facet normal  8.968750e-01  4.422841e-01  -0.000000e+00
    outer loop
      vertex  8.569552e+01  6.653073e+01  0.000000e+00
      vertex  8.546410e+01  6.700000e+01  2.000000e+00
      vertex  8.569552e+01  6.653073e+01  2.000000e+00
    endloop
  endfacet
  facet normal  9.469308e-01  3.214374e-01  0.000000e+00
    outer loop
      vertex  8.569552e+01  6.653073e+01  0.000000e+00
      vertex  8.569552e+01  6.653073e+01  2.000000e+00
      vertex  8.586370e+01  6.603528e+01  0.000000e+00
    endloop
  endfacet
  facet normal  9.469308e-01  3.214374e-01  -0.000000e+00
    outer loop
      vertex  8.586370e+01  6.603528e+01  0.000000e+00
      vertex  8.569552e+01  6.653073e+01  2.000000e+00
      vertex  8.586370e+01  6.603528e+01  2.000000e+00
    endloop
  endfacet
  facet normal  9.807838e-01  1.950981e-01  0.000000e+00
    outer loop
      vertex  8.586370e+01  6.603528e+01  0.000000e+00
      vertex  8.586370e+01  6.603528e+01  2.000000e+00
      vertex  8.596578e+01  6.552210e+01  0.000000e+00
    endloop
  endfacet
  facet normal  9.807838e-01  1.950981e-01  -0.000000e+00
    outer loop
      vertex  8.596578e+01  6.552210e+01  0.000000e+00
      vertex  8.586370e+01  6.603528e+01  2.000000e+00
      vertex  8.596578e+01  6.552210e+01  2.000000e+00
    endloop
  endfacet
  facet normal  9.978592e-01  6.539825e-02  0.000000e+00
    outer loop
      vertex  8.596578e+01  6.552210e+01  0.000000e+00
      vertex  8.596578e+01  6.552210e+01  2.000000e+00
      vertex  8.600000e+01  6.500000e+01  0.000000e+00
    endloop
  endfacet
  facet normal  9.978592e-01  6.539825e-02  -0.000000e+00
    outer loop
      vertex  8.600000e+01  6.500000e+01  0.000000e+00
      vertex  8.596578e+01  6.552210e+01  2.000000e+00
      vertex  8.600000e+01  6.500000e+01  2.000000e+00
    endloop
  endfacet
  facet normal  1.000000e+00  0.000000e+00  0.000000e+00
    outer loop
      vertex  8.600000e+01 -6.500000e+01  2.000000e+00
      vertex  8.600000e+01 -6.500000e+01  0.000000e+00
      vertex  8.600000e+01  6.500000e+01  2.000000e+00
    endloop
  endfacet
  facet normal  1.000000e+00  0.000000e+00  0.000000e+00
    outer loop
      vertex  8.600000e+01  6.500000e+01  2.000000e+00
      vertex  8.600000e+01 -6.500000e+01  0.000000e+00
      vertex  8.600000e+01  6.500000e+01  0.000000e+00
    endloop
  endfacet
  facet normal  9.978592e-01 -6.539825e-02  0.000000e+00
    outer loop
      vertex  8.600000e+01 -6.500000e+01  0.000000e+00
      vertex  8.600000e+01 -6.500000e+01  2.000000e+00
      vertex  8.596578e+01 -6.552210e+01  0.000000e+00
    endloop
  endfacet
  facet normal  9.978592e-01 -6.539825e-02  0.000000e+00
    outer loop
      vertex  8.596578e+01 -6.552210e+01  0.000000e+00
      vertex  8.600000e+01 -6.500000e+01  2.000000e+00
      vertex  8.596578e+01 -6.552210e+01  2.000000e+00
    endloop
  endfacet
  facet normal  9.807838e-01 -1.950981e-01  0.000000e+00
    outer loop
      vertex  8.596578e+01 -6.552210e+01  0.000000e+00
      vertex  8.596578e+01 -6.552210e+01  2.000000e+00
      vertex  8.586370e+01 -6.603528e+01  0.000000e+00
    endloop
  endfacet
  facet normal  9.807838e-01 -1.950981e-01  0.000000e+00
    outer loop
      vertex  8.586370e+01 -6.603528e+01  0.000000e+00
      vertex  8.596578e+01 -6.552210e+01  2.000000e+00
      vertex  8.586370e+01 -6.603528e+01  2.000000e+00
    endloop
  endfacet
  facet normal  9.469308e-01 -3.214374e-01  0.000000e+00
    outer loop
      vertex  8.586370e+01 -6.603528e+01  0.000000e+00
      vertex  8.586370e+01 -6.603528e+01  2.000000e+00
      vertex  8.569552e+01 -6.653073e+01  0.000000e+00
    endloop
  endfacet
  facet normal  9.469308e-01 -3.214374e-01  0.000000e+00
    outer loop
      vertex  8.569552e+01 -6.653073e+01  0.000000e+00
      vertex  8.586370e+01 -6.603528e+01  2.000000e+00
      vertex  8.569552e+01 -6.653073e+01  2.000000e+00
    endloop
  endfacet
  facet normal  8.968750e-01 -4.422841e-01  0.000000e+00
    outer loop
      vertex  8.569552e+01 -6.653073e+01  0.000000e+00
      vertex  8.569552e+01 -6.653073e+01  2.000000e+00
      vertex  8.546410e+01 -6.700000e+01  0.000000e+00
    endloop
  endfacet
  facet normal  8.968750e-01 -4.422841e-01  0.000000e+00
    outer loop
      vertex  8.546410e+01 -6.700000e+01  0.000000e+00
      vertex  8.569552e+01 -6.653073e+01  2.000000e+00
      vertex  8.546410e+01 -6.700000e+01  2.000000e+00
    endloop
  endfacet
  facet normal  8.314688e-01 -5.555714e-01  0.000000e+00
    outer loop
      vertex  8.546410e+01 -6.700000e+01  0.000000e+00
      vertex  8.546410e+01 -6.700000e+01  2.000000e+00
      vertex  8.517342e+01 -6.743504e+01  0.000000e+00
    endloop
  endfacet
  facet normal  8.314688e-01 -5.555714e-01  0.000000e+00
    outer loop
      vertex  8.517342e+01 -6.743504e+01  0.000000e+00
      vertex  8.546410e+01 -6.700000e+01  2.000000e+00
      vertex  8.517342e+01 -6.743504e+01  2.000000e+00
    endloop
  endfacet
  facet normal  7.518446e-01 -6.593404e-01  0.000000e+00
    outer loop
      vertex  8.517342e+01 -6.743504e+01  0.000000e+00
      vertex  8.517342e+01 -6.743504e+01  2.000000e+00
      vertex  8.482843e+01 -6.782843e+01  0.000000e+00
    endloop
  endfacet
  facet normal  7.518446e-01 -6.593404e-01  0.000000e+00
    outer loop
      vertex  8.482843e+01 -6.782843e+01  0.000000e+00
      vertex  8.517342e+01 -6.743504e+01  2.000000e+00
      vertex  8.482843e+01 -6.782843e+01  2.000000e+00
    endloop
  endfacet
  facet normal  6.593404e-01 -7.518446e-01  0.000000e+00
    outer loop
      vertex  8.482843e+01 -6.782843e+01  0.000000e+00
      vertex  8.482843e+01 -6.782843e+01  2.000000e+00
      vertex  8.443504e+01 -6.817342e+01  0.000000e+00
    endloop
  endfacet
  facet normal  6.593404e-01 -7.518446e-01  0.000000e+00
    outer loop
      vertex  8.443504e+01 -6.817342e+01  0.000000e+00
      vertex  8.482843e+01 -6.782843e+01  2.000000e+00
      vertex  8.443504e+01 -6.817342e+01  2.000000e+00
    endloop
  endfacet
  facet normal  5.555714e-01 -8.314688e-01  0.000000e+00
    outer loop
      vertex  8.443504e+01 -6.817342e+01  0.000000e+00
      vertex  8.443504e+01 -6.817342e+01  2.000000e+00
      vertex  8.400000e+01 -6.846410e+01  0.000000e+00
    endloop
  endfacet
  facet normal  5.555714e-01 -8.314688e-01  0.000000e+00
    outer loop
      vertex  8.400000e+01 -6.846410e+01  0.000000e+00
      vertex  8.443504e+01 -6.817342e+01  2.000000e+00
      vertex  8.400000e+01 -6.846410e+01  2.000000e+00
    endloop
  endfacet
  facet normal  4.422841e-01 -8.968750e-01  0.000000e+00
    outer loop
      vertex  8.400000e+01 -6.846410e+01  0.000000e+00
      vertex  8.400000e+01 -6.846410e+01  2.000000e+00
      vertex  8.353073e+01 -6.869552e+01  0.000000e+00
    endloop
  endfacet
  facet normal  4.422841e-01 -8.968750e-01  0.000000e+00
    outer loop
      vertex  8.353073e+01 -6.869552e+01  0.000000e+00
      vertex  8.400000e+01 -6.846410e+01  2.000000e+00
      vertex  8.353073e+01 -6.869552e+01  2.000000e+00
    endloop
  endfacet
  facet normal  3.214374e-01 -9.469308e-01  0.000000e+00
    outer loop
      vertex  8.353073e+01 -6.869552e+01  0.000000e+00
      vertex  8.353073e+01 -6.869552e+01  2.000000e+00
      vertex  8.303528e+01 -6.886370e+01  0.000000e+00
    endloop
  endfacet
  facet normal  3.214374e-01 -9.469308e-01  0.000000e+00
    outer loop
      vertex  8.303528e+01 -6.886370e+01  0.000000e+00
      vertex  8.353073e+01 -6.869552e+01  2.000000e+00
      vertex  8.303528e+01 -6.886370e+01  2.000000e+00
    endloop
  endfacet
  facet normal  1.950981e-01 -9.807838e-01  0.000000e+00
    outer loop
      vertex  8.303528e+01 -6.886370e+01  0.000000e+00
      vertex  8.303528e+01 -6.886370e+01  2.000000e+00
      vertex  8.252210e+01 -6.896578e+01  0.000000e+00
    endloop
  endfacet
  facet normal  1.950981e-01 -9.807838e-01  0.000000e+00
    outer loop
      vertex  8.252210e+01 -6.896578e+01  0.000000e+00
      vertex  8.303528e+01 -6.886370e+01  2.000000e+00
      vertex  8.252210e+01 -6.896578e+01  2.000000e+00
    endloop
  endfacet
  facet normal  6.539825e-02 -9.978592e-01  0.000000e+00
    outer loop
      vertex  8.252210e+01 -6.896578e+01  0.000000e+00
      vertex  8.252210e+01 -6.896578e+01  2.000000e+00
      vertex  8.200000e+01 -6.900000e+01  0.000000e+00
    endloop
  endfacet
  facet normal  6.539825e-02 -9.978592e-01  0.000000e+00
    outer loop
      vertex  8.200000e+01 -6.900000e+01  0.000000e+00
      vertex  8.252210e+01 -6.896578e+01  2.000000e+00
      vertex  8.200000e+01 -6.900000e+01  2.000000e+00
    endloop
  endfacet
  facet normal  0.000000e+00 -9.999999e-01  0.000000e+00
    outer loop
      vertex -8.200000e+01 -6.900000e+01  2.000000e+00
      vertex -8.200000e+01 -6.900000e+01  0.000000e+00
      vertex  8.200000e+01 -6.900000e+01  2.000000e+00
    endloop
  endfacet
  facet normal  0.000000e+00 -9.999999e-01  -0.000000e+00
    outer loop
      vertex  8.200000e+01 -6.900000e+01  2.000000e+00
      vertex -8.200000e+01 -6.900000e+01  0.000000e+00
      vertex  8.200000e+01 -6.900000e+01  0.000000e+00
    endloop
  endfacet
endsolid CATIA STL
