:020000022000DC
:10000000F0EF01201104020059040200590402001B
:1000100059040200590402005904020000000000C3
:10002000000000000000000000000000F1CD020010
:10003000590402000000000051CE0200B5CE0200BB
:10004000B35C0200BD5C0200C75C0200D15C020030
:10005000DB5C0200E55C0200EF5C0200F95C020080
:10006000035D02000D5D0200175D0200215D0200CC
:100070002B5D0200355D02003F5D0200495D02001C
:10008000535D0200590402005904020059040200A1
:1000900059040200590402005904020059040200E4
:1000A000939102009D910200C9930200D393020034
:1000B000DD930200A7910200B191020059040200F1
:1000C00059040200590402005904020059040200B4
:1000D000590402005904020059040200E9AB02006D
:1000E000F3AB020059040200590402005904020053
:1000F0005904020059040200590402005904020084
:100100005904020059040200590402005904020073
:100110005904020059040200590402005904020063
:100120005904020059040200590402005904020053
:100130005904020059040200590402005904020043
:100140005904020059040200590402005904020033
:10015000590402007D78020059040200590402008B
:10016000D15E0200A95E0200B35E0200BD5E020025
:1001700059040200C75E0200F9770200037802000A
:100180000D7802001778020021780200590402005D
:10019000590402002B78020035780200590402004D
:1001A0003F78020049780200590402005904020015
:1001B000537802005D78020059040200677802005B
:1001C0007178020059040200590402005904020027
:1001D00059040200590402005904020059040200A3
:1001E0005904020059040200590402005904020093
:1001F0005904020059040200590402005904020083
:100200005904020059040200590402005904020072
:100210005904020059040200590402005904020062
:100220005904020059040200590402005904020052
:100230005904020059040200590402005904020042
:100240005904020059040200590402005904020032
:100250005904020059040200590402005904020022
:100260005904020059040200590402005904020012
:100270005904020059040200590402005904020002
:1002800059040200590402005904020059040200F2
:1002900059040200590402005904020059040200E2
:1002A00059040200590402005904020059040200D2
:1002B00059040200590402005904020059040200C2
:1002C00059040200590402005904020059040200B2
:1002D00059040200590402005904020059040200A2
:1002E0005904020059040200590402005904020092
:1002F0005904020059040200590402005904020082
:100300005904020059040200590402005904020071
:100310005904020059040200590402005904020061
:100320005904020059040200590402005904020051
:100330005904020059040200590402005904020041
:100340005904020059040200590402005904020031
:100350005904020059040200590402005904020021
:100360005904020059040200590402005904020011
:100370005904020059040200590402005904020001
:1003800059040200590402005904020059040200F1
:1003900059040200590402005904020059040200E1
:1003A00059040200590402005904020059040200D1
:1003B00059040200590402005904020059040200C1
:1003C00059040200590402005904020059040200B1
:1003D00059040200590402005904020059040200A1
:1003E0005904020059040200590402005904020091
:1003F000590402005904020059040200FFFFFFFFE4
:10040000FFFFFFFFFFFFFFFFFFFFFFFFFE7FFFFF7D
:1004100072B64FF000014FF000024FF000034FF0B2
:1004200000044FF000054FF000064FF00007B846FB
:10043000B946BA46BB46BC46044880470448854690
:100440000448804762B60CF0D1FEFEE7B13C0200E2
:10045000F0EF0120153D0200FFF7FEBF81F00041E3
:1004600002E000BF83F0004330B54FEA41044FEA99
:10047000430594EA050F08BF90EA020F1FBF54EA34
:10048000000C55EA020C7FEA645C7FEA655C00F0D0
:10049000E2804FEA5454D4EB5555B8BF6D420CDDA1
:1004A0002C4480EA020281EA030382EA000083EA24
:1004B000010180EA020281EA0303362D88BF30BDC4
:1004C00011F0004F4FEA01314FF4801C4CEA11311A
:1004D00002D0404261EB410113F0004F4FEA033379
:1004E0004CEA133302D0524263EB430394EA050F04
:1004F00000F0A780A4F10104D5F1200E0DDB02FA73
:100500000EFC22FA05F2801841F1000103FA0EF206
:10051000801843FA05F359410EE0A5F120050EF1CC
:10052000200E012A03FA0EFC28BF4CF0020C43FAFD
:1005300005F3C01851EBE37101F0004507D54FF00A
:10054000000EDCF1000C7EEB00006EEB0101B1F55A
:10055000801F1BD3B1F5001F0CD349085FEA3000A0
:100560004FEA3C0C04F101044FEA445212F5800FAB
:1005700080F09A80BCF1004F08BF5FEA500C50F148
:10058000000041EB045141EA050130BD5FEA4C0C2B
:10059000404141EB010111F4801FA4F10104E9D1B4
:1005A00091F0000F04BF01460020B1FA81F308BFAB
:1005B0002033A3F10B03B3F120020CDA0C3208DD77
:1005C00002F1140CC2F10C0201FA0CF021FA02F152
:1005D0000CE002F11402D8BFC2F1200C01FA02F1C2
:1005E00020FA0CFCDCBF41EA0C019040E41AA2BFE7
:1005F00001EB0451294330BD6FEA04041F3C1CDAAF
:100600000C340EDC04F11404C4F1200220FA04F0CE
:1006100001FA02F340EA030021FA04F345EA030178
:1006200030BDC4F10C04C4F1200220FA02F001FA3A
:1006300004F340EA0300294630BD21FA04F02946BC
:1006400030BD94F0000F83F4801306BF81F4801155
:100650000134013D4EE77FEA645C18BF7FEA655CC8
:1006600029D094EA050F08BF90EA020F05D054EA9A
:10067000000C04BF1946104630BD91EA030F1EBF9F
:100680000021002030BD5FEA545C05D140004941A3
:1006900028BF41F0004130BD14F580043CBF01F596
:1006A000801130BD01F0004545F0FE4141F470017C
:1006B0004FF0000030BD7FEA645C1ABF1946104657
:1006C0007FEA655C1CBF0B46024650EA013406BF58
:1006D00052EA033591EA030F41F4002130BD00BF17
:1006E00090F0000F04BF0021704730B54FF48064D4
:1006F00004F132044FF000054FF0000150E700BF55
:1007000090F0000F04BF0021704730B54FF48064B3
:1007100004F1320410F0004548BF40424FF00001A0
:100720003EE700BF42004FEAE2014FEA31014FEAE3
:1007300002701FBF12F07F4393F07F4F81F0605132
:10074000704732F07F4208BF704793F07F4F04BF7D
:1007500041F40021704730B54FF4607401F000455A
:1007600021F000411CE700BF50EA010208BF7047BA
:1007700030B54FF000050AE050EA010208BF7047AB
:1007800030B511F0004502D5404261EB41014FF414
:10079000806404F132045FEA915C3FF4D8AE4FF01C
:1007A00003025FEADC0C18BF03325FEADC0C18BFFF
:1007B000033202EBDC02C2F1200300FA03FC20FA50
:1007C00002F001FA03FE40EA0E0021FA02F114449D
:1007D000BDE600BF70B54FF0FF0C4CF4E06C1CEAB6
:1007E00011541DBF1CEA135594EA0C0F95EA0C0F27
:1007F00000F0DEF82C4481EA030621EA4C5123EA9A
:100800004C5350EA013518BF52EA033541F48011C8
:1008100043F4801338D0A0FB02CE4FF00005E1FB7B
:1008200002E506F00042E0FB03E54FF00006E1FBC5
:1008300003569CF0000F18BF4EF0010EA4F1FF0408
:10084000B6F5007F64F5407404D25FEA4E0E6D4148
:1008500046EB060642EAC62141EA55514FEAC52059
:1008600040EA5E504FEACE2EB4F1FD0C88BFBCF5D5
:10087000E06F1ED8BEF1004F08BF5FEA500E50F186
:10088000000041EB045170BD06F0004646EA01014C
:1008900040EA020081EA0301B4EB5C04C2BFD4EB7E
:1008A0000C0541EA045170BD41F480114FF0000E77
:1008B000013C00F3AB8014F1360FDEBF002001F0E5
:1008C000004170BDC4F10004203C35DA0C341BDC5F
:1008D00004F11404C4F1200500FA05F320FA04F031
:1008E00001FA05F240EA020001F0004221F0004165
:1008F00010EBD37021FA04F642EB06015EEA430ED8
:1009000008BF20EAD37070BDC4F10C04C4F1200507
:1009100000FA04F320FA05F001FA04F240EA0200BA
:1009200001F0004110EBD37041F100015EEA430E8B
:1009300008BF20EAD37070BDC4F1200500FA05F2AB
:100940004EEA020E20FA04F301FA05F243EA02032A
:1009500021FA04F001F0004121FA04F220EA020039
:1009600000EBD3705EEA430E08BF20EAD37070BD7F
:1009700094F0000F0FD101F00046400041EB01015F
:1009800011F4801F08BF013CF7D041EA060195F041
:10099000000F18BF704703F00046520043EB0303FB
:1009A00013F4801F08BF013DF7D043EA06037047E8
:1009B00094EA0C0F0CEA135518BF95EA0C0F0CD0F3
:1009C00050EA410618BF52EA4306D1D181EA030139
:1009D00001F000414FF0000070BD50EA410606BF33
:1009E0001046194652EA430619D094EA0C0F02D178
:1009F00050EA013613D195EA0C0F05D152EA0336BD
:100A00001CBF104619460AD181EA030101F00041DA
:100A100041F0FE4141F470014FF0000070BD41F023
:100A2000FE4141F4780170BD70B54FF0FF0C4CF4FD
:100A3000E06C1CEA11541DBF1CEA135594EA0C0F1C
:100A400095EA0C0F00F0A7F8A4EB050481EA030E69
:100A500052EA03354FEA013100F088804FEA033350
:100A60004FF0805545EA131343EA12634FEA02221E
:100A700045EA111545EA10654FEA00260EF00041DF
:100A80009D4208BF964244F1FD0404F5407402D231
:100A90005B084FEA3202B61A65EB03055B084FEAC2
:100AA00032024FF480104FF4002CB6EB020E75EBBF
:100AB000030E22BFB61A754640EA0C005B084FEAE7
:100AC0003202B6EB020E75EB030E22BFB61A754664
:100AD00040EA5C005B084FEA3202B6EB020E75EBAF
:100AE000030E22BFB61A754640EA9C005B084FEA27
:100AF0003202B6EB020E75EB030E22BFB61A754634
:100B000040EADC0055EA060E18D04FEA051545EA22
:100B100016754FEA06164FEAC30343EA52734FEACB
:100B2000C2025FEA1C1CC0D111F4801F0BD141EA44
:100B300000014FF000004FF0004CB6E711F4801FA9
:100B400004BF01430020B4F1FD0C88BFBCF5E06F89
:100B50003FF6AFAEB5EB030C04BFB6EB020C5FEA99
:100B6000500C50F1000041EB045170BD0EF0004EEE
:100B70004EEA113114EB5C04C2BFD4EB0C0541EA20
:100B8000045170BD41F480114FF0000E013C90E61D
:100B900045EA060E8DE60CEA135594EA0C0F08BFE1
:100BA00095EA0C0F3FF43BAF94EA0C0F0AD150EAE0
:100BB00001347FF434AF95EA0C0F7FF425AF104673
:100BC00019462CE795EA0C0F06D152EA03353FF49B
:100BD000FDAE1046194622E750EA410618BF52EA18
:100BE00043067FF4C5AE50EA41047FF40DAF52EAEC
:100BF00043057FF4EBAE12E74FF0FF3C06E000BF89
:100C00004FF0010C02E000BF4FF0010C4DF804CD95
:100C10004FEA410C7FEA6C5C4FEA430C18BF7FEA55
:100C20006C5C1BD001B050EA410C0CBF52EA430C83
:100C300091EA030F02BF90EA020F0020704710F103
:100C4000000F91EA030F58BF994208BF90422CBF92
:100C5000D8176FEAE37040F0010070474FEA410C8B
:100C60007FEA6C5C02D150EA013C07D14FEA430CA9
:100C70007FEA6C5CD6D152EA033CD3D05DF8040B1A
:100C8000704700BF8446104662468C46194663464C
:100C900000E000BF01B5FFF7B7FF002848BF10F123
:100CA000000F01BD4DF808EDFFF7F4FF0CBF012068
:100CB00000205DF808FB00BF4DF808EDFFF7EAFFE4
:100CC00034BF012000205DF808FB00BF4DF808ED9F
:100CD000FFF7E0FF94BF012000205DF808FB00BF94
:100CE0004DF808EDFFF7CEFF94BF012000205DF81E
:100CF00008FB00BF4DF808EDFFF7C4FF34BF01202B
:100D000000205DF808FB00BF4FEA410C7FEA6C5CF5
:100D100002D150EA013C0AD14FEA430C7FEA6C5CF5
:100D200002D152EA033C02D14FF0000070474FF06D
:100D3000010070474FEA410212F5001215D211D599
:100D40006FF47873B3EB625212D94FEAC12343F0C8
:100D5000004343EA505311F0004F23FA02F018BF4A
:100D6000404270474FF00000704750EA013005D113
:100D700011F0004008BF6FF0004070474FF00000D6
:100D8000704700BF4A0011D212F5001211D20DD5E2
:100D90006FF47873B3EB62520ED44FEAC12343F081
:100DA000004343EA505323FA02F070474FF000002B
:100DB000704750EA013002D14FF0FF3070474FF0DA
:100DC000000070474FEA4102B2F1E04324BFB3F59F
:100DD000001CDCF1FE5C0DD901F0004C4FEAC002B2
:100DE0004CEA5070B2F1004F40EB830008BF20F096
:100DF0000100704711F0804F21D113F13872BCBF50
:100E000001F00040704741F480114FEA5252C2F1A4
:100E10001802C2F1200C10FA0CF320FA02F018BFED
:100E200040F001004FEAC1234FEAD32303FA0CFC40
:100E300040EA0C0023FA02F34FEA4303CCE77FEACF
:100E4000625307D150EA01331EBF4FF0FE4040F419
:100E50004000704701F0004040F0FE4040F40000C8
:100E6000704700BF8C4619B3F0B54E1E8F1EF3B20B
:100E7000FF1A4FF0000E10E05A0030F81310023243
:100E8000845AA14284BF20F8134081520133DBB25F
:100E9000AB42F1DB013EB74205D03546002EC8BF5C
:100EA0007346E9DCF6E74FEA5C0C30F81C00F0BD55
:100EB0004FEA510C30F81C007047000008B50A4B8F
:100EC0000A4A03F10C0033F8021B22F8021B83428A
:100ED000F9D10749054B0B6000231A460548006805
:100EE0000AF06CFF08BD00BF000000206000002079
:100EF000C80000205C00002008B50849084809F037
:100F00007FFF0221272007F0D9FA002204210320C5
:100F10000AF09CFE034B186008BD00BF30120300AE
:100F20003C1203005C00002038B500223249334BEC
:100F300018680AF0BBFF012808D0314B1B78012B41
:100F400052D000212F4809F0A9FF38BD2A4B19685B
:100F50002D4803780C882D4A22F813404D88DC1D5B
:100F600022F814508D8803F10E0422F81450CD8815
:100F700003F1150422F814500D8903F11C0422F822
:100F800014504C8903F1230122F811400133DBB2E4
:100F90000370062BD1D9154607211046FFF762FFD3
:100FA0001B4C2080072105F10E00FFF75BFF6080DE
:100FB000072105F11C00FFF755FFA080072105F16F
:100FC0002A00FFF74FFFE080072105F13800FFF707
:100FD00049FF2081072105F14600FFF743FF6081AB
:100FE0000022094B1A70A8E7044B18680AF0E6FFC4
:100FF000034B9871A5E700BFC40000205C000020EF
:10100000140600203C1203006C0000207000002039
:10101000C007002008B502200BF0A0FB08BD0000AF
:1010200010B582B001238DF80430E3238DF806302B
:10103000013803281FD8DFE800F002274461C023ED
:101040008DF805303C4C0123032201A920460AF00B
:1010500037FAFFF7DFFF00230122194620460AF086
:101060002FFAFFF7D7FF01230222694620460AF034
:1010700030FAFFF7CFFF9DF800309DF8010000EB3C
:10108000032080B202B010BDD0238DF805302A4C69
:101090000123032201A920460AF012FAFFF7BAFF42
:1010A00000230122194620460AF00AFAFFF7B2FF90
:1010B00001230222694620460AF00BFAFFF7AAFF35
:1010C000D9E7E0238DF805301B4C0123032201A949
:1010D00020460AF0F5F9FFF79DFF0023012219468B
:1010E00020460AF0EDF9FFF795FF01230222694639
:1010F00020460AF0EEF9FFF78DFFBCE7F0238DF8EC
:1011000005300D4C0123032201A920460AF0D8F92D
:10111000FFF780FF00230122194620460AF0D0F98C
:10112000FFF778FF01230222694620460AF0D1F931
:10113000FFF770FF9FE700BF4C00002008B5024991
:1011400002480AF069F908BDF81203004C000020BB
:1011500038B5094D2C780134E4B22C702046FFF7E5
:101160005FFF064B03EB440460812B78032B01D90E
:1011700000222A7038BD00BFCC000020C00700202C
:1011800010B50D4C01220A21204609F01EFC012257
:101190000A21204609F025FC01220921204609F0F8
:1011A00020FC00220A21204609F01BFC0022092114
:1011B000204609F016FC10BD40F00F402DE9F0412B
:1011C0000546154C01220A21204609F0FEFB0022AB
:1011D0000921204609F005FC08240F4E00274FF096
:1011E000010815F0800F14BF42463A460A213046E6
:1011F00009F0F7FB6D00EDB242460921304609F0D7
:10120000F0FB3A460921304609F0EBFB631E13F070
:10121000FF04E6D1BDE8F08140F00F4010B50D4C61
:1012200001220A21204609F0D0FB00220921204694
:1012300009F0D7FB00220A21204609F0D2FB012247
:101240000921204609F0CDFB01220A21204609F0A0
:10125000C8FB10BD40F00F4038B5134C00220A21E6
:10126000204609F0B2FB01220A21204609F0B9FB11
:1012700001220921204609F0B4FBFB240A4D28462F
:1012800009F0C1FB10F4806F07D0631E13F0FF0458
:10129000F5D1FFF7C3FF012038BD00220921024824
:1012A00009F09FFB002038BD40F00F4010B582B020
:1012B000032806D8DFE800F002292D31C022194B9F
:1012C0001A708DF8041001238DF80530154B1B782A
:1012D0008DF80630E3238DF80730FFF751FF002328
:1012E000114A1370144602AA134413F8040CFFF7B2
:1012F00065FFFFF7B1FF23780133DBB22370032BC7
:10130000F1D9FFF78BFF02B010BDD022054B1A7048
:10131000D7E7E022034B1A70D3E7F022014B1A7093
:10132000CFE700BFCD000020CE00002010B504465E
:10133000FFF726FF2046FFF741FFFFF78DFF002054
:10134000FFF73CFFFFF788FFFFF768FF10BD0000C5
:101350002DE9F843814600220A212D4809F035FB8A
:10136000082500242A4EA046092742463946304621
:1013700009F037FB01223946304609F032FB6400A0
:10138000E4B2304609F03FFB10F4806F1CBF01341B
:10139000E4B26B1E13F0FF05E7D1B9F1000F1CD0CA
:1013A0001B4D00220921284609F01BFB01220A21BE
:1013B000284609F00AFB00220A21284609F011FB01
:1013C00001220921284609F00CFB002209212846A8
:1013D00009F007FB2046BDE8F8830D4D00220921E6
:1013E000284609F0FEFA01220A21284609F0EDFA02
:1013F00001220A21284609F0F4FA0122092128468F
:1014000009F0EFFA00220921284609F0EAFAE1E79B
:1014100040F00F4038B50446FFF7B2FE601CC0B282
:10142000FFF7CCFEFFF718FF0120FFF791FF0546FD
:101430000120FFF78DFF0446FFF7F0FE04EB0520C7
:1014400080B238BD10B5064C01220921204609F0B2
:10145000C8FA01220A21204609F0C3FA10BD00BFD4
:1014600040F00F402DE9F0411D4F00249226022547
:101470003146E0B2FFF71AFF28460BF06FF930460D
:10148000FFF754FF28460BF069F93046FFF7C2FF1B
:10149000804628460BF062F927F8028B0134042CB1
:1014A000E6D1104F0024902602253146E0B2FFF726
:1014B000FDFE28460BF052F93046FFF737FF28466D
:1014C0000BF04CF93046FFF7A5FF804628460BF09D
:1014D00045F927F8028B0134042CE6D1BDE8F081F0
:1014E000D8070020E0070020A2B32DE9F04182B028
:1014F0000446571EFFB24D1E0F440026DFF85880E9
:1015000007E09DF8033005F8013F0134A4B2BD4265
:101510001DD08DF8036014F4004FF2D1230A8DF82A
:1015200004308DF805403346022201A9404609F0F7
:10153000C7FF03200BF012F901231A460DF1030136
:10154000404609F0C6FF03200BF008F9D9E702B0C6
:10155000BDE8F081704700BF2C05FE1F6AB32DE97E
:10156000F04182B004460D46531EDBB203445E1CBC
:10157000B6B2DFF84880012707E00134A4B2013594
:1015800005200BF0EBF8B44214D014F4004FF4D162
:101590002B78220A8DF804208DF805408DF806304E
:1015A0003B46032201A9404609F08AFF03200BF0C5
:1015B000D5F8E2E702B0BDE8F08170472C05FE1FC8
:1015C00008B50249024809F027FF08BD10130300BF
:1015D0002C05FE1F08B50C4B1B78012B02D0022BEB
:1015E00009D008BD0222084B1A70042207490020C6
:1015F000FFF7B4FF08BD0322034B1A70042204490D
:101600000020FFF771FFECE7980EFE1F9C0EFE1FF7
:10161000D000002008B5064B1B7803B908BD054A69
:10162000054B1A6006F042FF02F068FBF6E700BFC8
:10163000D5000020CDFE3517F0EF012010B50A4986
:101640000A480AF0B7F801221121094809F0C9F93E
:10165000084C01221D21204609F0C3F901221E2158
:10166000204609F0BEF910BD44130300880EFE1F8A
:1016700040F00F40C0F00F402DE9F04383B0DD4B48
:101680001B7D002B00F0078100248DF800408DF8B1
:1016900001408DF804408DF80540DFF8688322464C
:1016A0001121404609F09DF902200BF057F8D24F66
:1016B000022301AA694638460AF0F0F802200BF02E
:1016C0004DF801221121404609F08BF9C94E9DF8D1
:1016D00004209DF8053003EB0223F38202200BF077
:1016E0003DF88DF800408DF80140C44D22461D2183
:1016F000284609F076F902200BF030F8022301AAFF
:10170000694638460AF0CAF802200BF027F8012291
:101710001D21284609F065F99DF804209DF8053043
:1017200003EB0223338302200BF018F88DF80040FE
:101730008DF8014022461E21284609F052F9022068
:101740000BF00CF8022301AA694638460AF0A6F805
:1017500002200BF003F801221E21284609F041F96E
:101760009DF804209DF8053003EB022373830220CB
:101770000AF0F4FF8DF801408DF804408DF8054023
:101780004FF007098DF8009022461121404609F0DC
:1017900028F902200AF0E2FF022301AA694638462E
:1017A0000AF07CF802200AF0D9FF012211214046FC
:1017B00009F017F99DF804209DF8053003EB02238A
:1017C000738402200AF0CAFF8DF800908DF8014062
:1017D00022461D21284609F004F902200AF0BEFF26
:1017E000022301AA694638460AF058F802200AF096
:1017F000B5FF01221D21284609F0F3F89DF80420C9
:101800009DF8053003EB0223B38402200AF0A6FF03
:101810008DF800908DF8014022461E21284609F0DF
:10182000E0F802200AF09AFF022301AA694638462E
:101830000AF034F802200AF091FF01221E21284606
:1018400009F0CFF89DF804209DF8053003EB022342
:10185000F38402200AF082FF8DF800408DF80140E9
:101860008DF804408DF80540284609F0CCF810F0BA
:10187000805F77D0624809F0C6F810F0020F00F0E0
:10188000C3805F4809F0BFF810F0010F00F003813A
:1018900003B0BDE8F0830126564B1E7500248DF879
:1018A00004408DF805404FF080098DF800904FF00E
:1018B000D3088DF80180534D22461121284609F0A6
:1018C00090F802200AF04AFF4B4F022301AA694612
:1018D000384609F0E3FF02200AF040FF32461121AA
:1018E000284609F07EF802200AF038FF8DF80090B3
:1018F0008DF80180803522461D21284609F071F8B7
:1019000002200AF02BFF022301AA6946384609F09B
:10191000C5FF02200AF022FF32461D21284609F0A9
:1019200060F802200AF01AFF8DF800908DF801800F
:1019300022461E21284609F054F802200AF00EFF24
:10194000022301AA6946384609F0A8FF02200AF0DE
:1019500005FF32461E21284609F043F802200AF00E
:10196000FDFE91E64FF001088DF8008027468DF8C6
:101970000140244E22461121304609F032F802205F
:101980000AF0ECFEDFF87090022301AA694648468F
:1019900009F084FF02200AF0E1FE424611213046A0
:1019A00009F01FF89DF805502D0202248DF8004023
:1019B0008DF801703A461121304609F012F82046A0
:1019C0000AF0CCFE234601AA6946484609F066FFA4
:1019D00020460AF0C3FE42461121304609F001F8C4
:1019E0009DF805301D44034B9D8320460AF0B6FE4A
:1019F00040E700BFD4070020880EFE1FC0F00F4054
:101A000000F00F4040F00F404FF001088DF80080CB
:101A100000278DF80170434E3A461D21304608F0EC
:101A2000E0FF02200AF09AFEDFF80091022301AAEB
:101A30006946484609F032FF02200AF08FFE42460E
:101A40001D21304608F0CDFF9DF805502D020224DF
:101A50008DF800408DF801703A461D21304608F09F
:101A6000C0FF20460AF07AFE234601AA694648468E
:101A700009F014FF20460AF071FE42461D2130464F
:101A800008F0AFFF9DF805301D44274BDD8320464D
:101A90000AF064FEF5E64FF001088DF8008000279B
:101AA0008DF801701F4E3A461E21304608F099FF0E
:101AB00002200AF053FEDFF87490022301AA69465F
:101AC000484609F0EBFE02200AF048FE42461E217D
:101AD000304608F086FF9DF805502D0202248DF84F
:101AE00000408DF801703A461E21304608F079FF1B
:101AF00020460AF033FE234601AA6946484609F00B
:101B0000CDFE20460AF02AFE42461E21304608F04D
:101B100068FF9DF805301D44034B1D8420460AF0E4
:101B20001DFEB5E6C0F00F40D4070020880EFE1F52
:101B300010B50849084809F03DFE084C00220C2168
:101B4000204608F04EFF00220D21204608F049FFF4
:101B500010BD00BF60130300900EFE1F80F00F4009
:101B60002DE9F04182B000248DF807401E4D01227E
:101B70000C21284608F035FF01220D21284608F0E7
:101B800030FF1A4D2146284609F0AAFE01200AF02E
:101B9000E5FD174C237802AE06F8013D154F0123F1
:101BA0003A463146284609F079FE01200AF0D6FD72
:101BB000B84638F8023BA3700121284609F090FE90
:101BC00001200AF0CBFD63788DF8073001234246EF
:101BD0003146284609F062FE01200AF0BFFD7B88ED
:101BE000E37002B0BDE8F08180F00F40900EFE1F60
:101BF000D8000020DC00002008B5074A01F00F03E0
:101C000003EB0013137020F00F0040EA1111517024
:101C1000FFF7A6FF08BD00BFD800002008B5094B9C
:101C2000D3F8002442F03002C3F80024D3F804248F
:101C300042F03002C3F804240349044804F04EF98A
:101C400008BD00BF00100040E8010020FC110300A7
:101C500038B505460C46C1F30B033BB1B1F5805FC7
:101C600026BF01F58054E41A4FF4805422462946D9
:101C7000094804F09BF9034608B1184638BD0648E8
:101C80004FF0FF3383610123C4F30F12294604F0A0
:101C9000D5F90346F1E700BFE80100202DE9F04344
:101CA00085B007468946904606F000FC07EB08051C
:101CB000AF4212D23C4602E00434AC420DD223685B
:101CC000B3F1FF3FF8D0291B2046FFF7C1FF0646BE
:101CD0000028F2D006F0DCFB14E04B4642463946C1
:101CE0000C4804F0E1F9064680B90123019303ABE7
:101CF00000934B4642463946064804F031FA064600
:101D000006F0C6FB304605B0BDE8F08306F0C0FB28
:101D1000F8E700BFE801002070B504460D461646FE
:101D200006F0C4FB46B1291F04EB860254F8043BBD
:101D300041F8043F9442F9D106F0AAFB70BD01704E
:101D40000B0A43700B0C8370090EC170042070479E
:101D500070B5C0B00D4E351FFC36002455F8041F79
:101D60000DEB0400FFF7EBFF0444A4B2B542F5D13C
:101D700014F0070302D00834E41AA4B222466946DC
:101D80004FF48030FFF78AFF40B070BDE0000020C4
:101D900008B5402202494FF48030FFF7BDFF08BD6F
:101DA000E000002010B5164B1A785B78934224D0DF
:101DB000134B5A70134B212083F8000141F2342158
:101DC000A3F80211104AC3F80421186059609A6000
:101DD000FFF7BEFF0324FFF7DBFF0A4B53F8242075
:101DE00083F80021621C53F82220A3F80221023458
:101DF00053F82420C3F8042110BD0024EBE700BFF2
:101E000004020020E00000207856341210B50E497C
:101E10005D2008F0CAFD0D4C0121204608F0EFFDC1
:101E20000221204608F0E9FD00221821204608F092
:101E3000D8FD00221321204608F0D3FD00221221F4
:101E4000204608F0CEFD10BD3405FE1FC0F00F4047
:101E500038B5524808F0D7FD80F00800C0F3C00440
:101E60004F4808F0D0FD10F4807F08BF44F0020412
:101E70004C4808F0C8FD10F4001F08BF44F00404EB
:101E8000484808F0C0FD10F4801F08BF44F0080463
:101E9000434808F0B8FD10F4007F08BF44F0100478
:101EA000414808F0B0FD10F4003F08BF44F02004A2
:101EB0003E4B5C803A4D284608F0A5FD80F48050EA
:101EC000C0F30034284608F09EFD10F4804F08BF90
:101ED00044F00204324808F096FD10F4005F08BF99
:101EE00044F004042E4808F08EFD10F4806F08BF03
:101EF00044F008042A4808F086FD10F4006F08BF7B
:101F000044F01004264808F07EFD10F4004F08BF8E
:101F100044F02004224808F076FD10F4001F08BFAA
:101F200044F040041E4808F06EFD10F4801F08BF06
:101F300044F080041A4808F066FD10F4002F08BF32
:101F400044F48074164808F05EFD10F4803F08BF2A
:101F500044F40074124808F056FD10F4800F08BFD6
:101F600044F480640E4808F04EFD10F4000F08BFE2
:101F700044F400640A4808F046FD10F0807F08BF72
:101F800044F48054064808F03EFD10F0007F08BF7E
:101F900044F40054054B1C8038BD00BF80F00F4056
:101FA00000F10F4040F00F40C0F00F40D407002078
:101FB00010B5044610F0010F14BF012200221721B2
:101FC0001C4808F00EFD14F0020F14BF012200227D
:101FD0000221184808F005FD14F0040F14BF012277
:101FE00000220321134808F0FCFC14F0080F14BF72
:101FF0000122002204210F4808F0F3FC14F0100F16
:1020000014BF0122002216210A4808F0EAFC14F04D
:10201000200F14BF012200220F21074808F0E1FC25
:1020200014F0400F14BF012200221021024808F0D2
:10203000D8FC10BDC0F00F4080F00F4001230021FC
:1020400040FA03F202F0010251400133102BF7D1A4
:1020500008467047E0B170B40F498C780B1D421EE2
:10206000D2B2033201EB42010025012601E08B428E
:102070000CD033F8022F12F4004FF8D0B3F86A00F6
:1020800090421CBF44F002043546F0E70DB970BC25
:102090007047014B9C70FAE708020020F8B5A8B120
:1020A0000C4EB41D431EDBB2043306EB43060A4F4D
:1020B00001252B4604F16A022146384609F0EEFB61
:1020C00028460AF04BFB0234B442F2D101200AF058
:1020D00045FBF8BD080200205400002010B54FF465
:1020E000A040FFF7ABFF0F4C00F0010040F4A04010
:1020F000E08001202071FFF7D1FFB4F87030C3F306
:102100004002627003F4C072B2F5C07F03D103F0E5
:102110006003602B04D0034A937843F00403937068
:1021200010BD00BF0802002010B54FF49C40FFF71F
:1021300085FF084C00F0010040F49C40E080012045
:102140002071FFF7ABFFB4F87000C0F342002070BD
:1021500010BD00BF0802002010B54AF6D430FFF7CA
:102160006DFF0D4C00F0010040F42B4040F0D40016
:10217000E0804AF62A40FFF761FF00F0010040F4DA
:102180002C4040F02A00208102202071FFF786FFBA
:102190002079FFF75FFF10BD0802002070B548F2FC
:1021A0005670FFF74BFF564C00F0010040F407401B
:1021B00040F05600E08048F2DE70FFF73FFF00F08D
:1021C000010040F4074040F0DE00208148F2AC609E
:1021D000FFF734FF00F0010040F4064040F0AC008F
:1021E000608148F22460FFF729FF00F0010040F40D
:1021F000064040F02400A081042626713046FFF7F7
:102200004DFF2079FFF726FFFFF768FF4FF40C40E2
:10221000FFF714FF00F0010040F40C40E0804FF4A1
:102220000E40FFF70BFF00F0010040F40E4020814C
:10223000022525712846FFF731FF2079FFF70AFFB5
:102240004FF40A40FFF7FAFE00F0010040F40A40A4
:10225000E08001202071FFF721FF2079FFF7FAFECF
:10226000FFF77AFF48F2BE70FFF7E8FE00F00100CA
:1022700040F4074040F0BE00E08048F26860FFF79D
:10228000DDFE00F0010040F4064040F068002081CF
:1022900048F27C70FFF7D2FE00F0010040F40740E6
:1022A00040F07C00608148F29470FFF7C7FE00F0B8
:1022B000010040F4074040F09400A08126713046B0
:1022C000FFF7ECFE2079FFF7C5FEFFF707FF4FF49D
:1022D000D050FFF7B3FE00F0010040F4D050E08092
:1022E0004FF4E050FFF7AAFE00F0010040F4E05088
:1022F000208125712846FFF7D1FEFFF715FF70BD3D
:102300000802002038B501280ED060B1022855D04F
:10231000314B1B78834206D02F4B1870FFF71CFF00
:1023200064200AF01BFA38BD2B4B1B78012BFAD026
:102330000122294B1A704AF60620FFF77FFE274C30
:1023400000F0010040F42A4040F00600E0804AF628
:10235000F850FFF773FE00F0010040F42D4040F00C
:10236000F8002081022525712846FFF797FE207985
:10237000FFF770FE0A200AF0F1F94AF60A20FFF78B
:102380005DFE00F0010040F42A4040F00A00E080C9
:102390004AF6F450FFF752FE00F0010040F42D40E1
:1023A00040F0F400208125712846FFF777FE207960
:1023B000FFF750FE0A200AF0D1F938BD064B1B7812
:1023C000022BB0D00222044B1A70FFF7C5FE0A2080
:1023D0000AF0C4F938BD00BFE20200200802002064
:1023E00010B50849084809F07DF8084C084920460E
:1023F00009F0E0F90221204609F072FAFFF7CEFE5B
:1024000010BD00BF740EFE1F7C0EFE1F5400002086
:102410002813030010B5EE4B1B78012B00F0088247
:102420000020FFF70BFEEA4C00F00100E0804FF4C3
:102430000070FFF703FE00F0010040F400702081FF
:102440004FF48060FFF7FAFD00F0010040F4806077
:1024500060814FF4C060FFF7F1FD00F0010040F42F
:10246000C060A0814FF40060FFF7E8FD00F00100BC
:1024700040F40060E0814FF42060FFF7DFFD00F0E2
:10248000010040F4206020824FF44060FFF7D6FD49
:1024900000F0010040F4406060824FF46060FFF79C
:1024A000CDFD00F0010040F46060A0824FF4805048
:1024B000FFF7C4FD00F0010040F48050E0824FF4CB
:1024C0009050FFF7BBFD00F0010040F490502083D6
:1024D0004FF4A050FFF7B2FD00F0010040F4A0500F
:1024E00060834FF4B050FFF7A9FD00F0010040F405
:1024F000B050A0834FF4C050FFF7A0FD00F00100E2
:1025000040F4C050E0834FF4D050FFF797FD00F047
:10251000010040F4D05020844FF4E050FFF78EFDCE
:1025200000F0010040F4E05060844FF4F050FFF7F9
:1025300085FD00F0010040F4F050A0844FF40050FD
:10254000FFF77CFD00F0010040F40050E0844FF400
:102550000850FFF773FD00F0010040F4085020859B
:102560004FF41050FFF76AFD00F0010040F41050E6
:1025700060854FF41850FFF761FD00F0010040F452
:102580001850A0854FF42050FFF758FD00F00100CF
:1025900040F42050E0854FF42850FFF74FFD00F045
:1025A000010040F4285020864FF43050FFF746FDDC
:1025B00000F0010040F4305060864FF43850FFF7CF
:1025C0003DFD00F0010040F43850A0864FF440502B
:1025D000FFF734FD00F0010040F44050E0864FF476
:1025E0004850FFF72BFD00F0010040F448502087D1
:1025F0004FF45050FFF722FD00F0010040F450501E
:1026000060874FF45850FFF719FD00F0010040F4C7
:102610005850A0874FF46050FFF710FD00F0010004
:1026200040F46050E0874FF46850FFF707FD00F07A
:10263000010040F46850A4F840004FF47050FFF7D8
:10264000FDFC00F0010040F47050A4F842004FF48B
:102650007850FFF7F3FC00F0010040F47850A4F844
:1026600044004FF48040FFF7E9FC00F0010040F423
:102670008040A4F846004FF48440FFF7DFFC00F0F0
:10268000010040F48440A4F848004FF48840FFF76C
:10269000D5FC00F0010040F48840A4F84A004FF453
:1026A0008C40FFF7CBFC00F0010040F48C40A4F814
:1026B0004C004FF49040FFF7C1FC00F0010040F4E3
:1026C0009040A4F84E004FF49440FFF7B7FC00F0A0
:1026D000010040F49440A4F850004FF49840FFF7F4
:1026E000ADFC00F0010040F49840A4F852004FF413
:1026F0009C40FFF7A3FC00F0010040F49C40A4F8CC
:1027000054004FF4A040FFF799FC00F0010040F4A2
:10271000A040A4F856004FF4A440FFF78FFC00F04F
:10272000010040F4A440A4F858004FF4A840FFF77B
:1027300085FC00F0010040F4A840A4F85A004FF4D2
:10274000AC40FFF77BFC00F0010040F4AC40A4F883
:102750005C004FF4B040FFF771FC00F0010040F462
:10276000B040A4F85E004FF4B440FFF767FC00F0FF
:10277000010040F4B440A4F860004FF4B840FFF703
:102780005DFC00F0010040F4B840A4F862004FF492
:10279000BC40FFF753FC00F0010040F4BC40A4F83B
:1027A00064004FF4C040FFF749FC00F0010040F422
:1027B000C040A4F866004FF4C440FFF73FFC00F0AF
:1027C000010040F4C440A4F868004FF4C84001E0A0
:1027D00008020020FFF732FC00F0010040F4C8407E
:1027E000A4F86A004FF4CC40FFF728FC00F0010089
:1027F00040F4CC40A4F86C004FF4FC40FFF71EFC02
:1028000000F0010040F4FC40A4F86E003520207177
:10281000FFF744FC217921B100230133DAB2914260
:10282000FBD8FFF781FC054BD878FFF76BFD10BD97
:10283000642009F093FFFFF7B1FCF4E708020020E1
:1028400008B50449044808F04DFE0449044808F05E
:1028500049FE08BD1C0EFE1F240EFE1F480EFE1F63
:10286000500EFE1F7047000038B50D46164C174A33
:102870000021204608F03EFD154A0221204608F0BE
:1028800039FDDDB9114B5B6833B1B3F5F46F03D19A
:102890000E4B1B7A422B12D00E490F4B0B600023BC
:1028A0001A460E48006809F089FA0D4A137A013376
:1028B00013720023054A5360054A536038BD012254
:1028C000084B1A70E8E700BF7812030034030020B9
:1028D000E8020020E4020020E4020020D0050020ED
:1028E000B8050020D500002070B594B002900823F0
:1028F0008DF84C30002301934B1E03AA073113F8C7
:10290000010F02F8010B8B42F9D140F2ED140E4E8B
:1029100001252946304608F041FD70B1013CA4B2C2
:10292000002CF6D1084C0121204608F007FD01AA31
:102930000121204608F0A0FC04E001AA0121024880
:1029400008F09AFC14B070BD7812030010B51D4C4D
:102950001D49204608F080FB00231C4A19462046EA
:1029600008F04CFC1A4A0121204608F00DFC002317
:10297000184A0221204608F041FC174A032120464C
:1029800008F002FC00231A461946204608F0F2FC23
:10299000002302220121204608F0ECFC00220F490E
:1029A000204608F019FD0221512005F087FD0C4A50
:1029B0000021204608F09EFC0A4A0221204608F029
:1029C00099FC10BD7812030044120300AC0EFE1FE8
:1029D000BC0EFE1FA40EFE1FB40EFE1F69280200CF
:1029E00034030020E802002038B50D462D4C2E4A55
:1029F0000421204608F07EFC2C4A0621204608F0DF
:102A000079FC002D38D1284B5B681BB3132B1BD0EE
:102A10000FD9B3F5F27F30D040F2014293423AD061
:102A2000222B17D1224B234A92E8030083E80300AC
:102A300010E0112B28D0122B0CD11F4B1D4A92E80D
:102A4000030083E8030005E01C4B1A4A92E80300E8
:102A500083E803001A49194B0B6000231A461948F2
:102A6000006809F0ABF9184A537A01335372002316
:102A70000D4A53600D4A536038BD144B0D4A92E81D
:102A8000030083E80300E5E7114B0A4A92E80300DC
:102A900083E80300DEE70F4B064A92E8030083E871
:102AA0000300D7E7B412030000040020B4030020A1
:102AB000A0030020080400209803002080030020C9
:102AC000B0030020D4050020B805002088030020B2
:102AD00090030020A803002070B594B00290082352
:102AE0008DF84C304B1E03AA073113F8010F02F882
:102AF000010B8B42F9D140F2ED140E4E052529460B
:102B0000304608F04BFC70B1013CA4B2002CF6D169
:102B1000084C0521204608F011FC01AA0521204699
:102B200008F0AAFB04E001AA0521024808F0A4FB72
:102B300014B070BDB412030010B51D4C1D492046E1
:102B400008F08AFA00231C4A0421204608F056FBAC
:102B50001A4A0521204608F017FB0023184A0621CF
:102B6000204608F04BFB174A0721204608F00CFBD3
:102B7000002304221946204608F0FCFB002306220D
:102B80000121204608F0F6FB00220F49204608F0FC
:102B900023FC0221582005F091FC0C4A0421204618
:102BA00008F0A8FB0A4A0621204608F0A3FB10BD46
:102BB000B412030080120300CC0EFE1FDC0EFE1FB9
:102BC000C40EFE1FD40EFE1FE929020000040020DF
:102BD000B403002038B50D460F4C104A0A21204698
:102BE00008F088FB0E4A0C21204608F083FB05B153
:102BF00038BD0C490C4B0B6000231A460B4800688B
:102C000009F0DCF80A4A937A013393720023034AED
:102C10005360034A5360EBE7F01203009C0400206A
:102C2000500400204C0400204C040020D805002053
:102C3000B805002008B503282ED8DFE800F0020D03
:102C4000182301220821154807F0CBFE01220D218F
:102C5000134807F0C6FE08BD012208210F4807F0FF
:102C6000C0FE00220D210E4807F0BBFE08BD002269
:102C700008210A4807F0B5FE00220D21084807F098
:102C8000B0FE08BD00220821044807F0AAFE012278
:102C90000D21034807F0A5FE08BD00BF40F00F401E
:102CA000C0F00F4010B5214C2149204608F0D4F95E
:102CB0000023204A0A21204608F0A0FA1E4A0B21D0
:102CC000204608F061FA1D4A0E21204608F05CFA01
:102CD00000231B4A0C21204608F090FA194A0D21C6
:102CE000204608F051FA00230A221946204608F02F
:102CF00041FB00230C220121204608F03BFB00226F
:102D00001149204608F068FB02215F2005F0D6FB40
:102D10000E4A0A21204608F0EDFA0D4A0C21204601
:102D200008F0E8FA0020FFF785FF10BDF01203005D
:102D3000BC120300EC0EFE1FFC0EFE1F040FFE1F54
:102D4000E40EFE1FF40EFE1FD52B02009C04002093
:102D50005004002070B582B00E4601A92C4808F03E
:102D60003EFE022838D001A9294808F038FE002884
:102D700047D1284C284D2B7823700AF04BF82B466E
:102D8000224605F1240013F8011F02F8011F8342B7
:102D9000F9D10AF04FF821491E4B0B60002302AA1B
:102DA00042F8083D1E48006809F008F8009B3BB156
:102DB0004FF080521B4B1A60BFF34F8FBFF36F8FE2
:102DC000194AD37A0133D372134C24220021601C98
:102DD0000EF00BFA002323708EB90F4A13781A44B1
:102DE00052780A2A0BD0222B09D00133DBB20A49D0
:102DF0000B70013301221944054808F0F9FD02B0B7
:102E000070BD01220949024808F0E0FDE4E700BF77
:102E10009C13030038050020E8040020340500203E
:102E2000E805002004ED00E0B8050020E9040020DA
:102E300010B5074C0749204608F05CFD0821212009
:102E400005F03CFB01220449204608F0BFFD10BDFF
:102E50009C1303007C130300E904002008B5012241
:102E60000249034808F0B2FD08BD00BFE904002094
:102E70009C13030010B582B00C4601A9314808F03C
:102E8000AEFD022808D001A92E4808F0A8FD0122B5
:102E90002D492C4808F09AFD5CB92C4B1B78A3B93E
:102EA000294B1B780F2B06D001222749254808F013
:102EB0009FFD02B010BD0122244B1A700022244B4A
:102EC0001A700F22234B1A70EEE7012BECD1204A27
:102ED00013780133DBB213701B4A11781D4AD154A9
:102EE000172BE1D90022194B1A701A4B1B7E002BAD
:102EF000DAD1194C23780133237009F08BFF154B7D
:102F0000224603F1170013F8011F02F8011F834244
:102F1000F9D109F08FFF11490F4B0B60002302AA72
:102F200042F8083D0E48006808F048FF009B002B5F
:102F3000BAD04FF080520B4B1A60BFF34F8FBFF3E4
:102F40006F8FB1E7C4130300790500209A050020B4
:102F500099050020800500209C0500207C050020AC
:102F6000EC05002004ED00E010B5074C07492046B1
:102F700008F0C0FC0221232005F0A0FA0122044938
:102F8000204608F023FD10BDC4130300A413030062
:102F90007905002000B583B000230D4A01210D48BA
:102FA00002F0AEFB0021084602F0B8FBFEF72EFF50
:102FB000094B01930423009300234FF40072074947
:102FC000074809F009F909F057FA03B05DF804FB66
:102FD000480000208C04FE1F00060020CC130300D4
:102FE0008D31020010B582B01F4B01930424009470
:102FF00000234FF400721D491D4809F0EDF81D4BE8
:103000000193009400234FF400721B491B4809F000
:10301000E3F81B4B0193009400234FF4007219490D
:10302000194809F0D9F8194B0193009400234FF483
:1030300000721749174809F0CFF8174B0193009415
:1030400000234FF400721549154809F0C5F8154BD7
:103050000193009400234FF400721349134809F0C0
:10306000BBF802B010BD00BF0C060020D413030053
:103070002D3C020010060020E01303006D3C02000E
:1030800008060020EC13030021380200FC05002094
:10309000F8130300C13402000406002004140300E6
:1030A0002D370200F805002010140300F93102004A
:1030B00008B500220421032008F0C8FD244B186045
:1030C00000220421032008F0C1FD224B18600022D9
:1030D0000421032008F0BAFD1F4B186000220421D0
:1030E000032008F0B3FD1D4B1860002204210320CB
:1030F00008F0ACFD1A4B186000220421032008F0F0
:10310000A5FD184B186000220421032008F09EFD45
:10311000154B186000220421032008F097FD134B83
:10312000186000220421032008F090FD104B186065
:1031300000220421032008F089FD0E4B18600022B4
:103140000421032008F082FD0B4B186008BD00BF6E
:10315000D0050020D4050020D8050020DC05002083
:10316000E0050020E4050020E8050020EC05002033
:10317000F0050020F4050020CC05002008B508F07B
:1031800040FC014B186008BDB405002008B509F0EB
:1031900041FEFDF7B1FEFDF7D1FFFEF753F9FEF753
:1031A0000FFAFFF745FEFFF7DFFEFFF7CFFBFFF754
:1031B000C3FCFFF777FDFFF713F9FEF7B9FCFEF745
:1031C0003DFAFFF73DFBFEF729FDFFF70BFFFFF789
:1031D0006FFFFFF7D3FF034B186809F0E7F809F01A
:1031E00029FE08BD0006002008B50221014807F0AD
:1031F00006FC08BDC0F00F402DE9F04F2DED028B0D
:1032000085B00023039309F075F903900124A24FC0
:10321000A24D05F11009A24EDFF8A0829FEDA18A10
:1032200061E03A682B461068516803C3114651F8B3
:10323000080F496803C3114651F8100F496803C3CA
:10324000114651F8180F496803C3114651F8200F71
:10325000496803C352F8280F516803C34BE0924BEF
:103260001A68924B116819605168596091689960A9
:10327000D168D96011691961516959619169996180
:10328000D169D961116A1962526A5A623BE04946B2
:103290002020FFF721FC05F120012120FFF71CFC75
:1032A00005F1280140F26940FFF716FC33E005F113
:1032B00018011020FFF710FC36E005F1080140F678
:1032C000EF10FFF711FB39E00134A4B242F21073A2
:1032D0009C4288BF01240A2103A809F011FA744A0C
:1032E000537C0133537400223946724B186808F03E
:1032F000DDFD012895D000226B496F4B186808F05E
:10330000D5FD0128ABD0294640F6EF00FFF7ECFAD7
:1033100014F0010FBBD0A6FB04239B0803EB83032F
:10332000E31A9BB2002BC2D0A6FB0423DB0803EBFD
:103330008303A4EB43039BB2002BBED0A8FB042362
:103340001B09322202FB13439BB2002BBCD1DFF8D6
:103350005CA1DAED007A67EE887AFDEEE77A17EE87
:10336000903A1BB21A128DF804208DF80530DAED70
:10337000017A67EE887AFDEEE77A17EE903A1BB293
:103380001A128DF806208DF80730DAED027A67EE12
:10339000887AFDEEE77A17EE903A1BB21A128DF892
:1033A00008208DF80930DAED097A67EE887AFDEEAB
:1033B000E77A17EE903A1BB21A128DF80A208DF8B0
:1033C0000B3001A9BA20FFF78FFADAED037A67EE26
:1033D000887AFDEEE77A17EE903A1BB21A128DF852
:1033E00004208DF80530DAED047A67EE887AFDEE78
:1033F000E77A17EE903A1BB21A128DF806208DF874
:103400000730DAED057A67EE887AFDEEE77A17EE97
:10341000903A1BB21A128DF808208DF809304FF03F
:10342000000B8DF80AB08DF80BB001A9BB20FFF797
:103430005BFADAED077A67EE887AFDEEE77A17EE47
:10344000903A1BB21A128DF804208DF80530DAED8F
:10345000067A67EE887AFDEEE77A17EE903A1BB2AD
:103460001A128DF806208DF80730DAED087A67EE2B
:10347000887AFDEEE77A17EE903A1BB21A128DF8B1
:1034800008208DF809308DF80AB08DF80BB001A92D
:10349000BC20FFF729FA17E7740600201C0600205D
:1034A000CDCCCCCC0000C842780600204C060020D1
:1034B000B8050020DC050020CC0500201F85EB515D
:1034C0002DE98848DFF85882DFF858920024734DC0
:1034D000734F07F1040A8AE0D8F800602B46306881
:1034E0007168B26807C356F80C0F716803C387E0B0
:1034F0006C4B1E6833883B8073887B803346D44690
:1035000053F8040F59689A68DB68ACE80F00337D04
:103510003B75334653F8162FC7F816209B887B83DC
:10352000334653F81C0FF8619B883B8456F8223FC2
:10353000C7F82230B388FB846BE022465A495B4BC4
:10354000186808F0B3FC5A4B1B78002B00F0A080E1
:103550003A88584E3280584BDA81AA891A80EA8913
:103560005A802A8A9A802A88DA806A881A81AA88E8
:103570005A81EA889A8109F0D5FE504A504913468B
:103580000868496803C34F490868496803C34E493E
:103590000868496803C34D490868496803C34C4932
:1035A0000868496803C34B490868496803C3DFF8E2
:1035B00078B1494B19788BF800105B788BF80130A3
:1035C00046490A60234622464548006808F064FBE5
:1035D0004449C1F800B0234622464348006808F039
:1035E0005BFBF37B0133F3730A2009F0B7F8224643
:1035F0004146D9F8000008F059FC01283FF46CAFAF
:1036000022462849394B186808F050FC01283FF43D
:103610006FAF22463649374B186808F047FC224600
:103620003549364B186808F041FC22463449354B81
:10363000186808F03BFC01287FF47FAF304B1B6813
:10364000314A186859681060516030491A4652F87A
:10365000080F526808604A602D491A4652F8100F48
:10366000526808604A602B491A4652F8180F52688F
:1036700008604A6028491A4652F8200F52680860CC
:103680004A60264A53F8281F5B681160536054E76C
:103690000122074B1A700CF079FB59E7AC060020A9
:1036A000C006002000070020F4060020D8050020F6
:1036B0000C070020B8050020E4D700207C0600207D
:1036C000A8D70020B0D7002094D70020C8D700206A
:1036D00084D70020B8D70020F4D70020F8060020B7
:1036E000DC05002008070020E0050020F40500208C
:1036F00004070020EC050020EC060020D005002087
:10370000F0060020D40500209CD7002004D800201B
:10371000D0D70020D8D700208CD70020C0D70020D9
:10372000FC060020F0050020E806002080B5234FAD
:10373000DFF8A090224E234D234CDFF89C8023E03D
:103740003B681A7832709A782A705A781F4B1A7030
:1037500022E0A0701D4B19786170FEF74DFAFEF75C
:1037600059FEFDF737FFFFF77DF8FEF71BFBFDF76E
:1037700051FF0121404607F044F9154A137C0133FB
:103780001374C82008F0EAFF00223946D9F8000077
:1037900008F08CFB0128D3D030782378834202D004
:1037A0002070FEF705FC2878A3788342D1D1627897
:1037B000064B1B789A42CCD1D1E700BF18070020F6
:1037C0001C0700201407002010070020130700200A
:1037D000B8050020E0050020C0F00F40DFED0B7AB7
:1037E00060EEA70A30EE800ADFED097AB4EEE70A50
:1037F000F1EE10FAC4BFDFED077A30EE670A20EE73
:10380000010ADFED057A20EE270A704700008043A9
:1038100000FEFF4600FF7F47000000380000000068
:103820002DE980488BB04FF0000BDFF86C92DA4640
:10383000DFED97AA8DE1974B19680B4613F8010B42
:103840004A4602F8010B41311E685D689C68D868E1
:10385000166055609460D060103310328B42F3D103
:10386000FFF7FCFA84E109EB050205F10A0609EB12
:10387000060012F8013F1C44E4B28242F9D14E44E2
:103880007378A34229D00A35EDB20135EDB2232D6C
:1038900000F20481294609EB05035B78552BF4D12E
:1038A00009EB05039B78532BDDD0522B4CD0512BC9
:1038B000EBD109EB050205F10A0609EB060012F847
:1038C000013F1C44E4B29042F9D14E447378A342C4
:1038D00000F084800A35EDB2D7E709EB01063379B1
:1038E00000EE903AF37800EE103AB0EE481AF8EE97
:1038F000600AB8EE400AFFF771FFB0EE40AAB37954
:1039000000EE903A737900EE103AB0EE481AF8EEF5
:10391000600AB8EE400AFFF761FFF0EE409A337A92
:1039200000EE903AF37900EE103AB0EE481AF8EE55
:10393000600AB8EE400AFFF751FFB0EE409A0197D7
:10394000009B029398469EE709EB050205F10A06E3
:1039500009EB060012F8013F1C44E4B28242F9D19F
:103960004E447378A34202D00A35EDB28DE709EBDD
:103970000106337900EE903AF37800EE103AB0EE9B
:10398000681AF8EE600AB8EE400AFFF727FFB0EEBB
:1039900040CAB37900EE903A737900EE103AB0EE77
:1039A000681AF8EE600AB8EE400AFFF717FFF0EE6B
:1039B00040BA337A00EE903AF37900EE103AB0EE66
:1039C000681AF8EE600AB8EE400AFFF707FFB0EE9B
:1039D00040BA0597009B04930393C5E709EB0106E2
:1039E000337900EE903AF37800EE103AB0EE6A1AAE
:1039F000F8EE600AB8EE400AFFF7F0FEB0EE40EADB
:103A0000B37900EE903A737900EE103AB0EE6A1A8C
:103A1000F8EE600AB8EE400AFFF7E0FEF0EE40DA9A
:103A2000337A00EE903AF37900EE103AB0EE6A1A6B
:103A3000F8EE600AB8EE400AFFF7D0FEB0EE40DACA
:103A4000B37A00EE903A737A00EE103AB0EE6E1A46
:103A5000F8EE600AB8EE400AFFF7C0FE10EE100A5A
:103A6000FCF760FE08A3D3E90023FCF7FDFCFDF79B
:103A7000A9F90CEE900A0997009B08930793069307
:103A800028E700BFAFF30080A4703D0AD74342404F
:103A9000CDCC1C43BC07002048070020B8F1000F24
:103AA00040F09980029B13B1534BC3ED079A019BE1
:103AB00013B1514B83ED089A069B13B14E4B83ED26
:103AC00000EA079B13B14C4BC3ED01DA089B13B11D
:103AD000494B83ED02DA099B13B1474BC3ED09CA89
:103AE000039B13B1444B83ED03CA049B13B1424BB8
:103AF000C3ED04BA059B13B13F4B83ED05BA3F4BB1
:103B00003D4A116819605168596091689960D1689F
:103B1000D960116919615169596191699961D169D6
:103B2000D961116A1962526A5A6235490B605B4663
:103B30005A463448006808F0AFF8334B1B78012B25
:103B40004DD0324A937B013393734FF4FA7008F0EF
:103B500005FE5A462E492F4B186808F0A7F95A4619
:103B60002D492E4B186808F0A1F901283FF463AEE7
:103B7000214B93ED00EAD3ED01DA93ED02DAD3EDB8
:103B800009CA93ED03CAD3ED04BA93ED05BA93EDD8
:103B900006AAD3ED079A93ED089ACDF814B0CDF8A4
:103BA00010A0CDF80CA0CDF824A0CDF820A0CDF821
:103BB0001CA0CDF818A0CDF804A0CDF808A0D046E0
:103BC00054465546DFED16EA01270097DFED158ACA
:103BD0009FED158A5EE6084B83ED06AA62E70D4B62
:103BE000186808F0EBF9084C20710C4B186808F0C5
:103BF000E5F96071A5E700BF8C07002020070020D1
:103C0000B4070020CC05002014060020B8050020D1
:103C1000B8070020E4050020BC070020E8050020CC
:103C20008FC2C0420000FA440000344308B50B4C78
:103C30000B4E0C4DFDF778F9FDF78AFA266000234C
:103C40001A462146286808F027F8074A137B0133F3
:103C50001373052008F082FDECE700BFFC0700208D
:103C6000C0070020F0050020B805002008B50C4C66
:103C70000C4E0D4DFEF7ECF8FDF7F4FBFDF7FCFCE8
:103C8000266000231A462146286808F005F8074AEE
:103C9000537B01335373642008F060FDEAE700BFF3
:103CA00000080020D4070020F4050020B8050020FB
:103CB0004FF0E023D3F8882D42F47002C3F8882D2A
:103CC000D3F8342F22F08042C3F8342F084B094A2E
:103CD0005A605A6842F220121A604FF6FF729A60D8
:103CE000054AD2F8003843F4F803C2F800387047A8
:103CF0000020054020C528D900D000404FF0E02129
:103D0000D1F80C2D92B2024B1343C1F80C3D704711
:103D10000400FA05264B274A9A4208D01346244845
:103D2000254A13F8011B02F8011B9842F9D1234BD5
:103D3000234A9A4208D013462048224A13F8011B0E
:103D400002F8011B8342F9D11F4B204A9A4206D048
:103D5000134600211C4A03F8011B9342FBD11C4B64
:103D60001C4A9A4208D0134619481B4A13F8011BF3
:103D700002F8011B8342F9D1184B194A9A4212D01A
:103D800010B4184CA40808D01946002351F8040BAD
:103D900042F8040B0133A342F8D1134B104A1A60C6
:103DA0005DF8044B7047104B0C4A1A60704700BF17
:103DB000B0260300481A03000004FE1FE826030093
:103DC000B02603006810FE1F50DA0020000000201B
:103DD000E8260300E826030000000020000002009F
:103DE0000000FE1F0004000008ED00E00023037047
:103DF0000C2242708370C370037143718371C3716D
:103E0000037243728372704770B584B006460D46E4
:103E10005D4B53F820404C238DF80C304D238DF82A
:103E20000D3004A9002341F8083D04AB034413F806
:103E3000040C01F0E7FC2B78029ADA400292226C23
:103E400022F060025B0103F06003134323646B788C
:103E5000002B08BF0123626C22F0FF02134363644E
:103E6000226C22F00C02AB789B0003F00C0313438E
:103E70002364226C22F00302EB7803F00303134364
:103E80002364D4F8902022F040022B799B0103F0A8
:103E900040031343C4F890306B79302200924FF402
:103EA00040520192394A926904A901EB860151F806
:103EB000101C22EA0102002E43D0012E4FD0334BBA
:103EC0009A61AA79012100914FF4807101919B6957
:103ED00004A901EB860151F8101C23EA0103002E0E
:103EE00039D0012E45D0294A9361D4F8903023F07F
:103EF0000403EA79002A14BF042200221343C4F801
:103F00009030D4F8902022F003022B7A03F00303C0
:103F10001343C4F89030D4F8943023F008036A7A3D
:103F2000002A14BF082200221343C4F8943036B983
:103F3000AB7A1BBB154A536823F40023536004B0CB
:103F400070BD1B0103F03003134310498B61AA7944
:103F50008B6923F0010302F001021343C3E71B0343
:103F600003F44053134309498B61AA798B6923F405
:103F70008073120202F480721343B4E7034A536859
:103F800043F400235360DAE7201403000080044068
:103F900030B4144B53F8200053881478A3F57062A2
:103FA00092B2052A0BD8104A556825F4E0255560D1
:103FB00055681B0403F4E0232B435360152300EBE7
:103FC0008101D1F8082103F03F0322F07F0213435F
:103FD000002C14BF402200221343C1F8083130BC2A
:103FE000704700BF201403000080044082B00E23FD
:103FF00000934FF4606301930C4B9B6902AA02EBA0
:10400000800252F8082C23EA020328B1012808D0C4
:10401000064A936102B07047490001F00E010B435C
:10402000F6E7490201F460610B43F1E700800440C8
:1040300010B582B00446264B53F8201000233F22CF
:1040400041F823200133102BFAD100230B640C22FA
:104050004A64C1F88830C1F88C30C1F89030C1F89A
:104060009430C1F8A0300422C1F8B0203F2003F101
:10407000420241F822000133202BF8D13023009373
:104080004FF440530193134B9A6902A901EB840149
:1040900051F8080C22EA00029A61012200924FF4C2
:1040A000807201929A6951F8081C22EA01029A6111
:1040B00000212046FFF79AFF44B9064B5A6822F4C4
:1040C00000225A605A6822F4E0225A6002B010BD01
:1040D0002014030000800440044B53F82030623168
:1040E00053F82130C3F30B031380704720140300EF
:1040F0002DE9F04782B04F4B53F82040D4F894306C
:10410000C3F38008D4F8947007F00307D4F89060E4
:10411000656CEDB2D4F8943043F00303C4F89430E6
:10412000D4F8943043F00403C4F89430D4F89030B9
:1041300023F04003C4F89030636C23F0FF0343F096
:104140000C0363640023C4F8B430C4F8B830C4F876
:10415000BC30C4F8C030C4F8C430C4F8C830C4F8A7
:10416000CC304C228DF804204D228DF8052002A978
:1041700041F8083DD4F840904FEA591A02AB184470
:1041800010F8040C01F03EFB009B0AF0030A23FA2E
:104190000AFA294A924512D9284A934208D9284A4C
:1041A000934245D9274A934294BF0323002300E05A
:1041B0000123226C22F0600242EA43132364D4F804
:1041C000943043F08003C4F89430D4F8943013F062
:1041D0008003FAD1226C22F0600209F0600949EAFA
:1041E00002022264D4F8942022F00402B8F1000FF5
:1041F00018BF04231343C4F89430D4F8943023F048
:1042000003031F43C4F89470D4F8903023F04003A4
:1042100006F040061E43C4F89060002D08BF01253B
:10422000636C23F0FF031D43656402B0BDE8F087B3
:104230000223BEE72014030040787D0181F0FA02DA
:1042400003E1F50507C2EB0B014B33F91000704792
:104250001C140300074B5B69DBB2042B06D0802BD8
:1042600006D0012B0CBF01200420704702207047AC
:104270000320704700E00740044BD3F8003113F0EF
:10428000807F1ABF024B186800207047004006402C
:104290002408002010B584B00B4600293BD0444AC6
:1042A000D2F8002112F0007F7DD1414AD2F80011EE
:1042B00021F40001C2F800114FF08061C2F8001132
:1042C00000213C4A1160002870D05A7A120202F490
:1042D000E062197A01F007010A433548C0F8042169
:1042E000DA79120102F030029979C90001F008016F
:1042F0000A435979890001F004010A43C0F80821F2
:104300001A79012A29D0E2B1022A32D01A68294B3F
:104310001A60294C3BE000238DF804308DF80C30F6
:1043200001228DF808208DF809208DF805208DF8E0
:10433000063002238DF8073004AB204A43F8102DD5
:10434000ADE71A7B002A14BF4FF40002002242F0AE
:1043500001021749C1F80021D8E71A7B002A14BFCF
:104360004FF40002002242F001121149C1F800216D
:10437000CCE71A7B002A14BF4FF403024FF44032FB
:1043800042F001020A49C1F80021BFE7013CFFF7F2
:1043900073FF18B9002CF9D1032005E0002C14BFDD
:1043A0000020032000E0022004B010BD0020FBE745
:1043B000004006402408002088E7300000127A0000
:1043C000084BD3F8003213F0807F09D0054BD3F8A7
:1043D000083203F00103002B034808BF0020704798
:1043E000002070470040064000127A0010B582B0ED
:1043F0000B46002938D02D4AD2F8002212F0007F57
:104400004FD12A4AD2F8001221F40001C2F800125A
:104410000021C2F80012002846D09A78120202F455
:10442000E062597801F007010A432049C1F80422EB
:104430001A7802F00102C1F8082259799A791B7999
:10444000002B14BF03230123002914BF04210021E2
:104450000B43002A14BF4FF4000200221343134AF7
:10446000C2F80032642410E000238DF804300122E9
:104470008DF805208DF806308DF801208DF802208A
:1044800002AB03F8082DB6E7013CFFF799FF18B916
:10449000002CF9D1032005E0002C14BF00200320DC
:1044A00000E0022002B010BD0020FBE70040064003
:1044B000054BD3F8003313F0807F1DBF024BD3F8B8
:1044C000083302480020704700400640006CDC02C0
:1044D00010B582B00B46002932D0294AD2F8002309
:1044E00012F0007F47D1264AD2F8001321F40001D0
:1044F000C2F800134FF08061C2F8001300283DD0CD
:104500009A78120202F4E062597801F007010A4336
:104510001B49C1F804231A7802F00302C1F80823EA
:104520009A795B79002B14BF01230923002A14BF59
:104530004FF4000200221343C1F8003314240EE0AC
:1045400001238DF8053000228DF806208DF801300A
:104550008DF8023002AB03F8082DBEE7013CFFF7EF
:10456000A7FF18B9002CF9D1032005E0002C14BFD7
:104570000020032000E0022002B010BD0020FBE775
:104580000040064008B50F4BD3F8003613F0807F8B
:1045900002D10023184608BDFFF76EFE034600282F
:1045A000F8D00849D1F80826C2F302220132B0FB44
:1045B000F2F3D1F80826C2F30442103203FB02F3EF
:1045C0005B08E7E70040064010B584B00C4699B19F
:1045D0003D4BD3F8003613F0007F72D13A4BD3F83D
:1045E000002622F40002C3F800264FF08062C3F8D0
:1045F0000026A0B9002065E000238DF804308DF876
:104600000B3001228DF808208DF809208DF8053037
:1046100007228DF806208DF8073001ACD8E7FFF7A8
:104620002BFE63791B0203F4E063227902F0070298
:1046300013432549C1F8043663781B0203F4E06391
:10464000A278120402F4F8121343C1F80836237852
:10465000012B16D04BB1022B1FD04FF47A74FFF709
:1046600091FF48BB34B3013CF9E7E379002B14BF59
:104670004FF40003002343F00103134AC2F800364D
:10468000EBE7E379002B14BF4FF40003002343F062
:1046900001130D4AC2F80036DFE7E379002B14BF9F
:1046A0004FF403034FF4403343F00103064AC2F8CA
:1046B0000036D2E7032005E0002C14BF00200320C1
:1046C00000E0022004B010BD004006402DE9F0419A
:1046D00080460D468C7801344E7806FB04460F78F0
:1046E00007FB0447CB78013B052B1CD8DFE803F020
:1046F0000312151B1B18FFF7BFFD0009B8F1020FCD
:104700004AD0B8F1030F7BD0B8F1010F0DD00020D3
:10471000BDE8F081FFF754FEEFE7FFF7C9FEECE7D5
:10472000FFF730FFE9E70020E7E7EA7802EB420114
:104730005B4B53F821301B0904FB03F4A04200F249
:1047400093800B46564901EB83035B681B0906FB0C
:1047500003F6B04200F28B8002EB420301EB8303CD
:104760009B681B0907FB03F7B84200F28380AB7814
:104770001B0403F47023120602F0706213432A78BC
:1047800002F00F0213436A781201D2B21343454A72
:1047900053610020BDE8F081EA7802EB4201424B10
:1047A00053F821301B0904FB03F4A04265D80B46E3
:1047B0003D4901EB83035B681B0906FB03F6B0422E
:1047C0005ED802EB420301EB83039B681B0907FBE6
:1047D00003F7B84257D8AB781B0403F470231206D2
:1047E00002F0706213432A7802F00F0213436A78D2
:1047F0001201D2B213432B4A93610020BDE8F0812D
:10480000EB7803EB4301294A52F82120120904FBFB
:1048100002F4A0423AD80A46244901EB82025268C7
:10482000120906FB02F6B04233D803EB430201EB58
:1048300082029268120907FB02F7B8422CD8AA78C4
:10484000120402F470221B0603F0706313432A78EB
:1048500002F00F0213436A781201D2B21343114AD5
:10486000D3610020BDE8F0810120BDE8F081012086
:10487000BDE8F0810120BDE8F0810120BDE8F081B4
:104880000120BDE8F0810120BDE8F0810120BDE8F4
:10489000F0810120BDE8F0810120BDE8F08100BF7A
:1048A000341503000040064088150300E01403009F
:1048B00038B50546FFF7CEFC2946FFF707FF04464B
:1048C00058B9E8780A220849013A0B69C3F303632F
:1048D000984204D0002AF7D10324204638BD002A8C
:1048E00008BF0324F9E700BF0040064010B50446A6
:1048F0001B4B1B69C3F30363013B052B1DD8DFE88A
:1049000003F00313161C1C19FFF7B6FC144B1B69AC
:10491000C3F303430133B0FBF3F0012C0FD0ECB130
:10492000022C14D0002010BDFFF74AFDEEE7FFF780
:10493000BFFDEBE7FFF726FEE8E70020E6E7084BC0
:104940001B69C3F303130133B0FBF3F010BD044B39
:104950001B6903F00F030133B0FBF3F010BD00BF80
:104960000040064008B5094BD3F8D801C0F3807069
:1049700038B103F588331B681B0E03D10020FFF705
:10498000B5FF08BD0120FFF7B1FF08BD005006408C
:1049900008B50F4B1B6AC3F30363062B15D8DFE87A
:1049A00003F004080B0E141411000220FFF79EFF01
:1049B00008BDFFF761FC08BDFFF702FD08BDFFF76A
:1049C00077FD08BDFFF7DEFD08BD002008BD00BF74
:1049D0000040064008B541B1012931D0002002460F
:1049E00010B1431E22FA03F008BD0438032852D840
:1049F000DFE800F00B02141DFFF75AFD0246294BB9
:104A0000D3F8040300F00700EAE7FFF7D9FC0246F9
:104A1000244BD3F8040200F00700E1E7FFF72CFC79
:104A20000246204BD3F8040100F00700D8E7FFF757
:104A3000A9FD02461B4BD3F8040600F00700CFE7A0
:104A4000043803282AD8DFE800F00B02141DFFF712
:104A50002FFD0246134BD3F80403C0F30220BFE737
:104A6000FFF7AEFC02460F4BD3F80402C0F302205E
:104A7000B6E7FFF701FC02460A4BD3F80401C0F386
:104A80000220ADE7FFF77EFD0246064BD3F8040691
:104A9000C0F30220A4E700200246A1E7002002465E
:104AA0009EE700BF0040064008B5114B1B69C3F3E9
:104AB0000113032B19D8DFE803F0020710130021BC
:104AC0000620FFF787FF08BD094B186900F00200B8
:104AD000002818BF4FF4FA4008BD064B186808BDFF
:104AE00000210520FFF776FF08BD002008BD00BFAC
:104AF000008004400408002008B50B4B1B6A13F02B
:104B0000806F0FD0094B1B681B0E4FF0000114BFC4
:104B100005200720FFF75EFF044B5B6A0133B0FB03
:104B2000F3F008BD002008BD00800440006007408D
:104B300038B51C4B33F810309B0003F1804303F56C
:104B4000CA231D68C5F3C0051C6804F00704AC4205
:104B500025D31868C0F3807010B31B68C3F30263D9
:104B6000013B052B19D8DFE803F0030C10181814CB
:104B70000620FFF72FFF0134B0FBF4F005FB000027
:104B800038BD0420FFF726FFF5E70520FFF722FFD9
:104B9000F1E70720FFF71EFFEDE70020EBE700201D
:104BA00038BD00BF281403000F4B1B69C3F38103FA
:104BB000022B07D0032B0ED0002B0CBF4FF4FA3082
:104BC00000207047084B186900F00200002818BF49
:104BD0004FF4FA407047044B186900F002000028B7
:104BE00018BF4FF4FA4070470080044008B5304BBE
:104BF0005B6813F4006F58D02D4B5B68C3F303134D
:104C00000F2B09D8DFE803F00A080D08122F171C34
:104C10002025473329362C3E00203EE0FFF7B8FE22
:104C20003BE001210620FFF7D5FE36E001210420FC
:104C3000FFF7D0FE31E001210520FFF7CBFE2CE08D
:104C40000020FFF753FE28E001210720FFF7C2FEF6
:104C500023E00120FFF74AFE1FE0FFF7A5FF1CE05D
:104C6000FFF722FF19E0FFF747FF400815E0FFF7C5
:104C700079FE12E0FFF740FF0E4B1B681B0E0CD0B5
:104C800040080AE00B4B1B681B0E01D1002004E01A
:104C9000FFF732FF01E04FF4FA30054B5B68C3F3D6
:104CA00002230133B0FBF3F008BD002008BD00BFB4
:104CB0000080044000600740F0B5A1B028B304466E
:104CC0000646002800F0FF80644B1B69C3F30363B2
:104CD000032B00F0C980FFF7EBFB002800F0B48045
:104CE00003238DF8073000228DF8062001228DF86D
:104CF000052020A800F87C3DFFF7DAFD05460028D6
:104D000000F0B280284621B0F0BD01238DF80B30B1
:104D100000228DF80C208DF80D308DF80E208DF8C6
:104D200008308DF809308DF80A308DF816308DF87E
:104D300014308DF815208DF80F208DF810308DF877
:104D400011308DF838300D928DF825304449069198
:104D50008DF81C208DF824208DF81D308DF81E2034
:104D600002208DF81F008DF820308DF821308DF84D
:104D700030308DF828208DF82F208DF829200C2137
:104D80008DF82A108DF82B208DF82C308DF82D30D1
:104D90008DF83D3003218DF83C108DF84B308DF8A7
:104DA00041108DF840208DF83F308DF83E308DF861
:104DB00045008DF844308DF843208DF842100620D0
:104DC0008DF849008DF848208DF847308DF8461051
:104DD00024491E9129211D918DF84C308DF84D20CC
:104DE0008DF84E208DF84F208DF850308DF85430CE
:104DF0008DF853308DF852208DF851208DF86830A1
:104E00008DF869308DF86A308DF86B308DF86C3024
:104E10008DF86D308DF873308DF8583017921892E8
:104E200019928DF86E308DF86F308DF870208DF8F6
:104E300071208DF872208DF87C308DF87D308DF8E2
:104E40007E2002AE34463FE700210120FFF740FB01
:104E5000054600287FF456AF42E700BF00400640F9
:104E600000127A000C0FFE1F3146E078FFF7BEFA01
:104E70000546002800F03081FFF7ECF9022800F029
:104E80006581032800F06581012800F03F81002D35
:104E90007FF438AF94F8303013B1E26AAE4B1A6049
:104EA00094F8353053B1AD490A6A22F0706294F833
:104EB00034301B0603F0706313430B6294F84330E5
:104EC000002B40F0B28114F16C0F35D0236F002B12
:104ED00032D0E36E83B30021A148A24D01EB8102E1
:104EE000236F9B5C30F813309B0003F1804303F584
:104EF000CA231E6826F080461E60236F9F189E5CA2
:104F0000BB781B0603F0E063FA78D20002F00802D7
:104F100013433A7902F0070213437A78002A14BF48
:104F20004FF080420022134330F8162045F822301B
:104F30000131E36E9942D1D394F84430C3B194F86F
:104F4000463094F847208849496821F47F6194F8F5
:104F50004500002814BF4FF4006000201B01DBB2A5
:104F6000120202F4E06213430B4303437E4A536090
:104F700094F84830DBB194F84A3094F849207A49E3
:104F8000096921F03F0194F84C00084394F84B1054
:104F9000002914BF022100219B0003F00C030343EE
:104FA000120102F0300213430B436F4A136194F86D
:104FB0006030002B44D06C4B196C21F0010194F847
:104FC00061200A431A641B6C23F0020394F86220E8
:104FD000002A14BF022200221343634A1364136C95
:104FE00023F0040394F86320002A14BF0422002253
:104FF00013435D4A1364136C23F0080394F8642090
:10500000002A14BF082200221343574A1364136C6A
:1050100023F0100394F86520002A14BF1022002208
:105020001343514A1364136A23F0806394F86B208E
:10503000002A14BF4FF08062002213434A4A1362D1
:1050400094F8503033B1494B626D1A60A26D5A60CA
:10505000E26D9A6094F86630EBB1434A936E00209B
:105060009066516821F4805194F868301B0303F472
:1050700080530B435360906694F867305BB194F8AB
:1050800069305B0003F00E0394F86A2042F080520E
:105090001343354A936694F87430002B00F0E18096
:1050A00033498B7803F07F0394F8752082F0010276
:1050B00043EAC213DBB28B7094F97630002BBCBF8D
:1050C00020335BB22A490A7903F01F0302F0E002A1
:1050D00013430B71002515E604F11001607FFFF703
:1050E000D9F8054600287FF4C7AE04F1200194F8F2
:1050F0002800FFF769FA0546FFF7ACF8022825D02B
:10510000032826D0012801D0002601E004F136064C
:10511000002D7FF4BCAEF378032B2BD08DF8073035
:10512000B3788DF8063073788DF80530337820A881
:1051300000F87C3DFFF7BCFB054600287FF4A7AED6
:10514000E11DA07BFFF7C4F90546A0E604F13A068D
:10515000DEE704F13E06DBE70408002000400640DD
:105160002814030000500640008004400808002076
:1051700000D0074094F828300BBB637F93BBE378E3
:10518000002B42D10125002D7FF481AEE11DA07BD3
:10519000FFF79EF9054600287FF479AEF3788DF885
:1051A0000730B3788DF8063073788DF80530337892
:1051B00020A800F87C3DFFF77BFB054667E6062349
:1051C0008DF8073002238DF8063001238DF8053065
:1051D00020A800F87C3DFFF76BFB0546637F7BB1A1
:1051E0000128D0D101238DF8073000228DF8062048
:1051F0008DF8053020A800F87C3DFFF759FB0546E7
:10520000E378002BBFD0012DBDD102238DF80730EC
:1052100000238DF806308DF8053020A8012300F812
:105220007C3DFFF745FB0546ADE704F13601012063
:10523000FFF74CFA054600287FF464AD04F13A010B
:105240000220FFF743FA054600287FF45BAD04F126
:105250003E010320FFF73AFA054600287FF452ADDD
:1052600031E600254EE500BF70B504460D46112815
:1052700007D92B2840F285805A2840F2D08104209B
:1052800070BD11287AD8DFE800F00913191F24290E
:105290002E33383C41484F565D646B720020FFF757
:1052A00025FB03460020002D00F020822B6070BDFE
:1052B0000120FFF71BFB03460020F4E70220FFF765
:1052C00015FB03460020EEE7FFF790FC03460020A5
:1052D000E9E7FFF775F803460020E4E7FFF7E8F891
:1052E00003460020DFE7FEF7C7FF03460020DAE7AA
:1052F000FFF748F903460020D5E7B44B1B680020B0
:10530000D1E7FFF745FB03460020CCE7002104204E
:10531000FFF760FB03460020C5E701210420FFF7EB
:1053200059FB03460020BEE700210520FFF752FB92
:1053300003460020B7E701210520FFF74BFB03469A
:105340000020B0E700210620FFF744FB03460020C1
:10535000A9E701210620FFF73DFB03460020A2E755
:1053600000210720FFF736FB034600209BE70121C1
:105370000720FFF72FFB0346002094E700230420BB
:1053800091E7A0F11504162C00F20181DFE814F07A
:10539000170023002F003B00460052005E006A0009
:1053A00076007F00840090009D00AA00B300BC003E
:1053B000C500CE00D700DF00E400E900F300844B15
:1053C000DB68C3F30163022B00F2E480814A52F8E8
:1053D0002330002056E07E4BDB68C3F38163022B51
:1053E00000F2DB807B4A52F8233000204AE0784B01
:1053F000DB68C3F30173022B00F2D280754A52F8C6
:10540000233000203EE0724BDB689B0F022B00F242
:10541000CA80704A52F82330002033E06C4BDB68BE
:10542000C3F30143022B00F2C1806A4A52F82330D1
:10543000002027E0664BDB68C3F38143022B00F2B8
:10544000B880644A52F8233000201BE0604BDB68D0
:10545000C3F30153022B00F2AF805E4A52F82330AF
:1054600000200FE05A4BDB68C3F38153022B00F29C
:10547000A680584A52F82330002003E0FFF7B6FB1D
:1054800003460020002D00F031812B6070BDFFF736
:105490000BFB03460020F5E74F4B9B78DB0902D05E
:1054A00000231846EEE7FFF77FFB03460020E9E7FD
:1054B000494B9B78DB0940F08580454B1B6913F015
:1054C000010340F08D800020DCE7434B9B78DB0933
:1054D00040F08A803E4B1B6913F0020340F0878046
:1054E0000020CFE73C4B9B78DB0940F084804FF4F1
:1054F000FA330020C6E7364B1B6CC3F30013002BB6
:105500007CD14FF48070BDE7314B1B6CC3F3C003FB
:10551000002B76D14FF48070B4E72D4B1B6CC3F396
:105520008003002B70D14FF48070ABE7284B1B6CCD
:10553000C3F34003002B6AD14FF48070A2E7244BE1
:105540001B6C13F0010365D14FF480709AE7FFF7ED
:10555000D3FA4308002095E7FFF704FA034600203A
:1055600090E7FFF7C9FA03461C4A1268120E54D09E
:105570004308002086E7194B1B681B0E02D100234D
:1055800018467FE7FFF7B8FA034600207AE70023C2
:10559000042077E70023184674E70023184671E7D4
:1055A000002318466EE7002318466BE700231846D1
:1055B00068E70023184665E70023184662E70023E2
:1055C00018465FE7002318465CE700BF0408002088
:1055D000008004400808002000D007400060074019
:1055E0004FF47A7300204DE7002318464AE74FF442
:1055F000FA43002046E70023184643E700231846F5
:1056000040E7002318463DE7002318463AE7002309
:10561000184637E70023184634E7002032E72C28E5
:1056200005D804200023002D60D02B6070BDA0F1B0
:105630003903DBB2122B07D82D4A22FA03F313F0F9
:10564000010F18BF0420EDD15A2C4DD0294B33F84F
:105650001420294B53F8223013F0804F33D14FF4EC
:105660008070DFE70120FFF741F9B8BB00234FF45A
:105670008070D8E70020FFF739F90028F6D02DE038
:105680000220FFF733F90028F0D027E016F0080FCA
:1056900006D116F0100F0BD100234FF48070C2E733
:1056A00000212046FFF744FA034616F0100F04D0FD
:1056B00001212046FFF73CFA0346002B14BF0020CF
:1056C0004FF48070AFE70D4B1E5D16F0200FC9D16F
:1056D00016F0400FCED116F0800FD1D116F0180F72
:1056E000D4D1002318469EE704209BE770BD00BF7D
:1056F000410104002814030000500640DC1503009B
:1057000010B4054C20602171A260237363730020E4
:105710005DF8044B704700BF14080020F0B583B05B
:1057200007460E468DF804008DF8051002F0BEFE07
:10573000334B1C7B5C7301238DF80630002C4AD060
:1057400000242F4D04E00134E4B22B7BA34242D964
:10575000AB6853F82430002BF5D01A79022AF2D026
:105760001A68996801A890470028ECD06C73002E45
:10577000E9D140F2031500238DF80630A400204E35
:1057800020E00134E4B23B7BA34212D9BB6853F85A
:105790002430002BF5D01A79012AF2D01A689968C2
:1057A00001A890470028ECD07C73002EE9D14FF47B
:1057B000827502F06DFE284603B0F0BD043C14F182
:1057C000040FF6D0B3681B59002BF7D01A689968FC
:1057D00001A89047F2E70A4D2B6853F82700FFF71E
:1057E0006BFA6F7105460028C5D102238DF806308B
:1057F000034B1B7B002BDCD00024014FC6E700BF0E
:105800001408002008B5FFF72FFD08BD10B4064BA3
:105810001B6853F82040616053F820309A600020E4
:105820005DF8044B704700BF2808002008B5084BFE
:105830001B6853F8203000F00F00064A1077D0772D
:1058400023B15A6812B1197B9868904708BD00BF10
:10585000280800200080004038B5054600F00F04FD
:1058600000222146094800F06FF9094B1B6853F8E4
:10587000253053B1054A1477D477947701221A73EF
:105880005A6812B1197B9868904738BD0080004073
:10589000280800202DE9F04F87B09DF84070119D39
:1058A0000124BC405FFA84FCB5FBFCF60CFB1656E9
:1058B000002E14BF4FF0010A4FF0000A03D05046EB
:1058C00007B0BDE8F08F059304920391804600F085
:1058D0000F06DFF800913146484600F03AF9D9F852
:1058E000003023F08003C9F80030730103F18042D7
:1058F00002F5004B02F51042049810604B4441F24F
:105900001002059898500197009700231A463146D7
:10591000484600F043F9039B032B12D8DFE803F05D
:10592000022D3D4C002241F204032BF8032064B207
:10593000A4B2730103F1804303F5004341F2140262
:105940009C52244C2A463146204600F03FF9012261
:105950003146204600F068F904EB461641F21C027D
:10596000B35A1BB243F002039BB2B3521A4B1B68EB
:1059700053F8283000221A73A1E764B2A4B241F2AE
:1059800004032BF80340730103F1804303F5004344
:10599000002141F214029952D3E764B2A4B241F259
:1059A00004032BF80340730103F1804303F5004324
:1059B00041F214029C52C4E7002241F204032BF886
:1059C0000320730103F1804303F5004341F2140106
:1059D0005A52B6E7008000402808002070B582B017
:1059E0000446079D01959DF818500095FFF752FF5A
:1059F000054610B1284602B070BD04F00F040F4EEA
:105A0000089A2146304600F00FF906EB441641F2A1
:105A10001C03F35A23F008031B041B0C9DF82420DD
:105A2000002A14BF082200221343640104F18044B9
:105A300004F5004441F21C02A352DBE70080004061
:105A400008B5012200F00F01024800F07DF80020A7
:105A500008BD00BF0080004008B5002200F00F0123
:105A6000024800F071F8002008BD00BF008000402F
:105A700010B40F4B1C5C04F07F041C541C5C01F040
:105A80003F0104F0C004214319541B5C03F0BF0321
:105A9000002A14BF402200221A43054B1A541A5CF4
:105AA00042F080021A5400205DF8044B704700BF9A
:105AB0000010024000F00F00400100F1804000F5AE
:105AC000004041F20C03C150704700F00F0040014C
:105AD00000F1804000F5004041F21003C1507047D2
:105AE00008B50A4600F00F01014800F09DF808BD16
:105AF0000080004008B500F00F01024800F0C3F834
:105B000008BD00BF0080004000F00F00430103F11A
:105B1000804303F5004341F21C029B5A23F0080323
:105B20001B041B0C002914BF082200221343400150
:105B300000F1804000F5004041F21C0283527047A2
:105B400000487047008000400AB981767047C176EE
:105B5000704700EB4111002341F208028B5001F520
:105B60008052136041F204028B5241F206028B52C2
:105B700041F20C028B5041F210028B5041F21402A0
:105B80008B5241F216028B5241F218028B5041F2B5
:105B90001C028B5241F21E028B52704710B4DB0084
:105BA000DCB29DF8083003F00703234343EAC22325
:105BB0009DF80420120202F4E06213439BB280318C
:105BC00000EB4111CB805DF8044B7047036813F084
:105BD000800F13D010B400EB411341F208041B599D
:105BE000002B11DB00EB41131B5913F0804F0BD13D
:105BF00022F0404200EB4110025112E000EB411054
:105C000041F20803C250704700EB411041F2080115
:105C1000435823F47F7323F00303C2F309021A43AA
:105C200042505DF8044B704710B400EB411441F250
:105C30001E03E35A13F4004F14D100EB411141F25B
:105C40001E000B5AC2F30E0203F4004313430B521F
:105C500041F216000B5A03F400431A430A525DF84E
:105C6000044B704741F21E00235AC2F3080203F4AA
:105C70007E431343235241F21600235A03F47E431A
:105C80001A432252EBE700EB411241F21E03D35AB2
:105C900013F4004F07D100EB411041F21603C05A34
:105CA000C0F30E00704741F21603D05AC0F308004B
:105CB000704708B50020FFF7B9FD08BD08B5012001
:105CC000FFF7B4FD08BD08B50220FFF7AFFD08BD22
:105CD00008B50320FFF7AAFD08BD08B50420FFF7AB
:105CE000A5FD08BD08B50520FFF7A0FD08BD08B556
:105CF0000620FFF79BFD08BD08B50720FFF796FDBE
:105D000008BD08B50820FFF791FD08BD08B50920BA
:105D1000FFF78CFD08BD08B50A20FFF787FD08BD19
:105D200008B50B20FFF782FD08BD08B50C20FFF772
:105D30007DFD08BD08B50D20FFF778FD08BD08B54D
:105D40000E20FFF773FD08BD08B50F20FFF76EFDAD
:105D500008BD38B50020FFF7F3FEC56A002404E053
:105D60006D080134E4B2102C06D015F0010FF7D005
:105D70002046FFF771FDF3E738BD000029B9064A58
:105D8000536A23F00C0353627047034A536A43F08B
:105D90000C035362704700BF0090074008B5094BE1
:105DA0005B6813F0406F0BD0074B53F820305B69F2
:105DB00013B10022012198474FF04062014B5A6015
:105DC00008BD00BF009007402C08002008B5094B13
:105DD0005B6813F0407F0BD0074B53F820305B69B2
:105DE00013B10022114698474FF04072014B5A60A0
:105DF00008BD00BF009007402C08002008B50B4BE1
:105E00005A680B4B1A4210D00A4B53F820305B698A
:105E100013B1002202219847044A536823F01F431C
:105E200023F400039B0C9B04536008BD00900740C3
:105E300000007C602C0800200C4B5B6813F4003FD2
:105E400000D1704710B504460021FFF797FF084BBB
:105E500053F824305B691BB1002203212046984788
:105E60004FF40032014B5A6010BD00BF0090074054
:105E70002C08002008B50A4B5B6813F4004F0DD0C6
:105E8000084B53F820309B6923B1054AD2F8041619
:105E9000C9B298474FF40042014B5A6008BD00BF99
:105EA000009007402C08002008B50020FFF776FF7F
:105EB00008BD08B50020FFF789FF08BD08B5002020
:105EC000FFF79CFF08BD08B50020FFF7B5FF08BD30
:105ED00008B50020FFF7CEFF08BD000003680B6087
:105EE00043684B6083688B60C3680B6103698B6197
:105EF0002D4BDB6CC3F303330F2B4FD8DFE803F0DC
:105F0000080F13171B22262A2E32363A3E42464AE3
:105F10004FF40023CB6000234B61002070474FF00B
:105F2000FF33CB60F7E74FF0FF33CB60F3E74FF081
:105F3000FF33CB60EFE74FF4E023CB604FF48053A7
:105F40004B61EAE74FF0FF33CB60E4E74FF0FF33FC
:105F5000CB60E0E74FF0FF33CB60DCE74FF0FF337F
:105F6000CB60D8E74FF0FF33CB60D4E74FF0FF337F
:105F7000CB60D0E74FF0FF33CB60CCE74FF0FF337F
:105F8000CB60C8E74FF0FF33CB60C4E74FF0FF337F
:105F9000CB60C0E74FF40023CB60BCE7CB68B3F520
:105FA000002FCBD3B7E700BF008004402DE9F843B2
:105FB0000646174684688C4211D8C3682344994228
:105FC0000DD201F500010C1BC7F30B00003018BF08
:105FD0000120194D4FF070094FF009081BE034689B
:105FE000A14223D373682344994222D20C1BEBE7CE
:105FF00085F8009085F80780C4F30743AB71C4F3BC
:1060000007236B71E3B22B7130460BF019FDA7F536
:10601000805704F580543FB120B92B7813F0800FDE
:10602000E6D10220BDE8F883BDE8F8830120BDE891
:10603000F8830120BDE8F8830000024038B5846889
:106040008C420DD8C5682544A94209D201F500014A
:10605000091B144C247814F0800F0AD1022038BD9B
:106060000468A1421AD345682544A94218D2091BE5
:10607000EFE70C4C702525700125E571C1F307454C
:10608000A571C1F307256571C9B22171110AE172C9
:10609000D2B2A27263720BF0D3FC38BD012038BDBE
:1060A000012038BD0000024012F0070F4ED12DE94B
:1060B000F04781460C46154682688A4208D8C16876
:1060C00011448C4204D204F50004A41A00200CE010
:1060D000D9F80020944207D3D9F8041011448C4217
:1060E00013D2A41A002000E001205E1EDFF86C80AD
:1060F0004FF0700A174F5DB350BB98F8003013F0A3
:10610000800F04D10220BDE8F0870120EDE788F878
:1061100000A0072388F80730C4F3074388F8063047
:10612000C4F3072388F80530E3B288F80430334617
:10613000094A13F8011F02F8011FBA42F9D1484673
:106140000BF07EFC0834083D0836D4E70120704788
:10615000BDE8F0870F000240070002400000024047
:106160002DE9F04F83B001939DF8349012F0030FA6
:1061700004D00123184603B0BDE8F08F064615464B
:106180008768B94219D3C3683B44994215D201F5D7
:106190000004E41B4FF0000A5346DFF8A880DFF844
:1061A000A8B035B12BB998F8003013F0800F0DD19D
:1061B00002230C9AC2F800A0DCE73768B94235D355
:1061C00073683B44994235D2CC1BE3E7702388F8CF
:1061D0000030022388F80730C4F3074388F80630FC
:1061E000C4F3072388F80530E3B288F8043088F850
:1061F0000B90019B5A1E114B12F8011F03F8011F4F
:106200005B45F9D130460BF01BFC034640B10C4A0C
:10621000944286BFA7F5000AA24407EB040AC0E730
:10622000043D019A043201920434BAE74FF0000AA7
:106230000123BEE74FF0000A0123BAE70B0002403A
:10624000FFFF7F00000002400F0002402DE9F041F7
:1062500086B00C4616469846284B53F82070284BBB
:1062600053F82050284600F087FE844205D34FF4AF
:106270004073184606B0BDE8F08104EB440307EB19
:1062800083031B7A0BB10223F3E71F2C04D804F01D
:106290001F02012393402B6304EB440307EB8303AA
:1062A00002221A729DF834205A72F27A9A72736836
:1062B000049333788DF80C30337A8DF81430737A78
:1062C0008DF81530B37A8DF81630F37A9BB11C2314
:1062D00002930C9B0093434602AA2146284601F0F4
:1062E000B3F803460028C4D004EB440407EB84044D
:1062F00000222272BDE70C230293EAE73008002057
:10630000381603002DE9F0410C4690461F461E4BFF
:1063100053F820501D4B53F82060284600F02CFE07
:10632000844204D34FF440731846BDE8F0812B68D3
:1063300013F0005F09D06B6BC3F303635B0007339B
:106340009C4202D84FF44073EEE704EB440306EBA3
:1063500083031B7A0BB10223E6E704EB44039B00A3
:10636000F11801220A7246F803804F72214628462E
:1063700000F084FF03460028D6D004EB440406EB6B
:10638000840400222272CFE7381603003008002070
:106390002DE9F04383B005460F4690463D4B53F838
:1063A00020603D4B53F8204094F89131012B06D0EA
:1063B000237A13B30223184603B0BDE8F083237A8F
:1063C000DBB2032BF4D1B36A326B134013F0200F0E
:1063D00002D100232372EBE7304600F07AFF01235D
:1063E0003363D6F88C30B36A326B134013F0200F4E
:1063F000F7D1304600F060FFEBE7336813F0005F41
:1064000001D10123D7E74FF0010984F8089084F8FF
:10641000098027604A460621304600F02FFF4A4691
:106420000721304600F02AFF4A460521304600F099
:1064300025FF94F891314B4501D00023BBE72A4654
:10644000164994F89001FFF7E1F918B1002323727F
:106450004B46B0E7236894F8900110220192022184
:10646000009106F18002FFF715FA18B1002323729C
:106470000123A0E7012194F89001FFF745FB94F870
:106480009001FFF7DDFA0346002894D00023237221
:10649000012390E738160300300800204165020010
:1064A00070B50646244B53F8204094F8913113B34D
:1064B000237ADBB2032B30D0256894F89001FFF7E4
:1064C000CBFA2B6813F4001F02D16A68920C6A6041
:1064D000C3F3034385F84830AB681BBAAB60EB6885
:1064E0001BBAEB60D4F88051BDB1234600220821CD
:1064F0003046A84711E0114B53F8205000220521E7
:10650000284600F0BBFE00220621284600F0B6FE19
:1065100000220721284600F0B1FE00232360637AA1
:1065200033B9237ADBB2032B1CBF0023237270BD67
:10653000201D06F01FFEF4E7300800203816030087
:1065400038B50446012903D0E0B2FFF7A9FF38BDF2
:10655000064B53F8203003221A72D3F88051002DD5
:10656000F2D000220921C0B2A847EDE73008002090
:1065700038B50C460E4B53F8205000220D4B53F803
:10658000200000F07BFE04EB440305EB83035B7A01
:1065900033B904EB440405EB84040023237238BDB3
:1065A00004EB440005EB8000043006F0E3FDF0E767
:1065B000300800203816030038B50D46094B53F853
:1065C0002040204600F085FE3DB1236843F480332F
:1065D0002360204600F070FE38BD236823F480332A
:1065E0002360F6E738160300F8B50E4615461F4639
:1065F000414B53F82040204600F06BFE236803F027
:106600007F039D4201D81F2D05D9204600F054FE7E
:106610004FF44070F8BD236813F0005F15D15EB9E8
:10662000364B03EA874705F5087544F82570204680
:1066300000F042FE0020F8BD012EF8D127F060479F
:1066400005F5087544F82570F1E7636BDB0D03F081
:106650001E0307331F2B28BF1F239D4212D8236818
:10666000C3F30123022B2BD0032B39D0012B1BD0DA
:106670003A460021304600F04FFC05F5087544F815
:106680002500D4E73EB91D4B03EA874705F5087599
:1066900044F82570CBE7012EC9D127F0604705F5F6
:1066A000087544F82570C2E73A460121304600F0EB
:1066B00033FC40EA104005F5087544F82500B6E7BC
:1066C0003A460221304600F027FC030C43EA1063EF
:1066D000034343EA102305F5087544F82530A6E77F
:1066E0003A460321304600F017FC05F508754FF0D7
:1066F000FF3344F825309AE7381603000000FC1FEA
:106700002DE9F047814688461746A64B53F82040AE
:106710002368002B05DB204600F0DBFD204600F05F
:1067200056FC62687B7A5B0303F4005322F4005248
:1067300013436360204600F035FC204600F0C9FD9D
:10674000204600F051FC236823F400633A7A002AC3
:1067500040F013812360226D22F00042002314E1F7
:10676000636B23F48053002A14BF4FF4805200223D
:1067700013436363BB79022B03D0236843F40033D4
:1067800023607B79002B40F0B78097F83430012BE1
:1067900000F0BB8097F834301BB9236823F4004322
:1067A0002360F979204600F019FE3968204600F090
:1067B000D5FF0246002840F0F280236813F4006FF2
:1067C00000F0AC80FB6838697E69BD69FA69216DAB
:1067D00001F000412165216D9B029BB2400100F454
:1067E0007870034306F01F0633436F4800EA4555AF
:1067F0002B43120402F4F81213430B4323653B6A44
:10680000786ABE6AFD6A3A6BD4F804CC67490CEA30
:106810000101C4F8041CD4F8041C9B0203F4F843DF
:106820004001C0B2034306F007063343604800EA64
:1068300005552B43120402F4E02213430B43C4F822
:10684000043CB979204600F09AFDBB79032B02D0B5
:10685000204600F031FD574B33F9190010F1800F3D
:1068600001D001F0FBFD544B33F9190001F0F6FDA6
:10687000524B33F9190001F0F1FD514B33F9190076
:1068800010F1800F01D001F0E9FD09F103034C4A3A
:1068900032F9130010F1800F01D001F0DFFD08F193
:1068A000040A5546002426463146284606F08EFC4A
:1068B0000246002851D16E7145F8046C04EB440384
:1068C00008EB83031E7201340C35202CECD197F8B1
:1068D000343088F8913197F8353088F890310023BA
:1068E000C8F88031C8F88431C8F88831C8F88C31CC
:1068F000344B43F8298052E03979204600F0A8FB58
:10690000024600283FF441AF49E0236813F0005FDE
:106910002FD0236843F4004323603BE7FB683869CA
:106920007D69BE69FA69616821F007010904090CF3
:106930006160616803F0070343EA06632D0405F410
:10694000E0252B43C00400F460100343920502F4D9
:10695000400213430B43636073E764B10025504664
:1069600006F03EFC01350AF10C0AA542F7D10122DE
:1069700015E0012213E0012211E043F400632360DB
:10698000226D22F000424FF0004313432365236839
:106990003A7AC3F3C0239A423FF4E2AE0122104692
:1069A000BDE8F087381603000000E07F188308C0B8
:1069B0000000F03F601603004C160300441603006D
:1069C000541603003008002010B586B00D4C54F862
:1069D00020005468049414788DF80C40947A8DF853
:1069E0001640147A8DF81440527A8DF8152006AAB4
:1069F000082442F8104D0024009400F025FD06B054
:106A000010BD00BF3816030070B582B00E460A4CA8
:106A100054F8205000240194069C0094FFF716FCC3
:106A2000034610B1184602B070BD01223146284617
:106A300000F024FC0346F5E73816030070B584B077
:106A40000D461E46164C54F82040506802901078AF
:106A50008DF80400127A8DF80C2004AA0F2042F859
:106A6000100D204600F0C6FD034610B1184604B0D4
:106A700070BD04AA002342F8103D33462946204643
:106A800000F0B8FD03460028F0D104AA042342F820
:106A9000103D33462946204600F0ACFD0346E5E7AD
:106AA0003816030070B50D461646074B53F82040C4
:106AB000204600F00EFC32462946204600F0F2FA4D
:106AC000204600F0F9FB70BD3816030008B500231E
:106AD000FFF718FC08BD08B50022FFF759FC08BDF8
:106AE00010B5074B53F82040064B53F82020D2F83E
:106AF00088310BB10A219847204600F00BFC10BDED
:106B00003816030030080020F8B5184B53F8204021
:106B1000236813F4804F28D00546154B53F82060A6
:106B2000D4F8083B13F4003F0CD0D4F8083B43F4EE
:106B30000033C4F8083BD6F880711FB133460022F9
:106B40000521B847D4F8083B13F4803F0DD0D4F8A2
:106B5000083B43F48033C4F8083BD6F8804124B1A5
:106B60003346002206212846A047F8BD3816030008
:106B7000300800202DE9F04194B005466D4B53F8E4
:106B80002040A36A226B134003F00103002663B97F
:106B90000136202E00F0B880A36A226B134006F065
:106BA0001F02D34003F00103F1E7002B00F0AC809B
:106BB000614B53F82570236813F0005F01D0072E56
:106BC00012D906EB460307EB83031B7ADBB2012BDA
:106BD00042D006EB460307EB83031B7ADBB2022BA2
:106BE0005FD014B0BDE8F081052E10D0062E26D05F
:106BF000072EEED180232363D7F88081B8F1000FF0
:106C0000E7D03B46002203212846C047E1E73B7A14
:106C1000DBB2012BDDD13968204600F085FB284628
:106C2000FFF73EFC20232363D7F88081B8F1000FE3
:106C3000CFD03B46002201212846C047C9E7402368
:106C40002363D7F88081B8F1000FC2D03B46002201
:106C500002212846C047BCE73146204600F079FDB6
:106C600006EB460357F823203146204600F026FD68
:106C70000028AED1A36831462846FFF779FC1F2EC5
:106C800004D806F01F02012393402363D7F88081C4
:106C9000B8F1000F9DD03B46324600212846C04740
:106CA00097E731462846FFF763FC06EB460307EB00
:106CB00083039B7A83B91F2E04D806F01F02012399
:106CC00093402363D7F88041002C8AD03B4632465C
:106CD00004212846A04784E73146204600F039FDCC
:106CE00001AA3146204600F0E9FCA3689DF8073070
:106CF00003F00F03042BE5D11F2EE3D806F01F028B
:106D0000012393402363DDE765B9D4F8083BD4F849
:106D1000082B5B0C43EA124313F0010F02D0002052
:106D2000FFF7F2FEE369002B3FF45BAF2846FFF765
:106D3000D7FE56E738160300300800200A4B53F8F8
:106D4000202001EB410302EB83031B7A53B101EBDB
:106D5000410102EB81010B7ADBB2032B0CBF012056
:106D60000220704700207047300800202DE9F843CA
:106D7000544B53F8206001EB410306EB83031B7A6D
:106D80001BB940F20130BDE8F8830C4605464E4B76
:106D900053F8207001EB410306EB83031B7ADBB24F
:106DA000022B0CD001EB410306EB83031B7ADBB211
:106DB000012B34D01F2C66D90020BDE8F88388460B
:106DC000FFF7D6FB04F01F09012505FA09F51F2C72
:106DD00098BF3D632146384600F0F6FBB8F11F0F1F
:106DE000FCD83B6B2B4023FA09F313F0FF0FF5D0CF
:106DF0002146384600F00FFB0368C3F30363082BFA
:106E000040F2013018BF00201F2C98BF3D6304EBF7
:106E1000440106EB810600233372BDE8F883FFF7D7
:106E2000A7FB3B6813F0005F28D07B6BC3F30363C1
:106E30005B0007339C4217D8002CBBD100220521F0
:106E4000384600F01BFA96F89131012B11D0BB6A3D
:106E500004F01F0101268E403340CB40DBB2012BF2
:106E60002BD00020BDE8F8832146384600F0B6FB61
:106E7000E2E796F89001FEF7EFFDE8E72146384695
:106E800000F0ACFB96E7BB6A04F01F0201269640B7
:106E90003340D340DBB2012B02D00020BDE8F883A1
:106EA00021462846FFF764FB1F2C03D83E630020D1
:106EB000BDE8F8830020BDE8F88300212846FFF7ED
:106EC00057FBF3E73008002038160300034B53F854
:106ED0002030C3F88011C3F88421704730080020A7
:106EE000082817D90938062813D8DFE800F0040667
:106EF000080A0C0E10000C20704710207047142058
:106F0000704718207047202070473020704740207D
:106F10007047002070470000012914D021B10229D8
:106F200020D000231846704702F0404330B10128BA
:106F3000F8D1520022F040421343F3E70C4901EA32
:106F4000C2421343EEE702F0404330B10128E9D1D9
:106F5000084901EA02421343E4E7054901EAC24253
:106F60001343DFE7012801D90023DBE71306D9E744
:106F70000000F83F0000FF3F0346084A904209D056
:106F800002F58052904207D00020054A934208BF84
:106F9000202070472020F8E7202070470040024062
:106FA00000B00240036813F4801F0FD0036823F081
:106FB00000430360036823F080430360036823F009
:106FC00080530360036813F0006FFBD170470368C0
:106FD000002B07DB036843F000430360036813F4EE
:106FE000801FFBD07047000070B50446036843F073
:106FF00000730360236813F0007FFBD1236843F420
:10700000805323602046FFF7B7FF04F1800186001C
:1070100007D00B4601EB8601002543F8045B8B4249
:10702000FBD104F5086230B113463244002143F825
:10703000041B9A42FBD14FF0FF3323616361A361CC
:107040000022A2622363014B236270BD06003B0055
:1070500038B504460D46FFF78FFF0146236803F459
:107060000063002B14BF012000201AD1236843F0D5
:1070700000532360626B2B0603F0706322F0706292
:10708000134363634FF0FF33A36489B249B1002314
:107090006FF0604503F5087244F8225001338B42CB
:1070A000F8D138BD2DE9F04100F1E003446BC4F3A1
:1070B0000364032900F2DC80DFE811F004002E00F5
:1070C0007E00D600016821F4407101600134E400C3
:1070D00000F0CE80114602EBC402664E08E04C6818
:1070E00006EAC4442C441C60083104338A4211D09F
:1070F000087800280CBF00254FF00045487800288C
:10710000EDD04868400020F0404045F080442044E5
:107110001860E9E7BDE8F081016821F4407141F4AD
:10712000807101600134E40000F0A280154602EB9A
:107130000412504F504E43F6F87411E0696807EAA4
:10714000C1414144196024E01868DEF80C1004EADB
:10715000C10161440143196010350433954229D0BF
:10716000AE46297800290CBF4FF000084FF00048C8
:10717000297A00290CBF4FF0000C4FF4004C6978BD
:107180000029DBD0686806EA400048F080410144ED
:1071900019609EF809100029D6D0D3F80080DEF8D7
:1071A0000C00C0F3CD304CF48041014441EA0801A9
:1071B0001960D1E7BDE8F081016821F4407141F424
:1071C000007101600134E40052D0104602EB441219
:1071D00020E01C684568ED0844EA05641C6023E073
:1071E0001D68CC68640304F47F042C431C6025E014
:1071F0001D684C69640104F47F442C431C6027E043
:107200001C68C969C1F3C7012143196020300433E8
:10721000904227D001464478002CDAD01C6845689B
:107220006D0D44EA05641C604C7A002CD8D01D68B2
:10723000CC68640904F47F042C431C604C7C002C53
:10724000D6D01D684C69640B04F47F442C431C6049
:107250004C7E002CD4D01C68C969C1F3475121432E
:107260001960D3E7BDE8F081036843F4407303601D
:10727000BDE8F0810000F83F0000FF3F036803F025
:107280007F038B4207D24FF440707047836A1943E3
:107290008162002070471F290CD801F01F010123D3
:1072A00003FA01F1002AF1D1836A23EA0101816224
:1072B0000020704700207047036823F0805303606C
:1072C000036823F080430360036813F0807FFBD1E1
:1072D0007047036843F080430360036843F08053C2
:1072E00003600368002B0EDB0122036813F0807F2C
:1072F000FBD03AB9036843F000430360036813F41A
:10730000801FFBD07047036823F000430360002216
:10731000EBE70000026A034B134013B1014B036219
:10732000036A704706003B00F8B507460E4600F1B9
:10733000880401F10805D0F88000C0F30340FFF78E
:10734000CFFD86F84800D7F88030336013F4001F73
:1073500010D0D7F8843073600646002348B19908EE
:1073600054F8212012BA45F821200433B342F6D351
:10737000F8BDF8BDD7F884309B0C7360ECE708B516
:1073800004292AD8DFE801F00B181D030600FFF7D7
:10739000A0FF08BD036843F00043036008BD036815
:1073A00023F400030360436823F008034360436849
:1073B00023F48053436008BD436843F008034360EF
:1073C00008BD436843F480534360436823F00803D7
:1073D0004360036823F40033036008BD036813F4BB
:1073E000006F07D0D0F8003C23F4403343EA01415A
:1073F000C0F8001C7047036813F4006F09D0D0F880
:10740000000CC0F301400330012303FA00F0C0B2C6
:1074100070470820FBE738B504460D46FFF7EBFF41
:107420000830C0B24FF40073B3FBF0F3DBB2B5FB2E
:10743000F3F203FB12538008D20100FB032020303B
:1074400004EB800038BD00002DE9F843074689466B
:1074500014469846089DFFF7DEFF3B6803F07F0364
:10746000994500F2A38006463B6813F0005F0FD0F9
:107470007B6BC3F303635B000733994508D84FF474
:107480004070BDE8F8837B6B4FF44070BDE8F88333
:107490003B6813F4006F07D0A37B2BB1D7F8003CF7
:1074A00043F00043C7F8003CD4F808905FFA89F332
:1074B000402B9ABF424AD05CFF20074665B3FFF7D6
:1074C0000FFD39F003030DD0002399088A0008321C
:1074D00055F8211009BAB1500433A26822F0030212
:1074E0009A42F2D806F10801A26893420AD21D44DA
:1074F00083F0030215F801CB01F802C00133A26842
:107500009A42F5D80546824206D282F00303607B98
:10751000C8540132AA42F8D1002333607360237942
:10752000012B2FD0002322796AB9736823F0FF530F
:1075300023F4E01373607268224B03EA884848EA38
:107540000202726000233F0407F470273B43226865
:107550000F2A28D01C2A08BF43F4801323F070633D
:10756000217BD9B1120602F0706242F0004213434F
:10757000A27B0AB143F0804332681343336000209A
:10758000BDE8F883736803F060437360726828F0A5
:107590006043134373604FF40013C4E7120602F014
:1075A00070621343E4E70020BDE8F8833B6813F002
:1075B000005F7FF468AF4FF44070BDE8F88300BF10
:1075C000681603000000FC1F08B5FFF724FF0368DE
:1075D00023F0706343F01063036008BD08B5FFF744
:1075E0001AFF036823F07063036043F08063036055
:1075F00008BD0000F8B504460E4615461F46FFF7C5
:107600000AFF236803F07F039E423FD8236813F0EC
:10761000005F46D10023036043602B79012B21D00A
:107620002B797BB9036823F4C0030360436823F01C
:10763000FF5323F4E013436042681F4B03EA874380
:10764000134343602B680F2B1ED0036823F0706335
:10765000036002682B681B0603F07063134303602A
:107660000020F8BD036843F400130360036823F4AB
:1076700080030360436803F060434360426827F07F
:10768000604313434360CBE70020F8BD236813F049
:10769000005F03D0636B4FF44070F8BD4FF440704F
:1076A000F8BD636BC3F303635B0007339E42B1D83D
:1076B0004FF44070F8BD00BF0000FC1FF8B507464E
:1076C0000E461546FFF7A7FE04460068C0F30340C8
:1076D000FFF706FC85F848003B6813F0005F2FD0E9
:1076E0007B6BC3F303635B0007339E4228D84FF4E0
:1076F0004070F8BD63686B6030F0030608BF00237C
:107700000CD0002303F0FC0202F10801615809BA11
:107710002A4491600433DBB2B342F3D383420DD2E7
:10772000D91D294483F003020832A25C01F8012F1D
:107730000133DBB29842F5D10020F8BD0020F8BD3E
:1077400023682B6013F4001FD4D163689B0C6B601B
:10775000D2E708B5FFF75FFE036808BD2DE9F843DF
:1077600006460F46FFF747FE04467D1E2946304673
:10777000FFF751FE2044083006F52073984203D9E4
:107780004FF44070BDE8F883A0463046FFF7F4FBA5
:10779000874206D94FF44070BDE8F8830020BDE869
:1077A000F883336823F07F0305F07F051D433560C0
:1077B000316811F000511CD1002FEFD000252C466C
:1077C00008F108093046FFF726FE04604460B8F16E
:1077D000000F06D000F10803484403F8014B98421B
:1077E000FBD10135EDB22946AF42EBD80020BDE810
:1077F000F8830020BDE8F88308B50020FFF7BAF948
:1078000008BD08B50020FFF76BF908BD08B50020DA
:10781000FFF77AF908BD08B50020FFF7ABF908BDFE
:1078200008B50020FFF7A6F908BD08B50120FFF74D
:10783000A1F908BD08B50120FFF752F908BD08B548
:107840000120FFF797F908BD08B50120FFF792F96D
:1078500008BD08B50220FFF78DF908BD08B5022064
:10786000FFF73EF908BD08B50220FFF783F908BD10
:1078700008B50220FFF77EF908BD0000F8B5134BEC
:107880001A6A1D691540596A5A690A40996A9B69C2
:107890000B400F490E68341D1436012715431D4354
:1078A00002E09047B4420FD054F8040F0028F9D0FA
:1078B0000268002AF6D0037A07FA03F3013B417A03
:1078C0008B402B42EED0ECE7F8BD00BF00A0054096
:1078D0003C0800204B782BB98B78002B40F0A4801B
:1078E000CB7800E0012303F001030A78002A00F0BE
:1078F000C980002B40F09680644B53F82030002A5A
:1079000000F09B80D3F88C2042F48062C3F88C2076
:10791000D3F88C2042F40062C3F88C20D3F88C207A
:1079200042F48052C3F88C20D3F88C2042F40072C9
:10793000C3F88C20D3F88C00CA7A120202F4807249
:1079400020F480700243C3F88C20D3F88C2042F0DE
:107950008002C3F88C204A7822B99A6D22F0100276
:107960009A6503E09A6D42F010029A658A78002ABF
:107970004ED09A6D42F020029A65CA78002A4CD007
:107980009A6D42F040029A65986D0A79520002F0B1
:10799000020220F0020002439A659A6D22F0010271
:1079A000487902439A659A6D087A003018BF012021
:1079B00022F0080242EAC0029A65D3F88C008A7964
:1079C000120102F0100220F010000243C3F88C20D4
:1079D000D3F88C00CA79520102F0200220F0200076
:1079E0000243C3F88C20D3F88C004A7A920002F04C
:1079F000040220F004000243C3F88C20D3F88C204A
:107A000022F00102897A0A43C3F88C2000207047D3
:107A10009A6D22F020029A65AFE79A6D22F040023B
:107A20009A65B1E7012070470A78002A3FF464AFF5
:107A300001207047154B53F82030D3F88C2042F4C6
:107A40008022C3F88C20D3F88C2042F40022C3F8A3
:107A50008C20D3F88C2042F48012C3F88C20D3F809
:107A60008C2042F40032C3F88C20D3F88C20C87AE2
:107A7000003018BF012022F4803242EA0042C3F8ED
:107A80008C2062E7002BD5D101207047AC16030093
:107A900070B582B005461B4B53F82030002201928E
:107AA000186800F0070001248440174B53F8253074
:107AB0001B78022B1BD0032B07D0012B1CD0E4B268
:107AC0000198B0FBF4F002B070BD104B03EB45031E
:107AD0005E7801A93046FDF795FE019B13B90B4B6B
:107AE00013F8156001A93046FDF78CFEE7E701A900
:107AF0001E20FDF787FEE2E701A90020FDF782FEC8
:107B0000DDE700BFAC16030040080020CC160300E0
:107B1000F8B5344B53F8203013B101273846F8BD7F
:107B2000314B53F820508B7B1370002353705380DC
:107B30002C4B43F8202002F1080702F1180402F14F
:107B4000580E02F1380C2646002327F8023B46F86F
:107B5000043B4CF8043B0EF8013BA742F5D1174615
:107B60000C460646284600F059F8617B284600F08E
:107B700049F83046FFF78CFF7860237B023BDBB28D
:107B8000022B1FD90027EA6E637C9B0103F04003A0
:107B900022F040021343EB66D5F88420E37B9B017F
:107BA000DBB222F0C0021343C5F88430237C7BB9DA
:107BB0002B6823F480732B600C4B33F9160000F014
:107BC00059FCABE721463046FFF784FE0746DAE76B
:107BD0002B6843F480732B60044B33F9160000F0DC
:107BE0003DFC9BE740080020AC160300DC160300B8
:107BF000034B53F820305868B0FBF1F080B2704767
:107C000040080020436D43F001034365036823F0FF
:107C1000070301F007010B4303607047F0B4436FA3
:107C20000023436704224265026803604360836067
:107C3000C364026D03658365C3650366436683663B
:107C4000C26EC36603678367C367C0F88030C0F83D
:107C50008430C0F88830C0F88C30C0F89030C0F85C
:107C60009430C0F89830C0F89C30124B984208D03D
:107C700003F58053984204D0002319460D4D0E4F52
:107C80000AE00023C0F80032F6E7803400EB8404F9
:107C900061600133082B0AD01C4600EBC302D66892
:107CA000D1601161A842F0D0B842F2D1EDE7F0BC4A
:107CB000704700BF0090034000A0034001290ED987
:107CC000052999BF0239012306394FF4807303FA5D
:107CD00001F142B9C36E23EA0101C1667047102366
:107CE00003FA01F1F5E7C36E1943C166704700005E
:107CF0002DE9F041BDF818703C4C54F820503C4C34
:107D000054F82060AC68A4B27078042819D0032815
:107D100003BF0134A4B200200120CAB9B3F5004F5B
:107D200058D8B7F5004F58D804FB03F2C2F3CF324E
:107D300004FB07F7C7F3CF37B3F5004F05D0134661
:107D40000AE06400A4B20020E7E7531C9BB203E002
:107D50009C4245D3BC4246D3002845D14A08D5F8B9
:107D600064804FEAC20E4FF0010C0CFA0EFC1CEAC4
:107D7000080F25D0D5F864C0802101FA0EFE1EEA56
:107D80000C0F07D0296811F0180F06D105EB02116E
:107D90000B6102E005EB02110B6153000133DBB212
:107DA000013305EBC3039F60AA6D9DF81C30DB0116
:107DB000DBB222F080021343AB657480BDE8F08132
:107DC0002A6812F0200F18BF5B08013105EBC101D2
:107DD0008B60E9E70120BDE8F0810120BDE8F0817A
:107DE0000120BDE8F0810120BDE8F081AC16030060
:107DF000400800202DE9F04F85B0A44B53F8203007
:107E00000393002B00F0E9825B781BB1012005B0E1
:107E1000BDE8F08F0D4602909D4B53F8204023683B
:107E200023F018032360236823F40073236023687E
:107E3000636D43F0040363658B78039A53700B788A
:107E4000002B00F0E8804FF000084FF001094FF0E0
:107E5000020A4FF0100B82E0216F09FA06F20A4382
:107E600022678EE004EBC602D16841F00401D160C4
:107E7000D16821F00801D16094E0626ED9000BFA5C
:107E800001F122EA010262669BE0497931B9216F72
:107E900009FA02F221EA0202226712E0216F09FACE
:107EA00002F20A4322670CE0216F09FA02F20A4348
:107EB000226706E0626ED9000AFA01F122EA0102A5
:107EC0006266626EDB000421994022EA010262666A
:107ED000626E09FA03F122EA01026266626E802193
:107EE000994022EA0102626604EBC602D16841F0C1
:107EF0001001D160D16841F02001D1606A69D27867
:107F0000002A00F08180616E40229A400A43626636
:107F1000616E202202FA03F30B436366EB683B4475
:107F20001A7931462046FFF7C9FE226806F1100390
:107F300009FA03F313432360EB681F44BB793BB199
:107F40002268731CDBB2103309FA03F31343236076
:107F500008F101085FFA88F82B7843455BD908EBF4
:107F600088025700EB68D91913F8126073084A7930
:107F7000002A7FF471AF226F09FA06F122EA0102AA
:107F80002267EA683A445179527891423FF46AAFE5
:107F900004EBC602D16821F00401D160D16841F040
:107FA0000801D160EA683A449179002982D0127AB6
:107FB000002A3FF462AF616EDA000BFA02F20A4364
:107FC0006266721CD2B204EBC201C86820F00400E1
:107FD000C860C86840F00800C860606ED9000AFA3E
:107FE00001F101436166E9683944C87901283FF429
:107FF0004CAF497900293FF457AF216F09FA02F2DB
:1080000021EA020222675CE7626E4021994022EA7F
:10801000010262667CE71E4B029A53F822606B787D
:10802000002B00F00E814FF000094FF0010A4FF0D5
:10803000040B82E0306F0AFA01F2024332678CE0EF
:1080400006EBC102D06840F00400D060D06820F098
:108050000800D06092E0D6F870C00AFA02F040EA58
:108060000C003067B4E0807A40B9706E4FF0020CBB
:108070000CFA03FC20EA0C00706613E0D6F864C02A
:108080000220984040EA0C0070660BE04008002097
:10809000AC160300706E4FF0020C0CFA03FC20EAE1
:1080A0000C007066306810320AFA02F20243326045
:1080B0006A69D278002A00F0AE80706E40229A4041
:1080C00002437266706E20229A4002437266706E9E
:1080D0000AFA03F2024372662A693A44D279002A04
:1080E00000F0A080706E80229A40024372662A6976
:1080F0003A449279002A00F09C80706E102202FAB5
:1081000003F30343736601F0FE082B693B44DA7AFC
:1081100041463046FFF7D2FD2B691F4408F10101AB
:108120003A7BC9B23046FFF7C9FD09F101095FFA90
:1081300089F96B784B4540F284804FEA09172B6927
:10814000DA19D95D4B08527B002A7FF473AF326F86
:108150000AFA01F022EA000232672A693A44507BA7
:10816000127A90423FF46CAF06EBC102D06820F067
:108170000400D060D06840F00800D060726EDB0070
:108180000BFA03F022EA0002726606EBC102D06825
:1081900040F01000D060D06840F02000D06030681F
:1081A00001F110020AFA02F20243326028693844EF
:1081B000427A002A3FF47CAF4A1CD2B2807B00286E
:1081C0007FF449AF306F0AFA02FC20EA0C003067F6
:1081D00006EBC200D0F80CC02CF0040CC0F80CC0A8
:1081E000D0F80CC04CF0080CC0F80CC0286938441A
:1081F00090F80EE090F80DC0E6453FF434AF807A79
:1082000000287FF447AFD6F864C00220984040EAC7
:108210000C00706646E7726E4020984022EA000229
:1082200072664FE7726E8020984022EA0002726602
:108230005DE7726E102000FA03F322EA030373660F
:1082400061E7636D43F0020363656B69DA78002AC6
:1082500065D01B78C3B1E36F43F40043E367E26F7B
:108260006B699B781B0203F4706322F47062134302
:10827000E367029B042B34BF4FF0040C4FF0020C59
:108280000426002301271DE0E36F23F40043E36786
:10829000E5E7E26F07FA06FE22EA0E02E2676A6984
:1082A00001EB410111448A79012AD4F888200CBFDE
:1082B00022EA00001043C4F8880001330136DAB224
:1082C00094451BD919466A6903EB430002441279AD
:1082D000002AF2D0E26F07FA03F00243E2676A690C
:1082E00003EB430E72445279002AD2D0D4F87CE0DA
:1082F00007FA06F242EA0E02E267D0E76B695B78A2
:108300001BB1636D43F080036365626D6B69DB785D
:108310005B0103F0600322F060021343636523688E
:10832000AA78042A14BF0022012223F0200343EA82
:1083300042132360A9680298FFF75AFC039B5880F8
:10834000E36C1B0C1B04E364AB78042B3CD0A268E9
:10835000039B5B88013B9BB2120C12041343A36086
:108360002B78002B3BD00026374606EB8601EA68C7
:1083700002EB41035B8812F81110019700973A460F
:108380000298FFF7B5FC0136F6B22B78B342ECD871
:108390006B78A3B100263746DDF8088031012869E3
:1083A00042185388415C0197928800923A464046B1
:1083B000FFF79EFC0136F6B26B78B342EED888B177
:1083C0000023039A537022E5A368039A52881B0C7A
:1083D0001B0443EA5203A360C2E7012017E56B7850
:1083E000002BD7D1A26EEB7803F03F0322F03F02BF
:1083F0001343A366A26E2B799B01DBB222F0C0026D
:108400001343A366636D43F001036365636D43F03B
:10841000080363652268039B1B78DB0003F01803E5
:1084200022F01802134323600020F0E472B110B46C
:10843000144600F11003084A52F82330236010302C
:10844000054B43F820105DF8044B70471030024B89
:1084500043F82010704700BF0000FE1F420900F0E3
:108460001F00012303FA00F0014B43F8220070477C
:1084700000E100E0430900F01F00012202FA00F0D1
:108480002033024A42F82300704700BF00E100E0B9
:10849000054B1B68002B04DD013B034A1360002BD6
:1084A00000DD704762B6FCE76008002072B6024A41
:1084B000136801331360704760080020002808DB50
:1084C0000901C9B200F1604000F5614080F8001375
:1084D000704780B2C0F38102012A0DD010B40A4C5B
:1084E0000A4B022A18BF234600F003000901C9B253
:1084F00019545DF8044B7047054B00F00300090167
:10850000C9B21954704700BF20ED00E01CED00E037
:1085100018ED00E070B491F82430002B50D00B8C93
:10852000DB0903F00603103BDBB2C56D466806F0BD
:108530000F060124B44005F00705A4B2A54227D2D6
:1085400003F58063036691F82060C46D456805F00B
:108550000F050123AB4004F007049BB29C421FD2DD
:108560000666002A43D00B8CDB0903F006030F3BA1
:10857000DBB2C46D456805F00F050122AA4004F086
:10858000070492B2944213D203F5806303662EE08F
:108590008C7A04250D550D196B7101348C72D2E75C
:1085A0008B7A0024CC54CC18667101338B72D8E7D7
:1085B0008A7A042088548818437101328A7216E03E
:1085C00091F8203002EB4302D2B2C46D456805F049
:1085D0000F050123AB4004F007049BB29C4208D373
:1085E0008B7A0420C854C818427101338B7270BC56
:1085F000704702F580620266F9E730B4C36D4468E3
:108600008D7ACA7A954201D030BC70478A69002AB7
:10861000FAD004F00F0201249440A4B203F007033F
:108620009C42F1D94B691B7803664B6901334B615E
:108630008B69013B8B61C26D02F00702002BE3D016
:108640009442EFD8E0E7D0F8183123F4706323F0B8
:108650000703C0F8183191F821303BB98B689BB9FA
:10866000D0F81C3123F00103C0F81C31D0F81031D0
:1086700023F00103C0F8103100238B700B618B6075
:10868000CB604B60CB757047D0F81C3123F00203F0
:10869000C0F81C31EAE7F8B505460C4616461F46F9
:1086A000836923F4E05323F00303836191F82D30B1
:1086B000ABB13FB12B6943F480732B612B6943F459
:1086C00000732B6116B14FF400732B6600236361B6
:1086D000A361E3602361012384F82230F8BD91F89F
:1086E0002E00FDF7B9F9236923B1EB6923F00203EA
:1086F000EB61DEE7EB6923F00103EB61D9E70000F2
:1087000070B50E46204B53F82050204B53F82040B4
:10871000A36983B1012927D00023A361AB6D23F0A6
:108720000303AB65EB6923F00103EB61AB6943F035
:108730000103AB6170BD002394F823202146284635
:10874000FFF7A9FF94F82C304BB9012E17D0002366
:10875000A383236BB3B1616B0420984770BD04F110
:10876000280004F007FDF0E7002394F823202146B9
:108770002846FFF790FF94F82C30002BEFD101230F
:10878000A383E6E770BD00BFEC1603006408002079
:1087900038B504460D4690F821303BB1637D53B1A6
:1087A000636A13B1A16A0420984738BD90F822008B
:1087B000FDF752F9F2E721462846FFF744FF94F807
:1087C0002030002BECD004F11C0004F0D3FCE7E7D0
:1087D00030B585B00C460B7CB3B1164B03EB4000B3
:1087E000002241782078FDF743F9A3686268617838
:1087F000207800250395E4680294012401940095F3
:10880000FDF7ECF805B030BD00220A4B13F810104C
:108810002078FDF72DF96368A2686178207800253B
:108820000395E4680294012401940095FDF7D6F8BD
:10883000E8E700BFF8160300F0B587B006463D4BE9
:1088400053F820403C4B53F8205095F82E308DF8CB
:108850000430A96900294ED0626802F00F02A06DB1
:1088600020F00300012707FA02F293B28B4228BFDF
:108870000B46013B03F003030343A3658DF805702A
:1088800004F1600302936B69039300278DF8147061
:10889000AB69049301A93046FFF79AFF01219DF8C7
:1088A0000400FDF731F9324624499DF80400FCF735
:1088B000ADFF9DF80400FDF7C3F83A46294620466F
:1088C000FFF728FEAB6943BB2B69013BDBB2E16DCF
:1088D000606800F00F000122824001F0070192B2AF
:1088E00091421FD203F580732366E36943F00203CC
:1088F000E36107B0F0BDA36D23F44033A36500230B
:108900008DF8053004F170030293EB68039301279F
:108910008DF814702B690493BCE7E36943F00103FD
:10892000E361E6E7AA7A0121A954A9184B71013243
:10893000AA72DAE7EC16030064080020018702003F
:1089400030B587B0244B53F82050244B53F82040C7
:1089500063683BB394F822308DF8043001238DF81E
:10896000053005F5B0730293E368039300238DF897
:1089700014306368049301A9FFF72AFF6168494234
:108980009DF80400FDF796F89DF80400FDF758F8EF
:108990006368CBB9D5F81C3143F00203C5F81C312C
:1089A00007B030BD94F822308DF8043000238DF8E4
:1089B000053005F5B87302932369039301238DF8FD
:1089C0001430A3680493D6E7D5F81C3143F00103B3
:1089D000C5F81C31E4E700BFEC1603006C0800206A
:1089E0004B4B53F8203093F822300BB902207047DC
:1089F000F0B583B017460E460546464B53F8204067
:108A000001A9454B185CFCF7FDFE236923F0010327
:108A100023619FB301994A1E07EB4703C7EB43133A
:108A2000B2FBF3F20132012A18D901239C460CFA59
:108A300003F0824202D90133072BF8D107FA03F27F
:108A400001EB5201B1FBF2F25F2A28BF5F22012A3B
:108A500006D802270322012108461DE00023EDE786
:108A6000023A2E49A1FB02014908521A49B9032AC8
:108A700038BF03220227012108460DE03E220723CA
:108A80001F21032A38BF032248080F46022938BF96
:108A90000227002808BF0120D4F824C02CF0070CBE
:108AA00003F0070343EA0C036362A36C23F07C53D7
:108AB000000600F07C501843A064A06C20F47C10E9
:108AC0003B0403F47C130343A364A36C23F47C539F
:108AD000090201F47C511943A164A36C23F03F0304
:108AE00002F03F021A43A264094B53F82520636A3F
:108AF00023F0E0636362636A23F400736362967732
:108B0000236943F001032361002003B0F0BD00BFDF
:108B100064080020EC160300F4160300ABAAAAAA0E
:108B20002DE9F04383B007460E46144601A9274BB2
:108B3000185CFCF767FE264B53F82780DFF8989007
:108B400049F827400025E56025616561A561A58399
:108B5000012384F8223033882384B37884F82430C6
:108B6000337A84F82D30737A84F82E30F3682363D7
:108B70003369636384F82C507368E36384F8385076
:108B8000294604F1280004F021FBE572A572114B7F
:108B900033F91700FFF762FC404600F0EBFA726809
:108BA000F1783846FFF71CFF3188B27859F8273042
:108BB000198483F82420D8F8103043F00103C8F852
:108BC0001030284603B0BDE8F08300BFF416030060
:108BD000EC160300FC160300640800202DE9F041A8
:108BE00006460C46134B53F82070DFF84C8048F8CB
:108BF000261000254D618D61CD600D61012381F846
:108C00002230CD728D72384600F0B4FAE26BA17F4B
:108C10003046FFF7E5FE218C94F8242058F82630E2
:108C2000198483F824203B6943F001033B61284603
:108C3000BDE8F081EC1603006408002038B51A4C3A
:108C400054F8204094F822500DB9022038BD174D39
:108C500055F820506161A26184F82330002384F824
:108C600022300223A38394F82D30A3B100222146A1
:108C70002846FFF74FFC21462846FFF7BEFCAB6DA8
:108C800023F00303AB65AB6943F4E05343F0010306
:108C9000AB61002038BDAB6943F4E053AB61FFF733
:108CA000CBFD002038BD00BF64080020EC16030097
:108CB000F8B5304C54F8204094F822500DB90220F9
:108CC000F8BD16462C4A52F820502661002284F83E
:108CD000222084F82330E1600223A38394F82D300E
:108CE000002B36D0012221462846FFF713FCF3B2B1
:108CF0005A1ED7B2E96D686800F00F000122824069
:108D000001F0070192B291422BD207F580772F66CE
:108D10006968C1F3032101228A4091B2B14294BF34
:108D20000B469BB2AA6D22F44032013B1B0403F4B4
:108D300040331343AB65A27AE37A9A42AB6943F4BA
:108D4000E05314BF43F0030343F00203AB61002080
:108D5000F8BDAB6943F4E053AB61FFF76DFD002054
:108D6000F8BDA27A0121A154A1184F710132A2725B
:108D7000CEE700BF64080020EC16030070B506467D
:108D8000894B53F82050894B53F820406B6913F0FE
:108D9000010F38D16B6913F0020F0ED094F8383000
:108DA000002B7AD094F82C30002B40F09F800323C6
:108DB000A38321463046FFF711FF6B6913F4805FF0
:108DC00040F0B1806B6913F4006F40F0C6806B69AE
:108DD00013F4806F00F0E68094F82C30002B40F004
:108DE000D8804FF40073A383012300222146284634
:108DF000FFF751FC236B13B1616B042098474FF4CC
:108E000080636B6170BDE37AA27A9A4217D163697D
:108E1000002B3DD0A369002B35D194F823202146A7
:108E20002846FFF738FC94F82C303BBB0023A38383
:108E3000236B002BAED0616B04209847AAE7EA6D44
:108E4000696801F00F010120884080B202F007023A
:108E500082429FD2E25C23445B7903EB02232B66C0
:108E6000E37A0133DBB2E372EA6D02F00702A17A22
:108E7000994200F093809042ECD88BE704F12800EF
:108E800004F078F9D2E721462846FFF7B6FB81E7E0
:108E9000AB6923F00103AB617CE7EB6D13F4E02FCA
:108EA00029D0236973B1E3682A6F1A70E36801332C
:108EB000E3602369013B2361EA6D12F4E02F1AD0CD
:108EC000002BF0D1002394F8232021462846FFF7F9
:108ED000E2FB94F82C300BBB0023A383236B002B05
:108EE0003FF46BAF616B0420984766E704F12800FC
:108EF00004F040F95BE72369002BE3D0AA6DC2F3CD
:108F0000014293423FF659AFAA6D22F44032013B31
:108F10001B0403F440331343AB654EE704F1280010
:108F200004F028F9D8E74FF480536B610123A38341
:108F3000002221462846FFF7AEFB94F82C303BB9BF
:108F4000236B002B3FF43EAF616B0420984739E759
:108F500004F1280004F00EF9F2E74FF400636B61AE
:108F60000123002221462846FFF795FB94F82C3078
:108F700053B940F20323A383236B002B3FF427AFA5
:108F8000616B0420984722E704F1280004F0F2F80E
:108F9000EFE704F1280004F0EDF822E70023E37284
:108FA000A372F7E670BD00BFEC1603006408002052
:108FB00070B56E4B53F820406D4B53F82050D4F8E9
:108FC000143113F0040F40D1D4F8143113F0010F11
:108FD00004D0D4F8183113F0010F6FD1D4F8143144
:108FE00013F0020F05D0D4F8183113F0020F40F03F
:108FF0008480D4F81421D4F8143113F4807F00F065
:109000009E80EB7D0133DBB2EB75012B00F08F808E
:109010004FF40073C4F814314FF48073C4F8143162
:10902000D4F8183123F00103C4F818312B88022B2F
:1090300004BF00232B8021462846FFF7A9FBD4F864
:10904000143113F4806F7FD170BD0646D4F85031CF
:1090500013F0010F1DD06B6A0BB16A7D72B995F8E0
:109060002130012B0ED000232B7695F82130A3B9A7
:109070006B7D93B13046FFF763FC0EE0A96A0220D6
:109080009847ECE7D4F8183143F00103C4F81831DD
:10909000E9E76B6A3BB16A7D12B902232B8093E743
:1090A000A96A0320984795F82130002BF5D16B7DF4
:1090B000002BF2D03046FFF743FCEEE72B7E13B1D6
:1090C00040F201232B806B6863B96B6A23B1A96AF4
:1090D000012098476B682BB901232B76FF23C4F836
:1090E00060317BE7EB681B78C4F86031EB680133D3
:1090F000EB606B68013B6B6070E7AB6863B96B6AF0
:1091000023B1A96A00209847AB682BB940F202232B
:109110002B80D4F870316CE72B69D4F870211A7069
:109120002B6901332B61AB68013BAB6061E7AB7D21
:10913000002B3FF46DAF4FF48073C4F8143112F478
:10914000007F7FF465AF7AE701232B804FF48063C3
:10915000C4F81431D4F8183123F00103C4F81831DD
:1091600021462846FFF714FB70BD00BFEC16030034
:109170006C080020036943F002030361D0F810314A
:1091800043F00203C0F8103100230361C0F810312E
:10919000704708B50020FFF7F1FD08BD08B50020B5
:1091A000FFF706FF08BD08B50120FFF7E7FD08BD82
:1091B00008B50120FFF7FCFE08BD02230361002370
:1091C00003617047436913F0807F01D0022070472C
:1091D000036923F00103036100207047436A23F011
:1091E00001031943416200207047036943EA4222A8
:1091F00042EA012202617047B1F57C5F07D0426903
:10920000012303FA01F111434161002070474369D2
:1092100043F47C534361F8E710B4436A08310124F6
:109220008C4023EA04038A401A43426200205DF81E
:10923000044B704710B4446A24F0706483F0010357
:10924000920642EAC36343EA016323434362002078
:109250005DF8044B7047036C23F0FF03C9B2194358
:1092600001640020704700002DE9F04F83B096465E
:109270000193DFF8F8A04FF00009CDF80090CB463D
:109280004FF0FF354DE0A1EB03081646E04538BF2F
:109290001D46331B012B15D9A219C2F34702931C9B
:1092A00007FB03F3BEFBF3F38D4234BFA1EB050CC8
:1092B000A5EB010C8B42E6D35C1A644538BF1D4612
:1092C0001446E6E7A31C07FB03F3BEFBF3F3B21C53
:1092D00007FB02F7BEFBF7F799428CBFCA1A5A1A6E
:1092E000B9428CBFA1EB070CA7EB010C944528BF3A
:1092F0002646944528BF1F468D4234BF4B1B6B1A30
:109300008F4234BFCA1B7A1A9A4203D8CDF8009014
:10931000B3463D468D420AD009F10109B9F1080F63
:1093200005D05AF8047F4FF480760024B4E74FEA62
:109330009B02036C23F07F4343EA02630364036CE4
:1093400023F47F0343EA02430364036C23F47F4363
:1093500043EA022303645946FFF77DFF019B1A4647
:10936000009B1360284603B0BDE8F08FFC16030095
:10937000CA680B68013B43EAC2634A7C43EAC27392
:109380000A7C43EA8273CA7A43EA02638A7A43EA2E
:10939000C2534A7A43EA82530A7A43EA4253CA7969
:1093A00043EA02538A7943EAC2434A7943EA824351
:1093B0000A7943EA024303667047036E23F0407361
:1093C00043EA01610166704708B5002000F0D6FA53
:1093D00008BD08B5012000F0D1FA08BD08B502208B
:1093E00000F0CCFA08BD00002DE9F04784B0774CBE
:1093F00054F82040656915F0807F03D0022004B046
:10940000BDE8F087724D55F820607788B3FBF7F51B
:1094100007FB1535ADB20DB10120F0E71D4617462B
:1094200088468146012211462046FFF7DEFE0122D2
:1094300011462046FFF7D9FE33791BB1236E43F462
:1094400080132366002386F82C304FF47C5120468D
:10945000FFF7D2FEA36943F40063A361002F00F07D
:10946000A080A36943F48053A3617583236E23F422
:1094700000232366A36D23F44033A365A36D23F07B
:10948000030343F00203A36596F82430012B54D064
:109490007388022B6BD0042B6CD0012B0CBF4FF0C8
:1094A000000A4FF0020AB8F1000F66D096F82300C8
:1094B0000121039125FA0AF3029301FA0AF30193B9
:1094C000CDF800A004F164034246FCF787FA002FB0
:1094D0006ED096F822004FF00108CDF80C8025FAE6
:1094E0000AF5029508FA0AF30193CDF800A03B466D
:1094F00004F174020021FCF771FA4A46354996F8E6
:109500002200FCF783F996F82200FCF799FA4A4604
:10951000314996F82300FCF779F996F82300FCF717
:109520008FFA86F80C80E36943F00203E361E36994
:1095300043F00103E361002061E7C6F81080776122
:109540000023B383F383358333791BB1338B01332A
:109550009BB23383012333731FB1A36943F002032A
:10956000A361A36943F00103A361002047E74FF023
:10957000010A98E74FF0020A95E796F823000123C5
:10958000039325FA0AF2029203FA0AF30193CDF843
:1095900000A004F1640306F138020321FCF71EFA6F
:1095A00095E700237383236E43F40023236661E76A
:1095B0004A46094996F82300FCF728F996F8230053
:1095C000FCF73EFA01233373B1E700BFDC0FFE1F47
:1095D00074080020659802002198020038B51B4BE2
:1095E00053F820501A4B53F8204000232B7395F862
:1095F0002430D3B9E36923F00203E361E36923F084
:109600000103E36100F06EFAA36923F48063A361B0
:109610000A212046FFF7F0FD6B797BB92B6B1BB15C
:109620006A6B00212846984738BDA36923F00203DE
:10963000A361A36923F00103A361E3E705F1280017
:1096400003F098FD00236B71E8E700BF7408002069
:10965000DC0FFE1F2DE9F04186B00C469046404BD2
:1096600053F820503F4B53F820603046FFF7AAFDD7
:1096700000286CD107462389A3F1080292B240F674
:10968000F8718A4268D82B80E268AA60A2792A71B0
:10969000A27C85F82020E27C85F8242000222A7311
:1096A0006A710733C3F3CF036B80032B4CD0042BB9
:1096B00004D9013B23F0030304336B80237D85F839
:1096C0002230637D85F82330A3692B63E3696B63E4
:1096D000627921793046FFF79FFD05ABE26821688A
:1096E0003046FFF7C1FD736A43F0020373623369CA
:1096F00043F00103336188B3B8F1000F01D0C8F81B
:1097000000002B88009300238DF804308DF805307D
:109710008DF806308DF80730A2798DF808208DF885
:109720000930A37C8DF80A3023798DF80B30059B26
:109730000393237C8DF81030637C8DF811306946DB
:109740003046FFF715FE03E004236B80B6E70127E0
:10975000384606B0BDE8F0810127F9E70127F7E7B1
:1097600074080020DC0FFE1FF8B506460D461746AC
:109770001A4B53F820401A4B43F820102046FFF7AD
:109780001CFD01212046FFF729FD0123002211467F
:109790002046FFF74FFD15F1210F05D06268D2B2C8
:1097A0000123934085F82130002239463046FFF7E7
:1097B00051FF074608B13846F8BD0021A96305F1FD
:1097C000280003F003FD0746064B33F91600FEF7A9
:1097D00045FE236943F001032361ECE7DC0FFE1F24
:1097E00074080020E80FFE1F0BB90020704710B569
:1097F000FFF7FAFD10BD000010B5084B53F82040EC
:10980000FFF7ECFE012211462046FFF7EEFC012295
:1098100011462046FFF7E9FC002010BDDC0FFE1FBB
:1098200010B50E4B53F820400D4B53F82030012952
:109830000DD022791AB11A6E22F480121A66002213
:10984000228362839A6942F480629A6110BDFFF7B5
:10985000D3FF012384F82C3010BD00BF7408002012
:10986000DC0FFE1F012900D0704710B5044B53F8E0
:109870002040FFF7C1FF012384F82C3010BD00BF4A
:109880007408002070B50E4615460E4B53F8204064
:109890002046FFF797FC10B10125284670BD2A46E7
:1098A00031462046FFF7B8FC054608B10125F4E72C
:1098B000236943F00103236131462046FFF77DFD14
:1098C000EBE700BFDC0FFE1F70B50546294B53F8D0
:1098D0002060294B53F82040636913F4006F0BD0CC
:1098E00033694BB1FFF788FF0B212046FFF784FC5B
:1098F000012386F82C3070BD636913F4805F0CD0AF
:10990000736953B12846FFF777FF0C212046FFF714
:1099100073FC022386F82C3070BD636913F0020FCC
:1099200002D0738B9BB2CBB9636913F0010F02D0E5
:10993000338B9BB2B3B9338B9BB273B9A36923F05A
:109940000103A361A36943F48063A361738B9BB29A
:109950001BB9636913F4806F08D170BD284600F00D
:109960007BF8E1E7284600F01DF8E4E72846FFF71A
:1099700035FEF2E774080020DC0FFE1F02280DD828
:1099800008B5074B53F820305B6A13F0010F02D182
:1099900000F0FAF808BDFFF797FF08BD704700BF59
:1099A000DC0FFE1F2A4B53F820302A4A52F82000C1
:1099B000C26D02F0070293F82110891A11F0FF011D
:1099C00045D0F0B504244FF0000C1FE0026E22F4E5
:1099D0008012026600221A83F0BD12F8015B1A6140
:1099E000B3F81CE017FA8EFE9EFBF6F206FB12E6B9
:1099F000B6B29E8345661A8BD21B92B21A831A8B1B
:109A000092B21AB3013911F0FF011FD01A791AB1BD
:109A10001A8B92B2012AD9D05E889A8B92B2B21A6E
:109A2000042ADDBF9A8BB21A97B227461A695AB137
:109A3000012ED2D0022E03D052F8045B1A61CFE778
:109A400032F8025B1A61CBE76546D3E7F0BD704799
:109A500074080020DC0FFE1FF0B4204B53F82010D8
:109A60001F4B53F82070FE6DC6F30246002E32D015
:109A70004FF0040C22E0644600234869DA0025FA1E
:109A800002F202704A6901324A6101339AB2944289
:109A9000F3D8CB8B14FA83F2488892FBF0F300FBE7
:109AA00013239BB2CB834B8B1C1BA4B24C834B8BDD
:109AB0009BB283B1013E16F0FF060CD07D6F4C883F
:109AC000CB8B9BB2E31A042BD5DCCB8BE41AA4B26C
:109AD000002CD1D1DDE7F0BC704700BF7408002036
:109AE000DC0FFE1F10B50A4B53F82040A36923F486
:109AF0000063A361A36923F48053A3610B21204673
:109B0000FFF77AFB0C212046FFF776FB10BD00BF64
:109B1000DC0FFE1F38B51A4B53F82040194B53F891
:109B2000205095F82430012B19D0E36923F002036B
:109B3000E361E36923F00103E361FFF7D3FF00234F
:109B40002B73012211462046FFF74FFB01221146DD
:109B50002046FFF74AFB6B7953B9002038BDA36953
:109B600023F00103A361A36923F00203A361E4E7E7
:109B700005F1280003F0FEFA00236B71EDE700BF4A
:109B8000DC0FFE1F7408002070B50646314B53F8F9
:109B90002050314B53F820406B6913F4006F07D00D
:109BA00023692BB1FFF7B6FF012384F82C3070BD79
:109BB0006B6913F4805F08D0636933B13046FFF7F7
:109BC000A9FF022384F82C3070BD6B6913F0020FDB
:109BD00003D0638B9BB2002B2DD16B6913F0010F67
:109BE00002D0238B9BB253BB238B9BB21BB9AB69B7
:109BF00023F00103AB61638B9BB21BB9AB6923F00C
:109C00000203AB61638B9BB2A3B9238B9BB28BB96D
:109C1000AB6923F40063AB61AB6923F48053AB61A0
:109C2000236B1BB1626B002120469847637953B9BF
:109C30000023237370BD3046FFF70EFFCDE730469B
:109C4000FFF7B0FED0E704F1280003F093FA0023F9
:109C50006371EDE7DC0FFE1F7408002038B5144B6C
:109C600053F82040134B53F82050AB8E9BB2022B7D
:109C700016D000221049204600F0B9FC00220F49FE
:109C8000204600F0B4FCA36923F40023A361A36978
:109C900013F4002FFBD100232B74AB7C1BB938BD10
:109CA0000023AB86EAE705F1300003F063FAF6E73C
:109CB000201703008008002017000300160003008F
:109CC00038B5154B53F82040144B53F820502369F6
:109CD00023F40003236195F82A00FBF7BDFE002260
:109CE0000F49204600F083FCA36923F40023A361FD
:109CF000A36913F4002FFBD1AB7C43B9AB8E9BB2AD
:109D0000022B04BF0023AB8600232B7438BD05F162
:109D1000300003F02FFAF1E720170300800800203D
:109D20001600030008B50E4B53F820300D4A52F8C8
:109D300020001A681B7D43B1012B09D0137851789C
:109D400043EA012100F02AFC08BD1378037708BD1F
:109D50001378517843EA012100F015FC08BD00BFDB
:109D6000800800202017030010B5114B53F8203055
:109D70005C7C0CB1022010BD0E4C54F82040012038
:109D800058745960DA600222DA86A36943F48023AA
:109D9000A361A36913F4802FFBD00121204600F0BA
:109DA000A7FC01220449204600F021FC002010BD40
:109DB0008008002020170300150003002DE9F04360
:109DC00085B0224C54F82040657C1DB1022005B0BE
:109DD000BDE8F0830F4606461D4B53F8205094F81B
:109DE00029004FF00108CDF80C800292CDF80480D4
:109DF0004FF00009CDF800900B4605F11C024946D2
:109E0000FBF7ECFD3246134994F82900FBF7FEFC02
:109E100094F82900FBF714FE6760C4F80C9084F8EE
:109E200011800223E386AB6943F48023AB61AB6905
:109E300013F4802FFBD00121284600F059FC2B6938
:109E400043F400132B610020C1E700BF800800200D
:109E500020170300219F020038B5154B53F82050FE
:109E6000144B53F82040A36923F48023A361A36912
:109E700013F4802FFBD10021204600F039FCE36968
:109E800000220D49204600F0B2FBEB7C43B90023D1
:109E90006B74EB8E9BB2022B04BF0023EB8638BDA4
:109EA00005F12C0003F066F90023EB74EFE700BF27
:109EB00080080020201703001500030038B5164B5A
:109EC00053F82040154B53F82050A36923F4802306
:109ED000A361A36913F4802FFBD10021204600F079
:109EE00007FC236923F400132361E36995F8290033
:109EF000FBF7B2FDEB7C43B9EB8E9BB2022B04BFA8
:109F00000023EB8600236B7438BD05F12C0003F0B1
:109F100031F90023EB74EFE72017030080080020DD
:109F200070B50546254B53F82040254B53F820606B
:109F3000012904D0E38E9BB2022B13D070BD012304
:109F4000E386FFF7BBFFA3691BB1E269032120464B
:109F50009847736923F0C02323F4F81343F4702364
:109F60007361E7E7A3691BB1E269002120469847C6
:109F7000E3688BB92846FFF7A1FFA3691BB1E2692B
:109F8000022120469847736923F0C02323F4F81375
:109F900043F470237361D1E7616894F82900FBF7FB
:109FA00094FDE16894F82900FBF79AFD0023E36033
:109FB00094F82900FBF744FD70BD00BF8008002025
:109FC0002017030010B582B0134B53F82030134A0A
:109FD00052F820005C681B7D73B1012B0FD00DF18E
:109FE000060100F0F5FABDF806302370BDF8063022
:109FF0001B0A637002B010BDC3692370FAE70DF14C
:10A00000060100F0DCFABDF806302370BDF806301A
:10A010001B0A6370EEE700BF8008002020170300D2
:10A02000034B53F8203098699961DA61704700BF9B
:10A0300080080020034B53F82030186A19625A62D6
:10A04000704700BF8008002010B5074B53F8203040
:10A050000024DC7493F82830012B02D0FFF7AEFE09
:10A0600010BDFFF781FE10BD8008002038B50C4BF5
:10A0700053F8204089B10D46627C62B194F82820E3
:10A08000012A05D094F82900FBF734FD286004E08C
:10A09000E2680A6001E000220A60E08E80B238BD0A
:10A0A00080080020314B53F820303BB11A7C0AB1B4
:10A0B000022070475B7C0BB1022070472DE9F04114
:10A0C00082B00C462A4B53F8205001A9294B185C4A
:10A0D000FBF798FB019E4FEA840CB6FBFCFC1FFAD1
:10A0E0008CFC4FEA8C07B6FBF7F7BC4206D23F1B4D
:10A0F00004EB840105224FF0040805E0E71BF7E7B5
:10A1000021440132212A12D09646B6FBF1F083B2E7
:10A1100002FB03F3B6FBF3F39C4234BF1B1BE31AB1
:10A12000BB42EDD81FFA80FC1F469046E8E7B8F125
:10A13000070F03D82B6943F400332B612A6922F0FF
:10A14000F85208F1FF331B0603F0F85313432B6159
:10A150002B6923F4FF5323F01F03CCF30C0C4CEAC0
:10A1600003032B61002002B0BDE8F08180080020CD
:10A17000201703002C170300F0B583B006460C46E9
:10A180001546304B53F8207001A92F4B185CFBF794
:10A1900039FB631E04F13701002203F8012F8B42C3
:10A1A000FBD12A4B43F82640EB7984F82830AB7971
:10A1B00023752B7A84F829306B7A84F82A30384654
:10A1C00000F0A8F929683046FFF76CFF2B798BB3B4
:10A1D0000122A979384600F0AFF92979384600F014
:10A1E000C3F93B696A7923F4005343EA42333B6184
:10A1F0000025A586E586294604F12C0002F0E6FF3D
:10A200000746294604F1300002F0E0FF012F17D085
:10A2100001280DD00E4B33F916402A460D4B53F84A
:10A2200026102046FEF702F92046FEF717F92846C9
:10A2300003B0F0BD0022A979384600F07DF9CCE7E3
:10A240003846F5E7201703002C170300800800208C
:10A2500030170300F00FFE1F034B53F820305960F6
:10A26000DA600020704700BF80080020F8B506467D
:10A270009B4B53F820409B4B53F820509A49204663
:10A2800000F012FA80B340F20163EB8695F82830B3
:10A29000012B25D03046FFF711FEAB691BB1EA69EF
:10A2A000032128469847636923F0C02323F4F81359
:10A2B00043F4702363618D49204600F0D0F90028F3
:10A2C0007BD18B49204600F0CAF9002840F0A980D4
:10A2D0008849204600F0C3F9002840F0DE80F8BD30
:10A2E0003046FFF7B9FDD8E78349204600F0DCF996
:10A2F000E0B140F20363EB8695F82830012B11D0D2
:10A300003046FFF7DBFDAB691BB1EA690321284644
:10A310009847636923F0C02323F4F81343F47023B0
:10A320006361C8E73046FFF797FDECE773492046C5
:10A3300000F0BAF9E0B140F20463EB8695F82830FA
:10A34000012B11D03046FFF7B9FDAB691BB1EA69AB
:10A35000032128469847636923F0C02323F4F813A8
:10A3600043F470236361A6E73046FFF775FDECE721
:10A370006349204600F098F9E0B140F20563EB86AE
:10A3800095F82830012B11D03046FFF797FDAB69C7
:10A390001BB1EA69032128469847636923F0C0236B
:10A3A00023F4F81343F47023636184E73046FFF726
:10A3B00053FDECE7534B63617DE75349204600F0C2
:10A3C00073F900283FF47DAF464B53F826503046D2
:10A3D000FFF7F8FD2B7DEBB96B6801336B60EB6821
:10A3E000013BEB60EB682BB9AB691BB1EA6900215B
:10A3F00028469847EB68002B7FF463AF3046FFF7A1
:10A400002BFDAB69002B3FF45CAFEA6902212846C3
:10A41000984756E76B6802336B60EB68023BEB6072
:10A42000E0E73A49204600F03FF900283FF450AFFA
:10A430002C4B53F82650AB68002B3FF449AF284B08
:10A4400053F826703046FFF76DFC2B7DF3B92B686F
:10A4500001332B60AB68013BAB60AB68002B7FF432
:10A4600037AF2B6A1BB16A6A012128469847AB684F
:10A47000002B7FF42DAF00221D49384600F0B7F8BD
:10A4800001221C49384600F0B2F821E72B6802335C
:10A490002B60AB68023BAB60DFE71D49204600F054
:10A4A00003F900283FF41BAF0E4B53F82640A36876
:10A4B000002B7FF414AF94F82830012B0BD03046DA
:10A4C000FFF7FEFB236A002B3FF409AF626A02210B
:10A4D0002046984703E73046FFF7C0FBF2E700BF8E
:10A4E000201703008008002013000200150003005D
:10A4F0001700030016000300110002001000020004
:10A500001200020000C01FC0150002001700020068
:10A5100016000200064B0361064B43610023836172
:10A52000036243624FF470328262C362704700BFBD
:10A530000400000F00C01FC010B40C4602B14C1C38
:10A54000022C0CD0836923F0100343EA04138361C7
:10A55000036923F0005303615DF8044B70470369FE
:10A5600043F000530361F7E7826901F0FE0322F034
:10A57000020213438361836923F0010301F00101A7
:10A580001943816170478369C1F3002223F080433E
:10A5900043EA82738361C9B201777047836923F00C
:10A5A0008043C1F3002243EA827323F00043C1F3E6
:10A5B000402243EAC2738361C9B20177704783695D
:10A5C000DB0F1B020B80C269D2B213430B807047B2
:10A5D00083695B0D03F400730B808269D20F43EA39
:10A5E00002230B80C269D2B213430B80704710B4B0
:10A5F0008BB2090C013906290ED8DFE801F0040DF1
:10A60000100D0D1A2400016901249C4021EA040167
:10A6100002FA03F30B4303615DF8044B7047816951
:10A6200001249C4021EA040102FA03F30B438361F5
:10A63000F2E7416A01249C4021EA040102FA03F393
:10A640000B434362E8E7816A01249C4021F44031D6
:10A6500021EA040102FA03F30B438362DCE70B0CEB
:10A66000013B062B1ED8DFE803F0041D0B1D1D1156
:10A670001700036988B223FA00F000F00100704768
:10A68000806989B2C84000F001007047406A89B211
:10A69000C84000F001007047806A89B2C84000F0ED
:10A6A00001007047002070470B0C023B052B1DD8A2
:10A6B000DFE803F0031C0A1C1016436988B223FA72
:10A6C00000F000F001007047C06989B2C84000F096
:10A6D00001007047406A89B2C84000F0010070472D
:10A6E000806A89B2C84000F00100704700207047BE
:10A6F00038B505460C460A460949FFF778FF224659
:10A7000008492846FFF773FF224607492846FFF706
:10A710006EFF224605492846FFF769FF38BD00BF96
:10A720001B000300180003001A00030019000300B7
:10A7300008B50020FFF79AFD08BD08B50120FFF716
:10A7400095FD08BD08B50220FFF790FD08BD00008B
:10A7500070B505460C46164B53F820600021154B8A
:10A76000185CFBF74FF8304600F07CF82146304685
:10A7700000F0A8F8237A73B10F4A536843F40053EA
:10A780005360E3790BB963785BB10C4B33F9150077
:10A79000FDF764FE70BD084A536823F4005353600C
:10A7A000EFE7064B33F91500FDF764FE70BD00BFFF
:10A7B00038170300401703000080044044170300CB
:10A7C000034B53F82020136843F080031360704755
:10A7D00038170300034B53F82020136843F48033E9
:10A7E0001360704738170300034B53F82020136899
:10A7F00043F001031360704738170300F8B50F46A4
:10A8000014460E4B53F8205001261268237906FA9D
:10A8100002F2284600F0B4F82268637906FA02F2E0
:10A820003946284600F095F82268A37906FA02F224
:10A830003946284600F074F8F8BD00BF3817030009
:10A8400010B4074C54F820009BB201EB810102EBDD
:10A850004102063240F822305DF8044B704700BFD9
:10A860003817030030B400250560036843F0800307
:10A8700003604FF6FF734360C360294605EB850311
:10A8800000EBC303196159610B4605EB85046400B5
:10A89000E218063240F822100133082BF8D10135B6
:10A8A000042DEBD10023C0F89031C0F89431036837
:10A8B00043F001030360036823F08003036030BCAE
:10A8C0007047000010B40368144A1A400B789B04C8
:10A8D00003F440231A434B780BB142F400328B78D7
:10A8E0001B0303F4E0430C79240204F47064234353
:10A8F000CC78A40004F00C04234313434A790AB132
:10A9000043F002038A790AB143F40043CA790AB1D9
:10A9100043F0200303605DF8044B7047D100F1FF62
:10A9200010B401EB810400EBC404246963B9120480
:10A9300002F47F0224EA020401EB810100EBC10171
:10A940000C615DF8044B7047120402F47F031C4352
:10A95000F2E710B401EB810400EBC40424695BB995
:10A96000120292B224EA020401EB810100EBC10160
:10A970000C615DF8044B7047120293B21C43F3E77D
:10A9800010B401EB810400EBC404246953B9D2B2C2
:10A9900024EA020401EB810100EBC1010C615DF8C6
:10A9A000044B7047D2B21443F4E760B170B5064669
:10A9B0000C460025204600F061F801351834AE42FF
:10A9C000F8D1002070BD0020704710B44369012405
:10A9D0008C4023EA04038A401A4342615DF8044B29
:10A9E000704710B4036801248C4023EA04038A40B2
:10A9F0001A4302605DF8044B704741607047816004
:10AA00007047C1607047006970470000194B984259
:10AA100004D0194B984220D0FF207047102927D826
:10AA2000DFE801F0090C26262626262626262626DD
:10AA3000260F1215180042F00100704742F0020084
:10AA4000704742F00400704742F00800704702F07F
:10AA50000E00704702F00D00704719B1012904D0B3
:10AA6000FF20704702F00B00704702F007007047AC
:10AA7000FF20704700A0044000B0044038B50446F1
:10AA80000068616850F82120237A012B3FD0002B09
:10AA90003AD0022B40D0657A2D0105F0100322F048
:10AAA00050051D43A37A9B0103F040032B4323F47D
:10AAB000E065E37A082B32D01B0203F4E0632B43FA
:10AAC000227BD20392B223F478231343627B1204D5
:10AAD00002F470221343A27B0AB143F08073226810
:10AAE000616842F821302168D1F8C02060680123F4
:10AAF000834022EA0302E37B83401343C1F8C03062
:10AB0000E37A012B21D038BD22F00202C3E722F004
:10AB1000010242F00202BEE742F00302BBE71B4B18
:10AB20005A6802F00F02FFF771FFFF280BD0174B96
:10AB30005A6822F00F025A605A6800F00F00104362
:10AB400058600023B8E70023B6E721694B69227DEE
:10AB500022B1012A0AD0012A05D10BE06168012245
:10AB60008A4023EA020322695361CCE7606801222C
:10AB700082401343656808680122AA4020EA020067
:10AB8000627DAA4002430A60EDE700BF00800440F6
:10AB900038B50D4614461146064800F020F808B1B5
:10ABA000012038BD22462946024800F005F8002061
:10ABB00038BD00BF0030064030B4950850F825304D
:10ABC00002F00302D2007F24944023EA0403D2B2AD
:10ABD00001FA02F21A4340F8252030BC7047890878
:10ABE00050F82100C00F704708B5002000F07EF932
:10ABF00008BD08B5012000F079F908BD10B4C0EB1C
:10AC0000C002164B53F8224004EB4114A37AD3B18F
:10AC10001346124A02EB83030633C0EBC0000F4A0F
:10AC200002EB8000416101225A7100225A80227A8F
:10AC3000617A12FB01F21A80A2695AB101221A71DB
:10AC40005DF8044B7047C0EBC003044A02EB83037A
:10AC50000C33E2E700221A71F2E700BF8C080020F3
:10AC60002DE9F04387B00646C0EBC0004F01634BAF
:10AC700053F8208008EB0705002A14BF00210F219C
:10AC800000238DF808308DF809305C4A02EB800211
:10AC9000127E8DF80A208DF80B308DF80E308DF86D
:10ACA0000F308DF80D308DF80C1002A93046FFF7EB
:10ACB0004FFD2B7B002B50D0012B6FD001238DF843
:10ACC00004308DF8053000238DF806302B7AA3B1BF
:10ACD0000024A14600946A4649463046FFF78EFD9F
:10ACE0002B6933F81430009A49463046FFF7A8FD27
:10ACF0000134E4B22B7AA342ECD83046FFF760FD72
:10AD00003046FFF771FD00238DF814302B7A012BAC
:10AD100071D0002214462B6833F81230ADF816308B
:10AD200005AA21463046F9F733F90134E4B2224648
:10AD30002B7A013B9C42EED301238DF8143058F856
:10AD4000073033F81230ADF8163005AA21463046E8
:10AD5000F9F71EF907B0BDE8F08301248DF804402F
:10AD600000218DF805108DF8061006AA42F8181D6E
:10AD70003046FFF743FD8DF806402B7AA342BCD93D
:10AD80004FF0000900946A4649463046FFF736FD09
:10AD90000134E4B22B7AA342F4D8AEE74FF00109B4
:10ADA0008DF804908DF8059000248DF8064006AAD1
:10ADB00042F8184D21463046FFF720FD2B691B88CD
:10ADC000009A21463046FFF73BFD8DF805408DF88F
:10ADD00006902B7A4B4590D94C464FF000090094D1
:10ADE0006A4649463046FFF709FD0134E4B22B7A42
:10ADF000A342F4D881E7002214469DE78C08002086
:10AE0000F0B585B00F46456808682249C5EBC50214
:10AE100092008B188850BA889A800024DC72DC80FB
:10AE20001C819C725C749C81DC811C745C61BA68BE
:10AE300052791A76BE682846F9F7FAF801A8F8F7A9
:10AE4000D5FF01238DF80830BB798DF805303378B4
:10AE50008DF8043073788DF80630B3788DF80730AC
:10AE6000F3788DF80C3033798DF80E308DF8094079
:10AE700001A92846F8F7C8FF2846F9F739F9064B23
:10AE80005A5D21462046FFF783FE001B18BF0120B4
:10AE900005B0F0BD8C0800204817030038B54468A1
:10AEA000C4EBC402104B03EB8203DB7A0BB102202C
:10AEB00038BD13460C4A02EB83035B7C0BB10220C6
:10AEC00038BD0D462046FFF799FE2046F9F7BCF93C
:10AED000FDF7C4FA002229462046FFF7C1FE2046AE
:10AEE000FFF778FC002038BD8C0800202DE9F047E2
:10AEF00082B00746304AC0EBC0039B00D118D1F89E
:10AF000014A04FEA4A19D6584E44B37A002B42D1C6
:10AF100001F10C08B8F80230756805EB4305337A87
:10AF20005BB100242A4621463846F9F7D5F80235A8
:10AF30000134E4B2337AA342F4D8B8F802201344BF
:10AF4000B8F8001093FBF1F201FB1233A8F80230BD
:10AF5000B37A23B9337D33BB002388F8053098F8E2
:10AF60000430ABB1C7EBC707134B53F82730CDF80C
:10AF700000A0B8F80220D2B9B8F80020013AADF824
:10AF800004209944D9F81830D9F81C10684698471D
:10AF900002B0BDE8F087C0EBC008074B03EB8808A0
:10AFA00008F10608B6E73846FFF714FCD7E7013A80
:10AFB000ADF80420E5E700BF8C0800200A4B1B68B1
:10AFC00098420FD0084B5B68984209D0064B9B68AB
:10AFD000834214BF03200220022828BF02207047AA
:10AFE0000120F9E70020F7E7880D00202DE9F04166
:10AFF00080460C4615461F46FFF7E0FF144B53F8FA
:10B000002060144B13F810303BB135B1114B03EBFA
:10B0100040004378A5EB4305073D012C10D044B117
:10B02000042C12D13B46EAB201214046B047BDE8AC
:10B03000F0813B46EAB200214046B047BDE8F081CE
:10B040003B46EAB200214046B047BDE8F08100BF70
:10B05000180F0020C4080020F0B58FB003781BB192
:10B06000012528460FB0F0BD414B1B78002B6BD05B
:10B070003F4B5B78002B63D03D4B9B780324002B28
:10B080005AD0022C28BF022400223A4B03F8142085
:10B090000B6800930A798DF806208A798DF80820CC
:10B0A000CA798DF80720CA6804920A6905924A692C
:10B0B00006928A6803928A6907920A6A09924A6A22
:10B0C0000A928A6A0B92CA690892CA6A0C924A79F1
:10B0D0008DF809200A6B002A40D001258DF8055013
:10B0E00012788DF8042000268DF835608DF83460D4
:10B0F00003EB4203073300931E4B03F8145003EB9A
:10B1000044035A700F4606466A464FF4CA711A4BFA
:10B1100001FB04310079FBF7F3FA05460028A0D1C2
:10B12000144B13F81430002B9BD03B6B5A685978A2
:10B130003079FBF7B7FC94E70224104A234606E077
:10B1400001240F4A234602E0094A00231C464668B0
:10B150000C4D45F823600123137092E700238DF80E
:10B1600005308DF804308DF835308DF83430C9E76E
:10B17000940D0020C4080020CC080020960D00206B
:10B18000950D0020880D0020037883BB70B584B036
:10B190000D46144646683046FFF710FFE3788DF8F9
:10B1A00004300823029323788DF80C30A3788DF8AF
:10B1B0000D3063788DF80E3000238DF80F3005EBDD
:10B1C00040120C4B43F822400B4B13F8103033B1B4
:10B1D000094B03EB4000437805EB4305073500239B
:10B1E00001AAE9B2F0B2FBF7EFFB04B070BD012099
:10B1F000704700BF980D0020C4080020F0B585B04E
:10B200001F460378002B31D10D4614464668304660
:10B21000FFF7D4FEE3788DF804302378002B14BFB9
:10B220004022082202928DF80C30A3788DF80D3060
:10B2300063788DF80E3023798DF80F3005EB4012CE
:10B240000B4B43F822400B4B13F8103033B1094B32
:10B2500003EB4000437805EB430507353B4601AA65
:10B26000E9B2F0B2FBF7EAFB05B0F0BD0120FBE765
:10B27000980D0020C40800200378002B33D170B54E
:10B2800086B00D46144646683046FFF797FE05EB3C
:10B290004012164B53F82230DA788DF80C2094F8CF
:10B2A000482004921A788DF814209A788DF8152089
:10B2B0005A788DF816201B798DF817300C4B13F83F
:10B2C000103033B10A4B03EB4000437805EB4305E4
:10B2D000073563680834009403AAE9B2F0B2FBF7BB
:10B2E00093FB06B070BD0120704700BF980D002091
:10B2F000C40800200378EBB970B50C4616464568C3
:10B300002846FFF75BFE0C4B13F810303BB164B1DD
:10B31000094B03EB4000437804EB43040734324607
:10B32000E1B2E8B2FBF7D2FB70BD3146E8B2FBF701
:10B33000D2FB70BD01207047C408002038B50378E7
:10B34000A3B90C4645682846FFF738FE084B13F8AA
:10B35000103033B1064B03EB4000437804EB430459
:10B360000734E1B2E8B2FBF701FD38BD012038BD7A
:10B37000C4080020F8B504780CB10120F8BD1F46C0
:10B3800016460D46044601210079FBF715F93B46A8
:10B39000F2B229462079FBF727F9F8BD38B50378D2
:10B3A000ABB90C4645682846FFF708FE094B13F871
:10B3B00010303BB134B1074B03EB4000437804EB52
:10B3C00043040734E1B2E8B2FBF7B8FC38BD012012
:10B3D00038BD00BFC40800200378BBB970B515465E
:10B3E0000C4669B146683046FFF7E8FD084B43F864
:10B3F00020402A460749F0B2FBF768FD002070BDE7
:10B4000000210079FBF762FD002070BD012070472C
:10B41000180F0020EDAF02000378002B46D130B5A5
:10B4200087B00B88ADF804308B788DF806308B7AB6
:10B43000F3B1012B20D0CB6804930B690593CB7A31
:10B44000F3B1012B20D04B6802930B7A8DF80D30AD
:10B45000174B1B7833B3164B5B78CBB10223154ADD
:10B4600002EB831201A94068FDF75AFB07B030BD1B
:10B4700000238DF80C30DEE701238DF80C30DAE77D
:10B4800000238DF80730DEE701238DF80730DAE777
:10B490000949012213464568084C44F8225001220C
:10B4A0000A70DCE7024900221346F4E701207047E6
:10B4B000AC0F0020240F0020AD0F0020A40F0020AF
:10B4C00010B504780CB1012010BD4068FDF7B6FB43
:10B4D00010BD10B504780CB1012010BD4068FDF717
:10B4E000E7FB10BD2DE9F04FB7B001910378002BB9
:10B4F00040F0278103AB002203920492059206924A
:10B5000012AA109222AA0F9211930B685C692278FA
:10B510008DF82A2062788DF82920A2788DF83420C1
:10B520005A78012A0CBF042203228DF832209DF89C
:10B5300032208DF8282001258DF81C5000228DF82E
:10B540001E208DF81F208DF81D208DF826208DF8E7
:10B5500024208DF825508DF822508DF823208DF869
:10B5600020508DF821208DF827208DF82C208DF883
:10B570002B208DF831208DF83020A2788DF83420E2
:10B580009A7B8DF83320019A1779002F00F0A38061
:10B590009C46002422462E46DFF8C0E121E04FEA17
:10B5A000880505EB080936A901EB490909F84F2C74
:10B5B00009F84B2C9DF830504FEA850808EB050937
:10B5C00036A901EB490909F84C2C09F8482C09F86F
:10B5D0004A2C01358DF8305001341833E5B2AF42B2
:10B5E00079D9A3EB0C09DD7BFDB99DF8308008EB20
:10B5F000880936A901EB49099D68ED035968B5FB37
:10B60000F1F529F84E5C1D7809F8505C1D7B002D82
:10B61000C5D14FEA880505EB080936A901EB4909B0
:10B6200009F84F6C09F84B2CC4E79D68ED03596885
:10B63000B5FBF1F59DF8318036A901EB081A2AF81F
:10B640008E2C2AF88C5C0AF8892C0AF8876C1D78F5
:10B650000AF8905C1D7B65BB0AF8886C0AF8832C9D
:10B660000AF8822C0199D1F8008008EB090B9BF8AD
:10B67000105045BB9DF8315036A901EB051505F872
:10B68000862C9DF8315036A901EB051A0AF8852C55
:10B690009BF80DB00AF88ABC0AF8842C01358DF8A5
:10B6A0003150456818F809800EEBC50505F80860AB
:10B6B00092E736A901EB081808F8882C08F8832CC3
:10B6C00008F8822CCEE79DF8315036A901EB05151C
:10B6D00005F8866CD5E71C4B1B7843B31A4B5B7897
:10B6E0000BB3194B9B780322CBB1019D044602EBAF
:10B6F0004202164B03EB421207A94068FCF708FA16
:10B700006068FCF7C5F92B685B68B0FBF3F00E903E
:10B710000CA96068FCF76EFB37B0BDE8F08F022221
:10B720000B4E154606E001220A4E154602E0064E73
:10B7300000252A464468084B43F82540012333700E
:10B74000D3E70120E8E700BFDC100020B00F0020A5
:10B75000DE100020DD100020D0100020E0100020BE
:10B7600070B40B4900220B4E04E00133DBB201320E
:10B77000032A09D0D3B211F8014B002CF5D056F8AA
:10B7800022504468A542F0D1184670BC704700BFF3
:10B79000E0110020D4110020013880B240EA5000AE
:10B7A00040EA900040EA101040EA10200130C0F357
:10B7B000CC00704730B58BB052238DF82430532322
:10B7C0008DF8253054238DF82630037813B10120ED
:10B7D0000BB030BD0C4605460B6801934B7A8DF8D3
:10B7E0000830CB79B3FA83F35B098DF809300B7914
:10B7F000ADF80C3043680AAA134404A913F8040CEA
:10B80000FAF700F8237A8DF81430A3798DF8153003
:10B810006379003318BF01238DF81630A37A8DF8B1
:10B820001730E37A8DF81830237B8DF819302369AF
:10B8300007936369089300238DF80A30124B1B7835
:10B84000C3B1114B5B788BB10F4B9B7803214BB18C
:10B85000C1EB011101AA0D4B03EB81016868FDF7F3
:10B8600083FFB5E702210A4C084606E00121094C96
:10B87000084602E0044C002001466A68064B43F883
:10B88000202001232370E3E7E01100202011002095
:10B89000E2110020E1110020D4110020F8B5047855
:10B8A000BCB91D4616460F460446FFF759FF03284C
:10B8B00011D0C0EB0010094B33F82000FFF76CFFEC
:10B8C00010FB05F39BB2324639466068FDF78CFFEA
:10B8D000F8BD0120F8BD0120F8BD00BF20110020F7
:10B8E00008B503780BB1012008BD00224068FDF7C0
:10B8F000C9FF08BD70B584B003781BB1012630467E
:10B9000004B070BD0B79022B3DD0032B3FD0012B2F
:10B9100035D00B6801934B798DF808308B798DF811
:10B920000930CB798DF80B300B7A8DF80C304B7ACF
:10B930008DF80D30204B1B78002B34D01E4B5B78DC
:10B940006BB31D4B9B7833B303230C460546C3EB07
:10B95000C30301AA194901EBC3014068FEF70CFCBF
:10B960000646E16819B122696868FEF759FB61690A
:10B970000029C4D0A2696868FEF75CFBBFE700231A
:10B980008DF80A30C5E701238DF80A30C1E702239C
:10B990008DF80A30BDE70223094E1D4606E001235B
:10B9A000084E1D4602E0044E00252B464468064A18
:10B9B000545501223270C8E790120020E411002093
:10B9C00092120020911200208C12002008B50378FA
:10B9D0000BB1012008BD4068FEF736FB08BD08B575
:10B9E00003780BB1012008BD4068FEF73FFB08BD9E
:10B9F00008B503780BB1012008BD4068FEF72CFCA8
:10BA000008BD10B51C2001F009FB044620B100233D
:10BA100040F8043B00F002F8204610BD00F1080396
:10BA200043604FF0FF328260C36003610023036014
:10BA3000704700230361704743684B609A688A60CF
:10BA40009A68516099600861036801330360704728
:10BA500030B40D68B5F1FF3F02D000F1080202E0FA
:10BA6000026904E01A4653681C68A542FAD253687A
:10BA70004B6099608A60516008610368013303601C
:10BA800030BC704703694268816891608268416890
:10BA900051605A68904204BF82685A600022026175
:10BAA0001A68013A1A601868704710B5044601F028
:10BAB000B1F9A46B01F0BEF9B4FA84F0400910BDED
:10BAC00070B504461646856B026C5AB903680020AF
:10BAD00013B10135A56370BD606800F05FFF0023FE
:10BAE0006360F6E76EB9806805F074FBA368226CAA
:10BAF0001344A3606268934219D32368A3600020B3
:10BB0000E7E7C06805F066FB226C5242E368134425
:10BB1000E36021688B4202D263681A44E260022E1D
:10BB200001D00020D5E725B1013D0020D1E700205C
:10BB3000CFE70020CDE7026C72B110B5C3681344A3
:10BB4000C3604468A34224BF0368C3600C46C16855
:10BB5000204605F03FFB10BD704770B5054601F06B
:10BB600059F995F8454064B2002C03DD6B6A05F184
:10BB70002406E3B9FF2385F8453001F05BF901F0B5
:10BB800049F995F8444064B2002C03DD2B6905F1B6
:10BB90001006DBB9FF2385F8443001F04BF970BD86
:10BBA000013C64B2002CE5D06B6A002BE2D0304639
:10BBB00000F05EFE0028F3D000F0DAFEF0E7013C72
:10BBC00064B2002CE6D02B69002BE3D0304600F0A5
:10BBD0004FFE0028F3D000F0CBFEF0E738B5044666
:10BBE0000D4601F017F92268216CE36B03FB01F3AA
:10BBF000D01860600020A063A2605B1A1344E36069
:10BC0000FF2384F8443084F84530A5B923691BB973
:10BC100001F010F9012038BD04F1100000F028FEF9
:10BC20000028F5D04FF08052074B1A60BFF34F8FBA
:10BC3000BFF36F8FECE704F11000FFF7EFFE04F1A4
:10BC40002400FFF7EBFEE3E704ED00E0F8B506465D
:10BC50000D46174600FB01F0503001F0DFF90446B5
:10BC600058B165B100F150030360E663256401211A
:10BC70002046FFF7B3FF84F84C702046F8BD2060E3
:10BC8000F3E710B50C4602220021FFF7DFFF034661
:10BC900000B18463184610BD2DE9F04784B0044616
:10BCA000884601921D464FF000094E46424F33E050
:10BCB0002A4641462046FFF703FF636A73B938B14D
:10BCC0004FF080523C4B1A60BFF34F8FBFF36F8F22
:10BCD00001F0B0F8012004B0BDE8F08704F12400C1
:10BCE00000F0C6FD0028F3D04FF08052324B1A60AE
:10BCF000BFF34F8FBFF36F8FEAE701F09BF800208F
:10BD0000E9E702A800F0EEFD14E02046FFF725FF6A
:10BD100000F082FC4FF0010901F07CF8A26BE36BAC
:10BD20009A42C5D3022DC3D0019B002BE5D0B9F1B7
:10BD3000000FE6D001F07EF800F0D4FB01F06AF8C5
:10BD400094F844305BB2B3F1FF3F08BF84F844601D
:10BD500094F845305BB2B3F1FF3F08BF84F845600B
:10BD600001F068F801A902A800F0C8FDE8B901F0E7
:10BD700051F8D4F838A0D4F83C9001F05BF8CA45EB
:10BD8000C3D1019904F1100000F050FD2046FFF7E7
:10BD9000E4FE00F041FC0028BCD14FF080533B6032
:10BDA000BFF34F8FBFF36F8FB4E72046FFF7D5FE89
:10BDB00000F032FC00208EE704ED00E02DE9F843AE
:10BDC0000446894690461E4601F0F2F8EFF31187CB
:10BDD0004FF0100383F31188BFF36F8FBFF34F8FC2
:10BDE000A26BE36B9A4206D3022E04D0002087F3A5
:10BDF0001188BDE8F88394F845506DB23246494643
:10BE00002046FFF75DFEB5F1FF3F05D001356DB26D
:10BE100084F845500120EAE7636A0BB90120E6E7A0
:10BE200004F1240000F024FD30B1B8F1000F05D07A
:10BE30000120C8F80000DAE70120D8E70120D6E7A2
:10BE400070B504460E4601F0B3F8EFF311854FF0DC
:10BE5000100383F31188BFF36F8FBFF34F8FA26B73
:10BE6000E36B9A421CD294F845305BB20132A26374
:10BE7000B3F1FF3F07D001335BB284F845300120B6
:10BE800085F3118870BD636A0BB90120F8E704F1EE
:10BE9000240000F0EDFC28B136B101203060EFE75E
:10BEA0000020EDE70120EBE70120E9E72DE9F04371
:10BEB00085B004468846019200263546DFF8F890A2
:10BEC00035E041462046FFF736FE7B1EA36323691B
:10BED0002BB900F0AFFF012005B0BDE8F08304F1FD
:10BEE000100000F0C5FC0028F3D04FF08052324B18
:10BEF0001A60BFF34F8FBFF36F8FEAE700F09AFF2E
:10BF00000020E9E702A800F0EDFC1AE02046FFF768
:10BF100024FE00F081FB09E02046FFF71EFE00F042
:10BF20007BFB2046FFF7C1FD002842D1012600F02F
:10BF300071FFA76B002FC4D1019B002BDED0002E18
:10BF4000E0D000F077FF00F0CDFA00F063FF94F846
:10BF500044305BB2B3F1FF3F08BF84F8445094F81B
:10BF600045305BB2B3F1FF3F08BF84F8455000F0A5
:10BF700061FF01A902A800F0C1FC0028CCD1204635
:10BF8000FFF793FD0028C1D0019904F1240000F0CF
:10BF90004DFC2046FFF7E1FD00F03EFB0028C5D137
:10BFA0004FF08053C9F80030BFF34F8FBFF36F8F4E
:10BFB000BCE7002090E700BF04ED00E038B505467F
:10BFC00000F028FFAB6BEC6BE41A00F033FF204667
:10BFD00038BD000010B40B4B1B6843B10123094C62
:10BFE00054F8332022B10133642BF9D106E0002349
:10BFF000044A42F8331002EBC30358605DF8044B67
:10C00000704700BF941200200B4B5B68984209D028
:10C01000094A0123D168814205D001330832642BDB
:10C02000F8D170470023044A002142F8331002EB94
:10C03000C3035960704700BF9412002010B5044636
:10C04000FFF7E2FF204601F06FF810BD70B504461F
:10C050000D46164600F0DEFE94F844305BB2B3F1B4
:10C06000FF3F04BF002384F8443094F845305BB2AE
:10C07000B3F1FF3F04BF002384F8453000F0DAFE3F
:10C08000A36B1BB12046FFF768FD70BD3246294601
:10C0900004F1240000F0D8FBF4E70000084B1B6813
:10C0A0001B683BB1064B1B68DB68DB685A68054BB5
:10C0B0001A6070474FF0FF32024B1A60704700BFA2
:10C0C000B8150020A816002080B5164D164F174E43
:10C0D000DFF860802B68BBB100F09CFEFB68DC6879
:10C0E000201DFFF7CFFC3368013B33602B68013B19
:10C0F0002B6000F09FFE206B01F016F8204601F047
:10C1000013F82B68002BE7D1094B1B68012BE1D9F1
:10C110004FF08053C8F80030BFF34F8FBFF36F8FDD
:10C12000D8E700BF68160020DC1600206416002047
:10C13000C015002004ED00E070B504460E461F4B0C
:10C140001D681F4B1A68002182F8651018680430BA
:10C15000FFF798FC48B91A4B1A681A490B68D06A5D
:10C160000122824023EA02030B60B4F1FF3F13D0A7
:10C170002C44134B1B685C60A54216D8124B186800
:10C180000F4B19680431FFF763FC104B1B689C428E
:10C190003CBF0E4B1C6070BD002EE9D0084B1968E7
:10C1A00004310B48FFF748FC70BD0A4B1868044B7C
:10C1B00019680431FFF74CFC70BD00BFF016002079
:10C1C000B415002078160020B8150020A81600200D
:10C1D000C8160020BC1500202DE9F04F83B0019057
:10C1E000894698460D9E9500284600F017FF0028C6
:10C1F00000F092800746682000F010FF04460028F7
:10C2000000F0878007632A46A521384604F0EDFF39
:10C21000043D236B1D4425F0070599F8003084F890
:10C22000343099F8003063B14B4604F1340209F11F
:10C230000F01587802F8010F13F8010F08B18B4273
:10C24000F7D1002784F843700C9B072B28BF0723E6
:10C250009A46E362E364276504F1040B5846FFF74E
:10C26000E8FB04F11800FFF7E4FB2461CAF10803BE
:10C27000A3616462E7656765A765276684F86470F3
:10C2800084F8657042460199284600F09BFD2060C5
:10C2900006B1346000F0BEFD364A13680133136006
:10C2A000354B1B68002B3AD0344B1B683BB9324BE3
:10C2B0001B68DA6AE36A9A429CBF2F4B1C60304AC3
:10C2C0001368013313606364E06A2E4A1168012326
:10C2D00083400B43136000EB800059462A4B03EB6D
:10C2E0008000FFF7A9FB00F0A5FD244B1B68002B85
:10C2F00039D0214B1B68DA6AE36A9A4237D24FF091
:10C300008052224B1A60BFF34F8FBFF36F8F012013
:10C310002AE0384600F008FF4FF0FF3024E0164BCB
:10C320001C601368012BCAD1174D05F1A0062846E1
:10C33000FFF774FB1435AE42F9D1154E3046FFF7C6
:10C340006DFB144D2846FFF769FB1348FFF766FBAA
:10C350001248FFF763FB1248FFF760FB114B1E60AA
:10C36000114B1D60ABE7012003B0BDE8F08F012049
:10C37000FAE700BF64160020B4150020C4160020A0
:10C380007416002078160020C015002004ED00E08F
:10C390007C16002090160020B0160020DC1600202D
:10C3A000C8160020B8150020BC15002038B504467A
:10C3B00000F030FD002C37D0251D2846FFF762FB2A
:10C3C00070B9E26A02EB82039B002249CB583BB969
:10C3D00021480368012101FA02F223EA0202026005
:10C3E000A36A1BB104F11800FFF74CFB1B4A13684A
:10C3F000013313601A4B1B689C4218D0194A13680A
:10C40000013B1360206B00F08FFE204600F08CFE95
:10C41000FFF744FE00F00EFD134B1B681BB1104BE1
:10C420001B689C420CD038BD0D4B1C68C4E72946E4
:10C430000E48FFF701FB0E4A136801331360E9E76A
:10C440004FF080520B4B1A60BFF34F8FBFF36F8FCB
:10C45000E9E700BFC0150020781600207416002000
:10C46000B415002064160020C4160020DC1600203D
:10C470006816002004ED00E000B583B0134B019373
:10C48000002300934FF4007211491248FFF7A4FEF5
:10C49000012802D003B05DF804FB00F011FB012875
:10C4A000F8D14FF0100383F31188BFF36F8FBFF300
:10C4B0004F8F4FF0FF32084B1A600122074B1A6072
:10C4C0000022074B1A6000F01DFDE3E7A4160020D0
:10C4D0004C170300C9C00200A8160020C416002093
:10C4E000F0160020024A136801331360704700BF42
:10C4F00070160020014B1868704700BFF01600202E
:10C500002DE9F047394B1B68002B68D1384B1A686E
:10C5100002F10108C3F80080B8F1000F17D0354BC5
:10C520001B68984520D20025334B1B68DB6A03EB60
:10C5300083039B00314AD358022B28BF0125304B7F
:10C540001B68002B0CBF28460120BDE8F0872D4A50
:10C5500011682D4B1868106019602C4A136801335C
:10C560001360FFF79BFDDAE70025264FDFF8A49064
:10C57000DFF888A021E04FF0FF321E4B1A60D3E7AE
:10C580001C4A1360D0E704F11800FFF77BFAE06A59
:10C59000D9F80020012383401343C9F8003000EB91
:10C5A000800031460AEB8000FFF746FA124B1B6809
:10C5B000E26ADB6A9A4228BF01253B681B68002BB0
:10C5C000D9D03B68DB68DC6863689845D8D3261D02
:10C5D0003046FFF757FAA36A002BD4D1D7E70C4AAD
:10C5E0001368013313600025A9E700BF701600200F
:10C5F000F0160020A8160020B4150020C015002059
:10C60000F4160020B8150020BC150020AC16002040
:10C610006C160020781600202DE9F04100F0FAFB9E
:10C620002E4B1A68013A1A601B68002B4DD12C4B17
:10C630001B683BB300242B4E2B4FDFF8C0803368C0
:10C6400013B3F368DC6804F11800FFF71BFA251D2B
:10C650002846FFF717FAE06A3A680123834013433C
:10C660003B6000EB8000294608EB8000FFF7E4F90F
:10C670001E4B1B68E26ADB6A9A42E0D301221C4B24
:10C680001A60DCE7002421E00CB1FFF707FD194B2D
:10C690001C686CB1164E012501E0013C05D0FFF786
:10C6A0002FFF0028F9D03560F7E70022114B1A6000
:10C6B0000F4B1B687BB14FF080520F4B1A60BFF3DA
:10C6C0004F8FBFF36F8F012400E0002400F0B2FB16
:10C6D0002046BDE8F0810024F8E700BF7016002076
:10C6E00064160020B016002078160020B415002033
:10C6F000F41600206C16002004ED00E0C0150020A8
:10C7000038B505460C46FFF7EDFE124B18682A684F
:10C710001444904205D2A24207D92C60A04205D20F
:10C7200011E0A2420ED8A0420CD32C60FFF774FF98
:10C7300070B94FF08052084B1A60BFF34F8FBFF3B0
:10C740006F8F38BD2C600021201AFFF7F5FCEDE754
:10C7500038BD00BFF016002004ED00E010B540B970
:10C760004FF08052094B1A60BFF34F8FBFF36F8FAA
:10C7700010BD0446FFF7B6FE00212046FFF7DCFCA3
:10C78000FFF74AFF0028F3D1EAE700BF04ED00E01D
:10C790001F4B1B681BB101221E4B1A60704710B45F
:10C7A00000221C4B1A601C4B1B681C4A11689942E2
:10C7B00005D21B4A1068C26D521A1A44C265174A44
:10C7C0001360184B1B68B3FA83F3DBB2C3F11F038A
:10C7D000154A9900C81802EB8000446864684460F8
:10C7E00019440246083294420BD003EB83030E4AED
:10C7F00002EB83035B68DA68094B1A605DF8044B4F
:10C80000704760680A46084901EB82025060ECE715
:10C8100070160020F4160020F0160020601600208C
:10C82000B415002078160020C015002010B50C4665
:10C83000044B19681831FFF70BF901212046FFF767
:10C840007BFC10BDB415002038B50D461446074BCF
:10C8500019681831FFF7F0F8002C21460CBF284664
:10C860004FF0FF30FFF768FC38BD00BFB415002063
:10C8700038B5C368DC6804F118052846FFF702F9EB
:10C88000124B1B68EBB9251D2846FFF7FBF8E06A41
:10C890000F4A1168012383400B43136000EB8000B3
:10C8A00029460C4B03EB8000FFF7C6F80A4B1B68C8
:10C8B000E26ADB6A9A4283BF0120084B18600020BD
:10C8C00038BD29460648FFF7B7F8EFE77016002095
:10C8D00078160020C0150020B4150020F4160020A2
:10C8E000B0160020034B1B680360034B1B684360BA
:10C8F000704700BFAC160020F016002070B504464B
:10C900000D4600F087FA174B1B68174A126892F819
:10C91000652092B92A68B2F1FF3F1FD061681348C1
:10C9200000682668864201D08B4219D25B1A934276
:10C930000DD300232B60012405E00B4B1B68002264
:10C9400083F86520012400F075FA204670BDD31AE3
:10C950002B602046FFF7C6FF0024F4E70024F2E72F
:10C960000124F0E7F0160020B4150020AC160020DA
:10C970000122014B1A607047F4160020054B1B681A
:10C9800033B1054B1B68002B0CBF02200020704701
:10C9900001207047C416002070160020002835D0F2
:10C9A00038B50446026D013A0265C06AE16C8842FE
:10C9B0002ED00AB1002038BD251D2846FFF762F8A9
:10C9C00070B9E26A02EB82039B001249CB583BB973
:10C9D00011480368012101FA02F223EA020202600F
:10C9E000E06CE062C0F10803A3610B4A1168012406
:10C9F00004FA00F30B43136000EB80002946054B5B
:10CA000003EB8000FFF718F8204638BD0020704780
:10CA1000002038BDC01500207816002008B5416000
:10CA2000006191420CD8D21A83699A4201D3012045
:10CA300008BD011D094B1868FFF70AF8002008BD62
:10CA40009A4201D2994206D2011D054B1868FEF7A1
:10CA5000FFFF002008BD012008BD00BFFC1600201C
:10CA6000F816002038B500F0D5F90F4B1B6813B14C
:10CA700000F0E0F938BD0D4D2846FEF7CFFF0C4C15
:10CA80002046FEF7CBFF0B4B1D600B4B1C600022BA
:10CA900010210A20FFF7DAF8034B18600028E7D0CE
:10CAA0000649FFF797FAE3E72C170020001700204C
:10CAB00014170020F8160020FC160020541703005D
:10CAC00000B583B0FFF7CEFF084B1B6863B1084B7E
:10CAD0000193032300930023802206490648FFF7B1
:10CAE0007BFB03B05DF804FB0020FAE72C17002065
:10CAF000301700205C170300DDCB020030B585B095
:10CB0000104C2568DDB11C46009101920290052968
:10CB10000EDCFFF733FF02284FF000030CBF089A2A
:10CB20001A46694607480068FFF7B6F805B030BDF9
:10CB30000023224669462846FFF740F9F6E7002021
:10CB4000F4E700BF2C1700202DE9F04782B007461C
:10CB5000FFF7D0FC06461E4B1B68984210D30023FB
:10CB60003B601B4B1E60304602B0BDE8F087CDF83D
:10CB700000804346524641462046FFF7BFFF02E091
:10CB8000144D4FF000082B681A68CAB1DB68D3F85F
:10CB900000A0DC6804F104094846FEF773FF636AED
:10CBA00020469847E369012BEDD1A36953449A4588
:10CBB000DDD26360246149462868FEF749FFE2E759
:10CBC000054A106803490860136001233B60C8E709
:10CBD00028170020F8160020FC1600202DE9F0434D
:10CBE00089B05D4F5D4DDFF87C813B681A6872B19A
:10CBF000DB681E68FFF776FC04A8FFF7A5FF044674
:10CC0000049B002B49D1B04222D200220FE0FFF753
:10CC100069FC04A8FFF798FF0446049B002B3CD155
:10CC20004F4B1B681A68B2FA82F252090026311B78
:10CC30002868FFF70BFAFFF7EFFC38B94FF0805385
:10CC4000C8F80030BFF34F8FBFF36F8F00242EE082
:10CC5000FFF7E2FC3B68DB68D3F80C9009F10400B5
:10CC6000FEF710FFD9F81C30012B04D0D9F824307E
:10CC700048469847EAE7D9F8181033462246314427
:10CC80004846FFF7CBFE0028F0D0002100910B466C
:10CC900032464846FFF732FFE8E7FFF7BDFCD5E72D
:10CCA00007990698059B9847049B002B09DA2246B2
:10CCB00004A92868FFF7FAF8002896D0049B002BF7
:10CCC000EEDB069E736913B1301DFEF7DBFE03A891
:10CCD000FFF73AFF049B092BE9D801A252F823F091
:10CCE00009CD020009CD020009CD0200AFCC02003F
:10CCF0003DCD02004FCD020009CD020009CD02005A
:10CD0000AFCC02003DCD020005990B460246B0694A
:10CD100001443046FFF782FE0028C8D0736A3046CF
:10CD20009847F369012BC2D1B26900942346059953
:10CD30000A4421463046FFF7E1FEB8E70599B161A4
:10CD40000346024601443046FFF768FEAFE730462F
:10CD500000F0EAF9ABE700BFF81600202C1700201E
:10CD6000FC16002004ED00E082B0002301934FF098
:10CD7000100383F31188BFF36F8FBFF34F8F019BB5
:10CD8000002BFCD002B0704708480068006880F3B0
:10CD900008884FF0000080F3148862B661B6BFF3D4
:10CDA0004F8FBFF36F8F00DF00BF000008ED00E082
:10CDB000DFF80C00016841F4700101607047000069
:10CDC00088ED00E04FF0807340F8043C21F0010151
:10CDD00040F8081C054B40F80C3C40F8202C6FF044
:10CDE000020340F8243C4438704700BF69CD02007C
:10CDF000074B19680868B0E8F04F80F30988BFF363
:10CE00006F8F4FF0000080F311887047AFF3008000
:10CE1000B41500204FF0100383F31188BFF36F8F18
:10CE2000BFF34F8F024A136801331360704700BF8E
:10CE3000FC0FFE1F034A1368013B13600BB983F319
:10CE400011887047FC0FFE1F00000000000000006A
:10CE5000EFF30980BFF36F8F154B1A681EF0100FA8
:10CE600008BF20ED108A20E9F04F10602DE909007D
:10CE70004FF0100080F31188BFF34F8FBFF36F8F17
:10CE8000FFF786FC4FF0000080F3118809BC196899
:10CE90000868B0E8F04F1EF0100F08BFB0EC108A21
:10CEA00080F30988BFF36F8F704700BFAFF3008036
:10CEB000B415002008B54FF0100383F31188BFF3B9
:10CEC0006F8FBFF34F8FFFF71BFB18B14FF08052EE
:10CED000024B1A60002383F3118808BD04ED00E0C3
:10CEE000054B00221A6005490A604BF67F31044A5F
:10CEF000116007221A60704710E000E018E000E0BF
:10CF000014E000E010B582B0244B1A78D2B201923E
:10CF1000FF221A701B78DBB28DF803309DF80330C6
:10CF200007221F4B1A609DF8033013F0800F0DD0BD
:10CF3000013A9DF803305B00DBB28DF803309DF8B9
:10CF4000033013F0800FF3D1154B1A60144A1368A5
:10CF50001B0203F4E0631360019BDBB20F4A137002
:10CF6000104B1A6842F470021A601A6842F070425C
:10CF70001A60FFF7B5FF00240B4B1C60FFF718FF8A
:10CF80000A4A136843F040431360FFF7FDFEFFF7C2
:10CF9000FFFBFFF7E9FE204602B010BD00E400E011
:10CFA0003417002020ED00E0FC0FFE1F34EF00E0FE
:10CFB000EFF305830F2B84BF014A9B5C704700BFD2
:10CFC000F0E300E010B4134A00E01A46136883420D
:10CFD000FBD351685418A0420AD041684418A342B8
:10CFE0000BD00360904218BF10605DF8044B70478F
:10CFF0004068014451601046EFE7074C2468A342A3
:10D0000006D05B681944416013681B680360E9E758
:10D010000360E7E748D7002038170020F8B504463A
:10D02000FFF760FA3A4B1B68B3B13A4B1D682542D3
:10D0300064D1002C64D004F1080212F0070F1CBF69
:10D0400022F007020832002A5CD0334B1E68B2423D
:10D050005AD832490C6827E0314A12F0070F1ED027
:10D06000D11D21F0070102F540435B1A0A462B4807
:10D070000260002141601344083B23F00703244869
:10D08000036059601960991A51601360254B19604B
:10D09000214B19604FF000421E4B1A60C5E74FF458
:10D0A0004043E4E721461C4663689A4202D923685C
:10D0B000002BF7D1164B1B689C4227D00F6808370E
:10D0C00023680B6063689B1A102B11D86268B61A2C
:10D0D00011490E60134909688E423CBF11490E6028
:10D0E0001543656000232360FFF796FA3846F8BDC4
:10D0F000A01843606260FFF765FFE7E70027F3E7EA
:10D100000027F1E70027EFE70027EDE70027EBE72F
:10D11000381700203CD7002040D7002048D70020F7
:10D120003C17002044D70020F0B110B5044650F859
:10D13000042C0E4909680A4202D050F8080C00B1CC
:10D1400010BD22EA010244F8042CFFF7CBF9084A8B
:10D1500054F8043C11680B441360A4F10800FFF775
:10D1600031FFFFF759FAEBE7704700BF3CD70020CB
:10D1700040D7002000B583B000684FF0E023D3F81B
:10D18000043DC3F3080393B102A9002341F8043D11
:10D19000FEF756FE01280FD1019B6BB14FF0805274
:10D1A000094B1A60BFF34F8FBFF36F8F04E000236A
:10D1B0001A461946FEF770FD10F1FF3018BF012026
:10D1C00003B05DF804FB00BF04ED00E010B50446B9
:10D1D000FF20FEF756FD2060B0FA80F0400910BD38
:10D1E00008B50068FEF72AFF002008BD08B5F5F76E
:10D1F000D1FEF5F7F9FF034A1368002BFCD0014B71
:10D20000186808BD50D700209FED010B704700BF84
:10D21000000000000000F07F9FED010A704700BF92
:10D220000000807F000000009FED010B704700BFF1
:10D23000000000000000F0FF9FED010A704700BFF2
:10D24000000080FF000000009FED010B704700BF51
:10D25000000000000000F8FF9FED010A704700BFCA
:10D260000000C0FF08B5FFF7EFFF0E4B83ED000B8A
:10D27000FFF7F2FF0C4B83ED000AFFF7C5FF0B4BE6
:10D2800083ED000BFFF7C8FF094B83ED000AFFF7A2
:10D29000CBFF084B83ED000BFFF7CEFF064B83ED72
:10D2A000000A08BD78D7002080D7002058D700207A
:10D2B00060D7002068D7002070D70020D0B557EC89
:10D2C000106B10EE102A3B460A49D1E90001F3F732
:10D2D000E9FC68B94FF0010432463B460649D1E902
:10D2E0000001F3F7DFFC08B94FF00004E0B2D0BD55
:10D2F0000120D0BD58D7002068D7002053EC102B58
:10D3000010EE100A064A9A4301D000207047C3F37A
:10D3100013031BB9003018BF01207047012070476C
:10D320000000F07F08B510B1012803D008BD00F05F
:10D330009DF808BD00F09CF808BD000030B40E4B0D
:10D3400000200021C3E91E01C3E90E01C3E9100159
:10D35000C3E90C01C3E90A010024084DC3E91645DD
:10D36000C3E91801C3E91A01C3E91C01C3E91401A7
:10D37000C3E9120130BC704710D800200000F03F14
:10D3800030B4104B00200021C3E91E01C3E90E0197
:10D39000C3E91001C3E90C0100244FF08045C3E943
:10D3A0000A45C3E91601C3E91801C3E91A01C3E933
:10D3B0001C010024044DC3E91445C3E9120130BC2B
:10D3C000704700BF10D800200000F03FF0B40C8878
:10D3D000844222D231F81340844234D95C0801EBF4
:10D3E000440531F81460864204D9013C35F8026DD9
:10D3F0008642FAD801EB440600E03C46671C36F84A
:10D40000025FA842F9D231F81460811B0904AD1BF8
:10D41000ADB2B1FBF5F189B201E000210C469C42AE
:10D4200011D0013432F8143002EB440434F8020C09
:10D4300083420BD2C31A9BB201FB03F1A0EB114153
:10D4400088B2F0BC704732F81300FAE71B1A9BB29F
:10D4500001FB03F100EB114188B2F2E710B504467D
:10D46000082002F039FD84ED000B10BD704700006C
:10D470002DE9F04F2DED0A8B8DB0A94CE78907F00F
:10D4800001030193A74E06F10408012332464146E9
:10D49000E088FFF79BFF0290A34BD3E910ABA34DAD
:10D4A0006089F3F71DF90022A14BF3F793F99AA3D2
:10D4B000D3E90023F3F78EF900229E4BF3F7B4FA79
:10D4C00052465B46F3F786F9C5E93201A089F3F7C6
:10D4D00007F90022964BF3F77DF98FA3D3E90023D8
:10D4E000F3F778F90022934BF3F79EFA52465B4626
:10D4F000F3F770F9C5E9340101233246414620882B
:10D50000FFF764FF0446F3F7EBF8C5E936010022A4
:10D51000894BF3F7EFFB002823460CBF234601237A
:10D520000A930123324641467D484088FFF74EFF6B
:10D530000446F3F7D5F8C5E9360100227E4BF3F730
:10D54000D9FB002823460CBF234601230B937B4BBA
:10D550001C7804F001087A4A82F80080C4F380063F
:10D56000C4F300195D78774B93F8DBA083F8DB50A8
:10D5700093F8D9306BBB734B012283F8D92083F821
:10D58000DA20704B93F8D730002B40F08D806D4B34
:10D59000012283F8D72083F8D82000200021C3E996
:10D5A0000C01002E00F00E81002200235F49D1E91A
:10D5B0002E01F3F777FB002840F0F98100220023C9
:10D5C0005A49D1E92C01F3F76DFBB0FA80F77F09D6
:10D5D000F9E05C4B93F8DA30022B24D0032B37D0E0
:10D5E000012B14D0574B93ED0E8B0022564B51EC70
:10D5F000180BF3F77FFB00283CD00322514B83F834
:10D60000DA2000200021494BC3E92E01B9E7554536
:10D61000B7D002224B4B83F8DA2000204649434B17
:10D62000C3E92E01ADE7554505D0002042493F4BE7
:10D63000C3E92E01A5E7434F042387F8DA3000221F
:10D640003D4BD7E90E01F2F70FFFC7E90E0198E74E
:10D65000554509D002223B4B83F8DA200020364999
:10D66000324BC3E92E018CE7002000212F4BC3E988
:10D670002E0186E755450DD0324B00200021C3E92D
:10D680000E01022283F8DA2000202B49274BC3E940
:10D690002E0176E70022284B51EC180BF2F7E4FE3E
:10D6A000284BC3E90E016CE7003518BF0125002C9B
:10D6B00018BF85F00105234B93F8D830022B45D0D5
:10D6C000032B5AD0012B15D000200021174BC3E9A2
:10D6D0002C011A4B9B78AB427FF463AF194BC3E923
:10D6E0000C01022283F8D820002013490F4BC3E914
:10D6F0002C0156E7114B9B78AB427FF452AF0222CC
:10D70000104B83F8D82000200B49084BC3E92C01AB
:10D7100047E700BFAFF300806F1283C0CA21094002
:10D72000E4D70020E01703006817030010D800209A
:10D7300000004240008066400000F03F04D8002016
:10D7400001D8002048D90020000024400020B6491C
:10D75000B64BC3E92C01B64B9B78AB423FF421AFEB
:10D76000B44C032384F8D83002460B46D4E90C01AC
:10D77000F2F77AFEC4E90C0113E70022AE4BAD4983
:10D78000D1E90C01F3F7ACFA48B10422A94B83F8B4
:10D79000D82000200021A54BC3E92C0101E7A44BB0
:10D7A0009B78AB427FF4FDAEA24B00200021C3E981
:10D7B0000C01022283F8D82000209B499B4BC3E92F
:10D7C0002C01EEE60027FFB29C4C94F801A094F8DF
:10D7D00002B0E67806F03F063601944DE079F2F7A4
:10D7E0007FFF41EC100B05F1D800FFF737FE0AF080
:10D7F0000300237803EB0020F2F772FFC5E938013C
:10D8000085A3D3E90023F2F7E5FFC5E93A010BF060
:10D810000F004FEA9A0A0AEB8010F2F761FF7EA32D
:10D82000D3E90023F2F7D6FFC5E93C0106EB1B1054
:10D83000F2F756FF78A3D3E90023F2F7CBFFC5E94F
:10D840003E01E07823799B0003EB9010F2F758FF3C
:10D8500071A3D3E90023F2F7BDFFC5E94001784C7D
:10D860002078F2F73DFF41EC100B05F1E000FFF7E7
:10D87000F5FDE378DA090892C3F38013059309EB09
:10D880004803704A13706B4B93ED020B02F0A0FA41
:10D8900085ED420BFFF732FD002800F08A8000245E
:10D8A0000025624BC3E9424520462946F3F76AFA50
:10D8B000C0B2644B587000229A70DA701A715A71B3
:10D8C0009A71DA715B4B93F8BD30002B40F0958074
:10D8D000584B012283F8BD20032283F8BE2000208C
:10D8E0000021524BC3E92001504B93ED20BBD3E9FB
:10D8F00032450022544B20462946F3F7FBF9002815
:10D9000000F072810022504B20462946F2F7AAFD12
:10D91000464BC3E93201454BD3E9344500224A4B1B
:10D9200020462946F3F7E6F9002800F0748100222A
:10D93000454B20462946F2F795FD3C4BC3E934019F
:10D94000002200233949D1E93201F3F7ABF948B19C
:10D95000002200233549D1E93401F3F7A3F9002867
:10D9600040F078810021394B5868324AD36FC31A8E
:10D97000D067B2F8A020D018B0F5805F80F06C813D
:10D980002C4AA2F8A0002B4B93F8BA30002B00F0E1
:10D990006981284B93F8BB30013B042B00F20A83CA
:10D9A000DFE813F07C01230251028C02DF02002722
:10D9B00009E795ED420BFFF781FC00287FF46FAF7C
:10D9C0001A4E9FED171B96ED420B02F07DFB55ECB6
:10D9D000104B86ED420B0022002310EE100A294660
:10D9E000F3F76AF900283FF45FAF204605F10041E4
:10D9F000F3F7C8F94042C0B25BE70E4B93F8BE3074
:10DA0000013B052B00F2DB80DFE813F0220037003A
:10DA10004C009900AE00C4007B14AE47E17A843F0D
:10DA200000000000000070400000F03F10D800200F
:10DA300004D8002048D9002000002440D0D700207E
:10DA4000D8D70020C8D700200000E03F40DA0020EF
:10DA500000208A498A4BC3E920018A4B93F8ED30B4
:10DA6000002B3FF441AF0322864B83F8BE200020F9
:10DA70000021834BC3E9200136E700208249804B17
:10DA8000C3E920017F4B93F8ED30002B3FF42CAF1E
:10DA900003227C4B83F8BE2000200021784BC3E991
:10DAA000200121E700200021754BC3E92001754BBF
:10DAB00093F8B130052B3FF617AFDFE803F00318FA
:10DAC0000D222C3601226F4B83F8BE2000206B49BB
:10DAD0006B4BC3E9200107E705226A4B83F8BE20A0
:10DAE00000204FF08041664BC3E92001FCE6042290
:10DAF000644B83F8BE2000206449614BC3E92001D8
:10DB0000F2E602225F4B83F8BE2000205E495C4BA8
:10DB1000C3E92001E8E606225A4B83F8BE20002024
:10DB20005649574BC3E92201DEE60722554B83F8DD
:10DB3000BE2000205649524BC3E92001D4E6002004
:10DB400052494F4BC3E920014E4B93F8ED30002B67
:10DB50003FF4CAAE03224B4B83F8BE2000200021C5
:10DB6000474BC3E92001BFE600204FF08041444B02
:10DB7000C3E92001434B93F8ED30002B3FF4B4AEE2
:10DB80000322404B83F8BE20002000213C4BC3E918
:10DB90002001A9E600203949394BC3E92201394B5C
:10DBA00093F8ED30002B3FF49FAE0322354B83F802
:10DBB000BE2000200021324BC3E9200194E6002062
:10DBC00033492F4BC3E920012E4B93F8ED30002B46
:10DBD0003FF48AAE03222B4B83F8BE2000200021A5
:10DBE000274BC3E920017FE600222A4B2046294625
:10DBF000F3F776F828B100200021214BC3E9320168
:10DC000089E60022244B20462946F2F72DFC1C4BC6
:10DC1000C3E932017FE600221E4B20462946F3F776
:10DC20005FF868B1164900220023C1E93423D1E925
:10DC30003201F3F737F800283FF494AE012192E661
:10DC40000022154B20462946F2F70EFC0C4BC3E987
:10DC5000340175E6012186E640F6FF72094BA3F810
:10DC6000A02090E6074B012283F8BA20042283F813
:10DC7000BB20FFF763FB01F01CBF00BF0000F03FBB
:10DC800010D8002048D900200000104000000840B3
:10DC9000000014400000E0BF0000E03F844B93F818
:10DCA000EB40002C41F0B586002955D093F8ED30BB
:10DCB000002B51D000207F497F4BC3E908017C4BEA
:10DCC000002283F8BC20032283F8BB207A4B00207B
:10DCD0000021C3E91E01C3E90E01C3E91001C3E934
:10DCE0000C014FF00008DFF8CC91C3E90A89C3E9C1
:10DCF0001601C3E91801C3E91A01C3E91C89C3E984
:10DD00001401C3E91201002C01F0D386684B93F88B
:10DD1000BC30012B39D0684B00200021C3E91E0123
:10DD20000024644DC3E90E45C3E910454FF00008D7
:10DD30004FF08049C3E90C89C3E90A01C3E9160120
:10DD4000C3E91801C3E91A45C3E91C01C3E9140179
:10DD5000C3E9120101F0ADBE0022564B5649D1E98C
:10DD60002201F2F79FFF60B1514BB3F8A02040F6BB
:10DD70008B239A4207D900204E494F4BC3E9080133
:10DD80009DE70124BFE70124BDE7494B93F8F0303C
:10DD9000002B01F08E86484B002283F82E2183F859
:10DDA0002D210221424A82F8BC1000200021C3E943
:10DDB0001E0100243F4DC3E90E45C3E910454FF055
:10DDC00000084FF08049C3E90C89C3E90A01C3E99F
:10DDD0001601C3E91801C3E91A45C3E91C01C3E9E7
:10DDE0001401C3E9120101F064BE314BD3F8EC30E9
:10DDF00013F0FF1F1FD0304B00200021C3E91E018C
:10DE0000C3E90E01C3E91001C3E90C0100244FF07E
:10DE10008045C3E90A45C3E91601C3E91801C3E90E
:10DE20001A01C3E91C010024224DC3E91445C3E9CA
:10DE3000120101F03EBE04221D4B83F8BB20FFF708
:10DE40007DFA01F036BEB8F1000F20D1184B93F8DF
:10DE5000EE3023B3184B00200021C3E91E01C3E9B3
:10DE60000E01C3E91001C3E90C010024114DC3E9FF
:10DE70000A45C3E91601C3E91801C3E91A01C3E958
:10DE80001C45C3E91401C3E9120101F012BE0222CC
:10DE9000074B83F8BB20FFF773FA01F00ABE042298
:10DEA000034B83F8BB20FFF749FA01F002BE00BF25
:10DEB00048D900200000F03F10D8002000229C4BE1
:10DEC00051EC1B0BF2F70CFF00282DD0994B93F867
:10DED000EF30002B28D10022974B9649D1E9000161
:10DEE000F2F7E0FE00B30622924B83F8BB20934B7F
:10DEF00000200021C3E91E01C3E90E01C3E910019E
:10DF0000C3E90C01C3E90A01C3E91601C3E9180119
:10DF1000C3E91A01C3E91C01C3E9140100208649C1
:10DF2000C3E9120101F0C5BD844B00200021C3E903
:10DF30001E01C3E90E01C3E91001C3E90C01C3E9E5
:10DF40000A0100247C4DC3E91645C3E91801C3E961
:10DF50001A01C3E91C01C3E91401C3E9120101F06C
:10DF6000A8BD744B93F8EB30002B41F04B85714BFF
:10DF7000B3F8A030B3F5FA7FC1F07C85B9F1000F9A
:10DF800001F078856D4B012283F82D2183F82E2135
:10DF9000684981F8BB200020A1F8A00081F8BC20CE
:10DFA00000206549C3E91E0100200021C3E91801D2
:10DFB00001F07FBD002200235E49D1E90001F2F7A4
:10DFC00071FEE0B95D4B00200021C3E91E01C3E9E9
:10DFD0000E01C3E91001C3E90C01C3E90A01C3E959
:10DFE0001601C3E91801C3E91A01C3E91C01C3E919
:10DFF000140100205049C3E9120101F05ABD042266
:10E000004C4B83F8BB20FFF799F901F052BD494B07
:10E0100093F8B630012B24D0022B32D000224FF0DF
:10E0200080434649D1E91001F2F73CFE002850D068
:10E030000222404B83F8B620404BD3E93A01C3E9B2
:10E040000001D3E93C01C3E90201D3E93E01C3E980
:10E050000401D3E94001C3E906014FF0010A01F0D0
:10E0600037BD002200233549D1E91001F2F71AFE2D
:10E0700038B303222F4B83F8B6204FF0000A01F08B
:10E0800027BD00222C4B2D49D1E91001F2F70AFEE1
:10E09000D8B14FF0010A274B83F8B6A0274BD3E93C
:10E0A0003A01C3E90001D3E93C01C3E90201D3E924
:10E0B0003E01C3E90401D3E94001C3E9060101F0CF
:10E0C00007BD4FF0010A01F003BD4FF0010A01F056
:10E0D000FFBC4FF0000A01F0FBBC94ED420BFFF7D0
:10E0E000EDF8002841F006859FED0F1B134B93EDD3
:10E0F000420B01F0E9FF55EC104B0022002310EE1B
:10E10000100A2946F2F7D8FD002801F0F5842046D0
:10E1100005F10041F2F736FE40421FFA80F901F0A6
:10E12000F1BC00BFAFF30080000000000000F04031
:10E130000000144048D900200000F03F10D8002013
:10E1400095ED420BFFF7BAF8002841F0F1849FEDFE
:10E15000BE1BC34B93ED420B01F0B6FF56EC105BB8
:10E160000022002310EE100A3146F2F7A5FD002828
:10E1700001F0E084284606F10041F2F703FE404238
:10E1800083B2009301F0DCBC94ED420BFFF796F8EC
:10E19000002841F0EC849FEDAC1BB14B93ED420B9A
:10E1A00001F092FF55EC104B0022002310EE100AF4
:10E1B0002946F2F781FD002801F0DB84204605F1B5
:10E1C0000041F2F7DFFD40421FFA80F801F0D7BCB2
:10E1D00094ED420BFFF772F8002841F0E684DFF877
:10E1E00080B29FED991B9BED420B01F06DFF55EC4A
:10E1F000104B8BED420B0022002310EE100A294633
:10E20000F2F75AFD002801F0D584204605F10041BF
:10E21000F2F7B8FD40421FFA80FB01F0D1BC914BF0
:10E2200093F8B830022B25D0032B39D0012B14D012
:10E230008C4BD3E9068900228B4B40464946F2F7C6
:10E2400059FD00283ED00322864B83F8B8200022D7
:10E25000834B83F8262101F016BDA54201F01385FA
:10E260000222804B83F8B82001227D4B83F82621BF
:10E2700001F009BDA54205D00122794B83F8262182
:10E2800001F001BD774C042384F8B8300022774BAD
:10E29000D4E90601F2F7E8F8C4E9060101F0F3BC9D
:10E2A000A54209D002226F4B83F8B82001226C4BA3
:10E2B00083F8262101F0E7BC0022694B83F8262170
:10E2C00001F0E1BCA5420DD0664B00200021C3E95E
:10E2D0000601022283F8B8200122614B83F826212F
:10E2E00001F0D1BC0022614B40464946F2F7BCF830
:10E2F0005C4BC3E9060101F0C6BC0022594B83F810
:10E30000E820574AD2E92001C3E90201059C83F8BD
:10E31000ED4093F8D330002B50D1524B012283F8BB
:10E32000D320062283F8D420514B4D4A92F8252160
:10E3300004EB42041C7000225A709A70DA701A7151
:10E340005A719A71DA714B4B1B781B09454A82F856
:10E35000B1303FA3D3E9002351EC1C0BF2F7C0FC12
:10E36000002800F049813AA3D3E9002351EC180BAF
:10E37000F2F7B6FC002800F0628137A3D3E900234E
:10E3800051EC190BF2F7ACFC002800F05A8132A3D3
:10E39000D3E9002351EC1A0BF2F7A2FC003018BFAE
:10E3A00001202AE10022A9E70022A7E70022A5E731
:10E3B0000022A3E70022A1E700229FE7294B93F860
:10E3C000D430013B062B00F20581DFE813F0070093
:10E3D00018002900550067007900F100204910233A
:10E3E00081F825310022214BD1E91A01F2F75AFCBC
:10E3F000002899D106221B4B83F8D42094E71849B2
:10E40000402381F825310022184BD1E91401F2F79D
:10E4100049FC002888D10622124B83F8D42083E7D8
:10E420000F49202381F825310022104BD1E91C012E
:10E43000F2F738FC00287FF477AF0622094B83F807
:10E44000D42071E7AFF30080000000000000F0402E
:10E45000894160E5D022EB3F5839B4C876BEE73F2A
:10E4600010D8002048D90020000024400000F03FD0
:10E4700084D700208CD700207749012381F82531EB
:10E480000022764BD1E91601F2F70CFC00287FF44C
:10E490004BAF0622724B83F8D42045E76E49042324
:10E4A00081F8253100226D4BD1E91801F2F7FAFB12
:10E4B00000287FF439AF0622694B83F8D42033E774
:10E4C0000022664B6449D1E91601F2F7EBFB40B13B
:10E4D0000422634B83F8D42001225F4B83F825216B
:10E4E00022E700225D4B5C49D1E91201F2F7DAFB29
:10E4F00040B107225A4B83F8D4200222564B83F8AE
:10E50000252111E70022554B5349D1E91801F2F7B3
:10E51000C9FB40B10522524B83F8D42004224E4B54
:10E5200083F8252100E700224C4B4B49D1E91E011D
:10E53000F2F7B8FB38B10823494A82F8D430464A8A
:10E5400082F82531F0E60022444B4349D1E91A0113
:10E55000F2F7A8FB40B10122414B83F8D4201022EE
:10E560003D4B83F82521DFE600223C4B3A49D1E9B7
:10E570001C01F2F797FB40B10322394B83F8D420FA
:10E580002022354B83F82521CEE60022334B324939
:10E59000D1E91401F2F786FB00283FF4C5AE022250
:10E5A0002F4B83F8D42040222B4B83F82521BBE648
:10E5B0002949022381F825310022284BD1E9120193
:10E5C000F2F770FB00287FF4AFAE0622244B83F8ED
:10E5D000D420A9E62049082381F8253100221F4BC9
:10E5E000D1E91E01F2F75EFB00287FF49DAE062202
:10E5F0001B4B83F8D42097E60020194B83F8EE00DC
:10E6000011A3D3E9002340464946F2F769FB68BBF2
:10E61000019B002B00F03F82124901230A4604317E
:10E620001148C088FEF7D2FEF2F76AF808A3D3E9D2
:10E630000023F2F755FB003018BF012017E000203F
:10E64000DBE70020D9E700BFCDCCCCCCCCCCEC3F75
:10E65000AE47E17A14AEE73F10D800200000F03F4B
:10E6600048D90020E0170300E4D700200020C04B69
:10E6700083F8EF00BF4C94F8262183F8E720BE4BC7
:10E68000DA781E7906EB0226A6F58066BB4B587831
:10E69000F2F726F8D4E93823F1F7E6FE0022B84B6A
:10E6A000F1F7E0FE0022B74BF2F794F80022B44BEA
:10E6B000F1F7DAFE41EC100B01F08AFB84ED420B1E
:10E6C000FEF71CFE002800F0E88100240025A94B7D
:10E6D000C3E9424520462946F2F754FB85B202368B
:10E6E000A34B042E8CBF0022012283F8F020A64AFF
:10E6F00054689A6FA21A9C6793F8B430991801294C
:10E7000040F2F08101229A4B83F8B420984B93F8A1
:10E71000B230002B40F0EA81954B012283F8B22001
:10E72000032283F8B320934B002283F8222183F83D
:10E730002321002200238F49D1E92201F2F7DAFADE
:10E74000002800F04D822046F1F7CAFF86A3D3E9E6
:10E750000023F2F73FF841EC100B01F06DFC0022B2
:10E760008A4B51EC100BF2F735F841EC100B01F02D
:10E770002FFB804B83ED380B0022814B7D49D1E983
:10E780003801F1F771FE41EC100BFEF7B7FD0028E0
:10E7900000F02E8200200021764BC3E94201754C27
:10E7A000D4E94201F2F7EEFA80B2C1B294F82251F4
:10E7B000774A1570002353709370000AD07011715E
:10E7C00094F82331537194F824419471003318BFA5
:10E7D0000123002D18BF83F00103002C18BF83F024
:10E7E000010300290CBF194683F0010100280CBF6A
:10E7F000084681F00100D0715D4B93F8E330002BA7
:10E8000040F006825A4B012283F8E320022283F86B
:10E81000E420032283F8E520002283F8F120544B02
:10E8200093F8DF30002B40F09C82514B012283F89B
:10E83000DF20022283F8E020032283F8E120002079
:10E840000021C3E91401504B5968494AD2F89C3061
:10E85000CB1AC2F89C1092F8DE20D018FF2894BF83
:10E860000246FF22424B83F8DE20414B93F8DC3016
:10E87000002B40F01E833E4B012283F8DC2083F8FE
:10E88000DD203C4B93ED308B394B83ED008B93F8BF
:10E89000E900404A1070D3F898208A1AC3F89810FB
:10E8A000B3F8A2309918B1F5806F80F01C83304A1C
:10E8B000A2F8A2102E4B93F8D530002B40F019830C
:10E8C0002B4B012283F8D52083F8D6200022284B39
:10E8D0005B6F622B40F33383002025494867002A91
:10E8E00000F03C83312B8CBF002301232A4A137094
:10E8F000204B93F83111294A11701D48264A12788D
:10E9000080F8EC2093F82D2180F8E92093F82E313F
:10E9100080F8EA3000F1A403214AAC3013F8011B5F
:10E9200002F8011F8342F9D1114B93F8E85093F894
:10E93000AE40002200231B49D1E90001F2F7DAF9C9
:10E9400030B1A54294BF002201220A4B83F82B214B
:10E95000002200231349D1E90201F2F7CBF950B3A9
:10E9600022E000BFAFF300807B14AE47E17A843F22
:10E9700048D9002010D80020C0D70020D8D70020C8
:10E98000000090400000144040DA00200080564013
:10E99000B8D7002000D80020F6D700204CDA00209D
:10E9A00093D7002068170300A5422CBF0024012440
:10E9B000AF4B83F82C41AF4B93F8AF4000220023BC
:10E9C000AD49D1E90401F2F795F930B1A74294BFFE
:10E9D00000220122A64B83F8292100220023A64908
:10E9E000D1E90601F2F786F930B1A7422CBF002425
:10E9F00001249F4B83F82A41089E9E4B93F8B04018
:10EA0000002200239C49D1E90801F2F773F930B1E3
:10EA1000A64294BF00220122954B83F827210022B1
:10EA200000239549D1E90A01F2F764F930B1A64211
:10EA30002CBF002401248E4B83F828418C4B93F883
:10EA40002B31002B40F08E82894B93F82C31002B18
:10EA500040F02483864BD3F8283123F07F4323F002
:10EA6000FF03002B40F01C83814B93F82731002BD0
:10EA700040F018837E4B93F82831002B40F014832C
:10EA8000002200237A49D1E90801F2F70BF9B0FA24
:10EA900080F0400967E20020E9E594ED420BFEF7C3
:10EAA0000DFC00287FF411AEDFF8C4819FED6E1BD2
:10EAB00098ED420B01F008FB55EC104B88ED420B32
:10EAC0000022002310EE100A2946F2F7F5F800287C
:10EAD0003FF400AE204605F10041F2F753F9404201
:10EAE00085B2FCE5634A82F8B4100FE6614B93F8F7
:10EAF000B330012B1FD0022B4ED000225F4B5C495C
:10EB0000D1E90E01F2F7CEF800283FF412AE594BCE
:10EB1000012283F8B320002283F8B420544B202133
:10EB200083F82211A3F8205183F82321544A9278C4
:10EB300083F82421FDE5002200234D49D1E90E018F
:10EB4000F2F7B0F850B103224A4B83F8B320484B98
:10EB5000002283F8222183F82321EAE5454B93F82C
:10EB6000B430002B3FF4E5AD424B93F8EA30002B74
:10EB70003FF4DFAD02223F4B83F8B3203C4B202211
:10EB800083F822210422A3F82021552283F823218F
:10EB9000142283F82421CCE5042E13D8354B01220E
:10EBA00083F8B320002283F8B420314B202183F86E
:10EBB0002211A3F8205183F82321314A927883F857
:10EBC0002421B6E52A4B202283F822210422A3F82F
:10EBD0002021552283F82321142283F82421A8E53B
:10EBE000234CB4F82001F1F77BFDC4E93801C3E5FB
:10EBF0001F4C0022234BD4E93801F1F735FC9FED7F
:10EC00001A1B41EC100B01F05FFA84ED420BC6E5D4
:10EC1000184B93F8E430012B14D0164B93F8F130D5
:10EC2000012B4ED0134B93F8E530012B54D0022B1F
:10EC300075D0104B022283F8E52000200021C3E9A3
:10EC40001801ECE50B4B93F8F130EBB9094B0022BE
:10EC500083F8E620022183F8E410032183F8E5100D
:10EC600083F8F120DBE500BF000000000000F04069
:10EC700010D8002048D90020681703000000F03F9A
:10EC8000D8D7002000009040AF4B93F8E630012B1E
:10EC90003FF4C5AD00220023AB49D1E91601F2F7DC
:10ECA00001F820B10222A84B83F8E620B7E5A64A76
:10ECB000012382F8E630002382F8F130A34A137072
:10ECC000ADE5A14B002283F8E520012283F8E42082
:10ECD000022283F8E620A2E59B4BD3E918450022E7
:10ECE000002320462946F1F7DDFF40B1964B022272
:10ECF00083F8E52000200021C3E918018FE50022F8
:10ED0000934B20462946F1F7CDFF00283FF487AD0D
:10ED100001238D4A82F8F1308C4A13707FE58A4BCB
:10ED2000D3E918450022002320462946F1F7BAFF0F
:10ED300028B100200021844BC3E918016FE50022AF
:10ED4000834B20462946F1F7ADFF00283FF467AD1D
:10ED50007D4A012382F8E53082F8F1307B4A137056
:10ED60005DE5794B93F8E030012B13D00022784B0E
:10ED70007549D1E91401F1F795FF002840D0724B95
:10ED8000002283F8E120012283F8E020022283F8A8
:10ED9000E22058E5002200236B49D1E91401F1F784
:10EDA00081FF70B1684B002283F8E220022283F8D1
:10EDB000E020032283F8E12000200021C3E91401B0
:10EDC00041E5614B93F8E230012B3FF43CAD00226A
:10EDD00000235D49D1E91201F1F764FF20B102225D
:10EDE000594B83F8E2202EE5574B012283F8E220AD
:10EDF00000200021C3E914010022564B1A7022E5BD
:10EE0000514B93F8E130012B0AD0022B2DD04E4B01
:10EE1000022283F8E12000200021C3E9100112E55D
:10EE2000494BD3E910450022002320462946F1F73B
:10EE300039FF40B1444B022283F8E1200020002139
:10EE4000C3E91001FFE40022414B20462946F1F7B7
:10EE500029FF00283FF4F7AC00203D493A4BC3E9B5
:10EE6000140101223B4B1A70EDE4374BD3E91045F6
:10EE70000022002320462946F1F714FF28B1002084
:10EE80000021314BC3E91001DDE40022304B204664
:10EE90002946F1F707FF00283FF4D5AC2A4A0123A1
:10EEA00082F8E13000202A49C2E91401294A13708E
:10EEB000C9E4254B93F8DD30012B0ED0224B93F89B
:10EEC000DE30C72B7FF6DDAC234B002283F83121E7
:10EED00000240025C3E93045D3E4002400251E4B5F
:10EEE000C3E93045CDE440F2FF32174BA3F8A2202E
:10EEF000E0E4154B93F8D630012B0BD0124BB3F84E
:10EF0000A230B3F5617F18D301220F4B83F8D620CE
:10EF10000022DCE400220E4B0F49D1E91401F1F785
:10EF2000C1FE40B1084B022283F8D6200022A3F88C
:10EF3000A2200122CBE40022C9E40122C7E4591C2B
:10EF400001484167CBE400BF48D90020E0D700204A
:10EF50000000F03F0CD8002010D800200022764B93
:10EF60001A70C5E40120754B1870754B9B6E042B0D
:10EF70008CBF00220122082B40F398800021704BA7
:10EF80009966704B1A706E4B83F8AE5083F8AF7071
:10EF900083F8B0600022002351EC1B0BF1F7AAFEAE
:10EFA000D0B1694B9879F1F79BFB684BD3E93623D5
:10EFB000F1F75AFA5AA3D3E90023F1F753FA0446BA
:10EFC0000D460022624BF1F795FE002872D000201A
:10EFD0005F495E4BC3E92A01B0EE480AF0EE680AC9
:10EFE00000F0F6FE594B83ED420BFEF787F900283F
:10EFF00071D00024002520462946F1F7C3FEC0B297
:10F0000000F001030193534B93F86AA04FEA4A0AB8
:10F010005FFA8AFA93F86C70BF00FFB293F86E60E3
:10F020003601F6B293F87050AD01EDB293F872402C
:10F03000E401E4B2002200234449D1E91201F1F7CE
:10F0400059FE002800F0A4800A9A91460B9B059374
:10F05000D01AF1F755FB34A3D3E90023F1F740FEB2
:10F0600000287DD0DFF8D88000223B4BD8E908018A
:10F07000F1F7FAF9C8E908010022384BF1F730FE40
:10F08000002800F0A18100203349304BC3E928015A
:10F09000002000212D4BC3E9260179E0012062E721
:10F0A000012060E701205EE701205CE7013324498D
:10F0B0008B6666E70022002320462946F1F7FCFD17
:10F0C00018B9224BC3E92A4586E7002000211F4BCF
:10F0D000C3E92A0180E71D4B93ED420BFEF7EEF8E2
:10F0E000002886D19FED121B184B93ED420B00F0C8
:10F0F000EBFF55EC104B0022002310EE100A2946BE
:10F10000F1F7DAFD00283FF476AF204605F1004123
:10F11000F1F738FE4042C0B272E700BFAFF30080A3
:10F12000000000000088B3409A9999999999B93FD5
:10F130000000000000007040F6D70020F7D7002044
:10F1400048D90020F8D70020D0D7002010D80020C0
:10F1500000804B40681703000000F03F00000840AB
:10F1600000220023C049C1E90823C049C1E928237E
:10F17000059B4B441846F1F7C3FA0022BC4BF1F74C
:10F1800029FB0022BB4BF1F725FBB84BC3E9260155
:10F19000B54B93F8BF30002B40F02181B24B0122D8
:10F1A00083F8BF20022283F8C02000200021AF4B4B
:10F1B000C3E92401DFF8B48298ED240B00F008FEC7
:10F1C00088ED420BFEF79AF8002800F076814FF0A8
:10F1D00000084FF00009A54BC3E942894046494663
:10F1E000F1F7D0FD00F59C50083081B2A24AB2F888
:10F1F00054E04FEA1E1EB2F856C09C4BB2F8528043
:10F20000B2F84E00000A00EB081083F8120183F8F0
:10F210001411B2F85E804FEA1828B2F86200000AB2
:10F2200092F8739083F8189183F8198192F874809A
:10F2300083F81A8183F81B01002083F81C0183F8EE
:10F240001D0183F81E0183F81F0107EB0A003044FB
:10F25000284404440198204483F81001B2F85A006D
:10F2600083F8110183F813E1090A83F81511B2F844
:10F27000582083F816214FEA1C2583F817517A4A43
:10F2800092F8AC107D4800F8011B92F8AD207C4943
:10F2900001F8012B03F5887203F2171312F8014BE2
:10F2A00000F8014BD47901F8014B9A42F6D1754B25
:10F2B000DE896D4B93F8EE10734A1170734A5468EF
:10F2C000D3F88C20A21AC3F88C4093F8CC3099184C
:10F2D0007F2994BF0A467F22634B83F8CC20624B80
:10F2E00093F8CA30002B40F00F815F4B012283F866
:10F2F000CA2083F8CB20002283F8CC205A4AD2F8C7
:10F300008830E31AC2F8884092F8C920D118FF2942
:10F3100000F26581544A82F8C910534B93F8C73004
:10F32000002B40F06181504B012683F8C76083F8C1
:10F33000C860002283F8C9200298F1F7E1F948A3D8
:10F34000D3E90023F1F7C2FC002840F061810022DC
:10F35000474B4649D1E93E01F1F7B8FC002840F09F
:10F360008781424B93F83031002B40F083813CA3DE
:10F37000D3E900233D49D1E93201F1F7A7FC002888
:10F3800040F07A8136A3D3E900233849D1E93A0124
:10F39000F1F79CFC002840F0718131A3D3E90023F0
:10F3A0003249D1E93C01F1F791FC002840F0688135
:10F3B0002BA3D3E900232D49D1E93401F1F786FCD1
:10F3C000002818BF012624E1002200232749D1E9A3
:10F3D0002801F1F767FC00283FF45AAEC8E6224B3B
:10F3E00093F8C030012B15D0022B26D00022002329
:10F3F0001E49D1E91201F1F755FC00283FF4DAAEBD
:10F400000222194B83F8C02000200021174BC3E9CA
:10F410002401CFE60022002351EC1B0BF1F76AFC1C
:10F4200000287FF4C7AE02220F4B83F8C0200020D3
:10F4300000210E4BC3E92401BCE60022144B0B490A
:10F44000D1E91201F1F72EFC20B30322064B83F819
:10F45000C020064BD3E92601C3E92401AAE600BF78
:10F46000295C8FC2F528BC3F48D9002010D8002065
:10F470000000E03F0000494068170300A8D70020C3
:10F48000B0D70020E4D70020FDD7002040DA0020CC
:10F490000000F03F0022002351EC1B0BF1F72AFC87
:10F4A00000283FF487AE0122B14B83F8C020B14B56
:10F4B000D3E92A01C3E924017CE698ED420BFDF76C
:10F4C000FDFE00287FF483AE9FEDA71BA94B93EDB3
:10F4D000420B00F0F9FD59EC108BA64B83ED420B6B
:10F4E0000022002310EE100A4946F1F7E5FB002840
:10F4F0003FF474AE404609F10041F1F743FCC0F51A
:10F500009C50083081B271E6C6F34006984B93F8E0
:10F51000CB30022B24D0032B4DD0012B0ED0002E4C
:10F5200058D0934E022386F8CB300022924BD6E976
:10F530000A01F0F799FFC6E90A01DFE68C4B93F860
:10F54000CC30632B7FF6DAAE002E7FF4D7AE0422E8
:10F55000874B83F8CB200122864B83F82F21CDE601
:10F56000834BD3E90A890022844B40464946F1F790
:10F57000C1FB40B103227E4B83F8CB2000227D4BA0
:10F5800083F82F21BAE666B9794B00200021C3E940
:10F590000A01042283F8CB200122764B83F82F2125
:10F5A000ACE60022744B40464946F0F75DFF704BD5
:10F5B000C3E90A01A2E646B904226D4B83F8CB20C9
:10F5C00001226C4B83F82F2198E60022694B83F8C7
:10F5D0002F2193E60122674B83F82F218EE6FF222D
:10F5E000634B83F8C92098E6614B93F8C830012B30
:10F5F00001D00026A0E65E4B93F8C930C72B05D991
:10F6000002225B4B83F8C820002695E6012693E68C
:10F6100001265B4B1E70564AD2F88430E31AC2F8BA
:10F62000844092F8C620D118FF292BD8504A82F87E
:10F63000C6104F4B93F8C4304BBB4D4B012283F89F
:10F64000C420032283F8C520002283F8C6204EF68A
:10F650006022474BDB6E622B45DD00204449C866C3
:10F660000A2A49D949F640418A4240DD012344E053
:10F670000126CEE70126CCE70126CAE70126C8E726
:10F680000126C6E7FF223A4B83F8C620D1E7384B64
:10F6900093F8C530013B032B1AD8DFE803F0021FB3
:10F6A00008130222324B83F8C5200022D1E7304BE9
:10F6B00093F8C630C72B13D904222D4B83F8C520ED
:10F6C0000022C6E702222A4B83F8C5200022C0E7A9
:10F6D0000222274B83F8C5200022BAE70022B8E7B0
:10F6E0004EF66022B5E7591C2148C166B8E7312BB8
:10F6F0008CBF0023012300E00023224A13701C4A20
:10F70000D2F88030E31AC2F8804092F8C320D118B2
:10F71000FF2921D8164A82F8C310154B93F8C1303F
:10F7200093BB134B012283F8C120042283F8C2202B
:10F73000002283F8C3204EF660220D4B1B6F622B14
:10F740004EDD00200A4908670A2A52D949F640418D
:10F750008A4249DD01234DE0FF22054B83F8C32097
:10F76000DBE700BFAFF30080000000000000F040C6
:10F7700048D9002010D800200000F03F00002440AD
:10F78000FED70020FAD70020A74B93F8C230013BE8
:10F79000032B1AD8DFE803F0021F080E0222A24B47
:10F7A00083F8C2200022C8E702229F4B83F8C220C0
:10F7B0000022C2E79C4B93F8C330C72B0DD905221A
:10F7C000994B83F8C2200022B7E70222964B83F8B8
:10F7D000C2200022B1E70022AFE74EF66022ACE77C
:10F7E000591C91480167AFE7312B8CBF00230123DF
:10F7F00000E000238D4A13708B4AD2F89430E31A4C
:10F80000C2F8944092F8D220D118FF2940D8864AF5
:10F8100082F8D210844B93F8D030002B3DD1824B2C
:10F82000012283F8D020032183F8D110002183F82E
:10F83000D2107F4B1A707F4B59687B4AD2F89030B8
:10F84000CB1AC2F8901092F8CF20D118FF2952D8C5
:10F85000754A82F8CF10744B93F8CD30002B4FD0FF
:10F86000714B93F8CE30012B00F0B480022B00F0E6
:10F87000BD800122704B1A706B4B93F8CF30C72BB1
:10F880004AD9694B83F8CE2000226B4B1A7043E0B3
:10F89000FF22654B83F8D220BCE7634B93F8D1304D
:10F8A000012B10D0022B1AD00122614B1A705E4B33
:10F8B00093F8D230C72BBED95B4B83F8D1200022FE
:10F8C0005B4B1A70B7E70022594B1A705B4B1B78E1
:10F8D000002BB0D00222544B83F8D120ABE700229A
:10F8E000534B1A70554B1B78002BA4D101224E4B61
:10F8F00083F8D1209FE7FF224B4B83F8CF20AAE764
:10F90000494B012283F8CD20032183F8CE1000213A
:10F9100083F8CF10484B1A70494B1A785200D2B274
:10F92000484B1C78484B18784849434B1E78404B4D
:10F930001B785B0003EB8603454E36783344454E17
:10F94000367803EB0613444E367803EB8613434EAA
:10F95000367803EBC613424E367803EBC603414EAE
:10F96000367803EB46134B7002EBD4023E4B1C7807
:10F97000224402EB101008702B4B9DF8182083F8DE
:10F98000A4209DF80C2083F8A5209DF8002083F882
:10F99000A6209DF8242083F8A7209DF8102083F846
:10F9A000A82083F8A9B0314A92F868A0079A524477
:10F9B00083F8AA20002283F8AB2083F8AC5083F8A8
:10F9C000AD201C4A5368013353600DB0BDEC0A8B67
:10F9D000BDE8F08F0022184B1A70254B1B78002BC6
:10F9E0009AD00222104B83F8CE2095E70022124BCA
:10F9F0001A701F4B1B78002B8ED101220A4B83F803
:10FA0000CE2089E70222084B83F8BB20FDF7B8FC23
:10FA10004FE0054B002483F8BC40022283F8BB2052
:10FA2000FDF7AEFCFEF76FB948D90020FBD70020E8
:10FA3000FCD7002040DA0020FFD70020A4D7002008
:10FA4000FAD70020FED7002001D80020F4D70020EC
:10FA5000F7D700200CD800204CDA0020F6D7002081
:10FA6000E0D7002000D80020FDD700206817030051
:10FA7000F9D70020BE4B00200021C3E91E0100245D
:10FA8000BC4DC3E90E454FF000084FF08049C3E973
:10FA90001089C3E90C45C3E90A01C3E91601C3E9AA
:10FAA0001845C3E91A01C3E91C01C3E91401C3E9FC
:10FAB0001201B14B93F8B530002B7EF4A8AAAE4BDF
:10FAC000012283F8B520032283F8B6204FF0000A04
:10FAD000A74C0022A94BD4E90001F0F77BFE41ECD2
:10FAE000100B00F075F984ED420BFDF707FC0028C0
:10FAF0003EF4F3AA0024002520462946F1F742F9F6
:10FB00001FFA80F94FEA091404F0F004984D00221E
:10FB10009A4BD5E90201F0F75DFE41EC100B00F0C5
:10FB200057F985ED420BFDF7E9FB00283EF408ABE1
:10FB30000025002628463146F1F724F983B20093C8
:10FB4000009BC3F30323E3180393894C00228B4BE0
:10FB5000D4E90401F0F73EFE41EC100B00F038F957
:10FB600084ED420BFDF7CAFB00283EF40DAB0024E8
:10FB7000002520462946F1F705F91FFA80F84FEADB
:10FB8000081606F0F0067A4C00227C4BD4E90601F8
:10FB9000F0F720FE41EC100B00F01AF984ED420B57
:10FBA000FDF7ACFB00283EF413AB00240025704B9E
:10FBB000C3E9424520462946F1F7E4F81FFA80FBE5
:10FBC000CBF30323F31804934FEA8A1307934FEA06
:10FBD000191306934FEA18130993694C667894F841
:10FBE00003804FEA081894F804902078000100EB95
:10FBF0001610F0F775FD54A3D3E90023F0F7EAFDE2
:10FC000041EC1C0B5A4DC5E9320109F00F00637934
:10FC100003EB0020F0F764FD4BA3D3E90023F0F7DA
:10FC2000D9FD41EC1A0BC5E9340106F00F06A078A6
:10FC300000EB0620F0F754FD43A3D3E90023F0F7CF
:10FC4000C9FD41EC180BC5E93A0108EB1910F0F7B2
:10FC500047FD3DA3D3E90023F0F7BCFD41EC190BB0
:10FC6000C5E93C01444B93F8B950A47983F8B940F5
:10FC700093F8B730002B7EF4D2AA3F4B012283F8D1
:10FC8000B72083F8B8203F4901230A4604313E4893
:10FC90000089FDF79BFBF0F723FD80468946344B36
:10FCA000C3E93E894FF0010429A3D3E90023F1F70A
:10FCB00017F808B94FF000042F4B83F8EB40019B75
:10FCC000002B3EF41AAB0298F0F71AFD22A3D3E9F9
:10FCD0000023F1F705F800283EF464AB20A3D3E934
:10FCE000002351EC1C0BF0F7FBFF00283EF45CAB4B
:10FCF0001BA3D3E9002351EC180BF0F7F1FF002808
:10FD00003EF454AB18A3D3E9002351EC190BF0F7E0
:10FD1000E7FF00283EF44CAB13A3D3E9002351ECDA
:10FD20001A0BF0F7DDFF00283EF444AB002F3EF441
:10FD300043AB114B93F8E720003218BF0122FEF7C6
:10FD4000DDBA00BFAFF300807B14AE47E17A843F99
:10FD5000CDCCCCCCCCCCEC3FAE47E17A14AEE73F77
:10FD6000894160E5D022EB3F5839B4C876BEE73F01
:10FD700010D800200000F03F48D900200000594072
:10FD80009CD70020E0170300E4D7002008B5082026
:10FD9000FDF768FA0C4B01229A720A22DA725A684D
:10FDA0000A4BDA679A67C3F89C20C3F89820C3F817
:10FDB0008C20C3F88820C3F88420C3F88020C3F8BF
:10FDC0009420C3F8902008BD40DA002048D90020D4
:10FDD00051EC100B2DE9F041C1F30A57A7F2FF36A1
:10FDE000132E10EE108A0C4610EE105A35DC002E41
:10FDF00017DA35A3D3E90023F0F736FB00220023FE
:10FE0000F0F778FF50B1002C5ADA24F0004353EA9F
:10FE100008032F4B4FF0000518BF1C46214628460B
:10FE200025E02C4F374101EA070303431FD026A3E7
:10FE3000D3E90023F0F718FB00220023F0F75AFF64
:10FE40000028EBD0002CBEBF4FF4801343FA06F617
:10FE5000A41924EA07040025E0E7332E0BDDB6F5EC
:10FE6000806F04D110EE102A0B46F0F7FDFA41EC3A
:10FE7000100BBDE8F081A7F213474FF0FF3323FAD0
:10FE800007F73842F3D010A3D3E90023F0F7ECFAD8
:10FE900000220023F0F72EFF0028BFD0002C02DA4A
:10FEA000142E03D1013425EA0705B7E70123C6F173
:10FEB000340603FA06F63544A84588BFE418F2E78D
:10FEC00000252C46AAE700BF9C7500883CE4377EDD
:10FED0000000F0BFFFFF0F0010B52DED028BB0EE5C
:10FEE000408AF0EE608A044601F064F9F8B100221D
:10FEF000002351EC180BF0F7D5FEC0B9B0EE480A5C
:10FF0000F0EE680A204600F01BF8B0EE408AF0EEF2
:10FF1000608A01F04FF930B10022002351EC180B38
:10FF2000F0F7C0FE18B101F04FF922230360B0EEE4
:10FF3000480AF0EE680ABDEC028B10BD000000001C
:10FF400070B555EC104BC5F30A5206462B46B2B9B4
:10FF500025F0004323433CD00022334B294610EECA
:10FF6000100AF0F737FC314A964204460D460B461C
:10FF700013DA29A3D3E90023F0F72CFC0AE040F2BE
:10FF8000FF718A420CD110EE102A2B4620462946DA
:10FF9000F0F76AFA04460D461BE0C1F30A52363AFE
:10FFA000324440F2FE718A420BDD45EC114B9FED6D
:10FFB0001C0B01F0EBF81AA3D3E9002351EC100B52
:10FFC000DAE7002A08DD23F0FF4323F4E00343EAE5
:10FFD000025545EC104B70BD12F1350F0DDA4CF2A5
:10FFE00050339E4245EC114BE1DC9FED0B0B01F0D1
:10FFF000CDF809A3D3E90023E0E723F0FF4336322D
:020000023000CC
:1000000023F4E00343EA0255204629460022084B28
:10001000B2E700BFAFF3008059F3F8C21F6EA5012D
:100020009C7500883CE4377E00005043B03CFFFFE5
:100030000000903C000000001FB551EC100B204A5E
:1000400021F00043934207DC9FED1B1B002000F0D2
:10005000E3FF51EC100B07E01A4A934209DD10EE62
:10006000102A0B46F0F7FEF941EC100B05B05DF8D5
:1000700004FB684600F0A4F900F0030001289DEDA0
:10008000021B9DED000B04D0022805D070B90120A1
:10009000DDE700F089FBDCE7012000F0BDFF53EC59
:1000A000102B10EE100A03F10041DDE700F07CFB9D
:1000B000F5E700BFAFF30080000000000000000083
:1000C000FB21E93FFFFFEF7F2DE9F0432DED028B90
:1000D0008BB055EC104B57EC116B00F059F82A4BD4
:1000E000B0EE408AF0EE608A93F90080B8F1FF3FED
:1000F00030D032463B4630463946F0F705FE48BB25
:1001000022462B4620462946F0F7FEFD814608BBD5
:100110000022002330463946F0F7C4FDD0B1012358
:1001200000931A4B0193CDE90245CDE90467CDF860
:100130002090B8F1000F16D1CDE90645684601F0D0
:1001400041F8D8B1089B1BB101F03EF8089B036051
:100150009DED068BB0EE480AF0EE680A0BB0BDECE0
:10016000028BBDE8F0830022002310461946F0F709
:100170005BFCB8F1020FCDE90601DFD101F024F8F4
:1001800021230360DEE700BF0010FE1FE817030015
:100190002DE9F84F53EC112B57EC106B23F0004C6A
:1001A00052EA0C0510EE109A394610EE104A11EE84
:1001B00010EA184611EE108A0CD07A4D27F0004A4A
:1001C000AA4507DC55421543DFF8F0B14CEAD57576
:1001D0005D450DD930463946F0F7FCFA02460B462C
:1001E000F0F722FC06460F4647EC106BBDE8F88F8F
:1001F000E24507F000450ADCF6DB9642F4D306D16F
:10020000694AED0F02EBC505D5E90067ECE7674BDE
:100210009A4548DCBAF1000F3CD1654E4A46002AA7
:1002200035DC9C4550DCBCF1000F44D1604A73467C
:10023000002B3DDC5F4B9E424BDBC1F3130343F4C9
:1002400080135C498A4258DBC0F3130040F48010ED
:10025000B61A191A002E67D1444538BF01F1FF3193
:100260000029A4BFA4EB08040B4653EA0401C7D03D
:100270004E498B426EDD4F498A4271DBA3F58013F4
:100280001D4302F2FF3245EA02572646ACE7013E23
:100290005200C4E7474E4FEACA225200002A06F134
:1002A000FF36FADCBDE74FEA2A56A6F2FF36B8E77A
:1002B000013A5B00BCE73F4A4FEACC235B00002BCE
:1002C00002F1FF32FADCB5E74FEA2C52A2F2FF321C
:1002D000B0E79C1B1F2C0ADCC4F120030AFA04FAC5
:1002E00029FA03F343EA0A0309FA04F4A9E7324BB3
:1002F0009B1B09FA03F30024A3E7A1EB0208B8F162
:100300001F0F0ADCC8F120000CFA08FC2EFA00F0DE
:1003100040EA0C000EFA08F89AE72748801A0EFA0D
:1003200000F04FF0000893E7444538BF01F1FF317A
:10033000002905DAE10F01EB43036400013E88E781
:10034000A4EB080451EA04033FF45AAFE30F03EBB4
:100350004103F2E7E00F00EB43036400013A88E752
:10036000891A14290ADCC1F1200203FA02F2CC40F6
:1003700022430B4143EA0507164635E71F2907DCF0
:1003800024FA01F2C1F120018B401A432B46F1E718
:10039000C2F17F4202F57F0202F57B42E23243FA6C
:1003A00002F2F3E7FFFFEF7FF0170300FFFF0F00FC
:1003B000EDFBFFFF02FCFFFFE2FBFFFF0000F07F11
:1003C0002DE9F04F57EC106BC34B8DB027F0004870
:1003D00098450446049707DC0022002384ED000BB7
:1003E000C0E90223002527E0BC4B984575DC049B3F
:1003F000BB4D002B10EE100AA9A3D3E90023394608
:1004000036DDF0F72FF8A84506460F4618D0A6A30C
:10041000D3E90023F0F726F802460B46C4E900238F
:1004200030463946F0F71EF89FA3D3E90023F0F7D2
:1004300019F8C4E90201012528460DB0BDE8F08F86
:100440009BA3D3E90023F0F70DF89BA3D3E9002386
:1004500006460F46F0F706F802460B46C4E90023AD
:1004600030463946EFF7FEFF93A3D3E90023DEE7DA
:10047000EFF7FAFFA84506460F4616D08AA3D3E940
:100480000023EFF7F1FF02460B46C4E90023304694
:100490003946EFF7E7FF84A3D3E90023EFF7E4FF42
:1004A0004FF0FF35C4E90201C6E781A3D3E9002379
:1004B000EFF7DAFF80A3D3E9002306460F46EFF7F4
:1004C000D3FF02460B46C4E9002330463946EFF716
:1004D000C9FF79A3D3E90023E0E7824B984500F3F5
:1004E000D08000F060FE57EC106B10EE100A74A381
:1004F000D3E900233946F0F76DF900227A4BEFF784
:10050000B3FFF0F717FC0546F0F7FAF864A3D3E958
:100510000023CDE90201F0F75DF902460B463046B3
:100520003946EFF79FFF60A3D3E9002382468B464D
:10053000DDE90201F0F74EF91F2D06460F462ADCD1
:100540006A1E6A4B53F82230984524D032463B4607
:1005500050465946EFF786FFC4E90001D4E9008907
:10056000504642464B465946EFF77CFF3B463246E3
:10057000EFF778FF049B002BC4E90201BFF65CAFE4
:1005800009F100436360C4F80080A06001F10043FA
:10059000E3606D4250E732463B4650465946EFF71E
:1005A00061FF4FEA2852C1F30A53D31A102BC4E952
:1005B00000010592D2DD3EA3D3E90023DDE902016B
:1005C000F0F708F906460F4602460B4650465946D4
:1005D000EFF748FF02460B4680468946504659468B
:1005E000EFF740FF32463B46EFF73CFF32A3D3E93B
:1005F000002306460F46DDE90201F0F7EBF832462C
:100600003B46EFF72FFF02460B4606460F46404695
:100610004946EFF727FF059AC1F30A53D31A312B46
:10062000C4E900012ADD28A3D3E90023DDE90201A2
:10063000F0F7D0F806460F4602460B4640464946BC
:10064000EFF710FF02460B4682468B46404649466E
:10065000EFF708FF32463B46EFF704FF1CA3D3E950
:10066000002306460F46DDE90201F0F7B3F83246F3
:100670003B46EFF7F7FE06460F4667E7C246CB4616
:100680006CE71B4B984535DD10EE102A3B46304693
:100690003946EFF7E7FEC4E90201C4E90001A1E62B
:1006A00000004054FB21F93F3163621A61B4D03D30
:1006B0000000601A61B4D03D7370032E8A19A33B09
:1006C00083C8C96D305FE43F0000002E8A19A33B48
:1006D000C14920259A837B39FB21E93F7BD9024020
:1006E000FB21F93FFB2139410000E03F00180300E6
:1006F000FFFFEF7F4FEA2855A5F21645A8EB0551FD
:1007000030460F46F0F716FBEFF7FAFF02460B46AE
:1007100030463946CDE90623EFF7A4FE00221F4BF1
:10072000F0F758F80F460646F0F704FBEFF7E8FF3E
:1007300002460B4630463946CDE90823EFF792FED4
:100740000022164BF0F746F8CDE90A010DF1300909
:100750004FF003080026002732463B4679E90201A4
:1007600008F1FF3AF0F79EFAB0B90D4B019302235E
:1007700000932A464346214606A800F0FDF8049B54
:10078000002B0546BFF658AE636803F10043636073
:10079000E36803F10043FBE6D046DDE7000070416B
:1007A00080180300000000002DE9F04F59EC108B79
:1007B00029F0004785B0B7F1795F8DED001B07DAAE
:1007C00010EE100A4946F0F7B5FA002800F0AA80AA
:1007D00042464B4640464946EFF7FCFF59A3D3E952
:1007E000002304460D46EFF7F5FF58A3D3E9002395
:1007F000EFF73AFE22462B46EFF7ECFF55A3D3E97D
:100800000023EFF72FFE22462B46EFF7E3FF53A31B
:10081000D3E90023EFF728FE22462B46EFF7DAFF55
:1008200050A3D3E90023EFF71DFE22462B46EFF736
:10083000D1FF4EA3D3E90023EFF716FE2B46224645
:10084000EFF7C8FF3A4B9F4282468B462CDC0022D2
:10085000384B20462946EFF7BDFF524606460F4665
:100860005B4620462946EFF7B5FFDDE90023044645
:100870000D4640464946EFF7ADFF02460B4620467F
:100880002946EFF7EFFD02460B4630463946EFF7B3
:10089000E9FD0B46284902460020EFF7E3FD41EC55
:1008A000100B05B0BDE8F08F244B23499F42D7BF02
:1008B000A7F50013224F00221646D4BF1F4600267C
:1008C00032463B460020EFF7CDFD0022CDE9020184
:1008D000184B20462946EFF77DFF32463B46EFF79F
:1008E000C1FD524606460F465B4620462946EFF7B5
:1008F00071FFDDE9002304460D4640464946EFF707
:1009000069FF02460B4620462946EFF7ABFD02463B
:100910000B4630463946EFF7A5FD02460B46DDE9AA
:100920000201BAE700200449B9E700BFAFF3008035
:100930003233D33F0000E03F0000F03F0000E93FCA
:100940000000D23FD43888BEE9FAA8BDC4B1B4BD16
:100950009EEE213EAD529C804F7E923E9015CB196B
:10096000A001FA3E7751C1166CC1563F4C55555502
:100970005555A53F000000002DE9F04F2DED028BED
:10098000ADF5197DD41E06930291C34BA49909902D
:1009900053F821300093069B013B0493182394FBEA
:1009A000F3F46FF0170324EAE47404FB033303EB5E
:1009B000020A009B049A9FEDB48B03EB0208A59BEF
:1009C000A71A20AE03EB87090025454513DD9FEDEF
:1009D000AE8B0DF5E07B0026009B9E4232DC099B2E
:1009E0000393069B9D1920AB03EBC503089359ECB9
:1009F000188B00271FE0EF4207D459F82500EFF7C6
:100A00007FFEE6E802010135DFE751EC180BF8E75D
:100A10000899039D71E902230891F5E80201039505
:100A2000EFF7D8FE02460B4640464946EFF71CFD5D
:100A3000013780468946049B9F42E9DDEBE8028945
:100A40000136C9E7009B009F0CAA02EB83030B93BE
:100A5000A59B03EB84030A9398AB07F1005B03EBC0
:100A6000C7030BF1FF3B53E928894FEACB030893F7
:100A7000089A98AB1344A3F1980B0026BB1B002BDC
:100A800077DC49EC108B5046FFF75AFA55EC104BC7
:100A900000224FF07F5310EE100A2946EFF79AFE1E
:100AA00041EC100BFFF794F9002251EC100B7B4B3B
:100AB000EFF790FE02460B4620462946EFF7D2FCA0
:100AC0000D460446F0F736F90390EFF719FE02469B
:100AD0000B4620462946EFF7C5FCBAF1000F8046C9
:100AE00089466BDD7A1E0CABCAF1180153F822005F
:100AF000039C40FA01F31C448B40C01A0CAB0394D6
:100B000043F82200CAF1170340FA03FBBBF1000FC0
:100B100062DD039B00220133039314466FF07F4193
:100B2000974200F38980BAF1000F07DDBAF1010F97
:100B300000F09680BAF1020F00F09C80BBF1020F2A
:100B40004AD142464B4600205549EFF78BFC804680
:100B50008946002C40D050469FED4D0BFFF7F0F931
:100B60004046494653EC102BEFF77CFC8046894603
:100B700032E000224B4B40464946EFF72BFEF0F7A0
:100B8000D9F8EFF7BDFD0022474B04460D46EFF7BD
:100B900021FE02460B4640464946EFF763FCF0F75C
:100BA000C9F80CAB294643F826007BE9022320460E
:100BB000EFF75AFC0136804689465FE706D17B1E77
:100BC0000CAA52F823004FEAE05B9FE70022374B64
:100BD000F0F786F868BB834600220023404649466A
:100BE000F0F760F8002800F0C1807C1E2346002248
:100BF00000998B425CDA002A40F08B8001246FF070
:100C0000030202FB04F30B99CB58002B56D0089B30
:100C100098AA1344A3F1900B069BDD1920AB03EBBC
:100C2000C505E3197E1C0393039B9E4248DD1F46C6
:100C300012E74FF0020B6CE70CAB53F822304CB9C3
:100C40002BB10CA8C3F1807340F82230012301328C
:100C50001C4665E70CA8CB1A40F822302346F6E77D
:100C60007A1E0CAB53F82230C3F316030CA941F8DB
:100C7000223063E77A1E0CAB53F82230C3F315031E
:100C8000F4E700BFAFF300800000000000000000A8
:100C9000000000000000F03FC819030000002040E1
:100CA0000000F03F0000703E000070410000E03F97
:100CB0000CA951F82310013B0A4399E70134A0E73E
:100CC0000A9B53F82600EFF71BFDE5E80201099B9C
:100CD00008951C4600274FF000084FF00009049BC0
:100CE0009F4203DDEBE8028901369DE7089971E92F
:100CF00002230891F4E80201EFF76CFD02460B466F
:100D000040464946EFF7B0FB013780468946E6E7A3
:100D1000013C0CABAAF1180A53F82430002BF7D091
:100D200050469FEDB50BFFF70BF9E50098AB03EBD1
:100D3000050957EC106BA9F19809A046B8F1000F0E
:100D40004DDA9FEDAF8B0DF5907A00230493574653
:100D5000049BB4EB030976D4AB4B1E4670AB03EB9C
:100D6000C9098DED068B4FF000085EE0CAF1000066
:100D700049EC108BFFF7E4F855EC104B0022A34B25
:100D800010EE100A2946EFF7ABFFF8B10022A04B96
:100D900020462946EFF71EFDEFF7CCFF0646EFF79A
:100DA000AFFC0022994BEFF715FD0B460246294692
:100DB0002046EFF757FBEFF7BDFF7C1C0CAB0AF1A9
:100DC000180A43F8270043F82460A9E7204629467B
:100DD000EFF7B0FF0CAB3C4643F82700A0E70CABA5
:100DE00053F82800EFF78CFC32463B46EFF7F2FC55
:100DF000002269E90201864B30463946EFF7EAFCEA
:100E000008F1FF3806460F4698E7F9E80223F6E8AE
:100E10000201EFF7DFFC02460B46DDE90601EFF7C2
:100E200023FBCDE9060108F10108009B984502DC8F
:100E3000049B9845E9DD049B9DED067B0133AAECFC
:100E4000027B049384E7A49B032B5DD8DFE803F0C7
:100E50004B26260298AB1D44A5F59C752E46A2464E
:100E6000BAF1000F6EDC2E46A246BAF1010F00F374
:100E70008A8000200021012C00F3A680BBF1000F26
:100E800040F0A880DDE94823029CC4E90023DDE9A5
:100E90004A23C4E90401C4E9022335E0083548AB1C
:100EA0001D44264600200021002E3CDABBF1000F35
:100EB0003FD0024601F10043029DC5E900230246EE
:100EC0000B46DDE94801EFF7CDFA4AAE0125AC4209
:100ED00032DABBF1000F02D001F100431946029B48
:100EE000C3E9020110E098AB1D44A5F59C750020F4
:100EF0000021002C11DABBF1000F02D001F10043F8
:100F00001946029BC3E90001039B03F007000DF59E
:100F1000197DBDEC028BBDE8F08F75E90223EFF778
:100F2000A3FA013CE5E775E90223EFF79DFA013EDC
:100F3000BAE702460B46BFE7F6E80223EFF794FA5A
:100F40000135C4E716ED027B56E9048953EC172BF3
:100F5000404649468DED007BEFF786FACDE9040166
:100F600002460B4640464946EFF77CFADDE900238E
:100F7000EFF77AFA9DED047B66E902010AF1FF3A88
:100F800006ED027B6CE716ED027B56E9048953EC13
:100F9000172B404649468DED007BEFF765FACDE90A
:100FA000040102460B4640464946EFF75BFADDE98D
:100FB0000023EFF759FA9DED047B66E902010AF17F
:100FC000FF3A06ED027B50E775E90223EFF74CFA92
:100FD000013C50E7029A3B6813607B68106103F1A3
:100FE00000435360BB689360FB6803F10043D36028
:100FF00001F10043536187E7000000000000F03F6B
:10100000000000000000000088190300000070418B
:101010000000703E000000002DE9F04F55EC104B31
:1010200085B025F00043B3F1795F8DED001B029090
:1010300006DA10EE100A2946EFF77CFE002851D0A0
:1010400022462B4620462946EFF7C4FB82468B46B4
:1010500002460B4620462946EFF7BCFB41A3D3E9E5
:1010600000238046894650465946EFF7B3FB3FA31D
:10107000D3E90023EFF7F6F952465B46EFF7AAFBF8
:101080003CA3D3E90023EFF7EFF952465B46EFF7B5
:10109000A1FB3AA3D3E90023EFF7E4F952465B46FC
:1010A000EFF798FB37A3D3E90023EFF7DDF9029BB5
:1010B00006460F46DBB902460B4650465946EFF747
:1010C00089FB25A3D3E90023EFF7CCF942464B4631
:1010D000EFF780FB02460B4620462946EFF7C4F99E
:1010E00004460D4645EC104B05B0BDE8F08F0022DC
:1010F0001B4BDDE90001EFF76DFB3246CDE9020144
:101100003B4640464946EFF765FB02460B46DDE9A4
:101110000201EFF7A7F952465B46EFF75BFBDDE90B
:101120000023EFF79FF90CA3D3E9002306460F46EF
:1011300040464946EFF74EFB02460B4630463946DD
:10114000EFF792F902460B4620462946EFF78AF957
:10115000C6E700BFAFF30080495555555555C53F0B
:101160000000E03F7CD5CF5A3AD9E53DEB9C2B8A75
:10117000E6E55A3E7DFEB157E31DC73ED561C11974
:10118000A0012A3FA6F810111111813F53EC102B3A
:1011900011EE900A23F0004100F0004041EA000304
:1011A00043EC102B704753EC102B23F0004343EC1F
:1011B000102B704710EE903A43F0004000F580107D
:1011C000C00F704700207047014B1868704700BF80
:1011D0000410FE1F10B5431E0A44914200D110BDF9
:1011E00011F8014B03F8014FF7E70244034693421D
:1011F00000D1704703F8011BF9E700000000000070
:10120000000018000000001000000014FFFFFFFFA6
:101210000004FE1F00000020060600000000000081
:101220000000000000000000BD0E020000000000F1
:1012300010120300010032000C04FE1F0000000029
:101240000000000010000000000000000700000087
:101250000400000001000000000000000100000088
:101260000700000004000000010000000000000072
:10127000010000000000000000000000000000006D
:101280001000000000000000070000000400000043
:101290000100000000000000010000000700000045
:1012A0000400000001000000000000000100000038
:1012B000000000000000000001000000100000001D
:1012C0000000000007000000040000000100000012
:1012D0000000000001000000070000000400000002
:1012E00001000000000000000100000000000000FC
:1012F000000000000200000048000000A08601007D
:10130000FFFF0100000000000000000000000000DE
:1013100050000000A0860100FFFF01000000000057
:101320000000000000000000A08601001000000185
:10133000000001FFFF0000000000000000000000AE
:1013400000000000A086010008000101010001FF6B
:10135000FF0000000000000000000000000000008E
:10136000A086010010000001010001FFFF00000045
:1013700000000000000000000000000080250000C8
:101380000100000100000000552D020000000000D7
:10139000000000000000000000000000000000004D
:1013A00001000000A0860100010201010000000010
:1013B000752E020000000000000000000000000088
:1013C000000000000000000002000000545F496EB1
:1013D00069740000545F676574496E310000000055
:1013E000545F676574496E3200000000545F6765A2
:1013F00074436F6D496E0000545F436F72654170B6
:1014000070000000545F5663754374726C000000F6
:10141000545F43616E4F7574000000002700280080
:1014200000B0034000700240000000000000000017
:1014300000000000000000000000000000000000AC
:10144000000000000000000000000000000000009C
:10145000000000000000000000000000000000008C
:10146000000000000000000000000000000000007C
:10147000000000000000000000000000000000006C
:101480000000730032002100610049004A004B0057
:101490004C004D003D005400550000002400250084
:1014A0002B003600310000002000000079003800D9
:1014B00039003A0026006E006F00700071000000D5
:1014C0003B0027005A006600670037002C002D0003
:1014D0002E0040006A006B006C00760000000000E7
:1014E00000000000000000000000000000FCAC064E
:1014F000007E5603003FAB0100FCAC06007E5603A5
:10150000003FAB0100FCAC06007E5603003FAB0180
:1015100000000000000000000000000000000000CB
:10152000000000000000000000FCAC06007E560336
:10153000003FAB01000000000000000000000000C0
:1015400000B4C404006CDC02B0F3960100B4C4041F
:10155000006CDC02B0F3960100B4C404006CDC0241
:10156000B0F3960100000000000000000000000041
:1015700000000000000000000000000000B4C404EF
:10158000005A6202B0F39601000000000000000063
:101590000000000000093D0000093D0040420F002E
:1015A00000093D0000093D0040420F0000093D00D8
:1015B00000093D0040420F00000000000000000054
:1015C000000000000000000000000000000000001B
:1015D00000093D0000093D0040420F0000000000EE
:1015E00000000000000000000000000000000000FB
:1015F00000000000000000000000000000000041AA
:1016000041414141000000000020202020202020F6
:1016100020202020200040404040400080005648CC
:101620004848484848484800303030303030303042
:101630003036303030200000004002400050024080
:1016400000B002404E0055005C0000004F00560004
:101650005D000000510058005F005200590060001A
:10166000500080FF80FF0000000102030405060710
:1016700008090909090A0A0A0A0B0B0B0B0C0C0CC6
:101680000C0D0D0D0D0D0D0D0D0E0E0E0E0E0E0E84
:101690000E0E0E0E0E0E0E0E0E0F0F0F0F0F0F0F63
:1016A0000F0F0F0F0F0F0F0F0F00000000800340F0
:1016B0000090034000A003400060024000E00640AC
:1016C00000F0064000000740001007401543164494
:1016D0001745184619471A481B491C4A68006E00EE
:1016E00074007A00800086008C0092000060064042
:1016F000007006404F5000002D2C090818001D00F6
:1017000001000000020000000400000008000000CA
:1017100010000000200000004000000080000000D9
:1017200000A0064000B0064000C0064056575800D2
:101730001F00210023000000006003400010034050
:101740003D3E000034004400383C000049444C4514
:1017500000000000546D725100000000546D7220B2
:10176000537663000000000000000000000000004D
:10177000000000000000F03F00000000000000003A
:10178000000000000000F03F00000000000000002A
:10179000000000000000F03F5555555555D5544008
:1017A0000000000000000000EC51B81E85EBE93F8E
:1017B000F4018C3C53000000000000000000003CDD
:1017C0008C0053005D000000090000005D0009006E
:1017D00000000001010101000000005D090000009F
:1017E00000000100FC00D007666D6F64000000007F
:1017F0000000000000000000000000000000008069
:10180000FB21F93FFB2109407CD91240FB21194003
:101810007A6A1F407CD92240BBFD2540FB2129402C
:101820003A462C407A6A2F405C4731407CD932409E
:101830009C6B3440BBFD3540DB8F3740FB2139408A
:101840001BB43A403A463C405AD83D407A6A3F4041
:101850004C7E40405C4741406C1042407CD9424045
:101860008CA243409C6B4440AC344540BBFD45409A
:10187000CBC64640DB8F4740EB584840FB214940F0
:1018800083F9A200444E6E00FC291500D1572700B1
:10189000DD34F50062DBC0003C99950041904300C7
:1018A0006351FE00BBDEAB00B761C5003A6E240099
:1018B000D24D42004906E00009EA2E001C92D100F8
:1018C000EB1DFE0029B11C00E83EA700F5358200A3
:1018D00044BB2E009CE98400B4267000417E5F006A
:1018E000D6913900538339009CF439008B5F840012
:1018F00028F9BD00F81F3B00DEFF97000F98050098
:10190000112FEF000A5A8B006D1F6D00CF7E36003D
:1019100009CB2700464FB7009E663F002DEA5F00C7
:10192000BA277500E5EBC7003D7BF100F7390700EA
:1019300092528A00FB6BEA001FB15F00085D8D00C8
:10194000300356007BFC4600F0AB6B0020BCCF00A0
:1019500036F49A00E3A91D005E619100081BE600C1
:1019600085996500A0145F008D40680080D8FF0055
:1019700027734D0006063100CA561500C9A873002A
:101980007BE260006B8CC00000000040FB21F93F4F
:10199000000000002D44743E000000809846F83C92
:1019A0000000006051CC783B00000080831BF039C0
:1019B0000000004020257A38000000802282E336B3
:1019C000000000001DF36935020000000300000064
:1019D00004000000060000000000000000000000FD
:1019E00000000000000000000000000000000000F7
:1019F00000000000000000000000000000000000E7
:101A000000000000000000000000000000000000D6
:101A100000000000000000000000000000000000C6
:101A200000000000000000000000000000000000B6
:101A30000000000000000000F8B500BFF8B500BFCE
:081A40005FF800F06910FE1FC1
:101A48002B002C002D002E002F002A000001000082
:101A58000100000001010101000100000101000076
:101A68000100010000127A000001000301010000DA
:101A78000001000000000C0001010000010000004E
:101A88000000000001000000030101010003030041
:101A9800010203010006000101000000010000012D
:101AA800010000000100000000000000000000002C
:101AB8000000000001010101010101010000000016
:101AC8001F0000009004FE1F010100001404FE1F07
:101AD8004C010200004D010200002F0100000042ED
:101AE8000103000030010000003A010000003B0142
:101AF8000000003C010000004E010200004301020A
:101B080000004401020000450102000046010200F5
:101B180000470102000048010200004901020000DC
:101B28004A010200004F0102000050010200005269
:101B38000102000053010200005401020000560196
:101B4800020000570102000058010200003D010098
:101B580000003101000000320100000033010000E4
:101B68000034010000003501000000000000000002
:101B78000100000000D00440100000000000000137
:101B88000000000000F10F400000000000D00440F9
:101B98000F000000000000010000000000F10F40ED
:101BA8000000000000C00440010000000000000127
:101BB80000000000C0F00F400100000000C0044019
:101BC800000000000000000100000000C0F00F400D
:101BD8000100000000D004400B00000000000001DC
:101BE8000000000000F10F400000000000D0044099
:101BF8000A000000000000010000000000F10F4092
:101C08000000000000D004400D00000000000001AA
:101C18000000000000F10F400000000000D0044068
:101C280005000000000000050000000000000000A2
:101C38000000000000D0044004000000000000057F
:101C480000000000000000000000000000D0044078
:101C58000E000000000000010000000000F10F402D
:101C68000000000000D004400C000000000000014B
:101C78000000000000F10F400000000000C0044018
:101C8800110000000000000100000000C0F00F403B
:101C98000000000000D0044009000000000000011E
:101CA8000000000000F10F40000000000090044018
:101CB8001F000000000000020000000000000000FB
:101CC8000000000000C004400E00000000000001F9
:101CD80000000000C0F00F400000000000C00440F9
:101CE8000D0000000000000100000000C0F00F40DF
:101CF8000100000000A004401400000000000001E2
:101D08000000000040F00F400000000000A0044068
:101D180015000000000000010000000040F00F4026
:101D28000000000000D0044008000000000000018E
:101D38000000000000F10F400000000000A0044077
:101D4800050000000000000700000000000000007F
:101D58000000000000A0044004000000000000058E
:101D680000000000000000000000000000B0044077
:101D780003000000000000010000000080F00F4098
:101D88000000000000B00440020000000000000550
:101D980000000000000000000000000000C0044037
:101DA800070000000000000500000000000000001F
:101DB8000000000000C0044006000000000000020F
:101DC80000000000000000000000000000C0044007
:101DD8000C000000000000050000000000000000EA
:101DE8000000000000C004400B00000000000005D7
:101DF80000000000000000000000000000B00440E7
:101E080001000000000000040000000000000000C5
:101E18000000000000B004400000000000000005C1
:101E280000000000000000000000000000C00440A6
:101E3800090000000000000200000000000000008F
:101E48000000000000C0044008000000000000027C
:101E580000000000000000000000000000B0044086
:101E68001100000000000005000000000000000054
:101E78000000000000B00440100000000000000155
:101E88000000000080F00F400100000000A00440A6
:101E98001600000000000002000000000000000022
:101EA8000000000000B004400F0000000000000126
:101EB8000000000080F00F400100000000A0044076
:101EC80017000000000000010000000040F00F4073
:101ED8000000000000A004401900000000000005F8
:101EE80000000000000000000000000000A0044006
:101EF8001B000000000000050000000000000000BA
:101F08000000000000A004401C00000000000005C4
:101F180000000000000000000000000000A00440D5
:101F280002000000000000010000000040F00F4027
:101F38000100000000A004401D0000000000000592
:101F480000000000000000000000000000B0044095
:101F58000D000000000000010000000080F00F40AC
:101F68000100000000B004400C0000000000000167
:101F78000000000080F00F400100000000B00440A5
:101F88001300000000000005000000000000000031
:101F98000000000000A00440010000000000000252
:101FA80000000000000000000000000000A0044045
:101FB8000000000000000002000000000000000017
:101FC800000000000090044007000000000000012D
:101FD8000000000000F00F400000000000900440E6
:101FE80006000000000000010000000000F00F40A3
:101FF8000000000000C004401200000000000001C2
:1020080000000000C0F00F400100000000C00440C4
:10201800130000000000000100000000C0F00F40A5
:102028000100000000A004401100000000000001B1
:102038000000000040F00F400100000000A0044034
:102048001000000000000003000000000000000075
:102058000000000000A004400F0000000000000382
:1020680000000000000000000000000000A0044084
:102078000E00000000000003000000000000000047
:102088000000000000A004400D0000000000000453
:1020980000000000000000000000000000A0044054
:1020A8000C00000000000004000000000000000018
:1020B8000000000000C004401600000000000001FD
:1020C80000000000C0F00F400100000000C0044004
:1020D800040000000000000100000000C0F00F40F4
:1020E8000100000000C004400300000000000001DF
:1020F80000000000C0F00F400100000000C00440D4
:10210800020000000000000100000000C0F00F40C5
:102118000100000000C0044017000000000000019A
:1021280000000000C0F00F400100000000900440D3
:102138000300000000000003000000000000000091
:1021480000000000009004400200000000000003AE
:1021580000000000000000000000000000C0044073
:10216800180000000000000100000000C0F00F404F
:102178000100000000A004400B0000000000000166
:102188000000000040F00F400000000000A00440E4
:102198000A000000000000010000000040F00F40AD
:1021A8000100000000A00440090000000000000138
:1021B8000000000040F00F400100000000C0044093
:1021C8001B0000000000000100000000C0F00F40EC
:1021D8000100000000A00440080000000000000109
:1021E8000000000040F00F400100000000C0044063
:1021F8001C0000000000000100000000C0F00F40BB
:1022080000000000009004400100000000000001F0
:102218000000000000F00F400000000000C0044073
:102228001D0000000000000100000000C0F00F4089
:1022380001000000009004400000000000000001C0
:102248000000000000F00F400000000000C0044043
:102258001E0000000000000100000000C0F00F4058
:102268000100000000B00440070000000000000268
:1022780000000000000000000000000000B0044062
:10228800060000000000000200000000000000003E
:102298000000000000900440100000000000000250
:1022A8000000000000000000000000000090044052
:1022B8000F00000000000002000000000000000005
:1022C8000000000000D004400600000000000002EA
:1022D80000000000000000000000000000D00440E2
:1022E80002000000000000020000000000000000E2
:1022F8000000000000D004401300000000000001AE
:102308000000000000F10F400000000000D0044071
:1023180014000000000000010000000000F10F4060
:102328000000000000D0044015000000000000017B
:102338000000000000F10F400000000000D0044041
:1023480016000000000000010000000000F10F402E
:1023580000000000009004400D0000000000000391
:1023680000000000000000000000000000D0044051
:1023780017000000000000010000000000F10F40FD
:102388000000000000D00440180000000000000118
:102398000000000000F10F400000000000D00440E1
:1023A80019000000000000010000000000F10F40CB
:1023B80000000000009004400C0000000000000332
:1023C80000000000000000000000000000D00440F1
:1023D80001000000000000020000000000000000F2
:1023E8000000000000D004400000000000000002CF
:1023F8000000000000000000000000000090044001
:1024080009000000000000040000000000000000B7
:1024180000000000009004400800000000000004D4
:1024280000000000000000000000000002000000A2
:10243800C0120000000000000000000000000000C2
:102448002C0EFE1F03000000C01200000000000058
:1024580000000000000000002C0EFE1FEC0DFE1F07
:10246800020000000000000001000000010001005F
:1024780006000000C012000000000000000000007C
:1024880000000000580EFE1F300EFE1F0100000065
:10249800000000000500000001000100020000002B
:1024A800A00F0000D007000000000000000000009E
:1024B800840EFE1F5C0EFE1F0100000000000000DD
:1024C80006000000010001000000000001000000FB
:1024D8000000000002000000020000003637383912
:1024E80000000000000008010000000000000800D3
:1024F80000000000000008010000000000000800C3
:1025080000000000000008010000000000000800B2
:1025180000000000000008010000000000000800A2
:102528000000000000000801000000000000080092
:102538000000000000000801000000000000080082
:102548000000000000000800000000004C0102002C
:10255800004D010200002D010000002E01000000C6
:102568002F01000000420102000030010000003A83
:10257800010000003B010000003C010000004E018A
:102588000200004001000000430102000044010273
:102598000000450102000046010200004701020058
:1025A80000480102000049010200004A010200003F
:1025B8004F010200005001020000510102000052C8
:1025C80001020000530102000054010200005501FD
:1025D80002000056010200005701020000580102E3
:1025E80000003D010000003E010000003101000034
:1025F8000032010000003301000000340100000037
:1026080035010000005901000000360100000037C4
:1026180001000000380100000000000000C0024076
:1026280000D0024000E002401A001B001C0000001D
:1026380031A702003BA7020045A70200AAAAAAAA3E
:10264800010000000810FE1F00000000F819030038
:10265800181A0300D8190300000000000000000049
:102668000000000000000000000000000000000062
:102678000000000000000000000000000000000052
:102688000000000000000000000000000000000042
:102698000000000000000000000000000000000032
:0826A80000000000000000002A
:1026B00038B505460B4A137843F08003137014466F
:1026C000237813F0800F05D1AB69B3F1FF3FF7D04A
:1026D0009847F5E7034B1B7813F0710F14BF0120E7
:0826E000002038BD000002409B
:020000020000FC
:020000042001D9
:04EFF000000000001D
:0400000320000411C4
:00000001FF
