solid CATIA STL
  facet normal  0.000000e+00  0.000000e+00 -1.000000e+00
    outer loop
      vertex  7.503693e+01  5.853070e+01  0.000000e+00
      vertex -7.560000e+01  5.815000e+01  0.000000e+00
      vertex  7.500000e+01  5.900000e+01  0.000000e+00
    endloop
  endfacet
  facet normal  0.000000e+00  0.000000e+00 -1.000000e+00
    outer loop
      vertex -7.954269e+01  6.168851e+01  0.000000e+00
      vertex -8.396578e+01  6.152211e+01  0.000000e+00
      vertex -7.920000e+01  6.192846e+01  0.000000e+00
    endloop
  endfacet
  facet normal  0.000000e+00  0.000000e+00 -1.000000e+00
    outer loop
      vertex -7.983851e+01  6.139269e+01  0.000000e+00
      vertex -8.396578e+01  6.152211e+01  0.000000e+00
      vertex -7.954269e+01  6.168851e+01  0.000000e+00
    endloop
  endfacet
  facet normal  -0.000000e+00  0.000000e+00 -1.000000e+00
    outer loop
      vertex -7.800000e+01  5.575000e+01  0.000000e+00
      vertex -7.920000e+01 -5.692154e+01  0.000000e+00
      vertex -7.954269e+01 -5.716150e+01  0.000000e+00
    endloop
  endfacet
  facet normal  -0.000000e+00  0.000000e+00 -1.000000e+00
    outer loop
      vertex -7.800000e+01  5.575000e+01  0.000000e+00
      vertex -7.882085e+01 -5.674474e+01  0.000000e+00
      vertex -7.920000e+01 -5.692154e+01  0.000000e+00
    endloop
  endfacet
  facet normal  -0.000000e+00  0.000000e+00 -1.000000e+00
    outer loop
      vertex -7.800000e+01  5.575000e+01  0.000000e+00
      vertex -7.841676e+01 -5.663646e+01  0.000000e+00
      vertex -7.882085e+01 -5.674474e+01  0.000000e+00
    endloop
  endfacet
  facet normal  -0.000000e+00  0.000000e+00 -1.000000e+00
    outer loop
      vertex -7.800000e+01  5.575000e+01  0.000000e+00
      vertex -7.800000e+01 -5.660000e+01  0.000000e+00
      vertex -7.841676e+01 -5.663646e+01  0.000000e+00
    endloop
  endfacet
  facet normal  0.000000e+00  0.000000e+00 -1.000000e+00
    outer loop
      vertex -7.717915e+01  6.210526e+01  0.000000e+00
      vertex -7.758324e+01  6.221354e+01  0.000000e+00
      vertex  7.800000e+01  6.200000e+01  0.000000e+00
    endloop
  endfacet
  facet normal  0.000000e+00  0.000000e+00 -1.000000e+00
    outer loop
      vertex  7.503693e+01  5.853070e+01  0.000000e+00
      vertex  7.514683e+01  5.807295e+01  0.000000e+00
      vertex -7.560000e+01  5.815000e+01  0.000000e+00
    endloop
  endfacet
  facet normal  0.000000e+00  0.000000e+00 -1.000000e+00
    outer loop
      vertex  7.753069e+01  5.603693e+01  0.000000e+00
      vertex  7.800000e+01  5.600000e+01  0.000000e+00
      vertex -7.680000e+01  5.607154e+01  0.000000e+00
    endloop
  endfacet
  facet normal  0.000000e+00  0.000000e+00 -1.000000e+00
    outer loop
      vertex  8.396578e+01  6.152211e+01  0.000000e+00
      vertex  7.976336e+01  6.142705e+01  0.000000e+00
      vertex  7.936197e+01  6.167302e+01  0.000000e+00
    endloop
  endfacet
  facet normal  0.000000e+00  0.000000e+00 -1.000000e+00
    outer loop
      vertex  8.039269e+01 -5.716150e+01  0.000000e+00
      vertex  7.800000e+01  5.600000e+01  0.000000e+00
      vertex  8.068851e+01 -5.745731e+01  0.000000e+00
    endloop
  endfacet
  facet normal  0.000000e+00  0.000000e+00 -1.000000e+00
    outer loop
      vertex  8.005000e+01 -5.692154e+01  0.000000e+00
      vertex  7.800000e+01  5.600000e+01  0.000000e+00
      vertex  8.039269e+01 -5.716150e+01  0.000000e+00
    endloop
  endfacet
  facet normal  0.000000e+00  0.000000e+00 -1.000000e+00
    outer loop
      vertex  7.967085e+01 -5.674474e+01  0.000000e+00
      vertex  7.800000e+01  5.600000e+01  0.000000e+00
      vertex  8.005000e+01 -5.692154e+01  0.000000e+00
    endloop
  endfacet
  facet normal  0.000000e+00  0.000000e+00 -9.999999e-01
    outer loop
      vertex  7.926675e+01 -5.663646e+01  0.000000e+00
      vertex  7.800000e+01  5.600000e+01  0.000000e+00
      vertex  7.967085e+01 -5.674474e+01  0.000000e+00
    endloop
  endfacet
  facet normal  0.000000e+00  0.000000e+00 -1.000000e+00
    outer loop
      vertex  7.800000e+01  5.600000e+01  0.000000e+00
      vertex  7.926675e+01 -5.663646e+01  0.000000e+00
      vertex  7.885000e+01 -5.660000e+01  0.000000e+00
    endloop
  endfacet
  facet normal  0.000000e+00  0.000000e+00 -1.000000e+00
    outer loop
      vertex  8.400000e+01 -6.100000e+01  0.000000e+00
      vertex  8.396578e+01 -6.152211e+01  0.000000e+00
      vertex  8.005000e+01 -6.107846e+01  0.000000e+00
    endloop
  endfacet
  facet normal  0.000000e+00  0.000000e+00 -1.000000e+00
    outer loop
      vertex  8.400000e+01 -6.100000e+01  0.000000e+00
      vertex  8.005000e+01 -6.107846e+01  0.000000e+00
      vertex  8.039269e+01 -6.083850e+01  0.000000e+00
    endloop
  endfacet
  facet normal  0.000000e+00  0.000000e+00 -1.000000e+00
    outer loop
      vertex  8.400000e+01 -6.100000e+01  0.000000e+00
      vertex  8.039269e+01 -6.083850e+01  0.000000e+00
      vertex  8.068851e+01 -6.054269e+01  0.000000e+00
    endloop
  endfacet
  facet normal  0.000000e+00  0.000000e+00 -1.000000e+00
    outer loop
      vertex  8.400000e+01 -6.100000e+01  0.000000e+00
      vertex  8.068851e+01 -6.054269e+01  0.000000e+00
      vertex  8.092846e+01 -6.020000e+01  0.000000e+00
    endloop
  endfacet
  facet normal  0.000000e+00  0.000000e+00 -9.999999e-01
    outer loop
      vertex  8.400000e+01 -6.100000e+01  0.000000e+00
      vertex  8.092846e+01 -6.020000e+01  0.000000e+00
      vertex  8.110526e+01 -5.982085e+01  0.000000e+00
    endloop
  endfacet
  facet normal  0.000000e+00  0.000000e+00 -1.000000e+00
    outer loop
      vertex  8.400000e+01 -6.100000e+01  0.000000e+00
      vertex  8.110526e+01 -5.982085e+01  0.000000e+00
      vertex  8.121354e+01 -5.941676e+01  0.000000e+00
    endloop
  endfacet
  facet normal  0.000000e+00  0.000000e+00 -1.000000e+00
    outer loop
      vertex  8.400000e+01 -6.100000e+01  0.000000e+00
      vertex  8.121354e+01 -5.941676e+01  0.000000e+00
      vertex  8.125000e+01 -5.900000e+01  0.000000e+00
    endloop
  endfacet
  facet normal  0.000000e+00  0.000000e+00 -1.000000e+00
    outer loop
      vertex  8.400000e+01 -6.100000e+01  0.000000e+00
      vertex  8.125000e+01 -5.900000e+01  0.000000e+00
      vertex  8.121354e+01 -5.858324e+01  0.000000e+00
    endloop
  endfacet
  facet normal  0.000000e+00  0.000000e+00 -1.000000e+00
    outer loop
      vertex  8.400000e+01 -6.100000e+01  0.000000e+00
      vertex  8.121354e+01 -5.858324e+01  0.000000e+00
      vertex  8.110526e+01 -5.817915e+01  0.000000e+00
    endloop
  endfacet
  facet normal  0.000000e+00  0.000000e+00 -1.000000e+00
    outer loop
      vertex  8.400000e+01 -6.100000e+01  0.000000e+00
      vertex  8.110526e+01 -5.817915e+01  0.000000e+00
      vertex  8.092846e+01 -5.780000e+01  0.000000e+00
    endloop
  endfacet
  facet normal  0.000000e+00  0.000000e+00 -1.000000e+00
    outer loop
      vertex  8.400000e+01 -6.100000e+01  0.000000e+00
      vertex  8.092846e+01 -5.780000e+01  0.000000e+00
      vertex  8.068851e+01 -5.745731e+01  0.000000e+00
    endloop
  endfacet
  facet normal  0.000000e+00  0.000000e+00 -9.999999e-01
    outer loop
      vertex  8.400000e+01 -6.100000e+01  0.000000e+00
      vertex  8.068851e+01 -5.745731e+01  0.000000e+00
      vertex  7.800000e+01  5.600000e+01  0.000000e+00
    endloop
  endfacet
  facet normal  0.000000e+00  0.000000e+00 -9.999999e-01
    outer loop
      vertex  8.400000e+01 -6.100000e+01  0.000000e+00
      vertex  7.800000e+01  5.600000e+01  0.000000e+00
      vertex  7.846931e+01  5.603693e+01  0.000000e+00
    endloop
  endfacet
  facet normal  0.000000e+00  0.000000e+00 -1.000000e+00
    outer loop
      vertex  8.400000e+01 -6.100000e+01  0.000000e+00
      vertex  7.846931e+01  5.603693e+01  0.000000e+00
      vertex  7.892705e+01  5.614683e+01  0.000000e+00
    endloop
  endfacet
  facet normal  0.000000e+00  0.000000e+00 -1.000000e+00
    outer loop
      vertex  8.400000e+01 -6.100000e+01  0.000000e+00
      vertex  7.892705e+01  5.614683e+01  0.000000e+00
      vertex  7.936197e+01  5.632698e+01  0.000000e+00
    endloop
  endfacet
  facet normal  0.000000e+00  0.000000e+00 -1.000000e+00
    outer loop
      vertex  8.400000e+01 -6.100000e+01  0.000000e+00
      vertex  7.936197e+01  5.632698e+01  0.000000e+00
      vertex  7.976336e+01  5.657295e+01  0.000000e+00
    endloop
  endfacet
  facet normal  0.000000e+00  0.000000e+00 -1.000000e+00
    outer loop
      vertex  8.400000e+01 -6.100000e+01  0.000000e+00
      vertex  7.976336e+01  5.657295e+01  0.000000e+00
      vertex  8.012132e+01  5.687868e+01  0.000000e+00
    endloop
  endfacet
  facet normal  0.000000e+00  0.000000e+00 -1.000000e+00
    outer loop
      vertex  8.400000e+01 -6.100000e+01  0.000000e+00
      vertex  8.012132e+01  5.687868e+01  0.000000e+00
      vertex  8.042705e+01  5.723664e+01  0.000000e+00
    endloop
  endfacet
  facet normal  0.000000e+00  0.000000e+00 -9.999999e-01
    outer loop
      vertex  8.400000e+01 -6.100000e+01  0.000000e+00
      vertex  8.042705e+01  5.723664e+01  0.000000e+00
      vertex  8.067302e+01  5.763803e+01  0.000000e+00
    endloop
  endfacet
  facet normal  0.000000e+00  0.000000e+00 -1.000000e+00
    outer loop
      vertex  8.400000e+01 -6.100000e+01  0.000000e+00
      vertex  8.067302e+01  5.763803e+01  0.000000e+00
      vertex  8.085317e+01  5.807295e+01  0.000000e+00
    endloop
  endfacet
  facet normal  0.000000e+00  0.000000e+00 -1.000000e+00
    outer loop
      vertex  8.400000e+01 -6.100000e+01  0.000000e+00
      vertex  8.085317e+01  5.807295e+01  0.000000e+00
      vertex  8.096307e+01  5.853070e+01  0.000000e+00
    endloop
  endfacet
  facet normal  0.000000e+00  0.000000e+00 -1.000000e+00
    outer loop
      vertex  8.400000e+01 -6.100000e+01  0.000000e+00
      vertex  8.096307e+01  5.853070e+01  0.000000e+00
      vertex  8.100000e+01  5.900000e+01  0.000000e+00
    endloop
  endfacet
  facet normal  0.000000e+00  0.000000e+00 -1.000000e+00
    outer loop
      vertex -8.396578e+01 -6.152211e+01  0.000000e+00
      vertex -8.000000e+01 -6.500000e+01  0.000000e+00
      vertex -8.052210e+01 -6.496578e+01  0.000000e+00
    endloop
  endfacet
  facet normal  0.000000e+00  0.000000e+00 -1.000000e+00
    outer loop
      vertex -8.396578e+01 -6.152211e+01  0.000000e+00
      vertex -8.052210e+01 -6.496578e+01  0.000000e+00
      vertex -8.103528e+01 -6.486370e+01  0.000000e+00
    endloop
  endfacet
  facet normal  0.000000e+00  0.000000e+00 -1.000000e+00
    outer loop
      vertex -8.396578e+01 -6.152211e+01  0.000000e+00
      vertex -8.103528e+01 -6.486370e+01  0.000000e+00
      vertex -8.153073e+01 -6.469552e+01  0.000000e+00
    endloop
  endfacet
  facet normal  0.000000e+00  0.000000e+00 -1.000000e+00
    outer loop
      vertex -8.396578e+01 -6.152211e+01  0.000000e+00
      vertex -8.153073e+01 -6.469552e+01  0.000000e+00
      vertex -8.200000e+01 -6.446410e+01  0.000000e+00
    endloop
  endfacet
  facet normal  0.000000e+00  0.000000e+00 -1.000000e+00
    outer loop
      vertex -8.396578e+01 -6.152211e+01  0.000000e+00
      vertex -8.200000e+01 -6.446410e+01  0.000000e+00
      vertex -8.243504e+01 -6.417342e+01  0.000000e+00
    endloop
  endfacet
  facet normal  0.000000e+00  0.000000e+00 -1.000000e+00
    outer loop
      vertex -8.396578e+01 -6.152211e+01  0.000000e+00
      vertex -8.243504e+01 -6.417342e+01  0.000000e+00
      vertex -8.282843e+01 -6.382843e+01  0.000000e+00
    endloop
  endfacet
  facet normal  0.000000e+00  0.000000e+00 -1.000000e+00
    outer loop
      vertex -8.396578e+01 -6.152211e+01  0.000000e+00
      vertex -8.282843e+01 -6.382843e+01  0.000000e+00
      vertex -8.317342e+01 -6.343505e+01  0.000000e+00
    endloop
  endfacet
  facet normal  0.000000e+00  0.000000e+00 -1.000000e+00
    outer loop
      vertex -8.396578e+01 -6.152211e+01  0.000000e+00
      vertex -8.317342e+01 -6.343505e+01  0.000000e+00
      vertex -8.346410e+01 -6.300000e+01  0.000000e+00
    endloop
  endfacet
  facet normal  0.000000e+00  0.000000e+00 -1.000000e+00
    outer loop
      vertex -8.396578e+01 -6.152211e+01  0.000000e+00
      vertex -8.346410e+01 -6.300000e+01  0.000000e+00
      vertex -8.369552e+01 -6.253074e+01  0.000000e+00
    endloop
  endfacet
  facet normal  0.000000e+00  0.000000e+00 -1.000000e+00
    outer loop
      vertex -8.396578e+01 -6.152211e+01  0.000000e+00
      vertex -8.369552e+01 -6.253074e+01  0.000000e+00
      vertex -8.386370e+01 -6.203527e+01  0.000000e+00
    endloop
  endfacet
  facet normal  -0.000000e+00  0.000000e+00 -1.000000e+00
    outer loop
      vertex  7.885000e+01 -6.140000e+01  0.000000e+00
      vertex  8.396578e+01 -6.152211e+01  0.000000e+00
      vertex  8.386370e+01 -6.203527e+01  0.000000e+00
    endloop
  endfacet
  facet normal  -0.000000e+00  0.000000e+00 -1.000000e+00
    outer loop
      vertex  7.885000e+01 -6.140000e+01  0.000000e+00
      vertex  8.386370e+01 -6.203527e+01  0.000000e+00
      vertex  8.369552e+01 -6.253074e+01  0.000000e+00
    endloop
  endfacet
  facet normal  -0.000000e+00  0.000000e+00 -1.000000e+00
    outer loop
      vertex  7.885000e+01 -6.140000e+01  0.000000e+00
      vertex  8.369552e+01 -6.253074e+01  0.000000e+00
      vertex  8.346410e+01 -6.300000e+01  0.000000e+00
    endloop
  endfacet
  facet normal  -0.000000e+00  0.000000e+00 -1.000000e+00
    outer loop
      vertex  7.885000e+01 -6.140000e+01  0.000000e+00
      vertex  8.346410e+01 -6.300000e+01  0.000000e+00
      vertex  8.317342e+01 -6.343505e+01  0.000000e+00
    endloop
  endfacet
  facet normal  -0.000000e+00  0.000000e+00 -1.000000e+00
    outer loop
      vertex  7.885000e+01 -6.140000e+01  0.000000e+00
      vertex  8.317342e+01 -6.343505e+01  0.000000e+00
      vertex  8.282843e+01 -6.382843e+01  0.000000e+00
    endloop
  endfacet
  facet normal  -0.000000e+00  0.000000e+00 -1.000000e+00
    outer loop
      vertex  7.885000e+01 -6.140000e+01  0.000000e+00
      vertex  8.282843e+01 -6.382843e+01  0.000000e+00
      vertex  8.243504e+01 -6.417342e+01  0.000000e+00
    endloop
  endfacet
  facet normal  -0.000000e+00  0.000000e+00 -1.000000e+00
    outer loop
      vertex  7.885000e+01 -6.140000e+01  0.000000e+00
      vertex  8.243504e+01 -6.417342e+01  0.000000e+00
      vertex  8.200000e+01 -6.446410e+01  0.000000e+00
    endloop
  endfacet
  facet normal  -0.000000e+00  0.000000e+00 -1.000000e+00
    outer loop
      vertex  7.885000e+01 -6.140000e+01  0.000000e+00
      vertex  8.200000e+01 -6.446410e+01  0.000000e+00
      vertex  8.153073e+01 -6.469552e+01  0.000000e+00
    endloop
  endfacet
  facet normal  -0.000000e+00  0.000000e+00 -1.000000e+00
    outer loop
      vertex  7.885000e+01 -6.140000e+01  0.000000e+00
      vertex  8.153073e+01 -6.469552e+01  0.000000e+00
      vertex  8.103528e+01 -6.486370e+01  0.000000e+00
    endloop
  endfacet
  facet normal  -0.000000e+00  0.000000e+00 -1.000000e+00
    outer loop
      vertex  7.885000e+01 -6.140000e+01  0.000000e+00
      vertex  8.103528e+01 -6.486370e+01  0.000000e+00
      vertex  8.052210e+01 -6.496578e+01  0.000000e+00
    endloop
  endfacet
  facet normal  -0.000000e+00  0.000000e+00 -9.999999e-01
    outer loop
      vertex  7.885000e+01 -6.140000e+01  0.000000e+00
      vertex  8.052210e+01 -6.496578e+01  0.000000e+00
      vertex  8.000000e+01 -6.500000e+01  0.000000e+00
    endloop
  endfacet
  facet normal  0.000000e+00  0.000000e+00 -1.000000e+00
    outer loop
      vertex  7.715000e+01 -5.660000e+01  0.000000e+00
      vertex  7.673325e+01 -5.663646e+01  0.000000e+00
      vertex -7.758324e+01 -5.663646e+01  0.000000e+00
    endloop
  endfacet
  facet normal  0.000000e+00  0.000000e+00 -1.000000e+00
    outer loop
      vertex  7.715000e+01 -5.660000e+01  0.000000e+00
      vertex -7.758324e+01 -5.663646e+01  0.000000e+00
      vertex -7.800000e+01 -5.660000e+01  0.000000e+00
    endloop
  endfacet
  facet normal  0.000000e+00  0.000000e+00 -1.000000e+00
    outer loop
      vertex  7.715000e+01 -5.660000e+01  0.000000e+00
      vertex -7.800000e+01 -5.660000e+01  0.000000e+00
      vertex -7.800000e+01  5.575000e+01  0.000000e+00
    endloop
  endfacet
  facet normal  0.000000e+00  0.000000e+00 -1.000000e+00
    outer loop
      vertex  7.715000e+01 -5.660000e+01  0.000000e+00
      vertex -7.800000e+01  5.575000e+01  0.000000e+00
      vertex -7.758324e+01  5.578646e+01  0.000000e+00
    endloop
  endfacet
  facet normal  0.000000e+00  0.000000e+00 -1.000000e+00
    outer loop
      vertex  7.715000e+01 -5.660000e+01  0.000000e+00
      vertex -7.758324e+01  5.578646e+01  0.000000e+00
      vertex -7.717915e+01  5.589474e+01  0.000000e+00
    endloop
  endfacet
  facet normal  0.000000e+00  0.000000e+00 -1.000000e+00
    outer loop
      vertex  7.715000e+01 -5.660000e+01  0.000000e+00
      vertex -7.717915e+01  5.589474e+01  0.000000e+00
      vertex -7.680000e+01  5.607154e+01  0.000000e+00
    endloop
  endfacet
  facet normal  0.000000e+00  0.000000e+00 -1.000000e+00
    outer loop
      vertex  7.715000e+01 -5.660000e+01  0.000000e+00
      vertex -7.680000e+01  5.607154e+01  0.000000e+00
      vertex  7.800000e+01  5.600000e+01  0.000000e+00
    endloop
  endfacet
  facet normal  0.000000e+00  -0.000000e+00 -1.000000e+00
    outer loop
      vertex  7.715000e+01 -5.660000e+01  0.000000e+00
      vertex  7.800000e+01  5.600000e+01  0.000000e+00
      vertex  7.885000e+01 -5.660000e+01  0.000000e+00
    endloop
  endfacet
  facet normal  0.000000e+00  0.000000e+00 -1.000000e+00
    outer loop
      vertex -7.800000e+01  6.225000e+01  0.000000e+00
      vertex -8.369552e+01  6.253074e+01  0.000000e+00
      vertex -8.346410e+01  6.300000e+01  0.000000e+00
    endloop
  endfacet
  facet normal  0.000000e+00  0.000000e+00 -1.000000e+00
    outer loop
      vertex -7.800000e+01  6.225000e+01  0.000000e+00
      vertex -8.346410e+01  6.300000e+01  0.000000e+00
      vertex -8.317342e+01  6.343505e+01  0.000000e+00
    endloop
  endfacet
  facet normal  0.000000e+00  0.000000e+00 -1.000000e+00
    outer loop
      vertex -7.800000e+01  6.225000e+01  0.000000e+00
      vertex -8.317342e+01  6.343505e+01  0.000000e+00
      vertex -8.282843e+01  6.382843e+01  0.000000e+00
    endloop
  endfacet
  facet normal  0.000000e+00  0.000000e+00 -9.999999e-01
    outer loop
      vertex -7.800000e+01  6.225000e+01  0.000000e+00
      vertex -8.282843e+01  6.382843e+01  0.000000e+00
      vertex -8.243504e+01  6.417342e+01  0.000000e+00
    endloop
  endfacet
  facet normal  0.000000e+00  0.000000e+00 -1.000000e+00
    outer loop
      vertex -7.800000e+01  6.225000e+01  0.000000e+00
      vertex -8.243504e+01  6.417342e+01  0.000000e+00
      vertex -8.200000e+01  6.446410e+01  0.000000e+00
    endloop
  endfacet
  facet normal  0.000000e+00  0.000000e+00 -1.000000e+00
    outer loop
      vertex -7.800000e+01  6.225000e+01  0.000000e+00
      vertex -8.200000e+01  6.446410e+01  0.000000e+00
      vertex -8.153073e+01  6.469552e+01  0.000000e+00
    endloop
  endfacet
  facet normal  0.000000e+00  0.000000e+00 -1.000000e+00
    outer loop
      vertex -7.800000e+01  6.225000e+01  0.000000e+00
      vertex -8.153073e+01  6.469552e+01  0.000000e+00
      vertex -8.103528e+01  6.486370e+01  0.000000e+00
    endloop
  endfacet
  facet normal  0.000000e+00  0.000000e+00 -1.000000e+00
    outer loop
      vertex -7.800000e+01  6.225000e+01  0.000000e+00
      vertex -8.103528e+01  6.486370e+01  0.000000e+00
      vertex -8.052210e+01  6.496578e+01  0.000000e+00
    endloop
  endfacet
  facet normal  0.000000e+00  0.000000e+00 -9.999999e-01
    outer loop
      vertex -7.800000e+01  6.225000e+01  0.000000e+00
      vertex -8.052210e+01  6.496578e+01  0.000000e+00
      vertex -8.000000e+01  6.500000e+01  0.000000e+00
    endloop
  endfacet
  facet normal  0.000000e+00  0.000000e+00 -9.999999e-01
    outer loop
      vertex -7.800000e+01  6.225000e+01  0.000000e+00
      vertex -8.000000e+01  6.500000e+01  0.000000e+00
      vertex  8.000000e+01  6.500000e+01  0.000000e+00
    endloop
  endfacet
  facet normal  0.000000e+00  0.000000e+00 -1.000000e+00
    outer loop
      vertex -7.800000e+01  6.225000e+01  0.000000e+00
      vertex  8.000000e+01  6.500000e+01  0.000000e+00
      vertex  7.800000e+01  6.200000e+01  0.000000e+00
    endloop
  endfacet
  facet normal  0.000000e+00  0.000000e+00 -1.000000e+00
    outer loop
      vertex -7.800000e+01  6.225000e+01  0.000000e+00
      vertex  7.800000e+01  6.200000e+01  0.000000e+00
      vertex -7.758324e+01  6.221354e+01  0.000000e+00
    endloop
  endfacet
  facet normal  0.000000e+00  -0.000000e+00 -1.000000e+00
    outer loop
      vertex -8.386370e+01  6.203527e+01  0.000000e+00
      vertex -8.369552e+01  6.253074e+01  0.000000e+00
      vertex -7.800000e+01  6.225000e+01  0.000000e+00
    endloop
  endfacet
  facet normal  0.000000e+00  0.000000e+00 -9.999999e-01
    outer loop
      vertex -8.386370e+01  6.203527e+01  0.000000e+00
      vertex -7.800000e+01  6.225000e+01  0.000000e+00
      vertex -7.841676e+01  6.221354e+01  0.000000e+00
    endloop
  endfacet
  facet normal  0.000000e+00  0.000000e+00 -1.000000e+00
    outer loop
      vertex -8.386370e+01  6.203527e+01  0.000000e+00
      vertex -7.841676e+01  6.221354e+01  0.000000e+00
      vertex -7.882085e+01  6.210526e+01  0.000000e+00
    endloop
  endfacet
  facet normal  0.000000e+00  0.000000e+00 -9.999999e-01
    outer loop
      vertex -8.386370e+01  6.203527e+01  0.000000e+00
      vertex -7.882085e+01  6.210526e+01  0.000000e+00
      vertex -7.920000e+01  6.192846e+01  0.000000e+00
    endloop
  endfacet
  facet normal  -0.000000e+00  0.000000e+00 -1.000000e+00
    outer loop
      vertex -8.386370e+01  6.203527e+01  0.000000e+00
      vertex -7.920000e+01  6.192846e+01  0.000000e+00
      vertex -8.396578e+01  6.152211e+01  0.000000e+00
    endloop
  endfacet
  facet normal  0.000000e+00  -0.000000e+00 -1.000000e+00
    outer loop
      vertex -8.400000e+01 -6.100000e+01  0.000000e+00
      vertex -8.040000e+01  5.985000e+01  0.000000e+00
      vertex -8.040000e+01  5.815000e+01  0.000000e+00
    endloop
  endfacet
  facet normal  0.000000e+00  -0.000000e+00 -1.000000e+00
    outer loop
      vertex -8.400000e+01 -6.100000e+01  0.000000e+00
      vertex -8.040000e+01  5.815000e+01  0.000000e+00
      vertex -8.036354e+01  5.773325e+01  0.000000e+00
    endloop
  endfacet
  facet normal  0.000000e+00  -0.000000e+00 -1.000000e+00
    outer loop
      vertex -8.400000e+01 -6.100000e+01  0.000000e+00
      vertex -8.036354e+01  5.773325e+01  0.000000e+00
      vertex -8.025526e+01  5.732915e+01  0.000000e+00
    endloop
  endfacet
  facet normal  0.000000e+00  -0.000000e+00 -1.000000e+00
    outer loop
      vertex -8.400000e+01 -6.100000e+01  0.000000e+00
      vertex -8.025526e+01  5.732915e+01  0.000000e+00
      vertex -8.007846e+01  5.695000e+01  0.000000e+00
    endloop
  endfacet
  facet normal  0.000000e+00  -0.000000e+00 -1.000000e+00
    outer loop
      vertex -8.400000e+01 -6.100000e+01  0.000000e+00
      vertex -8.007846e+01  5.695000e+01  0.000000e+00
      vertex -7.983851e+01  5.660731e+01  0.000000e+00
    endloop
  endfacet
  facet normal  0.000000e+00  -0.000000e+00 -1.000000e+00
    outer loop
      vertex -8.400000e+01 -6.100000e+01  0.000000e+00
      vertex -7.983851e+01  5.660731e+01  0.000000e+00
      vertex -7.954269e+01  5.631149e+01  0.000000e+00
    endloop
  endfacet
  facet normal  0.000000e+00  -0.000000e+00 -1.000000e+00
    outer loop
      vertex -8.400000e+01 -6.100000e+01  0.000000e+00
      vertex -7.954269e+01  5.631149e+01  0.000000e+00
      vertex -7.920000e+01  5.607154e+01  0.000000e+00
    endloop
  endfacet
  facet normal  0.000000e+00  -0.000000e+00 -9.999999e-01
    outer loop
      vertex -8.400000e+01 -6.100000e+01  0.000000e+00
      vertex -7.920000e+01  5.607154e+01  0.000000e+00
      vertex -7.882085e+01  5.589474e+01  0.000000e+00
    endloop
  endfacet
  facet normal  0.000000e+00  -0.000000e+00 -9.999999e-01
    outer loop
      vertex -8.400000e+01 -6.100000e+01  0.000000e+00
      vertex -7.882085e+01  5.589474e+01  0.000000e+00
      vertex -7.841676e+01  5.578646e+01  0.000000e+00
    endloop
  endfacet
  facet normal  0.000000e+00  -0.000000e+00 -1.000000e+00
    outer loop
      vertex -8.400000e+01 -6.100000e+01  0.000000e+00
      vertex -7.841676e+01  5.578646e+01  0.000000e+00
      vertex -7.800000e+01  5.575000e+01  0.000000e+00
    endloop
  endfacet
  facet normal  0.000000e+00  0.000000e+00 -1.000000e+00
    outer loop
      vertex -8.400000e+01 -6.100000e+01  0.000000e+00
      vertex -7.800000e+01  5.575000e+01  0.000000e+00
      vertex -7.954269e+01 -5.716150e+01  0.000000e+00
    endloop
  endfacet
  facet normal  0.000000e+00  0.000000e+00 -1.000000e+00
    outer loop
      vertex -8.400000e+01 -6.100000e+01  0.000000e+00
      vertex -7.954269e+01 -5.716150e+01  0.000000e+00
      vertex -7.983851e+01 -5.745731e+01  0.000000e+00
    endloop
  endfacet
  facet normal  0.000000e+00  0.000000e+00 -1.000000e+00
    outer loop
      vertex -8.400000e+01 -6.100000e+01  0.000000e+00
      vertex -7.983851e+01 -5.745731e+01  0.000000e+00
      vertex -8.007846e+01 -5.780000e+01  0.000000e+00
    endloop
  endfacet
  facet normal  0.000000e+00  0.000000e+00 -1.000000e+00
    outer loop
      vertex -8.400000e+01 -6.100000e+01  0.000000e+00
      vertex -8.007846e+01 -5.780000e+01  0.000000e+00
      vertex -8.025526e+01 -5.817915e+01  0.000000e+00
    endloop
  endfacet
  facet normal  0.000000e+00  0.000000e+00 -1.000000e+00
    outer loop
      vertex -8.400000e+01 -6.100000e+01  0.000000e+00
      vertex -8.025526e+01 -5.817915e+01  0.000000e+00
      vertex -8.036354e+01 -5.858324e+01  0.000000e+00
    endloop
  endfacet
  facet normal  0.000000e+00  0.000000e+00 -1.000000e+00
    outer loop
      vertex -8.400000e+01 -6.100000e+01  0.000000e+00
      vertex -8.036354e+01 -5.858324e+01  0.000000e+00
      vertex -8.040000e+01 -5.900000e+01  0.000000e+00
    endloop
  endfacet
  facet normal  0.000000e+00  -0.000000e+00 -1.000000e+00
    outer loop
      vertex -8.400000e+01 -6.100000e+01  0.000000e+00
      vertex -8.040000e+01 -5.900000e+01  0.000000e+00
      vertex -8.036354e+01 -5.941676e+01  0.000000e+00
    endloop
  endfacet
  facet normal  0.000000e+00  -0.000000e+00 -1.000000e+00
    outer loop
      vertex -8.400000e+01 -6.100000e+01  0.000000e+00
      vertex -8.036354e+01 -5.941676e+01  0.000000e+00
      vertex -8.025526e+01 -5.982085e+01  0.000000e+00
    endloop
  endfacet
  facet normal  0.000000e+00  -0.000000e+00 -9.999999e-01
    outer loop
      vertex -8.400000e+01 -6.100000e+01  0.000000e+00
      vertex -8.025526e+01 -5.982085e+01  0.000000e+00
      vertex -8.007846e+01 -6.020000e+01  0.000000e+00
    endloop
  endfacet
  facet normal  0.000000e+00  -0.000000e+00 -1.000000e+00
    outer loop
      vertex -8.400000e+01 -6.100000e+01  0.000000e+00
      vertex -8.007846e+01 -6.020000e+01  0.000000e+00
      vertex -7.983851e+01 -6.054269e+01  0.000000e+00
    endloop
  endfacet
  facet normal  0.000000e+00  -0.000000e+00 -1.000000e+00
    outer loop
      vertex -8.400000e+01 -6.100000e+01  0.000000e+00
      vertex -7.983851e+01 -6.054269e+01  0.000000e+00
      vertex -7.954269e+01 -6.083850e+01  0.000000e+00
    endloop
  endfacet
  facet normal  0.000000e+00  -0.000000e+00 -1.000000e+00
    outer loop
      vertex -8.400000e+01 -6.100000e+01  0.000000e+00
      vertex -7.954269e+01 -6.083850e+01  0.000000e+00
      vertex -7.920000e+01 -6.107846e+01  0.000000e+00
    endloop
  endfacet
  facet normal  0.000000e+00  -0.000000e+00 -1.000000e+00
    outer loop
      vertex -8.400000e+01  6.100000e+01  0.000000e+00
      vertex -8.396578e+01  6.152211e+01  0.000000e+00
      vertex -7.983851e+01  6.139269e+01  0.000000e+00
    endloop
  endfacet
  facet normal  0.000000e+00  0.000000e+00 -1.000000e+00
    outer loop
      vertex -8.400000e+01  6.100000e+01  0.000000e+00
      vertex -7.983851e+01  6.139269e+01  0.000000e+00
      vertex -8.007846e+01  6.105000e+01  0.000000e+00
    endloop
  endfacet
  facet normal  0.000000e+00  0.000000e+00 -1.000000e+00
    outer loop
      vertex -8.400000e+01  6.100000e+01  0.000000e+00
      vertex -8.007846e+01  6.105000e+01  0.000000e+00
      vertex -8.025526e+01  6.067085e+01  0.000000e+00
    endloop
  endfacet
  facet normal  -0.000000e+00  0.000000e+00 -9.999999e-01
    outer loop
      vertex -8.400000e+01  6.100000e+01  0.000000e+00
      vertex -8.025526e+01  6.067085e+01  0.000000e+00
      vertex -8.036354e+01  6.026675e+01  0.000000e+00
    endloop
  endfacet
  facet normal  -0.000000e+00  0.000000e+00 -1.000000e+00
    outer loop
      vertex -8.400000e+01  6.100000e+01  0.000000e+00
      vertex -8.036354e+01  6.026675e+01  0.000000e+00
      vertex -8.040000e+01  5.985000e+01  0.000000e+00
    endloop
  endfacet
  facet normal  -0.000000e+00  0.000000e+00 -1.000000e+00
    outer loop
      vertex -8.400000e+01  6.100000e+01  0.000000e+00
      vertex -8.040000e+01  5.985000e+01  0.000000e+00
      vertex -8.400000e+01 -6.100000e+01  0.000000e+00
    endloop
  endfacet
  facet normal  0.000000e+00  0.000000e+00 -1.000000e+00
    outer loop
      vertex -8.396578e+01 -6.152211e+01  0.000000e+00
      vertex -8.400000e+01 -6.100000e+01  0.000000e+00
      vertex -7.920000e+01 -6.107846e+01  0.000000e+00
    endloop
  endfacet
  facet normal  0.000000e+00  -0.000000e+00 -1.000000e+00
    outer loop
      vertex -8.396578e+01 -6.152211e+01  0.000000e+00
      vertex -7.920000e+01 -6.107846e+01  0.000000e+00
      vertex -7.882085e+01 -6.125526e+01  0.000000e+00
    endloop
  endfacet
  facet normal  0.000000e+00  -0.000000e+00 -9.999999e-01
    outer loop
      vertex -8.396578e+01 -6.152211e+01  0.000000e+00
      vertex -7.882085e+01 -6.125526e+01  0.000000e+00
      vertex -7.841676e+01 -6.136354e+01  0.000000e+00
    endloop
  endfacet
  facet normal  0.000000e+00  -0.000000e+00 -1.000000e+00
    outer loop
      vertex -8.396578e+01 -6.152211e+01  0.000000e+00
      vertex -7.841676e+01 -6.136354e+01  0.000000e+00
      vertex -7.800000e+01 -6.140000e+01  0.000000e+00
    endloop
  endfacet
  facet normal  0.000000e+00  -0.000000e+00 -1.000000e+00
    outer loop
      vertex  7.800000e+01  6.200000e+01  0.000000e+00
      vertex  8.000000e+01  6.500000e+01  0.000000e+00
      vertex  8.052210e+01  6.496578e+01  0.000000e+00
    endloop
  endfacet
  facet normal  0.000000e+00  -0.000000e+00 -1.000000e+00
    outer loop
      vertex  7.800000e+01  6.200000e+01  0.000000e+00
      vertex  8.052210e+01  6.496578e+01  0.000000e+00
      vertex  8.103528e+01  6.486370e+01  0.000000e+00
    endloop
  endfacet
  facet normal  0.000000e+00  -0.000000e+00 -1.000000e+00
    outer loop
      vertex  7.800000e+01  6.200000e+01  0.000000e+00
      vertex  8.103528e+01  6.486370e+01  0.000000e+00
      vertex  8.153073e+01  6.469552e+01  0.000000e+00
    endloop
  endfacet
  facet normal  0.000000e+00  -0.000000e+00 -1.000000e+00
    outer loop
      vertex  7.800000e+01  6.200000e+01  0.000000e+00
      vertex  8.153073e+01  6.469552e+01  0.000000e+00
      vertex  8.200000e+01  6.446410e+01  0.000000e+00
    endloop
  endfacet
  facet normal  0.000000e+00  -0.000000e+00 -1.000000e+00
    outer loop
      vertex  7.800000e+01  6.200000e+01  0.000000e+00
      vertex  8.200000e+01  6.446410e+01  0.000000e+00
      vertex  8.243504e+01  6.417342e+01  0.000000e+00
    endloop
  endfacet
  facet normal  0.000000e+00  -0.000000e+00 -1.000000e+00
    outer loop
      vertex  7.800000e+01  6.200000e+01  0.000000e+00
      vertex  8.243504e+01  6.417342e+01  0.000000e+00
      vertex  8.282843e+01  6.382843e+01  0.000000e+00
    endloop
  endfacet
  facet normal  0.000000e+00  -0.000000e+00 -1.000000e+00
    outer loop
      vertex  7.800000e+01  6.200000e+01  0.000000e+00
      vertex  8.282843e+01  6.382843e+01  0.000000e+00
      vertex  8.317342e+01  6.343505e+01  0.000000e+00
    endloop
  endfacet
  facet normal  0.000000e+00  -0.000000e+00 -1.000000e+00
    outer loop
      vertex  7.800000e+01  6.200000e+01  0.000000e+00
      vertex  8.317342e+01  6.343505e+01  0.000000e+00
      vertex  8.346410e+01  6.300000e+01  0.000000e+00
    endloop
  endfacet
  facet normal  0.000000e+00  -0.000000e+00 -9.999999e-01
    outer loop
      vertex  7.800000e+01  6.200000e+01  0.000000e+00
      vertex  8.346410e+01  6.300000e+01  0.000000e+00
      vertex  8.369552e+01  6.253074e+01  0.000000e+00
    endloop
  endfacet
  facet normal  0.000000e+00  -0.000000e+00 -1.000000e+00
    outer loop
      vertex  7.800000e+01  6.200000e+01  0.000000e+00
      vertex  8.369552e+01  6.253074e+01  0.000000e+00
      vertex  8.386370e+01  6.203527e+01  0.000000e+00
    endloop
  endfacet
  facet normal  0.000000e+00  0.000000e+00 -1.000000e+00
    outer loop
      vertex  7.800000e+01  6.200000e+01  0.000000e+00
      vertex  8.386370e+01  6.203527e+01  0.000000e+00
      vertex  7.846931e+01  6.196307e+01  0.000000e+00
    endloop
  endfacet
  facet normal  0.000000e+00  0.000000e+00 -1.000000e+00
    outer loop
      vertex  8.400000e+01  6.100000e+01  0.000000e+00
      vertex  8.400000e+01 -6.100000e+01  0.000000e+00
      vertex  8.100000e+01  5.900000e+01  0.000000e+00
    endloop
  endfacet
  facet normal  0.000000e+00  0.000000e+00 -1.000000e+00
    outer loop
      vertex  8.400000e+01  6.100000e+01  0.000000e+00
      vertex  8.100000e+01  5.900000e+01  0.000000e+00
      vertex  8.096307e+01  5.946930e+01  0.000000e+00
    endloop
  endfacet
  facet normal  0.000000e+00  0.000000e+00 -1.000000e+00
    outer loop
      vertex  8.400000e+01  6.100000e+01  0.000000e+00
      vertex  8.096307e+01  5.946930e+01  0.000000e+00
      vertex  8.085317e+01  5.992705e+01  0.000000e+00
    endloop
  endfacet
  facet normal  0.000000e+00  0.000000e+00 -1.000000e+00
    outer loop
      vertex  8.400000e+01  6.100000e+01  0.000000e+00
      vertex  8.085317e+01  5.992705e+01  0.000000e+00
      vertex  8.067302e+01  6.036197e+01  0.000000e+00
    endloop
  endfacet
  facet normal  0.000000e+00  0.000000e+00 -1.000000e+00
    outer loop
      vertex  8.400000e+01  6.100000e+01  0.000000e+00
      vertex  8.067302e+01  6.036197e+01  0.000000e+00
      vertex  8.042705e+01  6.076336e+01  0.000000e+00
    endloop
  endfacet
  facet normal  0.000000e+00  0.000000e+00 -1.000000e+00
    outer loop
      vertex  8.400000e+01  6.100000e+01  0.000000e+00
      vertex  8.042705e+01  6.076336e+01  0.000000e+00
      vertex  8.012132e+01  6.112132e+01  0.000000e+00
    endloop
  endfacet
  facet normal  0.000000e+00  0.000000e+00 -1.000000e+00
    outer loop
      vertex  8.400000e+01  6.100000e+01  0.000000e+00
      vertex  8.012132e+01  6.112132e+01  0.000000e+00
      vertex  7.976336e+01  6.142705e+01  0.000000e+00
    endloop
  endfacet
  facet normal  0.000000e+00  0.000000e+00 -1.000000e+00
    outer loop
      vertex  8.400000e+01  6.100000e+01  0.000000e+00
      vertex  7.976336e+01  6.142705e+01  0.000000e+00
      vertex  8.396578e+01  6.152211e+01  0.000000e+00
    endloop
  endfacet
  facet normal  0.000000e+00  0.000000e+00 -1.000000e+00
    outer loop
      vertex  8.396578e+01 -6.152211e+01  0.000000e+00
      vertex  7.885000e+01 -6.140000e+01  0.000000e+00
      vertex  7.926675e+01 -6.136354e+01  0.000000e+00
    endloop
  endfacet
  facet normal  0.000000e+00  0.000000e+00 -1.000000e+00
    outer loop
      vertex  8.396578e+01 -6.152211e+01  0.000000e+00
      vertex  7.926675e+01 -6.136354e+01  0.000000e+00
      vertex  7.967085e+01 -6.125526e+01  0.000000e+00
    endloop
  endfacet
  facet normal  0.000000e+00  0.000000e+00 -1.000000e+00
    outer loop
      vertex  8.396578e+01 -6.152211e+01  0.000000e+00
      vertex  7.967085e+01 -6.125526e+01  0.000000e+00
      vertex  8.005000e+01 -6.107846e+01  0.000000e+00
    endloop
  endfacet
  facet normal  0.000000e+00  0.000000e+00 -1.000000e+00
    outer loop
      vertex  8.000000e+01 -6.500000e+01  0.000000e+00
      vertex -8.000000e+01 -6.500000e+01  0.000000e+00
      vertex  7.885000e+01 -6.140000e+01  0.000000e+00
    endloop
  endfacet
  facet normal  -0.000000e+00  0.000000e+00 -1.000000e+00
    outer loop
      vertex  7.885000e+01 -6.140000e+01  0.000000e+00
      vertex -8.000000e+01 -6.500000e+01  0.000000e+00
      vertex  7.715000e+01 -6.140000e+01  0.000000e+00
    endloop
  endfacet
  facet normal  0.000000e+00  0.000000e+00 -1.000000e+00
    outer loop
      vertex -8.000000e+01 -6.500000e+01  0.000000e+00
      vertex -8.396578e+01 -6.152211e+01  0.000000e+00
      vertex  7.715000e+01 -6.140000e+01  0.000000e+00
    endloop
  endfacet
  facet normal  -0.000000e+00  0.000000e+00 -1.000000e+00
    outer loop
      vertex  7.715000e+01 -6.140000e+01  0.000000e+00
      vertex -8.396578e+01 -6.152211e+01  0.000000e+00
      vertex -7.800000e+01 -6.140000e+01  0.000000e+00
    endloop
  endfacet
  facet normal  0.000000e+00  0.000000e+00 -9.999999e-01
    outer loop
      vertex  7.663803e+01  6.167302e+01  0.000000e+00
      vertex -7.645731e+01  6.168851e+01  0.000000e+00
      vertex  7.707295e+01  6.185317e+01  0.000000e+00
    endloop
  endfacet
  facet normal  -0.000000e+00  0.000000e+00 -1.000000e+00
    outer loop
      vertex  7.707295e+01  6.185317e+01  0.000000e+00
      vertex -7.645731e+01  6.168851e+01  0.000000e+00
      vertex -7.680000e+01  6.192846e+01  0.000000e+00
    endloop
  endfacet
  facet normal  0.000000e+00  0.000000e+00 -1.000000e+00
    outer loop
      vertex  7.707295e+01  6.185317e+01  0.000000e+00
      vertex -7.680000e+01  6.192846e+01  0.000000e+00
      vertex  7.753069e+01  6.196307e+01  0.000000e+00
    endloop
  endfacet
  facet normal  -0.000000e+00  0.000000e+00 -1.000000e+00
    outer loop
      vertex  7.753069e+01  6.196307e+01  0.000000e+00
      vertex -7.680000e+01  6.192846e+01  0.000000e+00
      vertex -7.717915e+01  6.210526e+01  0.000000e+00
    endloop
  endfacet
  facet normal  0.000000e+00  0.000000e+00 -1.000000e+00
    outer loop
      vertex  7.753069e+01  6.196307e+01  0.000000e+00
      vertex -7.717915e+01  6.210526e+01  0.000000e+00
      vertex  7.800000e+01  6.200000e+01  0.000000e+00
    endloop
  endfacet
  facet normal  0.000000e+00  0.000000e+00 -1.000000e+00
    outer loop
      vertex  7.500000e+01  5.900000e+01  0.000000e+00
      vertex -7.560000e+01  5.815000e+01  0.000000e+00
      vertex  7.503693e+01  5.946930e+01  0.000000e+00
    endloop
  endfacet
  facet normal  -0.000000e+00  0.000000e+00 -1.000000e+00
    outer loop
      vertex  7.503693e+01  5.946930e+01  0.000000e+00
      vertex -7.560000e+01  5.815000e+01  0.000000e+00
      vertex -7.560000e+01  5.985000e+01  0.000000e+00
    endloop
  endfacet
  facet normal  0.000000e+00  0.000000e+00 -1.000000e+00
    outer loop
      vertex  7.503693e+01  5.946930e+01  0.000000e+00
      vertex -7.560000e+01  5.985000e+01  0.000000e+00
      vertex  7.514683e+01  5.992705e+01  0.000000e+00
    endloop
  endfacet
  facet normal  -0.000000e+00  0.000000e+00 -9.999999e-01
    outer loop
      vertex  7.514683e+01  5.992705e+01  0.000000e+00
      vertex -7.560000e+01  5.985000e+01  0.000000e+00
      vertex -7.563646e+01  6.026675e+01  0.000000e+00
    endloop
  endfacet
  facet normal  0.000000e+00  0.000000e+00 -1.000000e+00
    outer loop
      vertex  7.514683e+01  5.992705e+01  0.000000e+00
      vertex -7.563646e+01  6.026675e+01  0.000000e+00
      vertex  7.532698e+01  6.036197e+01  0.000000e+00
    endloop
  endfacet
  facet normal  -0.000000e+00  0.000000e+00 -1.000000e+00
    outer loop
      vertex  7.532698e+01  6.036197e+01  0.000000e+00
      vertex -7.563646e+01  6.026675e+01  0.000000e+00
      vertex -7.574474e+01  6.067085e+01  0.000000e+00
    endloop
  endfacet
  facet normal  0.000000e+00  0.000000e+00 -1.000000e+00
    outer loop
      vertex  7.532698e+01  6.036197e+01  0.000000e+00
      vertex -7.574474e+01  6.067085e+01  0.000000e+00
      vertex  7.557295e+01  6.076336e+01  0.000000e+00
    endloop
  endfacet
  facet normal  -0.000000e+00  0.000000e+00 -1.000000e+00
    outer loop
      vertex  7.557295e+01  6.076336e+01  0.000000e+00
      vertex -7.574474e+01  6.067085e+01  0.000000e+00
      vertex -7.592154e+01  6.105000e+01  0.000000e+00
    endloop
  endfacet
  facet normal  0.000000e+00  0.000000e+00 -1.000000e+00
    outer loop
      vertex  7.557295e+01  6.076336e+01  0.000000e+00
      vertex -7.592154e+01  6.105000e+01  0.000000e+00
      vertex  7.587868e+01  6.112132e+01  0.000000e+00
    endloop
  endfacet
  facet normal  -0.000000e+00  0.000000e+00 -1.000000e+00
    outer loop
      vertex  7.587868e+01  6.112132e+01  0.000000e+00
      vertex -7.592154e+01  6.105000e+01  0.000000e+00
      vertex -7.616149e+01  6.139269e+01  0.000000e+00
    endloop
  endfacet
  facet normal  0.000000e+00  0.000000e+00 -1.000000e+00
    outer loop
      vertex  7.587868e+01  6.112132e+01  0.000000e+00
      vertex -7.616149e+01  6.139269e+01  0.000000e+00
      vertex  7.623664e+01  6.142705e+01  0.000000e+00
    endloop
  endfacet
  facet normal  -0.000000e+00  0.000000e+00 -1.000000e+00
    outer loop
      vertex  7.623664e+01  6.142705e+01  0.000000e+00
      vertex -7.616149e+01  6.139269e+01  0.000000e+00
      vertex -7.645731e+01  6.168851e+01  0.000000e+00
    endloop
  endfacet
  facet normal  0.000000e+00  0.000000e+00 -1.000000e+00
    outer loop
      vertex  7.623664e+01  6.142705e+01  0.000000e+00
      vertex -7.645731e+01  6.168851e+01  0.000000e+00
      vertex  7.663803e+01  6.167302e+01  0.000000e+00
    endloop
  endfacet
  facet normal  0.000000e+00  0.000000e+00 -1.000000e+00
    outer loop
      vertex  7.753069e+01  5.603693e+01  0.000000e+00
      vertex -7.680000e+01  5.607154e+01  0.000000e+00
      vertex  7.707295e+01  5.614683e+01  0.000000e+00
    endloop
  endfacet
  facet normal  -0.000000e+00  0.000000e+00 -1.000000e+00
    outer loop
      vertex  7.707295e+01  5.614683e+01  0.000000e+00
      vertex -7.680000e+01  5.607154e+01  0.000000e+00
      vertex -7.645731e+01  5.631149e+01  0.000000e+00
    endloop
  endfacet
  facet normal  0.000000e+00  0.000000e+00 -9.999999e-01
    outer loop
      vertex  7.707295e+01  5.614683e+01  0.000000e+00
      vertex -7.645731e+01  5.631149e+01  0.000000e+00
      vertex  7.663803e+01  5.632698e+01  0.000000e+00
    endloop
  endfacet
  facet normal  -0.000000e+00  0.000000e+00 -1.000000e+00
    outer loop
      vertex  7.663803e+01  5.632698e+01  0.000000e+00
      vertex -7.645731e+01  5.631149e+01  0.000000e+00
      vertex -7.616149e+01  5.660731e+01  0.000000e+00
    endloop
  endfacet
  facet normal  0.000000e+00  0.000000e+00 -1.000000e+00
    outer loop
      vertex  7.663803e+01  5.632698e+01  0.000000e+00
      vertex -7.616149e+01  5.660731e+01  0.000000e+00
      vertex  7.623664e+01  5.657295e+01  0.000000e+00
    endloop
  endfacet
  facet normal  0.000000e+00  0.000000e+00 -1.000000e+00
    outer loop
      vertex  7.623664e+01  5.657295e+01  0.000000e+00
      vertex -7.616149e+01  5.660731e+01  0.000000e+00
      vertex -7.592154e+01  5.695000e+01  0.000000e+00
    endloop
  endfacet
  facet normal  0.000000e+00  0.000000e+00 -1.000000e+00
    outer loop
      vertex  7.623664e+01  5.657295e+01  0.000000e+00
      vertex -7.592154e+01  5.695000e+01  0.000000e+00
      vertex  7.587868e+01  5.687868e+01  0.000000e+00
    endloop
  endfacet
  facet normal  0.000000e+00  0.000000e+00 -1.000000e+00
    outer loop
      vertex  7.587868e+01  5.687868e+01  0.000000e+00
      vertex -7.592154e+01  5.695000e+01  0.000000e+00
      vertex -7.574474e+01  5.732915e+01  0.000000e+00
    endloop
  endfacet
  facet normal  0.000000e+00  0.000000e+00 -9.999999e-01
    outer loop
      vertex  7.587868e+01  5.687868e+01  0.000000e+00
      vertex -7.574474e+01  5.732915e+01  0.000000e+00
      vertex  7.557295e+01  5.723664e+01  0.000000e+00
    endloop
  endfacet
  facet normal  0.000000e+00  0.000000e+00 -1.000000e+00
    outer loop
      vertex  7.557295e+01  5.723664e+01  0.000000e+00
      vertex -7.574474e+01  5.732915e+01  0.000000e+00
      vertex -7.563646e+01  5.773325e+01  0.000000e+00
    endloop
  endfacet
  facet normal  0.000000e+00  0.000000e+00 -1.000000e+00
    outer loop
      vertex  7.557295e+01  5.723664e+01  0.000000e+00
      vertex -7.563646e+01  5.773325e+01  0.000000e+00
      vertex  7.532698e+01  5.763803e+01  0.000000e+00
    endloop
  endfacet
  facet normal  0.000000e+00  0.000000e+00 -9.999999e-01
    outer loop
      vertex  7.532698e+01  5.763803e+01  0.000000e+00
      vertex -7.563646e+01  5.773325e+01  0.000000e+00
      vertex -7.560000e+01  5.815000e+01  0.000000e+00
    endloop
  endfacet
  facet normal  0.000000e+00  0.000000e+00 -1.000000e+00
    outer loop
      vertex  7.532698e+01  5.763803e+01  0.000000e+00
      vertex -7.560000e+01  5.815000e+01  0.000000e+00
      vertex  7.514683e+01  5.807295e+01  0.000000e+00
    endloop
  endfacet
  facet normal  0.000000e+00  0.000000e+00 -1.000000e+00
    outer loop
      vertex  7.475000e+01 -5.900000e+01  0.000000e+00
      vertex -7.563646e+01 -5.858324e+01  0.000000e+00
      vertex  7.478646e+01 -5.858324e+01  0.000000e+00
    endloop
  endfacet
  facet normal  0.000000e+00  0.000000e+00 -9.999999e-01
    outer loop
      vertex  7.478646e+01 -5.858324e+01  0.000000e+00
      vertex -7.563646e+01 -5.858324e+01  0.000000e+00
      vertex -7.574474e+01 -5.817915e+01  0.000000e+00
    endloop
  endfacet
  facet normal  0.000000e+00  0.000000e+00 -1.000000e+00
    outer loop
      vertex  7.478646e+01 -5.858324e+01  0.000000e+00
      vertex -7.574474e+01 -5.817915e+01  0.000000e+00
      vertex  7.489474e+01 -5.817915e+01  0.000000e+00
    endloop
  endfacet
  facet normal  0.000000e+00  0.000000e+00 -1.000000e+00
    outer loop
      vertex  7.489474e+01 -5.817915e+01  0.000000e+00
      vertex -7.574474e+01 -5.817915e+01  0.000000e+00
      vertex -7.592154e+01 -5.780000e+01  0.000000e+00
    endloop
  endfacet
  facet normal  0.000000e+00  0.000000e+00 -1.000000e+00
    outer loop
      vertex  7.489474e+01 -5.817915e+01  0.000000e+00
      vertex -7.592154e+01 -5.780000e+01  0.000000e+00
      vertex  7.507154e+01 -5.780000e+01  0.000000e+00
    endloop
  endfacet
  facet normal  0.000000e+00  0.000000e+00 -9.999999e-01
    outer loop
      vertex  7.507154e+01 -5.780000e+01  0.000000e+00
      vertex -7.592154e+01 -5.780000e+01  0.000000e+00
      vertex -7.616149e+01 -5.745731e+01  0.000000e+00
    endloop
  endfacet
  facet normal  0.000000e+00  0.000000e+00 -1.000000e+00
    outer loop
      vertex  7.507154e+01 -5.780000e+01  0.000000e+00
      vertex -7.616149e+01 -5.745731e+01  0.000000e+00
      vertex  7.531149e+01 -5.745731e+01  0.000000e+00
    endloop
  endfacet
  facet normal  0.000000e+00  0.000000e+00 -1.000000e+00
    outer loop
      vertex  7.531149e+01 -5.745731e+01  0.000000e+00
      vertex -7.616149e+01 -5.745731e+01  0.000000e+00
      vertex -7.645731e+01 -5.716150e+01  0.000000e+00
    endloop
  endfacet
  facet normal  0.000000e+00  0.000000e+00 -1.000000e+00
    outer loop
      vertex  7.531149e+01 -5.745731e+01  0.000000e+00
      vertex -7.645731e+01 -5.716150e+01  0.000000e+00
      vertex  7.560731e+01 -5.716150e+01  0.000000e+00
    endloop
  endfacet
  facet normal  0.000000e+00  0.000000e+00 -1.000000e+00
    outer loop
      vertex  7.560731e+01 -5.716150e+01  0.000000e+00
      vertex -7.645731e+01 -5.716150e+01  0.000000e+00
      vertex -7.680000e+01 -5.692154e+01  0.000000e+00
    endloop
  endfacet
  facet normal  0.000000e+00  0.000000e+00 -1.000000e+00
    outer loop
      vertex  7.560731e+01 -5.716150e+01  0.000000e+00
      vertex -7.680000e+01 -5.692154e+01  0.000000e+00
      vertex  7.595000e+01 -5.692154e+01  0.000000e+00
    endloop
  endfacet
  facet normal  0.000000e+00  0.000000e+00 -1.000000e+00
    outer loop
      vertex  7.595000e+01 -5.692154e+01  0.000000e+00
      vertex -7.680000e+01 -5.692154e+01  0.000000e+00
      vertex -7.717915e+01 -5.674474e+01  0.000000e+00
    endloop
  endfacet
  facet normal  0.000000e+00  0.000000e+00 -1.000000e+00
    outer loop
      vertex  7.595000e+01 -5.692154e+01  0.000000e+00
      vertex -7.717915e+01 -5.674474e+01  0.000000e+00
      vertex  7.632915e+01 -5.674474e+01  0.000000e+00
    endloop
  endfacet
  facet normal  0.000000e+00  0.000000e+00 -1.000000e+00
    outer loop
      vertex  7.632915e+01 -5.674474e+01  0.000000e+00
      vertex -7.717915e+01 -5.674474e+01  0.000000e+00
      vertex -7.758324e+01 -5.663646e+01  0.000000e+00
    endloop
  endfacet
  facet normal  0.000000e+00  0.000000e+00 -1.000000e+00
    outer loop
      vertex  7.632915e+01 -5.674474e+01  0.000000e+00
      vertex -7.758324e+01 -5.663646e+01  0.000000e+00
      vertex  7.673325e+01 -5.663646e+01  0.000000e+00
    endloop
  endfacet
  facet normal  0.000000e+00  0.000000e+00 -9.999999e-01
    outer loop
      vertex -7.563646e+01 -5.858324e+01  0.000000e+00
      vertex  7.475000e+01 -5.900000e+01  0.000000e+00
      vertex -7.560000e+01 -5.900000e+01  0.000000e+00
    endloop
  endfacet
  facet normal  0.000000e+00  0.000000e+00 -9.999999e-01
    outer loop
      vertex -7.560000e+01 -5.900000e+01  0.000000e+00
      vertex  7.475000e+01 -5.900000e+01  0.000000e+00
      vertex  7.478646e+01 -5.941676e+01  0.000000e+00
    endloop
  endfacet
  facet normal  0.000000e+00  0.000000e+00 -1.000000e+00
    outer loop
      vertex -7.560000e+01 -5.900000e+01  0.000000e+00
      vertex  7.478646e+01 -5.941676e+01  0.000000e+00
      vertex -7.563646e+01 -5.941676e+01  0.000000e+00
    endloop
  endfacet
  facet normal  0.000000e+00  0.000000e+00 -9.999999e-01
    outer loop
      vertex -7.563646e+01 -5.941676e+01  0.000000e+00
      vertex  7.478646e+01 -5.941676e+01  0.000000e+00
      vertex  7.489474e+01 -5.982085e+01  0.000000e+00
    endloop
  endfacet
  facet normal  0.000000e+00  0.000000e+00 -1.000000e+00
    outer loop
      vertex -7.563646e+01 -5.941676e+01  0.000000e+00
      vertex  7.489474e+01 -5.982085e+01  0.000000e+00
      vertex -7.574474e+01 -5.982085e+01  0.000000e+00
    endloop
  endfacet
  facet normal  0.000000e+00  0.000000e+00 -1.000000e+00
    outer loop
      vertex -7.574474e+01 -5.982085e+01  0.000000e+00
      vertex  7.489474e+01 -5.982085e+01  0.000000e+00
      vertex  7.507154e+01 -6.020000e+01  0.000000e+00
    endloop
  endfacet
  facet normal  0.000000e+00  0.000000e+00 -1.000000e+00
    outer loop
      vertex -7.574474e+01 -5.982085e+01  0.000000e+00
      vertex  7.507154e+01 -6.020000e+01  0.000000e+00
      vertex -7.592154e+01 -6.020000e+01  0.000000e+00
    endloop
  endfacet
  facet normal  0.000000e+00  0.000000e+00 -9.999999e-01
    outer loop
      vertex -7.592154e+01 -6.020000e+01  0.000000e+00
      vertex  7.507154e+01 -6.020000e+01  0.000000e+00
      vertex  7.531149e+01 -6.054269e+01  0.000000e+00
    endloop
  endfacet
  facet normal  0.000000e+00  0.000000e+00 -1.000000e+00
    outer loop
      vertex -7.592154e+01 -6.020000e+01  0.000000e+00
      vertex  7.531149e+01 -6.054269e+01  0.000000e+00
      vertex -7.616149e+01 -6.054269e+01  0.000000e+00
    endloop
  endfacet
  facet normal  0.000000e+00  0.000000e+00 -1.000000e+00
    outer loop
      vertex -7.616149e+01 -6.054269e+01  0.000000e+00
      vertex  7.531149e+01 -6.054269e+01  0.000000e+00
      vertex  7.560731e+01 -6.083850e+01  0.000000e+00
    endloop
  endfacet
  facet normal  0.000000e+00  0.000000e+00 -1.000000e+00
    outer loop
      vertex -7.616149e+01 -6.054269e+01  0.000000e+00
      vertex  7.560731e+01 -6.083850e+01  0.000000e+00
      vertex -7.645731e+01 -6.083850e+01  0.000000e+00
    endloop
  endfacet
  facet normal  0.000000e+00  0.000000e+00 -1.000000e+00
    outer loop
      vertex -7.645731e+01 -6.083850e+01  0.000000e+00
      vertex  7.560731e+01 -6.083850e+01  0.000000e+00
      vertex  7.595000e+01 -6.107846e+01  0.000000e+00
    endloop
  endfacet
  facet normal  0.000000e+00  0.000000e+00 -1.000000e+00
    outer loop
      vertex -7.645731e+01 -6.083850e+01  0.000000e+00
      vertex  7.595000e+01 -6.107846e+01  0.000000e+00
      vertex -7.680000e+01 -6.107846e+01  0.000000e+00
    endloop
  endfacet
  facet normal  0.000000e+00  0.000000e+00 -1.000000e+00
    outer loop
      vertex -7.680000e+01 -6.107846e+01  0.000000e+00
      vertex  7.595000e+01 -6.107846e+01  0.000000e+00
      vertex  7.632915e+01 -6.125526e+01  0.000000e+00
    endloop
  endfacet
  facet normal  0.000000e+00  0.000000e+00 -1.000000e+00
    outer loop
      vertex -7.680000e+01 -6.107846e+01  0.000000e+00
      vertex  7.632915e+01 -6.125526e+01  0.000000e+00
      vertex -7.717915e+01 -6.125526e+01  0.000000e+00
    endloop
  endfacet
  facet normal  0.000000e+00  0.000000e+00 -1.000000e+00
    outer loop
      vertex -7.717915e+01 -6.125526e+01  0.000000e+00
      vertex  7.632915e+01 -6.125526e+01  0.000000e+00
      vertex  7.673325e+01 -6.136354e+01  0.000000e+00
    endloop
  endfacet
  facet normal  0.000000e+00  0.000000e+00 -1.000000e+00
    outer loop
      vertex -7.717915e+01 -6.125526e+01  0.000000e+00
      vertex  7.673325e+01 -6.136354e+01  0.000000e+00
      vertex -7.758324e+01 -6.136354e+01  0.000000e+00
    endloop
  endfacet
  facet normal  0.000000e+00  0.000000e+00 -1.000000e+00
    outer loop
      vertex -7.758324e+01 -6.136354e+01  0.000000e+00
      vertex  7.673325e+01 -6.136354e+01  0.000000e+00
      vertex  7.715000e+01 -6.140000e+01  0.000000e+00
    endloop
  endfacet
  facet normal  0.000000e+00  0.000000e+00 -1.000000e+00
    outer loop
      vertex -7.758324e+01 -6.136354e+01  0.000000e+00
      vertex  7.715000e+01 -6.140000e+01  0.000000e+00
      vertex -7.800000e+01 -6.140000e+01  0.000000e+00
    endloop
  endfacet
  facet normal  0.000000e+00  0.000000e+00 -1.000000e+00
    outer loop
      vertex  7.936197e+01  6.167302e+01  0.000000e+00
      vertex  7.892705e+01  6.185317e+01  0.000000e+00
      vertex  8.396578e+01  6.152211e+01  0.000000e+00
    endloop
  endfacet
  facet normal  0.000000e+00  0.000000e+00 -1.000000e+00
    outer loop
      vertex  8.396578e+01  6.152211e+01  0.000000e+00
      vertex  7.892705e+01  6.185317e+01  0.000000e+00
      vertex  7.846931e+01  6.196307e+01  0.000000e+00
    endloop
  endfacet
  facet normal  0.000000e+00  0.000000e+00 -1.000000e+00
    outer loop
      vertex  8.396578e+01  6.152211e+01  0.000000e+00
      vertex  7.846931e+01  6.196307e+01  0.000000e+00
      vertex  8.386370e+01  6.203527e+01  0.000000e+00
    endloop
  endfacet
  facet normal  0.000000e+00  0.000000e+00  1.000000e+00
    outer loop
      vertex  7.500000e+01  5.900000e+01  2.000000e+00
      vertex -7.560000e+01  5.815000e+01  2.000000e+00
      vertex  7.503693e+01  5.853070e+01  2.000000e+00
    endloop
  endfacet
  facet normal  0.000000e+00  0.000000e+00  1.000000e+00
    outer loop
      vertex -7.920000e+01  6.192846e+01  2.000000e+00
      vertex -8.396578e+01  6.152211e+01  2.000000e+00
      vertex -7.954269e+01  6.168851e+01  2.000000e+00
    endloop
  endfacet
  facet normal  -0.000000e+00  0.000000e+00  1.000000e+00
    outer loop
      vertex -7.954269e+01  6.168851e+01  2.000000e+00
      vertex -8.396578e+01  6.152211e+01  2.000000e+00
      vertex -7.983851e+01  6.139269e+01  2.000000e+00
    endloop
  endfacet
  facet normal  0.000000e+00  -0.000000e+00  1.000000e+00
    outer loop
      vertex -7.954269e+01 -5.716150e+01  2.000000e+00
      vertex -7.920000e+01 -5.692154e+01  2.000000e+00
      vertex -7.800000e+01  5.575000e+01  2.000000e+00
    endloop
  endfacet
  facet normal  0.000000e+00  -0.000000e+00  1.000000e+00
    outer loop
      vertex -7.920000e+01 -5.692154e+01  2.000000e+00
      vertex -7.882085e+01 -5.674474e+01  2.000000e+00
      vertex -7.800000e+01  5.575000e+01  2.000000e+00
    endloop
  endfacet
  facet normal  0.000000e+00  -0.000000e+00  1.000000e+00
    outer loop
      vertex -7.882085e+01 -5.674474e+01  2.000000e+00
      vertex -7.841676e+01 -5.663646e+01  2.000000e+00
      vertex -7.800000e+01  5.575000e+01  2.000000e+00
    endloop
  endfacet
  facet normal  0.000000e+00  -0.000000e+00  1.000000e+00
    outer loop
      vertex -7.841676e+01 -5.663646e+01  2.000000e+00
      vertex -7.800000e+01 -5.660000e+01  2.000000e+00
      vertex -7.800000e+01  5.575000e+01  2.000000e+00
    endloop
  endfacet
  facet normal  0.000000e+00  0.000000e+00  1.000000e+00
    outer loop
      vertex  7.800000e+01  6.200000e+01  2.000000e+00
      vertex -7.758324e+01  6.221354e+01  2.000000e+00
      vertex -7.717915e+01  6.210526e+01  2.000000e+00
    endloop
  endfacet
  facet normal  0.000000e+00  0.000000e+00  1.000000e+00
    outer loop
      vertex -7.560000e+01  5.815000e+01  2.000000e+00
      vertex  7.514683e+01  5.807295e+01  2.000000e+00
      vertex  7.503693e+01  5.853070e+01  2.000000e+00
    endloop
  endfacet
  facet normal  0.000000e+00  0.000000e+00  1.000000e+00
    outer loop
      vertex -7.680000e+01  5.607154e+01  2.000000e+00
      vertex  7.800000e+01  5.600000e+01  2.000000e+00
      vertex  7.753069e+01  5.603693e+01  2.000000e+00
    endloop
  endfacet
  facet normal  0.000000e+00  -0.000000e+00  1.000000e+00
    outer loop
      vertex  7.936197e+01  6.167302e+01  2.000000e+00
      vertex  7.976336e+01  6.142705e+01  2.000000e+00
      vertex  8.396578e+01  6.152211e+01  2.000000e+00
    endloop
  endfacet
  facet normal  0.000000e+00  0.000000e+00  1.000000e+00
    outer loop
      vertex  8.068851e+01 -5.745731e+01  2.000000e+00
      vertex  7.800000e+01  5.600000e+01  2.000000e+00
      vertex  8.039269e+01 -5.716150e+01  2.000000e+00
    endloop
  endfacet
  facet normal  0.000000e+00  0.000000e+00  1.000000e+00
    outer loop
      vertex  8.039269e+01 -5.716150e+01  2.000000e+00
      vertex  7.800000e+01  5.600000e+01  2.000000e+00
      vertex  8.005000e+01 -5.692154e+01  2.000000e+00
    endloop
  endfacet
  facet normal  0.000000e+00  0.000000e+00  1.000000e+00
    outer loop
      vertex  8.005000e+01 -5.692154e+01  2.000000e+00
      vertex  7.800000e+01  5.600000e+01  2.000000e+00
      vertex  7.967085e+01 -5.674474e+01  2.000000e+00
    endloop
  endfacet
  facet normal  0.000000e+00  0.000000e+00  9.999999e-01
    outer loop
      vertex  7.967085e+01 -5.674474e+01  2.000000e+00
      vertex  7.800000e+01  5.600000e+01  2.000000e+00
      vertex  7.926675e+01 -5.663646e+01  2.000000e+00
    endloop
  endfacet
  facet normal  0.000000e+00  0.000000e+00  1.000000e+00
    outer loop
      vertex  7.885000e+01 -5.660000e+01  2.000000e+00
      vertex  7.926675e+01 -5.663646e+01  2.000000e+00
      vertex  7.800000e+01  5.600000e+01  2.000000e+00
    endloop
  endfacet
  facet normal  0.000000e+00  0.000000e+00  1.000000e+00
    outer loop
      vertex  8.400000e+01 -6.100000e+01  2.000000e+00
      vertex  8.100000e+01  5.900000e+01  2.000000e+00
      vertex  8.096307e+01  5.853070e+01  2.000000e+00
    endloop
  endfacet
  facet normal  0.000000e+00  0.000000e+00  1.000000e+00
    outer loop
      vertex  8.400000e+01 -6.100000e+01  2.000000e+00
      vertex  8.096307e+01  5.853070e+01  2.000000e+00
      vertex  8.085317e+01  5.807295e+01  2.000000e+00
    endloop
  endfacet
  facet normal  0.000000e+00  0.000000e+00  1.000000e+00
    outer loop
      vertex  8.400000e+01 -6.100000e+01  2.000000e+00
      vertex  8.085317e+01  5.807295e+01  2.000000e+00
      vertex  8.067302e+01  5.763803e+01  2.000000e+00
    endloop
  endfacet
  facet normal  0.000000e+00  0.000000e+00  9.999999e-01
    outer loop
      vertex  8.400000e+01 -6.100000e+01  2.000000e+00
      vertex  8.067302e+01  5.763803e+01  2.000000e+00
      vertex  8.042705e+01  5.723664e+01  2.000000e+00
    endloop
  endfacet
  facet normal  0.000000e+00  0.000000e+00  1.000000e+00
    outer loop
      vertex  8.400000e+01 -6.100000e+01  2.000000e+00
      vertex  8.042705e+01  5.723664e+01  2.000000e+00
      vertex  8.012132e+01  5.687868e+01  2.000000e+00
    endloop
  endfacet
  facet normal  0.000000e+00  0.000000e+00  1.000000e+00
    outer loop
      vertex  8.400000e+01 -6.100000e+01  2.000000e+00
      vertex  8.012132e+01  5.687868e+01  2.000000e+00
      vertex  7.976336e+01  5.657295e+01  2.000000e+00
    endloop
  endfacet
  facet normal  0.000000e+00  0.000000e+00  1.000000e+00
    outer loop
      vertex  8.400000e+01 -6.100000e+01  2.000000e+00
      vertex  7.976336e+01  5.657295e+01  2.000000e+00
      vertex  7.936197e+01  5.632698e+01  2.000000e+00
    endloop
  endfacet
  facet normal  0.000000e+00  0.000000e+00  1.000000e+00
    outer loop
      vertex  8.400000e+01 -6.100000e+01  2.000000e+00
      vertex  7.936197e+01  5.632698e+01  2.000000e+00
      vertex  7.892705e+01  5.614683e+01  2.000000e+00
    endloop
  endfacet
  facet normal  0.000000e+00  0.000000e+00  1.000000e+00
    outer loop
      vertex  8.400000e+01 -6.100000e+01  2.000000e+00
      vertex  7.892705e+01  5.614683e+01  2.000000e+00
      vertex  7.846931e+01  5.603693e+01  2.000000e+00
    endloop
  endfacet
  facet normal  0.000000e+00  0.000000e+00  9.999999e-01
    outer loop
      vertex  8.400000e+01 -6.100000e+01  2.000000e+00
      vertex  7.846931e+01  5.603693e+01  2.000000e+00
      vertex  7.800000e+01  5.600000e+01  2.000000e+00
    endloop
  endfacet
  facet normal  0.000000e+00  0.000000e+00  9.999999e-01
    outer loop
      vertex  8.400000e+01 -6.100000e+01  2.000000e+00
      vertex  7.800000e+01  5.600000e+01  2.000000e+00
      vertex  8.068851e+01 -5.745731e+01  2.000000e+00
    endloop
  endfacet
  facet normal  0.000000e+00  0.000000e+00  1.000000e+00
    outer loop
      vertex  8.400000e+01 -6.100000e+01  2.000000e+00
      vertex  8.068851e+01 -5.745731e+01  2.000000e+00
      vertex  8.092846e+01 -5.780000e+01  2.000000e+00
    endloop
  endfacet
  facet normal  0.000000e+00  0.000000e+00  1.000000e+00
    outer loop
      vertex  8.400000e+01 -6.100000e+01  2.000000e+00
      vertex  8.092846e+01 -5.780000e+01  2.000000e+00
      vertex  8.110526e+01 -5.817915e+01  2.000000e+00
    endloop
  endfacet
  facet normal  0.000000e+00  0.000000e+00  1.000000e+00
    outer loop
      vertex  8.400000e+01 -6.100000e+01  2.000000e+00
      vertex  8.110526e+01 -5.817915e+01  2.000000e+00
      vertex  8.121354e+01 -5.858324e+01  2.000000e+00
    endloop
  endfacet
  facet normal  0.000000e+00  0.000000e+00  1.000000e+00
    outer loop
      vertex  8.400000e+01 -6.100000e+01  2.000000e+00
      vertex  8.121354e+01 -5.858324e+01  2.000000e+00
      vertex  8.125000e+01 -5.900000e+01  2.000000e+00
    endloop
  endfacet
  facet normal  0.000000e+00  0.000000e+00  1.000000e+00
    outer loop
      vertex  8.400000e+01 -6.100000e+01  2.000000e+00
      vertex  8.125000e+01 -5.900000e+01  2.000000e+00
      vertex  8.121354e+01 -5.941676e+01  2.000000e+00
    endloop
  endfacet
  facet normal  0.000000e+00  0.000000e+00  1.000000e+00
    outer loop
      vertex  8.400000e+01 -6.100000e+01  2.000000e+00
      vertex  8.121354e+01 -5.941676e+01  2.000000e+00
      vertex  8.110526e+01 -5.982085e+01  2.000000e+00
    endloop
  endfacet
  facet normal  0.000000e+00  0.000000e+00  9.999999e-01
    outer loop
      vertex  8.400000e+01 -6.100000e+01  2.000000e+00
      vertex  8.110526e+01 -5.982085e+01  2.000000e+00
      vertex  8.092846e+01 -6.020000e+01  2.000000e+00
    endloop
  endfacet
  facet normal  0.000000e+00  0.000000e+00  1.000000e+00
    outer loop
      vertex  8.400000e+01 -6.100000e+01  2.000000e+00
      vertex  8.092846e+01 -6.020000e+01  2.000000e+00
      vertex  8.068851e+01 -6.054269e+01  2.000000e+00
    endloop
  endfacet
  facet normal  0.000000e+00  0.000000e+00  1.000000e+00
    outer loop
      vertex  8.400000e+01 -6.100000e+01  2.000000e+00
      vertex  8.068851e+01 -6.054269e+01  2.000000e+00
      vertex  8.039269e+01 -6.083850e+01  2.000000e+00
    endloop
  endfacet
  facet normal  0.000000e+00  0.000000e+00  1.000000e+00
    outer loop
      vertex  8.400000e+01 -6.100000e+01  2.000000e+00
      vertex  8.039269e+01 -6.083850e+01  2.000000e+00
      vertex  8.005000e+01 -6.107846e+01  2.000000e+00
    endloop
  endfacet
  facet normal  -0.000000e+00  0.000000e+00  1.000000e+00
    outer loop
      vertex  8.400000e+01 -6.100000e+01  2.000000e+00
      vertex  8.005000e+01 -6.107846e+01  2.000000e+00
      vertex  8.396578e+01 -6.152211e+01  2.000000e+00
    endloop
  endfacet
  facet normal  -0.000000e+00  -0.000000e+00  1.000000e+00
    outer loop
      vertex -8.396578e+01 -6.152211e+01  2.000000e+00
      vertex -8.386370e+01 -6.203527e+01  2.000000e+00
      vertex -8.369552e+01 -6.253074e+01  2.000000e+00
    endloop
  endfacet
  facet normal  -0.000000e+00  -0.000000e+00  1.000000e+00
    outer loop
      vertex -8.396578e+01 -6.152211e+01  2.000000e+00
      vertex -8.369552e+01 -6.253074e+01  2.000000e+00
      vertex -8.346410e+01 -6.300000e+01  2.000000e+00
    endloop
  endfacet
  facet normal  -0.000000e+00  -0.000000e+00  1.000000e+00
    outer loop
      vertex -8.396578e+01 -6.152211e+01  2.000000e+00
      vertex -8.346410e+01 -6.300000e+01  2.000000e+00
      vertex -8.317342e+01 -6.343505e+01  2.000000e+00
    endloop
  endfacet
  facet normal  -0.000000e+00  -0.000000e+00  1.000000e+00
    outer loop
      vertex -8.396578e+01 -6.152211e+01  2.000000e+00
      vertex -8.317342e+01 -6.343505e+01  2.000000e+00
      vertex -8.282843e+01 -6.382843e+01  2.000000e+00
    endloop
  endfacet
  facet normal  -0.000000e+00  -0.000000e+00  1.000000e+00
    outer loop
      vertex -8.396578e+01 -6.152211e+01  2.000000e+00
      vertex -8.282843e+01 -6.382843e+01  2.000000e+00
      vertex -8.243504e+01 -6.417342e+01  2.000000e+00
    endloop
  endfacet
  facet normal  -0.000000e+00  -0.000000e+00  1.000000e+00
    outer loop
      vertex -8.396578e+01 -6.152211e+01  2.000000e+00
      vertex -8.243504e+01 -6.417342e+01  2.000000e+00
      vertex -8.200000e+01 -6.446410e+01  2.000000e+00
    endloop
  endfacet
  facet normal  -0.000000e+00  -0.000000e+00  1.000000e+00
    outer loop
      vertex -8.396578e+01 -6.152211e+01  2.000000e+00
      vertex -8.200000e+01 -6.446410e+01  2.000000e+00
      vertex -8.153073e+01 -6.469552e+01  2.000000e+00
    endloop
  endfacet
  facet normal  -0.000000e+00  -0.000000e+00  1.000000e+00
    outer loop
      vertex -8.396578e+01 -6.152211e+01  2.000000e+00
      vertex -8.153073e+01 -6.469552e+01  2.000000e+00
      vertex -8.103528e+01 -6.486370e+01  2.000000e+00
    endloop
  endfacet
  facet normal  -0.000000e+00  -0.000000e+00  1.000000e+00
    outer loop
      vertex -8.396578e+01 -6.152211e+01  2.000000e+00
      vertex -8.103528e+01 -6.486370e+01  2.000000e+00
      vertex -8.052210e+01 -6.496578e+01  2.000000e+00
    endloop
  endfacet
  facet normal  -0.000000e+00  -0.000000e+00  1.000000e+00
    outer loop
      vertex -8.396578e+01 -6.152211e+01  2.000000e+00
      vertex -8.052210e+01 -6.496578e+01  2.000000e+00
      vertex -8.000000e+01 -6.500000e+01  2.000000e+00
    endloop
  endfacet
  facet normal  0.000000e+00  -0.000000e+00  9.999999e-01
    outer loop
      vertex  7.885000e+01 -6.140000e+01  2.000000e+00
      vertex  8.000000e+01 -6.500000e+01  2.000000e+00
      vertex  8.052210e+01 -6.496578e+01  2.000000e+00
    endloop
  endfacet
  facet normal  0.000000e+00  -0.000000e+00  1.000000e+00
    outer loop
      vertex  7.885000e+01 -6.140000e+01  2.000000e+00
      vertex  8.052210e+01 -6.496578e+01  2.000000e+00
      vertex  8.103528e+01 -6.486370e+01  2.000000e+00
    endloop
  endfacet
  facet normal  0.000000e+00  -0.000000e+00  1.000000e+00
    outer loop
      vertex  7.885000e+01 -6.140000e+01  2.000000e+00
      vertex  8.103528e+01 -6.486370e+01  2.000000e+00
      vertex  8.153073e+01 -6.469552e+01  2.000000e+00
    endloop
  endfacet
  facet normal  0.000000e+00  -0.000000e+00  1.000000e+00
    outer loop
      vertex  7.885000e+01 -6.140000e+01  2.000000e+00
      vertex  8.153073e+01 -6.469552e+01  2.000000e+00
      vertex  8.200000e+01 -6.446410e+01  2.000000e+00
    endloop
  endfacet
  facet normal  0.000000e+00  -0.000000e+00  1.000000e+00
    outer loop
      vertex  7.885000e+01 -6.140000e+01  2.000000e+00
      vertex  8.200000e+01 -6.446410e+01  2.000000e+00
      vertex  8.243504e+01 -6.417342e+01  2.000000e+00
    endloop
  endfacet
  facet normal  0.000000e+00  -0.000000e+00  1.000000e+00
    outer loop
      vertex  7.885000e+01 -6.140000e+01  2.000000e+00
      vertex  8.243504e+01 -6.417342e+01  2.000000e+00
      vertex  8.282843e+01 -6.382843e+01  2.000000e+00
    endloop
  endfacet
  facet normal  0.000000e+00  -0.000000e+00  1.000000e+00
    outer loop
      vertex  7.885000e+01 -6.140000e+01  2.000000e+00
      vertex  8.282843e+01 -6.382843e+01  2.000000e+00
      vertex  8.317342e+01 -6.343505e+01  2.000000e+00
    endloop
  endfacet
  facet normal  0.000000e+00  -0.000000e+00  1.000000e+00
    outer loop
      vertex  7.885000e+01 -6.140000e+01  2.000000e+00
      vertex  8.317342e+01 -6.343505e+01  2.000000e+00
      vertex  8.346410e+01 -6.300000e+01  2.000000e+00
    endloop
  endfacet
  facet normal  0.000000e+00  -0.000000e+00  1.000000e+00
    outer loop
      vertex  7.885000e+01 -6.140000e+01  2.000000e+00
      vertex  8.346410e+01 -6.300000e+01  2.000000e+00
      vertex  8.369552e+01 -6.253074e+01  2.000000e+00
    endloop
  endfacet
  facet normal  0.000000e+00  -0.000000e+00  9.999999e-01
    outer loop
      vertex  7.885000e+01 -6.140000e+01  2.000000e+00
      vertex  8.369552e+01 -6.253074e+01  2.000000e+00
      vertex  8.386370e+01 -6.203527e+01  2.000000e+00
    endloop
  endfacet
  facet normal  0.000000e+00  -0.000000e+00  1.000000e+00
    outer loop
      vertex  7.885000e+01 -6.140000e+01  2.000000e+00
      vertex  8.386370e+01 -6.203527e+01  2.000000e+00
      vertex  8.396578e+01 -6.152211e+01  2.000000e+00
    endloop
  endfacet
  facet normal  0.000000e+00  0.000000e+00  1.000000e+00
    outer loop
      vertex  7.715000e+01 -5.660000e+01  2.000000e+00
      vertex  7.885000e+01 -5.660000e+01  2.000000e+00
      vertex  7.800000e+01  5.600000e+01  2.000000e+00
    endloop
  endfacet
  facet normal  0.000000e+00  0.000000e+00  1.000000e+00
    outer loop
      vertex  7.715000e+01 -5.660000e+01  2.000000e+00
      vertex  7.800000e+01  5.600000e+01  2.000000e+00
      vertex -7.680000e+01  5.607154e+01  2.000000e+00
    endloop
  endfacet
  facet normal  0.000000e+00  0.000000e+00  1.000000e+00
    outer loop
      vertex  7.715000e+01 -5.660000e+01  2.000000e+00
      vertex -7.680000e+01  5.607154e+01  2.000000e+00
      vertex -7.717915e+01  5.589474e+01  2.000000e+00
    endloop
  endfacet
  facet normal  0.000000e+00  0.000000e+00  1.000000e+00
    outer loop
      vertex  7.715000e+01 -5.660000e+01  2.000000e+00
      vertex -7.717915e+01  5.589474e+01  2.000000e+00
      vertex -7.758324e+01  5.578646e+01  2.000000e+00
    endloop
  endfacet
  facet normal  0.000000e+00  0.000000e+00  1.000000e+00
    outer loop
      vertex  7.715000e+01 -5.660000e+01  2.000000e+00
      vertex -7.758324e+01  5.578646e+01  2.000000e+00
      vertex -7.800000e+01  5.575000e+01  2.000000e+00
    endloop
  endfacet
  facet normal  0.000000e+00  0.000000e+00  1.000000e+00
    outer loop
      vertex  7.715000e+01 -5.660000e+01  2.000000e+00
      vertex -7.800000e+01  5.575000e+01  2.000000e+00
      vertex -7.800000e+01 -5.660000e+01  2.000000e+00
    endloop
  endfacet
  facet normal  -0.000000e+00  0.000000e+00  1.000000e+00
    outer loop
      vertex  7.715000e+01 -5.660000e+01  2.000000e+00
      vertex -7.800000e+01 -5.660000e+01  2.000000e+00
      vertex -7.758324e+01 -5.663646e+01  2.000000e+00
    endloop
  endfacet
  facet normal  0.000000e+00  0.000000e+00  1.000000e+00
    outer loop
      vertex  7.715000e+01 -5.660000e+01  2.000000e+00
      vertex -7.758324e+01 -5.663646e+01  2.000000e+00
      vertex  7.673325e+01 -5.663646e+01  2.000000e+00
    endloop
  endfacet
  facet normal  -0.000000e+00  -0.000000e+00  1.000000e+00
    outer loop
      vertex -7.800000e+01  6.225000e+01  2.000000e+00
      vertex -7.758324e+01  6.221354e+01  2.000000e+00
      vertex  7.800000e+01  6.200000e+01  2.000000e+00
    endloop
  endfacet
  facet normal  0.000000e+00  -0.000000e+00  1.000000e+00
    outer loop
      vertex -7.800000e+01  6.225000e+01  2.000000e+00
      vertex  7.800000e+01  6.200000e+01  2.000000e+00
      vertex  8.000000e+01  6.500000e+01  2.000000e+00
    endloop
  endfacet
  facet normal  0.000000e+00  0.000000e+00  9.999999e-01
    outer loop
      vertex -7.800000e+01  6.225000e+01  2.000000e+00
      vertex  8.000000e+01  6.500000e+01  2.000000e+00
      vertex -8.000000e+01  6.500000e+01  2.000000e+00
    endloop
  endfacet
  facet normal  0.000000e+00  0.000000e+00  9.999999e-01
    outer loop
      vertex -7.800000e+01  6.225000e+01  2.000000e+00
      vertex -8.000000e+01  6.500000e+01  2.000000e+00
      vertex -8.052210e+01  6.496578e+01  2.000000e+00
    endloop
  endfacet
  facet normal  0.000000e+00  0.000000e+00  9.999999e-01
    outer loop
      vertex -7.800000e+01  6.225000e+01  2.000000e+00
      vertex -8.052210e+01  6.496578e+01  2.000000e+00
      vertex -8.103528e+01  6.486370e+01  2.000000e+00
    endloop
  endfacet
  facet normal  0.000000e+00  0.000000e+00  1.000000e+00
    outer loop
      vertex -7.800000e+01  6.225000e+01  2.000000e+00
      vertex -8.103528e+01  6.486370e+01  2.000000e+00
      vertex -8.153073e+01  6.469552e+01  2.000000e+00
    endloop
  endfacet
  facet normal  0.000000e+00  0.000000e+00  1.000000e+00
    outer loop
      vertex -7.800000e+01  6.225000e+01  2.000000e+00
      vertex -8.153073e+01  6.469552e+01  2.000000e+00
      vertex -8.200000e+01  6.446410e+01  2.000000e+00
    endloop
  endfacet
  facet normal  0.000000e+00  0.000000e+00  1.000000e+00
    outer loop
      vertex -7.800000e+01  6.225000e+01  2.000000e+00
      vertex -8.200000e+01  6.446410e+01  2.000000e+00
      vertex -8.243504e+01  6.417342e+01  2.000000e+00
    endloop
  endfacet
  facet normal  0.000000e+00  0.000000e+00  9.999999e-01
    outer loop
      vertex -7.800000e+01  6.225000e+01  2.000000e+00
      vertex -8.243504e+01  6.417342e+01  2.000000e+00
      vertex -8.282843e+01  6.382843e+01  2.000000e+00
    endloop
  endfacet
  facet normal  0.000000e+00  0.000000e+00  1.000000e+00
    outer loop
      vertex -7.800000e+01  6.225000e+01  2.000000e+00
      vertex -8.282843e+01  6.382843e+01  2.000000e+00
      vertex -8.317342e+01  6.343505e+01  2.000000e+00
    endloop
  endfacet
  facet normal  0.000000e+00  0.000000e+00  1.000000e+00
    outer loop
      vertex -7.800000e+01  6.225000e+01  2.000000e+00
      vertex -8.317342e+01  6.343505e+01  2.000000e+00
      vertex -8.346410e+01  6.300000e+01  2.000000e+00
    endloop
  endfacet
  facet normal  0.000000e+00  0.000000e+00  1.000000e+00
    outer loop
      vertex -7.800000e+01  6.225000e+01  2.000000e+00
      vertex -8.346410e+01  6.300000e+01  2.000000e+00
      vertex -8.369552e+01  6.253074e+01  2.000000e+00
    endloop
  endfacet
  facet normal  0.000000e+00  0.000000e+00  1.000000e+00
    outer loop
      vertex -8.386370e+01  6.203527e+01  2.000000e+00
      vertex -8.396578e+01  6.152211e+01  2.000000e+00
      vertex -7.920000e+01  6.192846e+01  2.000000e+00
    endloop
  endfacet
  facet normal  0.000000e+00  -0.000000e+00  1.000000e+00
    outer loop
      vertex -8.386370e+01  6.203527e+01  2.000000e+00
      vertex -7.920000e+01  6.192846e+01  2.000000e+00
      vertex -7.882085e+01  6.210526e+01  2.000000e+00
    endloop
  endfacet
  facet normal  0.000000e+00  -0.000000e+00  1.000000e+00
    outer loop
      vertex -8.386370e+01  6.203527e+01  2.000000e+00
      vertex -7.882085e+01  6.210526e+01  2.000000e+00
      vertex -7.841676e+01  6.221354e+01  2.000000e+00
    endloop
  endfacet
  facet normal  0.000000e+00  -0.000000e+00  1.000000e+00
    outer loop
      vertex -8.386370e+01  6.203527e+01  2.000000e+00
      vertex -7.841676e+01  6.221354e+01  2.000000e+00
      vertex -7.800000e+01  6.225000e+01  2.000000e+00
    endloop
  endfacet
  facet normal  0.000000e+00  0.000000e+00  1.000000e+00
    outer loop
      vertex -8.386370e+01  6.203527e+01  2.000000e+00
      vertex -7.800000e+01  6.225000e+01  2.000000e+00
      vertex -8.369552e+01  6.253074e+01  2.000000e+00
    endloop
  endfacet
  facet normal  0.000000e+00  0.000000e+00  1.000000e+00
    outer loop
      vertex -8.400000e+01 -6.100000e+01  2.000000e+00
      vertex -7.920000e+01 -6.107846e+01  2.000000e+00
      vertex -7.954269e+01 -6.083850e+01  2.000000e+00
    endloop
  endfacet
  facet normal  0.000000e+00  0.000000e+00  1.000000e+00
    outer loop
      vertex -8.400000e+01 -6.100000e+01  2.000000e+00
      vertex -7.954269e+01 -6.083850e+01  2.000000e+00
      vertex -7.983851e+01 -6.054269e+01  2.000000e+00
    endloop
  endfacet
  facet normal  0.000000e+00  0.000000e+00  1.000000e+00
    outer loop
      vertex -8.400000e+01 -6.100000e+01  2.000000e+00
      vertex -7.983851e+01 -6.054269e+01  2.000000e+00
      vertex -8.007846e+01 -6.020000e+01  2.000000e+00
    endloop
  endfacet
  facet normal  0.000000e+00  0.000000e+00  9.999999e-01
    outer loop
      vertex -8.400000e+01 -6.100000e+01  2.000000e+00
      vertex -8.007846e+01 -6.020000e+01  2.000000e+00
      vertex -8.025526e+01 -5.982085e+01  2.000000e+00
    endloop
  endfacet
  facet normal  0.000000e+00  0.000000e+00  1.000000e+00
    outer loop
      vertex -8.400000e+01 -6.100000e+01  2.000000e+00
      vertex -8.025526e+01 -5.982085e+01  2.000000e+00
      vertex -8.036354e+01 -5.941676e+01  2.000000e+00
    endloop
  endfacet
  facet normal  0.000000e+00  0.000000e+00  1.000000e+00
    outer loop
      vertex -8.400000e+01 -6.100000e+01  2.000000e+00
      vertex -8.036354e+01 -5.941676e+01  2.000000e+00
      vertex -8.040000e+01 -5.900000e+01  2.000000e+00
    endloop
  endfacet
  facet normal  0.000000e+00  -0.000000e+00  1.000000e+00
    outer loop
      vertex -8.400000e+01 -6.100000e+01  2.000000e+00
      vertex -8.040000e+01 -5.900000e+01  2.000000e+00
      vertex -8.036354e+01 -5.858324e+01  2.000000e+00
    endloop
  endfacet
  facet normal  0.000000e+00  -0.000000e+00  1.000000e+00
    outer loop
      vertex -8.400000e+01 -6.100000e+01  2.000000e+00
      vertex -8.036354e+01 -5.858324e+01  2.000000e+00
      vertex -8.025526e+01 -5.817915e+01  2.000000e+00
    endloop
  endfacet
  facet normal  0.000000e+00  -0.000000e+00  1.000000e+00
    outer loop
      vertex -8.400000e+01 -6.100000e+01  2.000000e+00
      vertex -8.025526e+01 -5.817915e+01  2.000000e+00
      vertex -8.007846e+01 -5.780000e+01  2.000000e+00
    endloop
  endfacet
  facet normal  0.000000e+00  -0.000000e+00  1.000000e+00
    outer loop
      vertex -8.400000e+01 -6.100000e+01  2.000000e+00
      vertex -8.007846e+01 -5.780000e+01  2.000000e+00
      vertex -7.983851e+01 -5.745731e+01  2.000000e+00
    endloop
  endfacet
  facet normal  0.000000e+00  -0.000000e+00  1.000000e+00
    outer loop
      vertex -8.400000e+01 -6.100000e+01  2.000000e+00
      vertex -7.983851e+01 -5.745731e+01  2.000000e+00
      vertex -7.954269e+01 -5.716150e+01  2.000000e+00
    endloop
  endfacet
  facet normal  0.000000e+00  -0.000000e+00  1.000000e+00
    outer loop
      vertex -8.400000e+01 -6.100000e+01  2.000000e+00
      vertex -7.954269e+01 -5.716150e+01  2.000000e+00
      vertex -7.800000e+01  5.575000e+01  2.000000e+00
    endloop
  endfacet
  facet normal  0.000000e+00  0.000000e+00  1.000000e+00
    outer loop
      vertex -8.400000e+01 -6.100000e+01  2.000000e+00
      vertex -7.800000e+01  5.575000e+01  2.000000e+00
      vertex -7.841676e+01  5.578646e+01  2.000000e+00
    endloop
  endfacet
  facet normal  0.000000e+00  0.000000e+00  9.999999e-01
    outer loop
      vertex -8.400000e+01 -6.100000e+01  2.000000e+00
      vertex -7.841676e+01  5.578646e+01  2.000000e+00
      vertex -7.882085e+01  5.589474e+01  2.000000e+00
    endloop
  endfacet
  facet normal  0.000000e+00  0.000000e+00  9.999999e-01
    outer loop
      vertex -8.400000e+01 -6.100000e+01  2.000000e+00
      vertex -7.882085e+01  5.589474e+01  2.000000e+00
      vertex -7.920000e+01  5.607154e+01  2.000000e+00
    endloop
  endfacet
  facet normal  0.000000e+00  0.000000e+00  1.000000e+00
    outer loop
      vertex -8.400000e+01 -6.100000e+01  2.000000e+00
      vertex -7.920000e+01  5.607154e+01  2.000000e+00
      vertex -7.954269e+01  5.631149e+01  2.000000e+00
    endloop
  endfacet
  facet normal  0.000000e+00  0.000000e+00  1.000000e+00
    outer loop
      vertex -8.400000e+01 -6.100000e+01  2.000000e+00
      vertex -7.954269e+01  5.631149e+01  2.000000e+00
      vertex -7.983851e+01  5.660731e+01  2.000000e+00
    endloop
  endfacet
  facet normal  0.000000e+00  0.000000e+00  9.999999e-01
    outer loop
      vertex -8.400000e+01 -6.100000e+01  2.000000e+00
      vertex -7.983851e+01  5.660731e+01  2.000000e+00
      vertex -8.007846e+01  5.695000e+01  2.000000e+00
    endloop
  endfacet
  facet normal  0.000000e+00  0.000000e+00  1.000000e+00
    outer loop
      vertex -8.400000e+01 -6.100000e+01  2.000000e+00
      vertex -8.007846e+01  5.695000e+01  2.000000e+00
      vertex -8.025526e+01  5.732915e+01  2.000000e+00
    endloop
  endfacet
  facet normal  0.000000e+00  0.000000e+00  1.000000e+00
    outer loop
      vertex -8.400000e+01 -6.100000e+01  2.000000e+00
      vertex -8.025526e+01  5.732915e+01  2.000000e+00
      vertex -8.036354e+01  5.773325e+01  2.000000e+00
    endloop
  endfacet
  facet normal  0.000000e+00  0.000000e+00  1.000000e+00
    outer loop
      vertex -8.400000e+01 -6.100000e+01  2.000000e+00
      vertex -8.036354e+01  5.773325e+01  2.000000e+00
      vertex -8.040000e+01  5.815000e+01  2.000000e+00
    endloop
  endfacet
  facet normal  0.000000e+00  -0.000000e+00  1.000000e+00
    outer loop
      vertex -8.400000e+01 -6.100000e+01  2.000000e+00
      vertex -8.040000e+01  5.815000e+01  2.000000e+00
      vertex -8.040000e+01  5.985000e+01  2.000000e+00
    endloop
  endfacet
  facet normal  0.000000e+00  0.000000e+00  1.000000e+00
    outer loop
      vertex -8.400000e+01  6.100000e+01  2.000000e+00
      vertex -8.400000e+01 -6.100000e+01  2.000000e+00
      vertex -8.040000e+01  5.985000e+01  2.000000e+00
    endloop
  endfacet
  facet normal  0.000000e+00  -0.000000e+00  1.000000e+00
    outer loop
      vertex -8.400000e+01  6.100000e+01  2.000000e+00
      vertex -8.040000e+01  5.985000e+01  2.000000e+00
      vertex -8.036354e+01  6.026675e+01  2.000000e+00
    endloop
  endfacet
  facet normal  0.000000e+00  -0.000000e+00  9.999999e-01
    outer loop
      vertex -8.400000e+01  6.100000e+01  2.000000e+00
      vertex -8.036354e+01  6.026675e+01  2.000000e+00
      vertex -8.025526e+01  6.067085e+01  2.000000e+00
    endloop
  endfacet
  facet normal  0.000000e+00  -0.000000e+00  1.000000e+00
    outer loop
      vertex -8.400000e+01  6.100000e+01  2.000000e+00
      vertex -8.025526e+01  6.067085e+01  2.000000e+00
      vertex -8.007846e+01  6.105000e+01  2.000000e+00
    endloop
  endfacet
  facet normal  0.000000e+00  -0.000000e+00  1.000000e+00
    outer loop
      vertex -8.400000e+01  6.100000e+01  2.000000e+00
      vertex -8.007846e+01  6.105000e+01  2.000000e+00
      vertex -7.983851e+01  6.139269e+01  2.000000e+00
    endloop
  endfacet
  facet normal  0.000000e+00  0.000000e+00  1.000000e+00
    outer loop
      vertex -8.400000e+01  6.100000e+01  2.000000e+00
      vertex -7.983851e+01  6.139269e+01  2.000000e+00
      vertex -8.396578e+01  6.152211e+01  2.000000e+00
    endloop
  endfacet
  facet normal  0.000000e+00  0.000000e+00  1.000000e+00
    outer loop
      vertex -8.396578e+01 -6.152211e+01  2.000000e+00
      vertex -7.800000e+01 -6.140000e+01  2.000000e+00
      vertex -7.841676e+01 -6.136354e+01  2.000000e+00
    endloop
  endfacet
  facet normal  0.000000e+00  0.000000e+00  1.000000e+00
    outer loop
      vertex -8.396578e+01 -6.152211e+01  2.000000e+00
      vertex -7.841676e+01 -6.136354e+01  2.000000e+00
      vertex -7.882085e+01 -6.125526e+01  2.000000e+00
    endloop
  endfacet
  facet normal  0.000000e+00  0.000000e+00  1.000000e+00
    outer loop
      vertex -8.396578e+01 -6.152211e+01  2.000000e+00
      vertex -7.882085e+01 -6.125526e+01  2.000000e+00
      vertex -7.920000e+01 -6.107846e+01  2.000000e+00
    endloop
  endfacet
  facet normal  0.000000e+00  0.000000e+00  1.000000e+00
    outer loop
      vertex -8.396578e+01 -6.152211e+01  2.000000e+00
      vertex -7.920000e+01 -6.107846e+01  2.000000e+00
      vertex -8.400000e+01 -6.100000e+01  2.000000e+00
    endloop
  endfacet
  facet normal  0.000000e+00  -0.000000e+00  1.000000e+00
    outer loop
      vertex  7.800000e+01  6.200000e+01  2.000000e+00
      vertex  7.846931e+01  6.196307e+01  2.000000e+00
      vertex  8.386370e+01  6.203527e+01  2.000000e+00
    endloop
  endfacet
  facet normal  0.000000e+00  0.000000e+00  1.000000e+00
    outer loop
      vertex  7.800000e+01  6.200000e+01  2.000000e+00
      vertex  8.386370e+01  6.203527e+01  2.000000e+00
      vertex  8.369552e+01  6.253074e+01  2.000000e+00
    endloop
  endfacet
  facet normal  0.000000e+00  0.000000e+00  9.999999e-01
    outer loop
      vertex  7.800000e+01  6.200000e+01  2.000000e+00
      vertex  8.369552e+01  6.253074e+01  2.000000e+00
      vertex  8.346410e+01  6.300000e+01  2.000000e+00
    endloop
  endfacet
  facet normal  0.000000e+00  0.000000e+00  1.000000e+00
    outer loop
      vertex  7.800000e+01  6.200000e+01  2.000000e+00
      vertex  8.346410e+01  6.300000e+01  2.000000e+00
      vertex  8.317342e+01  6.343505e+01  2.000000e+00
    endloop
  endfacet
  facet normal  0.000000e+00  0.000000e+00  1.000000e+00
    outer loop
      vertex  7.800000e+01  6.200000e+01  2.000000e+00
      vertex  8.317342e+01  6.343505e+01  2.000000e+00
      vertex  8.282843e+01  6.382843e+01  2.000000e+00
    endloop
  endfacet
  facet normal  0.000000e+00  0.000000e+00  1.000000e+00
    outer loop
      vertex  7.800000e+01  6.200000e+01  2.000000e+00
      vertex  8.282843e+01  6.382843e+01  2.000000e+00
      vertex  8.243504e+01  6.417342e+01  2.000000e+00
    endloop
  endfacet
  facet normal  0.000000e+00  0.000000e+00  1.000000e+00
    outer loop
      vertex  7.800000e+01  6.200000e+01  2.000000e+00
      vertex  8.243504e+01  6.417342e+01  2.000000e+00
      vertex  8.200000e+01  6.446410e+01  2.000000e+00
    endloop
  endfacet
  facet normal  0.000000e+00  0.000000e+00  1.000000e+00
    outer loop
      vertex  7.800000e+01  6.200000e+01  2.000000e+00
      vertex  8.200000e+01  6.446410e+01  2.000000e+00
      vertex  8.153073e+01  6.469552e+01  2.000000e+00
    endloop
  endfacet
  facet normal  0.000000e+00  0.000000e+00  1.000000e+00
    outer loop
      vertex  7.800000e+01  6.200000e+01  2.000000e+00
      vertex  8.153073e+01  6.469552e+01  2.000000e+00
      vertex  8.103528e+01  6.486370e+01  2.000000e+00
    endloop
  endfacet
  facet normal  0.000000e+00  0.000000e+00  1.000000e+00
    outer loop
      vertex  7.800000e+01  6.200000e+01  2.000000e+00
      vertex  8.103528e+01  6.486370e+01  2.000000e+00
      vertex  8.052210e+01  6.496578e+01  2.000000e+00
    endloop
  endfacet
  facet normal  0.000000e+00  0.000000e+00  1.000000e+00
    outer loop
      vertex  7.800000e+01  6.200000e+01  2.000000e+00
      vertex  8.052210e+01  6.496578e+01  2.000000e+00
      vertex  8.000000e+01  6.500000e+01  2.000000e+00
    endloop
  endfacet
  facet normal  0.000000e+00  0.000000e+00  1.000000e+00
    outer loop
      vertex  8.400000e+01  6.100000e+01  2.000000e+00
      vertex  8.396578e+01  6.152211e+01  2.000000e+00
      vertex  7.976336e+01  6.142705e+01  2.000000e+00
    endloop
  endfacet
  facet normal  0.000000e+00  0.000000e+00  1.000000e+00
    outer loop
      vertex  8.400000e+01  6.100000e+01  2.000000e+00
      vertex  7.976336e+01  6.142705e+01  2.000000e+00
      vertex  8.012132e+01  6.112132e+01  2.000000e+00
    endloop
  endfacet
  facet normal  0.000000e+00  0.000000e+00  1.000000e+00
    outer loop
      vertex  8.400000e+01  6.100000e+01  2.000000e+00
      vertex  8.012132e+01  6.112132e+01  2.000000e+00
      vertex  8.042705e+01  6.076336e+01  2.000000e+00
    endloop
  endfacet
  facet normal  -0.000000e+00  0.000000e+00  1.000000e+00
    outer loop
      vertex  8.400000e+01  6.100000e+01  2.000000e+00
      vertex  8.042705e+01  6.076336e+01  2.000000e+00
      vertex  8.067302e+01  6.036197e+01  2.000000e+00
    endloop
  endfacet
  facet normal  -0.000000e+00  0.000000e+00  1.000000e+00
    outer loop
      vertex  8.400000e+01  6.100000e+01  2.000000e+00
      vertex  8.067302e+01  6.036197e+01  2.000000e+00
      vertex  8.085317e+01  5.992705e+01  2.000000e+00
    endloop
  endfacet
  facet normal  -0.000000e+00  0.000000e+00  9.999999e-01
    outer loop
      vertex  8.400000e+01  6.100000e+01  2.000000e+00
      vertex  8.085317e+01  5.992705e+01  2.000000e+00
      vertex  8.096307e+01  5.946930e+01  2.000000e+00
    endloop
  endfacet
  facet normal  -0.000000e+00  0.000000e+00  1.000000e+00
    outer loop
      vertex  8.400000e+01  6.100000e+01  2.000000e+00
      vertex  8.096307e+01  5.946930e+01  2.000000e+00
      vertex  8.100000e+01  5.900000e+01  2.000000e+00
    endloop
  endfacet
  facet normal  -0.000000e+00  0.000000e+00  1.000000e+00
    outer loop
      vertex  8.400000e+01  6.100000e+01  2.000000e+00
      vertex  8.100000e+01  5.900000e+01  2.000000e+00
      vertex  8.400000e+01 -6.100000e+01  2.000000e+00
    endloop
  endfacet
  facet normal  0.000000e+00  0.000000e+00  1.000000e+00
    outer loop
      vertex  8.396578e+01 -6.152211e+01  2.000000e+00
      vertex  8.005000e+01 -6.107846e+01  2.000000e+00
      vertex  7.967085e+01 -6.125526e+01  2.000000e+00
    endloop
  endfacet
  facet normal  0.000000e+00  0.000000e+00  1.000000e+00
    outer loop
      vertex  8.396578e+01 -6.152211e+01  2.000000e+00
      vertex  7.967085e+01 -6.125526e+01  2.000000e+00
      vertex  7.926675e+01 -6.136354e+01  2.000000e+00
    endloop
  endfacet
  facet normal  0.000000e+00  0.000000e+00  9.999999e-01
    outer loop
      vertex  8.396578e+01 -6.152211e+01  2.000000e+00
      vertex  7.926675e+01 -6.136354e+01  2.000000e+00
      vertex  7.885000e+01 -6.140000e+01  2.000000e+00
    endloop
  endfacet
  facet normal  0.000000e+00  0.000000e+00  1.000000e+00
    outer loop
      vertex  8.000000e+01 -6.500000e+01  2.000000e+00
      vertex  7.885000e+01 -6.140000e+01  2.000000e+00
      vertex -8.000000e+01 -6.500000e+01  2.000000e+00
    endloop
  endfacet
  facet normal  0.000000e+00  0.000000e+00  1.000000e+00
    outer loop
      vertex -8.000000e+01 -6.500000e+01  2.000000e+00
      vertex  7.885000e+01 -6.140000e+01  2.000000e+00
      vertex  7.715000e+01 -6.140000e+01  2.000000e+00
    endloop
  endfacet
  facet normal  0.000000e+00  0.000000e+00  1.000000e+00
    outer loop
      vertex -8.000000e+01 -6.500000e+01  2.000000e+00
      vertex  7.715000e+01 -6.140000e+01  2.000000e+00
      vertex -8.396578e+01 -6.152211e+01  2.000000e+00
    endloop
  endfacet
  facet normal  0.000000e+00  0.000000e+00  1.000000e+00
    outer loop
      vertex -8.396578e+01 -6.152211e+01  2.000000e+00
      vertex  7.715000e+01 -6.140000e+01  2.000000e+00
      vertex -7.800000e+01 -6.140000e+01  2.000000e+00
    endloop
  endfacet
  facet normal  0.000000e+00  0.000000e+00  1.000000e+00
    outer loop
      vertex  7.800000e+01  6.200000e+01  2.000000e+00
      vertex -7.717915e+01  6.210526e+01  2.000000e+00
      vertex  7.753069e+01  6.196307e+01  2.000000e+00
    endloop
  endfacet
  facet normal  0.000000e+00  0.000000e+00  1.000000e+00
    outer loop
      vertex  7.753069e+01  6.196307e+01  2.000000e+00
      vertex -7.717915e+01  6.210526e+01  2.000000e+00
      vertex -7.680000e+01  6.192846e+01  2.000000e+00
    endloop
  endfacet
  facet normal  -0.000000e+00  0.000000e+00  1.000000e+00
    outer loop
      vertex  7.753069e+01  6.196307e+01  2.000000e+00
      vertex -7.680000e+01  6.192846e+01  2.000000e+00
      vertex  7.707295e+01  6.185317e+01  2.000000e+00
    endloop
  endfacet
  facet normal  0.000000e+00  0.000000e+00  1.000000e+00
    outer loop
      vertex  7.707295e+01  6.185317e+01  2.000000e+00
      vertex -7.680000e+01  6.192846e+01  2.000000e+00
      vertex -7.645731e+01  6.168851e+01  2.000000e+00
    endloop
  endfacet
  facet normal  -0.000000e+00  0.000000e+00  9.999999e-01
    outer loop
      vertex  7.707295e+01  6.185317e+01  2.000000e+00
      vertex -7.645731e+01  6.168851e+01  2.000000e+00
      vertex  7.663803e+01  6.167302e+01  2.000000e+00
    endloop
  endfacet
  facet normal  0.000000e+00  0.000000e+00  1.000000e+00
    outer loop
      vertex  7.663803e+01  6.167302e+01  2.000000e+00
      vertex -7.645731e+01  6.168851e+01  2.000000e+00
      vertex  7.623664e+01  6.142705e+01  2.000000e+00
    endloop
  endfacet
  facet normal  0.000000e+00  0.000000e+00  1.000000e+00
    outer loop
      vertex  7.623664e+01  6.142705e+01  2.000000e+00
      vertex -7.645731e+01  6.168851e+01  2.000000e+00
      vertex -7.616149e+01  6.139269e+01  2.000000e+00
    endloop
  endfacet
  facet normal  -0.000000e+00  0.000000e+00  1.000000e+00
    outer loop
      vertex  7.623664e+01  6.142705e+01  2.000000e+00
      vertex -7.616149e+01  6.139269e+01  2.000000e+00
      vertex  7.587868e+01  6.112132e+01  2.000000e+00
    endloop
  endfacet
  facet normal  0.000000e+00  0.000000e+00  1.000000e+00
    outer loop
      vertex  7.587868e+01  6.112132e+01  2.000000e+00
      vertex -7.616149e+01  6.139269e+01  2.000000e+00
      vertex -7.592154e+01  6.105000e+01  2.000000e+00
    endloop
  endfacet
  facet normal  -0.000000e+00  0.000000e+00  1.000000e+00
    outer loop
      vertex  7.587868e+01  6.112132e+01  2.000000e+00
      vertex -7.592154e+01  6.105000e+01  2.000000e+00
      vertex  7.557295e+01  6.076336e+01  2.000000e+00
    endloop
  endfacet
  facet normal  0.000000e+00  0.000000e+00  1.000000e+00
    outer loop
      vertex  7.557295e+01  6.076336e+01  2.000000e+00
      vertex -7.592154e+01  6.105000e+01  2.000000e+00
      vertex -7.574474e+01  6.067085e+01  2.000000e+00
    endloop
  endfacet
  facet normal  -0.000000e+00  0.000000e+00  1.000000e+00
    outer loop
      vertex  7.557295e+01  6.076336e+01  2.000000e+00
      vertex -7.574474e+01  6.067085e+01  2.000000e+00
      vertex  7.532698e+01  6.036197e+01  2.000000e+00
    endloop
  endfacet
  facet normal  0.000000e+00  0.000000e+00  1.000000e+00
    outer loop
      vertex  7.532698e+01  6.036197e+01  2.000000e+00
      vertex -7.574474e+01  6.067085e+01  2.000000e+00
      vertex -7.563646e+01  6.026675e+01  2.000000e+00
    endloop
  endfacet
  facet normal  -0.000000e+00  0.000000e+00  1.000000e+00
    outer loop
      vertex  7.532698e+01  6.036197e+01  2.000000e+00
      vertex -7.563646e+01  6.026675e+01  2.000000e+00
      vertex  7.514683e+01  5.992705e+01  2.000000e+00
    endloop
  endfacet
  facet normal  0.000000e+00  0.000000e+00  9.999999e-01
    outer loop
      vertex  7.514683e+01  5.992705e+01  2.000000e+00
      vertex -7.563646e+01  6.026675e+01  2.000000e+00
      vertex -7.560000e+01  5.985000e+01  2.000000e+00
    endloop
  endfacet
  facet normal  -0.000000e+00  0.000000e+00  1.000000e+00
    outer loop
      vertex  7.514683e+01  5.992705e+01  2.000000e+00
      vertex -7.560000e+01  5.985000e+01  2.000000e+00
      vertex  7.503693e+01  5.946930e+01  2.000000e+00
    endloop
  endfacet
  facet normal  0.000000e+00  0.000000e+00  1.000000e+00
    outer loop
      vertex  7.503693e+01  5.946930e+01  2.000000e+00
      vertex -7.560000e+01  5.985000e+01  2.000000e+00
      vertex -7.560000e+01  5.815000e+01  2.000000e+00
    endloop
  endfacet
  facet normal  0.000000e+00  0.000000e+00  1.000000e+00
    outer loop
      vertex  7.503693e+01  5.946930e+01  2.000000e+00
      vertex -7.560000e+01  5.815000e+01  2.000000e+00
      vertex  7.500000e+01  5.900000e+01  2.000000e+00
    endloop
  endfacet
  facet normal  0.000000e+00  0.000000e+00  1.000000e+00
    outer loop
      vertex  7.514683e+01  5.807295e+01  2.000000e+00
      vertex -7.560000e+01  5.815000e+01  2.000000e+00
      vertex  7.532698e+01  5.763803e+01  2.000000e+00
    endloop
  endfacet
  facet normal  0.000000e+00  0.000000e+00  9.999999e-01
    outer loop
      vertex  7.532698e+01  5.763803e+01  2.000000e+00
      vertex -7.560000e+01  5.815000e+01  2.000000e+00
      vertex -7.563646e+01  5.773325e+01  2.000000e+00
    endloop
  endfacet
  facet normal  0.000000e+00  0.000000e+00  1.000000e+00
    outer loop
      vertex  7.532698e+01  5.763803e+01  2.000000e+00
      vertex -7.563646e+01  5.773325e+01  2.000000e+00
      vertex  7.557295e+01  5.723664e+01  2.000000e+00
    endloop
  endfacet
  facet normal  0.000000e+00  0.000000e+00  1.000000e+00
    outer loop
      vertex  7.557295e+01  5.723664e+01  2.000000e+00
      vertex -7.563646e+01  5.773325e+01  2.000000e+00
      vertex -7.574474e+01  5.732915e+01  2.000000e+00
    endloop
  endfacet
  facet normal  0.000000e+00  0.000000e+00  9.999999e-01
    outer loop
      vertex  7.557295e+01  5.723664e+01  2.000000e+00
      vertex -7.574474e+01  5.732915e+01  2.000000e+00
      vertex  7.587868e+01  5.687868e+01  2.000000e+00
    endloop
  endfacet
  facet normal  0.000000e+00  0.000000e+00  1.000000e+00
    outer loop
      vertex  7.587868e+01  5.687868e+01  2.000000e+00
      vertex -7.574474e+01  5.732915e+01  2.000000e+00
      vertex -7.592154e+01  5.695000e+01  2.000000e+00
    endloop
  endfacet
  facet normal  0.000000e+00  0.000000e+00  1.000000e+00
    outer loop
      vertex  7.587868e+01  5.687868e+01  2.000000e+00
      vertex -7.592154e+01  5.695000e+01  2.000000e+00
      vertex  7.623664e+01  5.657295e+01  2.000000e+00
    endloop
  endfacet
  facet normal  0.000000e+00  0.000000e+00  1.000000e+00
    outer loop
      vertex  7.623664e+01  5.657295e+01  2.000000e+00
      vertex -7.592154e+01  5.695000e+01  2.000000e+00
      vertex -7.616149e+01  5.660731e+01  2.000000e+00
    endloop
  endfacet
  facet normal  0.000000e+00  0.000000e+00  1.000000e+00
    outer loop
      vertex  7.623664e+01  5.657295e+01  2.000000e+00
      vertex -7.616149e+01  5.660731e+01  2.000000e+00
      vertex  7.663803e+01  5.632698e+01  2.000000e+00
    endloop
  endfacet
  facet normal  0.000000e+00  0.000000e+00  1.000000e+00
    outer loop
      vertex  7.663803e+01  5.632698e+01  2.000000e+00
      vertex -7.616149e+01  5.660731e+01  2.000000e+00
      vertex -7.645731e+01  5.631149e+01  2.000000e+00
    endloop
  endfacet
  facet normal  -0.000000e+00  0.000000e+00  9.999999e-01
    outer loop
      vertex  7.663803e+01  5.632698e+01  2.000000e+00
      vertex -7.645731e+01  5.631149e+01  2.000000e+00
      vertex  7.707295e+01  5.614683e+01  2.000000e+00
    endloop
  endfacet
  facet normal  0.000000e+00  0.000000e+00  1.000000e+00
    outer loop
      vertex  7.707295e+01  5.614683e+01  2.000000e+00
      vertex -7.645731e+01  5.631149e+01  2.000000e+00
      vertex -7.680000e+01  5.607154e+01  2.000000e+00
    endloop
  endfacet
  facet normal  -0.000000e+00  0.000000e+00  1.000000e+00
    outer loop
      vertex  7.707295e+01  5.614683e+01  2.000000e+00
      vertex -7.680000e+01  5.607154e+01  2.000000e+00
      vertex  7.753069e+01  5.603693e+01  2.000000e+00
    endloop
  endfacet
  facet normal  -0.000000e+00  0.000000e+00  1.000000e+00
    outer loop
      vertex  7.673325e+01 -5.663646e+01  2.000000e+00
      vertex -7.758324e+01 -5.663646e+01  2.000000e+00
      vertex  7.632915e+01 -5.674474e+01  2.000000e+00
    endloop
  endfacet
  facet normal  0.000000e+00  0.000000e+00  1.000000e+00
    outer loop
      vertex  7.632915e+01 -5.674474e+01  2.000000e+00
      vertex -7.758324e+01 -5.663646e+01  2.000000e+00
      vertex -7.717915e+01 -5.674474e+01  2.000000e+00
    endloop
  endfacet
  facet normal  -0.000000e+00  0.000000e+00  1.000000e+00
    outer loop
      vertex  7.632915e+01 -5.674474e+01  2.000000e+00
      vertex -7.717915e+01 -5.674474e+01  2.000000e+00
      vertex  7.595000e+01 -5.692154e+01  2.000000e+00
    endloop
  endfacet
  facet normal  0.000000e+00  0.000000e+00  1.000000e+00
    outer loop
      vertex  7.595000e+01 -5.692154e+01  2.000000e+00
      vertex -7.717915e+01 -5.674474e+01  2.000000e+00
      vertex -7.680000e+01 -5.692154e+01  2.000000e+00
    endloop
  endfacet
  facet normal  -0.000000e+00  0.000000e+00  1.000000e+00
    outer loop
      vertex  7.595000e+01 -5.692154e+01  2.000000e+00
      vertex -7.680000e+01 -5.692154e+01  2.000000e+00
      vertex  7.560731e+01 -5.716150e+01  2.000000e+00
    endloop
  endfacet
  facet normal  0.000000e+00  0.000000e+00  1.000000e+00
    outer loop
      vertex  7.560731e+01 -5.716150e+01  2.000000e+00
      vertex -7.680000e+01 -5.692154e+01  2.000000e+00
      vertex -7.645731e+01 -5.716150e+01  2.000000e+00
    endloop
  endfacet
  facet normal  -0.000000e+00  0.000000e+00  1.000000e+00
    outer loop
      vertex  7.560731e+01 -5.716150e+01  2.000000e+00
      vertex -7.645731e+01 -5.716150e+01  2.000000e+00
      vertex  7.531149e+01 -5.745731e+01  2.000000e+00
    endloop
  endfacet
  facet normal  0.000000e+00  0.000000e+00  1.000000e+00
    outer loop
      vertex  7.531149e+01 -5.745731e+01  2.000000e+00
      vertex -7.645731e+01 -5.716150e+01  2.000000e+00
      vertex -7.616149e+01 -5.745731e+01  2.000000e+00
    endloop
  endfacet
  facet normal  -0.000000e+00  0.000000e+00  1.000000e+00
    outer loop
      vertex  7.531149e+01 -5.745731e+01  2.000000e+00
      vertex -7.616149e+01 -5.745731e+01  2.000000e+00
      vertex  7.507154e+01 -5.780000e+01  2.000000e+00
    endloop
  endfacet
  facet normal  0.000000e+00  0.000000e+00  9.999999e-01
    outer loop
      vertex  7.507154e+01 -5.780000e+01  2.000000e+00
      vertex -7.616149e+01 -5.745731e+01  2.000000e+00
      vertex -7.592154e+01 -5.780000e+01  2.000000e+00
    endloop
  endfacet
  facet normal  -0.000000e+00  0.000000e+00  1.000000e+00
    outer loop
      vertex  7.507154e+01 -5.780000e+01  2.000000e+00
      vertex -7.592154e+01 -5.780000e+01  2.000000e+00
      vertex  7.489474e+01 -5.817915e+01  2.000000e+00
    endloop
  endfacet
  facet normal  0.000000e+00  0.000000e+00  1.000000e+00
    outer loop
      vertex  7.489474e+01 -5.817915e+01  2.000000e+00
      vertex -7.592154e+01 -5.780000e+01  2.000000e+00
      vertex -7.574474e+01 -5.817915e+01  2.000000e+00
    endloop
  endfacet
  facet normal  -0.000000e+00  0.000000e+00  1.000000e+00
    outer loop
      vertex  7.489474e+01 -5.817915e+01  2.000000e+00
      vertex -7.574474e+01 -5.817915e+01  2.000000e+00
      vertex  7.478646e+01 -5.858324e+01  2.000000e+00
    endloop
  endfacet
  facet normal  0.000000e+00  0.000000e+00  9.999999e-01
    outer loop
      vertex  7.478646e+01 -5.858324e+01  2.000000e+00
      vertex -7.574474e+01 -5.817915e+01  2.000000e+00
      vertex -7.563646e+01 -5.858324e+01  2.000000e+00
    endloop
  endfacet
  facet normal  -0.000000e+00  0.000000e+00  1.000000e+00
    outer loop
      vertex  7.478646e+01 -5.858324e+01  2.000000e+00
      vertex -7.563646e+01 -5.858324e+01  2.000000e+00
      vertex  7.475000e+01 -5.900000e+01  2.000000e+00
    endloop
  endfacet
  facet normal  0.000000e+00  0.000000e+00  9.999999e-01
    outer loop
      vertex  7.475000e+01 -5.900000e+01  2.000000e+00
      vertex -7.563646e+01 -5.858324e+01  2.000000e+00
      vertex -7.560000e+01 -5.900000e+01  2.000000e+00
    endloop
  endfacet
  facet normal  -0.000000e+00  0.000000e+00  9.999999e-01
    outer loop
      vertex  7.475000e+01 -5.900000e+01  2.000000e+00
      vertex -7.560000e+01 -5.900000e+01  2.000000e+00
      vertex  7.478646e+01 -5.941676e+01  2.000000e+00
    endloop
  endfacet
  facet normal  0.000000e+00  0.000000e+00  1.000000e+00
    outer loop
      vertex  7.478646e+01 -5.941676e+01  2.000000e+00
      vertex -7.560000e+01 -5.900000e+01  2.000000e+00
      vertex -7.563646e+01 -5.941676e+01  2.000000e+00
    endloop
  endfacet
  facet normal  -0.000000e+00  0.000000e+00  9.999999e-01
    outer loop
      vertex  7.478646e+01 -5.941676e+01  2.000000e+00
      vertex -7.563646e+01 -5.941676e+01  2.000000e+00
      vertex  7.489474e+01 -5.982085e+01  2.000000e+00
    endloop
  endfacet
  facet normal  0.000000e+00  0.000000e+00  1.000000e+00
    outer loop
      vertex  7.489474e+01 -5.982085e+01  2.000000e+00
      vertex -7.563646e+01 -5.941676e+01  2.000000e+00
      vertex -7.574474e+01 -5.982085e+01  2.000000e+00
    endloop
  endfacet
  facet normal  -0.000000e+00  0.000000e+00  1.000000e+00
    outer loop
      vertex  7.489474e+01 -5.982085e+01  2.000000e+00
      vertex -7.574474e+01 -5.982085e+01  2.000000e+00
      vertex  7.507154e+01 -6.020000e+01  2.000000e+00
    endloop
  endfacet
  facet normal  0.000000e+00  0.000000e+00  1.000000e+00
    outer loop
      vertex  7.507154e+01 -6.020000e+01  2.000000e+00
      vertex -7.574474e+01 -5.982085e+01  2.000000e+00
      vertex -7.592154e+01 -6.020000e+01  2.000000e+00
    endloop
  endfacet
  facet normal  -0.000000e+00  0.000000e+00  9.999999e-01
    outer loop
      vertex  7.507154e+01 -6.020000e+01  2.000000e+00
      vertex -7.592154e+01 -6.020000e+01  2.000000e+00
      vertex  7.531149e+01 -6.054269e+01  2.000000e+00
    endloop
  endfacet
  facet normal  0.000000e+00  0.000000e+00  1.000000e+00
    outer loop
      vertex  7.531149e+01 -6.054269e+01  2.000000e+00
      vertex -7.592154e+01 -6.020000e+01  2.000000e+00
      vertex -7.616149e+01 -6.054269e+01  2.000000e+00
    endloop
  endfacet
  facet normal  -0.000000e+00  0.000000e+00  1.000000e+00
    outer loop
      vertex  7.531149e+01 -6.054269e+01  2.000000e+00
      vertex -7.616149e+01 -6.054269e+01  2.000000e+00
      vertex  7.560731e+01 -6.083850e+01  2.000000e+00
    endloop
  endfacet
  facet normal  0.000000e+00  0.000000e+00  1.000000e+00
    outer loop
      vertex  7.560731e+01 -6.083850e+01  2.000000e+00
      vertex -7.616149e+01 -6.054269e+01  2.000000e+00
      vertex -7.645731e+01 -6.083850e+01  2.000000e+00
    endloop
  endfacet
  facet normal  -0.000000e+00  0.000000e+00  1.000000e+00
    outer loop
      vertex  7.560731e+01 -6.083850e+01  2.000000e+00
      vertex -7.645731e+01 -6.083850e+01  2.000000e+00
      vertex  7.595000e+01 -6.107846e+01  2.000000e+00
    endloop
  endfacet
  facet normal  0.000000e+00  0.000000e+00  1.000000e+00
    outer loop
      vertex  7.595000e+01 -6.107846e+01  2.000000e+00
      vertex -7.645731e+01 -6.083850e+01  2.000000e+00
      vertex -7.680000e+01 -6.107846e+01  2.000000e+00
    endloop
  endfacet
  facet normal  -0.000000e+00  0.000000e+00  1.000000e+00
    outer loop
      vertex  7.595000e+01 -6.107846e+01  2.000000e+00
      vertex -7.680000e+01 -6.107846e+01  2.000000e+00
      vertex  7.632915e+01 -6.125526e+01  2.000000e+00
    endloop
  endfacet
  facet normal  0.000000e+00  0.000000e+00  1.000000e+00
    outer loop
      vertex  7.632915e+01 -6.125526e+01  2.000000e+00
      vertex -7.680000e+01 -6.107846e+01  2.000000e+00
      vertex -7.717915e+01 -6.125526e+01  2.000000e+00
    endloop
  endfacet
  facet normal  -0.000000e+00  0.000000e+00  1.000000e+00
    outer loop
      vertex  7.632915e+01 -6.125526e+01  2.000000e+00
      vertex -7.717915e+01 -6.125526e+01  2.000000e+00
      vertex  7.673325e+01 -6.136354e+01  2.000000e+00
    endloop
  endfacet
  facet normal  0.000000e+00  0.000000e+00  1.000000e+00
    outer loop
      vertex  7.673325e+01 -6.136354e+01  2.000000e+00
      vertex -7.717915e+01 -6.125526e+01  2.000000e+00
      vertex -7.758324e+01 -6.136354e+01  2.000000e+00
    endloop
  endfacet
  facet normal  -0.000000e+00  0.000000e+00  1.000000e+00
    outer loop
      vertex  7.673325e+01 -6.136354e+01  2.000000e+00
      vertex -7.758324e+01 -6.136354e+01  2.000000e+00
      vertex  7.715000e+01 -6.140000e+01  2.000000e+00
    endloop
  endfacet
  facet normal  0.000000e+00  0.000000e+00  1.000000e+00
    outer loop
      vertex  7.715000e+01 -6.140000e+01  2.000000e+00
      vertex -7.758324e+01 -6.136354e+01  2.000000e+00
      vertex -7.800000e+01 -6.140000e+01  2.000000e+00
    endloop
  endfacet
  facet normal  -0.000000e+00  0.000000e+00  1.000000e+00
    outer loop
      vertex  8.386370e+01  6.203527e+01  2.000000e+00
      vertex  7.846931e+01  6.196307e+01  2.000000e+00
      vertex  8.396578e+01  6.152211e+01  2.000000e+00
    endloop
  endfacet
  facet normal  0.000000e+00  0.000000e+00  1.000000e+00
    outer loop
      vertex  8.396578e+01  6.152211e+01  2.000000e+00
      vertex  7.846931e+01  6.196307e+01  2.000000e+00
      vertex  7.892705e+01  6.185317e+01  2.000000e+00
    endloop
  endfacet
  facet normal  0.000000e+00  0.000000e+00  1.000000e+00
    outer loop
      vertex  8.396578e+01  6.152211e+01  2.000000e+00
      vertex  7.892705e+01  6.185317e+01  2.000000e+00
      vertex  7.936197e+01  6.167302e+01  2.000000e+00
    endloop
  endfacet
  facet normal -8.715452e-02  9.961948e-01  0.000000e+00
    outer loop
      vertex -7.800000e+01  5.575000e+01  0.000000e+00
      vertex -7.758324e+01  5.578646e+01  2.000000e+00
      vertex -7.758324e+01  5.578646e+01  0.000000e+00
    endloop
  endfacet
  facet normal -2.588203e-01  9.659255e-01  0.000000e+00
    outer loop
      vertex -7.758324e+01  5.578646e+01  0.000000e+00
      vertex -7.758324e+01  5.578646e+01  2.000000e+00
      vertex -7.717915e+01  5.589474e+01  2.000000e+00
    endloop
  endfacet
  facet normal -2.588203e-01  9.659255e-01  0.000000e+00
    outer loop
      vertex -7.758324e+01  5.578646e+01  0.000000e+00
      vertex -7.717915e+01  5.589474e+01  2.000000e+00
      vertex -7.717915e+01  5.589474e+01  0.000000e+00
    endloop
  endfacet
  facet normal -4.226239e-01  9.063051e-01  0.000000e+00
    outer loop
      vertex -7.717915e+01  5.589474e+01  0.000000e+00
      vertex -7.717915e+01  5.589474e+01  2.000000e+00
      vertex -7.680000e+01  5.607154e+01  2.000000e+00
    endloop
  endfacet
  facet normal -4.226239e-01  9.063051e-01  0.000000e+00
    outer loop
      vertex -7.717915e+01  5.589474e+01  0.000000e+00
      vertex -7.680000e+01  5.607154e+01  2.000000e+00
      vertex -7.680000e+01  5.607154e+01  0.000000e+00
    endloop
  endfacet
  facet normal -5.735737e-01  8.191540e-01  0.000000e+00
    outer loop
      vertex -7.680000e+01  5.607154e+01  0.000000e+00
      vertex -7.680000e+01  5.607154e+01  2.000000e+00
      vertex -7.645731e+01  5.631149e+01  2.000000e+00
    endloop
  endfacet
  facet normal -5.735737e-01  8.191540e-01  0.000000e+00
    outer loop
      vertex -7.680000e+01  5.607154e+01  0.000000e+00
      vertex -7.645731e+01  5.631149e+01  2.000000e+00
      vertex -7.645731e+01  5.631149e+01  0.000000e+00
    endloop
  endfacet
  facet normal -7.071022e-01  7.071114e-01  0.000000e+00
    outer loop
      vertex -7.645731e+01  5.631149e+01  0.000000e+00
      vertex -7.645731e+01  5.631149e+01  2.000000e+00
      vertex -7.616149e+01  5.660731e+01  2.000000e+00
    endloop
  endfacet
  facet normal -7.071022e-01  7.071114e-01  0.000000e+00
    outer loop
      vertex -7.645731e+01  5.631149e+01  0.000000e+00
      vertex -7.616149e+01  5.660731e+01  2.000000e+00
      vertex -7.616149e+01  5.660731e+01  0.000000e+00
    endloop
  endfacet
  facet normal -8.191540e-01  5.735737e-01  0.000000e+00
    outer loop
      vertex -7.616149e+01  5.660731e+01  0.000000e+00
      vertex -7.616149e+01  5.660731e+01  2.000000e+00
      vertex -7.592154e+01  5.695000e+01  2.000000e+00
    endloop
  endfacet
  facet normal -8.191540e-01  5.735737e-01  0.000000e+00
    outer loop
      vertex -7.616149e+01  5.660731e+01  0.000000e+00
      vertex -7.592154e+01  5.695000e+01  2.000000e+00
      vertex -7.592154e+01  5.695000e+01  0.000000e+00
    endloop
  endfacet
  facet normal -9.063051e-01  4.226239e-01  0.000000e+00
    outer loop
      vertex -7.592154e+01  5.695000e+01  0.000000e+00
      vertex -7.592154e+01  5.695000e+01  2.000000e+00
      vertex -7.574474e+01  5.732915e+01  2.000000e+00
    endloop
  endfacet
  facet normal -9.063051e-01  4.226239e-01  0.000000e+00
    outer loop
      vertex -7.592154e+01  5.695000e+01  0.000000e+00
      vertex -7.574474e+01  5.732915e+01  2.000000e+00
      vertex -7.574474e+01  5.732915e+01  0.000000e+00
    endloop
  endfacet
  facet normal -9.659261e-01  2.588180e-01  0.000000e+00
    outer loop
      vertex -7.574474e+01  5.732915e+01  0.000000e+00
      vertex -7.574474e+01  5.732915e+01  2.000000e+00
      vertex -7.563646e+01  5.773325e+01  2.000000e+00
    endloop
  endfacet
  facet normal -9.659261e-01  2.588180e-01  0.000000e+00
    outer loop
      vertex -7.574474e+01  5.732915e+01  0.000000e+00
      vertex -7.563646e+01  5.773325e+01  2.000000e+00
      vertex -7.563646e+01  5.773325e+01  0.000000e+00
    endloop
  endfacet
  facet normal -9.961948e-01  8.715452e-02  0.000000e+00
    outer loop
      vertex -7.563646e+01  5.773325e+01  0.000000e+00
      vertex -7.563646e+01  5.773325e+01  2.000000e+00
      vertex -7.560000e+01  5.815000e+01  2.000000e+00
    endloop
  endfacet
  facet normal -9.961948e-01  8.715452e-02  0.000000e+00
    outer loop
      vertex -7.563646e+01  5.773325e+01  0.000000e+00
      vertex -7.560000e+01  5.815000e+01  2.000000e+00
      vertex -7.560000e+01  5.815000e+01  0.000000e+00
    endloop
  endfacet
  facet normal -8.715452e-02  9.961948e-01  0.000000e+00
    outer loop
      vertex -7.758324e+01  5.578646e+01  2.000000e+00
      vertex -7.800000e+01  5.575000e+01  0.000000e+00
      vertex -7.800000e+01  5.575000e+01  2.000000e+00
    endloop
  endfacet
  facet normal  8.715452e-02  9.961948e-01  0.000000e+00
    outer loop
      vertex -7.800000e+01  5.575000e+01  2.000000e+00
      vertex -7.800000e+01  5.575000e+01  0.000000e+00
      vertex -7.841676e+01  5.578646e+01  0.000000e+00
    endloop
  endfacet
  facet normal  8.715452e-02  9.961948e-01  -0.000000e+00
    outer loop
      vertex -7.800000e+01  5.575000e+01  2.000000e+00
      vertex -7.841676e+01  5.578646e+01  0.000000e+00
      vertex -7.841676e+01  5.578646e+01  2.000000e+00
    endloop
  endfacet
  facet normal  2.588203e-01  9.659255e-01  0.000000e+00
    outer loop
      vertex -7.841676e+01  5.578646e+01  2.000000e+00
      vertex -7.841676e+01  5.578646e+01  0.000000e+00
      vertex -7.882085e+01  5.589474e+01  0.000000e+00
    endloop
  endfacet
  facet normal  2.588203e-01  9.659255e-01  -0.000000e+00
    outer loop
      vertex -7.841676e+01  5.578646e+01  2.000000e+00
      vertex -7.882085e+01  5.589474e+01  0.000000e+00
      vertex -7.882085e+01  5.589474e+01  2.000000e+00
    endloop
  endfacet
  facet normal  4.226239e-01  9.063051e-01  0.000000e+00
    outer loop
      vertex -7.882085e+01  5.589474e+01  2.000000e+00
      vertex -7.882085e+01  5.589474e+01  0.000000e+00
      vertex -7.920000e+01  5.607154e+01  0.000000e+00
    endloop
  endfacet
  facet normal  4.226239e-01  9.063051e-01  -0.000000e+00
    outer loop
      vertex -7.882085e+01  5.589474e+01  2.000000e+00
      vertex -7.920000e+01  5.607154e+01  0.000000e+00
      vertex -7.920000e+01  5.607154e+01  2.000000e+00
    endloop
  endfacet
  facet normal  5.735737e-01  8.191540e-01  0.000000e+00
    outer loop
      vertex -7.920000e+01  5.607154e+01  2.000000e+00
      vertex -7.920000e+01  5.607154e+01  0.000000e+00
      vertex -7.954269e+01  5.631149e+01  0.000000e+00
    endloop
  endfacet
  facet normal  5.735737e-01  8.191540e-01  -0.000000e+00
    outer loop
      vertex -7.920000e+01  5.607154e+01  2.000000e+00
      vertex -7.954269e+01  5.631149e+01  0.000000e+00
      vertex -7.954269e+01  5.631149e+01  2.000000e+00
    endloop
  endfacet
  facet normal  7.071022e-01  7.071114e-01  0.000000e+00
    outer loop
      vertex -7.954269e+01  5.631149e+01  2.000000e+00
      vertex -7.954269e+01  5.631149e+01  0.000000e+00
      vertex -7.983851e+01  5.660731e+01  0.000000e+00
    endloop
  endfacet
  facet normal  7.071022e-01  7.071114e-01  -0.000000e+00
    outer loop
      vertex -7.954269e+01  5.631149e+01  2.000000e+00
      vertex -7.983851e+01  5.660731e+01  0.000000e+00
      vertex -7.983851e+01  5.660731e+01  2.000000e+00
    endloop
  endfacet
  facet normal  8.191540e-01  5.735737e-01  0.000000e+00
    outer loop
      vertex -7.983851e+01  5.660731e+01  2.000000e+00
      vertex -7.983851e+01  5.660731e+01  0.000000e+00
      vertex -8.007846e+01  5.695000e+01  0.000000e+00
    endloop
  endfacet
  facet normal  8.191540e-01  5.735737e-01  -0.000000e+00
    outer loop
      vertex -7.983851e+01  5.660731e+01  2.000000e+00
      vertex -8.007846e+01  5.695000e+01  0.000000e+00
      vertex -8.007846e+01  5.695000e+01  2.000000e+00
    endloop
  endfacet
  facet normal  9.063051e-01  4.226239e-01  0.000000e+00
    outer loop
      vertex -8.007846e+01  5.695000e+01  2.000000e+00
      vertex -8.007846e+01  5.695000e+01  0.000000e+00
      vertex -8.025526e+01  5.732915e+01  0.000000e+00
    endloop
  endfacet
  facet normal  9.063051e-01  4.226239e-01  -0.000000e+00
    outer loop
      vertex -8.007846e+01  5.695000e+01  2.000000e+00
      vertex -8.025526e+01  5.732915e+01  0.000000e+00
      vertex -8.025526e+01  5.732915e+01  2.000000e+00
    endloop
  endfacet
  facet normal  9.659261e-01  2.588180e-01  0.000000e+00
    outer loop
      vertex -8.025526e+01  5.732915e+01  2.000000e+00
      vertex -8.025526e+01  5.732915e+01  0.000000e+00
      vertex -8.036354e+01  5.773325e+01  0.000000e+00
    endloop
  endfacet
  facet normal  9.659261e-01  2.588180e-01  -0.000000e+00
    outer loop
      vertex -8.025526e+01  5.732915e+01  2.000000e+00
      vertex -8.036354e+01  5.773325e+01  0.000000e+00
      vertex -8.036354e+01  5.773325e+01  2.000000e+00
    endloop
  endfacet
  facet normal  9.961948e-01  8.715452e-02  0.000000e+00
    outer loop
      vertex -8.036354e+01  5.773325e+01  2.000000e+00
      vertex -8.036354e+01  5.773325e+01  0.000000e+00
      vertex -8.040000e+01  5.815000e+01  0.000000e+00
    endloop
  endfacet
  facet normal  9.961948e-01  8.715452e-02  -0.000000e+00
    outer loop
      vertex -8.036354e+01  5.773325e+01  2.000000e+00
      vertex -8.040000e+01  5.815000e+01  0.000000e+00
      vertex -8.040000e+01  5.815000e+01  2.000000e+00
    endloop
  endfacet
  facet normal  9.999999e-01  0.000000e+00  0.000000e+00
    outer loop
      vertex -8.040000e+01  5.985000e+01  0.000000e+00
      vertex -8.040000e+01  5.985000e+01  2.000000e+00
      vertex -8.040000e+01  5.815000e+01  0.000000e+00
    endloop
  endfacet
  facet normal  9.999999e-01  0.000000e+00  0.000000e+00
    outer loop
      vertex -8.040000e+01  5.815000e+01  0.000000e+00
      vertex -8.040000e+01  5.985000e+01  2.000000e+00
      vertex -8.040000e+01  5.815000e+01  2.000000e+00
    endloop
  endfacet
  facet normal  8.715452e-02 -9.961948e-01  0.000000e+00
    outer loop
      vertex -7.800000e+01  6.225000e+01  0.000000e+00
      vertex -7.841676e+01  6.221354e+01  2.000000e+00
      vertex -7.841676e+01  6.221354e+01  0.000000e+00
    endloop
  endfacet
  facet normal  2.588203e-01 -9.659255e-01  0.000000e+00
    outer loop
      vertex -7.841676e+01  6.221354e+01  0.000000e+00
      vertex -7.841676e+01  6.221354e+01  2.000000e+00
      vertex -7.882085e+01  6.210526e+01  2.000000e+00
    endloop
  endfacet
  facet normal  2.588203e-01 -9.659255e-01  0.000000e+00
    outer loop
      vertex -7.841676e+01  6.221354e+01  0.000000e+00
      vertex -7.882085e+01  6.210526e+01  2.000000e+00
      vertex -7.882085e+01  6.210526e+01  0.000000e+00
    endloop
  endfacet
  facet normal  4.226239e-01 -9.063051e-01  0.000000e+00
    outer loop
      vertex -7.882085e+01  6.210526e+01  0.000000e+00
      vertex -7.882085e+01  6.210526e+01  2.000000e+00
      vertex -7.920000e+01  6.192846e+01  2.000000e+00
    endloop
  endfacet
  facet normal  4.226239e-01 -9.063051e-01  0.000000e+00
    outer loop
      vertex -7.882085e+01  6.210526e+01  0.000000e+00
      vertex -7.920000e+01  6.192846e+01  2.000000e+00
      vertex -7.920000e+01  6.192846e+01  0.000000e+00
    endloop
  endfacet
  facet normal  5.735737e-01 -8.191540e-01  0.000000e+00
    outer loop
      vertex -7.920000e+01  6.192846e+01  0.000000e+00
      vertex -7.920000e+01  6.192846e+01  2.000000e+00
      vertex -7.954269e+01  6.168851e+01  2.000000e+00
    endloop
  endfacet
  facet normal  5.735737e-01 -8.191540e-01  0.000000e+00
    outer loop
      vertex -7.920000e+01  6.192846e+01  0.000000e+00
      vertex -7.954269e+01  6.168851e+01  2.000000e+00
      vertex -7.954269e+01  6.168851e+01  0.000000e+00
    endloop
  endfacet
  facet normal  7.071022e-01 -7.071114e-01  0.000000e+00
    outer loop
      vertex -7.954269e+01  6.168851e+01  0.000000e+00
      vertex -7.954269e+01  6.168851e+01  2.000000e+00
      vertex -7.983851e+01  6.139269e+01  2.000000e+00
    endloop
  endfacet
  facet normal  7.071022e-01 -7.071114e-01  0.000000e+00
    outer loop
      vertex -7.954269e+01  6.168851e+01  0.000000e+00
      vertex -7.983851e+01  6.139269e+01  2.000000e+00
      vertex -7.983851e+01  6.139269e+01  0.000000e+00
    endloop
  endfacet
  facet normal  8.191540e-01 -5.735737e-01  0.000000e+00
    outer loop
      vertex -7.983851e+01  6.139269e+01  0.000000e+00
      vertex -7.983851e+01  6.139269e+01  2.000000e+00
      vertex -8.007846e+01  6.105000e+01  2.000000e+00
    endloop
  endfacet
  facet normal  8.191540e-01 -5.735737e-01  0.000000e+00
    outer loop
      vertex -7.983851e+01  6.139269e+01  0.000000e+00
      vertex -8.007846e+01  6.105000e+01  2.000000e+00
      vertex -8.007846e+01  6.105000e+01  0.000000e+00
    endloop
  endfacet
  facet normal  9.063051e-01 -4.226239e-01  0.000000e+00
    outer loop
      vertex -8.007846e+01  6.105000e+01  0.000000e+00
      vertex -8.007846e+01  6.105000e+01  2.000000e+00
      vertex -8.025526e+01  6.067085e+01  2.000000e+00
    endloop
  endfacet
  facet normal  9.063051e-01 -4.226239e-01  0.000000e+00
    outer loop
      vertex -8.007846e+01  6.105000e+01  0.000000e+00
      vertex -8.025526e+01  6.067085e+01  2.000000e+00
      vertex -8.025526e+01  6.067085e+01  0.000000e+00
    endloop
  endfacet
  facet normal  9.659261e-01 -2.588180e-01  0.000000e+00
    outer loop
      vertex -8.025526e+01  6.067085e+01  0.000000e+00
      vertex -8.025526e+01  6.067085e+01  2.000000e+00
      vertex -8.036354e+01  6.026675e+01  2.000000e+00
    endloop
  endfacet
  facet normal  9.659261e-01 -2.588180e-01  0.000000e+00
    outer loop
      vertex -8.025526e+01  6.067085e+01  0.000000e+00
      vertex -8.036354e+01  6.026675e+01  2.000000e+00
      vertex -8.036354e+01  6.026675e+01  0.000000e+00
    endloop
  endfacet
  facet normal  9.961948e-01 -8.715452e-02  0.000000e+00
    outer loop
      vertex -8.036354e+01  6.026675e+01  0.000000e+00
      vertex -8.036354e+01  6.026675e+01  2.000000e+00
      vertex -8.040000e+01  5.985000e+01  2.000000e+00
    endloop
  endfacet
  facet normal  9.961948e-01 -8.715452e-02  0.000000e+00
    outer loop
      vertex -8.036354e+01  6.026675e+01  0.000000e+00
      vertex -8.040000e+01  5.985000e+01  2.000000e+00
      vertex -8.040000e+01  5.985000e+01  0.000000e+00
    endloop
  endfacet
  facet normal  8.715452e-02 -9.961948e-01  0.000000e+00
    outer loop
      vertex -7.841676e+01  6.221354e+01  2.000000e+00
      vertex -7.800000e+01  6.225000e+01  0.000000e+00
      vertex -7.800000e+01  6.225000e+01  2.000000e+00
    endloop
  endfacet
  facet normal -8.715452e-02 -9.961948e-01  -0.000000e+00
    outer loop
      vertex -7.800000e+01  6.225000e+01  2.000000e+00
      vertex -7.800000e+01  6.225000e+01  0.000000e+00
      vertex -7.758324e+01  6.221354e+01  0.000000e+00
    endloop
  endfacet
  facet normal -8.715452e-02 -9.961948e-01  0.000000e+00
    outer loop
      vertex -7.800000e+01  6.225000e+01  2.000000e+00
      vertex -7.758324e+01  6.221354e+01  0.000000e+00
      vertex -7.758324e+01  6.221354e+01  2.000000e+00
    endloop
  endfacet
  facet normal -2.588203e-01 -9.659255e-01  -0.000000e+00
    outer loop
      vertex -7.758324e+01  6.221354e+01  2.000000e+00
      vertex -7.758324e+01  6.221354e+01  0.000000e+00
      vertex -7.717915e+01  6.210526e+01  0.000000e+00
    endloop
  endfacet
  facet normal -2.588203e-01 -9.659255e-01  0.000000e+00
    outer loop
      vertex -7.758324e+01  6.221354e+01  2.000000e+00
      vertex -7.717915e+01  6.210526e+01  0.000000e+00
      vertex -7.717915e+01  6.210526e+01  2.000000e+00
    endloop
  endfacet
  facet normal -4.226239e-01 -9.063051e-01  -0.000000e+00
    outer loop
      vertex -7.717915e+01  6.210526e+01  2.000000e+00
      vertex -7.717915e+01  6.210526e+01  0.000000e+00
      vertex -7.680000e+01  6.192846e+01  0.000000e+00
    endloop
  endfacet
  facet normal -4.226239e-01 -9.063051e-01  0.000000e+00
    outer loop
      vertex -7.717915e+01  6.210526e+01  2.000000e+00
      vertex -7.680000e+01  6.192846e+01  0.000000e+00
      vertex -7.680000e+01  6.192846e+01  2.000000e+00
    endloop
  endfacet
  facet normal -5.735737e-01 -8.191540e-01  -0.000000e+00
    outer loop
      vertex -7.680000e+01  6.192846e+01  2.000000e+00
      vertex -7.680000e+01  6.192846e+01  0.000000e+00
      vertex -7.645731e+01  6.168851e+01  0.000000e+00
    endloop
  endfacet
  facet normal -5.735737e-01 -8.191540e-01  0.000000e+00
    outer loop
      vertex -7.680000e+01  6.192846e+01  2.000000e+00
      vertex -7.645731e+01  6.168851e+01  0.000000e+00
      vertex -7.645731e+01  6.168851e+01  2.000000e+00
    endloop
  endfacet
  facet normal -7.071022e-01 -7.071114e-01  -0.000000e+00
    outer loop
      vertex -7.645731e+01  6.168851e+01  2.000000e+00
      vertex -7.645731e+01  6.168851e+01  0.000000e+00
      vertex -7.616149e+01  6.139269e+01  0.000000e+00
    endloop
  endfacet
  facet normal -7.071022e-01 -7.071114e-01  0.000000e+00
    outer loop
      vertex -7.645731e+01  6.168851e+01  2.000000e+00
      vertex -7.616149e+01  6.139269e+01  0.000000e+00
      vertex -7.616149e+01  6.139269e+01  2.000000e+00
    endloop
  endfacet
  facet normal -8.191540e-01 -5.735737e-01  -0.000000e+00
    outer loop
      vertex -7.616149e+01  6.139269e+01  2.000000e+00
      vertex -7.616149e+01  6.139269e+01  0.000000e+00
      vertex -7.592154e+01  6.105000e+01  0.000000e+00
    endloop
  endfacet
  facet normal -8.191540e-01 -5.735737e-01  0.000000e+00
    outer loop
      vertex -7.616149e+01  6.139269e+01  2.000000e+00
      vertex -7.592154e+01  6.105000e+01  0.000000e+00
      vertex -7.592154e+01  6.105000e+01  2.000000e+00
    endloop
  endfacet
  facet normal -9.063051e-01 -4.226239e-01  -0.000000e+00
    outer loop
      vertex -7.592154e+01  6.105000e+01  2.000000e+00
      vertex -7.592154e+01  6.105000e+01  0.000000e+00
      vertex -7.574474e+01  6.067085e+01  0.000000e+00
    endloop
  endfacet
  facet normal -9.063051e-01 -4.226239e-01  0.000000e+00
    outer loop
      vertex -7.592154e+01  6.105000e+01  2.000000e+00
      vertex -7.574474e+01  6.067085e+01  0.000000e+00
      vertex -7.574474e+01  6.067085e+01  2.000000e+00
    endloop
  endfacet
  facet normal -9.659261e-01 -2.588180e-01  -0.000000e+00
    outer loop
      vertex -7.574474e+01  6.067085e+01  2.000000e+00
      vertex -7.574474e+01  6.067085e+01  0.000000e+00
      vertex -7.563646e+01  6.026675e+01  0.000000e+00
    endloop
  endfacet
  facet normal -9.659261e-01 -2.588180e-01  0.000000e+00
    outer loop
      vertex -7.574474e+01  6.067085e+01  2.000000e+00
      vertex -7.563646e+01  6.026675e+01  0.000000e+00
      vertex -7.563646e+01  6.026675e+01  2.000000e+00
    endloop
  endfacet
  facet normal -9.961948e-01 -8.715452e-02  -0.000000e+00
    outer loop
      vertex -7.563646e+01  6.026675e+01  2.000000e+00
      vertex -7.563646e+01  6.026675e+01  0.000000e+00
      vertex -7.560000e+01  5.985000e+01  0.000000e+00
    endloop
  endfacet
  facet normal -9.961948e-01 -8.715452e-02  0.000000e+00
    outer loop
      vertex -7.563646e+01  6.026675e+01  2.000000e+00
      vertex -7.560000e+01  5.985000e+01  0.000000e+00
      vertex -7.560000e+01  5.985000e+01  2.000000e+00
    endloop
  endfacet
  facet normal -9.999999e-01  0.000000e+00  0.000000e+00
    outer loop
      vertex -7.560000e+01  5.815000e+01  0.000000e+00
      vertex -7.560000e+01  5.815000e+01  2.000000e+00
      vertex -7.560000e+01  5.985000e+01  0.000000e+00
    endloop
  endfacet
  facet normal -9.999999e-01  0.000000e+00  0.000000e+00
    outer loop
      vertex -7.560000e+01  5.985000e+01  0.000000e+00
      vertex -7.560000e+01  5.815000e+01  2.000000e+00
      vertex -7.560000e+01  5.985000e+01  2.000000e+00
    endloop
  endfacet
  facet normal  0.000000e+00 -9.999999e-01  0.000000e+00
    outer loop
      vertex  7.715000e+01 -5.660000e+01  0.000000e+00
      vertex  7.885000e+01 -5.660000e+01  0.000000e+00
      vertex  7.715000e+01 -5.660000e+01  2.000000e+00
    endloop
  endfacet
  facet normal  0.000000e+00 -9.999999e-01  0.000000e+00
    outer loop
      vertex  7.715000e+01 -5.660000e+01  2.000000e+00
      vertex  7.885000e+01 -5.660000e+01  0.000000e+00
      vertex  7.885000e+01 -5.660000e+01  2.000000e+00
    endloop
  endfacet
  facet normal -9.961948e-01 -8.715452e-02  -0.000000e+00
    outer loop
      vertex  8.125000e+01 -5.900000e+01  0.000000e+00
      vertex  8.121354e+01 -5.858324e+01  2.000000e+00
      vertex  8.121354e+01 -5.858324e+01  0.000000e+00
    endloop
  endfacet
  facet normal -9.659255e-01 -2.588203e-01  0.000000e+00
    outer loop
      vertex  8.121354e+01 -5.858324e+01  0.000000e+00
      vertex  8.121354e+01 -5.858324e+01  2.000000e+00
      vertex  8.110526e+01 -5.817915e+01  2.000000e+00
    endloop
  endfacet
  facet normal -9.659255e-01 -2.588203e-01  -0.000000e+00
    outer loop
      vertex  8.121354e+01 -5.858324e+01  0.000000e+00
      vertex  8.110526e+01 -5.817915e+01  2.000000e+00
      vertex  8.110526e+01 -5.817915e+01  0.000000e+00
    endloop
  endfacet
  facet normal -9.063069e-01 -4.226204e-01  0.000000e+00
    outer loop
      vertex  8.110526e+01 -5.817915e+01  0.000000e+00
      vertex  8.110526e+01 -5.817915e+01  2.000000e+00
      vertex  8.092846e+01 -5.780000e+01  2.000000e+00
    endloop
  endfacet
  facet normal -9.063069e-01 -4.226204e-01  -0.000000e+00
    outer loop
      vertex  8.110526e+01 -5.817915e+01  0.000000e+00
      vertex  8.092846e+01 -5.780000e+01  2.000000e+00
      vertex  8.092846e+01 -5.780000e+01  0.000000e+00
    endloop
  endfacet
  facet normal -8.191540e-01 -5.735737e-01  0.000000e+00
    outer loop
      vertex  8.092846e+01 -5.780000e+01  0.000000e+00
      vertex  8.092846e+01 -5.780000e+01  2.000000e+00
      vertex  8.068851e+01 -5.745731e+01  2.000000e+00
    endloop
  endfacet
  facet normal -8.191540e-01 -5.735737e-01  -0.000000e+00
    outer loop
      vertex  8.092846e+01 -5.780000e+01  0.000000e+00
      vertex  8.068851e+01 -5.745731e+01  2.000000e+00
      vertex  8.068851e+01 -5.745731e+01  0.000000e+00
    endloop
  endfacet
  facet normal -7.071068e-01 -7.071068e-01  0.000000e+00
    outer loop
      vertex  8.068851e+01 -5.745731e+01  0.000000e+00
      vertex  8.068851e+01 -5.745731e+01  2.000000e+00
      vertex  8.039269e+01 -5.716150e+01  2.000000e+00
    endloop
  endfacet
  facet normal -7.071068e-01 -7.071068e-01  -0.000000e+00
    outer loop
      vertex  8.068851e+01 -5.745731e+01  0.000000e+00
      vertex  8.039269e+01 -5.716150e+01  2.000000e+00
      vertex  8.039269e+01 -5.716150e+01  0.000000e+00
    endloop
  endfacet
  facet normal -5.735798e-01 -8.191496e-01  0.000000e+00
    outer loop
      vertex  8.039269e+01 -5.716150e+01  0.000000e+00
      vertex  8.039269e+01 -5.716150e+01  2.000000e+00
      vertex  8.005000e+01 -5.692154e+01  2.000000e+00
    endloop
  endfacet
  facet normal -5.735798e-01 -8.191496e-01  -0.000000e+00
    outer loop
      vertex  8.039269e+01 -5.716150e+01  0.000000e+00
      vertex  8.005000e+01 -5.692154e+01  2.000000e+00
      vertex  8.005000e+01 -5.692154e+01  0.000000e+00
    endloop
  endfacet
  facet normal -4.226094e-01 -9.063119e-01  0.000000e+00
    outer loop
      vertex  8.005000e+01 -5.692154e+01  0.000000e+00
      vertex  8.005000e+01 -5.692154e+01  2.000000e+00
      vertex  7.967085e+01 -5.674474e+01  2.000000e+00
    endloop
  endfacet
  facet normal -4.226094e-01 -9.063119e-01  -0.000000e+00
    outer loop
      vertex  8.005000e+01 -5.692154e+01  0.000000e+00
      vertex  7.967085e+01 -5.674474e+01  2.000000e+00
      vertex  7.967085e+01 -5.674474e+01  0.000000e+00
    endloop
  endfacet
  facet normal -2.588203e-01 -9.659255e-01  0.000000e+00
    outer loop
      vertex  7.967085e+01 -5.674474e+01  0.000000e+00
      vertex  7.967085e+01 -5.674474e+01  2.000000e+00
      vertex  7.926675e+01 -5.663646e+01  2.000000e+00
    endloop
  endfacet
  facet normal -2.588203e-01 -9.659255e-01  -0.000000e+00
    outer loop
      vertex  7.967085e+01 -5.674474e+01  0.000000e+00
      vertex  7.926675e+01 -5.663646e+01  2.000000e+00
      vertex  7.926675e+01 -5.663646e+01  0.000000e+00
    endloop
  endfacet
  facet normal -8.716356e-02 -9.961941e-01  0.000000e+00
    outer loop
      vertex  7.926675e+01 -5.663646e+01  0.000000e+00
      vertex  7.926675e+01 -5.663646e+01  2.000000e+00
      vertex  7.885000e+01 -5.660000e+01  2.000000e+00
    endloop
  endfacet
  facet normal -8.716356e-02 -9.961941e-01  -0.000000e+00
    outer loop
      vertex  7.926675e+01 -5.663646e+01  0.000000e+00
      vertex  7.885000e+01 -5.660000e+01  2.000000e+00
      vertex  7.885000e+01 -5.660000e+01  0.000000e+00
    endloop
  endfacet
  facet normal -9.961948e-01 -8.715452e-02  0.000000e+00
    outer loop
      vertex  8.121354e+01 -5.858324e+01  2.000000e+00
      vertex  8.125000e+01 -5.900000e+01  0.000000e+00
      vertex  8.125000e+01 -5.900000e+01  2.000000e+00
    endloop
  endfacet
  facet normal -9.961948e-01  8.715452e-02  0.000000e+00
    outer loop
      vertex  8.125000e+01 -5.900000e+01  2.000000e+00
      vertex  8.125000e+01 -5.900000e+01  0.000000e+00
      vertex  8.121354e+01 -5.941676e+01  0.000000e+00
    endloop
  endfacet
  facet normal -9.961948e-01  8.715452e-02  0.000000e+00
    outer loop
      vertex  8.125000e+01 -5.900000e+01  2.000000e+00
      vertex  8.121354e+01 -5.941676e+01  0.000000e+00
      vertex  8.121354e+01 -5.941676e+01  2.000000e+00
    endloop
  endfacet
  facet normal -9.659255e-01  2.588203e-01  0.000000e+00
    outer loop
      vertex  8.121354e+01 -5.941676e+01  2.000000e+00
      vertex  8.121354e+01 -5.941676e+01  0.000000e+00
      vertex  8.110526e+01 -5.982085e+01  0.000000e+00
    endloop
  endfacet
  facet normal -9.659255e-01  2.588203e-01  0.000000e+00
    outer loop
      vertex  8.121354e+01 -5.941676e+01  2.000000e+00
      vertex  8.110526e+01 -5.982085e+01  0.000000e+00
      vertex  8.110526e+01 -5.982085e+01  2.000000e+00
    endloop
  endfacet
  facet normal -9.063069e-01  4.226204e-01  0.000000e+00
    outer loop
      vertex  8.110526e+01 -5.982085e+01  2.000000e+00
      vertex  8.110526e+01 -5.982085e+01  0.000000e+00
      vertex  8.092846e+01 -6.020000e+01  0.000000e+00
    endloop
  endfacet
  facet normal -9.063069e-01  4.226204e-01  0.000000e+00
    outer loop
      vertex  8.110526e+01 -5.982085e+01  2.000000e+00
      vertex  8.092846e+01 -6.020000e+01  0.000000e+00
      vertex  8.092846e+01 -6.020000e+01  2.000000e+00
    endloop
  endfacet
  facet normal -8.191540e-01  5.735737e-01  0.000000e+00
    outer loop
      vertex  8.092846e+01 -6.020000e+01  2.000000e+00
      vertex  8.092846e+01 -6.020000e+01  0.000000e+00
      vertex  8.068851e+01 -6.054269e+01  0.000000e+00
    endloop
  endfacet
  facet normal -8.191540e-01  5.735737e-01  0.000000e+00
    outer loop
      vertex  8.092846e+01 -6.020000e+01  2.000000e+00
      vertex  8.068851e+01 -6.054269e+01  0.000000e+00
      vertex  8.068851e+01 -6.054269e+01  2.000000e+00
    endloop
  endfacet
  facet normal -7.071068e-01  7.071068e-01  0.000000e+00
    outer loop
      vertex  8.068851e+01 -6.054269e+01  2.000000e+00
      vertex  8.068851e+01 -6.054269e+01  0.000000e+00
      vertex  8.039269e+01 -6.083850e+01  0.000000e+00
    endloop
  endfacet
  facet normal -7.071068e-01  7.071068e-01  0.000000e+00
    outer loop
      vertex  8.068851e+01 -6.054269e+01  2.000000e+00
      vertex  8.039269e+01 -6.083850e+01  0.000000e+00
      vertex  8.039269e+01 -6.083850e+01  2.000000e+00
    endloop
  endfacet
  facet normal -5.735798e-01  8.191496e-01  0.000000e+00
    outer loop
      vertex  8.039269e+01 -6.083850e+01  2.000000e+00
      vertex  8.039269e+01 -6.083850e+01  0.000000e+00
      vertex  8.005000e+01 -6.107846e+01  0.000000e+00
    endloop
  endfacet
  facet normal -5.735798e-01  8.191496e-01  0.000000e+00
    outer loop
      vertex  8.039269e+01 -6.083850e+01  2.000000e+00
      vertex  8.005000e+01 -6.107846e+01  0.000000e+00
      vertex  8.005000e+01 -6.107846e+01  2.000000e+00
    endloop
  endfacet
  facet normal -4.226094e-01  9.063119e-01  0.000000e+00
    outer loop
      vertex  8.005000e+01 -6.107846e+01  2.000000e+00
      vertex  8.005000e+01 -6.107846e+01  0.000000e+00
      vertex  7.967085e+01 -6.125526e+01  0.000000e+00
    endloop
  endfacet
  facet normal -4.226094e-01  9.063119e-01  0.000000e+00
    outer loop
      vertex  8.005000e+01 -6.107846e+01  2.000000e+00
      vertex  7.967085e+01 -6.125526e+01  0.000000e+00
      vertex  7.967085e+01 -6.125526e+01  2.000000e+00
    endloop
  endfacet
  facet normal -2.588203e-01  9.659255e-01  0.000000e+00
    outer loop
      vertex  7.967085e+01 -6.125526e+01  2.000000e+00
      vertex  7.967085e+01 -6.125526e+01  0.000000e+00
      vertex  7.926675e+01 -6.136354e+01  0.000000e+00
    endloop
  endfacet
  facet normal -2.588203e-01  9.659255e-01  0.000000e+00
    outer loop
      vertex  7.967085e+01 -6.125526e+01  2.000000e+00
      vertex  7.926675e+01 -6.136354e+01  0.000000e+00
      vertex  7.926675e+01 -6.136354e+01  2.000000e+00
    endloop
  endfacet
  facet normal -8.716356e-02  9.961941e-01  0.000000e+00
    outer loop
      vertex  7.926675e+01 -6.136354e+01  2.000000e+00
      vertex  7.926675e+01 -6.136354e+01  0.000000e+00
      vertex  7.885000e+01 -6.140000e+01  0.000000e+00
    endloop
  endfacet
  facet normal -8.716356e-02  9.961941e-01  0.000000e+00
    outer loop
      vertex  7.926675e+01 -6.136354e+01  2.000000e+00
      vertex  7.885000e+01 -6.140000e+01  0.000000e+00
      vertex  7.885000e+01 -6.140000e+01  2.000000e+00
    endloop
  endfacet
  facet normal  0.000000e+00  9.999999e-01  0.000000e+00
    outer loop
      vertex  7.885000e+01 -6.140000e+01  0.000000e+00
      vertex  7.715000e+01 -6.140000e+01  0.000000e+00
      vertex  7.885000e+01 -6.140000e+01  2.000000e+00
    endloop
  endfacet
  facet normal  0.000000e+00  9.999999e-01  0.000000e+00
    outer loop
      vertex  7.885000e+01 -6.140000e+01  2.000000e+00
      vertex  7.715000e+01 -6.140000e+01  0.000000e+00
      vertex  7.715000e+01 -6.140000e+01  2.000000e+00
    endloop
  endfacet
  facet normal  9.961948e-01  8.715452e-02  0.000000e+00
    outer loop
      vertex  7.475000e+01 -5.900000e+01  0.000000e+00
      vertex  7.478646e+01 -5.941676e+01  2.000000e+00
      vertex  7.478646e+01 -5.941676e+01  0.000000e+00
    endloop
  endfacet
  facet normal  9.659255e-01  2.588203e-01  -0.000000e+00
    outer loop
      vertex  7.478646e+01 -5.941676e+01  0.000000e+00
      vertex  7.478646e+01 -5.941676e+01  2.000000e+00
      vertex  7.489474e+01 -5.982085e+01  2.000000e+00
    endloop
  endfacet
  facet normal  9.659255e-01  2.588203e-01  0.000000e+00
    outer loop
      vertex  7.478646e+01 -5.941676e+01  0.000000e+00
      vertex  7.489474e+01 -5.982085e+01  2.000000e+00
      vertex  7.489474e+01 -5.982085e+01  0.000000e+00
    endloop
  endfacet
  facet normal  9.063069e-01  4.226204e-01  -0.000000e+00
    outer loop
      vertex  7.489474e+01 -5.982085e+01  0.000000e+00
      vertex  7.489474e+01 -5.982085e+01  2.000000e+00
      vertex  7.507154e+01 -6.020000e+01  2.000000e+00
    endloop
  endfacet
  facet normal  9.063069e-01  4.226204e-01  0.000000e+00
    outer loop
      vertex  7.489474e+01 -5.982085e+01  0.000000e+00
      vertex  7.507154e+01 -6.020000e+01  2.000000e+00
      vertex  7.507154e+01 -6.020000e+01  0.000000e+00
    endloop
  endfacet
  facet normal  8.191540e-01  5.735737e-01  -0.000000e+00
    outer loop
      vertex  7.507154e+01 -6.020000e+01  0.000000e+00
      vertex  7.507154e+01 -6.020000e+01  2.000000e+00
      vertex  7.531149e+01 -6.054269e+01  2.000000e+00
    endloop
  endfacet
  facet normal  8.191540e-01  5.735737e-01  0.000000e+00
    outer loop
      vertex  7.507154e+01 -6.020000e+01  0.000000e+00
      vertex  7.531149e+01 -6.054269e+01  2.000000e+00
      vertex  7.531149e+01 -6.054269e+01  0.000000e+00
    endloop
  endfacet
  facet normal  7.071068e-01  7.071068e-01  -0.000000e+00
    outer loop
      vertex  7.531149e+01 -6.054269e+01  0.000000e+00
      vertex  7.531149e+01 -6.054269e+01  2.000000e+00
      vertex  7.560731e+01 -6.083850e+01  2.000000e+00
    endloop
  endfacet
  facet normal  7.071068e-01  7.071068e-01  0.000000e+00
    outer loop
      vertex  7.531149e+01 -6.054269e+01  0.000000e+00
      vertex  7.560731e+01 -6.083850e+01  2.000000e+00
      vertex  7.560731e+01 -6.083850e+01  0.000000e+00
    endloop
  endfacet
  facet normal  5.735798e-01  8.191496e-01  -0.000000e+00
    outer loop
      vertex  7.560731e+01 -6.083850e+01  0.000000e+00
      vertex  7.560731e+01 -6.083850e+01  2.000000e+00
      vertex  7.595000e+01 -6.107846e+01  2.000000e+00
    endloop
  endfacet
  facet normal  5.735798e-01  8.191496e-01  0.000000e+00
    outer loop
      vertex  7.560731e+01 -6.083850e+01  0.000000e+00
      vertex  7.595000e+01 -6.107846e+01  2.000000e+00
      vertex  7.595000e+01 -6.107846e+01  0.000000e+00
    endloop
  endfacet
  facet normal  4.226094e-01  9.063119e-01  -0.000000e+00
    outer loop
      vertex  7.595000e+01 -6.107846e+01  0.000000e+00
      vertex  7.595000e+01 -6.107846e+01  2.000000e+00
      vertex  7.632915e+01 -6.125526e+01  2.000000e+00
    endloop
  endfacet
  facet normal  4.226094e-01  9.063119e-01  0.000000e+00
    outer loop
      vertex  7.595000e+01 -6.107846e+01  0.000000e+00
      vertex  7.632915e+01 -6.125526e+01  2.000000e+00
      vertex  7.632915e+01 -6.125526e+01  0.000000e+00
    endloop
  endfacet
  facet normal  2.588203e-01  9.659255e-01  -0.000000e+00
    outer loop
      vertex  7.632915e+01 -6.125526e+01  0.000000e+00
      vertex  7.632915e+01 -6.125526e+01  2.000000e+00
      vertex  7.673325e+01 -6.136354e+01  2.000000e+00
    endloop
  endfacet
  facet normal  2.588203e-01  9.659255e-01  0.000000e+00
    outer loop
      vertex  7.632915e+01 -6.125526e+01  0.000000e+00
      vertex  7.673325e+01 -6.136354e+01  2.000000e+00
      vertex  7.673325e+01 -6.136354e+01  0.000000e+00
    endloop
  endfacet
  facet normal  8.716356e-02  9.961941e-01  -0.000000e+00
    outer loop
      vertex  7.673325e+01 -6.136354e+01  0.000000e+00
      vertex  7.673325e+01 -6.136354e+01  2.000000e+00
      vertex  7.715000e+01 -6.140000e+01  2.000000e+00
    endloop
  endfacet
  facet normal  8.716356e-02  9.961941e-01  0.000000e+00
    outer loop
      vertex  7.673325e+01 -6.136354e+01  0.000000e+00
      vertex  7.715000e+01 -6.140000e+01  2.000000e+00
      vertex  7.715000e+01 -6.140000e+01  0.000000e+00
    endloop
  endfacet
  facet normal  9.961948e-01  8.715452e-02  -0.000000e+00
    outer loop
      vertex  7.478646e+01 -5.941676e+01  2.000000e+00
      vertex  7.475000e+01 -5.900000e+01  0.000000e+00
      vertex  7.475000e+01 -5.900000e+01  2.000000e+00
    endloop
  endfacet
  facet normal  9.961948e-01 -8.715452e-02  0.000000e+00
    outer loop
      vertex  7.475000e+01 -5.900000e+01  2.000000e+00
      vertex  7.475000e+01 -5.900000e+01  0.000000e+00
      vertex  7.478646e+01 -5.858324e+01  0.000000e+00
    endloop
  endfacet
  facet normal  9.961948e-01 -8.715452e-02  0.000000e+00
    outer loop
      vertex  7.475000e+01 -5.900000e+01  2.000000e+00
      vertex  7.478646e+01 -5.858324e+01  0.000000e+00
      vertex  7.478646e+01 -5.858324e+01  2.000000e+00
    endloop
  endfacet
  facet normal  9.659255e-01 -2.588203e-01  0.000000e+00
    outer loop
      vertex  7.478646e+01 -5.858324e+01  2.000000e+00
      vertex  7.478646e+01 -5.858324e+01  0.000000e+00
      vertex  7.489474e+01 -5.817915e+01  0.000000e+00
    endloop
  endfacet
  facet normal  9.659255e-01 -2.588203e-01  0.000000e+00
    outer loop
      vertex  7.478646e+01 -5.858324e+01  2.000000e+00
      vertex  7.489474e+01 -5.817915e+01  0.000000e+00
      vertex  7.489474e+01 -5.817915e+01  2.000000e+00
    endloop
  endfacet
  facet normal  9.063069e-01 -4.226204e-01  0.000000e+00
    outer loop
      vertex  7.489474e+01 -5.817915e+01  2.000000e+00
      vertex  7.489474e+01 -5.817915e+01  0.000000e+00
      vertex  7.507154e+01 -5.780000e+01  0.000000e+00
    endloop
  endfacet
  facet normal  9.063069e-01 -4.226204e-01  0.000000e+00
    outer loop
      vertex  7.489474e+01 -5.817915e+01  2.000000e+00
      vertex  7.507154e+01 -5.780000e+01  0.000000e+00
      vertex  7.507154e+01 -5.780000e+01  2.000000e+00
    endloop
  endfacet
  facet normal  8.191540e-01 -5.735737e-01  0.000000e+00
    outer loop
      vertex  7.507154e+01 -5.780000e+01  2.000000e+00
      vertex  7.507154e+01 -5.780000e+01  0.000000e+00
      vertex  7.531149e+01 -5.745731e+01  0.000000e+00
    endloop
  endfacet
  facet normal  8.191540e-01 -5.735737e-01  0.000000e+00
    outer loop
      vertex  7.507154e+01 -5.780000e+01  2.000000e+00
      vertex  7.531149e+01 -5.745731e+01  0.000000e+00
      vertex  7.531149e+01 -5.745731e+01  2.000000e+00
    endloop
  endfacet
  facet normal  7.071068e-01 -7.071068e-01  0.000000e+00
    outer loop
      vertex  7.531149e+01 -5.745731e+01  2.000000e+00
      vertex  7.531149e+01 -5.745731e+01  0.000000e+00
      vertex  7.560731e+01 -5.716150e+01  0.000000e+00
    endloop
  endfacet
  facet normal  7.071068e-01 -7.071068e-01  0.000000e+00
    outer loop
      vertex  7.531149e+01 -5.745731e+01  2.000000e+00
      vertex  7.560731e+01 -5.716150e+01  0.000000e+00
      vertex  7.560731e+01 -5.716150e+01  2.000000e+00
    endloop
  endfacet
  facet normal  5.735798e-01 -8.191496e-01  0.000000e+00
    outer loop
      vertex  7.560731e+01 -5.716150e+01  2.000000e+00
      vertex  7.560731e+01 -5.716150e+01  0.000000e+00
      vertex  7.595000e+01 -5.692154e+01  0.000000e+00
    endloop
  endfacet
  facet normal  5.735798e-01 -8.191496e-01  0.000000e+00
    outer loop
      vertex  7.560731e+01 -5.716150e+01  2.000000e+00
      vertex  7.595000e+01 -5.692154e+01  0.000000e+00
      vertex  7.595000e+01 -5.692154e+01  2.000000e+00
    endloop
  endfacet
  facet normal  4.226094e-01 -9.063119e-01  0.000000e+00
    outer loop
      vertex  7.595000e+01 -5.692154e+01  2.000000e+00
      vertex  7.595000e+01 -5.692154e+01  0.000000e+00
      vertex  7.632915e+01 -5.674474e+01  0.000000e+00
    endloop
  endfacet
  facet normal  4.226094e-01 -9.063119e-01  0.000000e+00
    outer loop
      vertex  7.595000e+01 -5.692154e+01  2.000000e+00
      vertex  7.632915e+01 -5.674474e+01  0.000000e+00
      vertex  7.632915e+01 -5.674474e+01  2.000000e+00
    endloop
  endfacet
  facet normal  2.588203e-01 -9.659255e-01  0.000000e+00
    outer loop
      vertex  7.632915e+01 -5.674474e+01  2.000000e+00
      vertex  7.632915e+01 -5.674474e+01  0.000000e+00
      vertex  7.673325e+01 -5.663646e+01  0.000000e+00
    endloop
  endfacet
  facet normal  2.588203e-01 -9.659255e-01  0.000000e+00
    outer loop
      vertex  7.632915e+01 -5.674474e+01  2.000000e+00
      vertex  7.673325e+01 -5.663646e+01  0.000000e+00
      vertex  7.673325e+01 -5.663646e+01  2.000000e+00
    endloop
  endfacet
  facet normal  8.716356e-02 -9.961941e-01  0.000000e+00
    outer loop
      vertex  7.673325e+01 -5.663646e+01  2.000000e+00
      vertex  7.673325e+01 -5.663646e+01  0.000000e+00
      vertex  7.715000e+01 -5.660000e+01  0.000000e+00
    endloop
  endfacet
  facet normal  8.716356e-02 -9.961941e-01  0.000000e+00
    outer loop
      vertex  7.673325e+01 -5.663646e+01  2.000000e+00
      vertex  7.715000e+01 -5.660000e+01  0.000000e+00
      vertex  7.715000e+01 -5.660000e+01  2.000000e+00
    endloop
  endfacet
  facet normal -7.845622e-02  9.969175e-01  0.000000e+00
    outer loop
      vertex  7.800000e+01  5.600000e+01  0.000000e+00
      vertex  7.846931e+01  5.603693e+01  2.000000e+00
      vertex  7.846931e+01  5.603693e+01  0.000000e+00
    endloop
  endfacet
  facet normal -2.334529e-01  9.723681e-01  0.000000e+00
    outer loop
      vertex  7.846931e+01  5.603693e+01  0.000000e+00
      vertex  7.846931e+01  5.603693e+01  2.000000e+00
      vertex  7.892705e+01  5.614683e+01  2.000000e+00
    endloop
  endfacet
  facet normal -2.334529e-01  9.723681e-01  0.000000e+00
    outer loop
      vertex  7.846931e+01  5.603693e+01  0.000000e+00
      vertex  7.892705e+01  5.614683e+01  2.000000e+00
      vertex  7.892705e+01  5.614683e+01  0.000000e+00
    endloop
  endfacet
  facet normal -3.826813e-01  9.238805e-01  0.000000e+00
    outer loop
      vertex  7.892705e+01  5.614683e+01  0.000000e+00
      vertex  7.892705e+01  5.614683e+01  2.000000e+00
      vertex  7.936197e+01  5.632698e+01  2.000000e+00
    endloop
  endfacet
  facet normal -3.826813e-01  9.238805e-01  0.000000e+00
    outer loop
      vertex  7.892705e+01  5.614683e+01  0.000000e+00
      vertex  7.936197e+01  5.632698e+01  2.000000e+00
      vertex  7.936197e+01  5.632698e+01  0.000000e+00
    endloop
  endfacet
  facet normal -5.224919e-01  8.526442e-01  0.000000e+00
    outer loop
      vertex  7.936197e+01  5.632698e+01  0.000000e+00
      vertex  7.936197e+01  5.632698e+01  2.000000e+00
      vertex  7.976336e+01  5.657295e+01  2.000000e+00
    endloop
  endfacet
  facet normal -5.224919e-01  8.526442e-01  0.000000e+00
    outer loop
      vertex  7.936197e+01  5.632698e+01  0.000000e+00
      vertex  7.976336e+01  5.657295e+01  2.000000e+00
      vertex  7.976336e+01  5.657295e+01  0.000000e+00
    endloop
  endfacet
  facet normal -6.494517e-01  7.604029e-01  0.000000e+00
    outer loop
      vertex  7.976336e+01  5.657295e+01  0.000000e+00
      vertex  7.976336e+01  5.657295e+01  2.000000e+00
      vertex  8.012132e+01  5.687868e+01  2.000000e+00
    endloop
  endfacet
  facet normal -6.494517e-01  7.604029e-01  0.000000e+00
    outer loop
      vertex  7.976336e+01  5.657295e+01  0.000000e+00
      vertex  8.012132e+01  5.687868e+01  2.000000e+00
      vertex  8.012132e+01  5.687868e+01  0.000000e+00
    endloop
  endfacet
  facet normal -7.604109e-01  6.494424e-01  0.000000e+00
    outer loop
      vertex  8.012132e+01  5.687868e+01  0.000000e+00
      vertex  8.012132e+01  5.687868e+01  2.000000e+00
      vertex  8.042705e+01  5.723664e+01  2.000000e+00
    endloop
  endfacet
  facet normal -7.604109e-01  6.494424e-01  0.000000e+00
    outer loop
      vertex  8.012132e+01  5.687868e+01  0.000000e+00
      vertex  8.042705e+01  5.723664e+01  2.000000e+00
      vertex  8.042705e+01  5.723664e+01  0.000000e+00
    endloop
  endfacet
  facet normal -8.526362e-01  5.225050e-01  0.000000e+00
    outer loop
      vertex  8.042705e+01  5.723664e+01  0.000000e+00
      vertex  8.042705e+01  5.723664e+01  2.000000e+00
      vertex  8.067302e+01  5.763803e+01  2.000000e+00
    endloop
  endfacet
  facet normal -8.526362e-01  5.225050e-01  0.000000e+00
    outer loop
      vertex  8.042705e+01  5.723664e+01  0.000000e+00
      vertex  8.067302e+01  5.763803e+01  2.000000e+00
      vertex  8.067302e+01  5.763803e+01  0.000000e+00
    endloop
  endfacet
  facet normal -9.238775e-01  3.826881e-01  0.000000e+00
    outer loop
      vertex  8.067302e+01  5.763803e+01  0.000000e+00
      vertex  8.067302e+01  5.763803e+01  2.000000e+00
      vertex  8.085317e+01  5.807295e+01  2.000000e+00
    endloop
  endfacet
  facet normal -9.238775e-01  3.826881e-01  0.000000e+00
    outer loop
      vertex  8.067302e+01  5.763803e+01  0.000000e+00
      vertex  8.085317e+01  5.807295e+01  2.000000e+00
      vertex  8.085317e+01  5.807295e+01  0.000000e+00
    endloop
  endfacet
  facet normal -9.723709e-01  2.334416e-01  0.000000e+00
    outer loop
      vertex  8.085317e+01  5.807295e+01  0.000000e+00
      vertex  8.085317e+01  5.807295e+01  2.000000e+00
      vertex  8.096307e+01  5.853070e+01  2.000000e+00
    endloop
  endfacet
  facet normal -9.723709e-01  2.334416e-01  0.000000e+00
    outer loop
      vertex  8.085317e+01  5.807295e+01  0.000000e+00
      vertex  8.096307e+01  5.853070e+01  2.000000e+00
      vertex  8.096307e+01  5.853070e+01  0.000000e+00
    endloop
  endfacet
  facet normal -9.969175e-01  7.845686e-02  0.000000e+00
    outer loop
      vertex  8.096307e+01  5.853070e+01  0.000000e+00
      vertex  8.096307e+01  5.853070e+01  2.000000e+00
      vertex  8.100000e+01  5.900000e+01  2.000000e+00
    endloop
  endfacet
  facet normal -9.969175e-01  7.845686e-02  0.000000e+00
    outer loop
      vertex  8.096307e+01  5.853070e+01  0.000000e+00
      vertex  8.100000e+01  5.900000e+01  2.000000e+00
      vertex  8.100000e+01  5.900000e+01  0.000000e+00
    endloop
  endfacet
  facet normal -7.845622e-02  9.969175e-01  0.000000e+00
    outer loop
      vertex  7.846931e+01  5.603693e+01  2.000000e+00
      vertex  7.800000e+01  5.600000e+01  0.000000e+00
      vertex  7.800000e+01  5.600000e+01  2.000000e+00
    endloop
  endfacet
  facet normal  7.845622e-02  9.969175e-01  0.000000e+00
    outer loop
      vertex  7.800000e+01  5.600000e+01  2.000000e+00
      vertex  7.800000e+01  5.600000e+01  0.000000e+00
      vertex  7.753069e+01  5.603693e+01  0.000000e+00
    endloop
  endfacet
  facet normal  7.845622e-02  9.969175e-01  -0.000000e+00
    outer loop
      vertex  7.800000e+01  5.600000e+01  2.000000e+00
      vertex  7.753069e+01  5.603693e+01  0.000000e+00
      vertex  7.753069e+01  5.603693e+01  2.000000e+00
    endloop
  endfacet
  facet normal  2.334529e-01  9.723681e-01  0.000000e+00
    outer loop
      vertex  7.753069e+01  5.603693e+01  2.000000e+00
      vertex  7.753069e+01  5.603693e+01  0.000000e+00
      vertex  7.707295e+01  5.614683e+01  0.000000e+00
    endloop
  endfacet
  facet normal  2.334529e-01  9.723681e-01  -0.000000e+00
    outer loop
      vertex  7.753069e+01  5.603693e+01  2.000000e+00
      vertex  7.707295e+01  5.614683e+01  0.000000e+00
      vertex  7.707295e+01  5.614683e+01  2.000000e+00
    endloop
  endfacet
  facet normal  3.826813e-01  9.238805e-01  0.000000e+00
    outer loop
      vertex  7.707295e+01  5.614683e+01  2.000000e+00
      vertex  7.707295e+01  5.614683e+01  0.000000e+00
      vertex  7.663803e+01  5.632698e+01  0.000000e+00
    endloop
  endfacet
  facet normal  3.826813e-01  9.238805e-01  -0.000000e+00
    outer loop
      vertex  7.707295e+01  5.614683e+01  2.000000e+00
      vertex  7.663803e+01  5.632698e+01  0.000000e+00
      vertex  7.663803e+01  5.632698e+01  2.000000e+00
    endloop
  endfacet
  facet normal  5.224919e-01  8.526442e-01  0.000000e+00
    outer loop
      vertex  7.663803e+01  5.632698e+01  2.000000e+00
      vertex  7.663803e+01  5.632698e+01  0.000000e+00
      vertex  7.623664e+01  5.657295e+01  0.000000e+00
    endloop
  endfacet
  facet normal  5.224919e-01  8.526442e-01  -0.000000e+00
    outer loop
      vertex  7.663803e+01  5.632698e+01  2.000000e+00
      vertex  7.623664e+01  5.657295e+01  0.000000e+00
      vertex  7.623664e+01  5.657295e+01  2.000000e+00
    endloop
  endfacet
  facet normal  6.494517e-01  7.604029e-01  0.000000e+00
    outer loop
      vertex  7.623664e+01  5.657295e+01  2.000000e+00
      vertex  7.623664e+01  5.657295e+01  0.000000e+00
      vertex  7.587868e+01  5.687868e+01  0.000000e+00
    endloop
  endfacet
  facet normal  6.494517e-01  7.604029e-01  -0.000000e+00
    outer loop
      vertex  7.623664e+01  5.657295e+01  2.000000e+00
      vertex  7.587868e+01  5.687868e+01  0.000000e+00
      vertex  7.587868e+01  5.687868e+01  2.000000e+00
    endloop
  endfacet
  facet normal  7.604109e-01  6.494424e-01  0.000000e+00
    outer loop
      vertex  7.587868e+01  5.687868e+01  2.000000e+00
      vertex  7.587868e+01  5.687868e+01  0.000000e+00
      vertex  7.557295e+01  5.723664e+01  0.000000e+00
    endloop
  endfacet
  facet normal  7.604109e-01  6.494424e-01  -0.000000e+00
    outer loop
      vertex  7.587868e+01  5.687868e+01  2.000000e+00
      vertex  7.557295e+01  5.723664e+01  0.000000e+00
      vertex  7.557295e+01  5.723664e+01  2.000000e+00
    endloop
  endfacet
  facet normal  8.526362e-01  5.225050e-01  0.000000e+00
    outer loop
      vertex  7.557295e+01  5.723664e+01  2.000000e+00
      vertex  7.557295e+01  5.723664e+01  0.000000e+00
      vertex  7.532698e+01  5.763803e+01  0.000000e+00
    endloop
  endfacet
  facet normal  8.526362e-01  5.225050e-01  -0.000000e+00
    outer loop
      vertex  7.557295e+01  5.723664e+01  2.000000e+00
      vertex  7.532698e+01  5.763803e+01  0.000000e+00
      vertex  7.532698e+01  5.763803e+01  2.000000e+00
    endloop
  endfacet
  facet normal  9.238775e-01  3.826881e-01  0.000000e+00
    outer loop
      vertex  7.532698e+01  5.763803e+01  2.000000e+00
      vertex  7.532698e+01  5.763803e+01  0.000000e+00
      vertex  7.514683e+01  5.807295e+01  0.000000e+00
    endloop
  endfacet
  facet normal  9.238775e-01  3.826881e-01  -0.000000e+00
    outer loop
      vertex  7.532698e+01  5.763803e+01  2.000000e+00
      vertex  7.514683e+01  5.807295e+01  0.000000e+00
      vertex  7.514683e+01  5.807295e+01  2.000000e+00
    endloop
  endfacet
  facet normal  9.723709e-01  2.334416e-01  0.000000e+00
    outer loop
      vertex  7.514683e+01  5.807295e+01  2.000000e+00
      vertex  7.514683e+01  5.807295e+01  0.000000e+00
      vertex  7.503693e+01  5.853070e+01  0.000000e+00
    endloop
  endfacet
  facet normal  9.723709e-01  2.334416e-01  -0.000000e+00
    outer loop
      vertex  7.514683e+01  5.807295e+01  2.000000e+00
      vertex  7.503693e+01  5.853070e+01  0.000000e+00
      vertex  7.503693e+01  5.853070e+01  2.000000e+00
    endloop
  endfacet
  facet normal  9.969175e-01  7.845686e-02  0.000000e+00
    outer loop
      vertex  7.503693e+01  5.853070e+01  2.000000e+00
      vertex  7.503693e+01  5.853070e+01  0.000000e+00
      vertex  7.500000e+01  5.900000e+01  0.000000e+00
    endloop
  endfacet
  facet normal  9.969175e-01  7.845686e-02  -0.000000e+00
    outer loop
      vertex  7.503693e+01  5.853070e+01  2.000000e+00
      vertex  7.500000e+01  5.900000e+01  0.000000e+00
      vertex  7.500000e+01  5.900000e+01  2.000000e+00
    endloop
  endfacet
  facet normal  7.845622e-02 -9.969175e-01  0.000000e+00
    outer loop
      vertex  7.800000e+01  6.200000e+01  0.000000e+00
      vertex  7.753069e+01  6.196307e+01  2.000000e+00
      vertex  7.753069e+01  6.196307e+01  0.000000e+00
    endloop
  endfacet
  facet normal  2.334529e-01 -9.723681e-01  0.000000e+00
    outer loop
      vertex  7.753069e+01  6.196307e+01  0.000000e+00
      vertex  7.753069e+01  6.196307e+01  2.000000e+00
      vertex  7.707295e+01  6.185317e+01  2.000000e+00
    endloop
  endfacet
  facet normal  2.334529e-01 -9.723681e-01  0.000000e+00
    outer loop
      vertex  7.753069e+01  6.196307e+01  0.000000e+00
      vertex  7.707295e+01  6.185317e+01  2.000000e+00
      vertex  7.707295e+01  6.185317e+01  0.000000e+00
    endloop
  endfacet
  facet normal  3.826813e-01 -9.238805e-01  0.000000e+00
    outer loop
      vertex  7.707295e+01  6.185317e+01  0.000000e+00
      vertex  7.707295e+01  6.185317e+01  2.000000e+00
      vertex  7.663803e+01  6.167302e+01  2.000000e+00
    endloop
  endfacet
  facet normal  3.826813e-01 -9.238805e-01  0.000000e+00
    outer loop
      vertex  7.707295e+01  6.185317e+01  0.000000e+00
      vertex  7.663803e+01  6.167302e+01  2.000000e+00
      vertex  7.663803e+01  6.167302e+01  0.000000e+00
    endloop
  endfacet
  facet normal  5.224919e-01 -8.526442e-01  0.000000e+00
    outer loop
      vertex  7.663803e+01  6.167302e+01  0.000000e+00
      vertex  7.663803e+01  6.167302e+01  2.000000e+00
      vertex  7.623664e+01  6.142705e+01  2.000000e+00
    endloop
  endfacet
  facet normal  5.224919e-01 -8.526442e-01  0.000000e+00
    outer loop
      vertex  7.663803e+01  6.167302e+01  0.000000e+00
      vertex  7.623664e+01  6.142705e+01  2.000000e+00
      vertex  7.623664e+01  6.142705e+01  0.000000e+00
    endloop
  endfacet
  facet normal  6.494517e-01 -7.604029e-01  0.000000e+00
    outer loop
      vertex  7.623664e+01  6.142705e+01  0.000000e+00
      vertex  7.623664e+01  6.142705e+01  2.000000e+00
      vertex  7.587868e+01  6.112132e+01  2.000000e+00
    endloop
  endfacet
  facet normal  6.494517e-01 -7.604029e-01  0.000000e+00
    outer loop
      vertex  7.623664e+01  6.142705e+01  0.000000e+00
      vertex  7.587868e+01  6.112132e+01  2.000000e+00
      vertex  7.587868e+01  6.112132e+01  0.000000e+00
    endloop
  endfacet
  facet normal  7.604109e-01 -6.494424e-01  0.000000e+00
    outer loop
      vertex  7.587868e+01  6.112132e+01  0.000000e+00
      vertex  7.587868e+01  6.112132e+01  2.000000e+00
      vertex  7.557295e+01  6.076336e+01  2.000000e+00
    endloop
  endfacet
  facet normal  7.604109e-01 -6.494424e-01  0.000000e+00
    outer loop
      vertex  7.587868e+01  6.112132e+01  0.000000e+00
      vertex  7.557295e+01  6.076336e+01  2.000000e+00
      vertex  7.557295e+01  6.076336e+01  0.000000e+00
    endloop
  endfacet
  facet normal  8.526362e-01 -5.225050e-01  0.000000e+00
    outer loop
      vertex  7.557295e+01  6.076336e+01  0.000000e+00
      vertex  7.557295e+01  6.076336e+01  2.000000e+00
      vertex  7.532698e+01  6.036197e+01  2.000000e+00
    endloop
  endfacet
  facet normal  8.526362e-01 -5.225050e-01  0.000000e+00
    outer loop
      vertex  7.557295e+01  6.076336e+01  0.000000e+00
      vertex  7.532698e+01  6.036197e+01  2.000000e+00
      vertex  7.532698e+01  6.036197e+01  0.000000e+00
    endloop
  endfacet
  facet normal  9.238775e-01 -3.826881e-01  0.000000e+00
    outer loop
      vertex  7.532698e+01  6.036197e+01  0.000000e+00
      vertex  7.532698e+01  6.036197e+01  2.000000e+00
      vertex  7.514683e+01  5.992705e+01  2.000000e+00
    endloop
  endfacet
  facet normal  9.238775e-01 -3.826881e-01  0.000000e+00
    outer loop
      vertex  7.532698e+01  6.036197e+01  0.000000e+00
      vertex  7.514683e+01  5.992705e+01  2.000000e+00
      vertex  7.514683e+01  5.992705e+01  0.000000e+00
    endloop
  endfacet
  facet normal  9.723709e-01 -2.334416e-01  0.000000e+00
    outer loop
      vertex  7.514683e+01  5.992705e+01  0.000000e+00
      vertex  7.514683e+01  5.992705e+01  2.000000e+00
      vertex  7.503693e+01  5.946930e+01  2.000000e+00
    endloop
  endfacet
  facet normal  9.723709e-01 -2.334416e-01  0.000000e+00
    outer loop
      vertex  7.514683e+01  5.992705e+01  0.000000e+00
      vertex  7.503693e+01  5.946930e+01  2.000000e+00
      vertex  7.503693e+01  5.946930e+01  0.000000e+00
    endloop
  endfacet
  facet normal  9.969175e-01 -7.845686e-02  0.000000e+00
    outer loop
      vertex  7.503693e+01  5.946930e+01  0.000000e+00
      vertex  7.503693e+01  5.946930e+01  2.000000e+00
      vertex  7.500000e+01  5.900000e+01  2.000000e+00
    endloop
  endfacet
  facet normal  9.969175e-01 -7.845686e-02  0.000000e+00
    outer loop
      vertex  7.503693e+01  5.946930e+01  0.000000e+00
      vertex  7.500000e+01  5.900000e+01  2.000000e+00
      vertex  7.500000e+01  5.900000e+01  0.000000e+00
    endloop
  endfacet
  facet normal  7.845622e-02 -9.969175e-01  0.000000e+00
    outer loop
      vertex  7.753069e+01  6.196307e+01  2.000000e+00
      vertex  7.800000e+01  6.200000e+01  0.000000e+00
      vertex  7.800000e+01  6.200000e+01  2.000000e+00
    endloop
  endfacet
  facet normal -7.845622e-02 -9.969175e-01  -0.000000e+00
    outer loop
      vertex  7.800000e+01  6.200000e+01  2.000000e+00
      vertex  7.800000e+01  6.200000e+01  0.000000e+00
      vertex  7.846931e+01  6.196307e+01  0.000000e+00
    endloop
  endfacet
  facet normal -7.845622e-02 -9.969175e-01  0.000000e+00
    outer loop
      vertex  7.800000e+01  6.200000e+01  2.000000e+00
      vertex  7.846931e+01  6.196307e+01  0.000000e+00
      vertex  7.846931e+01  6.196307e+01  2.000000e+00
    endloop
  endfacet
  facet normal -2.334529e-01 -9.723681e-01  -0.000000e+00
    outer loop
      vertex  7.846931e+01  6.196307e+01  2.000000e+00
      vertex  7.846931e+01  6.196307e+01  0.000000e+00
      vertex  7.892705e+01  6.185317e+01  0.000000e+00
    endloop
  endfacet
  facet normal -2.334529e-01 -9.723681e-01  0.000000e+00
    outer loop
      vertex  7.846931e+01  6.196307e+01  2.000000e+00
      vertex  7.892705e+01  6.185317e+01  0.000000e+00
      vertex  7.892705e+01  6.185317e+01  2.000000e+00
    endloop
  endfacet
  facet normal -3.826813e-01 -9.238805e-01  -0.000000e+00
    outer loop
      vertex  7.892705e+01  6.185317e+01  2.000000e+00
      vertex  7.892705e+01  6.185317e+01  0.000000e+00
      vertex  7.936197e+01  6.167302e+01  0.000000e+00
    endloop
  endfacet
  facet normal -3.826813e-01 -9.238805e-01  0.000000e+00
    outer loop
      vertex  7.892705e+01  6.185317e+01  2.000000e+00
      vertex  7.936197e+01  6.167302e+01  0.000000e+00
      vertex  7.936197e+01  6.167302e+01  2.000000e+00
    endloop
  endfacet
  facet normal -5.224919e-01 -8.526442e-01  -0.000000e+00
    outer loop
      vertex  7.936197e+01  6.167302e+01  2.000000e+00
      vertex  7.936197e+01  6.167302e+01  0.000000e+00
      vertex  7.976336e+01  6.142705e+01  0.000000e+00
    endloop
  endfacet
  facet normal -5.224919e-01 -8.526442e-01  0.000000e+00
    outer loop
      vertex  7.936197e+01  6.167302e+01  2.000000e+00
      vertex  7.976336e+01  6.142705e+01  0.000000e+00
      vertex  7.976336e+01  6.142705e+01  2.000000e+00
    endloop
  endfacet
  facet normal -6.494517e-01 -7.604029e-01  -0.000000e+00
    outer loop
      vertex  7.976336e+01  6.142705e+01  2.000000e+00
      vertex  7.976336e+01  6.142705e+01  0.000000e+00
      vertex  8.012132e+01  6.112132e+01  0.000000e+00
    endloop
  endfacet
  facet normal -6.494517e-01 -7.604029e-01  0.000000e+00
    outer loop
      vertex  7.976336e+01  6.142705e+01  2.000000e+00
      vertex  8.012132e+01  6.112132e+01  0.000000e+00
      vertex  8.012132e+01  6.112132e+01  2.000000e+00
    endloop
  endfacet
  facet normal -7.604109e-01 -6.494424e-01  -0.000000e+00
    outer loop
      vertex  8.012132e+01  6.112132e+01  2.000000e+00
      vertex  8.012132e+01  6.112132e+01  0.000000e+00
      vertex  8.042705e+01  6.076336e+01  0.000000e+00
    endloop
  endfacet
  facet normal -7.604109e-01 -6.494424e-01  0.000000e+00
    outer loop
      vertex  8.012132e+01  6.112132e+01  2.000000e+00
      vertex  8.042705e+01  6.076336e+01  0.000000e+00
      vertex  8.042705e+01  6.076336e+01  2.000000e+00
    endloop
  endfacet
  facet normal -8.526362e-01 -5.225050e-01  -0.000000e+00
    outer loop
      vertex  8.042705e+01  6.076336e+01  2.000000e+00
      vertex  8.042705e+01  6.076336e+01  0.000000e+00
      vertex  8.067302e+01  6.036197e+01  0.000000e+00
    endloop
  endfacet
  facet normal -8.526362e-01 -5.225050e-01  0.000000e+00
    outer loop
      vertex  8.042705e+01  6.076336e+01  2.000000e+00
      vertex  8.067302e+01  6.036197e+01  0.000000e+00
      vertex  8.067302e+01  6.036197e+01  2.000000e+00
    endloop
  endfacet
  facet normal -9.238775e-01 -3.826881e-01  -0.000000e+00
    outer loop
      vertex  8.067302e+01  6.036197e+01  2.000000e+00
      vertex  8.067302e+01  6.036197e+01  0.000000e+00
      vertex  8.085317e+01  5.992705e+01  0.000000e+00
    endloop
  endfacet
  facet normal -9.238775e-01 -3.826881e-01  0.000000e+00
    outer loop
      vertex  8.067302e+01  6.036197e+01  2.000000e+00
      vertex  8.085317e+01  5.992705e+01  0.000000e+00
      vertex  8.085317e+01  5.992705e+01  2.000000e+00
    endloop
  endfacet
  facet normal -9.723709e-01 -2.334416e-01  -0.000000e+00
    outer loop
      vertex  8.085317e+01  5.992705e+01  2.000000e+00
      vertex  8.085317e+01  5.992705e+01  0.000000e+00
      vertex  8.096307e+01  5.946930e+01  0.000000e+00
    endloop
  endfacet
  facet normal -9.723709e-01 -2.334416e-01  0.000000e+00
    outer loop
      vertex  8.085317e+01  5.992705e+01  2.000000e+00
      vertex  8.096307e+01  5.946930e+01  0.000000e+00
      vertex  8.096307e+01  5.946930e+01  2.000000e+00
    endloop
  endfacet
  facet normal -9.969175e-01 -7.845686e-02  -0.000000e+00
    outer loop
      vertex  8.096307e+01  5.946930e+01  2.000000e+00
      vertex  8.096307e+01  5.946930e+01  0.000000e+00
      vertex  8.100000e+01  5.900000e+01  0.000000e+00
    endloop
  endfacet
  facet normal -9.969175e-01 -7.845686e-02  0.000000e+00
    outer loop
      vertex  8.096307e+01  5.946930e+01  2.000000e+00
      vertex  8.100000e+01  5.900000e+01  0.000000e+00
      vertex  8.100000e+01  5.900000e+01  2.000000e+00
    endloop
  endfacet
  facet normal -8.716356e-02  9.961941e-01  0.000000e+00
    outer loop
      vertex -7.800000e+01 -6.140000e+01  0.000000e+00
      vertex -7.758324e+01 -6.136354e+01  2.000000e+00
      vertex -7.758324e+01 -6.136354e+01  0.000000e+00
    endloop
  endfacet
  facet normal -2.588203e-01  9.659255e-01  0.000000e+00
    outer loop
      vertex -7.758324e+01 -6.136354e+01  0.000000e+00
      vertex -7.758324e+01 -6.136354e+01  2.000000e+00
      vertex -7.717915e+01 -6.125526e+01  2.000000e+00
    endloop
  endfacet
  facet normal -2.588203e-01  9.659255e-01  0.000000e+00
    outer loop
      vertex -7.758324e+01 -6.136354e+01  0.000000e+00
      vertex -7.717915e+01 -6.125526e+01  2.000000e+00
      vertex -7.717915e+01 -6.125526e+01  0.000000e+00
    endloop
  endfacet
  facet normal -4.226164e-01  9.063086e-01  0.000000e+00
    outer loop
      vertex -7.717915e+01 -6.125526e+01  0.000000e+00
      vertex -7.717915e+01 -6.125526e+01  2.000000e+00
      vertex -7.680000e+01 -6.107846e+01  2.000000e+00
    endloop
  endfacet
  facet normal -4.226164e-01  9.063086e-01  0.000000e+00
    outer loop
      vertex -7.717915e+01 -6.125526e+01  0.000000e+00
      vertex -7.680000e+01 -6.107846e+01  2.000000e+00
      vertex -7.680000e+01 -6.107846e+01  0.000000e+00
    endloop
  endfacet
  facet normal -5.735798e-01  8.191496e-01  0.000000e+00
    outer loop
      vertex -7.680000e+01 -6.107846e+01  0.000000e+00
      vertex -7.680000e+01 -6.107846e+01  2.000000e+00
      vertex -7.645731e+01 -6.083850e+01  2.000000e+00
    endloop
  endfacet
  facet normal -5.735798e-01  8.191496e-01  0.000000e+00
    outer loop
      vertex -7.680000e+01 -6.107846e+01  0.000000e+00
      vertex -7.645731e+01 -6.083850e+01  2.000000e+00
      vertex -7.645731e+01 -6.083850e+01  0.000000e+00
    endloop
  endfacet
  facet normal -7.070976e-01  7.071159e-01  0.000000e+00
    outer loop
      vertex -7.645731e+01 -6.083850e+01  0.000000e+00
      vertex -7.645731e+01 -6.083850e+01  2.000000e+00
      vertex -7.616149e+01 -6.054269e+01  2.000000e+00
    endloop
  endfacet
  facet normal -7.070976e-01  7.071159e-01  0.000000e+00
    outer loop
      vertex -7.645731e+01 -6.083850e+01  0.000000e+00
      vertex -7.616149e+01 -6.054269e+01  2.000000e+00
      vertex -7.616149e+01 -6.054269e+01  0.000000e+00
    endloop
  endfacet
  facet normal -8.191540e-01  5.735737e-01  0.000000e+00
    outer loop
      vertex -7.616149e+01 -6.054269e+01  0.000000e+00
      vertex -7.616149e+01 -6.054269e+01  2.000000e+00
      vertex -7.592154e+01 -6.020000e+01  2.000000e+00
    endloop
  endfacet
  facet normal -8.191540e-01  5.735737e-01  0.000000e+00
    outer loop
      vertex -7.616149e+01 -6.054269e+01  0.000000e+00
      vertex -7.592154e+01 -6.020000e+01  2.000000e+00
      vertex -7.592154e+01 -6.020000e+01  0.000000e+00
    endloop
  endfacet
  facet normal -9.063069e-01  4.226204e-01  0.000000e+00
    outer loop
      vertex -7.592154e+01 -6.020000e+01  0.000000e+00
      vertex -7.592154e+01 -6.020000e+01  2.000000e+00
      vertex -7.574474e+01 -5.982085e+01  2.000000e+00
    endloop
  endfacet
  facet normal -9.063069e-01  4.226204e-01  0.000000e+00
    outer loop
      vertex -7.592154e+01 -6.020000e+01  0.000000e+00
      vertex -7.574474e+01 -5.982085e+01  2.000000e+00
      vertex -7.574474e+01 -5.982085e+01  0.000000e+00
    endloop
  endfacet
  facet normal -9.659255e-01  2.588203e-01  0.000000e+00
    outer loop
      vertex -7.574474e+01 -5.982085e+01  0.000000e+00
      vertex -7.574474e+01 -5.982085e+01  2.000000e+00
      vertex -7.563646e+01 -5.941676e+01  2.000000e+00
    endloop
  endfacet
  facet normal -9.659255e-01  2.588203e-01  0.000000e+00
    outer loop
      vertex -7.574474e+01 -5.982085e+01  0.000000e+00
      vertex -7.563646e+01 -5.941676e+01  2.000000e+00
      vertex -7.563646e+01 -5.941676e+01  0.000000e+00
    endloop
  endfacet
  facet normal -9.961948e-01  8.715452e-02  0.000000e+00
    outer loop
      vertex -7.563646e+01 -5.941676e+01  0.000000e+00
      vertex -7.563646e+01 -5.941676e+01  2.000000e+00
      vertex -7.560000e+01 -5.900000e+01  2.000000e+00
    endloop
  endfacet
  facet normal -9.961948e-01  8.715452e-02  0.000000e+00
    outer loop
      vertex -7.563646e+01 -5.941676e+01  0.000000e+00
      vertex -7.560000e+01 -5.900000e+01  2.000000e+00
      vertex -7.560000e+01 -5.900000e+01  0.000000e+00
    endloop
  endfacet
  facet normal -8.716356e-02  9.961941e-01  0.000000e+00
    outer loop
      vertex -7.758324e+01 -6.136354e+01  2.000000e+00
      vertex -7.800000e+01 -6.140000e+01  0.000000e+00
      vertex -7.800000e+01 -6.140000e+01  2.000000e+00
    endloop
  endfacet
  facet normal  8.716356e-02  9.961941e-01  0.000000e+00
    outer loop
      vertex -7.800000e+01 -6.140000e+01  2.000000e+00
      vertex -7.800000e+01 -6.140000e+01  0.000000e+00
      vertex -7.841676e+01 -6.136354e+01  0.000000e+00
    endloop
  endfacet
  facet normal  8.716356e-02  9.961941e-01  -0.000000e+00
    outer loop
      vertex -7.800000e+01 -6.140000e+01  2.000000e+00
      vertex -7.841676e+01 -6.136354e+01  0.000000e+00
      vertex -7.841676e+01 -6.136354e+01  2.000000e+00
    endloop
  endfacet
  facet normal  2.588203e-01  9.659255e-01  0.000000e+00
    outer loop
      vertex -7.841676e+01 -6.136354e+01  2.000000e+00
      vertex -7.841676e+01 -6.136354e+01  0.000000e+00
      vertex -7.882085e+01 -6.125526e+01  0.000000e+00
    endloop
  endfacet
  facet normal  2.588203e-01  9.659255e-01  -0.000000e+00
    outer loop
      vertex -7.841676e+01 -6.136354e+01  2.000000e+00
      vertex -7.882085e+01 -6.125526e+01  0.000000e+00
      vertex -7.882085e+01 -6.125526e+01  2.000000e+00
    endloop
  endfacet
  facet normal  4.226164e-01  9.063086e-01  0.000000e+00
    outer loop
      vertex -7.882085e+01 -6.125526e+01  2.000000e+00
      vertex -7.882085e+01 -6.125526e+01  0.000000e+00
      vertex -7.920000e+01 -6.107846e+01  0.000000e+00
    endloop
  endfacet
  facet normal  4.226164e-01  9.063086e-01  -0.000000e+00
    outer loop
      vertex -7.882085e+01 -6.125526e+01  2.000000e+00
      vertex -7.920000e+01 -6.107846e+01  0.000000e+00
      vertex -7.920000e+01 -6.107846e+01  2.000000e+00
    endloop
  endfacet
  facet normal  5.735798e-01  8.191496e-01  0.000000e+00
    outer loop
      vertex -7.920000e+01 -6.107846e+01  2.000000e+00
      vertex -7.920000e+01 -6.107846e+01  0.000000e+00
      vertex -7.954269e+01 -6.083850e+01  0.000000e+00
    endloop
  endfacet
  facet normal  5.735798e-01  8.191496e-01  -0.000000e+00
    outer loop
      vertex -7.920000e+01 -6.107846e+01  2.000000e+00
      vertex -7.954269e+01 -6.083850e+01  0.000000e+00
      vertex -7.954269e+01 -6.083850e+01  2.000000e+00
    endloop
  endfacet
  facet normal  7.070976e-01  7.071159e-01  0.000000e+00
    outer loop
      vertex -7.954269e+01 -6.083850e+01  2.000000e+00
      vertex -7.954269e+01 -6.083850e+01  0.000000e+00
      vertex -7.983851e+01 -6.054269e+01  0.000000e+00
    endloop
  endfacet
  facet normal  7.070976e-01  7.071159e-01  -0.000000e+00
    outer loop
      vertex -7.954269e+01 -6.083850e+01  2.000000e+00
      vertex -7.983851e+01 -6.054269e+01  0.000000e+00
      vertex -7.983851e+01 -6.054269e+01  2.000000e+00
    endloop
  endfacet
  facet normal  8.191540e-01  5.735737e-01  0.000000e+00
    outer loop
      vertex -7.983851e+01 -6.054269e+01  2.000000e+00
      vertex -7.983851e+01 -6.054269e+01  0.000000e+00
      vertex -8.007846e+01 -6.020000e+01  0.000000e+00
    endloop
  endfacet
  facet normal  8.191540e-01  5.735737e-01  -0.000000e+00
    outer loop
      vertex -7.983851e+01 -6.054269e+01  2.000000e+00
      vertex -8.007846e+01 -6.020000e+01  0.000000e+00
      vertex -8.007846e+01 -6.020000e+01  2.000000e+00
    endloop
  endfacet
  facet normal  9.063069e-01  4.226204e-01  0.000000e+00
    outer loop
      vertex -8.007846e+01 -6.020000e+01  2.000000e+00
      vertex -8.007846e+01 -6.020000e+01  0.000000e+00
      vertex -8.025526e+01 -5.982085e+01  0.000000e+00
    endloop
  endfacet
  facet normal  9.063069e-01  4.226204e-01  -0.000000e+00
    outer loop
      vertex -8.007846e+01 -6.020000e+01  2.000000e+00
      vertex -8.025526e+01 -5.982085e+01  0.000000e+00
      vertex -8.025526e+01 -5.982085e+01  2.000000e+00
    endloop
  endfacet
  facet normal  9.659255e-01  2.588203e-01  0.000000e+00
    outer loop
      vertex -8.025526e+01 -5.982085e+01  2.000000e+00
      vertex -8.025526e+01 -5.982085e+01  0.000000e+00
      vertex -8.036354e+01 -5.941676e+01  0.000000e+00
    endloop
  endfacet
  facet normal  9.659255e-01  2.588203e-01  -0.000000e+00
    outer loop
      vertex -8.025526e+01 -5.982085e+01  2.000000e+00
      vertex -8.036354e+01 -5.941676e+01  0.000000e+00
      vertex -8.036354e+01 -5.941676e+01  2.000000e+00
    endloop
  endfacet
  facet normal  9.961948e-01  8.715452e-02  0.000000e+00
    outer loop
      vertex -8.036354e+01 -5.941676e+01  2.000000e+00
      vertex -8.036354e+01 -5.941676e+01  0.000000e+00
      vertex -8.040000e+01 -5.900000e+01  0.000000e+00
    endloop
  endfacet
  facet normal  9.961948e-01  8.715452e-02  -0.000000e+00
    outer loop
      vertex -8.036354e+01 -5.941676e+01  2.000000e+00
      vertex -8.040000e+01 -5.900000e+01  0.000000e+00
      vertex -8.040000e+01 -5.900000e+01  2.000000e+00
    endloop
  endfacet
  facet normal  8.716356e-02 -9.961941e-01  0.000000e+00
    outer loop
      vertex -7.800000e+01 -5.660000e+01  0.000000e+00
      vertex -7.841676e+01 -5.663646e+01  2.000000e+00
      vertex -7.841676e+01 -5.663646e+01  0.000000e+00
    endloop
  endfacet
  facet normal  2.588203e-01 -9.659255e-01  0.000000e+00
    outer loop
      vertex -7.841676e+01 -5.663646e+01  0.000000e+00
      vertex -7.841676e+01 -5.663646e+01  2.000000e+00
      vertex -7.882085e+01 -5.674474e+01  2.000000e+00
    endloop
  endfacet
  facet normal  2.588203e-01 -9.659255e-01  0.000000e+00
    outer loop
      vertex -7.841676e+01 -5.663646e+01  0.000000e+00
      vertex -7.882085e+01 -5.674474e+01  2.000000e+00
      vertex -7.882085e+01 -5.674474e+01  0.000000e+00
    endloop
  endfacet
  facet normal  4.226164e-01 -9.063086e-01  0.000000e+00
    outer loop
      vertex -7.882085e+01 -5.674474e+01  0.000000e+00
      vertex -7.882085e+01 -5.674474e+01  2.000000e+00
      vertex -7.920000e+01 -5.692154e+01  2.000000e+00
    endloop
  endfacet
  facet normal  4.226164e-01 -9.063086e-01  0.000000e+00
    outer loop
      vertex -7.882085e+01 -5.674474e+01  0.000000e+00
      vertex -7.920000e+01 -5.692154e+01  2.000000e+00
      vertex -7.920000e+01 -5.692154e+01  0.000000e+00
    endloop
  endfacet
  facet normal  5.735798e-01 -8.191496e-01  0.000000e+00
    outer loop
      vertex -7.920000e+01 -5.692154e+01  0.000000e+00
      vertex -7.920000e+01 -5.692154e+01  2.000000e+00
      vertex -7.954269e+01 -5.716150e+01  2.000000e+00
    endloop
  endfacet
  facet normal  5.735798e-01 -8.191496e-01  0.000000e+00
    outer loop
      vertex -7.920000e+01 -5.692154e+01  0.000000e+00
      vertex -7.954269e+01 -5.716150e+01  2.000000e+00
      vertex -7.954269e+01 -5.716150e+01  0.000000e+00
    endloop
  endfacet
  facet normal  7.070976e-01 -7.071159e-01  0.000000e+00
    outer loop
      vertex -7.954269e+01 -5.716150e+01  0.000000e+00
      vertex -7.954269e+01 -5.716150e+01  2.000000e+00
      vertex -7.983851e+01 -5.745731e+01  2.000000e+00
    endloop
  endfacet
  facet normal  7.070976e-01 -7.071159e-01  0.000000e+00
    outer loop
      vertex -7.954269e+01 -5.716150e+01  0.000000e+00
      vertex -7.983851e+01 -5.745731e+01  2.000000e+00
      vertex -7.983851e+01 -5.745731e+01  0.000000e+00
    endloop
  endfacet
  facet normal  8.191540e-01 -5.735737e-01  0.000000e+00
    outer loop
      vertex -7.983851e+01 -5.745731e+01  0.000000e+00
      vertex -7.983851e+01 -5.745731e+01  2.000000e+00
      vertex -8.007846e+01 -5.780000e+01  2.000000e+00
    endloop
  endfacet
  facet normal  8.191540e-01 -5.735737e-01  0.000000e+00
    outer loop
      vertex -7.983851e+01 -5.745731e+01  0.000000e+00
      vertex -8.007846e+01 -5.780000e+01  2.000000e+00
      vertex -8.007846e+01 -5.780000e+01  0.000000e+00
    endloop
  endfacet
  facet normal  9.063069e-01 -4.226204e-01  0.000000e+00
    outer loop
      vertex -8.007846e+01 -5.780000e+01  0.000000e+00
      vertex -8.007846e+01 -5.780000e+01  2.000000e+00
      vertex -8.025526e+01 -5.817915e+01  2.000000e+00
    endloop
  endfacet
  facet normal  9.063069e-01 -4.226204e-01  0.000000e+00
    outer loop
      vertex -8.007846e+01 -5.780000e+01  0.000000e+00
      vertex -8.025526e+01 -5.817915e+01  2.000000e+00
      vertex -8.025526e+01 -5.817915e+01  0.000000e+00
    endloop
  endfacet
  facet normal  9.659255e-01 -2.588203e-01  0.000000e+00
    outer loop
      vertex -8.025526e+01 -5.817915e+01  0.000000e+00
      vertex -8.025526e+01 -5.817915e+01  2.000000e+00
      vertex -8.036354e+01 -5.858324e+01  2.000000e+00
    endloop
  endfacet
  facet normal  9.659255e-01 -2.588203e-01  0.000000e+00
    outer loop
      vertex -8.025526e+01 -5.817915e+01  0.000000e+00
      vertex -8.036354e+01 -5.858324e+01  2.000000e+00
      vertex -8.036354e+01 -5.858324e+01  0.000000e+00
    endloop
  endfacet
  facet normal  9.961948e-01 -8.715452e-02  0.000000e+00
    outer loop
      vertex -8.036354e+01 -5.858324e+01  0.000000e+00
      vertex -8.036354e+01 -5.858324e+01  2.000000e+00
      vertex -8.040000e+01 -5.900000e+01  2.000000e+00
    endloop
  endfacet
  facet normal  9.961948e-01 -8.715452e-02  0.000000e+00
    outer loop
      vertex -8.036354e+01 -5.858324e+01  0.000000e+00
      vertex -8.040000e+01 -5.900000e+01  2.000000e+00
      vertex -8.040000e+01 -5.900000e+01  0.000000e+00
    endloop
  endfacet
  facet normal  8.716356e-02 -9.961941e-01  0.000000e+00
    outer loop
      vertex -7.841676e+01 -5.663646e+01  2.000000e+00
      vertex -7.800000e+01 -5.660000e+01  0.000000e+00
      vertex -7.800000e+01 -5.660000e+01  2.000000e+00
    endloop
  endfacet
  facet normal -8.716356e-02 -9.961941e-01  -0.000000e+00
    outer loop
      vertex -7.800000e+01 -5.660000e+01  2.000000e+00
      vertex -7.800000e+01 -5.660000e+01  0.000000e+00
      vertex -7.758324e+01 -5.663646e+01  0.000000e+00
    endloop
  endfacet
  facet normal -8.716356e-02 -9.961941e-01  0.000000e+00
    outer loop
      vertex -7.800000e+01 -5.660000e+01  2.000000e+00
      vertex -7.758324e+01 -5.663646e+01  0.000000e+00
      vertex -7.758324e+01 -5.663646e+01  2.000000e+00
    endloop
  endfacet
  facet normal -2.588203e-01 -9.659255e-01  -0.000000e+00
    outer loop
      vertex -7.758324e+01 -5.663646e+01  2.000000e+00
      vertex -7.758324e+01 -5.663646e+01  0.000000e+00
      vertex -7.717915e+01 -5.674474e+01  0.000000e+00
    endloop
  endfacet
  facet normal -2.588203e-01 -9.659255e-01  0.000000e+00
    outer loop
      vertex -7.758324e+01 -5.663646e+01  2.000000e+00
      vertex -7.717915e+01 -5.674474e+01  0.000000e+00
      vertex -7.717915e+01 -5.674474e+01  2.000000e+00
    endloop
  endfacet
  facet normal -4.226164e-01 -9.063086e-01  -0.000000e+00
    outer loop
      vertex -7.717915e+01 -5.674474e+01  2.000000e+00
      vertex -7.717915e+01 -5.674474e+01  0.000000e+00
      vertex -7.680000e+01 -5.692154e+01  0.000000e+00
    endloop
  endfacet
  facet normal -4.226164e-01 -9.063086e-01  0.000000e+00
    outer loop
      vertex -7.717915e+01 -5.674474e+01  2.000000e+00
      vertex -7.680000e+01 -5.692154e+01  0.000000e+00
      vertex -7.680000e+01 -5.692154e+01  2.000000e+00
    endloop
  endfacet
  facet normal -5.735798e-01 -8.191496e-01  -0.000000e+00
    outer loop
      vertex -7.680000e+01 -5.692154e+01  2.000000e+00
      vertex -7.680000e+01 -5.692154e+01  0.000000e+00
      vertex -7.645731e+01 -5.716150e+01  0.000000e+00
    endloop
  endfacet
  facet normal -5.735798e-01 -8.191496e-01  0.000000e+00
    outer loop
      vertex -7.680000e+01 -5.692154e+01  2.000000e+00
      vertex -7.645731e+01 -5.716150e+01  0.000000e+00
      vertex -7.645731e+01 -5.716150e+01  2.000000e+00
    endloop
  endfacet
  facet normal -7.070976e-01 -7.071159e-01  -0.000000e+00
    outer loop
      vertex -7.645731e+01 -5.716150e+01  2.000000e+00
      vertex -7.645731e+01 -5.716150e+01  0.000000e+00
      vertex -7.616149e+01 -5.745731e+01  0.000000e+00
    endloop
  endfacet
  facet normal -7.070976e-01 -7.071159e-01  0.000000e+00
    outer loop
      vertex -7.645731e+01 -5.716150e+01  2.000000e+00
      vertex -7.616149e+01 -5.745731e+01  0.000000e+00
      vertex -7.616149e+01 -5.745731e+01  2.000000e+00
    endloop
  endfacet
  facet normal -8.191540e-01 -5.735737e-01  -0.000000e+00
    outer loop
      vertex -7.616149e+01 -5.745731e+01  2.000000e+00
      vertex -7.616149e+01 -5.745731e+01  0.000000e+00
      vertex -7.592154e+01 -5.780000e+01  0.000000e+00
    endloop
  endfacet
  facet normal -8.191540e-01 -5.735737e-01  0.000000e+00
    outer loop
      vertex -7.616149e+01 -5.745731e+01  2.000000e+00
      vertex -7.592154e+01 -5.780000e+01  0.000000e+00
      vertex -7.592154e+01 -5.780000e+01  2.000000e+00
    endloop
  endfacet
  facet normal -9.063069e-01 -4.226204e-01  -0.000000e+00
    outer loop
      vertex -7.592154e+01 -5.780000e+01  2.000000e+00
      vertex -7.592154e+01 -5.780000e+01  0.000000e+00
      vertex -7.574474e+01 -5.817915e+01  0.000000e+00
    endloop
  endfacet
  facet normal -9.063069e-01 -4.226204e-01  0.000000e+00
    outer loop
      vertex -7.592154e+01 -5.780000e+01  2.000000e+00
      vertex -7.574474e+01 -5.817915e+01  0.000000e+00
      vertex -7.574474e+01 -5.817915e+01  2.000000e+00
    endloop
  endfacet
  facet normal -9.659255e-01 -2.588203e-01  -0.000000e+00
    outer loop
      vertex -7.574474e+01 -5.817915e+01  2.000000e+00
      vertex -7.574474e+01 -5.817915e+01  0.000000e+00
      vertex -7.563646e+01 -5.858324e+01  0.000000e+00
    endloop
  endfacet
  facet normal -9.659255e-01 -2.588203e-01  0.000000e+00
    outer loop
      vertex -7.574474e+01 -5.817915e+01  2.000000e+00
      vertex -7.563646e+01 -5.858324e+01  0.000000e+00
      vertex -7.563646e+01 -5.858324e+01  2.000000e+00
    endloop
  endfacet
  facet normal -9.961948e-01 -8.715452e-02  -0.000000e+00
    outer loop
      vertex -7.563646e+01 -5.858324e+01  2.000000e+00
      vertex -7.563646e+01 -5.858324e+01  0.000000e+00
      vertex -7.560000e+01 -5.900000e+01  0.000000e+00
    endloop
  endfacet
  facet normal -9.961948e-01 -8.715452e-02  0.000000e+00
    outer loop
      vertex -7.563646e+01 -5.858324e+01  2.000000e+00
      vertex -7.560000e+01 -5.900000e+01  0.000000e+00
      vertex -7.560000e+01 -5.900000e+01  2.000000e+00
    endloop
  endfacet
  facet normal -6.539825e-02 -9.978592e-01  -0.000000e+00
    outer loop
      vertex -8.000000e+01 -6.500000e+01  0.000000e+00
      vertex -8.000000e+01 -6.500000e+01  2.000000e+00
      vertex -8.052210e+01 -6.496578e+01  0.000000e+00
    endloop
  endfacet
  facet normal -6.539825e-02 -9.978592e-01  0.000000e+00
    outer loop
      vertex -8.052210e+01 -6.496578e+01  0.000000e+00
      vertex -8.000000e+01 -6.500000e+01  2.000000e+00
      vertex -8.052210e+01 -6.496578e+01  2.000000e+00
    endloop
  endfacet
  facet normal -1.950981e-01 -9.807838e-01  -0.000000e+00
    outer loop
      vertex -8.052210e+01 -6.496578e+01  0.000000e+00
      vertex -8.052210e+01 -6.496578e+01  2.000000e+00
      vertex -8.103528e+01 -6.486370e+01  0.000000e+00
    endloop
  endfacet
  facet normal -1.950981e-01 -9.807838e-01  0.000000e+00
    outer loop
      vertex -8.103528e+01 -6.486370e+01  0.000000e+00
      vertex -8.052210e+01 -6.496578e+01  2.000000e+00
      vertex -8.103528e+01 -6.486370e+01  2.000000e+00
    endloop
  endfacet
  facet normal -3.214374e-01 -9.469308e-01  -0.000000e+00
    outer loop
      vertex -8.103528e+01 -6.486370e+01  0.000000e+00
      vertex -8.103528e+01 -6.486370e+01  2.000000e+00
      vertex -8.153073e+01 -6.469552e+01  0.000000e+00
    endloop
  endfacet
  facet normal -3.214374e-01 -9.469308e-01  0.000000e+00
    outer loop
      vertex -8.153073e+01 -6.469552e+01  0.000000e+00
      vertex -8.103528e+01 -6.486370e+01  2.000000e+00
      vertex -8.153073e+01 -6.469552e+01  2.000000e+00
    endloop
  endfacet
  facet normal -4.422841e-01 -8.968750e-01  -0.000000e+00
    outer loop
      vertex -8.153073e+01 -6.469552e+01  0.000000e+00
      vertex -8.153073e+01 -6.469552e+01  2.000000e+00
      vertex -8.200000e+01 -6.446410e+01  0.000000e+00
    endloop
  endfacet
  facet normal -4.422841e-01 -8.968750e-01  0.000000e+00
    outer loop
      vertex -8.200000e+01 -6.446410e+01  0.000000e+00
      vertex -8.153073e+01 -6.469552e+01  2.000000e+00
      vertex -8.200000e+01 -6.446410e+01  2.000000e+00
    endloop
  endfacet
  facet normal -5.555714e-01 -8.314688e-01  -0.000000e+00
    outer loop
      vertex -8.200000e+01 -6.446410e+01  0.000000e+00
      vertex -8.200000e+01 -6.446410e+01  2.000000e+00
      vertex -8.243504e+01 -6.417342e+01  0.000000e+00
    endloop
  endfacet
  facet normal -5.555714e-01 -8.314688e-01  0.000000e+00
    outer loop
      vertex -8.243504e+01 -6.417342e+01  0.000000e+00
      vertex -8.200000e+01 -6.446410e+01  2.000000e+00
      vertex -8.243504e+01 -6.417342e+01  2.000000e+00
    endloop
  endfacet
  facet normal -6.593445e-01 -7.518410e-01  -0.000000e+00
    outer loop
      vertex -8.243504e+01 -6.417342e+01  0.000000e+00
      vertex -8.243504e+01 -6.417342e+01  2.000000e+00
      vertex -8.282843e+01 -6.382843e+01  0.000000e+00
    endloop
  endfacet
  facet normal -6.593445e-01 -7.518410e-01  0.000000e+00
    outer loop
      vertex -8.282843e+01 -6.382843e+01  0.000000e+00
      vertex -8.243504e+01 -6.417342e+01  2.000000e+00
      vertex -8.282843e+01 -6.382843e+01  2.000000e+00
    endloop
  endfacet
  facet normal -7.518382e-01 -6.593476e-01  -0.000000e+00
    outer loop
      vertex -8.282843e+01 -6.382843e+01  0.000000e+00
      vertex -8.282843e+01 -6.382843e+01  2.000000e+00
      vertex -8.317342e+01 -6.343505e+01  0.000000e+00
    endloop
  endfacet
  facet normal -7.518382e-01 -6.593476e-01  0.000000e+00
    outer loop
      vertex -8.317342e+01 -6.343505e+01  0.000000e+00
      vertex -8.282843e+01 -6.382843e+01  2.000000e+00
      vertex -8.317342e+01 -6.343505e+01  2.000000e+00
    endloop
  endfacet
  facet normal -8.314710e-01 -5.555680e-01  -0.000000e+00
    outer loop
      vertex -8.317342e+01 -6.343505e+01  0.000000e+00
      vertex -8.317342e+01 -6.343505e+01  2.000000e+00
      vertex -8.346410e+01 -6.300000e+01  0.000000e+00
    endloop
  endfacet
  facet normal -8.314710e-01 -5.555680e-01  0.000000e+00
    outer loop
      vertex -8.346410e+01 -6.300000e+01  0.000000e+00
      vertex -8.317342e+01 -6.343505e+01  2.000000e+00
      vertex -8.346410e+01 -6.300000e+01  2.000000e+00
    endloop
  endfacet
  facet normal -8.968736e-01 -4.422870e-01  -0.000000e+00
    outer loop
      vertex -8.346410e+01 -6.300000e+01  0.000000e+00
      vertex -8.346410e+01 -6.300000e+01  2.000000e+00
      vertex -8.369552e+01 -6.253074e+01  0.000000e+00
    endloop
  endfacet
  facet normal -8.968736e-01 -4.422870e-01  0.000000e+00
    outer loop
      vertex -8.369552e+01 -6.253074e+01  0.000000e+00
      vertex -8.346410e+01 -6.300000e+01  2.000000e+00
      vertex -8.369552e+01 -6.253074e+01  2.000000e+00
    endloop
  endfacet
  facet normal -9.469324e-01 -3.214329e-01  -0.000000e+00
    outer loop
      vertex -8.369552e+01 -6.253074e+01  0.000000e+00
      vertex -8.369552e+01 -6.253074e+01  2.000000e+00
      vertex -8.386370e+01 -6.203527e+01  0.000000e+00
    endloop
  endfacet
  facet normal -9.469324e-01 -3.214329e-01  0.000000e+00
    outer loop
      vertex -8.386370e+01 -6.203527e+01  0.000000e+00
      vertex -8.369552e+01 -6.253074e+01  2.000000e+00
      vertex -8.386370e+01 -6.203527e+01  2.000000e+00
    endloop
  endfacet
  facet normal -9.807831e-01 -1.951009e-01  -0.000000e+00
    outer loop
      vertex -8.386370e+01 -6.203527e+01  0.000000e+00
      vertex -8.386370e+01 -6.203527e+01  2.000000e+00
      vertex -8.396578e+01 -6.152211e+01  0.000000e+00
    endloop
  endfacet
  facet normal -9.807831e-01 -1.951009e-01  0.000000e+00
    outer loop
      vertex -8.396578e+01 -6.152211e+01  0.000000e+00
      vertex -8.386370e+01 -6.203527e+01  2.000000e+00
      vertex -8.396578e+01 -6.152211e+01  2.000000e+00
    endloop
  endfacet
  facet normal -9.978592e-01 -6.539778e-02  -0.000000e+00
    outer loop
      vertex -8.396578e+01 -6.152211e+01  0.000000e+00
      vertex -8.396578e+01 -6.152211e+01  2.000000e+00
      vertex -8.400000e+01 -6.100000e+01  0.000000e+00
    endloop
  endfacet
  facet normal -9.978592e-01 -6.539778e-02  0.000000e+00
    outer loop
      vertex -8.400000e+01 -6.100000e+01  0.000000e+00
      vertex -8.396578e+01 -6.152211e+01  2.000000e+00
      vertex -8.400000e+01 -6.100000e+01  2.000000e+00
    endloop
  endfacet
  facet normal -9.999999e-01  0.000000e+00  0.000000e+00
    outer loop
      vertex -8.400000e+01  6.100000e+01  2.000000e+00
      vertex -8.400000e+01  6.100000e+01  0.000000e+00
      vertex -8.400000e+01 -6.100000e+01  2.000000e+00
    endloop
  endfacet
  facet normal -9.999999e-01  0.000000e+00  0.000000e+00
    outer loop
      vertex -8.400000e+01 -6.100000e+01  2.000000e+00
      vertex -8.400000e+01  6.100000e+01  0.000000e+00
      vertex -8.400000e+01 -6.100000e+01  0.000000e+00
    endloop
  endfacet
  facet normal -9.978592e-01  6.539778e-02  0.000000e+00
    outer loop
      vertex -8.400000e+01  6.100000e+01  0.000000e+00
      vertex -8.400000e+01  6.100000e+01  2.000000e+00
      vertex -8.396578e+01  6.152211e+01  0.000000e+00
    endloop
  endfacet
  facet normal -9.978592e-01  6.539778e-02  0.000000e+00
    outer loop
      vertex -8.396578e+01  6.152211e+01  0.000000e+00
      vertex -8.400000e+01  6.100000e+01  2.000000e+00
      vertex -8.396578e+01  6.152211e+01  2.000000e+00
    endloop
  endfacet
  facet normal -9.807831e-01  1.951009e-01  0.000000e+00
    outer loop
      vertex -8.396578e+01  6.152211e+01  0.000000e+00
      vertex -8.396578e+01  6.152211e+01  2.000000e+00
      vertex -8.386370e+01  6.203527e+01  0.000000e+00
    endloop
  endfacet
  facet normal -9.807831e-01  1.951009e-01  0.000000e+00
    outer loop
      vertex -8.386370e+01  6.203527e+01  0.000000e+00
      vertex -8.396578e+01  6.152211e+01  2.000000e+00
      vertex -8.386370e+01  6.203527e+01  2.000000e+00
    endloop
  endfacet
  facet normal -9.469324e-01  3.214329e-01  0.000000e+00
    outer loop
      vertex -8.386370e+01  6.203527e+01  0.000000e+00
      vertex -8.386370e+01  6.203527e+01  2.000000e+00
      vertex -8.369552e+01  6.253074e+01  0.000000e+00
    endloop
  endfacet
  facet normal -9.469324e-01  3.214329e-01  0.000000e+00
    outer loop
      vertex -8.369552e+01  6.253074e+01  0.000000e+00
      vertex -8.386370e+01  6.203527e+01  2.000000e+00
      vertex -8.369552e+01  6.253074e+01  2.000000e+00
    endloop
  endfacet
  facet normal -8.968736e-01  4.422870e-01  0.000000e+00
    outer loop
      vertex -8.369552e+01  6.253074e+01  0.000000e+00
      vertex -8.369552e+01  6.253074e+01  2.000000e+00
      vertex -8.346410e+01  6.300000e+01  0.000000e+00
    endloop
  endfacet
  facet normal -8.968736e-01  4.422870e-01  0.000000e+00
    outer loop
      vertex -8.346410e+01  6.300000e+01  0.000000e+00
      vertex -8.369552e+01  6.253074e+01  2.000000e+00
      vertex -8.346410e+01  6.300000e+01  2.000000e+00
    endloop
  endfacet
  facet normal -8.314710e-01  5.555680e-01  0.000000e+00
    outer loop
      vertex -8.346410e+01  6.300000e+01  0.000000e+00
      vertex -8.346410e+01  6.300000e+01  2.000000e+00
      vertex -8.317342e+01  6.343505e+01  0.000000e+00
    endloop
  endfacet
  facet normal -8.314710e-01  5.555680e-01  0.000000e+00
    outer loop
      vertex -8.317342e+01  6.343505e+01  0.000000e+00
      vertex -8.346410e+01  6.300000e+01  2.000000e+00
      vertex -8.317342e+01  6.343505e+01  2.000000e+00
    endloop
  endfacet
  facet normal -7.518382e-01  6.593476e-01  0.000000e+00
    outer loop
      vertex -8.317342e+01  6.343505e+01  0.000000e+00
      vertex -8.317342e+01  6.343505e+01  2.000000e+00
      vertex -8.282843e+01  6.382843e+01  0.000000e+00
    endloop
  endfacet
  facet normal -7.518382e-01  6.593476e-01  0.000000e+00
    outer loop
      vertex -8.282843e+01  6.382843e+01  0.000000e+00
      vertex -8.317342e+01  6.343505e+01  2.000000e+00
      vertex -8.282843e+01  6.382843e+01  2.000000e+00
    endloop
  endfacet
  facet normal -6.593445e-01  7.518410e-01  0.000000e+00
    outer loop
      vertex -8.282843e+01  6.382843e+01  0.000000e+00
      vertex -8.282843e+01  6.382843e+01  2.000000e+00
      vertex -8.243504e+01  6.417342e+01  0.000000e+00
    endloop
  endfacet
  facet normal -6.593445e-01  7.518410e-01  0.000000e+00
    outer loop
      vertex -8.243504e+01  6.417342e+01  0.000000e+00
      vertex -8.282843e+01  6.382843e+01  2.000000e+00
      vertex -8.243504e+01  6.417342e+01  2.000000e+00
    endloop
  endfacet
  facet normal -5.555714e-01  8.314688e-01  0.000000e+00
    outer loop
      vertex -8.243504e+01  6.417342e+01  0.000000e+00
      vertex -8.243504e+01  6.417342e+01  2.000000e+00
      vertex -8.200000e+01  6.446410e+01  0.000000e+00
    endloop
  endfacet
  facet normal -5.555714e-01  8.314688e-01  0.000000e+00
    outer loop
      vertex -8.200000e+01  6.446410e+01  0.000000e+00
      vertex -8.243504e+01  6.417342e+01  2.000000e+00
      vertex -8.200000e+01  6.446410e+01  2.000000e+00
    endloop
  endfacet
  facet normal -4.422841e-01  8.968750e-01  0.000000e+00
    outer loop
      vertex -8.200000e+01  6.446410e+01  0.000000e+00
      vertex -8.200000e+01  6.446410e+01  2.000000e+00
      vertex -8.153073e+01  6.469552e+01  0.000000e+00
    endloop
  endfacet
  facet normal -4.422841e-01  8.968750e-01  0.000000e+00
    outer loop
      vertex -8.153073e+01  6.469552e+01  0.000000e+00
      vertex -8.200000e+01  6.446410e+01  2.000000e+00
      vertex -8.153073e+01  6.469552e+01  2.000000e+00
    endloop
  endfacet
  facet normal -3.214374e-01  9.469308e-01  0.000000e+00
    outer loop
      vertex -8.153073e+01  6.469552e+01  0.000000e+00
      vertex -8.153073e+01  6.469552e+01  2.000000e+00
      vertex -8.103528e+01  6.486370e+01  0.000000e+00
    endloop
  endfacet
  facet normal -3.214374e-01  9.469308e-01  0.000000e+00
    outer loop
      vertex -8.103528e+01  6.486370e+01  0.000000e+00
      vertex -8.153073e+01  6.469552e+01  2.000000e+00
      vertex -8.103528e+01  6.486370e+01  2.000000e+00
    endloop
  endfacet
  facet normal -1.950981e-01  9.807838e-01  0.000000e+00
    outer loop
      vertex -8.103528e+01  6.486370e+01  0.000000e+00
      vertex -8.103528e+01  6.486370e+01  2.000000e+00
      vertex -8.052210e+01  6.496578e+01  0.000000e+00
    endloop
  endfacet
  facet normal -1.950981e-01  9.807838e-01  0.000000e+00
    outer loop
      vertex -8.052210e+01  6.496578e+01  0.000000e+00
      vertex -8.103528e+01  6.486370e+01  2.000000e+00
      vertex -8.052210e+01  6.496578e+01  2.000000e+00
    endloop
  endfacet
  facet normal -6.539825e-02  9.978592e-01  0.000000e+00
    outer loop
      vertex -8.052210e+01  6.496578e+01  0.000000e+00
      vertex -8.052210e+01  6.496578e+01  2.000000e+00
      vertex -8.000000e+01  6.500000e+01  0.000000e+00
    endloop
  endfacet
  facet normal -6.539825e-02  9.978592e-01  0.000000e+00
    outer loop
      vertex -8.000000e+01  6.500000e+01  0.000000e+00
      vertex -8.052210e+01  6.496578e+01  2.000000e+00
      vertex -8.000000e+01  6.500000e+01  2.000000e+00
    endloop
  endfacet
  facet normal  0.000000e+00  1.000000e+00  -0.000000e+00
    outer loop
      vertex  8.000000e+01  6.500000e+01  2.000000e+00
      vertex  8.000000e+01  6.500000e+01  0.000000e+00
      vertex -8.000000e+01  6.500000e+01  2.000000e+00
    endloop
  endfacet
  facet normal  0.000000e+00  1.000000e+00  0.000000e+00
    outer loop
      vertex -8.000000e+01  6.500000e+01  2.000000e+00
      vertex  8.000000e+01  6.500000e+01  0.000000e+00
      vertex -8.000000e+01  6.500000e+01  0.000000e+00
    endloop
  endfacet
  facet normal  6.539825e-02  9.978592e-01  0.000000e+00
    outer loop
      vertex  8.000000e+01  6.500000e+01  0.000000e+00
      vertex  8.000000e+01  6.500000e+01  2.000000e+00
      vertex  8.052210e+01  6.496578e+01  0.000000e+00
    endloop
  endfacet
  facet normal  6.539825e-02  9.978592e-01  -0.000000e+00
    outer loop
      vertex  8.052210e+01  6.496578e+01  0.000000e+00
      vertex  8.000000e+01  6.500000e+01  2.000000e+00
      vertex  8.052210e+01  6.496578e+01  2.000000e+00
    endloop
  endfacet
  facet normal  1.950981e-01  9.807838e-01  0.000000e+00
    outer loop
      vertex  8.052210e+01  6.496578e+01  0.000000e+00
      vertex  8.052210e+01  6.496578e+01  2.000000e+00
      vertex  8.103528e+01  6.486370e+01  0.000000e+00
    endloop
  endfacet
  facet normal  1.950981e-01  9.807838e-01  -0.000000e+00
    outer loop
      vertex  8.103528e+01  6.486370e+01  0.000000e+00
      vertex  8.052210e+01  6.496578e+01  2.000000e+00
      vertex  8.103528e+01  6.486370e+01  2.000000e+00
    endloop
  endfacet
  facet normal  3.214374e-01  9.469308e-01  0.000000e+00
    outer loop
      vertex  8.103528e+01  6.486370e+01  0.000000e+00
      vertex  8.103528e+01  6.486370e+01  2.000000e+00
      vertex  8.153073e+01  6.469552e+01  0.000000e+00
    endloop
  endfacet
  facet normal  3.214374e-01  9.469308e-01  -0.000000e+00
    outer loop
      vertex  8.153073e+01  6.469552e+01  0.000000e+00
      vertex  8.103528e+01  6.486370e+01  2.000000e+00
      vertex  8.153073e+01  6.469552e+01  2.000000e+00
    endloop
  endfacet
  facet normal  4.422841e-01  8.968750e-01  0.000000e+00
    outer loop
      vertex  8.153073e+01  6.469552e+01  0.000000e+00
      vertex  8.153073e+01  6.469552e+01  2.000000e+00
      vertex  8.200000e+01  6.446410e+01  0.000000e+00
    endloop
  endfacet
  facet normal  4.422841e-01  8.968750e-01  -0.000000e+00
    outer loop
      vertex  8.200000e+01  6.446410e+01  0.000000e+00
      vertex  8.153073e+01  6.469552e+01  2.000000e+00
      vertex  8.200000e+01  6.446410e+01  2.000000e+00
    endloop
  endfacet
  facet normal  5.555714e-01  8.314688e-01  0.000000e+00
    outer loop
      vertex  8.200000e+01  6.446410e+01  0.000000e+00
      vertex  8.200000e+01  6.446410e+01  2.000000e+00
      vertex  8.243504e+01  6.417342e+01  0.000000e+00
    endloop
  endfacet
  facet normal  5.555714e-01  8.314688e-01  -0.000000e+00
    outer loop
      vertex  8.243504e+01  6.417342e+01  0.000000e+00
      vertex  8.200000e+01  6.446410e+01  2.000000e+00
      vertex  8.243504e+01  6.417342e+01  2.000000e+00
    endloop
  endfacet
  facet normal  6.593445e-01  7.518410e-01  0.000000e+00
    outer loop
      vertex  8.243504e+01  6.417342e+01  0.000000e+00
      vertex  8.243504e+01  6.417342e+01  2.000000e+00
      vertex  8.282843e+01  6.382843e+01  0.000000e+00
    endloop
  endfacet
  facet normal  6.593445e-01  7.518410e-01  -0.000000e+00
    outer loop
      vertex  8.282843e+01  6.382843e+01  0.000000e+00
      vertex  8.243504e+01  6.417342e+01  2.000000e+00
      vertex  8.282843e+01  6.382843e+01  2.000000e+00
    endloop
  endfacet
  facet normal  7.518382e-01  6.593476e-01  0.000000e+00
    outer loop
      vertex  8.282843e+01  6.382843e+01  0.000000e+00
      vertex  8.282843e+01  6.382843e+01  2.000000e+00
      vertex  8.317342e+01  6.343505e+01  0.000000e+00
    endloop
  endfacet
  facet normal  7.518382e-01  6.593476e-01  -0.000000e+00
    outer loop
      vertex  8.317342e+01  6.343505e+01  0.000000e+00
      vertex  8.282843e+01  6.382843e+01  2.000000e+00
      vertex  8.317342e+01  6.343505e+01  2.000000e+00
    endloop
  endfacet
  facet normal  8.314710e-01  5.555680e-01  0.000000e+00
    outer loop
      vertex  8.317342e+01  6.343505e+01  0.000000e+00
      vertex  8.317342e+01  6.343505e+01  2.000000e+00
      vertex  8.346410e+01  6.300000e+01  0.000000e+00
    endloop
  endfacet
  facet normal  8.314710e-01  5.555680e-01  -0.000000e+00
    outer loop
      vertex  8.346410e+01  6.300000e+01  0.000000e+00
      vertex  8.317342e+01  6.343505e+01  2.000000e+00
      vertex  8.346410e+01  6.300000e+01  2.000000e+00
    endloop
  endfacet
  facet normal  8.968736e-01  4.422870e-01  0.000000e+00
    outer loop
      vertex  8.346410e+01  6.300000e+01  0.000000e+00
      vertex  8.346410e+01  6.300000e+01  2.000000e+00
      vertex  8.369552e+01  6.253074e+01  0.000000e+00
    endloop
  endfacet
  facet normal  8.968736e-01  4.422870e-01  -0.000000e+00
    outer loop
      vertex  8.369552e+01  6.253074e+01  0.000000e+00
      vertex  8.346410e+01  6.300000e+01  2.000000e+00
      vertex  8.369552e+01  6.253074e+01  2.000000e+00
    endloop
  endfacet
  facet normal  9.469324e-01  3.214329e-01  0.000000e+00
    outer loop
      vertex  8.369552e+01  6.253074e+01  0.000000e+00
      vertex  8.369552e+01  6.253074e+01  2.000000e+00
      vertex  8.386370e+01  6.203527e+01  0.000000e+00
    endloop
  endfacet
  facet normal  9.469324e-01  3.214329e-01  -0.000000e+00
    outer loop
      vertex  8.386370e+01  6.203527e+01  0.000000e+00
      vertex  8.369552e+01  6.253074e+01  2.000000e+00
      vertex  8.386370e+01  6.203527e+01  2.000000e+00
    endloop
  endfacet
  facet normal  9.807831e-01  1.951009e-01  0.000000e+00
    outer loop
      vertex  8.386370e+01  6.203527e+01  0.000000e+00
      vertex  8.386370e+01  6.203527e+01  2.000000e+00
      vertex  8.396578e+01  6.152211e+01  0.000000e+00
    endloop
  endfacet
  facet normal  9.807831e-01  1.951009e-01  -0.000000e+00
    outer loop
      vertex  8.396578e+01  6.152211e+01  0.000000e+00
      vertex  8.386370e+01  6.203527e+01  2.000000e+00
      vertex  8.396578e+01  6.152211e+01  2.000000e+00
    endloop
  endfacet
  facet normal  9.978592e-01  6.539778e-02  0.000000e+00
    outer loop
      vertex  8.396578e+01  6.152211e+01  0.000000e+00
      vertex  8.396578e+01  6.152211e+01  2.000000e+00
      vertex  8.400000e+01  6.100000e+01  0.000000e+00
    endloop
  endfacet
  facet normal  9.978592e-01  6.539778e-02  -0.000000e+00
    outer loop
      vertex  8.400000e+01  6.100000e+01  0.000000e+00
      vertex  8.396578e+01  6.152211e+01  2.000000e+00
      vertex  8.400000e+01  6.100000e+01  2.000000e+00
    endloop
  endfacet
  facet normal  9.999999e-01  0.000000e+00  0.000000e+00
    outer loop
      vertex  8.400000e+01 -6.100000e+01  2.000000e+00
      vertex  8.400000e+01 -6.100000e+01  0.000000e+00
      vertex  8.400000e+01  6.100000e+01  2.000000e+00
    endloop
  endfacet
  facet normal  9.999999e-01  0.000000e+00  0.000000e+00
    outer loop
      vertex  8.400000e+01  6.100000e+01  2.000000e+00
      vertex  8.400000e+01 -6.100000e+01  0.000000e+00
      vertex  8.400000e+01  6.100000e+01  0.000000e+00
    endloop
  endfacet
  facet normal  9.978592e-01 -6.539778e-02  0.000000e+00
    outer loop
      vertex  8.400000e+01 -6.100000e+01  0.000000e+00
      vertex  8.400000e+01 -6.100000e+01  2.000000e+00
      vertex  8.396578e+01 -6.152211e+01  0.000000e+00
    endloop
  endfacet
  facet normal  9.978592e-01 -6.539778e-02  0.000000e+00
    outer loop
      vertex  8.396578e+01 -6.152211e+01  0.000000e+00
      vertex  8.400000e+01 -6.100000e+01  2.000000e+00
      vertex  8.396578e+01 -6.152211e+01  2.000000e+00
    endloop
  endfacet
  facet normal  9.807831e-01 -1.951009e-01  0.000000e+00
    outer loop
      vertex  8.396578e+01 -6.152211e+01  0.000000e+00
      vertex  8.396578e+01 -6.152211e+01  2.000000e+00
      vertex  8.386370e+01 -6.203527e+01  0.000000e+00
    endloop
  endfacet
  facet normal  9.807831e-01 -1.951009e-01  0.000000e+00
    outer loop
      vertex  8.386370e+01 -6.203527e+01  0.000000e+00
      vertex  8.396578e+01 -6.152211e+01  2.000000e+00
      vertex  8.386370e+01 -6.203527e+01  2.000000e+00
    endloop
  endfacet
  facet normal  9.469324e-01 -3.214329e-01  0.000000e+00
    outer loop
      vertex  8.386370e+01 -6.203527e+01  0.000000e+00
      vertex  8.386370e+01 -6.203527e+01  2.000000e+00
      vertex  8.369552e+01 -6.253074e+01  0.000000e+00
    endloop
  endfacet
  facet normal  9.469324e-01 -3.214329e-01  0.000000e+00
    outer loop
      vertex  8.369552e+01 -6.253074e+01  0.000000e+00
      vertex  8.386370e+01 -6.203527e+01  2.000000e+00
      vertex  8.369552e+01 -6.253074e+01  2.000000e+00
    endloop
  endfacet
  facet normal  8.968736e-01 -4.422870e-01  0.000000e+00
    outer loop
      vertex  8.369552e+01 -6.253074e+01  0.000000e+00
      vertex  8.369552e+01 -6.253074e+01  2.000000e+00
      vertex  8.346410e+01 -6.300000e+01  0.000000e+00
    endloop
  endfacet
  facet normal  8.968736e-01 -4.422870e-01  0.000000e+00
    outer loop
      vertex  8.346410e+01 -6.300000e+01  0.000000e+00
      vertex  8.369552e+01 -6.253074e+01  2.000000e+00
      vertex  8.346410e+01 -6.300000e+01  2.000000e+00
    endloop
  endfacet
  facet normal  8.314710e-01 -5.555680e-01  0.000000e+00
    outer loop
      vertex  8.346410e+01 -6.300000e+01  0.000000e+00
      vertex  8.346410e+01 -6.300000e+01  2.000000e+00
      vertex  8.317342e+01 -6.343505e+01  0.000000e+00
    endloop
  endfacet
  facet normal  8.314710e-01 -5.555680e-01  0.000000e+00
    outer loop
      vertex  8.317342e+01 -6.343505e+01  0.000000e+00
      vertex  8.346410e+01 -6.300000e+01  2.000000e+00
      vertex  8.317342e+01 -6.343505e+01  2.000000e+00
    endloop
  endfacet
  facet normal  7.518382e-01 -6.593476e-01  0.000000e+00
    outer loop
      vertex  8.317342e+01 -6.343505e+01  0.000000e+00
      vertex  8.317342e+01 -6.343505e+01  2.000000e+00
      vertex  8.282843e+01 -6.382843e+01  0.000000e+00
    endloop
  endfacet
  facet normal  7.518382e-01 -6.593476e-01  0.000000e+00
    outer loop
      vertex  8.282843e+01 -6.382843e+01  0.000000e+00
      vertex  8.317342e+01 -6.343505e+01  2.000000e+00
      vertex  8.282843e+01 -6.382843e+01  2.000000e+00
    endloop
  endfacet
  facet normal  6.593445e-01 -7.518410e-01  0.000000e+00
    outer loop
      vertex  8.282843e+01 -6.382843e+01  0.000000e+00
      vertex  8.282843e+01 -6.382843e+01  2.000000e+00
      vertex  8.243504e+01 -6.417342e+01  0.000000e+00
    endloop
  endfacet
  facet normal  6.593445e-01 -7.518410e-01  0.000000e+00
    outer loop
      vertex  8.243504e+01 -6.417342e+01  0.000000e+00
      vertex  8.282843e+01 -6.382843e+01  2.000000e+00
      vertex  8.243504e+01 -6.417342e+01  2.000000e+00
    endloop
  endfacet
  facet normal  5.555714e-01 -8.314688e-01  0.000000e+00
    outer loop
      vertex  8.243504e+01 -6.417342e+01  0.000000e+00
      vertex  8.243504e+01 -6.417342e+01  2.000000e+00
      vertex  8.200000e+01 -6.446410e+01  0.000000e+00
    endloop
  endfacet
  facet normal  5.555714e-01 -8.314688e-01  0.000000e+00
    outer loop
      vertex  8.200000e+01 -6.446410e+01  0.000000e+00
      vertex  8.243504e+01 -6.417342e+01  2.000000e+00
      vertex  8.200000e+01 -6.446410e+01  2.000000e+00
    endloop
  endfacet
  facet normal  4.422841e-01 -8.968750e-01  0.000000e+00
    outer loop
      vertex  8.200000e+01 -6.446410e+01  0.000000e+00
      vertex  8.200000e+01 -6.446410e+01  2.000000e+00
      vertex  8.153073e+01 -6.469552e+01  0.000000e+00
    endloop
  endfacet
  facet normal  4.422841e-01 -8.968750e-01  0.000000e+00
    outer loop
      vertex  8.153073e+01 -6.469552e+01  0.000000e+00
      vertex  8.200000e+01 -6.446410e+01  2.000000e+00
      vertex  8.153073e+01 -6.469552e+01  2.000000e+00
    endloop
  endfacet
  facet normal  3.214374e-01 -9.469308e-01  0.000000e+00
    outer loop
      vertex  8.153073e+01 -6.469552e+01  0.000000e+00
      vertex  8.153073e+01 -6.469552e+01  2.000000e+00
      vertex  8.103528e+01 -6.486370e+01  0.000000e+00
    endloop
  endfacet
  facet normal  3.214374e-01 -9.469308e-01  0.000000e+00
    outer loop
      vertex  8.103528e+01 -6.486370e+01  0.000000e+00
      vertex  8.153073e+01 -6.469552e+01  2.000000e+00
      vertex  8.103528e+01 -6.486370e+01  2.000000e+00
    endloop
  endfacet
  facet normal  1.950981e-01 -9.807838e-01  0.000000e+00
    outer loop
      vertex  8.103528e+01 -6.486370e+01  0.000000e+00
      vertex  8.103528e+01 -6.486370e+01  2.000000e+00
      vertex  8.052210e+01 -6.496578e+01  0.000000e+00
    endloop
  endfacet
  facet normal  1.950981e-01 -9.807838e-01  0.000000e+00
    outer loop
      vertex  8.052210e+01 -6.496578e+01  0.000000e+00
      vertex  8.103528e+01 -6.486370e+01  2.000000e+00
      vertex  8.052210e+01 -6.496578e+01  2.000000e+00
    endloop
  endfacet
  facet normal  6.539825e-02 -9.978592e-01  0.000000e+00
    outer loop
      vertex  8.052210e+01 -6.496578e+01  0.000000e+00
      vertex  8.052210e+01 -6.496578e+01  2.000000e+00
      vertex  8.000000e+01 -6.500000e+01  0.000000e+00
    endloop
  endfacet
  facet normal  6.539825e-02 -9.978592e-01  0.000000e+00
    outer loop
      vertex  8.000000e+01 -6.500000e+01  0.000000e+00
      vertex  8.052210e+01 -6.496578e+01  2.000000e+00
      vertex  8.000000e+01 -6.500000e+01  2.000000e+00
    endloop
  endfacet
  facet normal  0.000000e+00 -1.000000e+00  0.000000e+00
    outer loop
      vertex -8.000000e+01 -6.500000e+01  2.000000e+00
      vertex -8.000000e+01 -6.500000e+01  0.000000e+00
      vertex  8.000000e+01 -6.500000e+01  2.000000e+00
    endloop
  endfacet
  facet normal  0.000000e+00 -1.000000e+00  -0.000000e+00
    outer loop
      vertex  8.000000e+01 -6.500000e+01  2.000000e+00
      vertex -8.000000e+01 -6.500000e+01  0.000000e+00
      vertex  8.000000e+01 -6.500000e+01  0.000000e+00
    endloop
  endfacet
endsolid CATIA STL
