ISO-10303-21;
HEADER;
FILE_DESCRIPTION(('CATIA V5 STEP Exchange','CAx-IF Rec.Pracs.--- Model Styling and Organization---1.5--- 2016-08-15','CAx-IF Rec.Pracs.---Supplemental Geometry---1.0---2011-11-01','CAx-IF Rec.Pracs.--- Composite Materials ---3.4---2017-06-13','CAx-IF Rec.Pracs.---Tessellated 3D Geometry---1.0---2015-12-17'),'2;1');

FILE_NAME('C:\\Users\\icemi\\Desktop\\RZS_Repository\\RES\\catia_macros\\generated\\RES_Enclosure_20260730_114631\\RES_TopCover.stp','2026-07-30T03:47:08+00:00',('none'),('none'),'CATIA Version 5-6 Release 2022 SP6','CATIA V5 STEP AP242 v3','none');

FILE_SCHEMA(('AP242_MANAGED_MODEL_BASED_3D_ENGINEERING_MIM_LF  {1 0 10303 442 1 1 4}'));

ENDSEC;
DATA;
#5=PRODUCT('Part8','','',(#2)) ;
#2=PRODUCT_CONTEXT(' ',#1,'mechanical') ;
#1=APPLICATION_CONTEXT('managed model based 3d engineering') ;
#10=PRODUCT_DEFINITION('',' ',#6,#3) ;
#3=PRODUCT_DEFINITION_CONTEXT('part definition',#1,' ') ;
#11=PRODUCT_DEFINITION_SHAPE(' ',' ',#10) ;
#4317=MECHANICAL_DESIGN_GEOMETRIC_PRESENTATION_REPRESENTATION(' ',(#29),#16) ;
#7=PRODUCT_CATEGORY('part','specification') ;
#19=SHAPE_REPRESENTATION(' ',(#18),#16) ;
#17=CARTESIAN_POINT(' ',(0.,0.,0.)) ;
#31=CARTESIAN_POINT('Axis2P3D Location',(-39.,22.,3.6)) ;
#36=CARTESIAN_POINT('Line Origine',(-29.,22.,3.6)) ;
#40=CARTESIAN_POINT('Vertex',(-29.,22.,3.2)) ;
#42=CARTESIAN_POINT('Vertex',(-29.,22.,4.)) ;
#45=CARTESIAN_POINT('Axis2P3D Location',(-39.,22.,3.2)) ;
#49=CARTESIAN_POINT('Vertex',(-49.,22.,3.2)) ;
#52=CARTESIAN_POINT('Line Origine',(-49.,22.,3.6)) ;
#56=CARTESIAN_POINT('Vertex',(-49.,22.,4.)) ;
#59=CARTESIAN_POINT('Axis2P3D Location',(-39.,22.,4.)) ;
#71=CARTESIAN_POINT('Axis2P3D Location',(-39.,22.,3.2)) ;
#76=CARTESIAN_POINT('Axis2P3D Location',(-39.,22.,4.)) ;
#88=CARTESIAN_POINT('Axis2P3D Location',(0.,0.,3.2)) ;
#93=CARTESIAN_POINT('Line Origine',(0.,-75.,3.2)) ;
#97=CARTESIAN_POINT('Vertex',(-84.,-75.,3.2)) ;
#99=CARTESIAN_POINT('Vertex',(84.,-75.,3.2)) ;
#102=CARTESIAN_POINT('Axis2P3D Location',(84.,-65.,3.2)) ;
#106=CARTESIAN_POINT('Vertex',(94.,-65.,3.2)) ;
#109=CARTESIAN_POINT('Line Origine',(94.,0.,3.2)) ;
#113=CARTESIAN_POINT('Vertex',(94.,65.,3.2)) ;
#116=CARTESIAN_POINT('Axis2P3D Location',(84.,65.,3.2)) ;
#120=CARTESIAN_POINT('Vertex',(84.,75.,3.2)) ;
#123=CARTESIAN_POINT('Line Origine',(0.,75.,3.2)) ;
#127=CARTESIAN_POINT('Vertex',(-84.,75.,3.2)) ;
#130=CARTESIAN_POINT('Axis2P3D Location',(-84.,65.,3.2)) ;
#134=CARTESIAN_POINT('Vertex',(-94.,65.,3.2)) ;
#137=CARTESIAN_POINT('Line Origine',(-94.,0.,3.2)) ;
#141=CARTESIAN_POINT('Vertex',(-94.,-65.,3.2)) ;
#144=CARTESIAN_POINT('Axis2P3D Location',(-84.,-65.,3.2)) ;
#163=CARTESIAN_POINT('Axis2P3D Location',(-13.,22.,3.2)) ;
#167=CARTESIAN_POINT('Vertex',(-3.,22.,3.2)) ;
#169=CARTESIAN_POINT('Vertex',(-23.,22.,3.2)) ;
#172=CARTESIAN_POINT('Axis2P3D Location',(-13.,22.,3.2)) ;
#181=CARTESIAN_POINT('Axis2P3D Location',(13.,22.,3.2)) ;
#185=CARTESIAN_POINT('Vertex',(23.,22.,3.2)) ;
#187=CARTESIAN_POINT('Vertex',(3.,22.,3.2)) ;
#190=CARTESIAN_POINT('Axis2P3D Location',(13.,22.,3.2)) ;
#199=CARTESIAN_POINT('Axis2P3D Location',(39.,22.,3.2)) ;
#203=CARTESIAN_POINT('Vertex',(49.,22.,3.2)) ;
#205=CARTESIAN_POINT('Vertex',(29.,22.,3.2)) ;
#208=CARTESIAN_POINT('Axis2P3D Location',(39.,22.,3.2)) ;
#217=CARTESIAN_POINT('Axis2P3D Location',(-48.,-17.,3.2)) ;
#221=CARTESIAN_POINT('Vertex',(-38.5,-17.,3.2)) ;
#223=CARTESIAN_POINT('Vertex',(-57.5,-17.,3.2)) ;
#226=CARTESIAN_POINT('Axis2P3D Location',(-48.,-17.,3.2)) ;
#235=CARTESIAN_POINT('Axis2P3D Location',(32.,-17.,3.2)) ;
#239=CARTESIAN_POINT('Vertex',(50.,-17.,3.2)) ;
#241=CARTESIAN_POINT('Vertex',(14.,-17.,3.2)) ;
#244=CARTESIAN_POINT('Axis2P3D Location',(32.,-17.,3.2)) ;
#254=CARTESIAN_POINT('Axis2P3D Location',(0.,0.,4.)) ;
#263=CARTESIAN_POINT('Axis2P3D Location',(-39.,22.,4.)) ;
#267=CARTESIAN_POINT('Vertex',(-47.2,22.,4.)) ;
#269=CARTESIAN_POINT('Vertex',(-30.8,22.,4.)) ;
#272=CARTESIAN_POINT('Axis2P3D Location',(-39.,22.,4.)) ;
#282=CARTESIAN_POINT('Axis2P3D Location',(-84.,-75.,0.)) ;
#287=CARTESIAN_POINT('Line Origine',(-30.,-75.,-12.3)) ;
#291=CARTESIAN_POINT('Vertex',(-56.2250827824,-75.,-12.3)) ;
#293=CARTESIAN_POINT('Vertex',(-3.77491721764,-75.,-12.3)) ;
#296=CARTESIAN_POINT('Axis2P3D Location',(0.,-75.,-8.3)) ;
#300=CARTESIAN_POINT('Vertex',(7.1054273576E-15,-75.,-2.8)) ;
#303=CARTESIAN_POINT('Axis2P3D Location',(0.,-75.,-8.3)) ;
#307=CARTESIAN_POINT('Vertex',(3.77491721764,-75.,-12.3)) ;
#310=CARTESIAN_POINT('Line Origine',(30.,-75.,-12.3)) ;
#314=CARTESIAN_POINT('Vertex',(56.2250827824,-75.,-12.3)) ;
#317=CARTESIAN_POINT('Axis2P3D Location',(60.,-75.,-8.3)) ;
#321=CARTESIAN_POINT('Vertex',(60.,-75.,-2.8)) ;
#324=CARTESIAN_POINT('Axis2P3D Location',(60.,-75.,-8.3)) ;
#328=CARTESIAN_POINT('Vertex',(63.7749172176,-75.,-12.3)) ;
#331=CARTESIAN_POINT('Line Origine',(73.8874586088,-75.,-12.3)) ;
#335=CARTESIAN_POINT('Vertex',(84.,-75.,-12.3)) ;
#338=CARTESIAN_POINT('Line Origine',(84.,-75.,-4.55)) ;
#343=CARTESIAN_POINT('Line Origine',(-84.,-75.,-4.55)) ;
#347=CARTESIAN_POINT('Vertex',(-84.,-75.,-12.3)) ;
#350=CARTESIAN_POINT('Line Origine',(-73.8874586088,-75.,-12.3)) ;
#354=CARTESIAN_POINT('Vertex',(-63.7749172176,-75.,-12.3)) ;
#357=CARTESIAN_POINT('Axis2P3D Location',(-60.,-75.,-8.3)) ;
#361=CARTESIAN_POINT('Vertex',(-60.,-75.,-2.8)) ;
#364=CARTESIAN_POINT('Axis2P3D Location',(-60.,-75.,-8.3)) ;
#385=CARTESIAN_POINT('Axis2P3D Location',(84.,-65.,1.6)) ;
#390=CARTESIAN_POINT('Axis2P3D Location',(84.,-65.,-12.3)) ;
#394=CARTESIAN_POINT('Vertex',(94.,-65.,-12.3)) ;
#397=CARTESIAN_POINT('Line Origine',(94.,-65.,-4.55)) ;
#409=CARTESIAN_POINT('Axis2P3D Location',(94.,-65.,0.)) ;
#414=CARTESIAN_POINT('Line Origine',(94.,0.,-12.3)) ;
#418=CARTESIAN_POINT('Vertex',(94.,-46.2250827824,-12.3)) ;
#420=CARTESIAN_POINT('Vertex',(94.,46.2250827824,-12.3)) ;
#423=CARTESIAN_POINT('Axis2P3D Location',(94.,50.,-8.3)) ;
#427=CARTESIAN_POINT('Vertex',(94.,44.5,-8.3)) ;
#430=CARTESIAN_POINT('Axis2P3D Location',(94.,50.,-8.3)) ;
#434=CARTESIAN_POINT('Vertex',(94.,55.5,-8.3)) ;
#437=CARTESIAN_POINT('Axis2P3D Location',(94.,50.,-8.3)) ;
#441=CARTESIAN_POINT('Vertex',(94.,53.7749172176,-12.3)) ;
#444=CARTESIAN_POINT('Line Origine',(94.,59.3874586088,-12.3)) ;
#448=CARTESIAN_POINT('Vertex',(94.,65.,-12.3)) ;
#451=CARTESIAN_POINT('Line Origine',(94.,65.,-4.55)) ;
#456=CARTESIAN_POINT('Line Origine',(94.,-59.3874586088,-12.3)) ;
#460=CARTESIAN_POINT('Vertex',(94.,-53.7749172176,-12.3)) ;
#463=CARTESIAN_POINT('Axis2P3D Location',(94.,-50.,-8.3)) ;
#467=CARTESIAN_POINT('Vertex',(94.,-55.5,-8.3)) ;
#470=CARTESIAN_POINT('Axis2P3D Location',(94.,-50.,-8.3)) ;
#474=CARTESIAN_POINT('Vertex',(94.,-44.5,-8.3)) ;
#477=CARTESIAN_POINT('Axis2P3D Location',(94.,-50.,-8.3)) ;
#497=CARTESIAN_POINT('Axis2P3D Location',(84.,65.,1.6)) ;
#502=CARTESIAN_POINT('Axis2P3D Location',(84.,65.,-12.3)) ;
#506=CARTESIAN_POINT('Vertex',(84.,75.,-12.3)) ;
#509=CARTESIAN_POINT('Line Origine',(84.,75.,-4.55)) ;
#521=CARTESIAN_POINT('Axis2P3D Location',(84.,75.,0.)) ;
#526=CARTESIAN_POINT('Line Origine',(30.,75.,-12.3)) ;
#530=CARTESIAN_POINT('Vertex',(56.2250827824,75.,-12.3)) ;
#532=CARTESIAN_POINT('Vertex',(3.77491721764,75.,-12.3)) ;
#535=CARTESIAN_POINT('Axis2P3D Location',(0.,75.,-8.3)) ;
#539=CARTESIAN_POINT('Vertex',(0.,75.,-2.8)) ;
#542=CARTESIAN_POINT('Axis2P3D Location',(0.,75.,-8.3)) ;
#546=CARTESIAN_POINT('Vertex',(-3.77491721764,75.,-12.3)) ;
#549=CARTESIAN_POINT('Line Origine',(-30.,75.,-12.3)) ;
#553=CARTESIAN_POINT('Vertex',(-56.2250827824,75.,-12.3)) ;
#556=CARTESIAN_POINT('Axis2P3D Location',(-60.,75.,-8.3)) ;
#560=CARTESIAN_POINT('Vertex',(-60.,75.,-2.8)) ;
#563=CARTESIAN_POINT('Axis2P3D Location',(-60.,75.,-8.3)) ;
#567=CARTESIAN_POINT('Vertex',(-63.7749172176,75.,-12.3)) ;
#570=CARTESIAN_POINT('Line Origine',(-73.8874586088,75.,-12.3)) ;
#574=CARTESIAN_POINT('Vertex',(-84.,75.,-12.3)) ;
#577=CARTESIAN_POINT('Line Origine',(-84.,75.,-4.55)) ;
#582=CARTESIAN_POINT('Line Origine',(73.8874586088,75.,-12.3)) ;
#586=CARTESIAN_POINT('Vertex',(63.7749172176,75.,-12.3)) ;
#589=CARTESIAN_POINT('Axis2P3D Location',(60.,75.,-8.3)) ;
#593=CARTESIAN_POINT('Vertex',(60.,75.,-2.8)) ;
#596=CARTESIAN_POINT('Axis2P3D Location',(60.,75.,-8.3)) ;
#617=CARTESIAN_POINT('Axis2P3D Location',(-84.,65.,1.6)) ;
#622=CARTESIAN_POINT('Axis2P3D Location',(-84.,65.,-12.3)) ;
#626=CARTESIAN_POINT('Vertex',(-94.,65.,-12.3)) ;
#629=CARTESIAN_POINT('Line Origine',(-94.,65.,-4.55)) ;
#641=CARTESIAN_POINT('Axis2P3D Location',(-94.,65.,0.)) ;
#646=CARTESIAN_POINT('Line Origine',(-94.,0.,-12.3)) ;
#650=CARTESIAN_POINT('Vertex',(-94.,46.2250827824,-12.3)) ;
#652=CARTESIAN_POINT('Vertex',(-94.,-46.2250827824,-12.3)) ;
#655=CARTESIAN_POINT('Axis2P3D Location',(-94.,-50.,-8.3)) ;
#659=CARTESIAN_POINT('Vertex',(-94.,-44.5,-8.3)) ;
#662=CARTESIAN_POINT('Axis2P3D Location',(-94.,-50.,-8.3)) ;
#666=CARTESIAN_POINT('Vertex',(-94.,-55.5,-8.3)) ;
#669=CARTESIAN_POINT('Axis2P3D Location',(-94.,-50.,-8.3)) ;
#673=CARTESIAN_POINT('Vertex',(-94.,-53.7749172176,-12.3)) ;
#676=CARTESIAN_POINT('Line Origine',(-94.,-59.3874586088,-12.3)) ;
#680=CARTESIAN_POINT('Vertex',(-94.,-65.,-12.3)) ;
#683=CARTESIAN_POINT('Line Origine',(-94.,-65.,-4.55)) ;
#688=CARTESIAN_POINT('Line Origine',(-94.,59.3874586088,-12.3)) ;
#692=CARTESIAN_POINT('Vertex',(-94.,53.7749172176,-12.3)) ;
#695=CARTESIAN_POINT('Axis2P3D Location',(-94.,50.,-8.3)) ;
#699=CARTESIAN_POINT('Vertex',(-94.,55.5,-8.3)) ;
#702=CARTESIAN_POINT('Axis2P3D Location',(-94.,50.,-8.3)) ;
#706=CARTESIAN_POINT('Vertex',(-94.,44.5,-8.3)) ;
#709=CARTESIAN_POINT('Axis2P3D Location',(-94.,50.,-8.3)) ;
#729=CARTESIAN_POINT('Axis2P3D Location',(-84.,-65.,1.6)) ;
#734=CARTESIAN_POINT('Axis2P3D Location',(-84.,-65.,-12.3)) ;
#746=CARTESIAN_POINT('Axis2P3D Location',(-13.,22.,3.6)) ;
#751=CARTESIAN_POINT('Line Origine',(-3.,22.,3.6)) ;
#755=CARTESIAN_POINT('Vertex',(-3.,22.,4.)) ;
#758=CARTESIAN_POINT('Line Origine',(-23.,22.,3.6)) ;
#762=CARTESIAN_POINT('Vertex',(-23.,22.,4.)) ;
#765=CARTESIAN_POINT('Axis2P3D Location',(-13.,22.,4.)) ;
#777=CARTESIAN_POINT('Axis2P3D Location',(-13.,22.,4.)) ;
#789=CARTESIAN_POINT('Axis2P3D Location',(13.,22.,3.6)) ;
#794=CARTESIAN_POINT('Line Origine',(23.,22.,3.6)) ;
#798=CARTESIAN_POINT('Vertex',(23.,22.,4.)) ;
#801=CARTESIAN_POINT('Line Origine',(3.,22.,3.6)) ;
#805=CARTESIAN_POINT('Vertex',(3.,22.,4.)) ;
#808=CARTESIAN_POINT('Axis2P3D Location',(13.,22.,4.)) ;
#820=CARTESIAN_POINT('Axis2P3D Location',(13.,22.,4.)) ;
#832=CARTESIAN_POINT('Axis2P3D Location',(39.,22.,3.6)) ;
#837=CARTESIAN_POINT('Line Origine',(49.,22.,3.6)) ;
#841=CARTESIAN_POINT('Vertex',(49.,22.,4.)) ;
#844=CARTESIAN_POINT('Line Origine',(29.,22.,3.6)) ;
#848=CARTESIAN_POINT('Vertex',(29.,22.,4.)) ;
#851=CARTESIAN_POINT('Axis2P3D Location',(39.,22.,4.)) ;
#863=CARTESIAN_POINT('Axis2P3D Location',(39.,22.,4.)) ;
#875=CARTESIAN_POINT('Axis2P3D Location',(-48.,-17.,3.6)) ;
#880=CARTESIAN_POINT('Line Origine',(-38.5,-17.,3.6)) ;
#884=CARTESIAN_POINT('Vertex',(-38.5,-17.,4.)) ;
#887=CARTESIAN_POINT('Line Origine',(-57.5,-17.,3.6)) ;
#891=CARTESIAN_POINT('Vertex',(-57.5,-17.,4.)) ;
#894=CARTESIAN_POINT('Axis2P3D Location',(-48.,-17.,4.)) ;
#906=CARTESIAN_POINT('Axis2P3D Location',(-48.,-17.,4.)) ;
#918=CARTESIAN_POINT('Axis2P3D Location',(32.,-17.,3.6)) ;
#923=CARTESIAN_POINT('Line Origine',(50.,-17.,3.6)) ;
#927=CARTESIAN_POINT('Vertex',(50.,-17.,4.)) ;
#930=CARTESIAN_POINT('Line Origine',(14.,-17.,3.6)) ;
#934=CARTESIAN_POINT('Vertex',(14.,-17.,4.)) ;
#937=CARTESIAN_POINT('Axis2P3D Location',(32.,-17.,4.)) ;
#949=CARTESIAN_POINT('Axis2P3D Location',(32.,-17.,4.)) ;
#961=CARTESIAN_POINT('Axis2P3D Location',(0.,0.,-12.3)) ;
#966=CARTESIAN_POINT('Line Origine',(-93.7,46.2250827825,-12.3)) ;
#970=CARTESIAN_POINT('Vertex',(-93.4,46.2250827824,-12.3)) ;
#973=CARTESIAN_POINT('Line Origine',(-93.4,50.,-12.3)) ;
#977=CARTESIAN_POINT('Vertex',(-93.4,53.7749172176,-12.3)) ;
#980=CARTESIAN_POINT('Line Origine',(-93.7,53.7749172177,-12.3)) ;
#985=CARTESIAN_POINT('Line Origine',(-63.7749172172,74.7,-12.3)) ;
#989=CARTESIAN_POINT('Vertex',(-63.7749172176,74.4,-12.3)) ;
#992=CARTESIAN_POINT('Line Origine',(-60.,74.4,-12.3)) ;
#996=CARTESIAN_POINT('Vertex',(-56.2250827824,74.4,-12.3)) ;
#999=CARTESIAN_POINT('Line Origine',(-56.225082782,74.7,-12.3)) ;
#1004=CARTESIAN_POINT('Line Origine',(-3.77491721739,74.7,-12.3)) ;
#1008=CARTESIAN_POINT('Vertex',(-3.77491721764,74.4,-12.3)) ;
#1011=CARTESIAN_POINT('Line Origine',(1.7763568394E-15,74.4,-12.3)) ;
#1015=CARTESIAN_POINT('Vertex',(3.77491721764,74.4,-12.3)) ;
#1018=CARTESIAN_POINT('Line Origine',(3.77491721786,74.7,-12.3)) ;
#1023=CARTESIAN_POINT('Line Origine',(56.2250827825,74.7,-12.3)) ;
#1027=CARTESIAN_POINT('Vertex',(56.2250827824,74.4,-12.3)) ;
#1030=CARTESIAN_POINT('Line Origine',(60.,74.4,-12.3)) ;
#1034=CARTESIAN_POINT('Vertex',(63.7749172176,74.4,-12.3)) ;
#1037=CARTESIAN_POINT('Line Origine',(63.7749172177,74.7,-12.3)) ;
#1042=CARTESIAN_POINT('Line Origine',(93.7,53.7749172177,-12.3)) ;
#1046=CARTESIAN_POINT('Vertex',(93.4,53.7749172176,-12.3)) ;
#1049=CARTESIAN_POINT('Line Origine',(93.4,50.,-12.3)) ;
#1053=CARTESIAN_POINT('Vertex',(93.4,46.2250827824,-12.3)) ;
#1056=CARTESIAN_POINT('Line Origine',(93.7,46.2250827825,-12.3)) ;
#1061=CARTESIAN_POINT('Line Origine',(93.7,-46.225082782,-12.3)) ;
#1065=CARTESIAN_POINT('Vertex',(93.4,-46.2250827824,-12.3)) ;
#1068=CARTESIAN_POINT('Line Origine',(93.4,-50.,-12.3)) ;
#1072=CARTESIAN_POINT('Vertex',(93.4,-53.7749172176,-12.3)) ;
#1075=CARTESIAN_POINT('Line Origine',(93.7,-53.7749172172,-12.3)) ;
#1080=CARTESIAN_POINT('Line Origine',(63.7749172177,-74.7,-12.3)) ;
#1084=CARTESIAN_POINT('Vertex',(63.7749172176,-74.4,-12.3)) ;
#1087=CARTESIAN_POINT('Line Origine',(60.,-74.4,-12.3)) ;
#1091=CARTESIAN_POINT('Vertex',(56.2250827824,-74.4,-12.3)) ;
#1094=CARTESIAN_POINT('Line Origine',(56.2250827825,-74.7,-12.3)) ;
#1099=CARTESIAN_POINT('Line Origine',(3.77491721786,-74.7,-12.3)) ;
#1103=CARTESIAN_POINT('Vertex',(3.77491721764,-74.4,-12.3)) ;
#1106=CARTESIAN_POINT('Line Origine',(1.7763568394E-15,-74.4,-12.3)) ;
#1110=CARTESIAN_POINT('Vertex',(-3.77491721764,-74.4,-12.3)) ;
#1113=CARTESIAN_POINT('Line Origine',(-3.77491721739,-74.7,-12.3)) ;
#1118=CARTESIAN_POINT('Line Origine',(-56.225082782,-74.7,-12.3)) ;
#1122=CARTESIAN_POINT('Vertex',(-56.2250827824,-74.4,-12.3)) ;
#1125=CARTESIAN_POINT('Line Origine',(-60.,-74.4,-12.3)) ;
#1129=CARTESIAN_POINT('Vertex',(-63.7749172176,-74.4,-12.3)) ;
#1132=CARTESIAN_POINT('Line Origine',(-63.7749172172,-74.7,-12.3)) ;
#1137=CARTESIAN_POINT('Line Origine',(-93.7,-53.7749172172,-12.3)) ;
#1141=CARTESIAN_POINT('Vertex',(-93.4,-53.7749172176,-12.3)) ;
#1144=CARTESIAN_POINT('Line Origine',(-93.4,-50.,-12.3)) ;
#1148=CARTESIAN_POINT('Vertex',(-93.4,-46.2250827824,-12.3)) ;
#1151=CARTESIAN_POINT('Line Origine',(-93.7,-46.225082782,-12.3)) ;
#1206=CARTESIAN_POINT('Line Origine',(0.,-72.,-12.3)) ;
#1210=CARTESIAN_POINT('Vertex',(-84.,-72.,-12.3)) ;
#1212=CARTESIAN_POINT('Vertex',(84.,-72.,-12.3)) ;
#1215=CARTESIAN_POINT('Axis2P3D Location',(84.,-65.,-12.3)) ;
#1219=CARTESIAN_POINT('Vertex',(91.,-65.,-12.3)) ;
#1222=CARTESIAN_POINT('Line Origine',(91.,0.,-12.3)) ;
#1226=CARTESIAN_POINT('Vertex',(91.,65.,-12.3)) ;
#1229=CARTESIAN_POINT('Axis2P3D Location',(84.,65.,-12.3)) ;
#1233=CARTESIAN_POINT('Vertex',(84.,72.,-12.3)) ;
#1236=CARTESIAN_POINT('Line Origine',(0.,72.,-12.3)) ;
#1240=CARTESIAN_POINT('Vertex',(-84.,72.,-12.3)) ;
#1243=CARTESIAN_POINT('Axis2P3D Location',(-84.,65.,-12.3)) ;
#1247=CARTESIAN_POINT('Vertex',(-91.,65.,-12.3)) ;
#1250=CARTESIAN_POINT('Line Origine',(-91.,0.,-12.3)) ;
#1254=CARTESIAN_POINT('Vertex',(-91.,-65.,-12.3)) ;
#1257=CARTESIAN_POINT('Axis2P3D Location',(-84.,-65.,-12.3)) ;
#1273=CARTESIAN_POINT('Axis2P3D Location',(0.,74.7,-8.3)) ;
#1278=CARTESIAN_POINT('Axis2P3D Location',(0.,-74.4,-8.3)) ;
#1282=CARTESIAN_POINT('Vertex',(0.,-74.4,-2.8)) ;
#1285=CARTESIAN_POINT('Line Origine',(-6.23209278741E-15,-1.42108547152E-14,-2.8)) ;
#1297=CARTESIAN_POINT('Axis2P3D Location',(0.,-74.4,-8.3)) ;
#1309=CARTESIAN_POINT('Axis2P3D Location',(60.,74.7,-8.3)) ;
#1314=CARTESIAN_POINT('Axis2P3D Location',(60.,-74.4,-8.3)) ;
#1318=CARTESIAN_POINT('Vertex',(60.,-74.4,-2.8)) ;
#1321=CARTESIAN_POINT('Line Origine',(60.,-1.42108547152E-14,-2.8)) ;
#1333=CARTESIAN_POINT('Axis2P3D Location',(60.,-74.4,-8.3)) ;
#1345=CARTESIAN_POINT('Axis2P3D Location',(-60.,74.7,-8.3)) ;
#1350=CARTESIAN_POINT('Axis2P3D Location',(-60.,-74.4,-8.3)) ;
#1354=CARTESIAN_POINT('Vertex',(-60.,-74.4,-2.8)) ;
#1357=CARTESIAN_POINT('Line Origine',(-60.,-1.42108547152E-14,-2.8)) ;
#1369=CARTESIAN_POINT('Axis2P3D Location',(-60.,-74.4,-8.3)) ;
#1381=CARTESIAN_POINT('Axis2P3D Location',(93.7,50.,-8.3)) ;
#1386=CARTESIAN_POINT('Axis2P3D Location',(93.4,50.,-8.3)) ;
#1390=CARTESIAN_POINT('Vertex',(93.4,44.5,-8.3)) ;
#1393=CARTESIAN_POINT('Line Origine',(-1.42108547152E-14,44.5,-8.3)) ;
#1405=CARTESIAN_POINT('Line Origine',(-1.42108547152E-14,55.5,-8.3)) ;
#1409=CARTESIAN_POINT('Vertex',(93.4,55.5,-8.3)) ;
#1412=CARTESIAN_POINT('Axis2P3D Location',(93.4,50.,-8.3)) ;
#1424=CARTESIAN_POINT('Axis2P3D Location',(93.4,50.,-8.3)) ;
#1436=CARTESIAN_POINT('Axis2P3D Location',(93.7,-50.,-8.3)) ;
#1441=CARTESIAN_POINT('Axis2P3D Location',(93.4,-50.,-8.3)) ;
#1445=CARTESIAN_POINT('Vertex',(93.4,-55.5,-8.3)) ;
#1448=CARTESIAN_POINT('Line Origine',(-1.42108547152E-14,-55.5,-8.3)) ;
#1460=CARTESIAN_POINT('Line Origine',(-1.42108547152E-14,-44.5,-8.3)) ;
#1464=CARTESIAN_POINT('Vertex',(93.4,-44.5,-8.3)) ;
#1467=CARTESIAN_POINT('Axis2P3D Location',(93.4,-50.,-8.3)) ;
#1479=CARTESIAN_POINT('Axis2P3D Location',(93.4,-50.,-8.3)) ;
#1491=CARTESIAN_POINT('Axis2P3D Location',(0.,74.4,-8.3)) ;
#1495=CARTESIAN_POINT('Vertex',(0.,74.4,-2.8)) ;
#1498=CARTESIAN_POINT('Line Origine',(0.,-1.42108547152E-14,-2.8)) ;
#1510=CARTESIAN_POINT('Axis2P3D Location',(0.,74.4,-8.3)) ;
#1522=CARTESIAN_POINT('Axis2P3D Location',(-60.,74.4,-8.3)) ;
#1526=CARTESIAN_POINT('Vertex',(-60.,74.4,-2.8)) ;
#1529=CARTESIAN_POINT('Line Origine',(-60.,-1.42108547152E-14,-2.8)) ;
#1541=CARTESIAN_POINT('Axis2P3D Location',(-60.,74.4,-8.3)) ;
#1553=CARTESIAN_POINT('Axis2P3D Location',(60.,74.4,-8.3)) ;
#1557=CARTESIAN_POINT('Vertex',(60.,74.4,-2.8)) ;
#1560=CARTESIAN_POINT('Line Origine',(60.,-1.42108547152E-14,-2.8)) ;
#1572=CARTESIAN_POINT('Axis2P3D Location',(60.,74.4,-8.3)) ;
#1584=CARTESIAN_POINT('Axis2P3D Location',(-93.4,-50.,-8.3)) ;
#1588=CARTESIAN_POINT('Vertex',(-93.4,-44.5,-8.3)) ;
#1591=CARTESIAN_POINT('Line Origine',(-1.42108547152E-14,-44.5,-8.3)) ;
#1603=CARTESIAN_POINT('Axis2P3D Location',(-93.4,-50.,-8.3)) ;
#1607=CARTESIAN_POINT('Vertex',(-93.4,-55.5,-8.3)) ;
#1610=CARTESIAN_POINT('Line Origine',(-1.42108547152E-14,-55.5,-8.3)) ;
#1622=CARTESIAN_POINT('Axis2P3D Location',(-93.4,-50.,-8.3)) ;
#1634=CARTESIAN_POINT('Axis2P3D Location',(-93.4,50.,-8.3)) ;
#1638=CARTESIAN_POINT('Vertex',(-93.4,55.5,-8.3)) ;
#1641=CARTESIAN_POINT('Line Origine',(-1.42108547152E-14,55.5,-8.3)) ;
#1653=CARTESIAN_POINT('Axis2P3D Location',(-93.4,50.,-8.3)) ;
#1657=CARTESIAN_POINT('Vertex',(-93.4,44.5,-8.3)) ;
#1660=CARTESIAN_POINT('Line Origine',(-1.42108547152E-14,44.5,-8.3)) ;
#1672=CARTESIAN_POINT('Axis2P3D Location',(-93.4,50.,-8.3)) ;
#1688=CARTESIAN_POINT('Axis2P3D Location',(-13.,22.,4.)) ;
#1692=CARTESIAN_POINT('Vertex',(-21.2,22.,4.)) ;
#1694=CARTESIAN_POINT('Vertex',(-4.8,22.,4.)) ;
#1697=CARTESIAN_POINT('Axis2P3D Location',(-13.,22.,4.)) ;
#1711=CARTESIAN_POINT('Axis2P3D Location',(13.,22.,4.)) ;
#1715=CARTESIAN_POINT('Vertex',(4.8,22.,4.)) ;
#1717=CARTESIAN_POINT('Vertex',(21.2,22.,4.)) ;
#1720=CARTESIAN_POINT('Axis2P3D Location',(13.,22.,4.)) ;
#1734=CARTESIAN_POINT('Axis2P3D Location',(39.,22.,4.)) ;
#1738=CARTESIAN_POINT('Vertex',(30.8,22.,4.)) ;
#1740=CARTESIAN_POINT('Vertex',(47.2,22.,4.)) ;
#1743=CARTESIAN_POINT('Axis2P3D Location',(39.,22.,4.)) ;
#1757=CARTESIAN_POINT('Axis2P3D Location',(-48.,-17.,4.)) ;
#1761=CARTESIAN_POINT('Vertex',(-54.9,-17.,4.)) ;
#1763=CARTESIAN_POINT('Vertex',(-41.1,-17.,4.)) ;
#1766=CARTESIAN_POINT('Axis2P3D Location',(-48.,-17.,4.)) ;
#1780=CARTESIAN_POINT('Axis2P3D Location',(32.,-17.,4.)) ;
#1784=CARTESIAN_POINT('Vertex',(20.8,-17.,4.)) ;
#1786=CARTESIAN_POINT('Vertex',(43.2,-17.,4.)) ;
#1789=CARTESIAN_POINT('Axis2P3D Location',(32.,-17.,4.)) ;
#1799=CARTESIAN_POINT('Axis2P3D Location',(-93.4,0.,0.)) ;
#1810=CARTESIAN_POINT('Axis2P3D Location',(-93.4,-49.5,-8.3)) ;
#1814=CARTESIAN_POINT('Vertex',(-93.4,-49.5,-10.6)) ;
#1816=CARTESIAN_POINT('Vertex',(-93.4,-49.5,-6.)) ;
#1819=CARTESIAN_POINT('Line Origine',(-93.4,-50.,-6.)) ;
#1823=CARTESIAN_POINT('Vertex',(-93.4,-50.5,-6.)) ;
#1826=CARTESIAN_POINT('Axis2P3D Location',(-93.4,-50.5,-8.3)) ;
#1830=CARTESIAN_POINT('Vertex',(-93.4,-50.5,-10.6)) ;
#1833=CARTESIAN_POINT('Line Origine',(-93.4,-50.,-10.6)) ;
#1845=CARTESIAN_POINT('Axis2P3D Location',(0.,-74.4,0.)) ;
#1855=CARTESIAN_POINT('Line Origine',(-60.,-74.4,-10.6)) ;
#1859=CARTESIAN_POINT('Vertex',(-59.5,-74.4,-10.6)) ;
#1861=CARTESIAN_POINT('Vertex',(-60.5,-74.4,-10.6)) ;
#1864=CARTESIAN_POINT('Axis2P3D Location',(-60.5,-74.4,-8.3)) ;
#1868=CARTESIAN_POINT('Vertex',(-60.5,-74.4,-6.)) ;
#1871=CARTESIAN_POINT('Line Origine',(-60.,-74.4,-6.)) ;
#1875=CARTESIAN_POINT('Vertex',(-59.5,-74.4,-6.)) ;
#1878=CARTESIAN_POINT('Axis2P3D Location',(-59.5,-74.4,-8.3)) ;
#1895=CARTESIAN_POINT('Line Origine',(0.,-74.4,-10.6)) ;
#1899=CARTESIAN_POINT('Vertex',(0.5,-74.4,-10.6)) ;
#1901=CARTESIAN_POINT('Vertex',(-0.5,-74.4,-10.6)) ;
#1904=CARTESIAN_POINT('Axis2P3D Location',(-0.5,-74.4,-8.3)) ;
#1908=CARTESIAN_POINT('Vertex',(-0.5,-74.4,-6.)) ;
#1911=CARTESIAN_POINT('Line Origine',(0.,-74.4,-6.)) ;
#1915=CARTESIAN_POINT('Vertex',(0.5,-74.4,-6.)) ;
#1918=CARTESIAN_POINT('Axis2P3D Location',(0.5,-74.4,-8.3)) ;
#1935=CARTESIAN_POINT('Line Origine',(60.,-74.4,-10.6)) ;
#1939=CARTESIAN_POINT('Vertex',(60.5,-74.4,-10.6)) ;
#1941=CARTESIAN_POINT('Vertex',(59.5,-74.4,-10.6)) ;
#1944=CARTESIAN_POINT('Axis2P3D Location',(59.5,-74.4,-8.3)) ;
#1948=CARTESIAN_POINT('Vertex',(59.5,-74.4,-6.)) ;
#1951=CARTESIAN_POINT('Line Origine',(60.,-74.4,-6.)) ;
#1955=CARTESIAN_POINT('Vertex',(60.5,-74.4,-6.)) ;
#1958=CARTESIAN_POINT('Axis2P3D Location',(60.5,-74.4,-8.3)) ;
#1970=CARTESIAN_POINT('Axis2P3D Location',(93.4,0.,0.)) ;
#1981=CARTESIAN_POINT('Line Origine',(93.4,-50.,-10.6)) ;
#1985=CARTESIAN_POINT('Vertex',(93.4,-50.5,-10.6)) ;
#1987=CARTESIAN_POINT('Vertex',(93.4,-49.5,-10.6)) ;
#1990=CARTESIAN_POINT('Axis2P3D Location',(93.4,-50.5,-8.3)) ;
#1994=CARTESIAN_POINT('Vertex',(93.4,-50.5,-6.)) ;
#1997=CARTESIAN_POINT('Line Origine',(93.4,-50.,-6.)) ;
#2001=CARTESIAN_POINT('Vertex',(93.4,-49.5,-6.)) ;
#2004=CARTESIAN_POINT('Axis2P3D Location',(93.4,-49.5,-8.3)) ;
#2022=CARTESIAN_POINT('Line Origine',(93.4,50.,-10.6)) ;
#2026=CARTESIAN_POINT('Vertex',(93.4,49.5,-10.6)) ;
#2028=CARTESIAN_POINT('Vertex',(93.4,50.5,-10.6)) ;
#2031=CARTESIAN_POINT('Axis2P3D Location',(93.4,49.5,-8.3)) ;
#2035=CARTESIAN_POINT('Vertex',(93.4,49.5,-6.)) ;
#2038=CARTESIAN_POINT('Line Origine',(93.4,50.,-6.)) ;
#2042=CARTESIAN_POINT('Vertex',(93.4,50.5,-6.)) ;
#2045=CARTESIAN_POINT('Axis2P3D Location',(93.4,50.5,-8.3)) ;
#2057=CARTESIAN_POINT('Axis2P3D Location',(0.,74.4,0.)) ;
#2067=CARTESIAN_POINT('Axis2P3D Location',(60.5,74.4,-8.3)) ;
#2071=CARTESIAN_POINT('Vertex',(60.5,74.4,-6.)) ;
#2073=CARTESIAN_POINT('Vertex',(60.5,74.4,-10.6)) ;
#2076=CARTESIAN_POINT('Line Origine',(60.,74.4,-6.)) ;
#2080=CARTESIAN_POINT('Vertex',(59.5,74.4,-6.)) ;
#2083=CARTESIAN_POINT('Axis2P3D Location',(59.5,74.4,-8.3)) ;
#2087=CARTESIAN_POINT('Vertex',(59.5,74.4,-10.6)) ;
#2090=CARTESIAN_POINT('Line Origine',(60.,74.4,-10.6)) ;
#2107=CARTESIAN_POINT('Axis2P3D Location',(0.5,74.4,-8.3)) ;
#2111=CARTESIAN_POINT('Vertex',(0.5,74.4,-6.)) ;
#2113=CARTESIAN_POINT('Vertex',(0.5,74.4,-10.6)) ;
#2116=CARTESIAN_POINT('Line Origine',(0.,74.4,-6.)) ;
#2120=CARTESIAN_POINT('Vertex',(-0.5,74.4,-6.)) ;
#2123=CARTESIAN_POINT('Axis2P3D Location',(-0.5,74.4,-8.3)) ;
#2127=CARTESIAN_POINT('Vertex',(-0.5,74.4,-10.6)) ;
#2130=CARTESIAN_POINT('Line Origine',(0.,74.4,-10.6)) ;
#2147=CARTESIAN_POINT('Axis2P3D Location',(-59.5,74.4,-8.3)) ;
#2151=CARTESIAN_POINT('Vertex',(-59.5,74.4,-6.)) ;
#2153=CARTESIAN_POINT('Vertex',(-59.5,74.4,-10.6)) ;
#2156=CARTESIAN_POINT('Line Origine',(-60.,74.4,-6.)) ;
#2160=CARTESIAN_POINT('Vertex',(-60.5,74.4,-6.)) ;
#2163=CARTESIAN_POINT('Axis2P3D Location',(-60.5,74.4,-8.3)) ;
#2167=CARTESIAN_POINT('Vertex',(-60.5,74.4,-10.6)) ;
#2170=CARTESIAN_POINT('Line Origine',(-60.,74.4,-10.6)) ;
#2188=CARTESIAN_POINT('Axis2P3D Location',(-93.4,50.5,-8.3)) ;
#2192=CARTESIAN_POINT('Vertex',(-93.4,50.5,-10.6)) ;
#2194=CARTESIAN_POINT('Vertex',(-93.4,50.5,-6.)) ;
#2197=CARTESIAN_POINT('Line Origine',(-93.4,50.,-6.)) ;
#2201=CARTESIAN_POINT('Vertex',(-93.4,49.5,-6.)) ;
#2204=CARTESIAN_POINT('Axis2P3D Location',(-93.4,49.5,-8.3)) ;
#2208=CARTESIAN_POINT('Vertex',(-93.4,49.5,-10.6)) ;
#2211=CARTESIAN_POINT('Line Origine',(-93.4,50.,-10.6)) ;
#2223=CARTESIAN_POINT('Axis2P3D Location',(-84.,-65.,-6.15)) ;
#2228=CARTESIAN_POINT('Line Origine',(-91.,-65.,-6.15)) ;
#2232=CARTESIAN_POINT('Vertex',(-91.,-65.,0.)) ;
#2235=CARTESIAN_POINT('Axis2P3D Location',(-84.,-65.,0.)) ;
#2239=CARTESIAN_POINT('Vertex',(-84.,-72.,0.)) ;
#2242=CARTESIAN_POINT('Line Origine',(-84.,-72.,-6.15)) ;
#2254=CARTESIAN_POINT('Axis2P3D Location',(-91.,65.,0.)) ;
#2259=CARTESIAN_POINT('Line Origine',(-91.,65.,-6.15)) ;
#2263=CARTESIAN_POINT('Vertex',(-91.,65.,0.)) ;
#2266=CARTESIAN_POINT('Line Origine',(-91.,0.,0.)) ;
#2277=CARTESIAN_POINT('Axis2P3D Location',(-91.,-49.5,-8.3)) ;
#2281=CARTESIAN_POINT('Vertex',(-91.,-49.5,-10.6)) ;
#2283=CARTESIAN_POINT('Vertex',(-91.,-49.5,-6.)) ;
#2286=CARTESIAN_POINT('Line Origine',(-91.,-50.,-10.6)) ;
#2290=CARTESIAN_POINT('Vertex',(-91.,-50.5,-10.6)) ;
#2293=CARTESIAN_POINT('Axis2P3D Location',(-91.,-50.5,-8.3)) ;
#2297=CARTESIAN_POINT('Vertex',(-91.,-50.5,-6.)) ;
#2300=CARTESIAN_POINT('Line Origine',(-91.,-50.,-6.)) ;
#2311=CARTESIAN_POINT('Axis2P3D Location',(-91.,50.5,-8.3)) ;
#2315=CARTESIAN_POINT('Vertex',(-91.,50.5,-10.6)) ;
#2317=CARTESIAN_POINT('Vertex',(-91.,50.5,-6.)) ;
#2320=CARTESIAN_POINT('Line Origine',(-91.,50.,-10.6)) ;
#2324=CARTESIAN_POINT('Vertex',(-91.,49.5,-10.6)) ;
#2327=CARTESIAN_POINT('Axis2P3D Location',(-91.,49.5,-8.3)) ;
#2331=CARTESIAN_POINT('Vertex',(-91.,49.5,-6.)) ;
#2334=CARTESIAN_POINT('Line Origine',(-91.,50.,-6.)) ;
#2346=CARTESIAN_POINT('Axis2P3D Location',(-84.,65.,-6.15)) ;
#2351=CARTESIAN_POINT('Line Origine',(-84.,72.,-6.15)) ;
#2355=CARTESIAN_POINT('Vertex',(-84.,72.,0.)) ;
#2358=CARTESIAN_POINT('Axis2P3D Location',(-84.,65.,0.)) ;
#2370=CARTESIAN_POINT('Axis2P3D Location',(84.,72.,0.)) ;
#2375=CARTESIAN_POINT('Line Origine',(84.,72.,-6.15)) ;
#2379=CARTESIAN_POINT('Vertex',(84.,72.,0.)) ;
#2382=CARTESIAN_POINT('Line Origine',(0.,72.,0.)) ;
#2393=CARTESIAN_POINT('Axis2P3D Location',(-60.5,72.,-8.3)) ;
#2397=CARTESIAN_POINT('Vertex',(-60.5,72.,-10.6)) ;
#2399=CARTESIAN_POINT('Vertex',(-60.5,72.,-6.)) ;
#2402=CARTESIAN_POINT('Line Origine',(-60.,72.,-6.)) ;
#2406=CARTESIAN_POINT('Vertex',(-59.5,72.,-6.)) ;
#2409=CARTESIAN_POINT('Axis2P3D Location',(-59.5,72.,-8.3)) ;
#2413=CARTESIAN_POINT('Vertex',(-59.5,72.,-10.6)) ;
#2416=CARTESIAN_POINT('Line Origine',(-60.,72.,-10.6)) ;
#2427=CARTESIAN_POINT('Axis2P3D Location',(-0.5,72.,-8.3)) ;
#2431=CARTESIAN_POINT('Vertex',(-0.5,72.,-10.6)) ;
#2433=CARTESIAN_POINT('Vertex',(-0.5,72.,-6.)) ;
#2436=CARTESIAN_POINT('Line Origine',(0.,72.,-6.)) ;
#2440=CARTESIAN_POINT('Vertex',(0.5,72.,-6.)) ;
#2443=CARTESIAN_POINT('Axis2P3D Location',(0.5,72.,-8.3)) ;
#2447=CARTESIAN_POINT('Vertex',(0.5,72.,-10.6)) ;
#2450=CARTESIAN_POINT('Line Origine',(0.,72.,-10.6)) ;
#2461=CARTESIAN_POINT('Axis2P3D Location',(59.5,72.,-8.3)) ;
#2465=CARTESIAN_POINT('Vertex',(59.5,72.,-10.6)) ;
#2467=CARTESIAN_POINT('Vertex',(59.5,72.,-6.)) ;
#2470=CARTESIAN_POINT('Line Origine',(60.,72.,-6.)) ;
#2474=CARTESIAN_POINT('Vertex',(60.5,72.,-6.)) ;
#2477=CARTESIAN_POINT('Axis2P3D Location',(60.5,72.,-8.3)) ;
#2481=CARTESIAN_POINT('Vertex',(60.5,72.,-10.6)) ;
#2484=CARTESIAN_POINT('Line Origine',(60.,72.,-10.6)) ;
#2496=CARTESIAN_POINT('Axis2P3D Location',(84.,65.,-6.15)) ;
#2501=CARTESIAN_POINT('Line Origine',(91.,65.,-6.15)) ;
#2505=CARTESIAN_POINT('Vertex',(91.,65.,0.)) ;
#2508=CARTESIAN_POINT('Axis2P3D Location',(84.,65.,0.)) ;
#2520=CARTESIAN_POINT('Axis2P3D Location',(91.,-65.,0.)) ;
#2525=CARTESIAN_POINT('Line Origine',(91.,-65.,-6.15)) ;
#2529=CARTESIAN_POINT('Vertex',(91.,-65.,0.)) ;
#2532=CARTESIAN_POINT('Line Origine',(91.,0.,0.)) ;
#2543=CARTESIAN_POINT('Line Origine',(91.,-50.,-6.)) ;
#2547=CARTESIAN_POINT('Vertex',(91.,-49.5,-6.)) ;
#2549=CARTESIAN_POINT('Vertex',(91.,-50.5,-6.)) ;
#2552=CARTESIAN_POINT('Axis2P3D Location',(91.,-50.5,-8.3)) ;
#2556=CARTESIAN_POINT('Vertex',(91.,-50.5,-10.6)) ;
#2559=CARTESIAN_POINT('Line Origine',(91.,-50.,-10.6)) ;
#2563=CARTESIAN_POINT('Vertex',(91.,-49.5,-10.6)) ;
#2566=CARTESIAN_POINT('Axis2P3D Location',(91.,-49.5,-8.3)) ;
#2577=CARTESIAN_POINT('Line Origine',(91.,50.,-6.)) ;
#2581=CARTESIAN_POINT('Vertex',(91.,50.5,-6.)) ;
#2583=CARTESIAN_POINT('Vertex',(91.,49.5,-6.)) ;
#2586=CARTESIAN_POINT('Axis2P3D Location',(91.,49.5,-8.3)) ;
#2590=CARTESIAN_POINT('Vertex',(91.,49.5,-10.6)) ;
#2593=CARTESIAN_POINT('Line Origine',(91.,50.,-10.6)) ;
#2597=CARTESIAN_POINT('Vertex',(91.,50.5,-10.6)) ;
#2600=CARTESIAN_POINT('Axis2P3D Location',(91.,50.5,-8.3)) ;
#2612=CARTESIAN_POINT('Axis2P3D Location',(84.,-65.,-6.15)) ;
#2617=CARTESIAN_POINT('Line Origine',(84.,-72.,-6.15)) ;
#2621=CARTESIAN_POINT('Vertex',(84.,-72.,0.)) ;
#2624=CARTESIAN_POINT('Axis2P3D Location',(84.,-65.,0.)) ;
#2636=CARTESIAN_POINT('Axis2P3D Location',(-84.,-72.,0.)) ;
#2641=CARTESIAN_POINT('Line Origine',(0.,-72.,0.)) ;
#2652=CARTESIAN_POINT('Line Origine',(-60.,-72.,-10.6)) ;
#2656=CARTESIAN_POINT('Vertex',(-59.5,-72.,-10.6)) ;
#2658=CARTESIAN_POINT('Vertex',(-60.5,-72.,-10.6)) ;
#2661=CARTESIAN_POINT('Axis2P3D Location',(-59.5,-72.,-8.3)) ;
#2665=CARTESIAN_POINT('Vertex',(-59.5,-72.,-6.)) ;
#2668=CARTESIAN_POINT('Line Origine',(-60.,-72.,-6.)) ;
#2672=CARTESIAN_POINT('Vertex',(-60.5,-72.,-6.)) ;
#2675=CARTESIAN_POINT('Axis2P3D Location',(-60.5,-72.,-8.3)) ;
#2686=CARTESIAN_POINT('Line Origine',(0.,-72.,-10.6)) ;
#2690=CARTESIAN_POINT('Vertex',(0.5,-72.,-10.6)) ;
#2692=CARTESIAN_POINT('Vertex',(-0.5,-72.,-10.6)) ;
#2695=CARTESIAN_POINT('Axis2P3D Location',(0.5,-72.,-8.3)) ;
#2699=CARTESIAN_POINT('Vertex',(0.5,-72.,-6.)) ;
#2702=CARTESIAN_POINT('Line Origine',(0.,-72.,-6.)) ;
#2706=CARTESIAN_POINT('Vertex',(-0.5,-72.,-6.)) ;
#2709=CARTESIAN_POINT('Axis2P3D Location',(-0.5,-72.,-8.3)) ;
#2720=CARTESIAN_POINT('Line Origine',(60.,-72.,-10.6)) ;
#2724=CARTESIAN_POINT('Vertex',(60.5,-72.,-10.6)) ;
#2726=CARTESIAN_POINT('Vertex',(59.5,-72.,-10.6)) ;
#2729=CARTESIAN_POINT('Axis2P3D Location',(60.5,-72.,-8.3)) ;
#2733=CARTESIAN_POINT('Vertex',(60.5,-72.,-6.)) ;
#2736=CARTESIAN_POINT('Line Origine',(60.,-72.,-6.)) ;
#2740=CARTESIAN_POINT('Vertex',(59.5,-72.,-6.)) ;
#2743=CARTESIAN_POINT('Axis2P3D Location',(59.5,-72.,-8.3)) ;
#2755=CARTESIAN_POINT('Axis2P3D Location',(-59.5,75.,-10.6)) ;
#2760=CARTESIAN_POINT('Line Origine',(-92.2,-50.5,-10.6)) ;
#2765=CARTESIAN_POINT('Line Origine',(-92.2,-49.5,-10.6)) ;
#2777=CARTESIAN_POINT('Axis2P3D Location',(92.5,-50.5,-8.3)) ;
#2782=CARTESIAN_POINT('Line Origine',(0.,-50.5,-6.)) ;
#2794=CARTESIAN_POINT('Axis2P3D Location',(-60.5,75.,-6.)) ;
#2799=CARTESIAN_POINT('Line Origine',(-92.2,-49.5,-6.)) ;
#2811=CARTESIAN_POINT('Axis2P3D Location',(92.5,-49.5,-8.3)) ;
#2823=CARTESIAN_POINT('Axis2P3D Location',(-59.5,73.5,-8.3)) ;
#2828=CARTESIAN_POINT('Line Origine',(-59.5,0.,-6.)) ;
#2833=CARTESIAN_POINT('Line Origine',(-59.5,0.,-10.6)) ;
#2845=CARTESIAN_POINT('Line Origine',(-60.5,-73.2,-6.)) ;
#2857=CARTESIAN_POINT('Axis2P3D Location',(-60.5,73.5,-8.3)) ;
#2862=CARTESIAN_POINT('Line Origine',(-60.5,0.,-10.6)) ;
#2881=CARTESIAN_POINT('Axis2P3D Location',(0.5,73.5,-8.3)) ;
#2886=CARTESIAN_POINT('Line Origine',(0.5,0.,-6.)) ;
#2891=CARTESIAN_POINT('Line Origine',(0.5,0.,-10.6)) ;
#2903=CARTESIAN_POINT('Line Origine',(-0.5,-73.2,-6.)) ;
#2915=CARTESIAN_POINT('Axis2P3D Location',(-0.5,73.5,-8.3)) ;
#2920=CARTESIAN_POINT('Line Origine',(-0.5,0.,-10.6)) ;
#2939=CARTESIAN_POINT('Axis2P3D Location',(60.5,73.5,-8.3)) ;
#2944=CARTESIAN_POINT('Line Origine',(60.5,0.,-6.)) ;
#2949=CARTESIAN_POINT('Line Origine',(60.5,0.,-10.6)) ;
#2961=CARTESIAN_POINT('Line Origine',(59.5,-73.2,-6.)) ;
#2973=CARTESIAN_POINT('Axis2P3D Location',(59.5,73.5,-8.3)) ;
#2978=CARTESIAN_POINT('Line Origine',(59.5,0.,-10.6)) ;
#2997=CARTESIAN_POINT('Line Origine',(92.2,-49.5,-10.6)) ;
#3002=CARTESIAN_POINT('Line Origine',(92.2,-50.5,-10.6)) ;
#3014=CARTESIAN_POINT('Line Origine',(0.,-50.5,-6.)) ;
#3026=CARTESIAN_POINT('Line Origine',(92.2,-49.5,-6.)) ;
#3045=CARTESIAN_POINT('Line Origine',(92.2,50.5,-10.6)) ;
#3050=CARTESIAN_POINT('Line Origine',(92.2,49.5,-10.6)) ;
#3062=CARTESIAN_POINT('Axis2P3D Location',(92.5,49.5,-8.3)) ;
#3067=CARTESIAN_POINT('Line Origine',(0.,49.5,-6.)) ;
#3079=CARTESIAN_POINT('Line Origine',(92.2,50.5,-6.)) ;
#3091=CARTESIAN_POINT('Axis2P3D Location',(92.5,50.5,-8.3)) ;
#3103=CARTESIAN_POINT('Line Origine',(60.5,0.,-10.6)) ;
#3108=CARTESIAN_POINT('Line Origine',(60.5,0.,-6.)) ;
#3120=CARTESIAN_POINT('Line Origine',(59.5,73.2,-6.)) ;
#3132=CARTESIAN_POINT('Line Origine',(59.5,0.,-10.6)) ;
#3151=CARTESIAN_POINT('Line Origine',(0.5,0.,-10.6)) ;
#3156=CARTESIAN_POINT('Line Origine',(0.5,0.,-6.)) ;
#3168=CARTESIAN_POINT('Line Origine',(-0.5,73.2,-6.)) ;
#3180=CARTESIAN_POINT('Line Origine',(-0.5,0.,-10.6)) ;
#3199=CARTESIAN_POINT('Line Origine',(-59.5,0.,-10.6)) ;
#3204=CARTESIAN_POINT('Line Origine',(-59.5,0.,-6.)) ;
#3216=CARTESIAN_POINT('Line Origine',(-60.5,73.2,-6.)) ;
#3228=CARTESIAN_POINT('Line Origine',(-60.5,0.,-10.6)) ;
#3247=CARTESIAN_POINT('Line Origine',(-92.2,49.5,-10.6)) ;
#3252=CARTESIAN_POINT('Line Origine',(-92.2,50.5,-10.6)) ;
#3264=CARTESIAN_POINT('Line Origine',(0.,49.5,-6.)) ;
#3276=CARTESIAN_POINT('Line Origine',(-92.2,50.5,-6.)) ;
#3295=CARTESIAN_POINT('Axis2P3D Location',(0.,0.,0.)) ;
#3310=CARTESIAN_POINT('Axis2P3D Location',(-64.6,-48.6,0.)) ;
#3314=CARTESIAN_POINT('Vertex',(-70.,-48.6,0.)) ;
#3316=CARTESIAN_POINT('Vertex',(-64.6,-54.,0.)) ;
#3319=CARTESIAN_POINT('Line Origine',(0.,-54.,0.)) ;
#3323=CARTESIAN_POINT('Vertex',(64.6,-54.,0.)) ;
#3326=CARTESIAN_POINT('Axis2P3D Location',(64.6,-48.6,0.)) ;
#3330=CARTESIAN_POINT('Vertex',(70.,-48.6,0.)) ;
#3333=CARTESIAN_POINT('Line Origine',(70.,0.,0.)) ;
#3337=CARTESIAN_POINT('Vertex',(70.,48.6,0.)) ;
#3340=CARTESIAN_POINT('Axis2P3D Location',(64.6,48.6,0.)) ;
#3344=CARTESIAN_POINT('Vertex',(64.6,54.,0.)) ;
#3347=CARTESIAN_POINT('Line Origine',(0.,54.,0.)) ;
#3351=CARTESIAN_POINT('Vertex',(-64.6,54.,0.)) ;
#3354=CARTESIAN_POINT('Axis2P3D Location',(-64.6,48.6,0.)) ;
#3358=CARTESIAN_POINT('Vertex',(-70.,48.6,0.)) ;
#3361=CARTESIAN_POINT('Line Origine',(-70.,0.,0.)) ;
#3377=CARTESIAN_POINT('Axis2P3D Location',(-70.,48.6,0.)) ;
#3382=CARTESIAN_POINT('Line Origine',(-70.,0.,-2.5)) ;
#3386=CARTESIAN_POINT('Vertex',(-70.,48.6,-2.5)) ;
#3388=CARTESIAN_POINT('Vertex',(-70.,-48.6,-2.5)) ;
#3391=CARTESIAN_POINT('Line Origine',(-70.,-48.6,-1.25)) ;
#3396=CARTESIAN_POINT('Line Origine',(-70.,48.6,-1.25)) ;
#3408=CARTESIAN_POINT('Axis2P3D Location',(-64.6,48.6,-1.25)) ;
#3413=CARTESIAN_POINT('Axis2P3D Location',(-64.6,48.6,-2.5)) ;
#3417=CARTESIAN_POINT('Vertex',(-64.6,54.,-2.5)) ;
#3420=CARTESIAN_POINT('Line Origine',(-64.6,54.,-1.25)) ;
#3432=CARTESIAN_POINT('Axis2P3D Location',(64.6,54.,0.)) ;
#3437=CARTESIAN_POINT('Line Origine',(0.,54.,-2.5)) ;
#3441=CARTESIAN_POINT('Vertex',(64.6,54.,-2.5)) ;
#3444=CARTESIAN_POINT('Line Origine',(64.6,54.,-1.25)) ;
#3456=CARTESIAN_POINT('Axis2P3D Location',(64.6,48.6,-1.25)) ;
#3461=CARTESIAN_POINT('Axis2P3D Location',(64.6,48.6,-2.5)) ;
#3465=CARTESIAN_POINT('Vertex',(70.,48.6,-2.5)) ;
#3468=CARTESIAN_POINT('Line Origine',(70.,48.6,-1.25)) ;
#3480=CARTESIAN_POINT('Axis2P3D Location',(70.,-48.6,0.)) ;
#3485=CARTESIAN_POINT('Line Origine',(70.,0.,-2.5)) ;
#3489=CARTESIAN_POINT('Vertex',(70.,-48.6,-2.5)) ;
#3492=CARTESIAN_POINT('Line Origine',(70.,-48.6,-1.25)) ;
#3504=CARTESIAN_POINT('Axis2P3D Location',(64.6,-48.6,-1.25)) ;
#3509=CARTESIAN_POINT('Axis2P3D Location',(64.6,-48.6,-2.5)) ;
#3513=CARTESIAN_POINT('Vertex',(64.6,-54.,-2.5)) ;
#3516=CARTESIAN_POINT('Line Origine',(64.6,-54.,-1.25)) ;
#3528=CARTESIAN_POINT('Axis2P3D Location',(-64.6,-54.,0.)) ;
#3533=CARTESIAN_POINT('Line Origine',(0.,-54.,-2.5)) ;
#3537=CARTESIAN_POINT('Vertex',(-64.6,-54.,-2.5)) ;
#3540=CARTESIAN_POINT('Line Origine',(-64.6,-54.,-1.25)) ;
#3552=CARTESIAN_POINT('Axis2P3D Location',(-64.6,-48.6,-1.25)) ;
#3557=CARTESIAN_POINT('Axis2P3D Location',(-64.6,-48.6,-2.5)) ;
#3569=CARTESIAN_POINT('Axis2P3D Location',(0.,0.,-2.5)) ;
#3584=CARTESIAN_POINT('Line Origine',(0.,-51.5,-2.5)) ;
#3588=CARTESIAN_POINT('Vertex',(-64.6,-51.5,-2.5)) ;
#3590=CARTESIAN_POINT('Vertex',(64.6,-51.5,-2.5)) ;
#3593=CARTESIAN_POINT('Axis2P3D Location',(64.6,-48.6,-2.5)) ;
#3597=CARTESIAN_POINT('Vertex',(67.5,-48.6,-2.5)) ;
#3600=CARTESIAN_POINT('Line Origine',(67.5,0.,-2.5)) ;
#3604=CARTESIAN_POINT('Vertex',(67.5,48.6,-2.5)) ;
#3607=CARTESIAN_POINT('Axis2P3D Location',(64.6,48.6,-2.5)) ;
#3611=CARTESIAN_POINT('Vertex',(64.6,51.5,-2.5)) ;
#3614=CARTESIAN_POINT('Line Origine',(0.,51.5,-2.5)) ;
#3618=CARTESIAN_POINT('Vertex',(-64.6,51.5,-2.5)) ;
#3621=CARTESIAN_POINT('Axis2P3D Location',(-64.6,48.6,-2.5)) ;
#3625=CARTESIAN_POINT('Vertex',(-67.5,48.6,-2.5)) ;
#3628=CARTESIAN_POINT('Line Origine',(-67.5,0.,-2.5)) ;
#3632=CARTESIAN_POINT('Vertex',(-67.5,-48.6,-2.5)) ;
#3635=CARTESIAN_POINT('Axis2P3D Location',(-64.6,-48.6,-2.5)) ;
#3651=CARTESIAN_POINT('Axis2P3D Location',(-64.6,-48.6,-1.25)) ;
#3656=CARTESIAN_POINT('Line Origine',(-67.5,-48.6,-1.25)) ;
#3660=CARTESIAN_POINT('Vertex',(-67.5,-48.6,0.)) ;
#3663=CARTESIAN_POINT('Axis2P3D Location',(-64.6,-48.6,0.)) ;
#3667=CARTESIAN_POINT('Vertex',(-64.6,-51.5,0.)) ;
#3670=CARTESIAN_POINT('Line Origine',(-64.6,-51.5,-1.25)) ;
#3682=CARTESIAN_POINT('Axis2P3D Location',(-67.5,48.6,0.)) ;
#3687=CARTESIAN_POINT('Line Origine',(-67.5,48.6,-1.25)) ;
#3691=CARTESIAN_POINT('Vertex',(-67.5,48.6,0.)) ;
#3694=CARTESIAN_POINT('Line Origine',(-67.5,0.,0.)) ;
#3706=CARTESIAN_POINT('Axis2P3D Location',(-64.6,48.6,-1.25)) ;
#3711=CARTESIAN_POINT('Line Origine',(-64.6,51.5,-1.25)) ;
#3715=CARTESIAN_POINT('Vertex',(-64.6,51.5,0.)) ;
#3718=CARTESIAN_POINT('Axis2P3D Location',(-64.6,48.6,0.)) ;
#3730=CARTESIAN_POINT('Axis2P3D Location',(64.6,51.5,0.)) ;
#3735=CARTESIAN_POINT('Line Origine',(64.6,51.5,-1.25)) ;
#3739=CARTESIAN_POINT('Vertex',(64.6,51.5,0.)) ;
#3742=CARTESIAN_POINT('Line Origine',(0.,51.5,0.)) ;
#3754=CARTESIAN_POINT('Axis2P3D Location',(64.6,48.6,-1.25)) ;
#3759=CARTESIAN_POINT('Line Origine',(67.5,48.6,-1.25)) ;
#3763=CARTESIAN_POINT('Vertex',(67.5,48.6,0.)) ;
#3766=CARTESIAN_POINT('Axis2P3D Location',(64.6,48.6,0.)) ;
#3778=CARTESIAN_POINT('Axis2P3D Location',(67.5,-48.6,0.)) ;
#3783=CARTESIAN_POINT('Line Origine',(67.5,-48.6,-1.25)) ;
#3787=CARTESIAN_POINT('Vertex',(67.5,-48.6,0.)) ;
#3790=CARTESIAN_POINT('Line Origine',(67.5,0.,0.)) ;
#3802=CARTESIAN_POINT('Axis2P3D Location',(64.6,-48.6,-1.25)) ;
#3807=CARTESIAN_POINT('Line Origine',(64.6,-51.5,-1.25)) ;
#3811=CARTESIAN_POINT('Vertex',(64.6,-51.5,0.)) ;
#3814=CARTESIAN_POINT('Axis2P3D Location',(64.6,-48.6,0.)) ;
#3826=CARTESIAN_POINT('Axis2P3D Location',(-64.6,-51.5,0.)) ;
#3831=CARTESIAN_POINT('Line Origine',(0.,-51.5,0.)) ;
#3853=CARTESIAN_POINT('Axis2P3D Location',(-48.,-17.,0.)) ;
#3857=CARTESIAN_POINT('Vertex',(-59.,-17.,0.)) ;
#3859=CARTESIAN_POINT('Vertex',(-37.,-17.,0.)) ;
#3862=CARTESIAN_POINT('Axis2P3D Location',(-48.,-17.,0.)) ;
#3871=CARTESIAN_POINT('Axis2P3D Location',(-39.,22.,0.)) ;
#3875=CARTESIAN_POINT('Vertex',(-47.2,22.,0.)) ;
#3877=CARTESIAN_POINT('Vertex',(-30.8,22.,0.)) ;
#3880=CARTESIAN_POINT('Axis2P3D Location',(-39.,22.,0.)) ;
#3889=CARTESIAN_POINT('Axis2P3D Location',(-13.,22.,0.)) ;
#3893=CARTESIAN_POINT('Vertex',(-21.2,22.,0.)) ;
#3895=CARTESIAN_POINT('Vertex',(-4.8,22.,0.)) ;
#3898=CARTESIAN_POINT('Axis2P3D Location',(-13.,22.,0.)) ;
#3907=CARTESIAN_POINT('Axis2P3D Location',(13.,22.,0.)) ;
#3911=CARTESIAN_POINT('Vertex',(4.8,22.,0.)) ;
#3913=CARTESIAN_POINT('Vertex',(21.2,22.,0.)) ;
#3916=CARTESIAN_POINT('Axis2P3D Location',(13.,22.,0.)) ;
#3925=CARTESIAN_POINT('Axis2P3D Location',(39.,22.,0.)) ;
#3929=CARTESIAN_POINT('Vertex',(30.8,22.,0.)) ;
#3931=CARTESIAN_POINT('Vertex',(47.2,22.,0.)) ;
#3934=CARTESIAN_POINT('Axis2P3D Location',(39.,22.,0.)) ;
#3943=CARTESIAN_POINT('Axis2P3D Location',(32.,-17.,0.)) ;
#3947=CARTESIAN_POINT('Vertex',(20.8,-17.,0.)) ;
#3949=CARTESIAN_POINT('Vertex',(43.2,-17.,0.)) ;
#3952=CARTESIAN_POINT('Axis2P3D Location',(32.,-17.,0.)) ;
#3962=CARTESIAN_POINT('Axis2P3D Location',(-48.,-17.,0.1)) ;
#3967=CARTESIAN_POINT('Axis2P3D Location',(-48.,-17.,0.2)) ;
#3971=CARTESIAN_POINT('Vertex',(-37.,-17.,0.2)) ;
#3973=CARTESIAN_POINT('Vertex',(-59.,-17.,0.2)) ;
#3976=CARTESIAN_POINT('Line Origine',(-59.,-17.,0.1)) ;
#3981=CARTESIAN_POINT('Line Origine',(-37.,-17.,0.1)) ;
#3993=CARTESIAN_POINT('Axis2P3D Location',(-48.,-17.,0.2)) ;
#4005=CARTESIAN_POINT('Axis2P3D Location',(0.,0.,0.2)) ;
#4014=CARTESIAN_POINT('Axis2P3D Location',(-48.,-17.,0.2)) ;
#4018=CARTESIAN_POINT('Vertex',(-54.9,-17.,0.2)) ;
#4020=CARTESIAN_POINT('Vertex',(-41.1,-17.,0.2)) ;
#4023=CARTESIAN_POINT('Axis2P3D Location',(-48.,-17.,0.2)) ;
#4033=CARTESIAN_POINT('Axis2P3D Location',(32.,-17.,3.6)) ;
#4038=CARTESIAN_POINT('Line Origine',(43.2,-17.,2.)) ;
#4042=CARTESIAN_POINT('Vertex',(43.2,-17.,3.2)) ;
#4045=CARTESIAN_POINT('Line Origine',(20.8,-17.,2.)) ;
#4049=CARTESIAN_POINT('Vertex',(20.8,-17.,3.2)) ;
#4052=CARTESIAN_POINT('Line Origine',(20.8,-17.,2.)) ;
#4057=CARTESIAN_POINT('Line Origine',(43.2,-17.,2.)) ;
#4080=CARTESIAN_POINT('Axis2P3D Location',(-48.,-17.,3.6)) ;
#4085=CARTESIAN_POINT('Line Origine',(-41.1,-17.,2.)) ;
#4089=CARTESIAN_POINT('Vertex',(-41.1,-17.,3.2)) ;
#4092=CARTESIAN_POINT('Line Origine',(-41.1,-17.,2.)) ;
#4097=CARTESIAN_POINT('Line Origine',(-54.9,-17.,2.)) ;
#4101=CARTESIAN_POINT('Vertex',(-54.9,-17.,3.2)) ;
#4104=CARTESIAN_POINT('Line Origine',(-54.9,-17.,2.)) ;
#4127=CARTESIAN_POINT('Axis2P3D Location',(39.,22.,3.6)) ;
#4132=CARTESIAN_POINT('Line Origine',(47.2,22.,2.)) ;
#4136=CARTESIAN_POINT('Vertex',(47.2,22.,3.2)) ;
#4139=CARTESIAN_POINT('Line Origine',(30.8,22.,2.)) ;
#4143=CARTESIAN_POINT('Vertex',(30.8,22.,3.2)) ;
#4146=CARTESIAN_POINT('Line Origine',(30.8,22.,2.)) ;
#4151=CARTESIAN_POINT('Line Origine',(47.2,22.,2.)) ;
#4174=CARTESIAN_POINT('Axis2P3D Location',(13.,22.,3.6)) ;
#4179=CARTESIAN_POINT('Line Origine',(21.2,22.,2.)) ;
#4183=CARTESIAN_POINT('Vertex',(21.2,22.,3.2)) ;
#4186=CARTESIAN_POINT('Line Origine',(4.8,22.,2.)) ;
#4190=CARTESIAN_POINT('Vertex',(4.8,22.,3.2)) ;
#4193=CARTESIAN_POINT('Line Origine',(4.8,22.,2.)) ;
#4198=CARTESIAN_POINT('Line Origine',(21.2,22.,2.)) ;
#4221=CARTESIAN_POINT('Axis2P3D Location',(-13.,22.,3.6)) ;
#4226=CARTESIAN_POINT('Line Origine',(-4.8,22.,2.)) ;
#4230=CARTESIAN_POINT('Vertex',(-4.8,22.,3.2)) ;
#4233=CARTESIAN_POINT('Line Origine',(-21.2,22.,2.)) ;
#4237=CARTESIAN_POINT('Vertex',(-21.2,22.,3.2)) ;
#4240=CARTESIAN_POINT('Line Origine',(-21.2,22.,2.)) ;
#4245=CARTESIAN_POINT('Line Origine',(-4.8,22.,2.)) ;
#4268=CARTESIAN_POINT('Axis2P3D Location',(-39.,22.,3.6)) ;
#4273=CARTESIAN_POINT('Line Origine',(-30.8,22.,2.)) ;
#4277=CARTESIAN_POINT('Vertex',(-30.8,22.,3.2)) ;
#4280=CARTESIAN_POINT('Line Origine',(-47.2,22.,2.)) ;
#4284=CARTESIAN_POINT('Vertex',(-47.2,22.,3.2)) ;
#4287=CARTESIAN_POINT('Line Origine',(-47.2,22.,2.)) ;
#4292=CARTESIAN_POINT('Line Origine',(-30.8,22.,2.)) ;
#8=PRODUCT_RELATED_PRODUCT_CATEGORY('part',$,(#5)) ;
#15=UNCERTAINTY_MEASURE_WITH_UNIT(LENGTH_MEASURE(0.005),#12,'distance_accuracy_value','CONFUSED CURVE UNCERTAINTY') ;
#29=STYLED_ITEM(' ',(#28),#21) ;
#28=PRESENTATION_STYLE_ASSIGNMENT((#27)) ;
#27=SURFACE_STYLE_USAGE(.BOTH.,#26) ;
#26=SURFACE_SIDE_STYLE(' ',(#25)) ;
#25=SURFACE_STYLE_FILL_AREA(#24) ;
#24=FILL_AREA_STYLE(' ',(#23)) ;
#23=FILL_AREA_STYLE_COLOUR(' ',#22) ;
#38=VECTOR('Line Direction',#37,1.) ;
#54=VECTOR('Line Direction',#53,1.) ;
#95=VECTOR('Line Direction',#94,1.) ;
#111=VECTOR('Line Direction',#110,1.) ;
#125=VECTOR('Line Direction',#124,1.) ;
#139=VECTOR('Line Direction',#138,1.) ;
#289=VECTOR('Line Direction',#288,1.) ;
#312=VECTOR('Line Direction',#311,1.) ;
#333=VECTOR('Line Direction',#332,1.) ;
#340=VECTOR('Line Direction',#339,1.) ;
#345=VECTOR('Line Direction',#344,1.) ;
#352=VECTOR('Line Direction',#351,1.) ;
#399=VECTOR('Line Direction',#398,1.) ;
#416=VECTOR('Line Direction',#415,1.) ;
#446=VECTOR('Line Direction',#445,1.) ;
#453=VECTOR('Line Direction',#452,1.) ;
#458=VECTOR('Line Direction',#457,1.) ;
#511=VECTOR('Line Direction',#510,1.) ;
#528=VECTOR('Line Direction',#527,1.) ;
#551=VECTOR('Line Direction',#550,1.) ;
#572=VECTOR('Line Direction',#571,1.) ;
#579=VECTOR('Line Direction',#578,1.) ;
#584=VECTOR('Line Direction',#583,1.) ;
#631=VECTOR('Line Direction',#630,1.) ;
#648=VECTOR('Line Direction',#647,1.) ;
#678=VECTOR('Line Direction',#677,1.) ;
#685=VECTOR('Line Direction',#684,1.) ;
#690=VECTOR('Line Direction',#689,1.) ;
#753=VECTOR('Line Direction',#752,1.) ;
#760=VECTOR('Line Direction',#759,1.) ;
#796=VECTOR('Line Direction',#795,1.) ;
#803=VECTOR('Line Direction',#802,1.) ;
#839=VECTOR('Line Direction',#838,1.) ;
#846=VECTOR('Line Direction',#845,1.) ;
#882=VECTOR('Line Direction',#881,1.) ;
#889=VECTOR('Line Direction',#888,1.) ;
#925=VECTOR('Line Direction',#924,1.) ;
#932=VECTOR('Line Direction',#931,1.) ;
#968=VECTOR('Line Direction',#967,1.) ;
#975=VECTOR('Line Direction',#974,1.) ;
#982=VECTOR('Line Direction',#981,1.) ;
#987=VECTOR('Line Direction',#986,1.) ;
#994=VECTOR('Line Direction',#993,1.) ;
#1001=VECTOR('Line Direction',#1000,1.) ;
#1006=VECTOR('Line Direction',#1005,1.) ;
#1013=VECTOR('Line Direction',#1012,1.) ;
#1020=VECTOR('Line Direction',#1019,1.) ;
#1025=VECTOR('Line Direction',#1024,1.) ;
#1032=VECTOR('Line Direction',#1031,1.) ;
#1039=VECTOR('Line Direction',#1038,1.) ;
#1044=VECTOR('Line Direction',#1043,1.) ;
#1051=VECTOR('Line Direction',#1050,1.) ;
#1058=VECTOR('Line Direction',#1057,1.) ;
#1063=VECTOR('Line Direction',#1062,1.) ;
#1070=VECTOR('Line Direction',#1069,1.) ;
#1077=VECTOR('Line Direction',#1076,1.) ;
#1082=VECTOR('Line Direction',#1081,1.) ;
#1089=VECTOR('Line Direction',#1088,1.) ;
#1096=VECTOR('Line Direction',#1095,1.) ;
#1101=VECTOR('Line Direction',#1100,1.) ;
#1108=VECTOR('Line Direction',#1107,1.) ;
#1115=VECTOR('Line Direction',#1114,1.) ;
#1120=VECTOR('Line Direction',#1119,1.) ;
#1127=VECTOR('Line Direction',#1126,1.) ;
#1134=VECTOR('Line Direction',#1133,1.) ;
#1139=VECTOR('Line Direction',#1138,1.) ;
#1146=VECTOR('Line Direction',#1145,1.) ;
#1153=VECTOR('Line Direction',#1152,1.) ;
#1208=VECTOR('Line Direction',#1207,1.) ;
#1224=VECTOR('Line Direction',#1223,1.) ;
#1238=VECTOR('Line Direction',#1237,1.) ;
#1252=VECTOR('Line Direction',#1251,1.) ;
#1287=VECTOR('Line Direction',#1286,1.) ;
#1323=VECTOR('Line Direction',#1322,1.) ;
#1359=VECTOR('Line Direction',#1358,1.) ;
#1395=VECTOR('Line Direction',#1394,1.) ;
#1407=VECTOR('Line Direction',#1406,1.) ;
#1450=VECTOR('Line Direction',#1449,1.) ;
#1462=VECTOR('Line Direction',#1461,1.) ;
#1500=VECTOR('Line Direction',#1499,1.) ;
#1531=VECTOR('Line Direction',#1530,1.) ;
#1562=VECTOR('Line Direction',#1561,1.) ;
#1593=VECTOR('Line Direction',#1592,1.) ;
#1612=VECTOR('Line Direction',#1611,1.) ;
#1643=VECTOR('Line Direction',#1642,1.) ;
#1662=VECTOR('Line Direction',#1661,1.) ;
#1821=VECTOR('Line Direction',#1820,1.) ;
#1835=VECTOR('Line Direction',#1834,1.) ;
#1857=VECTOR('Line Direction',#1856,1.) ;
#1873=VECTOR('Line Direction',#1872,1.) ;
#1897=VECTOR('Line Direction',#1896,1.) ;
#1913=VECTOR('Line Direction',#1912,1.) ;
#1937=VECTOR('Line Direction',#1936,1.) ;
#1953=VECTOR('Line Direction',#1952,1.) ;
#1983=VECTOR('Line Direction',#1982,1.) ;
#1999=VECTOR('Line Direction',#1998,1.) ;
#2024=VECTOR('Line Direction',#2023,1.) ;
#2040=VECTOR('Line Direction',#2039,1.) ;
#2078=VECTOR('Line Direction',#2077,1.) ;
#2092=VECTOR('Line Direction',#2091,1.) ;
#2118=VECTOR('Line Direction',#2117,1.) ;
#2132=VECTOR('Line Direction',#2131,1.) ;
#2158=VECTOR('Line Direction',#2157,1.) ;
#2172=VECTOR('Line Direction',#2171,1.) ;
#2199=VECTOR('Line Direction',#2198,1.) ;
#2213=VECTOR('Line Direction',#2212,1.) ;
#2230=VECTOR('Line Direction',#2229,1.) ;
#2244=VECTOR('Line Direction',#2243,1.) ;
#2261=VECTOR('Line Direction',#2260,1.) ;
#2268=VECTOR('Line Direction',#2267,1.) ;
#2288=VECTOR('Line Direction',#2287,1.) ;
#2302=VECTOR('Line Direction',#2301,1.) ;
#2322=VECTOR('Line Direction',#2321,1.) ;
#2336=VECTOR('Line Direction',#2335,1.) ;
#2353=VECTOR('Line Direction',#2352,1.) ;
#2377=VECTOR('Line Direction',#2376,1.) ;
#2384=VECTOR('Line Direction',#2383,1.) ;
#2404=VECTOR('Line Direction',#2403,1.) ;
#2418=VECTOR('Line Direction',#2417,1.) ;
#2438=VECTOR('Line Direction',#2437,1.) ;
#2452=VECTOR('Line Direction',#2451,1.) ;
#2472=VECTOR('Line Direction',#2471,1.) ;
#2486=VECTOR('Line Direction',#2485,1.) ;
#2503=VECTOR('Line Direction',#2502,1.) ;
#2527=VECTOR('Line Direction',#2526,1.) ;
#2534=VECTOR('Line Direction',#2533,1.) ;
#2545=VECTOR('Line Direction',#2544,1.) ;
#2561=VECTOR('Line Direction',#2560,1.) ;
#2579=VECTOR('Line Direction',#2578,1.) ;
#2595=VECTOR('Line Direction',#2594,1.) ;
#2619=VECTOR('Line Direction',#2618,1.) ;
#2643=VECTOR('Line Direction',#2642,1.) ;
#2654=VECTOR('Line Direction',#2653,1.) ;
#2670=VECTOR('Line Direction',#2669,1.) ;
#2688=VECTOR('Line Direction',#2687,1.) ;
#2704=VECTOR('Line Direction',#2703,1.) ;
#2722=VECTOR('Line Direction',#2721,1.) ;
#2738=VECTOR('Line Direction',#2737,1.) ;
#2762=VECTOR('Line Direction',#2761,1.) ;
#2767=VECTOR('Line Direction',#2766,1.) ;
#2784=VECTOR('Line Direction',#2783,1.) ;
#2801=VECTOR('Line Direction',#2800,1.) ;
#2830=VECTOR('Line Direction',#2829,1.) ;
#2835=VECTOR('Line Direction',#2834,1.) ;
#2847=VECTOR('Line Direction',#2846,1.) ;
#2864=VECTOR('Line Direction',#2863,1.) ;
#2888=VECTOR('Line Direction',#2887,1.) ;
#2893=VECTOR('Line Direction',#2892,1.) ;
#2905=VECTOR('Line Direction',#2904,1.) ;
#2922=VECTOR('Line Direction',#2921,1.) ;
#2946=VECTOR('Line Direction',#2945,1.) ;
#2951=VECTOR('Line Direction',#2950,1.) ;
#2963=VECTOR('Line Direction',#2962,1.) ;
#2980=VECTOR('Line Direction',#2979,1.) ;
#2999=VECTOR('Line Direction',#2998,1.) ;
#3004=VECTOR('Line Direction',#3003,1.) ;
#3016=VECTOR('Line Direction',#3015,1.) ;
#3028=VECTOR('Line Direction',#3027,1.) ;
#3047=VECTOR('Line Direction',#3046,1.) ;
#3052=VECTOR('Line Direction',#3051,1.) ;
#3069=VECTOR('Line Direction',#3068,1.) ;
#3081=VECTOR('Line Direction',#3080,1.) ;
#3105=VECTOR('Line Direction',#3104,1.) ;
#3110=VECTOR('Line Direction',#3109,1.) ;
#3122=VECTOR('Line Direction',#3121,1.) ;
#3134=VECTOR('Line Direction',#3133,1.) ;
#3153=VECTOR('Line Direction',#3152,1.) ;
#3158=VECTOR('Line Direction',#3157,1.) ;
#3170=VECTOR('Line Direction',#3169,1.) ;
#3182=VECTOR('Line Direction',#3181,1.) ;
#3201=VECTOR('Line Direction',#3200,1.) ;
#3206=VECTOR('Line Direction',#3205,1.) ;
#3218=VECTOR('Line Direction',#3217,1.) ;
#3230=VECTOR('Line Direction',#3229,1.) ;
#3249=VECTOR('Line Direction',#3248,1.) ;
#3254=VECTOR('Line Direction',#3253,1.) ;
#3266=VECTOR('Line Direction',#3265,1.) ;
#3278=VECTOR('Line Direction',#3277,1.) ;
#3321=VECTOR('Line Direction',#3320,1.) ;
#3335=VECTOR('Line Direction',#3334,1.) ;
#3349=VECTOR('Line Direction',#3348,1.) ;
#3363=VECTOR('Line Direction',#3362,1.) ;
#3384=VECTOR('Line Direction',#3383,1.) ;
#3393=VECTOR('Line Direction',#3392,1.) ;
#3398=VECTOR('Line Direction',#3397,1.) ;
#3422=VECTOR('Line Direction',#3421,1.) ;
#3439=VECTOR('Line Direction',#3438,1.) ;
#3446=VECTOR('Line Direction',#3445,1.) ;
#3470=VECTOR('Line Direction',#3469,1.) ;
#3487=VECTOR('Line Direction',#3486,1.) ;
#3494=VECTOR('Line Direction',#3493,1.) ;
#3518=VECTOR('Line Direction',#3517,1.) ;
#3535=VECTOR('Line Direction',#3534,1.) ;
#3542=VECTOR('Line Direction',#3541,1.) ;
#3586=VECTOR('Line Direction',#3585,1.) ;
#3602=VECTOR('Line Direction',#3601,1.) ;
#3616=VECTOR('Line Direction',#3615,1.) ;
#3630=VECTOR('Line Direction',#3629,1.) ;
#3658=VECTOR('Line Direction',#3657,1.) ;
#3672=VECTOR('Line Direction',#3671,1.) ;
#3689=VECTOR('Line Direction',#3688,1.) ;
#3696=VECTOR('Line Direction',#3695,1.) ;
#3713=VECTOR('Line Direction',#3712,1.) ;
#3737=VECTOR('Line Direction',#3736,1.) ;
#3744=VECTOR('Line Direction',#3743,1.) ;
#3761=VECTOR('Line Direction',#3760,1.) ;
#3785=VECTOR('Line Direction',#3784,1.) ;
#3792=VECTOR('Line Direction',#3791,1.) ;
#3809=VECTOR('Line Direction',#3808,1.) ;
#3833=VECTOR('Line Direction',#3832,1.) ;
#3978=VECTOR('Line Direction',#3977,1.) ;
#3983=VECTOR('Line Direction',#3982,1.) ;
#4040=VECTOR('Line Direction',#4039,1.) ;
#4047=VECTOR('Line Direction',#4046,1.) ;
#4054=VECTOR('Line Direction',#4053,1.) ;
#4059=VECTOR('Line Direction',#4058,1.) ;
#4087=VECTOR('Line Direction',#4086,1.) ;
#4094=VECTOR('Line Direction',#4093,1.) ;
#4099=VECTOR('Line Direction',#4098,1.) ;
#4106=VECTOR('Line Direction',#4105,1.) ;
#4134=VECTOR('Line Direction',#4133,1.) ;
#4141=VECTOR('Line Direction',#4140,1.) ;
#4148=VECTOR('Line Direction',#4147,1.) ;
#4153=VECTOR('Line Direction',#4152,1.) ;
#4181=VECTOR('Line Direction',#4180,1.) ;
#4188=VECTOR('Line Direction',#4187,1.) ;
#4195=VECTOR('Line Direction',#4194,1.) ;
#4200=VECTOR('Line Direction',#4199,1.) ;
#4228=VECTOR('Line Direction',#4227,1.) ;
#4235=VECTOR('Line Direction',#4234,1.) ;
#4242=VECTOR('Line Direction',#4241,1.) ;
#4247=VECTOR('Line Direction',#4246,1.) ;
#4275=VECTOR('Line Direction',#4274,1.) ;
#4282=VECTOR('Line Direction',#4281,1.) ;
#4289=VECTOR('Line Direction',#4288,1.) ;
#4294=VECTOR('Line Direction',#4293,1.) ;
#32=DIRECTION('Axis2P3D Direction',(0.,0.,1.)) ;
#33=DIRECTION('Axis2P3D XDirection',(1.,0.,0.)) ;
#37=DIRECTION('Vector Direction',(0.,0.,1.)) ;
#46=DIRECTION('Axis2P3D Direction',(0.,0.,1.)) ;
#53=DIRECTION('Vector Direction',(0.,0.,1.)) ;
#60=DIRECTION('Axis2P3D Direction',(0.,0.,1.)) ;
#72=DIRECTION('Axis2P3D Direction',(0.,0.,1.)) ;
#77=DIRECTION('Axis2P3D Direction',(0.,0.,1.)) ;
#89=DIRECTION('Axis2P3D Direction',(0.,0.,1.)) ;
#90=DIRECTION('Axis2P3D XDirection',(1.,0.,0.)) ;
#94=DIRECTION('Vector Direction',(1.,0.,0.)) ;
#103=DIRECTION('Axis2P3D Direction',(0.,0.,1.)) ;
#110=DIRECTION('Vector Direction',(0.,1.,0.)) ;
#117=DIRECTION('Axis2P3D Direction',(0.,0.,1.)) ;
#124=DIRECTION('Vector Direction',(-1.,0.,0.)) ;
#131=DIRECTION('Axis2P3D Direction',(0.,0.,1.)) ;
#138=DIRECTION('Vector Direction',(0.,-1.,0.)) ;
#145=DIRECTION('Axis2P3D Direction',(0.,0.,1.)) ;
#164=DIRECTION('Axis2P3D Direction',(0.,0.,1.)) ;
#173=DIRECTION('Axis2P3D Direction',(0.,0.,1.)) ;
#182=DIRECTION('Axis2P3D Direction',(0.,0.,1.)) ;
#191=DIRECTION('Axis2P3D Direction',(0.,0.,1.)) ;
#200=DIRECTION('Axis2P3D Direction',(0.,0.,1.)) ;
#209=DIRECTION('Axis2P3D Direction',(0.,0.,1.)) ;
#218=DIRECTION('Axis2P3D Direction',(0.,0.,1.)) ;
#227=DIRECTION('Axis2P3D Direction',(0.,0.,1.)) ;
#236=DIRECTION('Axis2P3D Direction',(0.,0.,1.)) ;
#245=DIRECTION('Axis2P3D Direction',(0.,0.,1.)) ;
#255=DIRECTION('Axis2P3D Direction',(0.,0.,1.)) ;
#256=DIRECTION('Axis2P3D XDirection',(1.,0.,0.)) ;
#264=DIRECTION('Axis2P3D Direction',(0.,0.,1.)) ;
#273=DIRECTION('Axis2P3D Direction',(0.,0.,1.)) ;
#283=DIRECTION('Axis2P3D Direction',(0.,-1.,0.)) ;
#284=DIRECTION('Axis2P3D XDirection',(1.,0.,0.)) ;
#288=DIRECTION('Vector Direction',(1.,0.,0.)) ;
#297=DIRECTION('Axis2P3D Direction',(0.,-1.,0.)) ;
#304=DIRECTION('Axis2P3D Direction',(0.,-1.,0.)) ;
#311=DIRECTION('Vector Direction',(1.,0.,0.)) ;
#318=DIRECTION('Axis2P3D Direction',(0.,-1.,0.)) ;
#325=DIRECTION('Axis2P3D Direction',(0.,-1.,0.)) ;
#332=DIRECTION('Vector Direction',(1.,0.,0.)) ;
#339=DIRECTION('Vector Direction',(0.,0.,1.)) ;
#344=DIRECTION('Vector Direction',(0.,0.,1.)) ;
#351=DIRECTION('Vector Direction',(1.,0.,0.)) ;
#358=DIRECTION('Axis2P3D Direction',(0.,-1.,0.)) ;
#365=DIRECTION('Axis2P3D Direction',(0.,-1.,0.)) ;
#386=DIRECTION('Axis2P3D Direction',(0.,0.,1.)) ;
#387=DIRECTION('Axis2P3D XDirection',(1.59265981953E-15,-1.,0.)) ;
#391=DIRECTION('Axis2P3D Direction',(0.,0.,1.)) ;
#398=DIRECTION('Vector Direction',(0.,0.,1.)) ;
#410=DIRECTION('Axis2P3D Direction',(1.,0.,0.)) ;
#411=DIRECTION('Axis2P3D XDirection',(0.,1.,0.)) ;
#415=DIRECTION('Vector Direction',(0.,1.,0.)) ;
#424=DIRECTION('Axis2P3D Direction',(1.,0.,0.)) ;
#431=DIRECTION('Axis2P3D Direction',(1.,0.,0.)) ;
#438=DIRECTION('Axis2P3D Direction',(1.,0.,0.)) ;
#445=DIRECTION('Vector Direction',(0.,1.,0.)) ;
#452=DIRECTION('Vector Direction',(0.,0.,1.)) ;
#457=DIRECTION('Vector Direction',(0.,1.,0.)) ;
#464=DIRECTION('Axis2P3D Direction',(1.,0.,0.)) ;
#471=DIRECTION('Axis2P3D Direction',(1.,0.,0.)) ;
#478=DIRECTION('Axis2P3D Direction',(1.,0.,0.)) ;
#498=DIRECTION('Axis2P3D Direction',(0.,0.,1.)) ;
#499=DIRECTION('Axis2P3D XDirection',(1.,0.,0.)) ;
#503=DIRECTION('Axis2P3D Direction',(0.,0.,1.)) ;
#510=DIRECTION('Vector Direction',(0.,0.,1.)) ;
#522=DIRECTION('Axis2P3D Direction',(0.,1.,-0.)) ;
#523=DIRECTION('Axis2P3D XDirection',(-1.,0.,0.)) ;
#527=DIRECTION('Vector Direction',(-1.,0.,0.)) ;
#536=DIRECTION('Axis2P3D Direction',(0.,1.,-0.)) ;
#543=DIRECTION('Axis2P3D Direction',(0.,1.,-0.)) ;
#550=DIRECTION('Vector Direction',(-1.,0.,0.)) ;
#557=DIRECTION('Axis2P3D Direction',(0.,1.,-0.)) ;
#564=DIRECTION('Axis2P3D Direction',(0.,1.,-0.)) ;
#571=DIRECTION('Vector Direction',(-1.,0.,0.)) ;
#578=DIRECTION('Vector Direction',(0.,0.,1.)) ;
#583=DIRECTION('Vector Direction',(-1.,0.,0.)) ;
#590=DIRECTION('Axis2P3D Direction',(0.,1.,-0.)) ;
#597=DIRECTION('Axis2P3D Direction',(0.,1.,-0.)) ;
#618=DIRECTION('Axis2P3D Direction',(0.,0.,1.)) ;
#619=DIRECTION('Axis2P3D XDirection',(1.39349996951E-15,1.,0.)) ;
#623=DIRECTION('Axis2P3D Direction',(0.,0.,1.)) ;
#630=DIRECTION('Vector Direction',(0.,0.,1.)) ;
#642=DIRECTION('Axis2P3D Direction',(-1.,0.,0.)) ;
#643=DIRECTION('Axis2P3D XDirection',(0.,-1.,0.)) ;
#647=DIRECTION('Vector Direction',(0.,-1.,0.)) ;
#656=DIRECTION('Axis2P3D Direction',(-1.,0.,0.)) ;
#663=DIRECTION('Axis2P3D Direction',(-1.,0.,0.)) ;
#670=DIRECTION('Axis2P3D Direction',(-1.,0.,0.)) ;
#677=DIRECTION('Vector Direction',(0.,-1.,0.)) ;
#684=DIRECTION('Vector Direction',(0.,0.,1.)) ;
#689=DIRECTION('Vector Direction',(0.,-1.,0.)) ;
#696=DIRECTION('Axis2P3D Direction',(-1.,0.,0.)) ;
#703=DIRECTION('Axis2P3D Direction',(-1.,0.,0.)) ;
#710=DIRECTION('Axis2P3D Direction',(-1.,0.,0.)) ;
#730=DIRECTION('Axis2P3D Direction',(0.,0.,1.)) ;
#731=DIRECTION('Axis2P3D XDirection',(-1.,2.78699993902E-15,0.)) ;
#735=DIRECTION('Axis2P3D Direction',(0.,0.,1.)) ;
#747=DIRECTION('Axis2P3D Direction',(0.,0.,1.)) ;
#748=DIRECTION('Axis2P3D XDirection',(1.,0.,0.)) ;
#752=DIRECTION('Vector Direction',(0.,0.,1.)) ;
#759=DIRECTION('Vector Direction',(0.,0.,1.)) ;
#766=DIRECTION('Axis2P3D Direction',(0.,0.,1.)) ;
#778=DIRECTION('Axis2P3D Direction',(0.,0.,1.)) ;
#790=DIRECTION('Axis2P3D Direction',(0.,0.,1.)) ;
#791=DIRECTION('Axis2P3D XDirection',(1.,0.,0.)) ;
#795=DIRECTION('Vector Direction',(0.,0.,1.)) ;
#802=DIRECTION('Vector Direction',(0.,0.,1.)) ;
#809=DIRECTION('Axis2P3D Direction',(0.,0.,1.)) ;
#821=DIRECTION('Axis2P3D Direction',(0.,0.,1.)) ;
#833=DIRECTION('Axis2P3D Direction',(0.,0.,1.)) ;
#834=DIRECTION('Axis2P3D XDirection',(1.,0.,0.)) ;
#838=DIRECTION('Vector Direction',(0.,0.,1.)) ;
#845=DIRECTION('Vector Direction',(0.,0.,1.)) ;
#852=DIRECTION('Axis2P3D Direction',(0.,0.,1.)) ;
#864=DIRECTION('Axis2P3D Direction',(0.,0.,1.)) ;
#876=DIRECTION('Axis2P3D Direction',(0.,0.,1.)) ;
#877=DIRECTION('Axis2P3D XDirection',(1.,0.,0.)) ;
#881=DIRECTION('Vector Direction',(0.,0.,1.)) ;
#888=DIRECTION('Vector Direction',(0.,0.,1.)) ;
#895=DIRECTION('Axis2P3D Direction',(0.,0.,1.)) ;
#907=DIRECTION('Axis2P3D Direction',(0.,0.,1.)) ;
#919=DIRECTION('Axis2P3D Direction',(0.,0.,1.)) ;
#920=DIRECTION('Axis2P3D XDirection',(1.,0.,0.)) ;
#924=DIRECTION('Vector Direction',(0.,0.,1.)) ;
#931=DIRECTION('Vector Direction',(0.,0.,1.)) ;
#938=DIRECTION('Axis2P3D Direction',(0.,0.,1.)) ;
#950=DIRECTION('Axis2P3D Direction',(0.,0.,1.)) ;
#962=DIRECTION('Axis2P3D Direction',(0.,0.,1.)) ;
#963=DIRECTION('Axis2P3D XDirection',(1.,0.,0.)) ;
#967=DIRECTION('Vector Direction',(1.,-2.97764775799E-10,0.)) ;
#974=DIRECTION('Vector Direction',(0.,1.,0.)) ;
#981=DIRECTION('Vector Direction',(1.,-2.19581390108E-10,0.)) ;
#986=DIRECTION('Vector Direction',(-1.30266168223E-09,-1.,0.)) ;
#993=DIRECTION('Vector Direction',(-1.,0.,0.)) ;
#1000=DIRECTION('Vector Direction',(-1.24032339954E-09,-1.,0.)) ;
#1005=DIRECTION('Vector Direction',(-8.0726832626E-10,-1.,0.)) ;
#1012=DIRECTION('Vector Direction',(-1.,0.,0.)) ;
#1019=DIRECTION('Vector Direction',(-7.4493892536E-10,-1.,0.)) ;
#1024=DIRECTION('Vector Direction',(-3.11857206725E-10,-1.,0.)) ;
#1031=DIRECTION('Vector Direction',(-1.,0.,0.)) ;
#1038=DIRECTION('Vector Direction',(-2.49566293557E-10,-1.,0.)) ;
#1043=DIRECTION('Vector Direction',(-1.,-2.19581390108E-10,0.)) ;
#1050=DIRECTION('Vector Direction',(0.,1.,0.)) ;
#1057=DIRECTION('Vector Direction',(-1.,-2.97764775799E-10,0.)) ;
#1062=DIRECTION('Vector Direction',(-1.,-1.25443951523E-09,0.)) ;
#1069=DIRECTION('Vector Direction',(0.,1.,0.)) ;
#1076=DIRECTION('Vector Direction',(-1.,-1.3325755314E-09,0.)) ;
#1081=DIRECTION('Vector Direction',(-2.49566293557E-10,1.,0.)) ;
#1088=DIRECTION('Vector Direction',(-1.,0.,0.)) ;
#1095=DIRECTION('Vector Direction',(-3.11857206725E-10,1.,0.)) ;
#1100=DIRECTION('Vector Direction',(-7.44937445063E-10,1.,0.)) ;
#1107=DIRECTION('Vector Direction',(-1.,0.,0.)) ;
#1114=DIRECTION('Vector Direction',(-8.0726832626E-10,1.,0.)) ;
#1119=DIRECTION('Vector Direction',(-1.24029971479E-09,1.,0.)) ;
#1126=DIRECTION('Vector Direction',(-1.,0.,0.)) ;
#1133=DIRECTION('Vector Direction',(-1.30266168223E-09,1.,0.)) ;
#1138=DIRECTION('Vector Direction',(1.,-1.3325755314E-09,0.)) ;
#1145=DIRECTION('Vector Direction',(0.,1.,0.)) ;
#1152=DIRECTION('Vector Direction',(1.,-1.25442767285E-09,0.)) ;
#1207=DIRECTION('Vector Direction',(1.,0.,0.)) ;
#1216=DIRECTION('Axis2P3D Direction',(0.,0.,1.)) ;
#1223=DIRECTION('Vector Direction',(0.,1.,0.)) ;
#1230=DIRECTION('Axis2P3D Direction',(0.,0.,1.)) ;
#1237=DIRECTION('Vector Direction',(-1.,0.,0.)) ;
#1244=DIRECTION('Axis2P3D Direction',(0.,0.,1.)) ;
#1251=DIRECTION('Vector Direction',(0.,-1.,0.)) ;
#1258=DIRECTION('Axis2P3D Direction',(0.,0.,1.)) ;
#1274=DIRECTION('Axis2P3D Direction',(0.,1.,0.)) ;
#1275=DIRECTION('Axis2P3D XDirection',(0.,0.,1.)) ;
#1279=DIRECTION('Axis2P3D Direction',(0.,1.,0.)) ;
#1286=DIRECTION('Vector Direction',(0.,1.,0.)) ;
#1298=DIRECTION('Axis2P3D Direction',(0.,1.,0.)) ;
#1310=DIRECTION('Axis2P3D Direction',(0.,1.,0.)) ;
#1311=DIRECTION('Axis2P3D XDirection',(0.,0.,1.)) ;
#1315=DIRECTION('Axis2P3D Direction',(0.,1.,0.)) ;
#1322=DIRECTION('Vector Direction',(0.,1.,0.)) ;
#1334=DIRECTION('Axis2P3D Direction',(0.,1.,0.)) ;
#1346=DIRECTION('Axis2P3D Direction',(0.,1.,0.)) ;
#1347=DIRECTION('Axis2P3D XDirection',(0.,0.,1.)) ;
#1351=DIRECTION('Axis2P3D Direction',(0.,1.,0.)) ;
#1358=DIRECTION('Vector Direction',(0.,1.,0.)) ;
#1370=DIRECTION('Axis2P3D Direction',(0.,1.,0.)) ;
#1382=DIRECTION('Axis2P3D Direction',(1.,0.,0.)) ;
#1383=DIRECTION('Axis2P3D XDirection',(0.,1.,0.)) ;
#1387=DIRECTION('Axis2P3D Direction',(1.,0.,0.)) ;
#1394=DIRECTION('Vector Direction',(1.,0.,0.)) ;
#1406=DIRECTION('Vector Direction',(1.,0.,0.)) ;
#1413=DIRECTION('Axis2P3D Direction',(1.,0.,0.)) ;
#1425=DIRECTION('Axis2P3D Direction',(1.,0.,0.)) ;
#1437=DIRECTION('Axis2P3D Direction',(1.,0.,0.)) ;
#1438=DIRECTION('Axis2P3D XDirection',(0.,1.,0.)) ;
#1442=DIRECTION('Axis2P3D Direction',(1.,0.,0.)) ;
#1449=DIRECTION('Vector Direction',(1.,0.,0.)) ;
#1461=DIRECTION('Vector Direction',(1.,0.,0.)) ;
#1468=DIRECTION('Axis2P3D Direction',(1.,0.,0.)) ;
#1480=DIRECTION('Axis2P3D Direction',(1.,0.,0.)) ;
#1492=DIRECTION('Axis2P3D Direction',(0.,1.,0.)) ;
#1499=DIRECTION('Vector Direction',(0.,1.,0.)) ;
#1511=DIRECTION('Axis2P3D Direction',(0.,1.,0.)) ;
#1523=DIRECTION('Axis2P3D Direction',(0.,1.,0.)) ;
#1530=DIRECTION('Vector Direction',(0.,1.,0.)) ;
#1542=DIRECTION('Axis2P3D Direction',(0.,1.,0.)) ;
#1554=DIRECTION('Axis2P3D Direction',(0.,1.,0.)) ;
#1561=DIRECTION('Vector Direction',(0.,1.,0.)) ;
#1573=DIRECTION('Axis2P3D Direction',(0.,1.,0.)) ;
#1585=DIRECTION('Axis2P3D Direction',(1.,0.,0.)) ;
#1592=DIRECTION('Vector Direction',(1.,0.,0.)) ;
#1604=DIRECTION('Axis2P3D Direction',(1.,0.,0.)) ;
#1611=DIRECTION('Vector Direction',(1.,0.,0.)) ;
#1623=DIRECTION('Axis2P3D Direction',(1.,0.,0.)) ;
#1635=DIRECTION('Axis2P3D Direction',(1.,0.,0.)) ;
#1642=DIRECTION('Vector Direction',(1.,0.,0.)) ;
#1654=DIRECTION('Axis2P3D Direction',(1.,0.,0.)) ;
#1661=DIRECTION('Vector Direction',(1.,0.,0.)) ;
#1673=DIRECTION('Axis2P3D Direction',(1.,0.,0.)) ;
#1689=DIRECTION('Axis2P3D Direction',(0.,0.,1.)) ;
#1698=DIRECTION('Axis2P3D Direction',(0.,0.,1.)) ;
#1712=DIRECTION('Axis2P3D Direction',(0.,0.,1.)) ;
#1721=DIRECTION('Axis2P3D Direction',(0.,0.,1.)) ;
#1735=DIRECTION('Axis2P3D Direction',(0.,0.,1.)) ;
#1744=DIRECTION('Axis2P3D Direction',(0.,0.,1.)) ;
#1758=DIRECTION('Axis2P3D Direction',(0.,0.,1.)) ;
#1767=DIRECTION('Axis2P3D Direction',(0.,0.,1.)) ;
#1781=DIRECTION('Axis2P3D Direction',(0.,0.,1.)) ;
#1790=DIRECTION('Axis2P3D Direction',(0.,0.,1.)) ;
#1800=DIRECTION('Axis2P3D Direction',(1.,0.,0.)) ;
#1801=DIRECTION('Axis2P3D XDirection',(0.,1.,0.)) ;
#1811=DIRECTION('Axis2P3D Direction',(1.,0.,0.)) ;
#1820=DIRECTION('Vector Direction',(0.,1.,0.)) ;
#1827=DIRECTION('Axis2P3D Direction',(1.,0.,0.)) ;
#1834=DIRECTION('Vector Direction',(0.,1.,0.)) ;
#1846=DIRECTION('Axis2P3D Direction',(0.,1.,0.)) ;
#1847=DIRECTION('Axis2P3D XDirection',(0.,0.,1.)) ;
#1856=DIRECTION('Vector Direction',(-1.,0.,0.)) ;
#1865=DIRECTION('Axis2P3D Direction',(0.,1.,0.)) ;
#1872=DIRECTION('Vector Direction',(1.,0.,0.)) ;
#1879=DIRECTION('Axis2P3D Direction',(0.,1.,0.)) ;
#1896=DIRECTION('Vector Direction',(-1.,0.,0.)) ;
#1905=DIRECTION('Axis2P3D Direction',(0.,1.,0.)) ;
#1912=DIRECTION('Vector Direction',(1.,0.,0.)) ;
#1919=DIRECTION('Axis2P3D Direction',(0.,1.,0.)) ;
#1936=DIRECTION('Vector Direction',(-1.,0.,0.)) ;
#1945=DIRECTION('Axis2P3D Direction',(0.,1.,0.)) ;
#1952=DIRECTION('Vector Direction',(1.,0.,0.)) ;
#1959=DIRECTION('Axis2P3D Direction',(0.,1.,0.)) ;
#1971=DIRECTION('Axis2P3D Direction',(1.,0.,0.)) ;
#1972=DIRECTION('Axis2P3D XDirection',(0.,1.,0.)) ;
#1982=DIRECTION('Vector Direction',(0.,1.,0.)) ;
#1991=DIRECTION('Axis2P3D Direction',(1.,0.,0.)) ;
#1998=DIRECTION('Vector Direction',(0.,1.,0.)) ;
#2005=DIRECTION('Axis2P3D Direction',(1.,0.,0.)) ;
#2023=DIRECTION('Vector Direction',(0.,1.,0.)) ;
#2032=DIRECTION('Axis2P3D Direction',(1.,0.,0.)) ;
#2039=DIRECTION('Vector Direction',(0.,1.,0.)) ;
#2046=DIRECTION('Axis2P3D Direction',(1.,0.,0.)) ;
#2058=DIRECTION('Axis2P3D Direction',(0.,1.,0.)) ;
#2059=DIRECTION('Axis2P3D XDirection',(0.,0.,1.)) ;
#2068=DIRECTION('Axis2P3D Direction',(0.,1.,0.)) ;
#2077=DIRECTION('Vector Direction',(1.,0.,0.)) ;
#2084=DIRECTION('Axis2P3D Direction',(0.,1.,0.)) ;
#2091=DIRECTION('Vector Direction',(-1.,0.,0.)) ;
#2108=DIRECTION('Axis2P3D Direction',(0.,1.,0.)) ;
#2117=DIRECTION('Vector Direction',(1.,0.,0.)) ;
#2124=DIRECTION('Axis2P3D Direction',(0.,1.,0.)) ;
#2131=DIRECTION('Vector Direction',(-1.,0.,0.)) ;
#2148=DIRECTION('Axis2P3D Direction',(0.,1.,0.)) ;
#2157=DIRECTION('Vector Direction',(1.,0.,0.)) ;
#2164=DIRECTION('Axis2P3D Direction',(0.,1.,0.)) ;
#2171=DIRECTION('Vector Direction',(-1.,0.,0.)) ;
#2189=DIRECTION('Axis2P3D Direction',(1.,0.,0.)) ;
#2198=DIRECTION('Vector Direction',(0.,1.,0.)) ;
#2205=DIRECTION('Axis2P3D Direction',(1.,0.,0.)) ;
#2212=DIRECTION('Vector Direction',(0.,1.,0.)) ;
#2224=DIRECTION('Axis2P3D Direction',(0.,0.,1.)) ;
#2225=DIRECTION('Axis2P3D XDirection',(-1.,4.11926756857E-15,0.)) ;
#2229=DIRECTION('Vector Direction',(0.,0.,1.)) ;
#2236=DIRECTION('Axis2P3D Direction',(0.,0.,1.)) ;
#2243=DIRECTION('Vector Direction',(0.,0.,1.)) ;
#2255=DIRECTION('Axis2P3D Direction',(1.,0.,0.)) ;
#2256=DIRECTION('Axis2P3D XDirection',(0.,-1.,0.)) ;
#2260=DIRECTION('Vector Direction',(0.,0.,-1.)) ;
#2267=DIRECTION('Vector Direction',(0.,-1.,0.)) ;
#2278=DIRECTION('Axis2P3D Direction',(1.,0.,0.)) ;
#2287=DIRECTION('Vector Direction',(0.,-1.,0.)) ;
#2294=DIRECTION('Axis2P3D Direction',(1.,0.,0.)) ;
#2301=DIRECTION('Vector Direction',(0.,1.,0.)) ;
#2312=DIRECTION('Axis2P3D Direction',(1.,0.,0.)) ;
#2321=DIRECTION('Vector Direction',(0.,-1.,0.)) ;
#2328=DIRECTION('Axis2P3D Direction',(1.,0.,0.)) ;
#2335=DIRECTION('Vector Direction',(0.,1.,0.)) ;
#2347=DIRECTION('Axis2P3D Direction',(0.,0.,1.)) ;
#2348=DIRECTION('Axis2P3D XDirection',(2.05963378428E-15,1.,0.)) ;
#2352=DIRECTION('Vector Direction',(0.,0.,1.)) ;
#2359=DIRECTION('Axis2P3D Direction',(0.,0.,1.)) ;
#2371=DIRECTION('Axis2P3D Direction',(-0.,-1.,-0.)) ;
#2372=DIRECTION('Axis2P3D XDirection',(-1.,0.,0.)) ;
#2376=DIRECTION('Vector Direction',(0.,0.,-1.)) ;
#2383=DIRECTION('Vector Direction',(-1.,0.,0.)) ;
#2394=DIRECTION('Axis2P3D Direction',(-0.,-1.,-0.)) ;
#2403=DIRECTION('Vector Direction',(1.,0.,0.)) ;
#2410=DIRECTION('Axis2P3D Direction',(-0.,-1.,-0.)) ;
#2417=DIRECTION('Vector Direction',(-1.,0.,0.)) ;
#2428=DIRECTION('Axis2P3D Direction',(-0.,-1.,-0.)) ;
#2437=DIRECTION('Vector Direction',(1.,0.,0.)) ;
#2444=DIRECTION('Axis2P3D Direction',(-0.,-1.,-0.)) ;
#2451=DIRECTION('Vector Direction',(-1.,0.,0.)) ;
#2462=DIRECTION('Axis2P3D Direction',(-0.,-1.,-0.)) ;
#2471=DIRECTION('Vector Direction',(1.,0.,0.)) ;
#2478=DIRECTION('Axis2P3D Direction',(-0.,-1.,-0.)) ;
#2485=DIRECTION('Vector Direction',(-1.,0.,0.)) ;
#2497=DIRECTION('Axis2P3D Direction',(0.,0.,1.)) ;
#2498=DIRECTION('Axis2P3D XDirection',(1.,0.,0.)) ;
#2502=DIRECTION('Vector Direction',(0.,0.,1.)) ;
#2509=DIRECTION('Axis2P3D Direction',(0.,0.,1.)) ;
#2521=DIRECTION('Axis2P3D Direction',(-1.,0.,0.)) ;
#2522=DIRECTION('Axis2P3D XDirection',(0.,1.,0.)) ;
#2526=DIRECTION('Vector Direction',(0.,0.,-1.)) ;
#2533=DIRECTION('Vector Direction',(0.,1.,0.)) ;
#2544=DIRECTION('Vector Direction',(0.,1.,0.)) ;
#2553=DIRECTION('Axis2P3D Direction',(-1.,0.,0.)) ;
#2560=DIRECTION('Vector Direction',(0.,-1.,0.)) ;
#2567=DIRECTION('Axis2P3D Direction',(-1.,0.,0.)) ;
#2578=DIRECTION('Vector Direction',(0.,1.,0.)) ;
#2587=DIRECTION('Axis2P3D Direction',(-1.,0.,0.)) ;
#2594=DIRECTION('Vector Direction',(0.,-1.,0.)) ;
#2601=DIRECTION('Axis2P3D Direction',(-1.,0.,0.)) ;
#2613=DIRECTION('Axis2P3D Direction',(0.,0.,1.)) ;
#2614=DIRECTION('Axis2P3D XDirection',(2.48083823923E-15,-1.,0.)) ;
#2618=DIRECTION('Vector Direction',(0.,0.,1.)) ;
#2625=DIRECTION('Axis2P3D Direction',(0.,0.,1.)) ;
#2637=DIRECTION('Axis2P3D Direction',(-0.,1.,0.)) ;
#2638=DIRECTION('Axis2P3D XDirection',(1.,0.,0.)) ;
#2642=DIRECTION('Vector Direction',(1.,0.,0.)) ;
#2653=DIRECTION('Vector Direction',(-1.,0.,0.)) ;
#2662=DIRECTION('Axis2P3D Direction',(-0.,1.,0.)) ;
#2669=DIRECTION('Vector Direction',(1.,0.,0.)) ;
#2676=DIRECTION('Axis2P3D Direction',(-0.,1.,0.)) ;
#2687=DIRECTION('Vector Direction',(-1.,0.,0.)) ;
#2696=DIRECTION('Axis2P3D Direction',(-0.,1.,0.)) ;
#2703=DIRECTION('Vector Direction',(1.,0.,0.)) ;
#2710=DIRECTION('Axis2P3D Direction',(-0.,1.,0.)) ;
#2721=DIRECTION('Vector Direction',(-1.,0.,0.)) ;
#2730=DIRECTION('Axis2P3D Direction',(-0.,1.,0.)) ;
#2737=DIRECTION('Vector Direction',(1.,0.,0.)) ;
#2744=DIRECTION('Axis2P3D Direction',(-0.,1.,0.)) ;
#2756=DIRECTION('Axis2P3D Direction',(0.,0.,1.)) ;
#2757=DIRECTION('Axis2P3D XDirection',(-1.,0.,0.)) ;
#2761=DIRECTION('Vector Direction',(1.,0.,0.)) ;
#2766=DIRECTION('Vector Direction',(1.,0.,0.)) ;
#2778=DIRECTION('Axis2P3D Direction',(1.,0.,0.)) ;
#2779=DIRECTION('Axis2P3D XDirection',(0.,3.16985680891E-15,1.)) ;
#2783=DIRECTION('Vector Direction',(1.,0.,0.)) ;
#2795=DIRECTION('Axis2P3D Direction',(0.,0.,-1.)) ;
#2796=DIRECTION('Axis2P3D XDirection',(1.,0.,0.)) ;
#2800=DIRECTION('Vector Direction',(1.,0.,0.)) ;
#2812=DIRECTION('Axis2P3D Direction',(1.,0.,0.)) ;
#2813=DIRECTION('Axis2P3D XDirection',(0.,3.36901665893E-15,-1.)) ;
#2824=DIRECTION('Axis2P3D Direction',(0.,1.,0.)) ;
#2825=DIRECTION('Axis2P3D XDirection',(0.,0.,1.)) ;
#2829=DIRECTION('Vector Direction',(0.,1.,0.)) ;
#2834=DIRECTION('Vector Direction',(0.,1.,0.)) ;
#2846=DIRECTION('Vector Direction',(0.,1.,0.)) ;
#2858=DIRECTION('Axis2P3D Direction',(0.,1.,0.)) ;
#2859=DIRECTION('Axis2P3D XDirection',(3.23108914887E-15,0.,-1.)) ;
#2863=DIRECTION('Vector Direction',(0.,1.,0.)) ;
#2882=DIRECTION('Axis2P3D Direction',(0.,1.,0.)) ;
#2883=DIRECTION('Axis2P3D XDirection',(0.,0.,1.)) ;
#2887=DIRECTION('Vector Direction',(0.,1.,0.)) ;
#2892=DIRECTION('Vector Direction',(0.,1.,0.)) ;
#2904=DIRECTION('Vector Direction',(0.,1.,0.)) ;
#2916=DIRECTION('Axis2P3D Direction',(0.,1.,0.)) ;
#2917=DIRECTION('Axis2P3D XDirection',(3.23108914887E-15,0.,-1.)) ;
#2921=DIRECTION('Vector Direction',(0.,1.,0.)) ;
#2940=DIRECTION('Axis2P3D Direction',(0.,1.,0.)) ;
#2941=DIRECTION('Axis2P3D XDirection',(0.,0.,1.)) ;
#2945=DIRECTION('Vector Direction',(0.,1.,0.)) ;
#2950=DIRECTION('Vector Direction',(0.,1.,0.)) ;
#2962=DIRECTION('Vector Direction',(0.,1.,0.)) ;
#2974=DIRECTION('Axis2P3D Direction',(0.,1.,0.)) ;
#2975=DIRECTION('Axis2P3D XDirection',(3.23108914887E-15,0.,-1.)) ;
#2979=DIRECTION('Vector Direction',(0.,1.,0.)) ;
#2998=DIRECTION('Vector Direction',(-1.,0.,0.)) ;
#3003=DIRECTION('Vector Direction',(-1.,0.,0.)) ;
#3015=DIRECTION('Vector Direction',(1.,0.,0.)) ;
#3027=DIRECTION('Vector Direction',(-1.,0.,0.)) ;
#3046=DIRECTION('Vector Direction',(-1.,0.,0.)) ;
#3051=DIRECTION('Vector Direction',(-1.,0.,0.)) ;
#3063=DIRECTION('Axis2P3D Direction',(1.,0.,0.)) ;
#3064=DIRECTION('Axis2P3D XDirection',(0.,3.16985680891E-15,1.)) ;
#3068=DIRECTION('Vector Direction',(1.,0.,0.)) ;
#3080=DIRECTION('Vector Direction',(-1.,0.,0.)) ;
#3092=DIRECTION('Axis2P3D Direction',(1.,0.,0.)) ;
#3093=DIRECTION('Axis2P3D XDirection',(0.,3.36901665893E-15,-1.)) ;
#3104=DIRECTION('Vector Direction',(0.,1.,0.)) ;
#3109=DIRECTION('Vector Direction',(0.,1.,0.)) ;
#3121=DIRECTION('Vector Direction',(0.,-1.,0.)) ;
#3133=DIRECTION('Vector Direction',(0.,1.,0.)) ;
#3152=DIRECTION('Vector Direction',(0.,1.,0.)) ;
#3157=DIRECTION('Vector Direction',(0.,1.,0.)) ;
#3169=DIRECTION('Vector Direction',(0.,-1.,0.)) ;
#3181=DIRECTION('Vector Direction',(0.,1.,0.)) ;
#3200=DIRECTION('Vector Direction',(0.,1.,0.)) ;
#3205=DIRECTION('Vector Direction',(0.,1.,0.)) ;
#3217=DIRECTION('Vector Direction',(0.,-1.,0.)) ;
#3229=DIRECTION('Vector Direction',(0.,1.,0.)) ;
#3248=DIRECTION('Vector Direction',(1.,0.,0.)) ;
#3253=DIRECTION('Vector Direction',(1.,0.,0.)) ;
#3265=DIRECTION('Vector Direction',(1.,0.,0.)) ;
#3277=DIRECTION('Vector Direction',(1.,0.,0.)) ;
#3296=DIRECTION('Axis2P3D Direction',(0.,0.,1.)) ;
#3297=DIRECTION('Axis2P3D XDirection',(1.,0.,0.)) ;
#3311=DIRECTION('Axis2P3D Direction',(0.,0.,1.)) ;
#3320=DIRECTION('Vector Direction',(1.,0.,0.)) ;
#3327=DIRECTION('Axis2P3D Direction',(0.,0.,1.)) ;
#3334=DIRECTION('Vector Direction',(0.,1.,0.)) ;
#3341=DIRECTION('Axis2P3D Direction',(0.,0.,1.)) ;
#3348=DIRECTION('Vector Direction',(-1.,0.,0.)) ;
#3355=DIRECTION('Axis2P3D Direction',(0.,0.,1.)) ;
#3362=DIRECTION('Vector Direction',(0.,-1.,0.)) ;
#3378=DIRECTION('Axis2P3D Direction',(1.,0.,0.)) ;
#3379=DIRECTION('Axis2P3D XDirection',(0.,-1.,0.)) ;
#3383=DIRECTION('Vector Direction',(0.,-1.,0.)) ;
#3392=DIRECTION('Vector Direction',(0.,0.,-1.)) ;
#3397=DIRECTION('Vector Direction',(0.,0.,-1.)) ;
#3409=DIRECTION('Axis2P3D Direction',(0.,0.,1.)) ;
#3410=DIRECTION('Axis2P3D XDirection',(2.72576759906E-15,1.,0.)) ;
#3414=DIRECTION('Axis2P3D Direction',(0.,0.,1.)) ;
#3421=DIRECTION('Vector Direction',(0.,0.,1.)) ;
#3433=DIRECTION('Axis2P3D Direction',(-0.,-1.,-0.)) ;
#3434=DIRECTION('Axis2P3D XDirection',(-1.,0.,0.)) ;
#3438=DIRECTION('Vector Direction',(-1.,0.,0.)) ;
#3445=DIRECTION('Vector Direction',(0.,0.,-1.)) ;
#3457=DIRECTION('Axis2P3D Direction',(0.,0.,1.)) ;
#3458=DIRECTION('Axis2P3D XDirection',(1.,0.,0.)) ;
#3462=DIRECTION('Axis2P3D Direction',(0.,0.,1.)) ;
#3469=DIRECTION('Vector Direction',(0.,0.,1.)) ;
#3481=DIRECTION('Axis2P3D Direction',(-1.,0.,0.)) ;
#3482=DIRECTION('Axis2P3D XDirection',(0.,1.,0.)) ;
#3486=DIRECTION('Vector Direction',(0.,1.,0.)) ;
#3493=DIRECTION('Vector Direction',(0.,0.,-1.)) ;
#3505=DIRECTION('Axis2P3D Direction',(0.,0.,1.)) ;
#3506=DIRECTION('Axis2P3D XDirection',(2.48083823923E-15,-1.,0.)) ;
#3510=DIRECTION('Axis2P3D Direction',(0.,0.,1.)) ;
#3517=DIRECTION('Vector Direction',(0.,0.,1.)) ;
#3529=DIRECTION('Axis2P3D Direction',(-0.,1.,0.)) ;
#3530=DIRECTION('Axis2P3D XDirection',(1.,0.,0.)) ;
#3534=DIRECTION('Vector Direction',(1.,0.,0.)) ;
#3541=DIRECTION('Vector Direction',(0.,0.,-1.)) ;
#3553=DIRECTION('Axis2P3D Direction',(0.,0.,1.)) ;
#3554=DIRECTION('Axis2P3D XDirection',(-1.,2.78699993902E-15,0.)) ;
#3558=DIRECTION('Axis2P3D Direction',(0.,0.,1.)) ;
#3570=DIRECTION('Axis2P3D Direction',(0.,0.,1.)) ;
#3571=DIRECTION('Axis2P3D XDirection',(1.,0.,0.)) ;
#3585=DIRECTION('Vector Direction',(1.,0.,0.)) ;
#3594=DIRECTION('Axis2P3D Direction',(0.,0.,1.)) ;
#3601=DIRECTION('Vector Direction',(0.,1.,0.)) ;
#3608=DIRECTION('Axis2P3D Direction',(0.,0.,1.)) ;
#3615=DIRECTION('Vector Direction',(-1.,0.,0.)) ;
#3622=DIRECTION('Axis2P3D Direction',(0.,0.,1.)) ;
#3629=DIRECTION('Vector Direction',(0.,-1.,0.)) ;
#3636=DIRECTION('Axis2P3D Direction',(0.,0.,1.)) ;
#3652=DIRECTION('Axis2P3D Direction',(0.,0.,1.)) ;
#3653=DIRECTION('Axis2P3D XDirection',(-1.,2.34291072917E-15,0.)) ;
#3657=DIRECTION('Vector Direction',(0.,0.,1.)) ;
#3664=DIRECTION('Axis2P3D Direction',(0.,0.,1.)) ;
#3671=DIRECTION('Vector Direction',(0.,0.,1.)) ;
#3683=DIRECTION('Axis2P3D Direction',(1.,0.,0.)) ;
#3684=DIRECTION('Axis2P3D XDirection',(0.,-1.,0.)) ;
#3688=DIRECTION('Vector Direction',(0.,0.,-1.)) ;
#3695=DIRECTION('Vector Direction',(0.,-1.,0.)) ;
#3707=DIRECTION('Axis2P3D Direction',(0.,0.,1.)) ;
#3708=DIRECTION('Axis2P3D XDirection',(6.12323399574E-17,1.,0.)) ;
#3712=DIRECTION('Vector Direction',(0.,0.,1.)) ;
#3719=DIRECTION('Axis2P3D Direction',(0.,0.,1.)) ;
#3731=DIRECTION('Axis2P3D Direction',(-0.,-1.,-0.)) ;
#3732=DIRECTION('Axis2P3D XDirection',(-1.,0.,0.)) ;
#3736=DIRECTION('Vector Direction',(0.,0.,-1.)) ;
#3743=DIRECTION('Vector Direction',(-1.,0.,0.)) ;
#3755=DIRECTION('Axis2P3D Direction',(0.,0.,1.)) ;
#3756=DIRECTION('Axis2P3D XDirection',(1.,0.,0.)) ;
#3760=DIRECTION('Vector Direction',(0.,0.,1.)) ;
#3767=DIRECTION('Axis2P3D Direction',(0.,0.,1.)) ;
#3779=DIRECTION('Axis2P3D Direction',(-1.,0.,0.)) ;
#3780=DIRECTION('Axis2P3D XDirection',(0.,1.,0.)) ;
#3784=DIRECTION('Vector Direction',(0.,0.,-1.)) ;
#3791=DIRECTION('Vector Direction',(0.,1.,0.)) ;
#3803=DIRECTION('Axis2P3D Direction',(0.,0.,1.)) ;
#3804=DIRECTION('Axis2P3D XDirection',(-1.83697019872E-16,-1.,-0.)) ;
#3808=DIRECTION('Vector Direction',(0.,0.,1.)) ;
#3815=DIRECTION('Axis2P3D Direction',(0.,0.,1.)) ;
#3827=DIRECTION('Axis2P3D Direction',(-0.,1.,0.)) ;
#3828=DIRECTION('Axis2P3D XDirection',(1.,0.,0.)) ;
#3832=DIRECTION('Vector Direction',(1.,0.,0.)) ;
#3854=DIRECTION('Axis2P3D Direction',(0.,0.,1.)) ;
#3863=DIRECTION('Axis2P3D Direction',(0.,0.,1.)) ;
#3872=DIRECTION('Axis2P3D Direction',(0.,0.,1.)) ;
#3881=DIRECTION('Axis2P3D Direction',(0.,0.,1.)) ;
#3890=DIRECTION('Axis2P3D Direction',(0.,0.,1.)) ;
#3899=DIRECTION('Axis2P3D Direction',(0.,0.,1.)) ;
#3908=DIRECTION('Axis2P3D Direction',(0.,0.,1.)) ;
#3917=DIRECTION('Axis2P3D Direction',(0.,0.,1.)) ;
#3926=DIRECTION('Axis2P3D Direction',(0.,0.,1.)) ;
#3935=DIRECTION('Axis2P3D Direction',(0.,0.,1.)) ;
#3944=DIRECTION('Axis2P3D Direction',(0.,0.,1.)) ;
#3953=DIRECTION('Axis2P3D Direction',(0.,0.,1.)) ;
#3963=DIRECTION('Axis2P3D Direction',(0.,0.,1.)) ;
#3964=DIRECTION('Axis2P3D XDirection',(1.,0.,0.)) ;
#3968=DIRECTION('Axis2P3D Direction',(0.,0.,1.)) ;
#3977=DIRECTION('Vector Direction',(0.,0.,1.)) ;
#3982=DIRECTION('Vector Direction',(0.,0.,1.)) ;
#3994=DIRECTION('Axis2P3D Direction',(0.,0.,1.)) ;
#4006=DIRECTION('Axis2P3D Direction',(0.,0.,1.)) ;
#4007=DIRECTION('Axis2P3D XDirection',(1.,0.,0.)) ;
#4015=DIRECTION('Axis2P3D Direction',(0.,0.,1.)) ;
#4024=DIRECTION('Axis2P3D Direction',(0.,0.,1.)) ;
#4034=DIRECTION('Axis2P3D Direction',(0.,0.,1.)) ;
#4035=DIRECTION('Axis2P3D XDirection',(1.,0.,0.)) ;
#4039=DIRECTION('Vector Direction',(0.,0.,1.)) ;
#4046=DIRECTION('Vector Direction',(0.,0.,1.)) ;
#4053=DIRECTION('Vector Direction',(0.,0.,1.)) ;
#4058=DIRECTION('Vector Direction',(0.,0.,1.)) ;
#4081=DIRECTION('Axis2P3D Direction',(0.,0.,1.)) ;
#4082=DIRECTION('Axis2P3D XDirection',(1.,0.,0.)) ;
#4086=DIRECTION('Vector Direction',(0.,0.,1.)) ;
#4093=DIRECTION('Vector Direction',(0.,0.,1.)) ;
#4098=DIRECTION('Vector Direction',(0.,0.,1.)) ;
#4105=DIRECTION('Vector Direction',(0.,0.,1.)) ;
#4128=DIRECTION('Axis2P3D Direction',(0.,0.,1.)) ;
#4129=DIRECTION('Axis2P3D XDirection',(1.,0.,0.)) ;
#4133=DIRECTION('Vector Direction',(0.,0.,1.)) ;
#4140=DIRECTION('Vector Direction',(0.,0.,1.)) ;
#4147=DIRECTION('Vector Direction',(0.,0.,1.)) ;
#4152=DIRECTION('Vector Direction',(0.,0.,1.)) ;
#4175=DIRECTION('Axis2P3D Direction',(0.,0.,1.)) ;
#4176=DIRECTION('Axis2P3D XDirection',(1.,0.,0.)) ;
#4180=DIRECTION('Vector Direction',(0.,0.,1.)) ;
#4187=DIRECTION('Vector Direction',(0.,0.,1.)) ;
#4194=DIRECTION('Vector Direction',(0.,0.,1.)) ;
#4199=DIRECTION('Vector Direction',(0.,0.,1.)) ;
#4222=DIRECTION('Axis2P3D Direction',(0.,0.,1.)) ;
#4223=DIRECTION('Axis2P3D XDirection',(1.,0.,0.)) ;
#4227=DIRECTION('Vector Direction',(0.,0.,1.)) ;
#4234=DIRECTION('Vector Direction',(0.,0.,1.)) ;
#4241=DIRECTION('Vector Direction',(0.,0.,1.)) ;
#4246=DIRECTION('Vector Direction',(0.,0.,1.)) ;
#4269=DIRECTION('Axis2P3D Direction',(0.,0.,1.)) ;
#4270=DIRECTION('Axis2P3D XDirection',(1.,0.,0.)) ;
#4274=DIRECTION('Vector Direction',(0.,0.,1.)) ;
#4281=DIRECTION('Vector Direction',(0.,0.,1.)) ;
#4288=DIRECTION('Vector Direction',(0.,0.,1.)) ;
#4293=DIRECTION('Vector Direction',(0.,0.,1.)) ;
#4316=SHAPE_REPRESENTATION_RELATIONSHIP(' ',' ',#19,#4315) ;
#18=AXIS2_PLACEMENT_3D(' ',#17,$,$) ;
#34=AXIS2_PLACEMENT_3D('Cylinder Axis2P3D',#31,#32,#33) ;
#47=AXIS2_PLACEMENT_3D('Circle Axis2P3D',#45,#46,$) ;
#61=AXIS2_PLACEMENT_3D('Circle Axis2P3D',#59,#60,$) ;
#73=AXIS2_PLACEMENT_3D('Circle Axis2P3D',#71,#72,$) ;
#78=AXIS2_PLACEMENT_3D('Circle Axis2P3D',#76,#77,$) ;
#91=AXIS2_PLACEMENT_3D('Plane Axis2P3D',#88,#89,#90) ;
#104=AXIS2_PLACEMENT_3D('Circle Axis2P3D',#102,#103,$) ;
#118=AXIS2_PLACEMENT_3D('Circle Axis2P3D',#116,#117,$) ;
#132=AXIS2_PLACEMENT_3D('Circle Axis2P3D',#130,#131,$) ;
#146=AXIS2_PLACEMENT_3D('Circle Axis2P3D',#144,#145,$) ;
#165=AXIS2_PLACEMENT_3D('Circle Axis2P3D',#163,#164,$) ;
#174=AXIS2_PLACEMENT_3D('Circle Axis2P3D',#172,#173,$) ;
#183=AXIS2_PLACEMENT_3D('Circle Axis2P3D',#181,#182,$) ;
#192=AXIS2_PLACEMENT_3D('Circle Axis2P3D',#190,#191,$) ;
#201=AXIS2_PLACEMENT_3D('Circle Axis2P3D',#199,#200,$) ;
#210=AXIS2_PLACEMENT_3D('Circle Axis2P3D',#208,#209,$) ;
#219=AXIS2_PLACEMENT_3D('Circle Axis2P3D',#217,#218,$) ;
#228=AXIS2_PLACEMENT_3D('Circle Axis2P3D',#226,#227,$) ;
#237=AXIS2_PLACEMENT_3D('Circle Axis2P3D',#235,#236,$) ;
#246=AXIS2_PLACEMENT_3D('Circle Axis2P3D',#244,#245,$) ;
#257=AXIS2_PLACEMENT_3D('Plane Axis2P3D',#254,#255,#256) ;
#265=AXIS2_PLACEMENT_3D('Circle Axis2P3D',#263,#264,$) ;
#274=AXIS2_PLACEMENT_3D('Circle Axis2P3D',#272,#273,$) ;
#285=AXIS2_PLACEMENT_3D('Plane Axis2P3D',#282,#283,#284) ;
#298=AXIS2_PLACEMENT_3D('Circle Axis2P3D',#296,#297,$) ;
#305=AXIS2_PLACEMENT_3D('Circle Axis2P3D',#303,#304,$) ;
#319=AXIS2_PLACEMENT_3D('Circle Axis2P3D',#317,#318,$) ;
#326=AXIS2_PLACEMENT_3D('Circle Axis2P3D',#324,#325,$) ;
#359=AXIS2_PLACEMENT_3D('Circle Axis2P3D',#357,#358,$) ;
#366=AXIS2_PLACEMENT_3D('Circle Axis2P3D',#364,#365,$) ;
#388=AXIS2_PLACEMENT_3D('Cylinder Axis2P3D',#385,#386,#387) ;
#392=AXIS2_PLACEMENT_3D('Circle Axis2P3D',#390,#391,$) ;
#412=AXIS2_PLACEMENT_3D('Plane Axis2P3D',#409,#410,#411) ;
#425=AXIS2_PLACEMENT_3D('Circle Axis2P3D',#423,#424,$) ;
#432=AXIS2_PLACEMENT_3D('Circle Axis2P3D',#430,#431,$) ;
#439=AXIS2_PLACEMENT_3D('Circle Axis2P3D',#437,#438,$) ;
#465=AXIS2_PLACEMENT_3D('Circle Axis2P3D',#463,#464,$) ;
#472=AXIS2_PLACEMENT_3D('Circle Axis2P3D',#470,#471,$) ;
#479=AXIS2_PLACEMENT_3D('Circle Axis2P3D',#477,#478,$) ;
#500=AXIS2_PLACEMENT_3D('Cylinder Axis2P3D',#497,#498,#499) ;
#504=AXIS2_PLACEMENT_3D('Circle Axis2P3D',#502,#503,$) ;
#524=AXIS2_PLACEMENT_3D('Plane Axis2P3D',#521,#522,#523) ;
#537=AXIS2_PLACEMENT_3D('Circle Axis2P3D',#535,#536,$) ;
#544=AXIS2_PLACEMENT_3D('Circle Axis2P3D',#542,#543,$) ;
#558=AXIS2_PLACEMENT_3D('Circle Axis2P3D',#556,#557,$) ;
#565=AXIS2_PLACEMENT_3D('Circle Axis2P3D',#563,#564,$) ;
#591=AXIS2_PLACEMENT_3D('Circle Axis2P3D',#589,#590,$) ;
#598=AXIS2_PLACEMENT_3D('Circle Axis2P3D',#596,#597,$) ;
#620=AXIS2_PLACEMENT_3D('Cylinder Axis2P3D',#617,#618,#619) ;
#624=AXIS2_PLACEMENT_3D('Circle Axis2P3D',#622,#623,$) ;
#644=AXIS2_PLACEMENT_3D('Plane Axis2P3D',#641,#642,#643) ;
#657=AXIS2_PLACEMENT_3D('Circle Axis2P3D',#655,#656,$) ;
#664=AXIS2_PLACEMENT_3D('Circle Axis2P3D',#662,#663,$) ;
#671=AXIS2_PLACEMENT_3D('Circle Axis2P3D',#669,#670,$) ;
#697=AXIS2_PLACEMENT_3D('Circle Axis2P3D',#695,#696,$) ;
#704=AXIS2_PLACEMENT_3D('Circle Axis2P3D',#702,#703,$) ;
#711=AXIS2_PLACEMENT_3D('Circle Axis2P3D',#709,#710,$) ;
#732=AXIS2_PLACEMENT_3D('Cylinder Axis2P3D',#729,#730,#731) ;
#736=AXIS2_PLACEMENT_3D('Circle Axis2P3D',#734,#735,$) ;
#749=AXIS2_PLACEMENT_3D('Cylinder Axis2P3D',#746,#747,#748) ;
#767=AXIS2_PLACEMENT_3D('Circle Axis2P3D',#765,#766,$) ;
#779=AXIS2_PLACEMENT_3D('Circle Axis2P3D',#777,#778,$) ;
#792=AXIS2_PLACEMENT_3D('Cylinder Axis2P3D',#789,#790,#791) ;
#810=AXIS2_PLACEMENT_3D('Circle Axis2P3D',#808,#809,$) ;
#822=AXIS2_PLACEMENT_3D('Circle Axis2P3D',#820,#821,$) ;
#835=AXIS2_PLACEMENT_3D('Cylinder Axis2P3D',#832,#833,#834) ;
#853=AXIS2_PLACEMENT_3D('Circle Axis2P3D',#851,#852,$) ;
#865=AXIS2_PLACEMENT_3D('Circle Axis2P3D',#863,#864,$) ;
#878=AXIS2_PLACEMENT_3D('Cylinder Axis2P3D',#875,#876,#877) ;
#896=AXIS2_PLACEMENT_3D('Circle Axis2P3D',#894,#895,$) ;
#908=AXIS2_PLACEMENT_3D('Circle Axis2P3D',#906,#907,$) ;
#921=AXIS2_PLACEMENT_3D('Cylinder Axis2P3D',#918,#919,#920) ;
#939=AXIS2_PLACEMENT_3D('Circle Axis2P3D',#937,#938,$) ;
#951=AXIS2_PLACEMENT_3D('Circle Axis2P3D',#949,#950,$) ;
#964=AXIS2_PLACEMENT_3D('Plane Axis2P3D',#961,#962,#963) ;
#1217=AXIS2_PLACEMENT_3D('Circle Axis2P3D',#1215,#1216,$) ;
#1231=AXIS2_PLACEMENT_3D('Circle Axis2P3D',#1229,#1230,$) ;
#1245=AXIS2_PLACEMENT_3D('Circle Axis2P3D',#1243,#1244,$) ;
#1259=AXIS2_PLACEMENT_3D('Circle Axis2P3D',#1257,#1258,$) ;
#1276=AXIS2_PLACEMENT_3D('Cylinder Axis2P3D',#1273,#1274,#1275) ;
#1280=AXIS2_PLACEMENT_3D('Circle Axis2P3D',#1278,#1279,$) ;
#1299=AXIS2_PLACEMENT_3D('Circle Axis2P3D',#1297,#1298,$) ;
#1312=AXIS2_PLACEMENT_3D('Cylinder Axis2P3D',#1309,#1310,#1311) ;
#1316=AXIS2_PLACEMENT_3D('Circle Axis2P3D',#1314,#1315,$) ;
#1335=AXIS2_PLACEMENT_3D('Circle Axis2P3D',#1333,#1334,$) ;
#1348=AXIS2_PLACEMENT_3D('Cylinder Axis2P3D',#1345,#1346,#1347) ;
#1352=AXIS2_PLACEMENT_3D('Circle Axis2P3D',#1350,#1351,$) ;
#1371=AXIS2_PLACEMENT_3D('Circle Axis2P3D',#1369,#1370,$) ;
#1384=AXIS2_PLACEMENT_3D('Cylinder Axis2P3D',#1381,#1382,#1383) ;
#1388=AXIS2_PLACEMENT_3D('Circle Axis2P3D',#1386,#1387,$) ;
#1414=AXIS2_PLACEMENT_3D('Circle Axis2P3D',#1412,#1413,$) ;
#1426=AXIS2_PLACEMENT_3D('Circle Axis2P3D',#1424,#1425,$) ;
#1439=AXIS2_PLACEMENT_3D('Cylinder Axis2P3D',#1436,#1437,#1438) ;
#1443=AXIS2_PLACEMENT_3D('Circle Axis2P3D',#1441,#1442,$) ;
#1469=AXIS2_PLACEMENT_3D('Circle Axis2P3D',#1467,#1468,$) ;
#1481=AXIS2_PLACEMENT_3D('Circle Axis2P3D',#1479,#1480,$) ;
#1493=AXIS2_PLACEMENT_3D('Circle Axis2P3D',#1491,#1492,$) ;
#1512=AXIS2_PLACEMENT_3D('Circle Axis2P3D',#1510,#1511,$) ;
#1524=AXIS2_PLACEMENT_3D('Circle Axis2P3D',#1522,#1523,$) ;
#1543=AXIS2_PLACEMENT_3D('Circle Axis2P3D',#1541,#1542,$) ;
#1555=AXIS2_PLACEMENT_3D('Circle Axis2P3D',#1553,#1554,$) ;
#1574=AXIS2_PLACEMENT_3D('Circle Axis2P3D',#1572,#1573,$) ;
#1586=AXIS2_PLACEMENT_3D('Circle Axis2P3D',#1584,#1585,$) ;
#1605=AXIS2_PLACEMENT_3D('Circle Axis2P3D',#1603,#1604,$) ;
#1624=AXIS2_PLACEMENT_3D('Circle Axis2P3D',#1622,#1623,$) ;
#1636=AXIS2_PLACEMENT_3D('Circle Axis2P3D',#1634,#1635,$) ;
#1655=AXIS2_PLACEMENT_3D('Circle Axis2P3D',#1653,#1654,$) ;
#1674=AXIS2_PLACEMENT_3D('Circle Axis2P3D',#1672,#1673,$) ;
#1690=AXIS2_PLACEMENT_3D('Circle Axis2P3D',#1688,#1689,$) ;
#1699=AXIS2_PLACEMENT_3D('Circle Axis2P3D',#1697,#1698,$) ;
#1713=AXIS2_PLACEMENT_3D('Circle Axis2P3D',#1711,#1712,$) ;
#1722=AXIS2_PLACEMENT_3D('Circle Axis2P3D',#1720,#1721,$) ;
#1736=AXIS2_PLACEMENT_3D('Circle Axis2P3D',#1734,#1735,$) ;
#1745=AXIS2_PLACEMENT_3D('Circle Axis2P3D',#1743,#1744,$) ;
#1759=AXIS2_PLACEMENT_3D('Circle Axis2P3D',#1757,#1758,$) ;
#1768=AXIS2_PLACEMENT_3D('Circle Axis2P3D',#1766,#1767,$) ;
#1782=AXIS2_PLACEMENT_3D('Circle Axis2P3D',#1780,#1781,$) ;
#1791=AXIS2_PLACEMENT_3D('Circle Axis2P3D',#1789,#1790,$) ;
#1802=AXIS2_PLACEMENT_3D('Plane Axis2P3D',#1799,#1800,#1801) ;
#1812=AXIS2_PLACEMENT_3D('Circle Axis2P3D',#1810,#1811,$) ;
#1828=AXIS2_PLACEMENT_3D('Circle Axis2P3D',#1826,#1827,$) ;
#1848=AXIS2_PLACEMENT_3D('Plane Axis2P3D',#1845,#1846,#1847) ;
#1866=AXIS2_PLACEMENT_3D('Circle Axis2P3D',#1864,#1865,$) ;
#1880=AXIS2_PLACEMENT_3D('Circle Axis2P3D',#1878,#1879,$) ;
#1906=AXIS2_PLACEMENT_3D('Circle Axis2P3D',#1904,#1905,$) ;
#1920=AXIS2_PLACEMENT_3D('Circle Axis2P3D',#1918,#1919,$) ;
#1946=AXIS2_PLACEMENT_3D('Circle Axis2P3D',#1944,#1945,$) ;
#1960=AXIS2_PLACEMENT_3D('Circle Axis2P3D',#1958,#1959,$) ;
#1973=AXIS2_PLACEMENT_3D('Plane Axis2P3D',#1970,#1971,#1972) ;
#1992=AXIS2_PLACEMENT_3D('Circle Axis2P3D',#1990,#1991,$) ;
#2006=AXIS2_PLACEMENT_3D('Circle Axis2P3D',#2004,#2005,$) ;
#2033=AXIS2_PLACEMENT_3D('Circle Axis2P3D',#2031,#2032,$) ;
#2047=AXIS2_PLACEMENT_3D('Circle Axis2P3D',#2045,#2046,$) ;
#2060=AXIS2_PLACEMENT_3D('Plane Axis2P3D',#2057,#2058,#2059) ;
#2069=AXIS2_PLACEMENT_3D('Circle Axis2P3D',#2067,#2068,$) ;
#2085=AXIS2_PLACEMENT_3D('Circle Axis2P3D',#2083,#2084,$) ;
#2109=AXIS2_PLACEMENT_3D('Circle Axis2P3D',#2107,#2108,$) ;
#2125=AXIS2_PLACEMENT_3D('Circle Axis2P3D',#2123,#2124,$) ;
#2149=AXIS2_PLACEMENT_3D('Circle Axis2P3D',#2147,#2148,$) ;
#2165=AXIS2_PLACEMENT_3D('Circle Axis2P3D',#2163,#2164,$) ;
#2190=AXIS2_PLACEMENT_3D('Circle Axis2P3D',#2188,#2189,$) ;
#2206=AXIS2_PLACEMENT_3D('Circle Axis2P3D',#2204,#2205,$) ;
#2226=AXIS2_PLACEMENT_3D('Cylinder Axis2P3D',#2223,#2224,#2225) ;
#2237=AXIS2_PLACEMENT_3D('Circle Axis2P3D',#2235,#2236,$) ;
#2257=AXIS2_PLACEMENT_3D('Plane Axis2P3D',#2254,#2255,#2256) ;
#2279=AXIS2_PLACEMENT_3D('Circle Axis2P3D',#2277,#2278,$) ;
#2295=AXIS2_PLACEMENT_3D('Circle Axis2P3D',#2293,#2294,$) ;
#2313=AXIS2_PLACEMENT_3D('Circle Axis2P3D',#2311,#2312,$) ;
#2329=AXIS2_PLACEMENT_3D('Circle Axis2P3D',#2327,#2328,$) ;
#2349=AXIS2_PLACEMENT_3D('Cylinder Axis2P3D',#2346,#2347,#2348) ;
#2360=AXIS2_PLACEMENT_3D('Circle Axis2P3D',#2358,#2359,$) ;
#2373=AXIS2_PLACEMENT_3D('Plane Axis2P3D',#2370,#2371,#2372) ;
#2395=AXIS2_PLACEMENT_3D('Circle Axis2P3D',#2393,#2394,$) ;
#2411=AXIS2_PLACEMENT_3D('Circle Axis2P3D',#2409,#2410,$) ;
#2429=AXIS2_PLACEMENT_3D('Circle Axis2P3D',#2427,#2428,$) ;
#2445=AXIS2_PLACEMENT_3D('Circle Axis2P3D',#2443,#2444,$) ;
#2463=AXIS2_PLACEMENT_3D('Circle Axis2P3D',#2461,#2462,$) ;
#2479=AXIS2_PLACEMENT_3D('Circle Axis2P3D',#2477,#2478,$) ;
#2499=AXIS2_PLACEMENT_3D('Cylinder Axis2P3D',#2496,#2497,#2498) ;
#2510=AXIS2_PLACEMENT_3D('Circle Axis2P3D',#2508,#2509,$) ;
#2523=AXIS2_PLACEMENT_3D('Plane Axis2P3D',#2520,#2521,#2522) ;
#2554=AXIS2_PLACEMENT_3D('Circle Axis2P3D',#2552,#2553,$) ;
#2568=AXIS2_PLACEMENT_3D('Circle Axis2P3D',#2566,#2567,$) ;
#2588=AXIS2_PLACEMENT_3D('Circle Axis2P3D',#2586,#2587,$) ;
#2602=AXIS2_PLACEMENT_3D('Circle Axis2P3D',#2600,#2601,$) ;
#2615=AXIS2_PLACEMENT_3D('Cylinder Axis2P3D',#2612,#2613,#2614) ;
#2626=AXIS2_PLACEMENT_3D('Circle Axis2P3D',#2624,#2625,$) ;
#2639=AXIS2_PLACEMENT_3D('Plane Axis2P3D',#2636,#2637,#2638) ;
#2663=AXIS2_PLACEMENT_3D('Circle Axis2P3D',#2661,#2662,$) ;
#2677=AXIS2_PLACEMENT_3D('Circle Axis2P3D',#2675,#2676,$) ;
#2697=AXIS2_PLACEMENT_3D('Circle Axis2P3D',#2695,#2696,$) ;
#2711=AXIS2_PLACEMENT_3D('Circle Axis2P3D',#2709,#2710,$) ;
#2731=AXIS2_PLACEMENT_3D('Circle Axis2P3D',#2729,#2730,$) ;
#2745=AXIS2_PLACEMENT_3D('Circle Axis2P3D',#2743,#2744,$) ;
#2758=AXIS2_PLACEMENT_3D('Plane Axis2P3D',#2755,#2756,#2757) ;
#2780=AXIS2_PLACEMENT_3D('Cylinder Axis2P3D',#2777,#2778,#2779) ;
#2797=AXIS2_PLACEMENT_3D('Plane Axis2P3D',#2794,#2795,#2796) ;
#2814=AXIS2_PLACEMENT_3D('Cylinder Axis2P3D',#2811,#2812,#2813) ;
#2826=AXIS2_PLACEMENT_3D('Cylinder Axis2P3D',#2823,#2824,#2825) ;
#2860=AXIS2_PLACEMENT_3D('Cylinder Axis2P3D',#2857,#2858,#2859) ;
#2884=AXIS2_PLACEMENT_3D('Cylinder Axis2P3D',#2881,#2882,#2883) ;
#2918=AXIS2_PLACEMENT_3D('Cylinder Axis2P3D',#2915,#2916,#2917) ;
#2942=AXIS2_PLACEMENT_3D('Cylinder Axis2P3D',#2939,#2940,#2941) ;
#2976=AXIS2_PLACEMENT_3D('Cylinder Axis2P3D',#2973,#2974,#2975) ;
#3065=AXIS2_PLACEMENT_3D('Cylinder Axis2P3D',#3062,#3063,#3064) ;
#3094=AXIS2_PLACEMENT_3D('Cylinder Axis2P3D',#3091,#3092,#3093) ;
#3298=AXIS2_PLACEMENT_3D('Plane Axis2P3D',#3295,#3296,#3297) ;
#3312=AXIS2_PLACEMENT_3D('Circle Axis2P3D',#3310,#3311,$) ;
#3328=AXIS2_PLACEMENT_3D('Circle Axis2P3D',#3326,#3327,$) ;
#3342=AXIS2_PLACEMENT_3D('Circle Axis2P3D',#3340,#3341,$) ;
#3356=AXIS2_PLACEMENT_3D('Circle Axis2P3D',#3354,#3355,$) ;
#3380=AXIS2_PLACEMENT_3D('Plane Axis2P3D',#3377,#3378,#3379) ;
#3411=AXIS2_PLACEMENT_3D('Cylinder Axis2P3D',#3408,#3409,#3410) ;
#3415=AXIS2_PLACEMENT_3D('Circle Axis2P3D',#3413,#3414,$) ;
#3435=AXIS2_PLACEMENT_3D('Plane Axis2P3D',#3432,#3433,#3434) ;
#3459=AXIS2_PLACEMENT_3D('Cylinder Axis2P3D',#3456,#3457,#3458) ;
#3463=AXIS2_PLACEMENT_3D('Circle Axis2P3D',#3461,#3462,$) ;
#3483=AXIS2_PLACEMENT_3D('Plane Axis2P3D',#3480,#3481,#3482) ;
#3507=AXIS2_PLACEMENT_3D('Cylinder Axis2P3D',#3504,#3505,#3506) ;
#3511=AXIS2_PLACEMENT_3D('Circle Axis2P3D',#3509,#3510,$) ;
#3531=AXIS2_PLACEMENT_3D('Plane Axis2P3D',#3528,#3529,#3530) ;
#3555=AXIS2_PLACEMENT_3D('Cylinder Axis2P3D',#3552,#3553,#3554) ;
#3559=AXIS2_PLACEMENT_3D('Circle Axis2P3D',#3557,#3558,$) ;
#3572=AXIS2_PLACEMENT_3D('Plane Axis2P3D',#3569,#3570,#3571) ;
#3595=AXIS2_PLACEMENT_3D('Circle Axis2P3D',#3593,#3594,$) ;
#3609=AXIS2_PLACEMENT_3D('Circle Axis2P3D',#3607,#3608,$) ;
#3623=AXIS2_PLACEMENT_3D('Circle Axis2P3D',#3621,#3622,$) ;
#3637=AXIS2_PLACEMENT_3D('Circle Axis2P3D',#3635,#3636,$) ;
#3654=AXIS2_PLACEMENT_3D('Cylinder Axis2P3D',#3651,#3652,#3653) ;
#3665=AXIS2_PLACEMENT_3D('Circle Axis2P3D',#3663,#3664,$) ;
#3685=AXIS2_PLACEMENT_3D('Plane Axis2P3D',#3682,#3683,#3684) ;
#3709=AXIS2_PLACEMENT_3D('Cylinder Axis2P3D',#3706,#3707,#3708) ;
#3720=AXIS2_PLACEMENT_3D('Circle Axis2P3D',#3718,#3719,$) ;
#3733=AXIS2_PLACEMENT_3D('Plane Axis2P3D',#3730,#3731,#3732) ;
#3757=AXIS2_PLACEMENT_3D('Cylinder Axis2P3D',#3754,#3755,#3756) ;
#3768=AXIS2_PLACEMENT_3D('Circle Axis2P3D',#3766,#3767,$) ;
#3781=AXIS2_PLACEMENT_3D('Plane Axis2P3D',#3778,#3779,#3780) ;
#3805=AXIS2_PLACEMENT_3D('Cylinder Axis2P3D',#3802,#3803,#3804) ;
#3816=AXIS2_PLACEMENT_3D('Circle Axis2P3D',#3814,#3815,$) ;
#3829=AXIS2_PLACEMENT_3D('Plane Axis2P3D',#3826,#3827,#3828) ;
#3855=AXIS2_PLACEMENT_3D('Circle Axis2P3D',#3853,#3854,$) ;
#3864=AXIS2_PLACEMENT_3D('Circle Axis2P3D',#3862,#3863,$) ;
#3873=AXIS2_PLACEMENT_3D('Circle Axis2P3D',#3871,#3872,$) ;
#3882=AXIS2_PLACEMENT_3D('Circle Axis2P3D',#3880,#3881,$) ;
#3891=AXIS2_PLACEMENT_3D('Circle Axis2P3D',#3889,#3890,$) ;
#3900=AXIS2_PLACEMENT_3D('Circle Axis2P3D',#3898,#3899,$) ;
#3909=AXIS2_PLACEMENT_3D('Circle Axis2P3D',#3907,#3908,$) ;
#3918=AXIS2_PLACEMENT_3D('Circle Axis2P3D',#3916,#3917,$) ;
#3927=AXIS2_PLACEMENT_3D('Circle Axis2P3D',#3925,#3926,$) ;
#3936=AXIS2_PLACEMENT_3D('Circle Axis2P3D',#3934,#3935,$) ;
#3945=AXIS2_PLACEMENT_3D('Circle Axis2P3D',#3943,#3944,$) ;
#3954=AXIS2_PLACEMENT_3D('Circle Axis2P3D',#3952,#3953,$) ;
#3965=AXIS2_PLACEMENT_3D('Cylinder Axis2P3D',#3962,#3963,#3964) ;
#3969=AXIS2_PLACEMENT_3D('Circle Axis2P3D',#3967,#3968,$) ;
#3995=AXIS2_PLACEMENT_3D('Circle Axis2P3D',#3993,#3994,$) ;
#4008=AXIS2_PLACEMENT_3D('Plane Axis2P3D',#4005,#4006,#4007) ;
#4016=AXIS2_PLACEMENT_3D('Circle Axis2P3D',#4014,#4015,$) ;
#4025=AXIS2_PLACEMENT_3D('Circle Axis2P3D',#4023,#4024,$) ;
#4036=AXIS2_PLACEMENT_3D('Cylinder Axis2P3D',#4033,#4034,#4035) ;
#4083=AXIS2_PLACEMENT_3D('Cylinder Axis2P3D',#4080,#4081,#4082) ;
#4130=AXIS2_PLACEMENT_3D('Cylinder Axis2P3D',#4127,#4128,#4129) ;
#4177=AXIS2_PLACEMENT_3D('Cylinder Axis2P3D',#4174,#4175,#4176) ;
#4224=AXIS2_PLACEMENT_3D('Cylinder Axis2P3D',#4221,#4222,#4223) ;
#4271=AXIS2_PLACEMENT_3D('Cylinder Axis2P3D',#4268,#4269,#4270) ;
#39=LINE('Line',#36,#38) ;
#55=LINE('Line',#52,#54) ;
#96=LINE('Line',#93,#95) ;
#112=LINE('Line',#109,#111) ;
#126=LINE('Line',#123,#125) ;
#140=LINE('Line',#137,#139) ;
#290=LINE('Line',#287,#289) ;
#313=LINE('Line',#310,#312) ;
#334=LINE('Line',#331,#333) ;
#341=LINE('Line',#338,#340) ;
#346=LINE('Line',#343,#345) ;
#353=LINE('Line',#350,#352) ;
#400=LINE('Line',#397,#399) ;
#417=LINE('Line',#414,#416) ;
#447=LINE('Line',#444,#446) ;
#454=LINE('Line',#451,#453) ;
#459=LINE('Line',#456,#458) ;
#512=LINE('Line',#509,#511) ;
#529=LINE('Line',#526,#528) ;
#552=LINE('Line',#549,#551) ;
#573=LINE('Line',#570,#572) ;
#580=LINE('Line',#577,#579) ;
#585=LINE('Line',#582,#584) ;
#632=LINE('Line',#629,#631) ;
#649=LINE('Line',#646,#648) ;
#679=LINE('Line',#676,#678) ;
#686=LINE('Line',#683,#685) ;
#691=LINE('Line',#688,#690) ;
#754=LINE('Line',#751,#753) ;
#761=LINE('Line',#758,#760) ;
#797=LINE('Line',#794,#796) ;
#804=LINE('Line',#801,#803) ;
#840=LINE('Line',#837,#839) ;
#847=LINE('Line',#844,#846) ;
#883=LINE('Line',#880,#882) ;
#890=LINE('Line',#887,#889) ;
#926=LINE('Line',#923,#925) ;
#933=LINE('Line',#930,#932) ;
#969=LINE('Line',#966,#968) ;
#976=LINE('Line',#973,#975) ;
#983=LINE('Line',#980,#982) ;
#988=LINE('Line',#985,#987) ;
#995=LINE('Line',#992,#994) ;
#1002=LINE('Line',#999,#1001) ;
#1007=LINE('Line',#1004,#1006) ;
#1014=LINE('Line',#1011,#1013) ;
#1021=LINE('Line',#1018,#1020) ;
#1026=LINE('Line',#1023,#1025) ;
#1033=LINE('Line',#1030,#1032) ;
#1040=LINE('Line',#1037,#1039) ;
#1045=LINE('Line',#1042,#1044) ;
#1052=LINE('Line',#1049,#1051) ;
#1059=LINE('Line',#1056,#1058) ;
#1064=LINE('Line',#1061,#1063) ;
#1071=LINE('Line',#1068,#1070) ;
#1078=LINE('Line',#1075,#1077) ;
#1083=LINE('Line',#1080,#1082) ;
#1090=LINE('Line',#1087,#1089) ;
#1097=LINE('Line',#1094,#1096) ;
#1102=LINE('Line',#1099,#1101) ;
#1109=LINE('Line',#1106,#1108) ;
#1116=LINE('Line',#1113,#1115) ;
#1121=LINE('Line',#1118,#1120) ;
#1128=LINE('Line',#1125,#1127) ;
#1135=LINE('Line',#1132,#1134) ;
#1140=LINE('Line',#1137,#1139) ;
#1147=LINE('Line',#1144,#1146) ;
#1154=LINE('Line',#1151,#1153) ;
#1209=LINE('Line',#1206,#1208) ;
#1225=LINE('Line',#1222,#1224) ;
#1239=LINE('Line',#1236,#1238) ;
#1253=LINE('Line',#1250,#1252) ;
#1288=LINE('Line',#1285,#1287) ;
#1324=LINE('Line',#1321,#1323) ;
#1360=LINE('Line',#1357,#1359) ;
#1396=LINE('Line',#1393,#1395) ;
#1408=LINE('Line',#1405,#1407) ;
#1451=LINE('Line',#1448,#1450) ;
#1463=LINE('Line',#1460,#1462) ;
#1501=LINE('Line',#1498,#1500) ;
#1532=LINE('Line',#1529,#1531) ;
#1563=LINE('Line',#1560,#1562) ;
#1594=LINE('Line',#1591,#1593) ;
#1613=LINE('Line',#1610,#1612) ;
#1644=LINE('Line',#1641,#1643) ;
#1663=LINE('Line',#1660,#1662) ;
#1822=LINE('Line',#1819,#1821) ;
#1836=LINE('Line',#1833,#1835) ;
#1858=LINE('Line',#1855,#1857) ;
#1874=LINE('Line',#1871,#1873) ;
#1898=LINE('Line',#1895,#1897) ;
#1914=LINE('Line',#1911,#1913) ;
#1938=LINE('Line',#1935,#1937) ;
#1954=LINE('Line',#1951,#1953) ;
#1984=LINE('Line',#1981,#1983) ;
#2000=LINE('Line',#1997,#1999) ;
#2025=LINE('Line',#2022,#2024) ;
#2041=LINE('Line',#2038,#2040) ;
#2079=LINE('Line',#2076,#2078) ;
#2093=LINE('Line',#2090,#2092) ;
#2119=LINE('Line',#2116,#2118) ;
#2133=LINE('Line',#2130,#2132) ;
#2159=LINE('Line',#2156,#2158) ;
#2173=LINE('Line',#2170,#2172) ;
#2200=LINE('Line',#2197,#2199) ;
#2214=LINE('Line',#2211,#2213) ;
#2231=LINE('Line',#2228,#2230) ;
#2245=LINE('Line',#2242,#2244) ;
#2262=LINE('Line',#2259,#2261) ;
#2269=LINE('Line',#2266,#2268) ;
#2289=LINE('Line',#2286,#2288) ;
#2303=LINE('Line',#2300,#2302) ;
#2323=LINE('Line',#2320,#2322) ;
#2337=LINE('Line',#2334,#2336) ;
#2354=LINE('Line',#2351,#2353) ;
#2378=LINE('Line',#2375,#2377) ;
#2385=LINE('Line',#2382,#2384) ;
#2405=LINE('Line',#2402,#2404) ;
#2419=LINE('Line',#2416,#2418) ;
#2439=LINE('Line',#2436,#2438) ;
#2453=LINE('Line',#2450,#2452) ;
#2473=LINE('Line',#2470,#2472) ;
#2487=LINE('Line',#2484,#2486) ;
#2504=LINE('Line',#2501,#2503) ;
#2528=LINE('Line',#2525,#2527) ;
#2535=LINE('Line',#2532,#2534) ;
#2546=LINE('Line',#2543,#2545) ;
#2562=LINE('Line',#2559,#2561) ;
#2580=LINE('Line',#2577,#2579) ;
#2596=LINE('Line',#2593,#2595) ;
#2620=LINE('Line',#2617,#2619) ;
#2644=LINE('Line',#2641,#2643) ;
#2655=LINE('Line',#2652,#2654) ;
#2671=LINE('Line',#2668,#2670) ;
#2689=LINE('Line',#2686,#2688) ;
#2705=LINE('Line',#2702,#2704) ;
#2723=LINE('Line',#2720,#2722) ;
#2739=LINE('Line',#2736,#2738) ;
#2763=LINE('Line',#2760,#2762) ;
#2768=LINE('Line',#2765,#2767) ;
#2785=LINE('Line',#2782,#2784) ;
#2802=LINE('Line',#2799,#2801) ;
#2831=LINE('Line',#2828,#2830) ;
#2836=LINE('Line',#2833,#2835) ;
#2848=LINE('Line',#2845,#2847) ;
#2865=LINE('Line',#2862,#2864) ;
#2889=LINE('Line',#2886,#2888) ;
#2894=LINE('Line',#2891,#2893) ;
#2906=LINE('Line',#2903,#2905) ;
#2923=LINE('Line',#2920,#2922) ;
#2947=LINE('Line',#2944,#2946) ;
#2952=LINE('Line',#2949,#2951) ;
#2964=LINE('Line',#2961,#2963) ;
#2981=LINE('Line',#2978,#2980) ;
#3000=LINE('Line',#2997,#2999) ;
#3005=LINE('Line',#3002,#3004) ;
#3017=LINE('Line',#3014,#3016) ;
#3029=LINE('Line',#3026,#3028) ;
#3048=LINE('Line',#3045,#3047) ;
#3053=LINE('Line',#3050,#3052) ;
#3070=LINE('Line',#3067,#3069) ;
#3082=LINE('Line',#3079,#3081) ;
#3106=LINE('Line',#3103,#3105) ;
#3111=LINE('Line',#3108,#3110) ;
#3123=LINE('Line',#3120,#3122) ;
#3135=LINE('Line',#3132,#3134) ;
#3154=LINE('Line',#3151,#3153) ;
#3159=LINE('Line',#3156,#3158) ;
#3171=LINE('Line',#3168,#3170) ;
#3183=LINE('Line',#3180,#3182) ;
#3202=LINE('Line',#3199,#3201) ;
#3207=LINE('Line',#3204,#3206) ;
#3219=LINE('Line',#3216,#3218) ;
#3231=LINE('Line',#3228,#3230) ;
#3250=LINE('Line',#3247,#3249) ;
#3255=LINE('Line',#3252,#3254) ;
#3267=LINE('Line',#3264,#3266) ;
#3279=LINE('Line',#3276,#3278) ;
#3322=LINE('Line',#3319,#3321) ;
#3336=LINE('Line',#3333,#3335) ;
#3350=LINE('Line',#3347,#3349) ;
#3364=LINE('Line',#3361,#3363) ;
#3385=LINE('Line',#3382,#3384) ;
#3394=LINE('Line',#3391,#3393) ;
#3399=LINE('Line',#3396,#3398) ;
#3423=LINE('Line',#3420,#3422) ;
#3440=LINE('Line',#3437,#3439) ;
#3447=LINE('Line',#3444,#3446) ;
#3471=LINE('Line',#3468,#3470) ;
#3488=LINE('Line',#3485,#3487) ;
#3495=LINE('Line',#3492,#3494) ;
#3519=LINE('Line',#3516,#3518) ;
#3536=LINE('Line',#3533,#3535) ;
#3543=LINE('Line',#3540,#3542) ;
#3587=LINE('Line',#3584,#3586) ;
#3603=LINE('Line',#3600,#3602) ;
#3617=LINE('Line',#3614,#3616) ;
#3631=LINE('Line',#3628,#3630) ;
#3659=LINE('Line',#3656,#3658) ;
#3673=LINE('Line',#3670,#3672) ;
#3690=LINE('Line',#3687,#3689) ;
#3697=LINE('Line',#3694,#3696) ;
#3714=LINE('Line',#3711,#3713) ;
#3738=LINE('Line',#3735,#3737) ;
#3745=LINE('Line',#3742,#3744) ;
#3762=LINE('Line',#3759,#3761) ;
#3786=LINE('Line',#3783,#3785) ;
#3793=LINE('Line',#3790,#3792) ;
#3810=LINE('Line',#3807,#3809) ;
#3834=LINE('Line',#3831,#3833) ;
#3979=LINE('Line',#3976,#3978) ;
#3984=LINE('Line',#3981,#3983) ;
#4041=LINE('Line',#4038,#4040) ;
#4048=LINE('Line',#4045,#4047) ;
#4055=LINE('Line',#4052,#4054) ;
#4060=LINE('Line',#4057,#4059) ;
#4088=LINE('Line',#4085,#4087) ;
#4095=LINE('Line',#4092,#4094) ;
#4100=LINE('Line',#4097,#4099) ;
#4107=LINE('Line',#4104,#4106) ;
#4135=LINE('Line',#4132,#4134) ;
#4142=LINE('Line',#4139,#4141) ;
#4149=LINE('Line',#4146,#4148) ;
#4154=LINE('Line',#4151,#4153) ;
#4182=LINE('Line',#4179,#4181) ;
#4189=LINE('Line',#4186,#4188) ;
#4196=LINE('Line',#4193,#4195) ;
#4201=LINE('Line',#4198,#4200) ;
#4229=LINE('Line',#4226,#4228) ;
#4236=LINE('Line',#4233,#4235) ;
#4243=LINE('Line',#4240,#4242) ;
#4248=LINE('Line',#4245,#4247) ;
#4276=LINE('Line',#4273,#4275) ;
#4283=LINE('Line',#4280,#4282) ;
#4290=LINE('Line',#4287,#4289) ;
#4295=LINE('Line',#4292,#4294) ;
#48=CIRCLE('generated circle',#47,10.) ;
#62=CIRCLE('generated circle',#61,10.) ;
#74=CIRCLE('generated circle',#73,10.) ;
#79=CIRCLE('generated circle',#78,10.) ;
#105=CIRCLE('generated circle',#104,10.) ;
#119=CIRCLE('generated circle',#118,10.) ;
#133=CIRCLE('generated circle',#132,10.) ;
#147=CIRCLE('generated circle',#146,10.) ;
#166=CIRCLE('generated circle',#165,10.) ;
#175=CIRCLE('generated circle',#174,10.) ;
#184=CIRCLE('generated circle',#183,10.) ;
#193=CIRCLE('generated circle',#192,10.) ;
#202=CIRCLE('generated circle',#201,10.) ;
#211=CIRCLE('generated circle',#210,10.) ;
#220=CIRCLE('generated circle',#219,9.5) ;
#229=CIRCLE('generated circle',#228,9.5) ;
#238=CIRCLE('generated circle',#237,18.) ;
#247=CIRCLE('generated circle',#246,18.) ;
#266=CIRCLE('generated circle',#265,8.2) ;
#275=CIRCLE('generated circle',#274,8.2) ;
#299=CIRCLE('generated circle',#298,5.5) ;
#306=CIRCLE('generated circle',#305,5.5) ;
#320=CIRCLE('generated circle',#319,5.5) ;
#327=CIRCLE('generated circle',#326,5.5) ;
#360=CIRCLE('generated circle',#359,5.5) ;
#367=CIRCLE('generated circle',#366,5.5) ;
#393=CIRCLE('generated circle',#392,10.) ;
#426=CIRCLE('generated circle',#425,5.5) ;
#433=CIRCLE('generated circle',#432,5.5) ;
#440=CIRCLE('generated circle',#439,5.5) ;
#466=CIRCLE('generated circle',#465,5.5) ;
#473=CIRCLE('generated circle',#472,5.5) ;
#480=CIRCLE('generated circle',#479,5.5) ;
#505=CIRCLE('generated circle',#504,10.) ;
#538=CIRCLE('generated circle',#537,5.5) ;
#545=CIRCLE('generated circle',#544,5.5) ;
#559=CIRCLE('generated circle',#558,5.5) ;
#566=CIRCLE('generated circle',#565,5.5) ;
#592=CIRCLE('generated circle',#591,5.5) ;
#599=CIRCLE('generated circle',#598,5.5) ;
#625=CIRCLE('generated circle',#624,10.) ;
#658=CIRCLE('generated circle',#657,5.5) ;
#665=CIRCLE('generated circle',#664,5.5) ;
#672=CIRCLE('generated circle',#671,5.5) ;
#698=CIRCLE('generated circle',#697,5.5) ;
#705=CIRCLE('generated circle',#704,5.5) ;
#712=CIRCLE('generated circle',#711,5.5) ;
#737=CIRCLE('generated circle',#736,10.) ;
#768=CIRCLE('generated circle',#767,10.) ;
#780=CIRCLE('generated circle',#779,10.) ;
#811=CIRCLE('generated circle',#810,10.) ;
#823=CIRCLE('generated circle',#822,10.) ;
#854=CIRCLE('generated circle',#853,10.) ;
#866=CIRCLE('generated circle',#865,10.) ;
#897=CIRCLE('generated circle',#896,9.5) ;
#909=CIRCLE('generated circle',#908,9.5) ;
#940=CIRCLE('generated circle',#939,18.) ;
#952=CIRCLE('generated circle',#951,18.) ;
#1218=CIRCLE('generated circle',#1217,7.) ;
#1232=CIRCLE('generated circle',#1231,7.) ;
#1246=CIRCLE('generated circle',#1245,7.) ;
#1260=CIRCLE('generated circle',#1259,7.) ;
#1281=CIRCLE('generated circle',#1280,5.5) ;
#1300=CIRCLE('generated circle',#1299,5.5) ;
#1317=CIRCLE('generated circle',#1316,5.5) ;
#1336=CIRCLE('generated circle',#1335,5.5) ;
#1353=CIRCLE('generated circle',#1352,5.5) ;
#1372=CIRCLE('generated circle',#1371,5.5) ;
#1389=CIRCLE('generated circle',#1388,5.5) ;
#1415=CIRCLE('generated circle',#1414,5.5) ;
#1427=CIRCLE('generated circle',#1426,5.5) ;
#1444=CIRCLE('generated circle',#1443,5.5) ;
#1470=CIRCLE('generated circle',#1469,5.5) ;
#1482=CIRCLE('generated circle',#1481,5.5) ;
#1494=CIRCLE('generated circle',#1493,5.5) ;
#1513=CIRCLE('generated circle',#1512,5.5) ;
#1525=CIRCLE('generated circle',#1524,5.5) ;
#1544=CIRCLE('generated circle',#1543,5.5) ;
#1556=CIRCLE('generated circle',#1555,5.5) ;
#1575=CIRCLE('generated circle',#1574,5.5) ;
#1587=CIRCLE('generated circle',#1586,5.5) ;
#1606=CIRCLE('generated circle',#1605,5.5) ;
#1625=CIRCLE('generated circle',#1624,5.5) ;
#1637=CIRCLE('generated circle',#1636,5.5) ;
#1656=CIRCLE('generated circle',#1655,5.5) ;
#1675=CIRCLE('generated circle',#1674,5.5) ;
#1691=CIRCLE('generated circle',#1690,8.2) ;
#1700=CIRCLE('generated circle',#1699,8.2) ;
#1714=CIRCLE('generated circle',#1713,8.2) ;
#1723=CIRCLE('generated circle',#1722,8.2) ;
#1737=CIRCLE('generated circle',#1736,8.2) ;
#1746=CIRCLE('generated circle',#1745,8.2) ;
#1760=CIRCLE('generated circle',#1759,6.9) ;
#1769=CIRCLE('generated circle',#1768,6.9) ;
#1783=CIRCLE('generated circle',#1782,11.2) ;
#1792=CIRCLE('generated circle',#1791,11.2) ;
#1813=CIRCLE('generated circle',#1812,2.3) ;
#1829=CIRCLE('generated circle',#1828,2.3) ;
#1867=CIRCLE('generated circle',#1866,2.3) ;
#1881=CIRCLE('generated circle',#1880,2.3) ;
#1907=CIRCLE('generated circle',#1906,2.3) ;
#1921=CIRCLE('generated circle',#1920,2.3) ;
#1947=CIRCLE('generated circle',#1946,2.3) ;
#1961=CIRCLE('generated circle',#1960,2.3) ;
#1993=CIRCLE('generated circle',#1992,2.3) ;
#2007=CIRCLE('generated circle',#2006,2.3) ;
#2034=CIRCLE('generated circle',#2033,2.3) ;
#2048=CIRCLE('generated circle',#2047,2.3) ;
#2070=CIRCLE('generated circle',#2069,2.3) ;
#2086=CIRCLE('generated circle',#2085,2.3) ;
#2110=CIRCLE('generated circle',#2109,2.3) ;
#2126=CIRCLE('generated circle',#2125,2.3) ;
#2150=CIRCLE('generated circle',#2149,2.3) ;
#2166=CIRCLE('generated circle',#2165,2.3) ;
#2191=CIRCLE('generated circle',#2190,2.3) ;
#2207=CIRCLE('generated circle',#2206,2.3) ;
#2238=CIRCLE('generated circle',#2237,7.) ;
#2280=CIRCLE('generated circle',#2279,2.3) ;
#2296=CIRCLE('generated circle',#2295,2.3) ;
#2314=CIRCLE('generated circle',#2313,2.3) ;
#2330=CIRCLE('generated circle',#2329,2.3) ;
#2361=CIRCLE('generated circle',#2360,7.) ;
#2396=CIRCLE('generated circle',#2395,2.3) ;
#2412=CIRCLE('generated circle',#2411,2.3) ;
#2430=CIRCLE('generated circle',#2429,2.3) ;
#2446=CIRCLE('generated circle',#2445,2.3) ;
#2464=CIRCLE('generated circle',#2463,2.3) ;
#2480=CIRCLE('generated circle',#2479,2.3) ;
#2511=CIRCLE('generated circle',#2510,7.) ;
#2555=CIRCLE('generated circle',#2554,2.3) ;
#2569=CIRCLE('generated circle',#2568,2.3) ;
#2589=CIRCLE('generated circle',#2588,2.3) ;
#2603=CIRCLE('generated circle',#2602,2.3) ;
#2627=CIRCLE('generated circle',#2626,7.) ;
#2664=CIRCLE('generated circle',#2663,2.3) ;
#2678=CIRCLE('generated circle',#2677,2.3) ;
#2698=CIRCLE('generated circle',#2697,2.3) ;
#2712=CIRCLE('generated circle',#2711,2.3) ;
#2732=CIRCLE('generated circle',#2731,2.3) ;
#2746=CIRCLE('generated circle',#2745,2.3) ;
#3313=CIRCLE('generated circle',#3312,5.4) ;
#3329=CIRCLE('generated circle',#3328,5.4) ;
#3343=CIRCLE('generated circle',#3342,5.4) ;
#3357=CIRCLE('generated circle',#3356,5.4) ;
#3416=CIRCLE('generated circle',#3415,5.4) ;
#3464=CIRCLE('generated circle',#3463,5.4) ;
#3512=CIRCLE('generated circle',#3511,5.4) ;
#3560=CIRCLE('generated circle',#3559,5.4) ;
#3596=CIRCLE('generated circle',#3595,2.9) ;
#3610=CIRCLE('generated circle',#3609,2.9) ;
#3624=CIRCLE('generated circle',#3623,2.9) ;
#3638=CIRCLE('generated circle',#3637,2.9) ;
#3666=CIRCLE('generated circle',#3665,2.9) ;
#3721=CIRCLE('generated circle',#3720,2.9) ;
#3769=CIRCLE('generated circle',#3768,2.9) ;
#3817=CIRCLE('generated circle',#3816,2.9) ;
#3856=CIRCLE('generated circle',#3855,11.) ;
#3865=CIRCLE('generated circle',#3864,11.) ;
#3874=CIRCLE('generated circle',#3873,8.2) ;
#3883=CIRCLE('generated circle',#3882,8.2) ;
#3892=CIRCLE('generated circle',#3891,8.2) ;
#3901=CIRCLE('generated circle',#3900,8.2) ;
#3910=CIRCLE('generated circle',#3909,8.2) ;
#3919=CIRCLE('generated circle',#3918,8.2) ;
#3928=CIRCLE('generated circle',#3927,8.2) ;
#3937=CIRCLE('generated circle',#3936,8.2) ;
#3946=CIRCLE('generated circle',#3945,11.2) ;
#3955=CIRCLE('generated circle',#3954,11.2) ;
#3970=CIRCLE('generated circle',#3969,11.) ;
#3996=CIRCLE('generated circle',#3995,11.) ;
#4017=CIRCLE('generated circle',#4016,6.9) ;
#4026=CIRCLE('generated circle',#4025,6.9) ;
#92=PLANE('',#91) ;
#258=PLANE('',#257) ;
#286=PLANE('',#285) ;
#413=PLANE('',#412) ;
#525=PLANE('',#524) ;
#645=PLANE('',#644) ;
#965=PLANE('',#964) ;
#1803=PLANE('',#1802) ;
#1849=PLANE('',#1848) ;
#1974=PLANE('',#1973) ;
#2061=PLANE('',#2060) ;
#2258=PLANE('',#2257) ;
#2374=PLANE('',#2373) ;
#2524=PLANE('',#2523) ;
#2640=PLANE('',#2639) ;
#2759=PLANE('',#2758) ;
#2798=PLANE('',#2797) ;
#3299=PLANE('',#3298) ;
#3381=PLANE('',#3380) ;
#3436=PLANE('',#3435) ;
#3484=PLANE('',#3483) ;
#3532=PLANE('',#3531) ;
#3573=PLANE('',#3572) ;
#3686=PLANE('',#3685) ;
#3734=PLANE('',#3733) ;
#3782=PLANE('',#3781) ;
#3830=PLANE('',#3829) ;
#4009=PLANE('',#4008) ;
#35=CYLINDRICAL_SURFACE('generated cylinder',#34,10.) ;
#389=CYLINDRICAL_SURFACE('generated cylinder',#388,10.) ;
#501=CYLINDRICAL_SURFACE('generated cylinder',#500,10.) ;
#621=CYLINDRICAL_SURFACE('generated cylinder',#620,10.) ;
#733=CYLINDRICAL_SURFACE('generated cylinder',#732,10.) ;
#750=CYLINDRICAL_SURFACE('generated cylinder',#749,10.) ;
#793=CYLINDRICAL_SURFACE('generated cylinder',#792,10.) ;
#836=CYLINDRICAL_SURFACE('generated cylinder',#835,10.) ;
#879=CYLINDRICAL_SURFACE('generated cylinder',#878,9.5) ;
#922=CYLINDRICAL_SURFACE('generated cylinder',#921,18.) ;
#1277=CYLINDRICAL_SURFACE('generated cylinder',#1276,5.5) ;
#1313=CYLINDRICAL_SURFACE('generated cylinder',#1312,5.5) ;
#1349=CYLINDRICAL_SURFACE('generated cylinder',#1348,5.5) ;
#1385=CYLINDRICAL_SURFACE('generated cylinder',#1384,5.5) ;
#1440=CYLINDRICAL_SURFACE('generated cylinder',#1439,5.5) ;
#2227=CYLINDRICAL_SURFACE('generated cylinder',#2226,7.) ;
#2350=CYLINDRICAL_SURFACE('generated cylinder',#2349,7.) ;
#2500=CYLINDRICAL_SURFACE('generated cylinder',#2499,7.) ;
#2616=CYLINDRICAL_SURFACE('generated cylinder',#2615,7.) ;
#2781=CYLINDRICAL_SURFACE('generated cylinder',#2780,2.3) ;
#2815=CYLINDRICAL_SURFACE('generated cylinder',#2814,2.3) ;
#2827=CYLINDRICAL_SURFACE('generated cylinder',#2826,2.3) ;
#2861=CYLINDRICAL_SURFACE('generated cylinder',#2860,2.3) ;
#2885=CYLINDRICAL_SURFACE('generated cylinder',#2884,2.3) ;
#2919=CYLINDRICAL_SURFACE('generated cylinder',#2918,2.3) ;
#2943=CYLINDRICAL_SURFACE('generated cylinder',#2942,2.3) ;
#2977=CYLINDRICAL_SURFACE('generated cylinder',#2976,2.3) ;
#3066=CYLINDRICAL_SURFACE('generated cylinder',#3065,2.3) ;
#3095=CYLINDRICAL_SURFACE('generated cylinder',#3094,2.3) ;
#3412=CYLINDRICAL_SURFACE('generated cylinder',#3411,5.4) ;
#3460=CYLINDRICAL_SURFACE('generated cylinder',#3459,5.4) ;
#3508=CYLINDRICAL_SURFACE('generated cylinder',#3507,5.4) ;
#3556=CYLINDRICAL_SURFACE('generated cylinder',#3555,5.4) ;
#3655=CYLINDRICAL_SURFACE('generated cylinder',#3654,2.9) ;
#3710=CYLINDRICAL_SURFACE('generated cylinder',#3709,2.9) ;
#3758=CYLINDRICAL_SURFACE('generated cylinder',#3757,2.9) ;
#3806=CYLINDRICAL_SURFACE('generated cylinder',#3805,2.9) ;
#3966=CYLINDRICAL_SURFACE('generated cylinder',#3965,11.) ;
#4037=CYLINDRICAL_SURFACE('generated cylinder',#4036,11.2) ;
#4084=CYLINDRICAL_SURFACE('generated cylinder',#4083,6.9) ;
#4131=CYLINDRICAL_SURFACE('generated cylinder',#4130,8.2) ;
#4178=CYLINDRICAL_SURFACE('generated cylinder',#4177,8.2) ;
#4225=CYLINDRICAL_SURFACE('generated cylinder',#4224,8.2) ;
#4272=CYLINDRICAL_SURFACE('generated cylinder',#4271,8.2) ;
#162=FACE_BOUND('',#159,.T.) ;
#180=FACE_BOUND('',#177,.T.) ;
#198=FACE_BOUND('',#195,.T.) ;
#216=FACE_BOUND('',#213,.T.) ;
#234=FACE_BOUND('',#231,.T.) ;
#252=FACE_BOUND('',#249,.T.) ;
#280=FACE_BOUND('',#277,.T.) ;
#1271=FACE_BOUND('',#1262,.T.) ;
#1705=FACE_BOUND('',#1702,.T.) ;
#1728=FACE_BOUND('',#1725,.T.) ;
#1751=FACE_BOUND('',#1748,.T.) ;
#1774=FACE_BOUND('',#1771,.T.) ;
#1797=FACE_BOUND('',#1794,.T.) ;
#1843=FACE_BOUND('',#1838,.T.) ;
#1888=FACE_BOUND('',#1883,.T.) ;
#1928=FACE_BOUND('',#1923,.T.) ;
#1968=FACE_BOUND('',#1963,.T.) ;
#2014=FACE_BOUND('',#2009,.T.) ;
#2055=FACE_BOUND('',#2050,.T.) ;
#2100=FACE_BOUND('',#2095,.T.) ;
#2140=FACE_BOUND('',#2135,.T.) ;
#2180=FACE_BOUND('',#2175,.T.) ;
#2221=FACE_BOUND('',#2216,.T.) ;
#2310=FACE_BOUND('',#2305,.T.) ;
#2344=FACE_BOUND('',#2339,.T.) ;
#2426=FACE_BOUND('',#2421,.T.) ;
#2460=FACE_BOUND('',#2455,.T.) ;
#2494=FACE_BOUND('',#2489,.T.) ;
#2576=FACE_BOUND('',#2571,.T.) ;
#2610=FACE_BOUND('',#2605,.T.) ;
#2685=FACE_BOUND('',#2680,.T.) ;
#2719=FACE_BOUND('',#2714,.T.) ;
#2753=FACE_BOUND('',#2748,.T.) ;
#3375=FACE_BOUND('',#3366,.T.) ;
#3649=FACE_BOUND('',#3640,.T.) ;
#3870=FACE_BOUND('',#3867,.T.) ;
#3888=FACE_BOUND('',#3885,.T.) ;
#3906=FACE_BOUND('',#3903,.T.) ;
#3924=FACE_BOUND('',#3921,.T.) ;
#3942=FACE_BOUND('',#3939,.T.) ;
#3960=FACE_BOUND('',#3957,.T.) ;
#4031=FACE_BOUND('',#4028,.T.) ;
#44=EDGE_CURVE('',#41,#43,#39,.T.) ;
#51=EDGE_CURVE('',#41,#50,#48,.T.) ;
#58=EDGE_CURVE('',#50,#57,#55,.T.) ;
#63=EDGE_CURVE('',#43,#57,#62,.T.) ;
#75=EDGE_CURVE('',#50,#41,#74,.T.) ;
#80=EDGE_CURVE('',#57,#43,#79,.T.) ;
#101=EDGE_CURVE('',#98,#100,#96,.T.) ;
#108=EDGE_CURVE('',#100,#107,#105,.T.) ;
#115=EDGE_CURVE('',#107,#114,#112,.T.) ;
#122=EDGE_CURVE('',#114,#121,#119,.T.) ;
#129=EDGE_CURVE('',#121,#128,#126,.T.) ;
#136=EDGE_CURVE('',#128,#135,#133,.T.) ;
#143=EDGE_CURVE('',#135,#142,#140,.T.) ;
#148=EDGE_CURVE('',#142,#98,#147,.T.) ;
#171=EDGE_CURVE('',#168,#170,#166,.T.) ;
#176=EDGE_CURVE('',#170,#168,#175,.T.) ;
#189=EDGE_CURVE('',#186,#188,#184,.T.) ;
#194=EDGE_CURVE('',#188,#186,#193,.T.) ;
#207=EDGE_CURVE('',#204,#206,#202,.T.) ;
#212=EDGE_CURVE('',#206,#204,#211,.T.) ;
#225=EDGE_CURVE('',#222,#224,#220,.T.) ;
#230=EDGE_CURVE('',#224,#222,#229,.T.) ;
#243=EDGE_CURVE('',#240,#242,#238,.T.) ;
#248=EDGE_CURVE('',#242,#240,#247,.T.) ;
#271=EDGE_CURVE('',#268,#270,#266,.T.) ;
#276=EDGE_CURVE('',#270,#268,#275,.T.) ;
#295=EDGE_CURVE('',#292,#294,#290,.T.) ;
#302=EDGE_CURVE('',#294,#301,#299,.F.) ;
#309=EDGE_CURVE('',#301,#308,#306,.F.) ;
#316=EDGE_CURVE('',#308,#315,#313,.T.) ;
#323=EDGE_CURVE('',#315,#322,#320,.F.) ;
#330=EDGE_CURVE('',#322,#329,#327,.F.) ;
#337=EDGE_CURVE('',#329,#336,#334,.T.) ;
#342=EDGE_CURVE('',#336,#100,#341,.T.) ;
#349=EDGE_CURVE('',#348,#98,#346,.T.) ;
#356=EDGE_CURVE('',#348,#355,#353,.T.) ;
#363=EDGE_CURVE('',#355,#362,#360,.F.) ;
#368=EDGE_CURVE('',#362,#292,#367,.F.) ;
#396=EDGE_CURVE('',#336,#395,#393,.T.) ;
#401=EDGE_CURVE('',#395,#107,#400,.T.) ;
#422=EDGE_CURVE('',#419,#421,#417,.T.) ;
#429=EDGE_CURVE('',#428,#421,#426,.T.) ;
#436=EDGE_CURVE('',#435,#428,#433,.T.) ;
#443=EDGE_CURVE('',#442,#435,#440,.T.) ;
#450=EDGE_CURVE('',#442,#449,#447,.T.) ;
#455=EDGE_CURVE('',#449,#114,#454,.T.) ;
#462=EDGE_CURVE('',#395,#461,#459,.T.) ;
#469=EDGE_CURVE('',#468,#461,#466,.T.) ;
#476=EDGE_CURVE('',#475,#468,#473,.T.) ;
#481=EDGE_CURVE('',#419,#475,#480,.T.) ;
#508=EDGE_CURVE('',#449,#507,#505,.T.) ;
#513=EDGE_CURVE('',#507,#121,#512,.T.) ;
#534=EDGE_CURVE('',#531,#533,#529,.T.) ;
#541=EDGE_CURVE('',#540,#533,#538,.T.) ;
#548=EDGE_CURVE('',#547,#540,#545,.T.) ;
#555=EDGE_CURVE('',#547,#554,#552,.T.) ;
#562=EDGE_CURVE('',#561,#554,#559,.T.) ;
#569=EDGE_CURVE('',#568,#561,#566,.T.) ;
#576=EDGE_CURVE('',#568,#575,#573,.T.) ;
#581=EDGE_CURVE('',#575,#128,#580,.T.) ;
#588=EDGE_CURVE('',#507,#587,#585,.T.) ;
#595=EDGE_CURVE('',#594,#587,#592,.T.) ;
#600=EDGE_CURVE('',#531,#594,#599,.T.) ;
#628=EDGE_CURVE('',#575,#627,#625,.T.) ;
#633=EDGE_CURVE('',#627,#135,#632,.T.) ;
#654=EDGE_CURVE('',#651,#653,#649,.T.) ;
#661=EDGE_CURVE('',#653,#660,#658,.F.) ;
#668=EDGE_CURVE('',#660,#667,#665,.F.) ;
#675=EDGE_CURVE('',#667,#674,#672,.F.) ;
#682=EDGE_CURVE('',#674,#681,#679,.T.) ;
#687=EDGE_CURVE('',#681,#142,#686,.T.) ;
#694=EDGE_CURVE('',#627,#693,#691,.T.) ;
#701=EDGE_CURVE('',#693,#700,#698,.F.) ;
#708=EDGE_CURVE('',#700,#707,#705,.F.) ;
#713=EDGE_CURVE('',#707,#651,#712,.F.) ;
#738=EDGE_CURVE('',#681,#348,#737,.T.) ;
#757=EDGE_CURVE('',#168,#756,#754,.T.) ;
#764=EDGE_CURVE('',#170,#763,#761,.T.) ;
#769=EDGE_CURVE('',#756,#763,#768,.T.) ;
#781=EDGE_CURVE('',#763,#756,#780,.T.) ;
#800=EDGE_CURVE('',#186,#799,#797,.T.) ;
#807=EDGE_CURVE('',#188,#806,#804,.T.) ;
#812=EDGE_CURVE('',#799,#806,#811,.T.) ;
#824=EDGE_CURVE('',#806,#799,#823,.T.) ;
#843=EDGE_CURVE('',#204,#842,#840,.T.) ;
#850=EDGE_CURVE('',#206,#849,#847,.T.) ;
#855=EDGE_CURVE('',#842,#849,#854,.T.) ;
#867=EDGE_CURVE('',#849,#842,#866,.T.) ;
#886=EDGE_CURVE('',#222,#885,#883,.T.) ;
#893=EDGE_CURVE('',#224,#892,#890,.T.) ;
#898=EDGE_CURVE('',#885,#892,#897,.T.) ;
#910=EDGE_CURVE('',#892,#885,#909,.T.) ;
#929=EDGE_CURVE('',#240,#928,#926,.T.) ;
#936=EDGE_CURVE('',#242,#935,#933,.T.) ;
#941=EDGE_CURVE('',#928,#935,#940,.T.) ;
#953=EDGE_CURVE('',#935,#928,#952,.T.) ;
#972=EDGE_CURVE('',#651,#971,#969,.T.) ;
#979=EDGE_CURVE('',#971,#978,#976,.T.) ;
#984=EDGE_CURVE('',#693,#978,#983,.T.) ;
#991=EDGE_CURVE('',#568,#990,#988,.T.) ;
#998=EDGE_CURVE('',#997,#990,#995,.T.) ;
#1003=EDGE_CURVE('',#554,#997,#1002,.T.) ;
#1010=EDGE_CURVE('',#547,#1009,#1007,.T.) ;
#1017=EDGE_CURVE('',#1016,#1009,#1014,.T.) ;
#1022=EDGE_CURVE('',#533,#1016,#1021,.T.) ;
#1029=EDGE_CURVE('',#531,#1028,#1026,.T.) ;
#1036=EDGE_CURVE('',#1035,#1028,#1033,.T.) ;
#1041=EDGE_CURVE('',#587,#1035,#1040,.T.) ;
#1048=EDGE_CURVE('',#442,#1047,#1045,.T.) ;
#1055=EDGE_CURVE('',#1054,#1047,#1052,.T.) ;
#1060=EDGE_CURVE('',#421,#1054,#1059,.T.) ;
#1067=EDGE_CURVE('',#419,#1066,#1064,.T.) ;
#1074=EDGE_CURVE('',#1073,#1066,#1071,.T.) ;
#1079=EDGE_CURVE('',#461,#1073,#1078,.T.) ;
#1086=EDGE_CURVE('',#329,#1085,#1083,.T.) ;
#1093=EDGE_CURVE('',#1085,#1092,#1090,.T.) ;
#1098=EDGE_CURVE('',#315,#1092,#1097,.T.) ;
#1105=EDGE_CURVE('',#308,#1104,#1102,.T.) ;
#1112=EDGE_CURVE('',#1104,#1111,#1109,.T.) ;
#1117=EDGE_CURVE('',#294,#1111,#1116,.T.) ;
#1124=EDGE_CURVE('',#292,#1123,#1121,.T.) ;
#1131=EDGE_CURVE('',#1123,#1130,#1128,.T.) ;
#1136=EDGE_CURVE('',#355,#1130,#1135,.T.) ;
#1143=EDGE_CURVE('',#674,#1142,#1140,.T.) ;
#1150=EDGE_CURVE('',#1142,#1149,#1147,.T.) ;
#1155=EDGE_CURVE('',#653,#1149,#1154,.T.) ;
#1214=EDGE_CURVE('',#1211,#1213,#1209,.T.) ;
#1221=EDGE_CURVE('',#1213,#1220,#1218,.T.) ;
#1228=EDGE_CURVE('',#1220,#1227,#1225,.T.) ;
#1235=EDGE_CURVE('',#1227,#1234,#1232,.T.) ;
#1242=EDGE_CURVE('',#1234,#1241,#1239,.T.) ;
#1249=EDGE_CURVE('',#1241,#1248,#1246,.T.) ;
#1256=EDGE_CURVE('',#1248,#1255,#1253,.T.) ;
#1261=EDGE_CURVE('',#1255,#1211,#1260,.T.) ;
#1284=EDGE_CURVE('',#1111,#1283,#1281,.T.) ;
#1289=EDGE_CURVE('',#301,#1283,#1288,.T.) ;
#1301=EDGE_CURVE('',#1283,#1104,#1300,.T.) ;
#1320=EDGE_CURVE('',#1092,#1319,#1317,.T.) ;
#1325=EDGE_CURVE('',#322,#1319,#1324,.T.) ;
#1337=EDGE_CURVE('',#1319,#1085,#1336,.T.) ;
#1356=EDGE_CURVE('',#1130,#1355,#1353,.T.) ;
#1361=EDGE_CURVE('',#362,#1355,#1360,.T.) ;
#1373=EDGE_CURVE('',#1355,#1123,#1372,.T.) ;
#1392=EDGE_CURVE('',#1391,#1054,#1389,.T.) ;
#1397=EDGE_CURVE('',#428,#1391,#1396,.F.) ;
#1411=EDGE_CURVE('',#435,#1410,#1408,.F.) ;
#1416=EDGE_CURVE('',#1410,#1391,#1415,.T.) ;
#1428=EDGE_CURVE('',#1047,#1410,#1427,.T.) ;
#1447=EDGE_CURVE('',#1446,#1073,#1444,.T.) ;
#1452=EDGE_CURVE('',#468,#1446,#1451,.F.) ;
#1466=EDGE_CURVE('',#475,#1465,#1463,.F.) ;
#1471=EDGE_CURVE('',#1465,#1446,#1470,.T.) ;
#1483=EDGE_CURVE('',#1066,#1465,#1482,.T.) ;
#1497=EDGE_CURVE('',#1496,#1016,#1494,.T.) ;
#1502=EDGE_CURVE('',#540,#1496,#1501,.F.) ;
#1514=EDGE_CURVE('',#1009,#1496,#1513,.T.) ;
#1528=EDGE_CURVE('',#1527,#997,#1525,.T.) ;
#1533=EDGE_CURVE('',#561,#1527,#1532,.F.) ;
#1545=EDGE_CURVE('',#990,#1527,#1544,.T.) ;
#1559=EDGE_CURVE('',#1558,#1035,#1556,.T.) ;
#1564=EDGE_CURVE('',#594,#1558,#1563,.F.) ;
#1576=EDGE_CURVE('',#1028,#1558,#1575,.T.) ;
#1590=EDGE_CURVE('',#1149,#1589,#1587,.T.) ;
#1595=EDGE_CURVE('',#660,#1589,#1594,.T.) ;
#1609=EDGE_CURVE('',#1589,#1608,#1606,.T.) ;
#1614=EDGE_CURVE('',#667,#1608,#1613,.T.) ;
#1626=EDGE_CURVE('',#1608,#1142,#1625,.T.) ;
#1640=EDGE_CURVE('',#978,#1639,#1637,.T.) ;
#1645=EDGE_CURVE('',#700,#1639,#1644,.T.) ;
#1659=EDGE_CURVE('',#1639,#1658,#1656,.T.) ;
#1664=EDGE_CURVE('',#707,#1658,#1663,.T.) ;
#1676=EDGE_CURVE('',#1658,#971,#1675,.T.) ;
#1696=EDGE_CURVE('',#1693,#1695,#1691,.T.) ;
#1701=EDGE_CURVE('',#1695,#1693,#1700,.T.) ;
#1719=EDGE_CURVE('',#1716,#1718,#1714,.T.) ;
#1724=EDGE_CURVE('',#1718,#1716,#1723,.T.) ;
#1742=EDGE_CURVE('',#1739,#1741,#1737,.T.) ;
#1747=EDGE_CURVE('',#1741,#1739,#1746,.T.) ;
#1765=EDGE_CURVE('',#1762,#1764,#1760,.T.) ;
#1770=EDGE_CURVE('',#1764,#1762,#1769,.T.) ;
#1788=EDGE_CURVE('',#1785,#1787,#1783,.T.) ;
#1793=EDGE_CURVE('',#1787,#1785,#1792,.T.) ;
#1818=EDGE_CURVE('',#1815,#1817,#1813,.T.) ;
#1825=EDGE_CURVE('',#1824,#1817,#1822,.T.) ;
#1832=EDGE_CURVE('',#1824,#1831,#1829,.T.) ;
#1837=EDGE_CURVE('',#1831,#1815,#1836,.T.) ;
#1863=EDGE_CURVE('',#1860,#1862,#1858,.T.) ;
#1870=EDGE_CURVE('',#1862,#1869,#1867,.T.) ;
#1877=EDGE_CURVE('',#1869,#1876,#1874,.T.) ;
#1882=EDGE_CURVE('',#1876,#1860,#1881,.T.) ;
#1903=EDGE_CURVE('',#1900,#1902,#1898,.T.) ;
#1910=EDGE_CURVE('',#1902,#1909,#1907,.T.) ;
#1917=EDGE_CURVE('',#1909,#1916,#1914,.T.) ;
#1922=EDGE_CURVE('',#1916,#1900,#1921,.T.) ;
#1943=EDGE_CURVE('',#1940,#1942,#1938,.T.) ;
#1950=EDGE_CURVE('',#1942,#1949,#1947,.T.) ;
#1957=EDGE_CURVE('',#1949,#1956,#1954,.T.) ;
#1962=EDGE_CURVE('',#1956,#1940,#1961,.T.) ;
#1989=EDGE_CURVE('',#1986,#1988,#1984,.T.) ;
#1996=EDGE_CURVE('',#1995,#1986,#1993,.T.) ;
#2003=EDGE_CURVE('',#1995,#2002,#2000,.T.) ;
#2008=EDGE_CURVE('',#1988,#2002,#2007,.T.) ;
#2030=EDGE_CURVE('',#2027,#2029,#2025,.T.) ;
#2037=EDGE_CURVE('',#2036,#2027,#2034,.T.) ;
#2044=EDGE_CURVE('',#2036,#2043,#2041,.T.) ;
#2049=EDGE_CURVE('',#2029,#2043,#2048,.T.) ;
#2075=EDGE_CURVE('',#2072,#2074,#2070,.T.) ;
#2082=EDGE_CURVE('',#2081,#2072,#2079,.T.) ;
#2089=EDGE_CURVE('',#2088,#2081,#2086,.T.) ;
#2094=EDGE_CURVE('',#2074,#2088,#2093,.T.) ;
#2115=EDGE_CURVE('',#2112,#2114,#2110,.T.) ;
#2122=EDGE_CURVE('',#2121,#2112,#2119,.T.) ;
#2129=EDGE_CURVE('',#2128,#2121,#2126,.T.) ;
#2134=EDGE_CURVE('',#2114,#2128,#2133,.T.) ;
#2155=EDGE_CURVE('',#2152,#2154,#2150,.T.) ;
#2162=EDGE_CURVE('',#2161,#2152,#2159,.T.) ;
#2169=EDGE_CURVE('',#2168,#2161,#2166,.T.) ;
#2174=EDGE_CURVE('',#2154,#2168,#2173,.T.) ;
#2196=EDGE_CURVE('',#2193,#2195,#2191,.T.) ;
#2203=EDGE_CURVE('',#2202,#2195,#2200,.T.) ;
#2210=EDGE_CURVE('',#2202,#2209,#2207,.T.) ;
#2215=EDGE_CURVE('',#2209,#2193,#2214,.T.) ;
#2234=EDGE_CURVE('',#2233,#1255,#2231,.F.) ;
#2241=EDGE_CURVE('',#2233,#2240,#2238,.T.) ;
#2246=EDGE_CURVE('',#2240,#1211,#2245,.F.) ;
#2265=EDGE_CURVE('',#2264,#1248,#2262,.T.) ;
#2270=EDGE_CURVE('',#2264,#2233,#2269,.T.) ;
#2285=EDGE_CURVE('',#2282,#2284,#2280,.T.) ;
#2292=EDGE_CURVE('',#2291,#2282,#2289,.F.) ;
#2299=EDGE_CURVE('',#2298,#2291,#2296,.T.) ;
#2304=EDGE_CURVE('',#2284,#2298,#2303,.F.) ;
#2319=EDGE_CURVE('',#2316,#2318,#2314,.T.) ;
#2326=EDGE_CURVE('',#2325,#2316,#2323,.F.) ;
#2333=EDGE_CURVE('',#2332,#2325,#2330,.T.) ;
#2338=EDGE_CURVE('',#2318,#2332,#2337,.F.) ;
#2357=EDGE_CURVE('',#2356,#1241,#2354,.F.) ;
#2362=EDGE_CURVE('',#2356,#2264,#2361,.T.) ;
#2381=EDGE_CURVE('',#2380,#1234,#2378,.T.) ;
#2386=EDGE_CURVE('',#2380,#2356,#2385,.T.) ;
#2401=EDGE_CURVE('',#2398,#2400,#2396,.F.) ;
#2408=EDGE_CURVE('',#2400,#2407,#2405,.T.) ;
#2415=EDGE_CURVE('',#2407,#2414,#2412,.F.) ;
#2420=EDGE_CURVE('',#2414,#2398,#2419,.T.) ;
#2435=EDGE_CURVE('',#2432,#2434,#2430,.F.) ;
#2442=EDGE_CURVE('',#2434,#2441,#2439,.T.) ;
#2449=EDGE_CURVE('',#2441,#2448,#2446,.F.) ;
#2454=EDGE_CURVE('',#2448,#2432,#2453,.T.) ;
#2469=EDGE_CURVE('',#2466,#2468,#2464,.F.) ;
#2476=EDGE_CURVE('',#2468,#2475,#2473,.T.) ;
#2483=EDGE_CURVE('',#2475,#2482,#2480,.F.) ;
#2488=EDGE_CURVE('',#2482,#2466,#2487,.T.) ;
#2507=EDGE_CURVE('',#2506,#1227,#2504,.F.) ;
#2512=EDGE_CURVE('',#2506,#2380,#2511,.T.) ;
#2531=EDGE_CURVE('',#2530,#1220,#2528,.T.) ;
#2536=EDGE_CURVE('',#2530,#2506,#2535,.T.) ;
#2551=EDGE_CURVE('',#2548,#2550,#2546,.F.) ;
#2558=EDGE_CURVE('',#2550,#2557,#2555,.F.) ;
#2565=EDGE_CURVE('',#2557,#2564,#2562,.F.) ;
#2570=EDGE_CURVE('',#2564,#2548,#2569,.F.) ;
#2585=EDGE_CURVE('',#2582,#2584,#2580,.F.) ;
#2592=EDGE_CURVE('',#2584,#2591,#2589,.F.) ;
#2599=EDGE_CURVE('',#2591,#2598,#2596,.F.) ;
#2604=EDGE_CURVE('',#2598,#2582,#2603,.F.) ;
#2623=EDGE_CURVE('',#2622,#1213,#2620,.F.) ;
#2628=EDGE_CURVE('',#2622,#2530,#2627,.T.) ;
#2645=EDGE_CURVE('',#2240,#2622,#2644,.T.) ;
#2660=EDGE_CURVE('',#2657,#2659,#2655,.T.) ;
#2667=EDGE_CURVE('',#2666,#2657,#2664,.T.) ;
#2674=EDGE_CURVE('',#2673,#2666,#2671,.T.) ;
#2679=EDGE_CURVE('',#2659,#2673,#2678,.T.) ;
#2694=EDGE_CURVE('',#2691,#2693,#2689,.T.) ;
#2701=EDGE_CURVE('',#2700,#2691,#2698,.T.) ;
#2708=EDGE_CURVE('',#2707,#2700,#2705,.T.) ;
#2713=EDGE_CURVE('',#2693,#2707,#2712,.T.) ;
#2728=EDGE_CURVE('',#2725,#2727,#2723,.T.) ;
#2735=EDGE_CURVE('',#2734,#2725,#2732,.T.) ;
#2742=EDGE_CURVE('',#2741,#2734,#2739,.T.) ;
#2747=EDGE_CURVE('',#2727,#2741,#2746,.T.) ;
#2764=EDGE_CURVE('',#1831,#2291,#2763,.T.) ;
#2769=EDGE_CURVE('',#1815,#2282,#2768,.T.) ;
#2786=EDGE_CURVE('',#1824,#2298,#2785,.T.) ;
#2803=EDGE_CURVE('',#1817,#2284,#2802,.T.) ;
#2832=EDGE_CURVE('',#1876,#2666,#2831,.T.) ;
#2837=EDGE_CURVE('',#1860,#2657,#2836,.T.) ;
#2849=EDGE_CURVE('',#1869,#2673,#2848,.T.) ;
#2866=EDGE_CURVE('',#1862,#2659,#2865,.T.) ;
#2890=EDGE_CURVE('',#1916,#2700,#2889,.T.) ;
#2895=EDGE_CURVE('',#1900,#2691,#2894,.T.) ;
#2907=EDGE_CURVE('',#1909,#2707,#2906,.T.) ;
#2924=EDGE_CURVE('',#1902,#2693,#2923,.T.) ;
#2948=EDGE_CURVE('',#1956,#2734,#2947,.T.) ;
#2953=EDGE_CURVE('',#1940,#2725,#2952,.T.) ;
#2965=EDGE_CURVE('',#1949,#2741,#2964,.T.) ;
#2982=EDGE_CURVE('',#1942,#2727,#2981,.T.) ;
#3001=EDGE_CURVE('',#1988,#2564,#3000,.T.) ;
#3006=EDGE_CURVE('',#1986,#2557,#3005,.T.) ;
#3018=EDGE_CURVE('',#1995,#2550,#3017,.F.) ;
#3030=EDGE_CURVE('',#2002,#2548,#3029,.T.) ;
#3049=EDGE_CURVE('',#2029,#2598,#3048,.T.) ;
#3054=EDGE_CURVE('',#2027,#2591,#3053,.T.) ;
#3071=EDGE_CURVE('',#2036,#2584,#3070,.F.) ;
#3083=EDGE_CURVE('',#2043,#2582,#3082,.T.) ;
#3107=EDGE_CURVE('',#2074,#2482,#3106,.F.) ;
#3112=EDGE_CURVE('',#2072,#2475,#3111,.F.) ;
#3124=EDGE_CURVE('',#2081,#2468,#3123,.T.) ;
#3136=EDGE_CURVE('',#2088,#2466,#3135,.F.) ;
#3155=EDGE_CURVE('',#2114,#2448,#3154,.F.) ;
#3160=EDGE_CURVE('',#2112,#2441,#3159,.F.) ;
#3172=EDGE_CURVE('',#2121,#2434,#3171,.T.) ;
#3184=EDGE_CURVE('',#2128,#2432,#3183,.F.) ;
#3203=EDGE_CURVE('',#2154,#2414,#3202,.F.) ;
#3208=EDGE_CURVE('',#2152,#2407,#3207,.F.) ;
#3220=EDGE_CURVE('',#2161,#2400,#3219,.T.) ;
#3232=EDGE_CURVE('',#2168,#2398,#3231,.F.) ;
#3251=EDGE_CURVE('',#2209,#2325,#3250,.T.) ;
#3256=EDGE_CURVE('',#2193,#2316,#3255,.T.) ;
#3268=EDGE_CURVE('',#2202,#2332,#3267,.T.) ;
#3280=EDGE_CURVE('',#2195,#2318,#3279,.T.) ;
#3318=EDGE_CURVE('',#3315,#3317,#3313,.T.) ;
#3325=EDGE_CURVE('',#3317,#3324,#3322,.T.) ;
#3332=EDGE_CURVE('',#3324,#3331,#3329,.T.) ;
#3339=EDGE_CURVE('',#3331,#3338,#3336,.T.) ;
#3346=EDGE_CURVE('',#3338,#3345,#3343,.T.) ;
#3353=EDGE_CURVE('',#3345,#3352,#3350,.T.) ;
#3360=EDGE_CURVE('',#3352,#3359,#3357,.T.) ;
#3365=EDGE_CURVE('',#3359,#3315,#3364,.T.) ;
#3390=EDGE_CURVE('',#3387,#3389,#3385,.T.) ;
#3395=EDGE_CURVE('',#3315,#3389,#3394,.T.) ;
#3400=EDGE_CURVE('',#3359,#3387,#3399,.T.) ;
#3419=EDGE_CURVE('',#3418,#3387,#3416,.T.) ;
#3424=EDGE_CURVE('',#3352,#3418,#3423,.F.) ;
#3443=EDGE_CURVE('',#3442,#3418,#3440,.T.) ;
#3448=EDGE_CURVE('',#3345,#3442,#3447,.T.) ;
#3467=EDGE_CURVE('',#3466,#3442,#3464,.T.) ;
#3472=EDGE_CURVE('',#3338,#3466,#3471,.F.) ;
#3491=EDGE_CURVE('',#3490,#3466,#3488,.T.) ;
#3496=EDGE_CURVE('',#3331,#3490,#3495,.T.) ;
#3515=EDGE_CURVE('',#3514,#3490,#3512,.T.) ;
#3520=EDGE_CURVE('',#3324,#3514,#3519,.F.) ;
#3539=EDGE_CURVE('',#3538,#3514,#3536,.T.) ;
#3544=EDGE_CURVE('',#3317,#3538,#3543,.T.) ;
#3561=EDGE_CURVE('',#3389,#3538,#3560,.T.) ;
#3592=EDGE_CURVE('',#3589,#3591,#3587,.T.) ;
#3599=EDGE_CURVE('',#3591,#3598,#3596,.T.) ;
#3606=EDGE_CURVE('',#3598,#3605,#3603,.T.) ;
#3613=EDGE_CURVE('',#3605,#3612,#3610,.T.) ;
#3620=EDGE_CURVE('',#3612,#3619,#3617,.T.) ;
#3627=EDGE_CURVE('',#3619,#3626,#3624,.T.) ;
#3634=EDGE_CURVE('',#3626,#3633,#3631,.T.) ;
#3639=EDGE_CURVE('',#3633,#3589,#3638,.T.) ;
#3662=EDGE_CURVE('',#3661,#3633,#3659,.F.) ;
#3669=EDGE_CURVE('',#3661,#3668,#3666,.T.) ;
#3674=EDGE_CURVE('',#3668,#3589,#3673,.F.) ;
#3693=EDGE_CURVE('',#3692,#3626,#3690,.T.) ;
#3698=EDGE_CURVE('',#3692,#3661,#3697,.T.) ;
#3717=EDGE_CURVE('',#3716,#3619,#3714,.F.) ;
#3722=EDGE_CURVE('',#3716,#3692,#3721,.T.) ;
#3741=EDGE_CURVE('',#3740,#3612,#3738,.T.) ;
#3746=EDGE_CURVE('',#3740,#3716,#3745,.T.) ;
#3765=EDGE_CURVE('',#3764,#3605,#3762,.F.) ;
#3770=EDGE_CURVE('',#3764,#3740,#3769,.T.) ;
#3789=EDGE_CURVE('',#3788,#3598,#3786,.T.) ;
#3794=EDGE_CURVE('',#3788,#3764,#3793,.T.) ;
#3813=EDGE_CURVE('',#3812,#3591,#3810,.F.) ;
#3818=EDGE_CURVE('',#3812,#3788,#3817,.T.) ;
#3835=EDGE_CURVE('',#3668,#3812,#3834,.T.) ;
#3861=EDGE_CURVE('',#3858,#3860,#3856,.T.) ;
#3866=EDGE_CURVE('',#3860,#3858,#3865,.T.) ;
#3879=EDGE_CURVE('',#3876,#3878,#3874,.T.) ;
#3884=EDGE_CURVE('',#3878,#3876,#3883,.T.) ;
#3897=EDGE_CURVE('',#3894,#3896,#3892,.T.) ;
#3902=EDGE_CURVE('',#3896,#3894,#3901,.T.) ;
#3915=EDGE_CURVE('',#3912,#3914,#3910,.T.) ;
#3920=EDGE_CURVE('',#3914,#3912,#3919,.T.) ;
#3933=EDGE_CURVE('',#3930,#3932,#3928,.T.) ;
#3938=EDGE_CURVE('',#3932,#3930,#3937,.T.) ;
#3951=EDGE_CURVE('',#3948,#3950,#3946,.T.) ;
#3956=EDGE_CURVE('',#3950,#3948,#3955,.T.) ;
#3975=EDGE_CURVE('',#3972,#3974,#3970,.T.) ;
#3980=EDGE_CURVE('',#3858,#3974,#3979,.T.) ;
#3985=EDGE_CURVE('',#3860,#3972,#3984,.T.) ;
#3997=EDGE_CURVE('',#3974,#3972,#3996,.T.) ;
#4022=EDGE_CURVE('',#4019,#4021,#4017,.T.) ;
#4027=EDGE_CURVE('',#4021,#4019,#4026,.T.) ;
#4044=EDGE_CURVE('',#4043,#1787,#4041,.T.) ;
#4051=EDGE_CURVE('',#4050,#1785,#4048,.T.) ;
#4056=EDGE_CURVE('',#3948,#4050,#4055,.T.) ;
#4061=EDGE_CURVE('',#3950,#4043,#4060,.T.) ;
#4091=EDGE_CURVE('',#4021,#4090,#4088,.T.) ;
#4096=EDGE_CURVE('',#4090,#1764,#4095,.T.) ;
#4103=EDGE_CURVE('',#4102,#1762,#4100,.T.) ;
#4108=EDGE_CURVE('',#4019,#4102,#4107,.T.) ;
#4138=EDGE_CURVE('',#4137,#1741,#4135,.T.) ;
#4145=EDGE_CURVE('',#4144,#1739,#4142,.T.) ;
#4150=EDGE_CURVE('',#3930,#4144,#4149,.T.) ;
#4155=EDGE_CURVE('',#3932,#4137,#4154,.T.) ;
#4185=EDGE_CURVE('',#4184,#1718,#4182,.T.) ;
#4192=EDGE_CURVE('',#4191,#1716,#4189,.T.) ;
#4197=EDGE_CURVE('',#3912,#4191,#4196,.T.) ;
#4202=EDGE_CURVE('',#3914,#4184,#4201,.T.) ;
#4232=EDGE_CURVE('',#4231,#1695,#4229,.T.) ;
#4239=EDGE_CURVE('',#4238,#1693,#4236,.T.) ;
#4244=EDGE_CURVE('',#3894,#4238,#4243,.T.) ;
#4249=EDGE_CURVE('',#3896,#4231,#4248,.T.) ;
#4279=EDGE_CURVE('',#4278,#270,#4276,.T.) ;
#4286=EDGE_CURVE('',#4285,#268,#4283,.T.) ;
#4291=EDGE_CURVE('',#3876,#4285,#4290,.T.) ;
#4296=EDGE_CURVE('',#3878,#4278,#4295,.T.) ;
#30=CLOSED_SHELL('Closed Shell',(#70,#87,#253,#281,#384,#408,#496,#520,#616,#640,#728,#745,#776,#788,#819,#831,#862,#874,#905,#917,#948,#960,#1272,#1296,#1308,#1332,#1344,#1368,#1380,#1404,#1423,#1435,#1459,#1478,#1490,#1509,#1521,#1540,#1552,#1571,#1583,#1602,#1621,#1633,#1652,#1671,#1683,#1706,#1729,#1752,#1775,#1798,#1844,#1889,#1929,#1969,#2015,#2056,#2101,#2141,#2181,#2222,#2253,#2345,#2369,#2495,#2519,#2611,#2635,#2754,#2776,#2793,#2810,#2822,#2844,#2856,#2873,#2880,#2902,#2914,#2931,#2938,#2960,#2972,#2989,#2996,#3013,#3025,#3037,#3044,#3061,#3078,#3090,#3102,#3119,#3131,#3143,#3150,#3167,#3179,#3191,#3198,#3215,#3227,#3239,#3246,#3263,#3275,#3287,#3294,#3376,#3407,#3431,#3455,#3479,#3503,#3527,#3551,#3568,#3650,#3681,#3705,#3729,#3753,#3777,#3801,#3825,#3842,#3961,#3992,#4004,#4032,#4070,#4079,#4117,#4126,#4164,#4173,#4211,#4220,#4258,#4267,#4305,#4314)) ;
#65=ORIENTED_EDGE('',*,*,#44,.F.) ;
#66=ORIENTED_EDGE('',*,*,#51,.T.) ;
#67=ORIENTED_EDGE('',*,*,#58,.T.) ;
#68=ORIENTED_EDGE('',*,*,#63,.F.) ;
#82=ORIENTED_EDGE('',*,*,#58,.F.) ;
#83=ORIENTED_EDGE('',*,*,#75,.T.) ;
#84=ORIENTED_EDGE('',*,*,#44,.T.) ;
#85=ORIENTED_EDGE('',*,*,#80,.F.) ;
#150=ORIENTED_EDGE('',*,*,#101,.T.) ;
#151=ORIENTED_EDGE('',*,*,#108,.T.) ;
#152=ORIENTED_EDGE('',*,*,#115,.T.) ;
#153=ORIENTED_EDGE('',*,*,#122,.T.) ;
#154=ORIENTED_EDGE('',*,*,#129,.T.) ;
#155=ORIENTED_EDGE('',*,*,#136,.T.) ;
#156=ORIENTED_EDGE('',*,*,#143,.T.) ;
#157=ORIENTED_EDGE('',*,*,#148,.T.) ;
#160=ORIENTED_EDGE('',*,*,#51,.F.) ;
#161=ORIENTED_EDGE('',*,*,#75,.F.) ;
#178=ORIENTED_EDGE('',*,*,#171,.F.) ;
#179=ORIENTED_EDGE('',*,*,#176,.F.) ;
#196=ORIENTED_EDGE('',*,*,#189,.F.) ;
#197=ORIENTED_EDGE('',*,*,#194,.F.) ;
#214=ORIENTED_EDGE('',*,*,#207,.F.) ;
#215=ORIENTED_EDGE('',*,*,#212,.F.) ;
#232=ORIENTED_EDGE('',*,*,#225,.F.) ;
#233=ORIENTED_EDGE('',*,*,#230,.F.) ;
#250=ORIENTED_EDGE('',*,*,#243,.F.) ;
#251=ORIENTED_EDGE('',*,*,#248,.F.) ;
#260=ORIENTED_EDGE('',*,*,#63,.T.) ;
#261=ORIENTED_EDGE('',*,*,#80,.T.) ;
#278=ORIENTED_EDGE('',*,*,#271,.F.) ;
#279=ORIENTED_EDGE('',*,*,#276,.F.) ;
#370=ORIENTED_EDGE('',*,*,#295,.T.) ;
#371=ORIENTED_EDGE('',*,*,#302,.T.) ;
#372=ORIENTED_EDGE('',*,*,#309,.T.) ;
#373=ORIENTED_EDGE('',*,*,#316,.T.) ;
#374=ORIENTED_EDGE('',*,*,#323,.T.) ;
#375=ORIENTED_EDGE('',*,*,#330,.T.) ;
#376=ORIENTED_EDGE('',*,*,#337,.T.) ;
#377=ORIENTED_EDGE('',*,*,#342,.T.) ;
#378=ORIENTED_EDGE('',*,*,#101,.F.) ;
#379=ORIENTED_EDGE('',*,*,#349,.F.) ;
#380=ORIENTED_EDGE('',*,*,#356,.T.) ;
#381=ORIENTED_EDGE('',*,*,#363,.T.) ;
#382=ORIENTED_EDGE('',*,*,#368,.T.) ;
#403=ORIENTED_EDGE('',*,*,#396,.T.) ;
#404=ORIENTED_EDGE('',*,*,#401,.T.) ;
#405=ORIENTED_EDGE('',*,*,#108,.F.) ;
#406=ORIENTED_EDGE('',*,*,#342,.F.) ;
#483=ORIENTED_EDGE('',*,*,#422,.T.) ;
#484=ORIENTED_EDGE('',*,*,#429,.F.) ;
#485=ORIENTED_EDGE('',*,*,#436,.F.) ;
#486=ORIENTED_EDGE('',*,*,#443,.F.) ;
#487=ORIENTED_EDGE('',*,*,#450,.T.) ;
#488=ORIENTED_EDGE('',*,*,#455,.T.) ;
#489=ORIENTED_EDGE('',*,*,#115,.F.) ;
#490=ORIENTED_EDGE('',*,*,#401,.F.) ;
#491=ORIENTED_EDGE('',*,*,#462,.T.) ;
#492=ORIENTED_EDGE('',*,*,#469,.F.) ;
#493=ORIENTED_EDGE('',*,*,#476,.F.) ;
#494=ORIENTED_EDGE('',*,*,#481,.F.) ;
#515=ORIENTED_EDGE('',*,*,#508,.T.) ;
#516=ORIENTED_EDGE('',*,*,#513,.T.) ;
#517=ORIENTED_EDGE('',*,*,#122,.F.) ;
#518=ORIENTED_EDGE('',*,*,#455,.F.) ;
#602=ORIENTED_EDGE('',*,*,#534,.T.) ;
#603=ORIENTED_EDGE('',*,*,#541,.F.) ;
#604=ORIENTED_EDGE('',*,*,#548,.F.) ;
#605=ORIENTED_EDGE('',*,*,#555,.T.) ;
#606=ORIENTED_EDGE('',*,*,#562,.F.) ;
#607=ORIENTED_EDGE('',*,*,#569,.F.) ;
#608=ORIENTED_EDGE('',*,*,#576,.T.) ;
#609=ORIENTED_EDGE('',*,*,#581,.T.) ;
#610=ORIENTED_EDGE('',*,*,#129,.F.) ;
#611=ORIENTED_EDGE('',*,*,#513,.F.) ;
#612=ORIENTED_EDGE('',*,*,#588,.T.) ;
#613=ORIENTED_EDGE('',*,*,#595,.F.) ;
#614=ORIENTED_EDGE('',*,*,#600,.F.) ;
#635=ORIENTED_EDGE('',*,*,#628,.T.) ;
#636=ORIENTED_EDGE('',*,*,#633,.T.) ;
#637=ORIENTED_EDGE('',*,*,#136,.F.) ;
#638=ORIENTED_EDGE('',*,*,#581,.F.) ;
#715=ORIENTED_EDGE('',*,*,#654,.T.) ;
#716=ORIENTED_EDGE('',*,*,#661,.T.) ;
#717=ORIENTED_EDGE('',*,*,#668,.T.) ;
#718=ORIENTED_EDGE('',*,*,#675,.T.) ;
#719=ORIENTED_EDGE('',*,*,#682,.T.) ;
#720=ORIENTED_EDGE('',*,*,#687,.T.) ;
#721=ORIENTED_EDGE('',*,*,#143,.F.) ;
#722=ORIENTED_EDGE('',*,*,#633,.F.) ;
#723=ORIENTED_EDGE('',*,*,#694,.T.) ;
#724=ORIENTED_EDGE('',*,*,#701,.T.) ;
#725=ORIENTED_EDGE('',*,*,#708,.T.) ;
#726=ORIENTED_EDGE('',*,*,#713,.T.) ;
#740=ORIENTED_EDGE('',*,*,#738,.T.) ;
#741=ORIENTED_EDGE('',*,*,#349,.T.) ;
#742=ORIENTED_EDGE('',*,*,#148,.F.) ;
#743=ORIENTED_EDGE('',*,*,#687,.F.) ;
#771=ORIENTED_EDGE('',*,*,#757,.F.) ;
#772=ORIENTED_EDGE('',*,*,#171,.T.) ;
#773=ORIENTED_EDGE('',*,*,#764,.T.) ;
#774=ORIENTED_EDGE('',*,*,#769,.F.) ;
#783=ORIENTED_EDGE('',*,*,#764,.F.) ;
#784=ORIENTED_EDGE('',*,*,#176,.T.) ;
#785=ORIENTED_EDGE('',*,*,#757,.T.) ;
#786=ORIENTED_EDGE('',*,*,#781,.F.) ;
#814=ORIENTED_EDGE('',*,*,#800,.F.) ;
#815=ORIENTED_EDGE('',*,*,#189,.T.) ;
#816=ORIENTED_EDGE('',*,*,#807,.T.) ;
#817=ORIENTED_EDGE('',*,*,#812,.F.) ;
#826=ORIENTED_EDGE('',*,*,#807,.F.) ;
#827=ORIENTED_EDGE('',*,*,#194,.T.) ;
#828=ORIENTED_EDGE('',*,*,#800,.T.) ;
#829=ORIENTED_EDGE('',*,*,#824,.F.) ;
#857=ORIENTED_EDGE('',*,*,#843,.F.) ;
#858=ORIENTED_EDGE('',*,*,#207,.T.) ;
#859=ORIENTED_EDGE('',*,*,#850,.T.) ;
#860=ORIENTED_EDGE('',*,*,#855,.F.) ;
#869=ORIENTED_EDGE('',*,*,#850,.F.) ;
#870=ORIENTED_EDGE('',*,*,#212,.T.) ;
#871=ORIENTED_EDGE('',*,*,#843,.T.) ;
#872=ORIENTED_EDGE('',*,*,#867,.F.) ;
#900=ORIENTED_EDGE('',*,*,#886,.F.) ;
#901=ORIENTED_EDGE('',*,*,#225,.T.) ;
#902=ORIENTED_EDGE('',*,*,#893,.T.) ;
#903=ORIENTED_EDGE('',*,*,#898,.F.) ;
#912=ORIENTED_EDGE('',*,*,#893,.F.) ;
#913=ORIENTED_EDGE('',*,*,#230,.T.) ;
#914=ORIENTED_EDGE('',*,*,#886,.T.) ;
#915=ORIENTED_EDGE('',*,*,#910,.F.) ;
#943=ORIENTED_EDGE('',*,*,#929,.F.) ;
#944=ORIENTED_EDGE('',*,*,#243,.T.) ;
#945=ORIENTED_EDGE('',*,*,#936,.T.) ;
#946=ORIENTED_EDGE('',*,*,#941,.F.) ;
#955=ORIENTED_EDGE('',*,*,#936,.F.) ;
#956=ORIENTED_EDGE('',*,*,#248,.T.) ;
#957=ORIENTED_EDGE('',*,*,#929,.T.) ;
#958=ORIENTED_EDGE('',*,*,#953,.F.) ;
#1157=ORIENTED_EDGE('',*,*,#972,.T.) ;
#1158=ORIENTED_EDGE('',*,*,#979,.T.) ;
#1159=ORIENTED_EDGE('',*,*,#984,.F.) ;
#1160=ORIENTED_EDGE('',*,*,#694,.F.) ;
#1161=ORIENTED_EDGE('',*,*,#628,.F.) ;
#1162=ORIENTED_EDGE('',*,*,#576,.F.) ;
#1163=ORIENTED_EDGE('',*,*,#991,.T.) ;
#1164=ORIENTED_EDGE('',*,*,#998,.F.) ;
#1165=ORIENTED_EDGE('',*,*,#1003,.F.) ;
#1166=ORIENTED_EDGE('',*,*,#555,.F.) ;
#1167=ORIENTED_EDGE('',*,*,#1010,.T.) ;
#1168=ORIENTED_EDGE('',*,*,#1017,.F.) ;
#1169=ORIENTED_EDGE('',*,*,#1022,.F.) ;
#1170=ORIENTED_EDGE('',*,*,#534,.F.) ;
#1171=ORIENTED_EDGE('',*,*,#1029,.T.) ;
#1172=ORIENTED_EDGE('',*,*,#1036,.F.) ;
#1173=ORIENTED_EDGE('',*,*,#1041,.F.) ;
#1174=ORIENTED_EDGE('',*,*,#588,.F.) ;
#1175=ORIENTED_EDGE('',*,*,#508,.F.) ;
#1176=ORIENTED_EDGE('',*,*,#450,.F.) ;
#1177=ORIENTED_EDGE('',*,*,#1048,.T.) ;
#1178=ORIENTED_EDGE('',*,*,#1055,.F.) ;
#1179=ORIENTED_EDGE('',*,*,#1060,.F.) ;
#1180=ORIENTED_EDGE('',*,*,#422,.F.) ;
#1181=ORIENTED_EDGE('',*,*,#1067,.T.) ;
#1182=ORIENTED_EDGE('',*,*,#1074,.F.) ;
#1183=ORIENTED_EDGE('',*,*,#1079,.F.) ;
#1184=ORIENTED_EDGE('',*,*,#462,.F.) ;
#1185=ORIENTED_EDGE('',*,*,#396,.F.) ;
#1186=ORIENTED_EDGE('',*,*,#337,.F.) ;
#1187=ORIENTED_EDGE('',*,*,#1086,.T.) ;
#1188=ORIENTED_EDGE('',*,*,#1093,.T.) ;
#1189=ORIENTED_EDGE('',*,*,#1098,.F.) ;
#1190=ORIENTED_EDGE('',*,*,#316,.F.) ;
#1191=ORIENTED_EDGE('',*,*,#1105,.T.) ;
#1192=ORIENTED_EDGE('',*,*,#1112,.T.) ;
#1193=ORIENTED_EDGE('',*,*,#1117,.F.) ;
#1194=ORIENTED_EDGE('',*,*,#295,.F.) ;
#1195=ORIENTED_EDGE('',*,*,#1124,.T.) ;
#1196=ORIENTED_EDGE('',*,*,#1131,.T.) ;
#1197=ORIENTED_EDGE('',*,*,#1136,.F.) ;
#1198=ORIENTED_EDGE('',*,*,#356,.F.) ;
#1199=ORIENTED_EDGE('',*,*,#738,.F.) ;
#1200=ORIENTED_EDGE('',*,*,#682,.F.) ;
#1201=ORIENTED_EDGE('',*,*,#1143,.T.) ;
#1202=ORIENTED_EDGE('',*,*,#1150,.T.) ;
#1203=ORIENTED_EDGE('',*,*,#1155,.F.) ;
#1204=ORIENTED_EDGE('',*,*,#654,.F.) ;
#1263=ORIENTED_EDGE('',*,*,#1214,.T.) ;
#1264=ORIENTED_EDGE('',*,*,#1221,.T.) ;
#1265=ORIENTED_EDGE('',*,*,#1228,.T.) ;
#1266=ORIENTED_EDGE('',*,*,#1235,.T.) ;
#1267=ORIENTED_EDGE('',*,*,#1242,.T.) ;
#1268=ORIENTED_EDGE('',*,*,#1249,.T.) ;
#1269=ORIENTED_EDGE('',*,*,#1256,.T.) ;
#1270=ORIENTED_EDGE('',*,*,#1261,.T.) ;
#1291=ORIENTED_EDGE('',*,*,#1117,.T.) ;
#1292=ORIENTED_EDGE('',*,*,#1284,.T.) ;
#1293=ORIENTED_EDGE('',*,*,#1289,.F.) ;
#1294=ORIENTED_EDGE('',*,*,#302,.F.) ;
#1303=ORIENTED_EDGE('',*,*,#1105,.F.) ;
#1304=ORIENTED_EDGE('',*,*,#309,.F.) ;
#1305=ORIENTED_EDGE('',*,*,#1289,.T.) ;
#1306=ORIENTED_EDGE('',*,*,#1301,.T.) ;
#1327=ORIENTED_EDGE('',*,*,#1098,.T.) ;
#1328=ORIENTED_EDGE('',*,*,#1320,.T.) ;
#1329=ORIENTED_EDGE('',*,*,#1325,.F.) ;
#1330=ORIENTED_EDGE('',*,*,#323,.F.) ;
#1339=ORIENTED_EDGE('',*,*,#1086,.F.) ;
#1340=ORIENTED_EDGE('',*,*,#330,.F.) ;
#1341=ORIENTED_EDGE('',*,*,#1325,.T.) ;
#1342=ORIENTED_EDGE('',*,*,#1337,.T.) ;
#1363=ORIENTED_EDGE('',*,*,#1136,.T.) ;
#1364=ORIENTED_EDGE('',*,*,#1356,.T.) ;
#1365=ORIENTED_EDGE('',*,*,#1361,.F.) ;
#1366=ORIENTED_EDGE('',*,*,#363,.F.) ;
#1375=ORIENTED_EDGE('',*,*,#1124,.F.) ;
#1376=ORIENTED_EDGE('',*,*,#368,.F.) ;
#1377=ORIENTED_EDGE('',*,*,#1361,.T.) ;
#1378=ORIENTED_EDGE('',*,*,#1373,.T.) ;
#1399=ORIENTED_EDGE('',*,*,#1060,.T.) ;
#1400=ORIENTED_EDGE('',*,*,#1392,.F.) ;
#1401=ORIENTED_EDGE('',*,*,#1397,.F.) ;
#1402=ORIENTED_EDGE('',*,*,#429,.T.) ;
#1418=ORIENTED_EDGE('',*,*,#1411,.F.) ;
#1419=ORIENTED_EDGE('',*,*,#436,.T.) ;
#1420=ORIENTED_EDGE('',*,*,#1397,.T.) ;
#1421=ORIENTED_EDGE('',*,*,#1416,.F.) ;
#1430=ORIENTED_EDGE('',*,*,#1048,.F.) ;
#1431=ORIENTED_EDGE('',*,*,#443,.T.) ;
#1432=ORIENTED_EDGE('',*,*,#1411,.T.) ;
#1433=ORIENTED_EDGE('',*,*,#1428,.F.) ;
#1454=ORIENTED_EDGE('',*,*,#1079,.T.) ;
#1455=ORIENTED_EDGE('',*,*,#1447,.F.) ;
#1456=ORIENTED_EDGE('',*,*,#1452,.F.) ;
#1457=ORIENTED_EDGE('',*,*,#469,.T.) ;
#1473=ORIENTED_EDGE('',*,*,#1466,.F.) ;
#1474=ORIENTED_EDGE('',*,*,#476,.T.) ;
#1475=ORIENTED_EDGE('',*,*,#1452,.T.) ;
#1476=ORIENTED_EDGE('',*,*,#1471,.F.) ;
#1485=ORIENTED_EDGE('',*,*,#1067,.F.) ;
#1486=ORIENTED_EDGE('',*,*,#481,.T.) ;
#1487=ORIENTED_EDGE('',*,*,#1466,.T.) ;
#1488=ORIENTED_EDGE('',*,*,#1483,.F.) ;
#1504=ORIENTED_EDGE('',*,*,#1022,.T.) ;
#1505=ORIENTED_EDGE('',*,*,#1497,.F.) ;
#1506=ORIENTED_EDGE('',*,*,#1502,.F.) ;
#1507=ORIENTED_EDGE('',*,*,#541,.T.) ;
#1516=ORIENTED_EDGE('',*,*,#1010,.F.) ;
#1517=ORIENTED_EDGE('',*,*,#548,.T.) ;
#1518=ORIENTED_EDGE('',*,*,#1502,.T.) ;
#1519=ORIENTED_EDGE('',*,*,#1514,.F.) ;
#1535=ORIENTED_EDGE('',*,*,#1003,.T.) ;
#1536=ORIENTED_EDGE('',*,*,#1528,.F.) ;
#1537=ORIENTED_EDGE('',*,*,#1533,.F.) ;
#1538=ORIENTED_EDGE('',*,*,#562,.T.) ;
#1547=ORIENTED_EDGE('',*,*,#991,.F.) ;
#1548=ORIENTED_EDGE('',*,*,#569,.T.) ;
#1549=ORIENTED_EDGE('',*,*,#1533,.T.) ;
#1550=ORIENTED_EDGE('',*,*,#1545,.F.) ;
#1566=ORIENTED_EDGE('',*,*,#1041,.T.) ;
#1567=ORIENTED_EDGE('',*,*,#1559,.F.) ;
#1568=ORIENTED_EDGE('',*,*,#1564,.F.) ;
#1569=ORIENTED_EDGE('',*,*,#595,.T.) ;
#1578=ORIENTED_EDGE('',*,*,#1029,.F.) ;
#1579=ORIENTED_EDGE('',*,*,#600,.T.) ;
#1580=ORIENTED_EDGE('',*,*,#1564,.T.) ;
#1581=ORIENTED_EDGE('',*,*,#1576,.F.) ;
#1597=ORIENTED_EDGE('',*,*,#1155,.T.) ;
#1598=ORIENTED_EDGE('',*,*,#1590,.T.) ;
#1599=ORIENTED_EDGE('',*,*,#1595,.F.) ;
#1600=ORIENTED_EDGE('',*,*,#661,.F.) ;
#1616=ORIENTED_EDGE('',*,*,#1609,.T.) ;
#1617=ORIENTED_EDGE('',*,*,#1614,.F.) ;
#1618=ORIENTED_EDGE('',*,*,#668,.F.) ;
#1619=ORIENTED_EDGE('',*,*,#1595,.T.) ;
#1628=ORIENTED_EDGE('',*,*,#1143,.F.) ;
#1629=ORIENTED_EDGE('',*,*,#675,.F.) ;
#1630=ORIENTED_EDGE('',*,*,#1614,.T.) ;
#1631=ORIENTED_EDGE('',*,*,#1626,.T.) ;
#1647=ORIENTED_EDGE('',*,*,#984,.T.) ;
#1648=ORIENTED_EDGE('',*,*,#1640,.T.) ;
#1649=ORIENTED_EDGE('',*,*,#1645,.F.) ;
#1650=ORIENTED_EDGE('',*,*,#701,.F.) ;
#1666=ORIENTED_EDGE('',*,*,#1659,.T.) ;
#1667=ORIENTED_EDGE('',*,*,#1664,.F.) ;
#1668=ORIENTED_EDGE('',*,*,#708,.F.) ;
#1669=ORIENTED_EDGE('',*,*,#1645,.T.) ;
#1678=ORIENTED_EDGE('',*,*,#972,.F.) ;
#1679=ORIENTED_EDGE('',*,*,#713,.F.) ;
#1680=ORIENTED_EDGE('',*,*,#1664,.T.) ;
#1681=ORIENTED_EDGE('',*,*,#1676,.T.) ;
#1685=ORIENTED_EDGE('',*,*,#769,.T.) ;
#1686=ORIENTED_EDGE('',*,*,#781,.T.) ;
#1703=ORIENTED_EDGE('',*,*,#1696,.F.) ;
#1704=ORIENTED_EDGE('',*,*,#1701,.F.) ;
#1708=ORIENTED_EDGE('',*,*,#812,.T.) ;
#1709=ORIENTED_EDGE('',*,*,#824,.T.) ;
#1726=ORIENTED_EDGE('',*,*,#1719,.F.) ;
#1727=ORIENTED_EDGE('',*,*,#1724,.F.) ;
#1731=ORIENTED_EDGE('',*,*,#855,.T.) ;
#1732=ORIENTED_EDGE('',*,*,#867,.T.) ;
#1749=ORIENTED_EDGE('',*,*,#1742,.F.) ;
#1750=ORIENTED_EDGE('',*,*,#1747,.F.) ;
#1754=ORIENTED_EDGE('',*,*,#898,.T.) ;
#1755=ORIENTED_EDGE('',*,*,#910,.T.) ;
#1772=ORIENTED_EDGE('',*,*,#1765,.F.) ;
#1773=ORIENTED_EDGE('',*,*,#1770,.F.) ;
#1777=ORIENTED_EDGE('',*,*,#941,.T.) ;
#1778=ORIENTED_EDGE('',*,*,#953,.T.) ;
#1795=ORIENTED_EDGE('',*,*,#1788,.F.) ;
#1796=ORIENTED_EDGE('',*,*,#1793,.F.) ;
#1805=ORIENTED_EDGE('',*,*,#1150,.F.) ;
#1806=ORIENTED_EDGE('',*,*,#1626,.F.) ;
#1807=ORIENTED_EDGE('',*,*,#1609,.F.) ;
#1808=ORIENTED_EDGE('',*,*,#1590,.F.) ;
#1839=ORIENTED_EDGE('',*,*,#1818,.T.) ;
#1840=ORIENTED_EDGE('',*,*,#1825,.F.) ;
#1841=ORIENTED_EDGE('',*,*,#1832,.T.) ;
#1842=ORIENTED_EDGE('',*,*,#1837,.T.) ;
#1851=ORIENTED_EDGE('',*,*,#1131,.F.) ;
#1852=ORIENTED_EDGE('',*,*,#1373,.F.) ;
#1853=ORIENTED_EDGE('',*,*,#1356,.F.) ;
#1884=ORIENTED_EDGE('',*,*,#1863,.T.) ;
#1885=ORIENTED_EDGE('',*,*,#1870,.T.) ;
#1886=ORIENTED_EDGE('',*,*,#1877,.T.) ;
#1887=ORIENTED_EDGE('',*,*,#1882,.T.) ;
#1891=ORIENTED_EDGE('',*,*,#1112,.F.) ;
#1892=ORIENTED_EDGE('',*,*,#1301,.F.) ;
#1893=ORIENTED_EDGE('',*,*,#1284,.F.) ;
#1924=ORIENTED_EDGE('',*,*,#1903,.T.) ;
#1925=ORIENTED_EDGE('',*,*,#1910,.T.) ;
#1926=ORIENTED_EDGE('',*,*,#1917,.T.) ;
#1927=ORIENTED_EDGE('',*,*,#1922,.T.) ;
#1931=ORIENTED_EDGE('',*,*,#1093,.F.) ;
#1932=ORIENTED_EDGE('',*,*,#1337,.F.) ;
#1933=ORIENTED_EDGE('',*,*,#1320,.F.) ;
#1964=ORIENTED_EDGE('',*,*,#1943,.T.) ;
#1965=ORIENTED_EDGE('',*,*,#1950,.T.) ;
#1966=ORIENTED_EDGE('',*,*,#1957,.T.) ;
#1967=ORIENTED_EDGE('',*,*,#1962,.T.) ;
#1976=ORIENTED_EDGE('',*,*,#1483,.T.) ;
#1977=ORIENTED_EDGE('',*,*,#1471,.T.) ;
#1978=ORIENTED_EDGE('',*,*,#1447,.T.) ;
#1979=ORIENTED_EDGE('',*,*,#1074,.T.) ;
#2010=ORIENTED_EDGE('',*,*,#1989,.F.) ;
#2011=ORIENTED_EDGE('',*,*,#1996,.F.) ;
#2012=ORIENTED_EDGE('',*,*,#2003,.T.) ;
#2013=ORIENTED_EDGE('',*,*,#2008,.F.) ;
#2017=ORIENTED_EDGE('',*,*,#1428,.T.) ;
#2018=ORIENTED_EDGE('',*,*,#1416,.T.) ;
#2019=ORIENTED_EDGE('',*,*,#1392,.T.) ;
#2020=ORIENTED_EDGE('',*,*,#1055,.T.) ;
#2051=ORIENTED_EDGE('',*,*,#2030,.F.) ;
#2052=ORIENTED_EDGE('',*,*,#2037,.F.) ;
#2053=ORIENTED_EDGE('',*,*,#2044,.T.) ;
#2054=ORIENTED_EDGE('',*,*,#2049,.F.) ;
#2063=ORIENTED_EDGE('',*,*,#1576,.T.) ;
#2064=ORIENTED_EDGE('',*,*,#1559,.T.) ;
#2065=ORIENTED_EDGE('',*,*,#1036,.T.) ;
#2096=ORIENTED_EDGE('',*,*,#2075,.F.) ;
#2097=ORIENTED_EDGE('',*,*,#2082,.F.) ;
#2098=ORIENTED_EDGE('',*,*,#2089,.F.) ;
#2099=ORIENTED_EDGE('',*,*,#2094,.F.) ;
#2103=ORIENTED_EDGE('',*,*,#1514,.T.) ;
#2104=ORIENTED_EDGE('',*,*,#1497,.T.) ;
#2105=ORIENTED_EDGE('',*,*,#1017,.T.) ;
#2136=ORIENTED_EDGE('',*,*,#2115,.F.) ;
#2137=ORIENTED_EDGE('',*,*,#2122,.F.) ;
#2138=ORIENTED_EDGE('',*,*,#2129,.F.) ;
#2139=ORIENTED_EDGE('',*,*,#2134,.F.) ;
#2143=ORIENTED_EDGE('',*,*,#1545,.T.) ;
#2144=ORIENTED_EDGE('',*,*,#1528,.T.) ;
#2145=ORIENTED_EDGE('',*,*,#998,.T.) ;
#2176=ORIENTED_EDGE('',*,*,#2155,.F.) ;
#2177=ORIENTED_EDGE('',*,*,#2162,.F.) ;
#2178=ORIENTED_EDGE('',*,*,#2169,.F.) ;
#2179=ORIENTED_EDGE('',*,*,#2174,.F.) ;
#2183=ORIENTED_EDGE('',*,*,#979,.F.) ;
#2184=ORIENTED_EDGE('',*,*,#1676,.F.) ;
#2185=ORIENTED_EDGE('',*,*,#1659,.F.) ;
#2186=ORIENTED_EDGE('',*,*,#1640,.F.) ;
#2217=ORIENTED_EDGE('',*,*,#2196,.T.) ;
#2218=ORIENTED_EDGE('',*,*,#2203,.F.) ;
#2219=ORIENTED_EDGE('',*,*,#2210,.T.) ;
#2220=ORIENTED_EDGE('',*,*,#2215,.T.) ;
#2248=ORIENTED_EDGE('',*,*,#2234,.F.) ;
#2249=ORIENTED_EDGE('',*,*,#2241,.T.) ;
#2250=ORIENTED_EDGE('',*,*,#2246,.T.) ;
#2251=ORIENTED_EDGE('',*,*,#1261,.F.) ;
#2272=ORIENTED_EDGE('',*,*,#2265,.F.) ;
#2273=ORIENTED_EDGE('',*,*,#2270,.T.) ;
#2274=ORIENTED_EDGE('',*,*,#2234,.T.) ;
#2275=ORIENTED_EDGE('',*,*,#1256,.F.) ;
#2306=ORIENTED_EDGE('',*,*,#2285,.F.) ;
#2307=ORIENTED_EDGE('',*,*,#2292,.F.) ;
#2308=ORIENTED_EDGE('',*,*,#2299,.F.) ;
#2309=ORIENTED_EDGE('',*,*,#2304,.F.) ;
#2340=ORIENTED_EDGE('',*,*,#2319,.F.) ;
#2341=ORIENTED_EDGE('',*,*,#2326,.F.) ;
#2342=ORIENTED_EDGE('',*,*,#2333,.F.) ;
#2343=ORIENTED_EDGE('',*,*,#2338,.F.) ;
#2364=ORIENTED_EDGE('',*,*,#2357,.F.) ;
#2365=ORIENTED_EDGE('',*,*,#2362,.T.) ;
#2366=ORIENTED_EDGE('',*,*,#2265,.T.) ;
#2367=ORIENTED_EDGE('',*,*,#1249,.F.) ;
#2388=ORIENTED_EDGE('',*,*,#2381,.F.) ;
#2389=ORIENTED_EDGE('',*,*,#2386,.T.) ;
#2390=ORIENTED_EDGE('',*,*,#2357,.T.) ;
#2391=ORIENTED_EDGE('',*,*,#1242,.F.) ;
#2422=ORIENTED_EDGE('',*,*,#2401,.T.) ;
#2423=ORIENTED_EDGE('',*,*,#2408,.T.) ;
#2424=ORIENTED_EDGE('',*,*,#2415,.T.) ;
#2425=ORIENTED_EDGE('',*,*,#2420,.T.) ;
#2456=ORIENTED_EDGE('',*,*,#2435,.T.) ;
#2457=ORIENTED_EDGE('',*,*,#2442,.T.) ;
#2458=ORIENTED_EDGE('',*,*,#2449,.T.) ;
#2459=ORIENTED_EDGE('',*,*,#2454,.T.) ;
#2490=ORIENTED_EDGE('',*,*,#2469,.T.) ;
#2491=ORIENTED_EDGE('',*,*,#2476,.T.) ;
#2492=ORIENTED_EDGE('',*,*,#2483,.T.) ;
#2493=ORIENTED_EDGE('',*,*,#2488,.T.) ;
#2514=ORIENTED_EDGE('',*,*,#2507,.F.) ;
#2515=ORIENTED_EDGE('',*,*,#2512,.T.) ;
#2516=ORIENTED_EDGE('',*,*,#2381,.T.) ;
#2517=ORIENTED_EDGE('',*,*,#1235,.F.) ;
#2538=ORIENTED_EDGE('',*,*,#2531,.F.) ;
#2539=ORIENTED_EDGE('',*,*,#2536,.T.) ;
#2540=ORIENTED_EDGE('',*,*,#2507,.T.) ;
#2541=ORIENTED_EDGE('',*,*,#1228,.F.) ;
#2572=ORIENTED_EDGE('',*,*,#2551,.T.) ;
#2573=ORIENTED_EDGE('',*,*,#2558,.T.) ;
#2574=ORIENTED_EDGE('',*,*,#2565,.T.) ;
#2575=ORIENTED_EDGE('',*,*,#2570,.T.) ;
#2606=ORIENTED_EDGE('',*,*,#2585,.T.) ;
#2607=ORIENTED_EDGE('',*,*,#2592,.T.) ;
#2608=ORIENTED_EDGE('',*,*,#2599,.T.) ;
#2609=ORIENTED_EDGE('',*,*,#2604,.T.) ;
#2630=ORIENTED_EDGE('',*,*,#2623,.F.) ;
#2631=ORIENTED_EDGE('',*,*,#2628,.T.) ;
#2632=ORIENTED_EDGE('',*,*,#2531,.T.) ;
#2633=ORIENTED_EDGE('',*,*,#1221,.F.) ;
#2647=ORIENTED_EDGE('',*,*,#2246,.F.) ;
#2648=ORIENTED_EDGE('',*,*,#2645,.T.) ;
#2649=ORIENTED_EDGE('',*,*,#2623,.T.) ;
#2650=ORIENTED_EDGE('',*,*,#1214,.F.) ;
#2681=ORIENTED_EDGE('',*,*,#2660,.F.) ;
#2682=ORIENTED_EDGE('',*,*,#2667,.F.) ;
#2683=ORIENTED_EDGE('',*,*,#2674,.F.) ;
#2684=ORIENTED_EDGE('',*,*,#2679,.F.) ;
#2715=ORIENTED_EDGE('',*,*,#2694,.F.) ;
#2716=ORIENTED_EDGE('',*,*,#2701,.F.) ;
#2717=ORIENTED_EDGE('',*,*,#2708,.F.) ;
#2718=ORIENTED_EDGE('',*,*,#2713,.F.) ;
#2749=ORIENTED_EDGE('',*,*,#2728,.F.) ;
#2750=ORIENTED_EDGE('',*,*,#2735,.F.) ;
#2751=ORIENTED_EDGE('',*,*,#2742,.F.) ;
#2752=ORIENTED_EDGE('',*,*,#2747,.F.) ;
#2771=ORIENTED_EDGE('',*,*,#2764,.T.) ;
#2772=ORIENTED_EDGE('',*,*,#2292,.T.) ;
#2773=ORIENTED_EDGE('',*,*,#2769,.F.) ;
#2774=ORIENTED_EDGE('',*,*,#1837,.F.) ;
#2788=ORIENTED_EDGE('',*,*,#1832,.F.) ;
#2789=ORIENTED_EDGE('',*,*,#2786,.T.) ;
#2790=ORIENTED_EDGE('',*,*,#2299,.T.) ;
#2791=ORIENTED_EDGE('',*,*,#2764,.F.) ;
#2805=ORIENTED_EDGE('',*,*,#2803,.T.) ;
#2806=ORIENTED_EDGE('',*,*,#2304,.T.) ;
#2807=ORIENTED_EDGE('',*,*,#2786,.F.) ;
#2808=ORIENTED_EDGE('',*,*,#1825,.T.) ;
#2817=ORIENTED_EDGE('',*,*,#1818,.F.) ;
#2818=ORIENTED_EDGE('',*,*,#2769,.T.) ;
#2819=ORIENTED_EDGE('',*,*,#2285,.T.) ;
#2820=ORIENTED_EDGE('',*,*,#2803,.F.) ;
#2839=ORIENTED_EDGE('',*,*,#1882,.F.) ;
#2840=ORIENTED_EDGE('',*,*,#2832,.T.) ;
#2841=ORIENTED_EDGE('',*,*,#2667,.T.) ;
#2842=ORIENTED_EDGE('',*,*,#2837,.F.) ;
#2851=ORIENTED_EDGE('',*,*,#2849,.T.) ;
#2852=ORIENTED_EDGE('',*,*,#2674,.T.) ;
#2853=ORIENTED_EDGE('',*,*,#2832,.F.) ;
#2854=ORIENTED_EDGE('',*,*,#1877,.F.) ;
#2868=ORIENTED_EDGE('',*,*,#1870,.F.) ;
#2869=ORIENTED_EDGE('',*,*,#2866,.T.) ;
#2870=ORIENTED_EDGE('',*,*,#2679,.T.) ;
#2871=ORIENTED_EDGE('',*,*,#2849,.F.) ;
#2875=ORIENTED_EDGE('',*,*,#2837,.T.) ;
#2876=ORIENTED_EDGE('',*,*,#2660,.T.) ;
#2877=ORIENTED_EDGE('',*,*,#2866,.F.) ;
#2878=ORIENTED_EDGE('',*,*,#1863,.F.) ;
#2897=ORIENTED_EDGE('',*,*,#1922,.F.) ;
#2898=ORIENTED_EDGE('',*,*,#2890,.T.) ;
#2899=ORIENTED_EDGE('',*,*,#2701,.T.) ;
#2900=ORIENTED_EDGE('',*,*,#2895,.F.) ;
#2909=ORIENTED_EDGE('',*,*,#2907,.T.) ;
#2910=ORIENTED_EDGE('',*,*,#2708,.T.) ;
#2911=ORIENTED_EDGE('',*,*,#2890,.F.) ;
#2912=ORIENTED_EDGE('',*,*,#1917,.F.) ;
#2926=ORIENTED_EDGE('',*,*,#1910,.F.) ;
#2927=ORIENTED_EDGE('',*,*,#2924,.T.) ;
#2928=ORIENTED_EDGE('',*,*,#2713,.T.) ;
#2929=ORIENTED_EDGE('',*,*,#2907,.F.) ;
#2933=ORIENTED_EDGE('',*,*,#2895,.T.) ;
#2934=ORIENTED_EDGE('',*,*,#2694,.T.) ;
#2935=ORIENTED_EDGE('',*,*,#2924,.F.) ;
#2936=ORIENTED_EDGE('',*,*,#1903,.F.) ;
#2955=ORIENTED_EDGE('',*,*,#1962,.F.) ;
#2956=ORIENTED_EDGE('',*,*,#2948,.T.) ;
#2957=ORIENTED_EDGE('',*,*,#2735,.T.) ;
#2958=ORIENTED_EDGE('',*,*,#2953,.F.) ;
#2967=ORIENTED_EDGE('',*,*,#2965,.T.) ;
#2968=ORIENTED_EDGE('',*,*,#2742,.T.) ;
#2969=ORIENTED_EDGE('',*,*,#2948,.F.) ;
#2970=ORIENTED_EDGE('',*,*,#1957,.F.) ;
#2984=ORIENTED_EDGE('',*,*,#1950,.F.) ;
#2985=ORIENTED_EDGE('',*,*,#2982,.T.) ;
#2986=ORIENTED_EDGE('',*,*,#2747,.T.) ;
#2987=ORIENTED_EDGE('',*,*,#2965,.F.) ;
#2991=ORIENTED_EDGE('',*,*,#2953,.T.) ;
#2992=ORIENTED_EDGE('',*,*,#2728,.T.) ;
#2993=ORIENTED_EDGE('',*,*,#2982,.F.) ;
#2994=ORIENTED_EDGE('',*,*,#1943,.F.) ;
#3008=ORIENTED_EDGE('',*,*,#3001,.T.) ;
#3009=ORIENTED_EDGE('',*,*,#2565,.F.) ;
#3010=ORIENTED_EDGE('',*,*,#3006,.F.) ;
#3011=ORIENTED_EDGE('',*,*,#1989,.T.) ;
#3020=ORIENTED_EDGE('',*,*,#1996,.T.) ;
#3021=ORIENTED_EDGE('',*,*,#3006,.T.) ;
#3022=ORIENTED_EDGE('',*,*,#2558,.F.) ;
#3023=ORIENTED_EDGE('',*,*,#3018,.F.) ;
#3032=ORIENTED_EDGE('',*,*,#3018,.T.) ;
#3033=ORIENTED_EDGE('',*,*,#2551,.F.) ;
#3034=ORIENTED_EDGE('',*,*,#3030,.F.) ;
#3035=ORIENTED_EDGE('',*,*,#2003,.F.) ;
#3039=ORIENTED_EDGE('',*,*,#2008,.T.) ;
#3040=ORIENTED_EDGE('',*,*,#3030,.T.) ;
#3041=ORIENTED_EDGE('',*,*,#2570,.F.) ;
#3042=ORIENTED_EDGE('',*,*,#3001,.F.) ;
#3056=ORIENTED_EDGE('',*,*,#3049,.T.) ;
#3057=ORIENTED_EDGE('',*,*,#2599,.F.) ;
#3058=ORIENTED_EDGE('',*,*,#3054,.F.) ;
#3059=ORIENTED_EDGE('',*,*,#2030,.T.) ;
#3073=ORIENTED_EDGE('',*,*,#2037,.T.) ;
#3074=ORIENTED_EDGE('',*,*,#3054,.T.) ;
#3075=ORIENTED_EDGE('',*,*,#2592,.F.) ;
#3076=ORIENTED_EDGE('',*,*,#3071,.F.) ;
#3085=ORIENTED_EDGE('',*,*,#3071,.T.) ;
#3086=ORIENTED_EDGE('',*,*,#2585,.F.) ;
#3087=ORIENTED_EDGE('',*,*,#3083,.F.) ;
#3088=ORIENTED_EDGE('',*,*,#2044,.F.) ;
#3097=ORIENTED_EDGE('',*,*,#2049,.T.) ;
#3098=ORIENTED_EDGE('',*,*,#3083,.T.) ;
#3099=ORIENTED_EDGE('',*,*,#2604,.F.) ;
#3100=ORIENTED_EDGE('',*,*,#3049,.F.) ;
#3114=ORIENTED_EDGE('',*,*,#2075,.T.) ;
#3115=ORIENTED_EDGE('',*,*,#3107,.T.) ;
#3116=ORIENTED_EDGE('',*,*,#2483,.F.) ;
#3117=ORIENTED_EDGE('',*,*,#3112,.F.) ;
#3126=ORIENTED_EDGE('',*,*,#3112,.T.) ;
#3127=ORIENTED_EDGE('',*,*,#2476,.F.) ;
#3128=ORIENTED_EDGE('',*,*,#3124,.F.) ;
#3129=ORIENTED_EDGE('',*,*,#2082,.T.) ;
#3138=ORIENTED_EDGE('',*,*,#2089,.T.) ;
#3139=ORIENTED_EDGE('',*,*,#3124,.T.) ;
#3140=ORIENTED_EDGE('',*,*,#2469,.F.) ;
#3141=ORIENTED_EDGE('',*,*,#3136,.F.) ;
#3145=ORIENTED_EDGE('',*,*,#3136,.T.) ;
#3146=ORIENTED_EDGE('',*,*,#2488,.F.) ;
#3147=ORIENTED_EDGE('',*,*,#3107,.F.) ;
#3148=ORIENTED_EDGE('',*,*,#2094,.T.) ;
#3162=ORIENTED_EDGE('',*,*,#2115,.T.) ;
#3163=ORIENTED_EDGE('',*,*,#3155,.T.) ;
#3164=ORIENTED_EDGE('',*,*,#2449,.F.) ;
#3165=ORIENTED_EDGE('',*,*,#3160,.F.) ;
#3174=ORIENTED_EDGE('',*,*,#3160,.T.) ;
#3175=ORIENTED_EDGE('',*,*,#2442,.F.) ;
#3176=ORIENTED_EDGE('',*,*,#3172,.F.) ;
#3177=ORIENTED_EDGE('',*,*,#2122,.T.) ;
#3186=ORIENTED_EDGE('',*,*,#2129,.T.) ;
#3187=ORIENTED_EDGE('',*,*,#3172,.T.) ;
#3188=ORIENTED_EDGE('',*,*,#2435,.F.) ;
#3189=ORIENTED_EDGE('',*,*,#3184,.F.) ;
#3193=ORIENTED_EDGE('',*,*,#3184,.T.) ;
#3194=ORIENTED_EDGE('',*,*,#2454,.F.) ;
#3195=ORIENTED_EDGE('',*,*,#3155,.F.) ;
#3196=ORIENTED_EDGE('',*,*,#2134,.T.) ;
#3210=ORIENTED_EDGE('',*,*,#2155,.T.) ;
#3211=ORIENTED_EDGE('',*,*,#3203,.T.) ;
#3212=ORIENTED_EDGE('',*,*,#2415,.F.) ;
#3213=ORIENTED_EDGE('',*,*,#3208,.F.) ;
#3222=ORIENTED_EDGE('',*,*,#3208,.T.) ;
#3223=ORIENTED_EDGE('',*,*,#2408,.F.) ;
#3224=ORIENTED_EDGE('',*,*,#3220,.F.) ;
#3225=ORIENTED_EDGE('',*,*,#2162,.T.) ;
#3234=ORIENTED_EDGE('',*,*,#2169,.T.) ;
#3235=ORIENTED_EDGE('',*,*,#3220,.T.) ;
#3236=ORIENTED_EDGE('',*,*,#2401,.F.) ;
#3237=ORIENTED_EDGE('',*,*,#3232,.F.) ;
#3241=ORIENTED_EDGE('',*,*,#3232,.T.) ;
#3242=ORIENTED_EDGE('',*,*,#2420,.F.) ;
#3243=ORIENTED_EDGE('',*,*,#3203,.F.) ;
#3244=ORIENTED_EDGE('',*,*,#2174,.T.) ;
#3258=ORIENTED_EDGE('',*,*,#3251,.T.) ;
#3259=ORIENTED_EDGE('',*,*,#2326,.T.) ;
#3260=ORIENTED_EDGE('',*,*,#3256,.F.) ;
#3261=ORIENTED_EDGE('',*,*,#2215,.F.) ;
#3270=ORIENTED_EDGE('',*,*,#2210,.F.) ;
#3271=ORIENTED_EDGE('',*,*,#3268,.T.) ;
#3272=ORIENTED_EDGE('',*,*,#2333,.T.) ;
#3273=ORIENTED_EDGE('',*,*,#3251,.F.) ;
#3282=ORIENTED_EDGE('',*,*,#3280,.T.) ;
#3283=ORIENTED_EDGE('',*,*,#2338,.T.) ;
#3284=ORIENTED_EDGE('',*,*,#3268,.F.) ;
#3285=ORIENTED_EDGE('',*,*,#2203,.T.) ;
#3289=ORIENTED_EDGE('',*,*,#2196,.F.) ;
#3290=ORIENTED_EDGE('',*,*,#3256,.T.) ;
#3291=ORIENTED_EDGE('',*,*,#2319,.T.) ;
#3292=ORIENTED_EDGE('',*,*,#3280,.F.) ;
#3301=ORIENTED_EDGE('',*,*,#2628,.F.) ;
#3302=ORIENTED_EDGE('',*,*,#2645,.F.) ;
#3303=ORIENTED_EDGE('',*,*,#2241,.F.) ;
#3304=ORIENTED_EDGE('',*,*,#2270,.F.) ;
#3305=ORIENTED_EDGE('',*,*,#2362,.F.) ;
#3306=ORIENTED_EDGE('',*,*,#2386,.F.) ;
#3307=ORIENTED_EDGE('',*,*,#2512,.F.) ;
#3308=ORIENTED_EDGE('',*,*,#2536,.F.) ;
#3367=ORIENTED_EDGE('',*,*,#3318,.T.) ;
#3368=ORIENTED_EDGE('',*,*,#3325,.T.) ;
#3369=ORIENTED_EDGE('',*,*,#3332,.T.) ;
#3370=ORIENTED_EDGE('',*,*,#3339,.T.) ;
#3371=ORIENTED_EDGE('',*,*,#3346,.T.) ;
#3372=ORIENTED_EDGE('',*,*,#3353,.T.) ;
#3373=ORIENTED_EDGE('',*,*,#3360,.T.) ;
#3374=ORIENTED_EDGE('',*,*,#3365,.T.) ;
#3402=ORIENTED_EDGE('',*,*,#3390,.T.) ;
#3403=ORIENTED_EDGE('',*,*,#3395,.F.) ;
#3404=ORIENTED_EDGE('',*,*,#3365,.F.) ;
#3405=ORIENTED_EDGE('',*,*,#3400,.T.) ;
#3426=ORIENTED_EDGE('',*,*,#3419,.T.) ;
#3427=ORIENTED_EDGE('',*,*,#3400,.F.) ;
#3428=ORIENTED_EDGE('',*,*,#3360,.F.) ;
#3429=ORIENTED_EDGE('',*,*,#3424,.T.) ;
#3450=ORIENTED_EDGE('',*,*,#3443,.T.) ;
#3451=ORIENTED_EDGE('',*,*,#3424,.F.) ;
#3452=ORIENTED_EDGE('',*,*,#3353,.F.) ;
#3453=ORIENTED_EDGE('',*,*,#3448,.T.) ;
#3474=ORIENTED_EDGE('',*,*,#3467,.T.) ;
#3475=ORIENTED_EDGE('',*,*,#3448,.F.) ;
#3476=ORIENTED_EDGE('',*,*,#3346,.F.) ;
#3477=ORIENTED_EDGE('',*,*,#3472,.T.) ;
#3498=ORIENTED_EDGE('',*,*,#3491,.T.) ;
#3499=ORIENTED_EDGE('',*,*,#3472,.F.) ;
#3500=ORIENTED_EDGE('',*,*,#3339,.F.) ;
#3501=ORIENTED_EDGE('',*,*,#3496,.T.) ;
#3522=ORIENTED_EDGE('',*,*,#3515,.T.) ;
#3523=ORIENTED_EDGE('',*,*,#3496,.F.) ;
#3524=ORIENTED_EDGE('',*,*,#3332,.F.) ;
#3525=ORIENTED_EDGE('',*,*,#3520,.T.) ;
#3546=ORIENTED_EDGE('',*,*,#3539,.T.) ;
#3547=ORIENTED_EDGE('',*,*,#3520,.F.) ;
#3548=ORIENTED_EDGE('',*,*,#3325,.F.) ;
#3549=ORIENTED_EDGE('',*,*,#3544,.T.) ;
#3563=ORIENTED_EDGE('',*,*,#3561,.T.) ;
#3564=ORIENTED_EDGE('',*,*,#3544,.F.) ;
#3565=ORIENTED_EDGE('',*,*,#3318,.F.) ;
#3566=ORIENTED_EDGE('',*,*,#3395,.T.) ;
#3575=ORIENTED_EDGE('',*,*,#3561,.F.) ;
#3576=ORIENTED_EDGE('',*,*,#3390,.F.) ;
#3577=ORIENTED_EDGE('',*,*,#3419,.F.) ;
#3578=ORIENTED_EDGE('',*,*,#3443,.F.) ;
#3579=ORIENTED_EDGE('',*,*,#3467,.F.) ;
#3580=ORIENTED_EDGE('',*,*,#3491,.F.) ;
#3581=ORIENTED_EDGE('',*,*,#3515,.F.) ;
#3582=ORIENTED_EDGE('',*,*,#3539,.F.) ;
#3641=ORIENTED_EDGE('',*,*,#3592,.T.) ;
#3642=ORIENTED_EDGE('',*,*,#3599,.T.) ;
#3643=ORIENTED_EDGE('',*,*,#3606,.T.) ;
#3644=ORIENTED_EDGE('',*,*,#3613,.T.) ;
#3645=ORIENTED_EDGE('',*,*,#3620,.T.) ;
#3646=ORIENTED_EDGE('',*,*,#3627,.T.) ;
#3647=ORIENTED_EDGE('',*,*,#3634,.T.) ;
#3648=ORIENTED_EDGE('',*,*,#3639,.T.) ;
#3676=ORIENTED_EDGE('',*,*,#3662,.F.) ;
#3677=ORIENTED_EDGE('',*,*,#3669,.T.) ;
#3678=ORIENTED_EDGE('',*,*,#3674,.T.) ;
#3679=ORIENTED_EDGE('',*,*,#3639,.F.) ;
#3700=ORIENTED_EDGE('',*,*,#3693,.F.) ;
#3701=ORIENTED_EDGE('',*,*,#3698,.T.) ;
#3702=ORIENTED_EDGE('',*,*,#3662,.T.) ;
#3703=ORIENTED_EDGE('',*,*,#3634,.F.) ;
#3724=ORIENTED_EDGE('',*,*,#3717,.F.) ;
#3725=ORIENTED_EDGE('',*,*,#3722,.T.) ;
#3726=ORIENTED_EDGE('',*,*,#3693,.T.) ;
#3727=ORIENTED_EDGE('',*,*,#3627,.F.) ;
#3748=ORIENTED_EDGE('',*,*,#3741,.F.) ;
#3749=ORIENTED_EDGE('',*,*,#3746,.T.) ;
#3750=ORIENTED_EDGE('',*,*,#3717,.T.) ;
#3751=ORIENTED_EDGE('',*,*,#3620,.F.) ;
#3772=ORIENTED_EDGE('',*,*,#3765,.F.) ;
#3773=ORIENTED_EDGE('',*,*,#3770,.T.) ;
#3774=ORIENTED_EDGE('',*,*,#3741,.T.) ;
#3775=ORIENTED_EDGE('',*,*,#3613,.F.) ;
#3796=ORIENTED_EDGE('',*,*,#3789,.F.) ;
#3797=ORIENTED_EDGE('',*,*,#3794,.T.) ;
#3798=ORIENTED_EDGE('',*,*,#3765,.T.) ;
#3799=ORIENTED_EDGE('',*,*,#3606,.F.) ;
#3820=ORIENTED_EDGE('',*,*,#3813,.F.) ;
#3821=ORIENTED_EDGE('',*,*,#3818,.T.) ;
#3822=ORIENTED_EDGE('',*,*,#3789,.T.) ;
#3823=ORIENTED_EDGE('',*,*,#3599,.F.) ;
#3837=ORIENTED_EDGE('',*,*,#3674,.F.) ;
#3838=ORIENTED_EDGE('',*,*,#3835,.T.) ;
#3839=ORIENTED_EDGE('',*,*,#3813,.T.) ;
#3840=ORIENTED_EDGE('',*,*,#3592,.F.) ;
#3844=ORIENTED_EDGE('',*,*,#3835,.F.) ;
#3845=ORIENTED_EDGE('',*,*,#3669,.F.) ;
#3846=ORIENTED_EDGE('',*,*,#3698,.F.) ;
#3847=ORIENTED_EDGE('',*,*,#3722,.F.) ;
#3848=ORIENTED_EDGE('',*,*,#3746,.F.) ;
#3849=ORIENTED_EDGE('',*,*,#3770,.F.) ;
#3850=ORIENTED_EDGE('',*,*,#3794,.F.) ;
#3851=ORIENTED_EDGE('',*,*,#3818,.F.) ;
#3868=ORIENTED_EDGE('',*,*,#3861,.T.) ;
#3869=ORIENTED_EDGE('',*,*,#3866,.T.) ;
#3886=ORIENTED_EDGE('',*,*,#3879,.T.) ;
#3887=ORIENTED_EDGE('',*,*,#3884,.T.) ;
#3904=ORIENTED_EDGE('',*,*,#3897,.T.) ;
#3905=ORIENTED_EDGE('',*,*,#3902,.T.) ;
#3922=ORIENTED_EDGE('',*,*,#3915,.T.) ;
#3923=ORIENTED_EDGE('',*,*,#3920,.T.) ;
#3940=ORIENTED_EDGE('',*,*,#3933,.T.) ;
#3941=ORIENTED_EDGE('',*,*,#3938,.T.) ;
#3958=ORIENTED_EDGE('',*,*,#3951,.T.) ;
#3959=ORIENTED_EDGE('',*,*,#3956,.T.) ;
#3987=ORIENTED_EDGE('',*,*,#3975,.T.) ;
#3988=ORIENTED_EDGE('',*,*,#3980,.F.) ;
#3989=ORIENTED_EDGE('',*,*,#3866,.F.) ;
#3990=ORIENTED_EDGE('',*,*,#3985,.T.) ;
#3999=ORIENTED_EDGE('',*,*,#3997,.T.) ;
#4000=ORIENTED_EDGE('',*,*,#3985,.F.) ;
#4001=ORIENTED_EDGE('',*,*,#3861,.F.) ;
#4002=ORIENTED_EDGE('',*,*,#3980,.T.) ;
#4011=ORIENTED_EDGE('',*,*,#3997,.F.) ;
#4012=ORIENTED_EDGE('',*,*,#3975,.F.) ;
#4029=ORIENTED_EDGE('',*,*,#4022,.T.) ;
#4030=ORIENTED_EDGE('',*,*,#4027,.T.) ;
#4063=ORIENTED_EDGE('',*,*,#4044,.T.) ;
#4064=ORIENTED_EDGE('',*,*,#1793,.T.) ;
#4065=ORIENTED_EDGE('',*,*,#4051,.F.) ;
#4066=ORIENTED_EDGE('',*,*,#4056,.F.) ;
#4067=ORIENTED_EDGE('',*,*,#3956,.F.) ;
#4068=ORIENTED_EDGE('',*,*,#4061,.T.) ;
#4072=ORIENTED_EDGE('',*,*,#4051,.T.) ;
#4073=ORIENTED_EDGE('',*,*,#1788,.T.) ;
#4074=ORIENTED_EDGE('',*,*,#4044,.F.) ;
#4075=ORIENTED_EDGE('',*,*,#4061,.F.) ;
#4076=ORIENTED_EDGE('',*,*,#3951,.F.) ;
#4077=ORIENTED_EDGE('',*,*,#4056,.T.) ;
#4110=ORIENTED_EDGE('',*,*,#4091,.T.) ;
#4111=ORIENTED_EDGE('',*,*,#4096,.T.) ;
#4112=ORIENTED_EDGE('',*,*,#1770,.T.) ;
#4113=ORIENTED_EDGE('',*,*,#4103,.F.) ;
#4114=ORIENTED_EDGE('',*,*,#4108,.F.) ;
#4115=ORIENTED_EDGE('',*,*,#4027,.F.) ;
#4119=ORIENTED_EDGE('',*,*,#4108,.T.) ;
#4120=ORIENTED_EDGE('',*,*,#4103,.T.) ;
#4121=ORIENTED_EDGE('',*,*,#1765,.T.) ;
#4122=ORIENTED_EDGE('',*,*,#4096,.F.) ;
#4123=ORIENTED_EDGE('',*,*,#4091,.F.) ;
#4124=ORIENTED_EDGE('',*,*,#4022,.F.) ;
#4157=ORIENTED_EDGE('',*,*,#4138,.T.) ;
#4158=ORIENTED_EDGE('',*,*,#1747,.T.) ;
#4159=ORIENTED_EDGE('',*,*,#4145,.F.) ;
#4160=ORIENTED_EDGE('',*,*,#4150,.F.) ;
#4161=ORIENTED_EDGE('',*,*,#3938,.F.) ;
#4162=ORIENTED_EDGE('',*,*,#4155,.T.) ;
#4166=ORIENTED_EDGE('',*,*,#4145,.T.) ;
#4167=ORIENTED_EDGE('',*,*,#1742,.T.) ;
#4168=ORIENTED_EDGE('',*,*,#4138,.F.) ;
#4169=ORIENTED_EDGE('',*,*,#4155,.F.) ;
#4170=ORIENTED_EDGE('',*,*,#3933,.F.) ;
#4171=ORIENTED_EDGE('',*,*,#4150,.T.) ;
#4204=ORIENTED_EDGE('',*,*,#4185,.T.) ;
#4205=ORIENTED_EDGE('',*,*,#1724,.T.) ;
#4206=ORIENTED_EDGE('',*,*,#4192,.F.) ;
#4207=ORIENTED_EDGE('',*,*,#4197,.F.) ;
#4208=ORIENTED_EDGE('',*,*,#3920,.F.) ;
#4209=ORIENTED_EDGE('',*,*,#4202,.T.) ;
#4213=ORIENTED_EDGE('',*,*,#4192,.T.) ;
#4214=ORIENTED_EDGE('',*,*,#1719,.T.) ;
#4215=ORIENTED_EDGE('',*,*,#4185,.F.) ;
#4216=ORIENTED_EDGE('',*,*,#4202,.F.) ;
#4217=ORIENTED_EDGE('',*,*,#3915,.F.) ;
#4218=ORIENTED_EDGE('',*,*,#4197,.T.) ;
#4251=ORIENTED_EDGE('',*,*,#4232,.T.) ;
#4252=ORIENTED_EDGE('',*,*,#1701,.T.) ;
#4253=ORIENTED_EDGE('',*,*,#4239,.F.) ;
#4254=ORIENTED_EDGE('',*,*,#4244,.F.) ;
#4255=ORIENTED_EDGE('',*,*,#3902,.F.) ;
#4256=ORIENTED_EDGE('',*,*,#4249,.T.) ;
#4260=ORIENTED_EDGE('',*,*,#4239,.T.) ;
#4261=ORIENTED_EDGE('',*,*,#1696,.T.) ;
#4262=ORIENTED_EDGE('',*,*,#4232,.F.) ;
#4263=ORIENTED_EDGE('',*,*,#4249,.F.) ;
#4264=ORIENTED_EDGE('',*,*,#3897,.F.) ;
#4265=ORIENTED_EDGE('',*,*,#4244,.T.) ;
#4298=ORIENTED_EDGE('',*,*,#4279,.T.) ;
#4299=ORIENTED_EDGE('',*,*,#276,.T.) ;
#4300=ORIENTED_EDGE('',*,*,#4286,.F.) ;
#4301=ORIENTED_EDGE('',*,*,#4291,.F.) ;
#4302=ORIENTED_EDGE('',*,*,#3884,.F.) ;
#4303=ORIENTED_EDGE('',*,*,#4296,.T.) ;
#4307=ORIENTED_EDGE('',*,*,#4286,.T.) ;
#4308=ORIENTED_EDGE('',*,*,#271,.T.) ;
#4309=ORIENTED_EDGE('',*,*,#4279,.F.) ;
#4310=ORIENTED_EDGE('',*,*,#4296,.F.) ;
#4311=ORIENTED_EDGE('',*,*,#3879,.F.) ;
#4312=ORIENTED_EDGE('',*,*,#4291,.T.) ;
#64=EDGE_LOOP('',(#65,#66,#67,#68)) ;
#81=EDGE_LOOP('',(#82,#83,#84,#85)) ;
#149=EDGE_LOOP('',(#150,#151,#152,#153,#154,#155,#156,#157)) ;
#159=EDGE_LOOP('',(#160,#161)) ;
#177=EDGE_LOOP('',(#178,#179)) ;
#195=EDGE_LOOP('',(#196,#197)) ;
#213=EDGE_LOOP('',(#214,#215)) ;
#231=EDGE_LOOP('',(#232,#233)) ;
#249=EDGE_LOOP('',(#250,#251)) ;
#259=EDGE_LOOP('',(#260,#261)) ;
#277=EDGE_LOOP('',(#278,#279)) ;
#369=EDGE_LOOP('',(#370,#371,#372,#373,#374,#375,#376,#377,#378,#379,#380,#381,#382)) ;
#402=EDGE_LOOP('',(#403,#404,#405,#406)) ;
#482=EDGE_LOOP('',(#483,#484,#485,#486,#487,#488,#489,#490,#491,#492,#493,#494)) ;
#514=EDGE_LOOP('',(#515,#516,#517,#518)) ;
#601=EDGE_LOOP('',(#602,#603,#604,#605,#606,#607,#608,#609,#610,#611,#612,#613,#614)) ;
#634=EDGE_LOOP('',(#635,#636,#637,#638)) ;
#714=EDGE_LOOP('',(#715,#716,#717,#718,#719,#720,#721,#722,#723,#724,#725,#726)) ;
#739=EDGE_LOOP('',(#740,#741,#742,#743)) ;
#770=EDGE_LOOP('',(#771,#772,#773,#774)) ;
#782=EDGE_LOOP('',(#783,#784,#785,#786)) ;
#813=EDGE_LOOP('',(#814,#815,#816,#817)) ;
#825=EDGE_LOOP('',(#826,#827,#828,#829)) ;
#856=EDGE_LOOP('',(#857,#858,#859,#860)) ;
#868=EDGE_LOOP('',(#869,#870,#871,#872)) ;
#899=EDGE_LOOP('',(#900,#901,#902,#903)) ;
#911=EDGE_LOOP('',(#912,#913,#914,#915)) ;
#942=EDGE_LOOP('',(#943,#944,#945,#946)) ;
#954=EDGE_LOOP('',(#955,#956,#957,#958)) ;
#1156=EDGE_LOOP('',(#1157,#1158,#1159,#1160,#1161,#1162,#1163,#1164,#1165,#1166,#1167,#1168,#1169,#1170,#1171,#1172,#1173,#1174,#1175,#1176,#1177,#1178,#1179,#1180,#1181,#1182,#1183,#1184,#1185,#1186,#1187,#1188,#1189,#1190,#1191,#1192,#1193,#1194,#1195,#1196,#1197,#1198,#1199,#1200,#1201,#1202,#1203,#1204)) ;
#1262=EDGE_LOOP('',(#1263,#1264,#1265,#1266,#1267,#1268,#1269,#1270)) ;
#1290=EDGE_LOOP('',(#1291,#1292,#1293,#1294)) ;
#1302=EDGE_LOOP('',(#1303,#1304,#1305,#1306)) ;
#1326=EDGE_LOOP('',(#1327,#1328,#1329,#1330)) ;
#1338=EDGE_LOOP('',(#1339,#1340,#1341,#1342)) ;
#1362=EDGE_LOOP('',(#1363,#1364,#1365,#1366)) ;
#1374=EDGE_LOOP('',(#1375,#1376,#1377,#1378)) ;
#1398=EDGE_LOOP('',(#1399,#1400,#1401,#1402)) ;
#1417=EDGE_LOOP('',(#1418,#1419,#1420,#1421)) ;
#1429=EDGE_LOOP('',(#1430,#1431,#1432,#1433)) ;
#1453=EDGE_LOOP('',(#1454,#1455,#1456,#1457)) ;
#1472=EDGE_LOOP('',(#1473,#1474,#1475,#1476)) ;
#1484=EDGE_LOOP('',(#1485,#1486,#1487,#1488)) ;
#1503=EDGE_LOOP('',(#1504,#1505,#1506,#1507)) ;
#1515=EDGE_LOOP('',(#1516,#1517,#1518,#1519)) ;
#1534=EDGE_LOOP('',(#1535,#1536,#1537,#1538)) ;
#1546=EDGE_LOOP('',(#1547,#1548,#1549,#1550)) ;
#1565=EDGE_LOOP('',(#1566,#1567,#1568,#1569)) ;
#1577=EDGE_LOOP('',(#1578,#1579,#1580,#1581)) ;
#1596=EDGE_LOOP('',(#1597,#1598,#1599,#1600)) ;
#1615=EDGE_LOOP('',(#1616,#1617,#1618,#1619)) ;
#1627=EDGE_LOOP('',(#1628,#1629,#1630,#1631)) ;
#1646=EDGE_LOOP('',(#1647,#1648,#1649,#1650)) ;
#1665=EDGE_LOOP('',(#1666,#1667,#1668,#1669)) ;
#1677=EDGE_LOOP('',(#1678,#1679,#1680,#1681)) ;
#1684=EDGE_LOOP('',(#1685,#1686)) ;
#1702=EDGE_LOOP('',(#1703,#1704)) ;
#1707=EDGE_LOOP('',(#1708,#1709)) ;
#1725=EDGE_LOOP('',(#1726,#1727)) ;
#1730=EDGE_LOOP('',(#1731,#1732)) ;
#1748=EDGE_LOOP('',(#1749,#1750)) ;
#1753=EDGE_LOOP('',(#1754,#1755)) ;
#1771=EDGE_LOOP('',(#1772,#1773)) ;
#1776=EDGE_LOOP('',(#1777,#1778)) ;
#1794=EDGE_LOOP('',(#1795,#1796)) ;
#1804=EDGE_LOOP('',(#1805,#1806,#1807,#1808)) ;
#1838=EDGE_LOOP('',(#1839,#1840,#1841,#1842)) ;
#1850=EDGE_LOOP('',(#1851,#1852,#1853)) ;
#1883=EDGE_LOOP('',(#1884,#1885,#1886,#1887)) ;
#1890=EDGE_LOOP('',(#1891,#1892,#1893)) ;
#1923=EDGE_LOOP('',(#1924,#1925,#1926,#1927)) ;
#1930=EDGE_LOOP('',(#1931,#1932,#1933)) ;
#1963=EDGE_LOOP('',(#1964,#1965,#1966,#1967)) ;
#1975=EDGE_LOOP('',(#1976,#1977,#1978,#1979)) ;
#2009=EDGE_LOOP('',(#2010,#2011,#2012,#2013)) ;
#2016=EDGE_LOOP('',(#2017,#2018,#2019,#2020)) ;
#2050=EDGE_LOOP('',(#2051,#2052,#2053,#2054)) ;
#2062=EDGE_LOOP('',(#2063,#2064,#2065)) ;
#2095=EDGE_LOOP('',(#2096,#2097,#2098,#2099)) ;
#2102=EDGE_LOOP('',(#2103,#2104,#2105)) ;
#2135=EDGE_LOOP('',(#2136,#2137,#2138,#2139)) ;
#2142=EDGE_LOOP('',(#2143,#2144,#2145)) ;
#2175=EDGE_LOOP('',(#2176,#2177,#2178,#2179)) ;
#2182=EDGE_LOOP('',(#2183,#2184,#2185,#2186)) ;
#2216=EDGE_LOOP('',(#2217,#2218,#2219,#2220)) ;
#2247=EDGE_LOOP('',(#2248,#2249,#2250,#2251)) ;
#2271=EDGE_LOOP('',(#2272,#2273,#2274,#2275)) ;
#2305=EDGE_LOOP('',(#2306,#2307,#2308,#2309)) ;
#2339=EDGE_LOOP('',(#2340,#2341,#2342,#2343)) ;
#2363=EDGE_LOOP('',(#2364,#2365,#2366,#2367)) ;
#2387=EDGE_LOOP('',(#2388,#2389,#2390,#2391)) ;
#2421=EDGE_LOOP('',(#2422,#2423,#2424,#2425)) ;
#2455=EDGE_LOOP('',(#2456,#2457,#2458,#2459)) ;
#2489=EDGE_LOOP('',(#2490,#2491,#2492,#2493)) ;
#2513=EDGE_LOOP('',(#2514,#2515,#2516,#2517)) ;
#2537=EDGE_LOOP('',(#2538,#2539,#2540,#2541)) ;
#2571=EDGE_LOOP('',(#2572,#2573,#2574,#2575)) ;
#2605=EDGE_LOOP('',(#2606,#2607,#2608,#2609)) ;
#2629=EDGE_LOOP('',(#2630,#2631,#2632,#2633)) ;
#2646=EDGE_LOOP('',(#2647,#2648,#2649,#2650)) ;
#2680=EDGE_LOOP('',(#2681,#2682,#2683,#2684)) ;
#2714=EDGE_LOOP('',(#2715,#2716,#2717,#2718)) ;
#2748=EDGE_LOOP('',(#2749,#2750,#2751,#2752)) ;
#2770=EDGE_LOOP('',(#2771,#2772,#2773,#2774)) ;
#2787=EDGE_LOOP('',(#2788,#2789,#2790,#2791)) ;
#2804=EDGE_LOOP('',(#2805,#2806,#2807,#2808)) ;
#2816=EDGE_LOOP('',(#2817,#2818,#2819,#2820)) ;
#2838=EDGE_LOOP('',(#2839,#2840,#2841,#2842)) ;
#2850=EDGE_LOOP('',(#2851,#2852,#2853,#2854)) ;
#2867=EDGE_LOOP('',(#2868,#2869,#2870,#2871)) ;
#2874=EDGE_LOOP('',(#2875,#2876,#2877,#2878)) ;
#2896=EDGE_LOOP('',(#2897,#2898,#2899,#2900)) ;
#2908=EDGE_LOOP('',(#2909,#2910,#2911,#2912)) ;
#2925=EDGE_LOOP('',(#2926,#2927,#2928,#2929)) ;
#2932=EDGE_LOOP('',(#2933,#2934,#2935,#2936)) ;
#2954=EDGE_LOOP('',(#2955,#2956,#2957,#2958)) ;
#2966=EDGE_LOOP('',(#2967,#2968,#2969,#2970)) ;
#2983=EDGE_LOOP('',(#2984,#2985,#2986,#2987)) ;
#2990=EDGE_LOOP('',(#2991,#2992,#2993,#2994)) ;
#3007=EDGE_LOOP('',(#3008,#3009,#3010,#3011)) ;
#3019=EDGE_LOOP('',(#3020,#3021,#3022,#3023)) ;
#3031=EDGE_LOOP('',(#3032,#3033,#3034,#3035)) ;
#3038=EDGE_LOOP('',(#3039,#3040,#3041,#3042)) ;
#3055=EDGE_LOOP('',(#3056,#3057,#3058,#3059)) ;
#3072=EDGE_LOOP('',(#3073,#3074,#3075,#3076)) ;
#3084=EDGE_LOOP('',(#3085,#3086,#3087,#3088)) ;
#3096=EDGE_LOOP('',(#3097,#3098,#3099,#3100)) ;
#3113=EDGE_LOOP('',(#3114,#3115,#3116,#3117)) ;
#3125=EDGE_LOOP('',(#3126,#3127,#3128,#3129)) ;
#3137=EDGE_LOOP('',(#3138,#3139,#3140,#3141)) ;
#3144=EDGE_LOOP('',(#3145,#3146,#3147,#3148)) ;
#3161=EDGE_LOOP('',(#3162,#3163,#3164,#3165)) ;
#3173=EDGE_LOOP('',(#3174,#3175,#3176,#3177)) ;
#3185=EDGE_LOOP('',(#3186,#3187,#3188,#3189)) ;
#3192=EDGE_LOOP('',(#3193,#3194,#3195,#3196)) ;
#3209=EDGE_LOOP('',(#3210,#3211,#3212,#3213)) ;
#3221=EDGE_LOOP('',(#3222,#3223,#3224,#3225)) ;
#3233=EDGE_LOOP('',(#3234,#3235,#3236,#3237)) ;
#3240=EDGE_LOOP('',(#3241,#3242,#3243,#3244)) ;
#3257=EDGE_LOOP('',(#3258,#3259,#3260,#3261)) ;
#3269=EDGE_LOOP('',(#3270,#3271,#3272,#3273)) ;
#3281=EDGE_LOOP('',(#3282,#3283,#3284,#3285)) ;
#3288=EDGE_LOOP('',(#3289,#3290,#3291,#3292)) ;
#3300=EDGE_LOOP('',(#3301,#3302,#3303,#3304,#3305,#3306,#3307,#3308)) ;
#3366=EDGE_LOOP('',(#3367,#3368,#3369,#3370,#3371,#3372,#3373,#3374)) ;
#3401=EDGE_LOOP('',(#3402,#3403,#3404,#3405)) ;
#3425=EDGE_LOOP('',(#3426,#3427,#3428,#3429)) ;
#3449=EDGE_LOOP('',(#3450,#3451,#3452,#3453)) ;
#3473=EDGE_LOOP('',(#3474,#3475,#3476,#3477)) ;
#3497=EDGE_LOOP('',(#3498,#3499,#3500,#3501)) ;
#3521=EDGE_LOOP('',(#3522,#3523,#3524,#3525)) ;
#3545=EDGE_LOOP('',(#3546,#3547,#3548,#3549)) ;
#3562=EDGE_LOOP('',(#3563,#3564,#3565,#3566)) ;
#3574=EDGE_LOOP('',(#3575,#3576,#3577,#3578,#3579,#3580,#3581,#3582)) ;
#3640=EDGE_LOOP('',(#3641,#3642,#3643,#3644,#3645,#3646,#3647,#3648)) ;
#3675=EDGE_LOOP('',(#3676,#3677,#3678,#3679)) ;
#3699=EDGE_LOOP('',(#3700,#3701,#3702,#3703)) ;
#3723=EDGE_LOOP('',(#3724,#3725,#3726,#3727)) ;
#3747=EDGE_LOOP('',(#3748,#3749,#3750,#3751)) ;
#3771=EDGE_LOOP('',(#3772,#3773,#3774,#3775)) ;
#3795=EDGE_LOOP('',(#3796,#3797,#3798,#3799)) ;
#3819=EDGE_LOOP('',(#3820,#3821,#3822,#3823)) ;
#3836=EDGE_LOOP('',(#3837,#3838,#3839,#3840)) ;
#3843=EDGE_LOOP('',(#3844,#3845,#3846,#3847,#3848,#3849,#3850,#3851)) ;
#3867=EDGE_LOOP('',(#3868,#3869)) ;
#3885=EDGE_LOOP('',(#3886,#3887)) ;
#3903=EDGE_LOOP('',(#3904,#3905)) ;
#3921=EDGE_LOOP('',(#3922,#3923)) ;
#3939=EDGE_LOOP('',(#3940,#3941)) ;
#3957=EDGE_LOOP('',(#3958,#3959)) ;
#3986=EDGE_LOOP('',(#3987,#3988,#3989,#3990)) ;
#3998=EDGE_LOOP('',(#3999,#4000,#4001,#4002)) ;
#4010=EDGE_LOOP('',(#4011,#4012)) ;
#4028=EDGE_LOOP('',(#4029,#4030)) ;
#4062=EDGE_LOOP('',(#4063,#4064,#4065,#4066,#4067,#4068)) ;
#4071=EDGE_LOOP('',(#4072,#4073,#4074,#4075,#4076,#4077)) ;
#4109=EDGE_LOOP('',(#4110,#4111,#4112,#4113,#4114,#4115)) ;
#4118=EDGE_LOOP('',(#4119,#4120,#4121,#4122,#4123,#4124)) ;
#4156=EDGE_LOOP('',(#4157,#4158,#4159,#4160,#4161,#4162)) ;
#4165=EDGE_LOOP('',(#4166,#4167,#4168,#4169,#4170,#4171)) ;
#4203=EDGE_LOOP('',(#4204,#4205,#4206,#4207,#4208,#4209)) ;
#4212=EDGE_LOOP('',(#4213,#4214,#4215,#4216,#4217,#4218)) ;
#4250=EDGE_LOOP('',(#4251,#4252,#4253,#4254,#4255,#4256)) ;
#4259=EDGE_LOOP('',(#4260,#4261,#4262,#4263,#4264,#4265)) ;
#4297=EDGE_LOOP('',(#4298,#4299,#4300,#4301,#4302,#4303)) ;
#4306=EDGE_LOOP('',(#4307,#4308,#4309,#4310,#4311,#4312)) ;
#21=MANIFOLD_SOLID_BREP('TOP_COVER',#30) ;
#41=VERTEX_POINT('',#40) ;
#43=VERTEX_POINT('',#42) ;
#50=VERTEX_POINT('',#49) ;
#57=VERTEX_POINT('',#56) ;
#98=VERTEX_POINT('',#97) ;
#100=VERTEX_POINT('',#99) ;
#107=VERTEX_POINT('',#106) ;
#114=VERTEX_POINT('',#113) ;
#121=VERTEX_POINT('',#120) ;
#128=VERTEX_POINT('',#127) ;
#135=VERTEX_POINT('',#134) ;
#142=VERTEX_POINT('',#141) ;
#168=VERTEX_POINT('',#167) ;
#170=VERTEX_POINT('',#169) ;
#186=VERTEX_POINT('',#185) ;
#188=VERTEX_POINT('',#187) ;
#204=VERTEX_POINT('',#203) ;
#206=VERTEX_POINT('',#205) ;
#222=VERTEX_POINT('',#221) ;
#224=VERTEX_POINT('',#223) ;
#240=VERTEX_POINT('',#239) ;
#242=VERTEX_POINT('',#241) ;
#268=VERTEX_POINT('',#267) ;
#270=VERTEX_POINT('',#269) ;
#292=VERTEX_POINT('',#291) ;
#294=VERTEX_POINT('',#293) ;
#301=VERTEX_POINT('',#300) ;
#308=VERTEX_POINT('',#307) ;
#315=VERTEX_POINT('',#314) ;
#322=VERTEX_POINT('',#321) ;
#329=VERTEX_POINT('',#328) ;
#336=VERTEX_POINT('',#335) ;
#348=VERTEX_POINT('',#347) ;
#355=VERTEX_POINT('',#354) ;
#362=VERTEX_POINT('',#361) ;
#395=VERTEX_POINT('',#394) ;
#419=VERTEX_POINT('',#418) ;
#421=VERTEX_POINT('',#420) ;
#428=VERTEX_POINT('',#427) ;
#435=VERTEX_POINT('',#434) ;
#442=VERTEX_POINT('',#441) ;
#449=VERTEX_POINT('',#448) ;
#461=VERTEX_POINT('',#460) ;
#468=VERTEX_POINT('',#467) ;
#475=VERTEX_POINT('',#474) ;
#507=VERTEX_POINT('',#506) ;
#531=VERTEX_POINT('',#530) ;
#533=VERTEX_POINT('',#532) ;
#540=VERTEX_POINT('',#539) ;
#547=VERTEX_POINT('',#546) ;
#554=VERTEX_POINT('',#553) ;
#561=VERTEX_POINT('',#560) ;
#568=VERTEX_POINT('',#567) ;
#575=VERTEX_POINT('',#574) ;
#587=VERTEX_POINT('',#586) ;
#594=VERTEX_POINT('',#593) ;
#627=VERTEX_POINT('',#626) ;
#651=VERTEX_POINT('',#650) ;
#653=VERTEX_POINT('',#652) ;
#660=VERTEX_POINT('',#659) ;
#667=VERTEX_POINT('',#666) ;
#674=VERTEX_POINT('',#673) ;
#681=VERTEX_POINT('',#680) ;
#693=VERTEX_POINT('',#692) ;
#700=VERTEX_POINT('',#699) ;
#707=VERTEX_POINT('',#706) ;
#756=VERTEX_POINT('',#755) ;
#763=VERTEX_POINT('',#762) ;
#799=VERTEX_POINT('',#798) ;
#806=VERTEX_POINT('',#805) ;
#842=VERTEX_POINT('',#841) ;
#849=VERTEX_POINT('',#848) ;
#885=VERTEX_POINT('',#884) ;
#892=VERTEX_POINT('',#891) ;
#928=VERTEX_POINT('',#927) ;
#935=VERTEX_POINT('',#934) ;
#971=VERTEX_POINT('',#970) ;
#978=VERTEX_POINT('',#977) ;
#990=VERTEX_POINT('',#989) ;
#997=VERTEX_POINT('',#996) ;
#1009=VERTEX_POINT('',#1008) ;
#1016=VERTEX_POINT('',#1015) ;
#1028=VERTEX_POINT('',#1027) ;
#1035=VERTEX_POINT('',#1034) ;
#1047=VERTEX_POINT('',#1046) ;
#1054=VERTEX_POINT('',#1053) ;
#1066=VERTEX_POINT('',#1065) ;
#1073=VERTEX_POINT('',#1072) ;
#1085=VERTEX_POINT('',#1084) ;
#1092=VERTEX_POINT('',#1091) ;
#1104=VERTEX_POINT('',#1103) ;
#1111=VERTEX_POINT('',#1110) ;
#1123=VERTEX_POINT('',#1122) ;
#1130=VERTEX_POINT('',#1129) ;
#1142=VERTEX_POINT('',#1141) ;
#1149=VERTEX_POINT('',#1148) ;
#1211=VERTEX_POINT('',#1210) ;
#1213=VERTEX_POINT('',#1212) ;
#1220=VERTEX_POINT('',#1219) ;
#1227=VERTEX_POINT('',#1226) ;
#1234=VERTEX_POINT('',#1233) ;
#1241=VERTEX_POINT('',#1240) ;
#1248=VERTEX_POINT('',#1247) ;
#1255=VERTEX_POINT('',#1254) ;
#1283=VERTEX_POINT('',#1282) ;
#1319=VERTEX_POINT('',#1318) ;
#1355=VERTEX_POINT('',#1354) ;
#1391=VERTEX_POINT('',#1390) ;
#1410=VERTEX_POINT('',#1409) ;
#1446=VERTEX_POINT('',#1445) ;
#1465=VERTEX_POINT('',#1464) ;
#1496=VERTEX_POINT('',#1495) ;
#1527=VERTEX_POINT('',#1526) ;
#1558=VERTEX_POINT('',#1557) ;
#1589=VERTEX_POINT('',#1588) ;
#1608=VERTEX_POINT('',#1607) ;
#1639=VERTEX_POINT('',#1638) ;
#1658=VERTEX_POINT('',#1657) ;
#1693=VERTEX_POINT('',#1692) ;
#1695=VERTEX_POINT('',#1694) ;
#1716=VERTEX_POINT('',#1715) ;
#1718=VERTEX_POINT('',#1717) ;
#1739=VERTEX_POINT('',#1738) ;
#1741=VERTEX_POINT('',#1740) ;
#1762=VERTEX_POINT('',#1761) ;
#1764=VERTEX_POINT('',#1763) ;
#1785=VERTEX_POINT('',#1784) ;
#1787=VERTEX_POINT('',#1786) ;
#1815=VERTEX_POINT('',#1814) ;
#1817=VERTEX_POINT('',#1816) ;
#1824=VERTEX_POINT('',#1823) ;
#1831=VERTEX_POINT('',#1830) ;
#1860=VERTEX_POINT('',#1859) ;
#1862=VERTEX_POINT('',#1861) ;
#1869=VERTEX_POINT('',#1868) ;
#1876=VERTEX_POINT('',#1875) ;
#1900=VERTEX_POINT('',#1899) ;
#1902=VERTEX_POINT('',#1901) ;
#1909=VERTEX_POINT('',#1908) ;
#1916=VERTEX_POINT('',#1915) ;
#1940=VERTEX_POINT('',#1939) ;
#1942=VERTEX_POINT('',#1941) ;
#1949=VERTEX_POINT('',#1948) ;
#1956=VERTEX_POINT('',#1955) ;
#1986=VERTEX_POINT('',#1985) ;
#1988=VERTEX_POINT('',#1987) ;
#1995=VERTEX_POINT('',#1994) ;
#2002=VERTEX_POINT('',#2001) ;
#2027=VERTEX_POINT('',#2026) ;
#2029=VERTEX_POINT('',#2028) ;
#2036=VERTEX_POINT('',#2035) ;
#2043=VERTEX_POINT('',#2042) ;
#2072=VERTEX_POINT('',#2071) ;
#2074=VERTEX_POINT('',#2073) ;
#2081=VERTEX_POINT('',#2080) ;
#2088=VERTEX_POINT('',#2087) ;
#2112=VERTEX_POINT('',#2111) ;
#2114=VERTEX_POINT('',#2113) ;
#2121=VERTEX_POINT('',#2120) ;
#2128=VERTEX_POINT('',#2127) ;
#2152=VERTEX_POINT('',#2151) ;
#2154=VERTEX_POINT('',#2153) ;
#2161=VERTEX_POINT('',#2160) ;
#2168=VERTEX_POINT('',#2167) ;
#2193=VERTEX_POINT('',#2192) ;
#2195=VERTEX_POINT('',#2194) ;
#2202=VERTEX_POINT('',#2201) ;
#2209=VERTEX_POINT('',#2208) ;
#2233=VERTEX_POINT('',#2232) ;
#2240=VERTEX_POINT('',#2239) ;
#2264=VERTEX_POINT('',#2263) ;
#2282=VERTEX_POINT('',#2281) ;
#2284=VERTEX_POINT('',#2283) ;
#2291=VERTEX_POINT('',#2290) ;
#2298=VERTEX_POINT('',#2297) ;
#2316=VERTEX_POINT('',#2315) ;
#2318=VERTEX_POINT('',#2317) ;
#2325=VERTEX_POINT('',#2324) ;
#2332=VERTEX_POINT('',#2331) ;
#2356=VERTEX_POINT('',#2355) ;
#2380=VERTEX_POINT('',#2379) ;
#2398=VERTEX_POINT('',#2397) ;
#2400=VERTEX_POINT('',#2399) ;
#2407=VERTEX_POINT('',#2406) ;
#2414=VERTEX_POINT('',#2413) ;
#2432=VERTEX_POINT('',#2431) ;
#2434=VERTEX_POINT('',#2433) ;
#2441=VERTEX_POINT('',#2440) ;
#2448=VERTEX_POINT('',#2447) ;
#2466=VERTEX_POINT('',#2465) ;
#2468=VERTEX_POINT('',#2467) ;
#2475=VERTEX_POINT('',#2474) ;
#2482=VERTEX_POINT('',#2481) ;
#2506=VERTEX_POINT('',#2505) ;
#2530=VERTEX_POINT('',#2529) ;
#2548=VERTEX_POINT('',#2547) ;
#2550=VERTEX_POINT('',#2549) ;
#2557=VERTEX_POINT('',#2556) ;
#2564=VERTEX_POINT('',#2563) ;
#2582=VERTEX_POINT('',#2581) ;
#2584=VERTEX_POINT('',#2583) ;
#2591=VERTEX_POINT('',#2590) ;
#2598=VERTEX_POINT('',#2597) ;
#2622=VERTEX_POINT('',#2621) ;
#2657=VERTEX_POINT('',#2656) ;
#2659=VERTEX_POINT('',#2658) ;
#2666=VERTEX_POINT('',#2665) ;
#2673=VERTEX_POINT('',#2672) ;
#2691=VERTEX_POINT('',#2690) ;
#2693=VERTEX_POINT('',#2692) ;
#2700=VERTEX_POINT('',#2699) ;
#2707=VERTEX_POINT('',#2706) ;
#2725=VERTEX_POINT('',#2724) ;
#2727=VERTEX_POINT('',#2726) ;
#2734=VERTEX_POINT('',#2733) ;
#2741=VERTEX_POINT('',#2740) ;
#3315=VERTEX_POINT('',#3314) ;
#3317=VERTEX_POINT('',#3316) ;
#3324=VERTEX_POINT('',#3323) ;
#3331=VERTEX_POINT('',#3330) ;
#3338=VERTEX_POINT('',#3337) ;
#3345=VERTEX_POINT('',#3344) ;
#3352=VERTEX_POINT('',#3351) ;
#3359=VERTEX_POINT('',#3358) ;
#3387=VERTEX_POINT('',#3386) ;
#3389=VERTEX_POINT('',#3388) ;
#3418=VERTEX_POINT('',#3417) ;
#3442=VERTEX_POINT('',#3441) ;
#3466=VERTEX_POINT('',#3465) ;
#3490=VERTEX_POINT('',#3489) ;
#3514=VERTEX_POINT('',#3513) ;
#3538=VERTEX_POINT('',#3537) ;
#3589=VERTEX_POINT('',#3588) ;
#3591=VERTEX_POINT('',#3590) ;
#3598=VERTEX_POINT('',#3597) ;
#3605=VERTEX_POINT('',#3604) ;
#3612=VERTEX_POINT('',#3611) ;
#3619=VERTEX_POINT('',#3618) ;
#3626=VERTEX_POINT('',#3625) ;
#3633=VERTEX_POINT('',#3632) ;
#3661=VERTEX_POINT('',#3660) ;
#3668=VERTEX_POINT('',#3667) ;
#3692=VERTEX_POINT('',#3691) ;
#3716=VERTEX_POINT('',#3715) ;
#3740=VERTEX_POINT('',#3739) ;
#3764=VERTEX_POINT('',#3763) ;
#3788=VERTEX_POINT('',#3787) ;
#3812=VERTEX_POINT('',#3811) ;
#3858=VERTEX_POINT('',#3857) ;
#3860=VERTEX_POINT('',#3859) ;
#3876=VERTEX_POINT('',#3875) ;
#3878=VERTEX_POINT('',#3877) ;
#3894=VERTEX_POINT('',#3893) ;
#3896=VERTEX_POINT('',#3895) ;
#3912=VERTEX_POINT('',#3911) ;
#3914=VERTEX_POINT('',#3913) ;
#3930=VERTEX_POINT('',#3929) ;
#3932=VERTEX_POINT('',#3931) ;
#3948=VERTEX_POINT('',#3947) ;
#3950=VERTEX_POINT('',#3949) ;
#3972=VERTEX_POINT('',#3971) ;
#3974=VERTEX_POINT('',#3973) ;
#4019=VERTEX_POINT('',#4018) ;
#4021=VERTEX_POINT('',#4020) ;
#4043=VERTEX_POINT('',#4042) ;
#4050=VERTEX_POINT('',#4049) ;
#4090=VERTEX_POINT('',#4089) ;
#4102=VERTEX_POINT('',#4101) ;
#4137=VERTEX_POINT('',#4136) ;
#4144=VERTEX_POINT('',#4143) ;
#4184=VERTEX_POINT('',#4183) ;
#4191=VERTEX_POINT('',#4190) ;
#4231=VERTEX_POINT('',#4230) ;
#4238=VERTEX_POINT('',#4237) ;
#4278=VERTEX_POINT('',#4277) ;
#4285=VERTEX_POINT('',#4284) ;
#4315=ADVANCED_BREP_SHAPE_REPRESENTATION('NONE',(#21),#16) ;
#70=ADVANCED_FACE('TOP_COVER',(#69),#35,.T.) ;
#87=ADVANCED_FACE('TOP_COVER',(#86),#35,.T.) ;
#253=ADVANCED_FACE('TOP_COVER',(#158,#162,#180,#198,#216,#234,#252),#92,.T.) ;
#281=ADVANCED_FACE('TOP_COVER',(#262,#280),#258,.T.) ;
#384=ADVANCED_FACE('TOP_COVER',(#383),#286,.T.) ;
#408=ADVANCED_FACE('TOP_COVER',(#407),#389,.T.) ;
#496=ADVANCED_FACE('TOP_COVER',(#495),#413,.T.) ;
#520=ADVANCED_FACE('TOP_COVER',(#519),#501,.T.) ;
#616=ADVANCED_FACE('TOP_COVER',(#615),#525,.T.) ;
#640=ADVANCED_FACE('TOP_COVER',(#639),#621,.T.) ;
#728=ADVANCED_FACE('TOP_COVER',(#727),#645,.T.) ;
#745=ADVANCED_FACE('TOP_COVER',(#744),#733,.T.) ;
#776=ADVANCED_FACE('TOP_COVER',(#775),#750,.T.) ;
#788=ADVANCED_FACE('TOP_COVER',(#787),#750,.T.) ;
#819=ADVANCED_FACE('TOP_COVER',(#818),#793,.T.) ;
#831=ADVANCED_FACE('TOP_COVER',(#830),#793,.T.) ;
#862=ADVANCED_FACE('TOP_COVER',(#861),#836,.T.) ;
#874=ADVANCED_FACE('TOP_COVER',(#873),#836,.T.) ;
#905=ADVANCED_FACE('TOP_COVER',(#904),#879,.T.) ;
#917=ADVANCED_FACE('TOP_COVER',(#916),#879,.T.) ;
#948=ADVANCED_FACE('TOP_COVER',(#947),#922,.T.) ;
#960=ADVANCED_FACE('TOP_COVER',(#959),#922,.T.) ;
#1272=ADVANCED_FACE('TOP_COVER',(#1205,#1271),#965,.F.) ;
#1296=ADVANCED_FACE('TOP_COVER',(#1295),#1277,.F.) ;
#1308=ADVANCED_FACE('TOP_COVER',(#1307),#1277,.F.) ;
#1332=ADVANCED_FACE('TOP_COVER',(#1331),#1313,.F.) ;
#1344=ADVANCED_FACE('TOP_COVER',(#1343),#1313,.F.) ;
#1368=ADVANCED_FACE('TOP_COVER',(#1367),#1349,.F.) ;
#1380=ADVANCED_FACE('TOP_COVER',(#1379),#1349,.F.) ;
#1404=ADVANCED_FACE('TOP_COVER',(#1403),#1385,.F.) ;
#1423=ADVANCED_FACE('TOP_COVER',(#1422),#1385,.F.) ;
#1435=ADVANCED_FACE('TOP_COVER',(#1434),#1385,.F.) ;
#1459=ADVANCED_FACE('TOP_COVER',(#1458),#1440,.F.) ;
#1478=ADVANCED_FACE('TOP_COVER',(#1477),#1440,.F.) ;
#1490=ADVANCED_FACE('TOP_COVER',(#1489),#1440,.F.) ;
#1509=ADVANCED_FACE('TOP_COVER',(#1508),#1277,.F.) ;
#1521=ADVANCED_FACE('TOP_COVER',(#1520),#1277,.F.) ;
#1540=ADVANCED_FACE('TOP_COVER',(#1539),#1349,.F.) ;
#1552=ADVANCED_FACE('TOP_COVER',(#1551),#1349,.F.) ;
#1571=ADVANCED_FACE('TOP_COVER',(#1570),#1313,.F.) ;
#1583=ADVANCED_FACE('TOP_COVER',(#1582),#1313,.F.) ;
#1602=ADVANCED_FACE('TOP_COVER',(#1601),#1440,.F.) ;
#1621=ADVANCED_FACE('TOP_COVER',(#1620),#1440,.F.) ;
#1633=ADVANCED_FACE('TOP_COVER',(#1632),#1440,.F.) ;
#1652=ADVANCED_FACE('TOP_COVER',(#1651),#1385,.F.) ;
#1671=ADVANCED_FACE('TOP_COVER',(#1670),#1385,.F.) ;
#1683=ADVANCED_FACE('TOP_COVER',(#1682),#1385,.F.) ;
#1706=ADVANCED_FACE('TOP_COVER',(#1687,#1705),#258,.T.) ;
#1729=ADVANCED_FACE('TOP_COVER',(#1710,#1728),#258,.T.) ;
#1752=ADVANCED_FACE('TOP_COVER',(#1733,#1751),#258,.T.) ;
#1775=ADVANCED_FACE('TOP_COVER',(#1756,#1774),#258,.T.) ;
#1798=ADVANCED_FACE('TOP_COVER',(#1779,#1797),#258,.T.) ;
#1844=ADVANCED_FACE('TOP_COVER',(#1809,#1843),#1803,.F.) ;
#1889=ADVANCED_FACE('TOP_COVER',(#1854,#1888),#1849,.F.) ;
#1929=ADVANCED_FACE('TOP_COVER',(#1894,#1928),#1849,.F.) ;
#1969=ADVANCED_FACE('TOP_COVER',(#1934,#1968),#1849,.F.) ;
#2015=ADVANCED_FACE('TOP_COVER',(#1980,#2014),#1974,.T.) ;
#2056=ADVANCED_FACE('TOP_COVER',(#2021,#2055),#1974,.T.) ;
#2101=ADVANCED_FACE('TOP_COVER',(#2066,#2100),#2061,.T.) ;
#2141=ADVANCED_FACE('TOP_COVER',(#2106,#2140),#2061,.T.) ;
#2181=ADVANCED_FACE('TOP_COVER',(#2146,#2180),#2061,.T.) ;
#2222=ADVANCED_FACE('TOP_COVER',(#2187,#2221),#1803,.F.) ;
#2253=ADVANCED_FACE('TOP_COVER',(#2252),#2227,.F.) ;
#2345=ADVANCED_FACE('TOP_COVER',(#2276,#2310,#2344),#2258,.T.) ;
#2369=ADVANCED_FACE('TOP_COVER',(#2368),#2350,.F.) ;
#2495=ADVANCED_FACE('TOP_COVER',(#2392,#2426,#2460,#2494),#2374,.T.) ;
#2519=ADVANCED_FACE('TOP_COVER',(#2518),#2500,.F.) ;
#2611=ADVANCED_FACE('TOP_COVER',(#2542,#2576,#2610),#2524,.T.) ;
#2635=ADVANCED_FACE('TOP_COVER',(#2634),#2616,.F.) ;
#2754=ADVANCED_FACE('TOP_COVER',(#2651,#2685,#2719,#2753),#2640,.T.) ;
#2776=ADVANCED_FACE('TOP_COVER',(#2775),#2759,.T.) ;
#2793=ADVANCED_FACE('TOP_COVER',(#2792),#2781,.F.) ;
#2810=ADVANCED_FACE('TOP_COVER',(#2809),#2798,.T.) ;
#2822=ADVANCED_FACE('TOP_COVER',(#2821),#2815,.F.) ;
#2844=ADVANCED_FACE('TOP_COVER',(#2843),#2827,.F.) ;
#2856=ADVANCED_FACE('TOP_COVER',(#2855),#2798,.T.) ;
#2873=ADVANCED_FACE('TOP_COVER',(#2872),#2861,.F.) ;
#2880=ADVANCED_FACE('TOP_COVER',(#2879),#2759,.T.) ;
#2902=ADVANCED_FACE('TOP_COVER',(#2901),#2885,.F.) ;
#2914=ADVANCED_FACE('TOP_COVER',(#2913),#2798,.T.) ;
#2931=ADVANCED_FACE('TOP_COVER',(#2930),#2919,.F.) ;
#2938=ADVANCED_FACE('TOP_COVER',(#2937),#2759,.T.) ;
#2960=ADVANCED_FACE('TOP_COVER',(#2959),#2943,.F.) ;
#2972=ADVANCED_FACE('TOP_COVER',(#2971),#2798,.T.) ;
#2989=ADVANCED_FACE('TOP_COVER',(#2988),#2977,.F.) ;
#2996=ADVANCED_FACE('TOP_COVER',(#2995),#2759,.T.) ;
#3013=ADVANCED_FACE('TOP_COVER',(#3012),#2759,.T.) ;
#3025=ADVANCED_FACE('TOP_COVER',(#3024),#2781,.F.) ;
#3037=ADVANCED_FACE('TOP_COVER',(#3036),#2798,.T.) ;
#3044=ADVANCED_FACE('TOP_COVER',(#3043),#2815,.F.) ;
#3061=ADVANCED_FACE('TOP_COVER',(#3060),#2759,.T.) ;
#3078=ADVANCED_FACE('TOP_COVER',(#3077),#3066,.F.) ;
#3090=ADVANCED_FACE('TOP_COVER',(#3089),#2798,.T.) ;
#3102=ADVANCED_FACE('TOP_COVER',(#3101),#3095,.F.) ;
#3119=ADVANCED_FACE('TOP_COVER',(#3118),#2943,.F.) ;
#3131=ADVANCED_FACE('TOP_COVER',(#3130),#2798,.T.) ;
#3143=ADVANCED_FACE('TOP_COVER',(#3142),#2977,.F.) ;
#3150=ADVANCED_FACE('TOP_COVER',(#3149),#2759,.T.) ;
#3167=ADVANCED_FACE('TOP_COVER',(#3166),#2885,.F.) ;
#3179=ADVANCED_FACE('TOP_COVER',(#3178),#2798,.T.) ;
#3191=ADVANCED_FACE('TOP_COVER',(#3190),#2919,.F.) ;
#3198=ADVANCED_FACE('TOP_COVER',(#3197),#2759,.T.) ;
#3215=ADVANCED_FACE('TOP_COVER',(#3214),#2827,.F.) ;
#3227=ADVANCED_FACE('TOP_COVER',(#3226),#2798,.T.) ;
#3239=ADVANCED_FACE('TOP_COVER',(#3238),#2861,.F.) ;
#3246=ADVANCED_FACE('TOP_COVER',(#3245),#2759,.T.) ;
#3263=ADVANCED_FACE('TOP_COVER',(#3262),#2759,.T.) ;
#3275=ADVANCED_FACE('TOP_COVER',(#3274),#3066,.F.) ;
#3287=ADVANCED_FACE('TOP_COVER',(#3286),#2798,.T.) ;
#3294=ADVANCED_FACE('TOP_COVER',(#3293),#3095,.F.) ;
#3376=ADVANCED_FACE('TOP_COVER',(#3309,#3375),#3299,.F.) ;
#3407=ADVANCED_FACE('TOP_COVER',(#3406),#3381,.F.) ;
#3431=ADVANCED_FACE('TOP_COVER',(#3430),#3412,.T.) ;
#3455=ADVANCED_FACE('TOP_COVER',(#3454),#3436,.F.) ;
#3479=ADVANCED_FACE('TOP_COVER',(#3478),#3460,.T.) ;
#3503=ADVANCED_FACE('TOP_COVER',(#3502),#3484,.F.) ;
#3527=ADVANCED_FACE('TOP_COVER',(#3526),#3508,.T.) ;
#3551=ADVANCED_FACE('TOP_COVER',(#3550),#3532,.F.) ;
#3568=ADVANCED_FACE('TOP_COVER',(#3567),#3556,.T.) ;
#3650=ADVANCED_FACE('TOP_COVER',(#3583,#3649),#3573,.F.) ;
#3681=ADVANCED_FACE('TOP_COVER',(#3680),#3655,.F.) ;
#3705=ADVANCED_FACE('TOP_COVER',(#3704),#3686,.T.) ;
#3729=ADVANCED_FACE('TOP_COVER',(#3728),#3710,.F.) ;
#3753=ADVANCED_FACE('TOP_COVER',(#3752),#3734,.T.) ;
#3777=ADVANCED_FACE('TOP_COVER',(#3776),#3758,.F.) ;
#3801=ADVANCED_FACE('TOP_COVER',(#3800),#3782,.T.) ;
#3825=ADVANCED_FACE('TOP_COVER',(#3824),#3806,.F.) ;
#3842=ADVANCED_FACE('TOP_COVER',(#3841),#3830,.T.) ;
#3961=ADVANCED_FACE('TOP_COVER',(#3852,#3870,#3888,#3906,#3924,#3942,#3960),#3299,.F.) ;
#3992=ADVANCED_FACE('TOP_COVER',(#3991),#3966,.F.) ;
#4004=ADVANCED_FACE('TOP_COVER',(#4003),#3966,.F.) ;
#4032=ADVANCED_FACE('TOP_COVER',(#4013,#4031),#4009,.F.) ;
#4070=ADVANCED_FACE('TOP_COVER',(#4069),#4037,.F.) ;
#4079=ADVANCED_FACE('TOP_COVER',(#4078),#4037,.F.) ;
#4117=ADVANCED_FACE('TOP_COVER',(#4116),#4084,.F.) ;
#4126=ADVANCED_FACE('TOP_COVER',(#4125),#4084,.F.) ;
#4164=ADVANCED_FACE('TOP_COVER',(#4163),#4131,.F.) ;
#4173=ADVANCED_FACE('TOP_COVER',(#4172),#4131,.F.) ;
#4211=ADVANCED_FACE('TOP_COVER',(#4210),#4178,.F.) ;
#4220=ADVANCED_FACE('TOP_COVER',(#4219),#4178,.F.) ;
#4258=ADVANCED_FACE('TOP_COVER',(#4257),#4225,.F.) ;
#4267=ADVANCED_FACE('TOP_COVER',(#4266),#4225,.F.) ;
#4305=ADVANCED_FACE('TOP_COVER',(#4304),#4272,.F.) ;
#4314=ADVANCED_FACE('TOP_COVER',(#4313),#4272,.F.) ;
#4=APPLICATION_PROTOCOL_DEFINITION('international standard','ap242_managed_model_based_3d_engineering',2014,#1) ;
#22=COLOUR_RGB('Colour',0.823529411765,0.823529411765,1.) ;
#69=FACE_OUTER_BOUND('',#64,.T.) ;
#86=FACE_OUTER_BOUND('',#81,.T.) ;
#158=FACE_OUTER_BOUND('',#149,.T.) ;
#262=FACE_OUTER_BOUND('',#259,.T.) ;
#383=FACE_OUTER_BOUND('',#369,.T.) ;
#407=FACE_OUTER_BOUND('',#402,.T.) ;
#495=FACE_OUTER_BOUND('',#482,.T.) ;
#519=FACE_OUTER_BOUND('',#514,.T.) ;
#615=FACE_OUTER_BOUND('',#601,.T.) ;
#639=FACE_OUTER_BOUND('',#634,.T.) ;
#727=FACE_OUTER_BOUND('',#714,.T.) ;
#744=FACE_OUTER_BOUND('',#739,.T.) ;
#775=FACE_OUTER_BOUND('',#770,.T.) ;
#787=FACE_OUTER_BOUND('',#782,.T.) ;
#818=FACE_OUTER_BOUND('',#813,.T.) ;
#830=FACE_OUTER_BOUND('',#825,.T.) ;
#861=FACE_OUTER_BOUND('',#856,.T.) ;
#873=FACE_OUTER_BOUND('',#868,.T.) ;
#904=FACE_OUTER_BOUND('',#899,.T.) ;
#916=FACE_OUTER_BOUND('',#911,.T.) ;
#947=FACE_OUTER_BOUND('',#942,.T.) ;
#959=FACE_OUTER_BOUND('',#954,.T.) ;
#1205=FACE_OUTER_BOUND('',#1156,.T.) ;
#1295=FACE_OUTER_BOUND('',#1290,.T.) ;
#1307=FACE_OUTER_BOUND('',#1302,.T.) ;
#1331=FACE_OUTER_BOUND('',#1326,.T.) ;
#1343=FACE_OUTER_BOUND('',#1338,.T.) ;
#1367=FACE_OUTER_BOUND('',#1362,.T.) ;
#1379=FACE_OUTER_BOUND('',#1374,.T.) ;
#1403=FACE_OUTER_BOUND('',#1398,.T.) ;
#1422=FACE_OUTER_BOUND('',#1417,.T.) ;
#1434=FACE_OUTER_BOUND('',#1429,.T.) ;
#1458=FACE_OUTER_BOUND('',#1453,.T.) ;
#1477=FACE_OUTER_BOUND('',#1472,.T.) ;
#1489=FACE_OUTER_BOUND('',#1484,.T.) ;
#1508=FACE_OUTER_BOUND('',#1503,.T.) ;
#1520=FACE_OUTER_BOUND('',#1515,.T.) ;
#1539=FACE_OUTER_BOUND('',#1534,.T.) ;
#1551=FACE_OUTER_BOUND('',#1546,.T.) ;
#1570=FACE_OUTER_BOUND('',#1565,.T.) ;
#1582=FACE_OUTER_BOUND('',#1577,.T.) ;
#1601=FACE_OUTER_BOUND('',#1596,.T.) ;
#1620=FACE_OUTER_BOUND('',#1615,.T.) ;
#1632=FACE_OUTER_BOUND('',#1627,.T.) ;
#1651=FACE_OUTER_BOUND('',#1646,.T.) ;
#1670=FACE_OUTER_BOUND('',#1665,.T.) ;
#1682=FACE_OUTER_BOUND('',#1677,.T.) ;
#1687=FACE_OUTER_BOUND('',#1684,.T.) ;
#1710=FACE_OUTER_BOUND('',#1707,.T.) ;
#1733=FACE_OUTER_BOUND('',#1730,.T.) ;
#1756=FACE_OUTER_BOUND('',#1753,.T.) ;
#1779=FACE_OUTER_BOUND('',#1776,.T.) ;
#1809=FACE_OUTER_BOUND('',#1804,.T.) ;
#1854=FACE_OUTER_BOUND('',#1850,.T.) ;
#1894=FACE_OUTER_BOUND('',#1890,.T.) ;
#1934=FACE_OUTER_BOUND('',#1930,.T.) ;
#1980=FACE_OUTER_BOUND('',#1975,.T.) ;
#2021=FACE_OUTER_BOUND('',#2016,.T.) ;
#2066=FACE_OUTER_BOUND('',#2062,.T.) ;
#2106=FACE_OUTER_BOUND('',#2102,.T.) ;
#2146=FACE_OUTER_BOUND('',#2142,.T.) ;
#2187=FACE_OUTER_BOUND('',#2182,.T.) ;
#2252=FACE_OUTER_BOUND('',#2247,.T.) ;
#2276=FACE_OUTER_BOUND('',#2271,.T.) ;
#2368=FACE_OUTER_BOUND('',#2363,.T.) ;
#2392=FACE_OUTER_BOUND('',#2387,.T.) ;
#2518=FACE_OUTER_BOUND('',#2513,.T.) ;
#2542=FACE_OUTER_BOUND('',#2537,.T.) ;
#2634=FACE_OUTER_BOUND('',#2629,.T.) ;
#2651=FACE_OUTER_BOUND('',#2646,.T.) ;
#2775=FACE_OUTER_BOUND('',#2770,.T.) ;
#2792=FACE_OUTER_BOUND('',#2787,.T.) ;
#2809=FACE_OUTER_BOUND('',#2804,.T.) ;
#2821=FACE_OUTER_BOUND('',#2816,.T.) ;
#2843=FACE_OUTER_BOUND('',#2838,.T.) ;
#2855=FACE_OUTER_BOUND('',#2850,.T.) ;
#2872=FACE_OUTER_BOUND('',#2867,.T.) ;
#2879=FACE_OUTER_BOUND('',#2874,.T.) ;
#2901=FACE_OUTER_BOUND('',#2896,.T.) ;
#2913=FACE_OUTER_BOUND('',#2908,.T.) ;
#2930=FACE_OUTER_BOUND('',#2925,.T.) ;
#2937=FACE_OUTER_BOUND('',#2932,.T.) ;
#2959=FACE_OUTER_BOUND('',#2954,.T.) ;
#2971=FACE_OUTER_BOUND('',#2966,.T.) ;
#2988=FACE_OUTER_BOUND('',#2983,.T.) ;
#2995=FACE_OUTER_BOUND('',#2990,.T.) ;
#3012=FACE_OUTER_BOUND('',#3007,.T.) ;
#3024=FACE_OUTER_BOUND('',#3019,.T.) ;
#3036=FACE_OUTER_BOUND('',#3031,.T.) ;
#3043=FACE_OUTER_BOUND('',#3038,.T.) ;
#3060=FACE_OUTER_BOUND('',#3055,.T.) ;
#3077=FACE_OUTER_BOUND('',#3072,.T.) ;
#3089=FACE_OUTER_BOUND('',#3084,.T.) ;
#3101=FACE_OUTER_BOUND('',#3096,.T.) ;
#3118=FACE_OUTER_BOUND('',#3113,.T.) ;
#3130=FACE_OUTER_BOUND('',#3125,.T.) ;
#3142=FACE_OUTER_BOUND('',#3137,.T.) ;
#3149=FACE_OUTER_BOUND('',#3144,.T.) ;
#3166=FACE_OUTER_BOUND('',#3161,.T.) ;
#3178=FACE_OUTER_BOUND('',#3173,.T.) ;
#3190=FACE_OUTER_BOUND('',#3185,.T.) ;
#3197=FACE_OUTER_BOUND('',#3192,.T.) ;
#3214=FACE_OUTER_BOUND('',#3209,.T.) ;
#3226=FACE_OUTER_BOUND('',#3221,.T.) ;
#3238=FACE_OUTER_BOUND('',#3233,.T.) ;
#3245=FACE_OUTER_BOUND('',#3240,.T.) ;
#3262=FACE_OUTER_BOUND('',#3257,.T.) ;
#3274=FACE_OUTER_BOUND('',#3269,.T.) ;
#3286=FACE_OUTER_BOUND('',#3281,.T.) ;
#3293=FACE_OUTER_BOUND('',#3288,.T.) ;
#3309=FACE_OUTER_BOUND('',#3300,.T.) ;
#3406=FACE_OUTER_BOUND('',#3401,.T.) ;
#3430=FACE_OUTER_BOUND('',#3425,.T.) ;
#3454=FACE_OUTER_BOUND('',#3449,.T.) ;
#3478=FACE_OUTER_BOUND('',#3473,.T.) ;
#3502=FACE_OUTER_BOUND('',#3497,.T.) ;
#3526=FACE_OUTER_BOUND('',#3521,.T.) ;
#3550=FACE_OUTER_BOUND('',#3545,.T.) ;
#3567=FACE_OUTER_BOUND('',#3562,.T.) ;
#3583=FACE_OUTER_BOUND('',#3574,.T.) ;
#3680=FACE_OUTER_BOUND('',#3675,.T.) ;
#3704=FACE_OUTER_BOUND('',#3699,.T.) ;
#3728=FACE_OUTER_BOUND('',#3723,.T.) ;
#3752=FACE_OUTER_BOUND('',#3747,.T.) ;
#3776=FACE_OUTER_BOUND('',#3771,.T.) ;
#3800=FACE_OUTER_BOUND('',#3795,.T.) ;
#3824=FACE_OUTER_BOUND('',#3819,.T.) ;
#3841=FACE_OUTER_BOUND('',#3836,.T.) ;
#3852=FACE_OUTER_BOUND('',#3843,.T.) ;
#3991=FACE_OUTER_BOUND('',#3986,.T.) ;
#4003=FACE_OUTER_BOUND('',#3998,.T.) ;
#4013=FACE_OUTER_BOUND('',#4010,.T.) ;
#4069=FACE_OUTER_BOUND('',#4062,.T.) ;
#4078=FACE_OUTER_BOUND('',#4071,.T.) ;
#4116=FACE_OUTER_BOUND('',#4109,.T.) ;
#4125=FACE_OUTER_BOUND('',#4118,.T.) ;
#4163=FACE_OUTER_BOUND('',#4156,.T.) ;
#4172=FACE_OUTER_BOUND('',#4165,.T.) ;
#4210=FACE_OUTER_BOUND('',#4203,.T.) ;
#4219=FACE_OUTER_BOUND('',#4212,.T.) ;
#4257=FACE_OUTER_BOUND('',#4250,.T.) ;
#4266=FACE_OUTER_BOUND('',#4259,.T.) ;
#4304=FACE_OUTER_BOUND('',#4297,.T.) ;
#4313=FACE_OUTER_BOUND('',#4306,.T.) ;
#9=PRODUCT_CATEGORY_RELATIONSHIP(' ',' ',#7,#8) ;
#6=PRODUCT_DEFINITION_FORMATION_WITH_SPECIFIED_SOURCE('',' ',#5,.NOT_KNOWN.) ;
#20=SHAPE_DEFINITION_REPRESENTATION(#11,#19) ;
#12=(LENGTH_UNIT()NAMED_UNIT(*)SI_UNIT(.MILLI.,.METRE.)) ;
#13=(NAMED_UNIT(*)PLANE_ANGLE_UNIT()SI_UNIT($,.RADIAN.)) ;
#14=(NAMED_UNIT(*)SI_UNIT($,.STERADIAN.)SOLID_ANGLE_UNIT()) ;
#16=(GEOMETRIC_REPRESENTATION_CONTEXT(3)GLOBAL_UNCERTAINTY_ASSIGNED_CONTEXT((#15))GLOBAL_UNIT_ASSIGNED_CONTEXT((#12,#13,#14))REPRESENTATION_CONTEXT(' ',' ')) ;
ENDSEC;
END-ISO-10303-21;
