ISO-10303-21;
HEADER;
FILE_DESCRIPTION(('CATIA V5 STEP Exchange','CAx-IF Rec.Pracs.--- Model Styling and Organization---1.5--- 2016-08-15','CAx-IF Rec.Pracs.---Supplemental Geometry---1.0---2011-11-01','CAx-IF Rec.Pracs.--- Composite Materials ---3.4---2017-06-13','CAx-IF Rec.Pracs.---Tessellated 3D Geometry---1.0---2015-12-17'),'2;1');

FILE_NAME('C:\\Users\\icemi\\Desktop\\RZS_Repository\\RES\\catia_macros\\generated\\RES_Enclosure_20260730_114631\\RES_BatteryCover.stp','2026-07-30T03:47:17+00:00',('none'),('none'),'CATIA Version 5-6 Release 2022 SP6','CATIA V5 STEP AP242 v3','none');

FILE_SCHEMA(('AP242_MANAGED_MODEL_BASED_3D_ENGINEERING_MIM_LF  {1 0 10303 442 1 1 4}'));

ENDSEC;
DATA;
#5=PRODUCT('Part9','','',(#2)) ;
#2=PRODUCT_CONTEXT(' ',#1,'mechanical') ;
#1=APPLICATION_CONTEXT('managed model based 3d engineering') ;
#10=PRODUCT_DEFINITION('',' ',#6,#3) ;
#3=PRODUCT_DEFINITION_CONTEXT('part definition',#1,' ') ;
#11=PRODUCT_DEFINITION_SHAPE(' ',' ',#10) ;
#3584=MECHANICAL_DESIGN_GEOMETRIC_PRESENTATION_REPRESENTATION(' ',(#29),#16) ;
#7=PRODUCT_CATEGORY('part','specification') ;
#19=SHAPE_REPRESENTATION(' ',(#18),#16) ;
#17=CARTESIAN_POINT(' ',(0.,0.,0.)) ;
#31=CARTESIAN_POINT('Axis2P3D Location',(-36.,47.,-1.7)) ;
#36=CARTESIAN_POINT('Line Origine',(-33.6,47.,-1.7)) ;
#40=CARTESIAN_POINT('Vertex',(-33.6,47.,0.)) ;
#42=CARTESIAN_POINT('Vertex',(-33.6,47.,-3.4)) ;
#45=CARTESIAN_POINT('Axis2P3D Location',(-36.,47.,0.)) ;
#49=CARTESIAN_POINT('Vertex',(-38.4,47.,0.)) ;
#52=CARTESIAN_POINT('Line Origine',(-38.4,47.,-1.7)) ;
#56=CARTESIAN_POINT('Vertex',(-38.4,47.,-3.4)) ;
#59=CARTESIAN_POINT('Axis2P3D Location',(-36.,47.,-3.4)) ;
#71=CARTESIAN_POINT('Axis2P3D Location',(-36.,47.,0.)) ;
#76=CARTESIAN_POINT('Axis2P3D Location',(-36.,47.,-3.4)) ;
#88=CARTESIAN_POINT('Axis2P3D Location',(-36.,-47.,-1.7)) ;
#93=CARTESIAN_POINT('Line Origine',(-33.6,-47.,-1.7)) ;
#97=CARTESIAN_POINT('Vertex',(-33.6,-47.,0.)) ;
#99=CARTESIAN_POINT('Vertex',(-33.6,-47.,-3.4)) ;
#102=CARTESIAN_POINT('Axis2P3D Location',(-36.,-47.,0.)) ;
#106=CARTESIAN_POINT('Vertex',(-38.4,-47.,0.)) ;
#109=CARTESIAN_POINT('Line Origine',(-38.4,-47.,-1.7)) ;
#113=CARTESIAN_POINT('Vertex',(-38.4,-47.,-3.4)) ;
#116=CARTESIAN_POINT('Axis2P3D Location',(-36.,-47.,-3.4)) ;
#128=CARTESIAN_POINT('Axis2P3D Location',(-36.,-47.,0.)) ;
#133=CARTESIAN_POINT('Axis2P3D Location',(-36.,-47.,-3.4)) ;
#145=CARTESIAN_POINT('Axis2P3D Location',(0.,47.,-1.7)) ;
#150=CARTESIAN_POINT('Line Origine',(2.4,47.,-1.7)) ;
#154=CARTESIAN_POINT('Vertex',(2.4,47.,0.)) ;
#156=CARTESIAN_POINT('Vertex',(2.4,47.,-3.4)) ;
#159=CARTESIAN_POINT('Axis2P3D Location',(0.,47.,0.)) ;
#163=CARTESIAN_POINT('Vertex',(-2.4,47.,0.)) ;
#166=CARTESIAN_POINT('Line Origine',(-2.4,47.,-1.7)) ;
#170=CARTESIAN_POINT('Vertex',(-2.4,47.,-3.4)) ;
#173=CARTESIAN_POINT('Axis2P3D Location',(0.,47.,-3.4)) ;
#185=CARTESIAN_POINT('Axis2P3D Location',(0.,47.,0.)) ;
#190=CARTESIAN_POINT('Axis2P3D Location',(0.,47.,-3.4)) ;
#202=CARTESIAN_POINT('Axis2P3D Location',(0.,-47.,-1.7)) ;
#207=CARTESIAN_POINT('Line Origine',(2.4,-47.,-1.7)) ;
#211=CARTESIAN_POINT('Vertex',(2.4,-47.,0.)) ;
#213=CARTESIAN_POINT('Vertex',(2.4,-47.,-3.4)) ;
#216=CARTESIAN_POINT('Axis2P3D Location',(0.,-47.,0.)) ;
#220=CARTESIAN_POINT('Vertex',(-2.4,-47.,0.)) ;
#223=CARTESIAN_POINT('Line Origine',(-2.4,-47.,-1.7)) ;
#227=CARTESIAN_POINT('Vertex',(-2.4,-47.,-3.4)) ;
#230=CARTESIAN_POINT('Axis2P3D Location',(0.,-47.,-3.4)) ;
#242=CARTESIAN_POINT('Axis2P3D Location',(0.,-47.,0.)) ;
#247=CARTESIAN_POINT('Axis2P3D Location',(0.,-47.,-3.4)) ;
#259=CARTESIAN_POINT('Axis2P3D Location',(36.,47.,-1.7)) ;
#264=CARTESIAN_POINT('Line Origine',(38.4,47.,-1.7)) ;
#268=CARTESIAN_POINT('Vertex',(38.4,47.,0.)) ;
#270=CARTESIAN_POINT('Vertex',(38.4,47.,-3.4)) ;
#273=CARTESIAN_POINT('Axis2P3D Location',(36.,47.,0.)) ;
#277=CARTESIAN_POINT('Vertex',(33.6,47.,0.)) ;
#280=CARTESIAN_POINT('Line Origine',(33.6,47.,-1.7)) ;
#284=CARTESIAN_POINT('Vertex',(33.6,47.,-3.4)) ;
#287=CARTESIAN_POINT('Axis2P3D Location',(36.,47.,-3.4)) ;
#299=CARTESIAN_POINT('Axis2P3D Location',(36.,47.,0.)) ;
#304=CARTESIAN_POINT('Axis2P3D Location',(36.,47.,-3.4)) ;
#316=CARTESIAN_POINT('Axis2P3D Location',(36.,-47.,-1.7)) ;
#321=CARTESIAN_POINT('Line Origine',(38.4,-47.,-1.7)) ;
#325=CARTESIAN_POINT('Vertex',(38.4,-47.,0.)) ;
#327=CARTESIAN_POINT('Vertex',(38.4,-47.,-3.4)) ;
#330=CARTESIAN_POINT('Axis2P3D Location',(36.,-47.,0.)) ;
#334=CARTESIAN_POINT('Vertex',(33.6,-47.,0.)) ;
#337=CARTESIAN_POINT('Line Origine',(33.6,-47.,-1.7)) ;
#341=CARTESIAN_POINT('Vertex',(33.6,-47.,-3.4)) ;
#344=CARTESIAN_POINT('Axis2P3D Location',(36.,-47.,-3.4)) ;
#356=CARTESIAN_POINT('Axis2P3D Location',(36.,-47.,0.)) ;
#361=CARTESIAN_POINT('Axis2P3D Location',(36.,-47.,-3.4)) ;
#373=CARTESIAN_POINT('Axis2P3D Location',(57.,0.,-1.7)) ;
#378=CARTESIAN_POINT('Line Origine',(59.4,0.,-1.7)) ;
#382=CARTESIAN_POINT('Vertex',(59.4,0.,0.)) ;
#384=CARTESIAN_POINT('Vertex',(59.4,0.,-3.4)) ;
#387=CARTESIAN_POINT('Axis2P3D Location',(57.,0.,0.)) ;
#391=CARTESIAN_POINT('Vertex',(54.6,2.93915231795E-16,0.)) ;
#394=CARTESIAN_POINT('Line Origine',(54.6,2.93915231795E-16,-1.7)) ;
#398=CARTESIAN_POINT('Vertex',(54.6,2.93915231795E-16,-3.4)) ;
#401=CARTESIAN_POINT('Axis2P3D Location',(57.,0.,-3.4)) ;
#413=CARTESIAN_POINT('Axis2P3D Location',(57.,0.,0.)) ;
#418=CARTESIAN_POINT('Axis2P3D Location',(57.,0.,-3.4)) ;
#430=CARTESIAN_POINT('Axis2P3D Location',(-57.,0.,-1.7)) ;
#435=CARTESIAN_POINT('Line Origine',(-54.6,0.,-1.7)) ;
#439=CARTESIAN_POINT('Vertex',(-54.6,0.,0.)) ;
#441=CARTESIAN_POINT('Vertex',(-54.6,0.,-3.4)) ;
#444=CARTESIAN_POINT('Axis2P3D Location',(-57.,0.,0.)) ;
#448=CARTESIAN_POINT('Vertex',(-59.4,2.93915231795E-16,0.)) ;
#451=CARTESIAN_POINT('Line Origine',(-59.4,2.93915231795E-16,-1.7)) ;
#455=CARTESIAN_POINT('Vertex',(-59.4,2.93915231795E-16,-3.4)) ;
#458=CARTESIAN_POINT('Axis2P3D Location',(-57.,0.,-3.4)) ;
#470=CARTESIAN_POINT('Axis2P3D Location',(-57.,0.,0.)) ;
#475=CARTESIAN_POINT('Axis2P3D Location',(-57.,0.,-3.4)) ;
#487=CARTESIAN_POINT('Axis2P3D Location',(-36.,47.,-3.2)) ;
#492=CARTESIAN_POINT('Axis2P3D Location',(-36.,47.,-3.4)) ;
#496=CARTESIAN_POINT('Vertex',(-30.,47.,-3.4)) ;
#498=CARTESIAN_POINT('Vertex',(-42.,47.,-3.4)) ;
#501=CARTESIAN_POINT('Line Origine',(-42.,47.,-3.2)) ;
#505=CARTESIAN_POINT('Vertex',(-42.,47.,-3.)) ;
#508=CARTESIAN_POINT('Axis2P3D Location',(-36.,47.,-3.)) ;
#512=CARTESIAN_POINT('Vertex',(-30.,47.,-3.)) ;
#515=CARTESIAN_POINT('Line Origine',(-30.,47.,-3.2)) ;
#527=CARTESIAN_POINT('Axis2P3D Location',(-36.,47.,-3.4)) ;
#532=CARTESIAN_POINT('Axis2P3D Location',(-36.,47.,-3.)) ;
#544=CARTESIAN_POINT('Axis2P3D Location',(0.,0.,-3.)) ;
#549=CARTESIAN_POINT('Axis2P3D Location',(-59.,-49.,-3.)) ;
#553=CARTESIAN_POINT('Vertex',(-69.,-49.,-3.)) ;
#555=CARTESIAN_POINT('Vertex',(-59.,-59.,-3.)) ;
#558=CARTESIAN_POINT('Line Origine',(-69.,0.,-3.)) ;
#562=CARTESIAN_POINT('Vertex',(-69.,49.,-3.)) ;
#565=CARTESIAN_POINT('Axis2P3D Location',(-59.,49.,-3.)) ;
#569=CARTESIAN_POINT('Vertex',(-59.,59.,-3.)) ;
#572=CARTESIAN_POINT('Line Origine',(0.,59.,-3.)) ;
#576=CARTESIAN_POINT('Vertex',(59.,59.,-3.)) ;
#579=CARTESIAN_POINT('Axis2P3D Location',(59.,49.,-3.)) ;
#583=CARTESIAN_POINT('Vertex',(69.,49.,-3.)) ;
#586=CARTESIAN_POINT('Line Origine',(69.,0.,-3.)) ;
#590=CARTESIAN_POINT('Vertex',(69.,-49.,-3.)) ;
#593=CARTESIAN_POINT('Axis2P3D Location',(59.,-49.,-3.)) ;
#597=CARTESIAN_POINT('Vertex',(59.,-59.,-3.)) ;
#600=CARTESIAN_POINT('Line Origine',(0.,-59.,-3.)) ;
#615=CARTESIAN_POINT('Line Origine',(52.,15.6583123952,-3.)) ;
#619=CARTESIAN_POINT('Vertex',(52.,3.31662479036,-3.)) ;
#621=CARTESIAN_POINT('Vertex',(52.,28.,-3.)) ;
#624=CARTESIAN_POINT('Axis2P3D Location',(40.,28.,-3.)) ;
#628=CARTESIAN_POINT('Vertex',(40.,40.,-3.)) ;
#631=CARTESIAN_POINT('Line Origine',(0.,40.,-3.)) ;
#635=CARTESIAN_POINT('Vertex',(-40.,40.,-3.)) ;
#638=CARTESIAN_POINT('Axis2P3D Location',(-40.,28.,-3.)) ;
#642=CARTESIAN_POINT('Vertex',(-52.,28.,-3.)) ;
#645=CARTESIAN_POINT('Line Origine',(-52.,15.6583123952,-3.)) ;
#649=CARTESIAN_POINT('Vertex',(-52.,3.31662479036,-3.)) ;
#652=CARTESIAN_POINT('Axis2P3D Location',(-57.,0.,-3.)) ;
#656=CARTESIAN_POINT('Vertex',(-63.,7.34788079488E-16,-3.)) ;
#659=CARTESIAN_POINT('Axis2P3D Location',(-57.,0.,-3.)) ;
#663=CARTESIAN_POINT('Vertex',(-52.,-3.31662479036,-3.)) ;
#666=CARTESIAN_POINT('Line Origine',(-52.,-15.6583123952,-3.)) ;
#670=CARTESIAN_POINT('Vertex',(-52.,-28.,-3.)) ;
#673=CARTESIAN_POINT('Axis2P3D Location',(-40.,-28.,-3.)) ;
#677=CARTESIAN_POINT('Vertex',(-40.,-40.,-3.)) ;
#680=CARTESIAN_POINT('Line Origine',(0.,-40.,-3.)) ;
#684=CARTESIAN_POINT('Vertex',(40.,-40.,-3.)) ;
#687=CARTESIAN_POINT('Axis2P3D Location',(40.,-28.,-3.)) ;
#691=CARTESIAN_POINT('Vertex',(52.,-28.,-3.)) ;
#694=CARTESIAN_POINT('Line Origine',(52.,-15.6583123952,-3.)) ;
#698=CARTESIAN_POINT('Vertex',(52.,-3.31662479036,-3.)) ;
#701=CARTESIAN_POINT('Axis2P3D Location',(57.,0.,-3.)) ;
#705=CARTESIAN_POINT('Vertex',(63.,0.,-3.)) ;
#708=CARTESIAN_POINT('Axis2P3D Location',(57.,0.,-3.)) ;
#733=CARTESIAN_POINT('Axis2P3D Location',(-36.,-47.,-3.)) ;
#737=CARTESIAN_POINT('Vertex',(-42.,-47.,-3.)) ;
#739=CARTESIAN_POINT('Vertex',(-30.,-47.,-3.)) ;
#742=CARTESIAN_POINT('Axis2P3D Location',(-36.,-47.,-3.)) ;
#751=CARTESIAN_POINT('Axis2P3D Location',(0.,47.,-3.)) ;
#755=CARTESIAN_POINT('Vertex',(-6.,47.,-3.)) ;
#757=CARTESIAN_POINT('Vertex',(6.,47.,-3.)) ;
#760=CARTESIAN_POINT('Axis2P3D Location',(0.,47.,-3.)) ;
#769=CARTESIAN_POINT('Axis2P3D Location',(0.,-47.,-3.)) ;
#773=CARTESIAN_POINT('Vertex',(-6.,-47.,-3.)) ;
#775=CARTESIAN_POINT('Vertex',(6.,-47.,-3.)) ;
#778=CARTESIAN_POINT('Axis2P3D Location',(0.,-47.,-3.)) ;
#787=CARTESIAN_POINT('Axis2P3D Location',(36.,47.,-3.)) ;
#791=CARTESIAN_POINT('Vertex',(30.,47.,-3.)) ;
#793=CARTESIAN_POINT('Vertex',(42.,47.,-3.)) ;
#796=CARTESIAN_POINT('Axis2P3D Location',(36.,47.,-3.)) ;
#805=CARTESIAN_POINT('Axis2P3D Location',(36.,-47.,-3.)) ;
#809=CARTESIAN_POINT('Vertex',(30.,-47.,-3.)) ;
#811=CARTESIAN_POINT('Vertex',(42.,-47.,-3.)) ;
#814=CARTESIAN_POINT('Axis2P3D Location',(36.,-47.,-3.)) ;
#824=CARTESIAN_POINT('Axis2P3D Location',(0.,0.,-3.4)) ;
#838=CARTESIAN_POINT('Axis2P3D Location',(-59.,-59.,0.)) ;
#843=CARTESIAN_POINT('Line Origine',(59.,-59.,-1.5)) ;
#847=CARTESIAN_POINT('Vertex',(59.,-59.,0.)) ;
#850=CARTESIAN_POINT('Line Origine',(0.,-59.,0.)) ;
#854=CARTESIAN_POINT('Vertex',(-59.,-59.,0.)) ;
#857=CARTESIAN_POINT('Line Origine',(-59.,-59.,-1.5)) ;
#869=CARTESIAN_POINT('Axis2P3D Location',(59.,-49.,-1.5)) ;
#874=CARTESIAN_POINT('Line Origine',(69.,-49.,-1.5)) ;
#878=CARTESIAN_POINT('Vertex',(69.,-49.,0.)) ;
#881=CARTESIAN_POINT('Axis2P3D Location',(59.,-49.,0.)) ;
#893=CARTESIAN_POINT('Axis2P3D Location',(69.,-49.,0.)) ;
#898=CARTESIAN_POINT('Line Origine',(69.,49.,-1.5)) ;
#902=CARTESIAN_POINT('Vertex',(69.,49.,0.)) ;
#905=CARTESIAN_POINT('Line Origine',(69.,-1.42108547152E-14,0.)) ;
#917=CARTESIAN_POINT('Axis2P3D Location',(59.,49.,-1.5)) ;
#922=CARTESIAN_POINT('Line Origine',(59.,59.,-1.5)) ;
#926=CARTESIAN_POINT('Vertex',(59.,59.,0.)) ;
#929=CARTESIAN_POINT('Axis2P3D Location',(59.,49.,0.)) ;
#941=CARTESIAN_POINT('Axis2P3D Location',(59.,59.,0.)) ;
#946=CARTESIAN_POINT('Line Origine',(-59.,59.,-1.5)) ;
#950=CARTESIAN_POINT('Vertex',(-59.,59.,0.)) ;
#953=CARTESIAN_POINT('Line Origine',(0.,59.,0.)) ;
#965=CARTESIAN_POINT('Axis2P3D Location',(-59.,49.,-1.5)) ;
#970=CARTESIAN_POINT('Line Origine',(-69.,49.,-1.5)) ;
#974=CARTESIAN_POINT('Vertex',(-69.,49.,0.)) ;
#977=CARTESIAN_POINT('Axis2P3D Location',(-59.,49.,0.)) ;
#989=CARTESIAN_POINT('Axis2P3D Location',(-69.,49.,0.)) ;
#994=CARTESIAN_POINT('Line Origine',(-69.,-49.,-1.5)) ;
#998=CARTESIAN_POINT('Vertex',(-69.,-49.,0.)) ;
#1001=CARTESIAN_POINT('Line Origine',(-69.,7.1054273576E-15,0.)) ;
#1013=CARTESIAN_POINT('Axis2P3D Location',(-59.,-49.,-1.5)) ;
#1018=CARTESIAN_POINT('Axis2P3D Location',(-59.,-49.,0.)) ;
#1030=CARTESIAN_POINT('Axis2P3D Location',(57.,0.,-3.2)) ;
#1035=CARTESIAN_POINT('Line Origine',(63.,0.,-3.2)) ;
#1039=CARTESIAN_POINT('Vertex',(63.,0.,-3.4)) ;
#1042=CARTESIAN_POINT('Axis2P3D Location',(57.,0.,-3.4)) ;
#1046=CARTESIAN_POINT('Vertex',(52.,3.31662479036,-3.4)) ;
#1049=CARTESIAN_POINT('Line Origine',(52.,3.31662479036,-3.2)) ;
#1061=CARTESIAN_POINT('Axis2P3D Location',(57.,0.,-3.4)) ;
#1065=CARTESIAN_POINT('Vertex',(52.,-3.31662479036,-3.4)) ;
#1068=CARTESIAN_POINT('Line Origine',(52.,-3.31662479036,-3.2)) ;
#1080=CARTESIAN_POINT('Axis2P3D Location',(52.,-28.,-3.)) ;
#1085=CARTESIAN_POINT('Line Origine',(52.,0.,-3.4)) ;
#1090=CARTESIAN_POINT('Line Origine',(52.,-28.,-4.)) ;
#1094=CARTESIAN_POINT('Vertex',(52.,-28.,-5.)) ;
#1097=CARTESIAN_POINT('Line Origine',(52.,0.,-5.)) ;
#1101=CARTESIAN_POINT('Vertex',(52.,28.,-5.)) ;
#1104=CARTESIAN_POINT('Line Origine',(52.,28.,-4.)) ;
#1120=CARTESIAN_POINT('Axis2P3D Location',(40.,-28.,-4.)) ;
#1125=CARTESIAN_POINT('Axis2P3D Location',(40.,-28.,-5.)) ;
#1129=CARTESIAN_POINT('Vertex',(40.,-40.,-5.)) ;
#1132=CARTESIAN_POINT('Line Origine',(40.,-40.,-4.)) ;
#1144=CARTESIAN_POINT('Axis2P3D Location',(-40.,-40.,-3.)) ;
#1149=CARTESIAN_POINT('Line Origine',(0.,-40.,-5.)) ;
#1153=CARTESIAN_POINT('Vertex',(-40.,-40.,-5.)) ;
#1156=CARTESIAN_POINT('Line Origine',(-40.,-40.,-4.)) ;
#1168=CARTESIAN_POINT('Axis2P3D Location',(-40.,-28.,-4.)) ;
#1173=CARTESIAN_POINT('Axis2P3D Location',(-40.,-28.,-5.)) ;
#1177=CARTESIAN_POINT('Vertex',(-52.,-28.,-5.)) ;
#1180=CARTESIAN_POINT('Line Origine',(-52.,-28.,-4.)) ;
#1192=CARTESIAN_POINT('Axis2P3D Location',(-52.,28.,-3.)) ;
#1197=CARTESIAN_POINT('Line Origine',(-52.,-3.31662479036,-3.2)) ;
#1201=CARTESIAN_POINT('Vertex',(-52.,-3.31662479036,-3.4)) ;
#1204=CARTESIAN_POINT('Line Origine',(-52.,0.,-3.4)) ;
#1208=CARTESIAN_POINT('Vertex',(-52.,3.31662479036,-3.4)) ;
#1211=CARTESIAN_POINT('Line Origine',(-52.,3.31662479036,-3.2)) ;
#1216=CARTESIAN_POINT('Line Origine',(-52.,28.,-4.)) ;
#1220=CARTESIAN_POINT('Vertex',(-52.,28.,-5.)) ;
#1223=CARTESIAN_POINT('Line Origine',(-52.,0.,-5.)) ;
#1239=CARTESIAN_POINT('Axis2P3D Location',(-57.,0.,-3.2)) ;
#1244=CARTESIAN_POINT('Line Origine',(-63.,7.34788079488E-16,-3.2)) ;
#1248=CARTESIAN_POINT('Vertex',(-63.,7.34788079488E-16,-3.4)) ;
#1251=CARTESIAN_POINT('Axis2P3D Location',(-57.,0.,-3.4)) ;
#1263=CARTESIAN_POINT('Axis2P3D Location',(-57.,0.,-3.4)) ;
#1275=CARTESIAN_POINT('Axis2P3D Location',(-40.,28.,-4.)) ;
#1280=CARTESIAN_POINT('Axis2P3D Location',(-40.,28.,-5.)) ;
#1284=CARTESIAN_POINT('Vertex',(-40.,40.,-5.)) ;
#1287=CARTESIAN_POINT('Line Origine',(-40.,40.,-4.)) ;
#1299=CARTESIAN_POINT('Axis2P3D Location',(40.,40.,-3.)) ;
#1304=CARTESIAN_POINT('Line Origine',(0.,40.,-5.)) ;
#1308=CARTESIAN_POINT('Vertex',(40.,40.,-5.)) ;
#1311=CARTESIAN_POINT('Line Origine',(40.,40.,-4.)) ;
#1323=CARTESIAN_POINT('Axis2P3D Location',(40.,28.,-4.)) ;
#1328=CARTESIAN_POINT('Axis2P3D Location',(40.,28.,-5.)) ;
#1340=CARTESIAN_POINT('Axis2P3D Location',(-36.,-47.,-3.2)) ;
#1345=CARTESIAN_POINT('Axis2P3D Location',(-36.,-47.,-3.4)) ;
#1349=CARTESIAN_POINT('Vertex',(-30.,-47.,-3.4)) ;
#1351=CARTESIAN_POINT('Vertex',(-42.,-47.,-3.4)) ;
#1354=CARTESIAN_POINT('Line Origine',(-42.,-47.,-3.2)) ;
#1359=CARTESIAN_POINT('Line Origine',(-30.,-47.,-3.2)) ;
#1371=CARTESIAN_POINT('Axis2P3D Location',(-36.,-47.,-3.4)) ;
#1383=CARTESIAN_POINT('Axis2P3D Location',(0.,47.,-3.2)) ;
#1388=CARTESIAN_POINT('Axis2P3D Location',(0.,47.,-3.4)) ;
#1392=CARTESIAN_POINT('Vertex',(6.,47.,-3.4)) ;
#1394=CARTESIAN_POINT('Vertex',(-6.,47.,-3.4)) ;
#1397=CARTESIAN_POINT('Line Origine',(-6.,47.,-3.2)) ;
#1402=CARTESIAN_POINT('Line Origine',(6.,47.,-3.2)) ;
#1414=CARTESIAN_POINT('Axis2P3D Location',(0.,47.,-3.4)) ;
#1426=CARTESIAN_POINT('Axis2P3D Location',(0.,-47.,-3.2)) ;
#1431=CARTESIAN_POINT('Axis2P3D Location',(0.,-47.,-3.4)) ;
#1435=CARTESIAN_POINT('Vertex',(6.,-47.,-3.4)) ;
#1437=CARTESIAN_POINT('Vertex',(-6.,-47.,-3.4)) ;
#1440=CARTESIAN_POINT('Line Origine',(-6.,-47.,-3.2)) ;
#1445=CARTESIAN_POINT('Line Origine',(6.,-47.,-3.2)) ;
#1457=CARTESIAN_POINT('Axis2P3D Location',(0.,-47.,-3.4)) ;
#1469=CARTESIAN_POINT('Axis2P3D Location',(36.,47.,-3.2)) ;
#1474=CARTESIAN_POINT('Axis2P3D Location',(36.,47.,-3.4)) ;
#1478=CARTESIAN_POINT('Vertex',(42.,47.,-3.4)) ;
#1480=CARTESIAN_POINT('Vertex',(30.,47.,-3.4)) ;
#1483=CARTESIAN_POINT('Line Origine',(30.,47.,-3.2)) ;
#1488=CARTESIAN_POINT('Line Origine',(42.,47.,-3.2)) ;
#1500=CARTESIAN_POINT('Axis2P3D Location',(36.,47.,-3.4)) ;
#1512=CARTESIAN_POINT('Axis2P3D Location',(36.,-47.,-3.2)) ;
#1517=CARTESIAN_POINT('Axis2P3D Location',(36.,-47.,-3.4)) ;
#1521=CARTESIAN_POINT('Vertex',(42.,-47.,-3.4)) ;
#1523=CARTESIAN_POINT('Vertex',(30.,-47.,-3.4)) ;
#1526=CARTESIAN_POINT('Line Origine',(30.,-47.,-3.2)) ;
#1531=CARTESIAN_POINT('Line Origine',(42.,-47.,-3.2)) ;
#1543=CARTESIAN_POINT('Axis2P3D Location',(36.,-47.,-3.4)) ;
#1555=CARTESIAN_POINT('Axis2P3D Location',(0.,0.,0.)) ;
#1570=CARTESIAN_POINT('Line Origine',(-67.,0.,0.)) ;
#1574=CARTESIAN_POINT('Vertex',(-67.,45.,0.)) ;
#1576=CARTESIAN_POINT('Vertex',(-67.,-45.,0.)) ;
#1579=CARTESIAN_POINT('Axis2P3D Location',(-55.,45.,0.)) ;
#1583=CARTESIAN_POINT('Vertex',(-55.,57.,0.)) ;
#1586=CARTESIAN_POINT('Line Origine',(0.,57.,0.)) ;
#1590=CARTESIAN_POINT('Vertex',(55.,57.,0.)) ;
#1593=CARTESIAN_POINT('Axis2P3D Location',(55.,45.,0.)) ;
#1597=CARTESIAN_POINT('Vertex',(67.,45.,0.)) ;
#1600=CARTESIAN_POINT('Line Origine',(67.,0.,0.)) ;
#1604=CARTESIAN_POINT('Vertex',(67.,-45.,0.)) ;
#1607=CARTESIAN_POINT('Axis2P3D Location',(55.,-45.,0.)) ;
#1611=CARTESIAN_POINT('Vertex',(55.,-57.,0.)) ;
#1614=CARTESIAN_POINT('Line Origine',(0.,-57.,0.)) ;
#1618=CARTESIAN_POINT('Vertex',(-55.,-57.,0.)) ;
#1621=CARTESIAN_POINT('Axis2P3D Location',(-55.,-45.,0.)) ;
#1647=CARTESIAN_POINT('Axis2P3D Location',(0.,0.,-5.)) ;
#1662=CARTESIAN_POINT('Line Origine',(0.,-32.,-5.)) ;
#1666=CARTESIAN_POINT('Vertex',(-40.,-32.,-5.)) ;
#1668=CARTESIAN_POINT('Vertex',(40.,-32.,-5.)) ;
#1671=CARTESIAN_POINT('Axis2P3D Location',(40.,-28.,-5.)) ;
#1675=CARTESIAN_POINT('Vertex',(44.,-28.,-5.)) ;
#1678=CARTESIAN_POINT('Line Origine',(44.,0.,-5.)) ;
#1682=CARTESIAN_POINT('Vertex',(44.,28.,-5.)) ;
#1685=CARTESIAN_POINT('Axis2P3D Location',(40.,28.,-5.)) ;
#1689=CARTESIAN_POINT('Vertex',(40.,32.,-5.)) ;
#1692=CARTESIAN_POINT('Line Origine',(0.,32.,-5.)) ;
#1696=CARTESIAN_POINT('Vertex',(-40.,32.,-5.)) ;
#1699=CARTESIAN_POINT('Axis2P3D Location',(-40.,28.,-5.)) ;
#1703=CARTESIAN_POINT('Vertex',(-44.,28.,-5.)) ;
#1706=CARTESIAN_POINT('Line Origine',(-44.,0.,-5.)) ;
#1710=CARTESIAN_POINT('Vertex',(-44.,-28.,-5.)) ;
#1713=CARTESIAN_POINT('Axis2P3D Location',(-40.,-28.,-5.)) ;
#1784=CARTESIAN_POINT('Axis2P3D Location',(-67.,45.,0.)) ;
#1789=CARTESIAN_POINT('Line Origine',(-67.,45.,0.75)) ;
#1793=CARTESIAN_POINT('Vertex',(-67.,45.,1.5)) ;
#1796=CARTESIAN_POINT('Line Origine',(-67.,-45.,0.75)) ;
#1800=CARTESIAN_POINT('Vertex',(-67.,-45.,1.5)) ;
#1803=CARTESIAN_POINT('Line Origine',(-67.,0.,1.5)) ;
#1815=CARTESIAN_POINT('Axis2P3D Location',(-55.,45.,0.75)) ;
#1820=CARTESIAN_POINT('Line Origine',(-55.,57.,0.75)) ;
#1824=CARTESIAN_POINT('Vertex',(-55.,57.,1.5)) ;
#1827=CARTESIAN_POINT('Axis2P3D Location',(-55.,45.,1.5)) ;
#1839=CARTESIAN_POINT('Axis2P3D Location',(55.,57.,0.)) ;
#1844=CARTESIAN_POINT('Line Origine',(55.,57.,0.75)) ;
#1848=CARTESIAN_POINT('Vertex',(55.,57.,1.5)) ;
#1851=CARTESIAN_POINT('Line Origine',(0.,57.,1.5)) ;
#1863=CARTESIAN_POINT('Axis2P3D Location',(55.,45.,0.75)) ;
#1868=CARTESIAN_POINT('Line Origine',(67.,45.,0.75)) ;
#1872=CARTESIAN_POINT('Vertex',(67.,45.,1.5)) ;
#1875=CARTESIAN_POINT('Axis2P3D Location',(55.,45.,1.5)) ;
#1887=CARTESIAN_POINT('Axis2P3D Location',(67.,-45.,0.)) ;
#1892=CARTESIAN_POINT('Line Origine',(67.,-45.,0.75)) ;
#1896=CARTESIAN_POINT('Vertex',(67.,-45.,1.5)) ;
#1899=CARTESIAN_POINT('Line Origine',(67.,0.,1.5)) ;
#1911=CARTESIAN_POINT('Axis2P3D Location',(55.,-45.,0.75)) ;
#1916=CARTESIAN_POINT('Line Origine',(55.,-57.,0.75)) ;
#1920=CARTESIAN_POINT('Vertex',(55.,-57.,1.5)) ;
#1923=CARTESIAN_POINT('Axis2P3D Location',(55.,-45.,1.5)) ;
#1935=CARTESIAN_POINT('Axis2P3D Location',(-55.,-57.,0.)) ;
#1940=CARTESIAN_POINT('Line Origine',(-55.,-57.,0.75)) ;
#1944=CARTESIAN_POINT('Vertex',(-55.,-57.,1.5)) ;
#1947=CARTESIAN_POINT('Line Origine',(0.,-57.,1.5)) ;
#1959=CARTESIAN_POINT('Axis2P3D Location',(-55.,-45.,0.75)) ;
#1964=CARTESIAN_POINT('Axis2P3D Location',(-55.,-45.,1.5)) ;
#1976=CARTESIAN_POINT('Axis2P3D Location',(-40.,-28.,-4.)) ;
#1981=CARTESIAN_POINT('Line Origine',(-44.,-28.,-4.)) ;
#1985=CARTESIAN_POINT('Vertex',(-44.,-28.,-3.)) ;
#1988=CARTESIAN_POINT('Axis2P3D Location',(-40.,-28.,-3.)) ;
#1992=CARTESIAN_POINT('Vertex',(-40.,-32.,-3.)) ;
#1995=CARTESIAN_POINT('Line Origine',(-40.,-32.,-4.)) ;
#2007=CARTESIAN_POINT('Axis2P3D Location',(-44.,28.,-3.)) ;
#2012=CARTESIAN_POINT('Line Origine',(-44.,28.,-4.)) ;
#2016=CARTESIAN_POINT('Vertex',(-44.,28.,-3.)) ;
#2019=CARTESIAN_POINT('Line Origine',(-44.,0.,-3.)) ;
#2031=CARTESIAN_POINT('Axis2P3D Location',(-40.,28.,-4.)) ;
#2036=CARTESIAN_POINT('Line Origine',(-40.,32.,-4.)) ;
#2040=CARTESIAN_POINT('Vertex',(-40.,32.,-3.)) ;
#2043=CARTESIAN_POINT('Axis2P3D Location',(-40.,28.,-3.)) ;
#2055=CARTESIAN_POINT('Axis2P3D Location',(40.,32.,-3.)) ;
#2060=CARTESIAN_POINT('Line Origine',(40.,32.,-4.)) ;
#2064=CARTESIAN_POINT('Vertex',(40.,32.,-3.)) ;
#2067=CARTESIAN_POINT('Line Origine',(0.,32.,-3.)) ;
#2079=CARTESIAN_POINT('Axis2P3D Location',(40.,28.,-4.)) ;
#2084=CARTESIAN_POINT('Line Origine',(44.,28.,-4.)) ;
#2088=CARTESIAN_POINT('Vertex',(44.,28.,-3.)) ;
#2091=CARTESIAN_POINT('Axis2P3D Location',(40.,28.,-3.)) ;
#2103=CARTESIAN_POINT('Axis2P3D Location',(44.,-28.,-3.)) ;
#2108=CARTESIAN_POINT('Line Origine',(44.,-28.,-4.)) ;
#2112=CARTESIAN_POINT('Vertex',(44.,-28.,-3.)) ;
#2115=CARTESIAN_POINT('Line Origine',(44.,0.,-3.)) ;
#2127=CARTESIAN_POINT('Axis2P3D Location',(40.,-28.,-4.)) ;
#2132=CARTESIAN_POINT('Line Origine',(40.,-32.,-4.)) ;
#2136=CARTESIAN_POINT('Vertex',(40.,-32.,-3.)) ;
#2139=CARTESIAN_POINT('Axis2P3D Location',(40.,-28.,-3.)) ;
#2151=CARTESIAN_POINT('Axis2P3D Location',(-40.,-32.,-3.)) ;
#2156=CARTESIAN_POINT('Line Origine',(0.,-32.,-3.)) ;
#2168=CARTESIAN_POINT('Axis2P3D Location',(0.,0.,1.5)) ;
#2183=CARTESIAN_POINT('Axis2P3D Location',(-55.,-45.,1.5)) ;
#2187=CARTESIAN_POINT('Vertex',(-65.,-45.,1.5)) ;
#2189=CARTESIAN_POINT('Vertex',(-55.,-55.,1.5)) ;
#2192=CARTESIAN_POINT('Line Origine',(-65.,0.,1.5)) ;
#2196=CARTESIAN_POINT('Vertex',(-65.,45.,1.5)) ;
#2199=CARTESIAN_POINT('Axis2P3D Location',(-55.,45.,1.5)) ;
#2203=CARTESIAN_POINT('Vertex',(-55.,55.,1.5)) ;
#2206=CARTESIAN_POINT('Line Origine',(0.,55.,1.5)) ;
#2210=CARTESIAN_POINT('Vertex',(55.,55.,1.5)) ;
#2213=CARTESIAN_POINT('Axis2P3D Location',(55.,45.,1.5)) ;
#2217=CARTESIAN_POINT('Vertex',(65.,45.,1.5)) ;
#2220=CARTESIAN_POINT('Line Origine',(65.,0.,1.5)) ;
#2224=CARTESIAN_POINT('Vertex',(65.,-45.,1.5)) ;
#2227=CARTESIAN_POINT('Axis2P3D Location',(55.,-45.,1.5)) ;
#2231=CARTESIAN_POINT('Vertex',(55.,-55.,1.5)) ;
#2234=CARTESIAN_POINT('Line Origine',(0.,-55.,1.5)) ;
#2261=CARTESIAN_POINT('Axis2P3D Location',(-55.,-45.,0.75)) ;
#2266=CARTESIAN_POINT('Line Origine',(-55.,-55.,0.75)) ;
#2270=CARTESIAN_POINT('Vertex',(-55.,-55.,0.)) ;
#2273=CARTESIAN_POINT('Axis2P3D Location',(-55.,-45.,0.)) ;
#2277=CARTESIAN_POINT('Vertex',(-65.,-45.,0.)) ;
#2280=CARTESIAN_POINT('Line Origine',(-65.,-45.,0.75)) ;
#2292=CARTESIAN_POINT('Axis2P3D Location',(-65.,45.,0.)) ;
#2297=CARTESIAN_POINT('Line Origine',(-65.,0.,0.)) ;
#2301=CARTESIAN_POINT('Vertex',(-65.,45.,0.)) ;
#2304=CARTESIAN_POINT('Line Origine',(-65.,45.,0.75)) ;
#2316=CARTESIAN_POINT('Axis2P3D Location',(-55.,45.,0.75)) ;
#2321=CARTESIAN_POINT('Axis2P3D Location',(-55.,45.,0.)) ;
#2325=CARTESIAN_POINT('Vertex',(-55.,55.,0.)) ;
#2328=CARTESIAN_POINT('Line Origine',(-55.,55.,0.75)) ;
#2340=CARTESIAN_POINT('Axis2P3D Location',(55.,55.,0.)) ;
#2345=CARTESIAN_POINT('Line Origine',(0.,55.,0.)) ;
#2349=CARTESIAN_POINT('Vertex',(55.,55.,0.)) ;
#2352=CARTESIAN_POINT('Line Origine',(55.,55.,0.75)) ;
#2364=CARTESIAN_POINT('Axis2P3D Location',(55.,45.,0.75)) ;
#2369=CARTESIAN_POINT('Axis2P3D Location',(55.,45.,0.)) ;
#2373=CARTESIAN_POINT('Vertex',(65.,45.,0.)) ;
#2376=CARTESIAN_POINT('Line Origine',(65.,45.,0.75)) ;
#2388=CARTESIAN_POINT('Axis2P3D Location',(65.,-45.,0.)) ;
#2393=CARTESIAN_POINT('Line Origine',(65.,0.,0.)) ;
#2397=CARTESIAN_POINT('Vertex',(65.,-45.,0.)) ;
#2400=CARTESIAN_POINT('Line Origine',(65.,-45.,0.75)) ;
#2412=CARTESIAN_POINT('Axis2P3D Location',(55.,-45.,0.75)) ;
#2417=CARTESIAN_POINT('Axis2P3D Location',(55.,-45.,0.)) ;
#2421=CARTESIAN_POINT('Vertex',(55.,-55.,0.)) ;
#2424=CARTESIAN_POINT('Line Origine',(55.,-55.,0.75)) ;
#2436=CARTESIAN_POINT('Axis2P3D Location',(-55.,-55.,0.)) ;
#2441=CARTESIAN_POINT('Line Origine',(0.,-55.,0.)) ;
#2463=CARTESIAN_POINT('Line Origine',(-49.7,0.,0.)) ;
#2467=CARTESIAN_POINT('Vertex',(-49.7,28.,0.)) ;
#2469=CARTESIAN_POINT('Vertex',(-49.7,-28.,0.)) ;
#2472=CARTESIAN_POINT('Axis2P3D Location',(-40.,28.,0.)) ;
#2476=CARTESIAN_POINT('Vertex',(-40.,37.7,0.)) ;
#2479=CARTESIAN_POINT('Line Origine',(0.,37.7,0.)) ;
#2483=CARTESIAN_POINT('Vertex',(40.,37.7,0.)) ;
#2486=CARTESIAN_POINT('Axis2P3D Location',(40.,28.,0.)) ;
#2490=CARTESIAN_POINT('Vertex',(49.7,28.,0.)) ;
#2493=CARTESIAN_POINT('Line Origine',(49.7,0.,0.)) ;
#2497=CARTESIAN_POINT('Vertex',(49.7,-28.,0.)) ;
#2500=CARTESIAN_POINT('Axis2P3D Location',(40.,-28.,0.)) ;
#2504=CARTESIAN_POINT('Vertex',(40.,-37.7,0.)) ;
#2507=CARTESIAN_POINT('Line Origine',(0.,-37.7,0.)) ;
#2511=CARTESIAN_POINT('Vertex',(-40.,-37.7,0.)) ;
#2514=CARTESIAN_POINT('Axis2P3D Location',(-40.,-28.,0.)) ;
#2562=CARTESIAN_POINT('Axis2P3D Location',(-49.7,28.,0.)) ;
#2567=CARTESIAN_POINT('Line Origine',(-49.7,28.,-0.95)) ;
#2571=CARTESIAN_POINT('Vertex',(-49.7,28.,-1.9)) ;
#2574=CARTESIAN_POINT('Line Origine',(-49.7,-28.,-0.95)) ;
#2578=CARTESIAN_POINT('Vertex',(-49.7,-28.,-1.9)) ;
#2581=CARTESIAN_POINT('Line Origine',(-49.7,-7.1054273576E-15,-1.9)) ;
#2593=CARTESIAN_POINT('Axis2P3D Location',(-40.,28.,-0.95)) ;
#2598=CARTESIAN_POINT('Line Origine',(-40.,37.7,-0.95)) ;
#2602=CARTESIAN_POINT('Vertex',(-40.,37.7,-1.9)) ;
#2605=CARTESIAN_POINT('Axis2P3D Location',(-40.,28.,-1.9)) ;
#2617=CARTESIAN_POINT('Axis2P3D Location',(40.,37.7,0.)) ;
#2622=CARTESIAN_POINT('Line Origine',(40.,37.7,-0.95)) ;
#2626=CARTESIAN_POINT('Vertex',(40.,37.7,-1.9)) ;
#2629=CARTESIAN_POINT('Line Origine',(0.,37.7,-1.9)) ;
#2641=CARTESIAN_POINT('Axis2P3D Location',(40.,28.,-0.95)) ;
#2646=CARTESIAN_POINT('Line Origine',(49.7,28.,-0.95)) ;
#2650=CARTESIAN_POINT('Vertex',(49.7,28.,-1.9)) ;
#2653=CARTESIAN_POINT('Axis2P3D Location',(40.,28.,-1.9)) ;
#2665=CARTESIAN_POINT('Axis2P3D Location',(49.7,-28.,0.)) ;
#2670=CARTESIAN_POINT('Line Origine',(49.7,-28.,-0.95)) ;
#2674=CARTESIAN_POINT('Vertex',(49.7,-28.,-1.9)) ;
#2677=CARTESIAN_POINT('Line Origine',(49.7,7.1054273576E-15,-1.9)) ;
#2689=CARTESIAN_POINT('Axis2P3D Location',(40.,-28.,-0.95)) ;
#2694=CARTESIAN_POINT('Line Origine',(40.,-37.7,-0.95)) ;
#2698=CARTESIAN_POINT('Vertex',(40.,-37.7,-1.9)) ;
#2701=CARTESIAN_POINT('Axis2P3D Location',(40.,-28.,-1.9)) ;
#2713=CARTESIAN_POINT('Axis2P3D Location',(-40.,-37.7,0.)) ;
#2718=CARTESIAN_POINT('Line Origine',(-40.,-37.7,-0.95)) ;
#2722=CARTESIAN_POINT('Vertex',(-40.,-37.7,-1.9)) ;
#2725=CARTESIAN_POINT('Line Origine',(0.,-37.7,-1.9)) ;
#2737=CARTESIAN_POINT('Axis2P3D Location',(-40.,-28.,-0.95)) ;
#2742=CARTESIAN_POINT('Axis2P3D Location',(-40.,-28.,-1.9)) ;
#2754=CARTESIAN_POINT('Axis2P3D Location',(0.,0.,-1.9)) ;
#2769=CARTESIAN_POINT('Axis2P3D Location',(-40.,-28.,-1.9)) ;
#2773=CARTESIAN_POINT('Vertex',(-46.3,-28.,-1.9)) ;
#2775=CARTESIAN_POINT('Vertex',(-40.,-34.3,-1.9)) ;
#2778=CARTESIAN_POINT('Line Origine',(-46.3,0.,-1.9)) ;
#2782=CARTESIAN_POINT('Vertex',(-46.3,28.,-1.9)) ;
#2785=CARTESIAN_POINT('Axis2P3D Location',(-40.,28.,-1.9)) ;
#2789=CARTESIAN_POINT('Vertex',(-40.,34.3,-1.9)) ;
#2792=CARTESIAN_POINT('Line Origine',(0.,34.3,-1.9)) ;
#2796=CARTESIAN_POINT('Vertex',(40.,34.3,-1.9)) ;
#2799=CARTESIAN_POINT('Axis2P3D Location',(40.,28.,-1.9)) ;
#2803=CARTESIAN_POINT('Vertex',(46.3,28.,-1.9)) ;
#2806=CARTESIAN_POINT('Line Origine',(46.3,0.,-1.9)) ;
#2810=CARTESIAN_POINT('Vertex',(46.3,-28.,-1.9)) ;
#2813=CARTESIAN_POINT('Axis2P3D Location',(40.,-28.,-1.9)) ;
#2817=CARTESIAN_POINT('Vertex',(40.,-34.3,-1.9)) ;
#2820=CARTESIAN_POINT('Line Origine',(0.,-34.3,-1.9)) ;
#2836=CARTESIAN_POINT('Axis2P3D Location',(-40.,-28.,-0.95)) ;
#2841=CARTESIAN_POINT('Line Origine',(-40.,-34.3,-0.95)) ;
#2845=CARTESIAN_POINT('Vertex',(-40.,-34.3,0.)) ;
#2848=CARTESIAN_POINT('Axis2P3D Location',(-40.,-28.,0.)) ;
#2852=CARTESIAN_POINT('Vertex',(-46.3,-28.,0.)) ;
#2855=CARTESIAN_POINT('Line Origine',(-46.3,-28.,-0.95)) ;
#2867=CARTESIAN_POINT('Axis2P3D Location',(-46.3,28.,0.)) ;
#2872=CARTESIAN_POINT('Line Origine',(-46.3,0.,0.)) ;
#2876=CARTESIAN_POINT('Vertex',(-46.3,28.,0.)) ;
#2879=CARTESIAN_POINT('Line Origine',(-46.3,28.,-0.95)) ;
#2891=CARTESIAN_POINT('Axis2P3D Location',(-40.,28.,-0.95)) ;
#2896=CARTESIAN_POINT('Axis2P3D Location',(-40.,28.,0.)) ;
#2900=CARTESIAN_POINT('Vertex',(-40.,34.3,0.)) ;
#2903=CARTESIAN_POINT('Line Origine',(-40.,34.3,-0.95)) ;
#2915=CARTESIAN_POINT('Axis2P3D Location',(40.,34.3,0.)) ;
#2920=CARTESIAN_POINT('Line Origine',(0.,34.3,0.)) ;
#2924=CARTESIAN_POINT('Vertex',(40.,34.3,0.)) ;
#2927=CARTESIAN_POINT('Line Origine',(40.,34.3,-0.95)) ;
#2939=CARTESIAN_POINT('Axis2P3D Location',(40.,28.,-0.95)) ;
#2944=CARTESIAN_POINT('Axis2P3D Location',(40.,28.,0.)) ;
#2948=CARTESIAN_POINT('Vertex',(46.3,28.,0.)) ;
#2951=CARTESIAN_POINT('Line Origine',(46.3,28.,-0.95)) ;
#2963=CARTESIAN_POINT('Axis2P3D Location',(46.3,-28.,0.)) ;
#2968=CARTESIAN_POINT('Line Origine',(46.3,0.,0.)) ;
#2972=CARTESIAN_POINT('Vertex',(46.3,-28.,0.)) ;
#2975=CARTESIAN_POINT('Line Origine',(46.3,-28.,-0.95)) ;
#2987=CARTESIAN_POINT('Axis2P3D Location',(40.,-28.,-0.95)) ;
#2992=CARTESIAN_POINT('Axis2P3D Location',(40.,-28.,0.)) ;
#2996=CARTESIAN_POINT('Vertex',(40.,-34.3,0.)) ;
#2999=CARTESIAN_POINT('Line Origine',(40.,-34.3,-0.95)) ;
#3011=CARTESIAN_POINT('Axis2P3D Location',(-40.,-34.3,0.)) ;
#3016=CARTESIAN_POINT('Line Origine',(0.,-34.3,0.)) ;
#3038=CARTESIAN_POINT('Line Origine',(-36.1,0.,0.)) ;
#3042=CARTESIAN_POINT('Vertex',(-36.1,23.7,0.)) ;
#3044=CARTESIAN_POINT('Vertex',(-36.1,-23.7,0.)) ;
#3047=CARTESIAN_POINT('Axis2P3D Location',(-30.7,23.7,0.)) ;
#3051=CARTESIAN_POINT('Vertex',(-30.7,29.1,0.)) ;
#3054=CARTESIAN_POINT('Line Origine',(0.,29.1,0.)) ;
#3058=CARTESIAN_POINT('Vertex',(30.7,29.1,0.)) ;
#3061=CARTESIAN_POINT('Axis2P3D Location',(30.7,23.7,0.)) ;
#3065=CARTESIAN_POINT('Vertex',(36.1,23.7,0.)) ;
#3068=CARTESIAN_POINT('Line Origine',(36.1,0.,0.)) ;
#3072=CARTESIAN_POINT('Vertex',(36.1,-23.7,0.)) ;
#3075=CARTESIAN_POINT('Axis2P3D Location',(30.7,-23.7,0.)) ;
#3079=CARTESIAN_POINT('Vertex',(30.7,-29.1,0.)) ;
#3082=CARTESIAN_POINT('Line Origine',(0.,-29.1,0.)) ;
#3086=CARTESIAN_POINT('Vertex',(-30.7,-29.1,0.)) ;
#3089=CARTESIAN_POINT('Axis2P3D Location',(-30.7,-23.7,0.)) ;
#3105=CARTESIAN_POINT('Axis2P3D Location',(-36.1,23.7,0.)) ;
#3110=CARTESIAN_POINT('Line Origine',(-36.1,23.7,1.25)) ;
#3114=CARTESIAN_POINT('Vertex',(-36.1,23.7,2.5)) ;
#3117=CARTESIAN_POINT('Line Origine',(-36.1,-23.7,1.25)) ;
#3121=CARTESIAN_POINT('Vertex',(-36.1,-23.7,2.5)) ;
#3124=CARTESIAN_POINT('Line Origine',(-36.1,-3.5527136788E-15,2.5)) ;
#3136=CARTESIAN_POINT('Axis2P3D Location',(-30.7,23.7,1.25)) ;
#3141=CARTESIAN_POINT('Line Origine',(-30.7,29.1,1.25)) ;
#3145=CARTESIAN_POINT('Vertex',(-30.7,29.1,2.5)) ;
#3148=CARTESIAN_POINT('Axis2P3D Location',(-30.7,23.7,2.5)) ;
#3160=CARTESIAN_POINT('Axis2P3D Location',(30.7,29.1,0.)) ;
#3165=CARTESIAN_POINT('Line Origine',(30.7,29.1,1.25)) ;
#3169=CARTESIAN_POINT('Vertex',(30.7,29.1,2.5)) ;
#3172=CARTESIAN_POINT('Line Origine',(3.5527136788E-15,29.1,2.5)) ;
#3184=CARTESIAN_POINT('Axis2P3D Location',(30.7,23.7,1.25)) ;
#3189=CARTESIAN_POINT('Line Origine',(36.1,23.7,1.25)) ;
#3193=CARTESIAN_POINT('Vertex',(36.1,23.7,2.5)) ;
#3196=CARTESIAN_POINT('Axis2P3D Location',(30.7,23.7,2.5)) ;
#3208=CARTESIAN_POINT('Axis2P3D Location',(36.1,-23.7,0.)) ;
#3213=CARTESIAN_POINT('Line Origine',(36.1,-23.7,1.25)) ;
#3217=CARTESIAN_POINT('Vertex',(36.1,-23.7,2.5)) ;
#3220=CARTESIAN_POINT('Line Origine',(36.1,3.5527136788E-15,2.5)) ;
#3232=CARTESIAN_POINT('Axis2P3D Location',(30.7,-23.7,1.25)) ;
#3237=CARTESIAN_POINT('Line Origine',(30.7,-29.1,1.25)) ;
#3241=CARTESIAN_POINT('Vertex',(30.7,-29.1,2.5)) ;
#3244=CARTESIAN_POINT('Axis2P3D Location',(30.7,-23.7,2.5)) ;
#3256=CARTESIAN_POINT('Axis2P3D Location',(-30.7,-29.1,0.)) ;
#3261=CARTESIAN_POINT('Line Origine',(-30.7,-29.1,1.25)) ;
#3265=CARTESIAN_POINT('Vertex',(-30.7,-29.1,2.5)) ;
#3268=CARTESIAN_POINT('Line Origine',(-7.1054273576E-15,-29.1,2.5)) ;
#3280=CARTESIAN_POINT('Axis2P3D Location',(-30.7,-23.7,1.25)) ;
#3285=CARTESIAN_POINT('Axis2P3D Location',(-30.7,-23.7,2.5)) ;
#3297=CARTESIAN_POINT('Axis2P3D Location',(0.,0.,2.5)) ;
#3312=CARTESIAN_POINT('Axis2P3D Location',(-30.7,-23.7,2.5)) ;
#3316=CARTESIAN_POINT('Vertex',(-33.6,-23.7,2.5)) ;
#3318=CARTESIAN_POINT('Vertex',(-30.7,-26.6,2.5)) ;
#3321=CARTESIAN_POINT('Line Origine',(-33.6,0.,2.5)) ;
#3325=CARTESIAN_POINT('Vertex',(-33.6,23.7,2.5)) ;
#3328=CARTESIAN_POINT('Axis2P3D Location',(-30.7,23.7,2.5)) ;
#3332=CARTESIAN_POINT('Vertex',(-30.7,26.6,2.5)) ;
#3335=CARTESIAN_POINT('Line Origine',(0.,26.6,2.5)) ;
#3339=CARTESIAN_POINT('Vertex',(30.7,26.6,2.5)) ;
#3342=CARTESIAN_POINT('Axis2P3D Location',(30.7,23.7,2.5)) ;
#3346=CARTESIAN_POINT('Vertex',(33.6,23.7,2.5)) ;
#3349=CARTESIAN_POINT('Line Origine',(33.6,0.,2.5)) ;
#3353=CARTESIAN_POINT('Vertex',(33.6,-23.7,2.5)) ;
#3356=CARTESIAN_POINT('Axis2P3D Location',(30.7,-23.7,2.5)) ;
#3360=CARTESIAN_POINT('Vertex',(30.7,-26.6,2.5)) ;
#3363=CARTESIAN_POINT('Line Origine',(0.,-26.6,2.5)) ;
#3379=CARTESIAN_POINT('Axis2P3D Location',(-30.7,-23.7,1.25)) ;
#3384=CARTESIAN_POINT('Line Origine',(-30.7,-26.6,1.25)) ;
#3388=CARTESIAN_POINT('Vertex',(-30.7,-26.6,0.)) ;
#3391=CARTESIAN_POINT('Axis2P3D Location',(-30.7,-23.7,0.)) ;
#3395=CARTESIAN_POINT('Vertex',(-33.6,-23.7,0.)) ;
#3398=CARTESIAN_POINT('Line Origine',(-33.6,-23.7,1.25)) ;
#3410=CARTESIAN_POINT('Axis2P3D Location',(-33.6,23.7,0.)) ;
#3415=CARTESIAN_POINT('Line Origine',(-33.6,-3.5527136788E-15,0.)) ;
#3419=CARTESIAN_POINT('Vertex',(-33.6,23.7,0.)) ;
#3422=CARTESIAN_POINT('Line Origine',(-33.6,23.7,1.25)) ;
#3434=CARTESIAN_POINT('Axis2P3D Location',(-30.7,23.7,1.25)) ;
#3439=CARTESIAN_POINT('Axis2P3D Location',(-30.7,23.7,0.)) ;
#3443=CARTESIAN_POINT('Vertex',(-30.7,26.6,0.)) ;
#3446=CARTESIAN_POINT('Line Origine',(-30.7,26.6,1.25)) ;
#3458=CARTESIAN_POINT('Axis2P3D Location',(30.7,26.6,0.)) ;
#3463=CARTESIAN_POINT('Line Origine',(3.5527136788E-15,26.6,0.)) ;
#3467=CARTESIAN_POINT('Vertex',(30.7,26.6,0.)) ;
#3470=CARTESIAN_POINT('Line Origine',(30.7,26.6,1.25)) ;
#3482=CARTESIAN_POINT('Axis2P3D Location',(30.7,23.7,1.25)) ;
#3487=CARTESIAN_POINT('Axis2P3D Location',(30.7,23.7,0.)) ;
#3491=CARTESIAN_POINT('Vertex',(33.6,23.7,0.)) ;
#3494=CARTESIAN_POINT('Line Origine',(33.6,23.7,1.25)) ;
#3506=CARTESIAN_POINT('Axis2P3D Location',(33.6,-23.7,0.)) ;
#3511=CARTESIAN_POINT('Line Origine',(33.6,3.5527136788E-15,0.)) ;
#3515=CARTESIAN_POINT('Vertex',(33.6,-23.7,0.)) ;
#3518=CARTESIAN_POINT('Line Origine',(33.6,-23.7,1.25)) ;
#3530=CARTESIAN_POINT('Axis2P3D Location',(30.7,-23.7,1.25)) ;
#3535=CARTESIAN_POINT('Axis2P3D Location',(30.7,-23.7,0.)) ;
#3539=CARTESIAN_POINT('Vertex',(30.7,-26.6,0.)) ;
#3542=CARTESIAN_POINT('Line Origine',(30.7,-26.6,1.25)) ;
#3554=CARTESIAN_POINT('Axis2P3D Location',(-30.7,-26.6,0.)) ;
#3559=CARTESIAN_POINT('Line Origine',(-7.1054273576E-15,-26.6,0.)) ;
#8=PRODUCT_RELATED_PRODUCT_CATEGORY('part',$,(#5)) ;
#15=UNCERTAINTY_MEASURE_WITH_UNIT(LENGTH_MEASURE(0.005),#12,'distance_accuracy_value','CONFUSED CURVE UNCERTAINTY') ;
#29=STYLED_ITEM(' ',(#28),#21) ;
#28=PRESENTATION_STYLE_ASSIGNMENT((#27)) ;
#27=SURFACE_STYLE_USAGE(.BOTH.,#26) ;
#26=SURFACE_SIDE_STYLE(' ',(#25)) ;
#25=SURFACE_STYLE_FILL_AREA(#24) ;
#24=FILL_AREA_STYLE(' ',(#23)) ;
#23=FILL_AREA_STYLE_COLOUR(' ',#22) ;
#38=VECTOR('Line Direction',#37,1.) ;
#54=VECTOR('Line Direction',#53,1.) ;
#95=VECTOR('Line Direction',#94,1.) ;
#111=VECTOR('Line Direction',#110,1.) ;
#152=VECTOR('Line Direction',#151,1.) ;
#168=VECTOR('Line Direction',#167,1.) ;
#209=VECTOR('Line Direction',#208,1.) ;
#225=VECTOR('Line Direction',#224,1.) ;
#266=VECTOR('Line Direction',#265,1.) ;
#282=VECTOR('Line Direction',#281,1.) ;
#323=VECTOR('Line Direction',#322,1.) ;
#339=VECTOR('Line Direction',#338,1.) ;
#380=VECTOR('Line Direction',#379,1.) ;
#396=VECTOR('Line Direction',#395,1.) ;
#437=VECTOR('Line Direction',#436,1.) ;
#453=VECTOR('Line Direction',#452,1.) ;
#503=VECTOR('Line Direction',#502,1.) ;
#517=VECTOR('Line Direction',#516,1.) ;
#560=VECTOR('Line Direction',#559,1.) ;
#574=VECTOR('Line Direction',#573,1.) ;
#588=VECTOR('Line Direction',#587,1.) ;
#602=VECTOR('Line Direction',#601,1.) ;
#617=VECTOR('Line Direction',#616,1.) ;
#633=VECTOR('Line Direction',#632,1.) ;
#647=VECTOR('Line Direction',#646,1.) ;
#668=VECTOR('Line Direction',#667,1.) ;
#682=VECTOR('Line Direction',#681,1.) ;
#696=VECTOR('Line Direction',#695,1.) ;
#845=VECTOR('Line Direction',#844,1.) ;
#852=VECTOR('Line Direction',#851,1.) ;
#859=VECTOR('Line Direction',#858,1.) ;
#876=VECTOR('Line Direction',#875,1.) ;
#900=VECTOR('Line Direction',#899,1.) ;
#907=VECTOR('Line Direction',#906,1.) ;
#924=VECTOR('Line Direction',#923,1.) ;
#948=VECTOR('Line Direction',#947,1.) ;
#955=VECTOR('Line Direction',#954,1.) ;
#972=VECTOR('Line Direction',#971,1.) ;
#996=VECTOR('Line Direction',#995,1.) ;
#1003=VECTOR('Line Direction',#1002,1.) ;
#1037=VECTOR('Line Direction',#1036,1.) ;
#1051=VECTOR('Line Direction',#1050,1.) ;
#1070=VECTOR('Line Direction',#1069,1.) ;
#1087=VECTOR('Line Direction',#1086,1.) ;
#1092=VECTOR('Line Direction',#1091,1.) ;
#1099=VECTOR('Line Direction',#1098,1.) ;
#1106=VECTOR('Line Direction',#1105,1.) ;
#1134=VECTOR('Line Direction',#1133,1.) ;
#1151=VECTOR('Line Direction',#1150,1.) ;
#1158=VECTOR('Line Direction',#1157,1.) ;
#1182=VECTOR('Line Direction',#1181,1.) ;
#1199=VECTOR('Line Direction',#1198,1.) ;
#1206=VECTOR('Line Direction',#1205,1.) ;
#1213=VECTOR('Line Direction',#1212,1.) ;
#1218=VECTOR('Line Direction',#1217,1.) ;
#1225=VECTOR('Line Direction',#1224,1.) ;
#1246=VECTOR('Line Direction',#1245,1.) ;
#1289=VECTOR('Line Direction',#1288,1.) ;
#1306=VECTOR('Line Direction',#1305,1.) ;
#1313=VECTOR('Line Direction',#1312,1.) ;
#1356=VECTOR('Line Direction',#1355,1.) ;
#1361=VECTOR('Line Direction',#1360,1.) ;
#1399=VECTOR('Line Direction',#1398,1.) ;
#1404=VECTOR('Line Direction',#1403,1.) ;
#1442=VECTOR('Line Direction',#1441,1.) ;
#1447=VECTOR('Line Direction',#1446,1.) ;
#1485=VECTOR('Line Direction',#1484,1.) ;
#1490=VECTOR('Line Direction',#1489,1.) ;
#1528=VECTOR('Line Direction',#1527,1.) ;
#1533=VECTOR('Line Direction',#1532,1.) ;
#1572=VECTOR('Line Direction',#1571,1.) ;
#1588=VECTOR('Line Direction',#1587,1.) ;
#1602=VECTOR('Line Direction',#1601,1.) ;
#1616=VECTOR('Line Direction',#1615,1.) ;
#1664=VECTOR('Line Direction',#1663,1.) ;
#1680=VECTOR('Line Direction',#1679,1.) ;
#1694=VECTOR('Line Direction',#1693,1.) ;
#1708=VECTOR('Line Direction',#1707,1.) ;
#1791=VECTOR('Line Direction',#1790,1.) ;
#1798=VECTOR('Line Direction',#1797,1.) ;
#1805=VECTOR('Line Direction',#1804,1.) ;
#1822=VECTOR('Line Direction',#1821,1.) ;
#1846=VECTOR('Line Direction',#1845,1.) ;
#1853=VECTOR('Line Direction',#1852,1.) ;
#1870=VECTOR('Line Direction',#1869,1.) ;
#1894=VECTOR('Line Direction',#1893,1.) ;
#1901=VECTOR('Line Direction',#1900,1.) ;
#1918=VECTOR('Line Direction',#1917,1.) ;
#1942=VECTOR('Line Direction',#1941,1.) ;
#1949=VECTOR('Line Direction',#1948,1.) ;
#1983=VECTOR('Line Direction',#1982,1.) ;
#1997=VECTOR('Line Direction',#1996,1.) ;
#2014=VECTOR('Line Direction',#2013,1.) ;
#2021=VECTOR('Line Direction',#2020,1.) ;
#2038=VECTOR('Line Direction',#2037,1.) ;
#2062=VECTOR('Line Direction',#2061,1.) ;
#2069=VECTOR('Line Direction',#2068,1.) ;
#2086=VECTOR('Line Direction',#2085,1.) ;
#2110=VECTOR('Line Direction',#2109,1.) ;
#2117=VECTOR('Line Direction',#2116,1.) ;
#2134=VECTOR('Line Direction',#2133,1.) ;
#2158=VECTOR('Line Direction',#2157,1.) ;
#2194=VECTOR('Line Direction',#2193,1.) ;
#2208=VECTOR('Line Direction',#2207,1.) ;
#2222=VECTOR('Line Direction',#2221,1.) ;
#2236=VECTOR('Line Direction',#2235,1.) ;
#2268=VECTOR('Line Direction',#2267,1.) ;
#2282=VECTOR('Line Direction',#2281,1.) ;
#2299=VECTOR('Line Direction',#2298,1.) ;
#2306=VECTOR('Line Direction',#2305,1.) ;
#2330=VECTOR('Line Direction',#2329,1.) ;
#2347=VECTOR('Line Direction',#2346,1.) ;
#2354=VECTOR('Line Direction',#2353,1.) ;
#2378=VECTOR('Line Direction',#2377,1.) ;
#2395=VECTOR('Line Direction',#2394,1.) ;
#2402=VECTOR('Line Direction',#2401,1.) ;
#2426=VECTOR('Line Direction',#2425,1.) ;
#2443=VECTOR('Line Direction',#2442,1.) ;
#2465=VECTOR('Line Direction',#2464,1.) ;
#2481=VECTOR('Line Direction',#2480,1.) ;
#2495=VECTOR('Line Direction',#2494,1.) ;
#2509=VECTOR('Line Direction',#2508,1.) ;
#2569=VECTOR('Line Direction',#2568,1.) ;
#2576=VECTOR('Line Direction',#2575,1.) ;
#2583=VECTOR('Line Direction',#2582,1.) ;
#2600=VECTOR('Line Direction',#2599,1.) ;
#2624=VECTOR('Line Direction',#2623,1.) ;
#2631=VECTOR('Line Direction',#2630,1.) ;
#2648=VECTOR('Line Direction',#2647,1.) ;
#2672=VECTOR('Line Direction',#2671,1.) ;
#2679=VECTOR('Line Direction',#2678,1.) ;
#2696=VECTOR('Line Direction',#2695,1.) ;
#2720=VECTOR('Line Direction',#2719,1.) ;
#2727=VECTOR('Line Direction',#2726,1.) ;
#2780=VECTOR('Line Direction',#2779,1.) ;
#2794=VECTOR('Line Direction',#2793,1.) ;
#2808=VECTOR('Line Direction',#2807,1.) ;
#2822=VECTOR('Line Direction',#2821,1.) ;
#2843=VECTOR('Line Direction',#2842,1.) ;
#2857=VECTOR('Line Direction',#2856,1.) ;
#2874=VECTOR('Line Direction',#2873,1.) ;
#2881=VECTOR('Line Direction',#2880,1.) ;
#2905=VECTOR('Line Direction',#2904,1.) ;
#2922=VECTOR('Line Direction',#2921,1.) ;
#2929=VECTOR('Line Direction',#2928,1.) ;
#2953=VECTOR('Line Direction',#2952,1.) ;
#2970=VECTOR('Line Direction',#2969,1.) ;
#2977=VECTOR('Line Direction',#2976,1.) ;
#3001=VECTOR('Line Direction',#3000,1.) ;
#3018=VECTOR('Line Direction',#3017,1.) ;
#3040=VECTOR('Line Direction',#3039,1.) ;
#3056=VECTOR('Line Direction',#3055,1.) ;
#3070=VECTOR('Line Direction',#3069,1.) ;
#3084=VECTOR('Line Direction',#3083,1.) ;
#3112=VECTOR('Line Direction',#3111,1.) ;
#3119=VECTOR('Line Direction',#3118,1.) ;
#3126=VECTOR('Line Direction',#3125,1.) ;
#3143=VECTOR('Line Direction',#3142,1.) ;
#3167=VECTOR('Line Direction',#3166,1.) ;
#3174=VECTOR('Line Direction',#3173,1.) ;
#3191=VECTOR('Line Direction',#3190,1.) ;
#3215=VECTOR('Line Direction',#3214,1.) ;
#3222=VECTOR('Line Direction',#3221,1.) ;
#3239=VECTOR('Line Direction',#3238,1.) ;
#3263=VECTOR('Line Direction',#3262,1.) ;
#3270=VECTOR('Line Direction',#3269,1.) ;
#3323=VECTOR('Line Direction',#3322,1.) ;
#3337=VECTOR('Line Direction',#3336,1.) ;
#3351=VECTOR('Line Direction',#3350,1.) ;
#3365=VECTOR('Line Direction',#3364,1.) ;
#3386=VECTOR('Line Direction',#3385,1.) ;
#3400=VECTOR('Line Direction',#3399,1.) ;
#3417=VECTOR('Line Direction',#3416,1.) ;
#3424=VECTOR('Line Direction',#3423,1.) ;
#3448=VECTOR('Line Direction',#3447,1.) ;
#3465=VECTOR('Line Direction',#3464,1.) ;
#3472=VECTOR('Line Direction',#3471,1.) ;
#3496=VECTOR('Line Direction',#3495,1.) ;
#3513=VECTOR('Line Direction',#3512,1.) ;
#3520=VECTOR('Line Direction',#3519,1.) ;
#3544=VECTOR('Line Direction',#3543,1.) ;
#3561=VECTOR('Line Direction',#3560,1.) ;
#32=DIRECTION('Axis2P3D Direction',(0.,0.,1.)) ;
#33=DIRECTION('Axis2P3D XDirection',(1.,0.,0.)) ;
#37=DIRECTION('Vector Direction',(0.,0.,1.)) ;
#46=DIRECTION('Axis2P3D Direction',(0.,0.,1.)) ;
#53=DIRECTION('Vector Direction',(0.,0.,1.)) ;
#60=DIRECTION('Axis2P3D Direction',(0.,0.,1.)) ;
#72=DIRECTION('Axis2P3D Direction',(0.,0.,1.)) ;
#77=DIRECTION('Axis2P3D Direction',(0.,0.,1.)) ;
#89=DIRECTION('Axis2P3D Direction',(0.,0.,1.)) ;
#90=DIRECTION('Axis2P3D XDirection',(1.,0.,0.)) ;
#94=DIRECTION('Vector Direction',(0.,0.,1.)) ;
#103=DIRECTION('Axis2P3D Direction',(0.,0.,1.)) ;
#110=DIRECTION('Vector Direction',(0.,0.,1.)) ;
#117=DIRECTION('Axis2P3D Direction',(0.,0.,1.)) ;
#129=DIRECTION('Axis2P3D Direction',(0.,0.,1.)) ;
#134=DIRECTION('Axis2P3D Direction',(0.,0.,1.)) ;
#146=DIRECTION('Axis2P3D Direction',(0.,0.,1.)) ;
#147=DIRECTION('Axis2P3D XDirection',(1.,0.,0.)) ;
#151=DIRECTION('Vector Direction',(0.,0.,1.)) ;
#160=DIRECTION('Axis2P3D Direction',(0.,0.,1.)) ;
#167=DIRECTION('Vector Direction',(0.,0.,1.)) ;
#174=DIRECTION('Axis2P3D Direction',(0.,0.,1.)) ;
#186=DIRECTION('Axis2P3D Direction',(0.,0.,1.)) ;
#191=DIRECTION('Axis2P3D Direction',(0.,0.,1.)) ;
#203=DIRECTION('Axis2P3D Direction',(0.,0.,1.)) ;
#204=DIRECTION('Axis2P3D XDirection',(1.,0.,0.)) ;
#208=DIRECTION('Vector Direction',(0.,0.,1.)) ;
#217=DIRECTION('Axis2P3D Direction',(0.,0.,1.)) ;
#224=DIRECTION('Vector Direction',(0.,0.,1.)) ;
#231=DIRECTION('Axis2P3D Direction',(0.,0.,1.)) ;
#243=DIRECTION('Axis2P3D Direction',(0.,0.,1.)) ;
#248=DIRECTION('Axis2P3D Direction',(0.,0.,1.)) ;
#260=DIRECTION('Axis2P3D Direction',(0.,0.,1.)) ;
#261=DIRECTION('Axis2P3D XDirection',(1.,0.,0.)) ;
#265=DIRECTION('Vector Direction',(0.,0.,1.)) ;
#274=DIRECTION('Axis2P3D Direction',(0.,0.,1.)) ;
#281=DIRECTION('Vector Direction',(0.,0.,1.)) ;
#288=DIRECTION('Axis2P3D Direction',(0.,0.,1.)) ;
#300=DIRECTION('Axis2P3D Direction',(0.,0.,1.)) ;
#305=DIRECTION('Axis2P3D Direction',(0.,0.,1.)) ;
#317=DIRECTION('Axis2P3D Direction',(0.,0.,1.)) ;
#318=DIRECTION('Axis2P3D XDirection',(1.,0.,0.)) ;
#322=DIRECTION('Vector Direction',(0.,0.,1.)) ;
#331=DIRECTION('Axis2P3D Direction',(0.,0.,1.)) ;
#338=DIRECTION('Vector Direction',(0.,0.,1.)) ;
#345=DIRECTION('Axis2P3D Direction',(0.,0.,1.)) ;
#357=DIRECTION('Axis2P3D Direction',(0.,0.,1.)) ;
#362=DIRECTION('Axis2P3D Direction',(0.,0.,1.)) ;
#374=DIRECTION('Axis2P3D Direction',(0.,0.,1.)) ;
#375=DIRECTION('Axis2P3D XDirection',(1.,0.,0.)) ;
#379=DIRECTION('Vector Direction',(0.,0.,1.)) ;
#388=DIRECTION('Axis2P3D Direction',(0.,0.,1.)) ;
#395=DIRECTION('Vector Direction',(0.,0.,1.)) ;
#402=DIRECTION('Axis2P3D Direction',(0.,0.,1.)) ;
#414=DIRECTION('Axis2P3D Direction',(0.,0.,1.)) ;
#419=DIRECTION('Axis2P3D Direction',(0.,0.,1.)) ;
#431=DIRECTION('Axis2P3D Direction',(0.,0.,1.)) ;
#432=DIRECTION('Axis2P3D XDirection',(1.,0.,0.)) ;
#436=DIRECTION('Vector Direction',(0.,0.,1.)) ;
#445=DIRECTION('Axis2P3D Direction',(0.,0.,1.)) ;
#452=DIRECTION('Vector Direction',(0.,0.,1.)) ;
#459=DIRECTION('Axis2P3D Direction',(0.,0.,1.)) ;
#471=DIRECTION('Axis2P3D Direction',(0.,0.,1.)) ;
#476=DIRECTION('Axis2P3D Direction',(0.,0.,1.)) ;
#488=DIRECTION('Axis2P3D Direction',(0.,0.,1.)) ;
#489=DIRECTION('Axis2P3D XDirection',(1.,0.,0.)) ;
#493=DIRECTION('Axis2P3D Direction',(0.,0.,1.)) ;
#502=DIRECTION('Vector Direction',(0.,0.,1.)) ;
#509=DIRECTION('Axis2P3D Direction',(0.,0.,1.)) ;
#516=DIRECTION('Vector Direction',(0.,0.,1.)) ;
#528=DIRECTION('Axis2P3D Direction',(0.,0.,1.)) ;
#533=DIRECTION('Axis2P3D Direction',(0.,0.,1.)) ;
#545=DIRECTION('Axis2P3D Direction',(0.,0.,1.)) ;
#546=DIRECTION('Axis2P3D XDirection',(1.,0.,0.)) ;
#550=DIRECTION('Axis2P3D Direction',(0.,0.,1.)) ;
#559=DIRECTION('Vector Direction',(0.,-1.,0.)) ;
#566=DIRECTION('Axis2P3D Direction',(0.,0.,1.)) ;
#573=DIRECTION('Vector Direction',(-1.,0.,0.)) ;
#580=DIRECTION('Axis2P3D Direction',(0.,0.,1.)) ;
#587=DIRECTION('Vector Direction',(0.,1.,0.)) ;
#594=DIRECTION('Axis2P3D Direction',(0.,0.,1.)) ;
#601=DIRECTION('Vector Direction',(1.,0.,0.)) ;
#616=DIRECTION('Vector Direction',(0.,1.,0.)) ;
#625=DIRECTION('Axis2P3D Direction',(0.,0.,1.)) ;
#632=DIRECTION('Vector Direction',(-1.,0.,0.)) ;
#639=DIRECTION('Axis2P3D Direction',(0.,0.,1.)) ;
#646=DIRECTION('Vector Direction',(0.,-1.,0.)) ;
#653=DIRECTION('Axis2P3D Direction',(0.,0.,1.)) ;
#660=DIRECTION('Axis2P3D Direction',(0.,0.,1.)) ;
#667=DIRECTION('Vector Direction',(0.,-1.,0.)) ;
#674=DIRECTION('Axis2P3D Direction',(0.,0.,1.)) ;
#681=DIRECTION('Vector Direction',(1.,0.,0.)) ;
#688=DIRECTION('Axis2P3D Direction',(0.,0.,1.)) ;
#695=DIRECTION('Vector Direction',(0.,1.,0.)) ;
#702=DIRECTION('Axis2P3D Direction',(0.,0.,1.)) ;
#709=DIRECTION('Axis2P3D Direction',(0.,0.,1.)) ;
#734=DIRECTION('Axis2P3D Direction',(0.,0.,1.)) ;
#743=DIRECTION('Axis2P3D Direction',(0.,0.,1.)) ;
#752=DIRECTION('Axis2P3D Direction',(0.,0.,1.)) ;
#761=DIRECTION('Axis2P3D Direction',(0.,0.,1.)) ;
#770=DIRECTION('Axis2P3D Direction',(0.,0.,1.)) ;
#779=DIRECTION('Axis2P3D Direction',(0.,0.,1.)) ;
#788=DIRECTION('Axis2P3D Direction',(0.,0.,1.)) ;
#797=DIRECTION('Axis2P3D Direction',(0.,0.,1.)) ;
#806=DIRECTION('Axis2P3D Direction',(0.,0.,1.)) ;
#815=DIRECTION('Axis2P3D Direction',(0.,0.,1.)) ;
#825=DIRECTION('Axis2P3D Direction',(0.,0.,1.)) ;
#826=DIRECTION('Axis2P3D XDirection',(1.,0.,0.)) ;
#839=DIRECTION('Axis2P3D Direction',(-0.,1.,0.)) ;
#840=DIRECTION('Axis2P3D XDirection',(1.,0.,0.)) ;
#844=DIRECTION('Vector Direction',(0.,0.,-1.)) ;
#851=DIRECTION('Vector Direction',(1.,0.,0.)) ;
#858=DIRECTION('Vector Direction',(0.,0.,-1.)) ;
#870=DIRECTION('Axis2P3D Direction',(0.,0.,1.)) ;
#871=DIRECTION('Axis2P3D XDirection',(1.59265981953E-15,-1.,0.)) ;
#875=DIRECTION('Vector Direction',(0.,0.,1.)) ;
#882=DIRECTION('Axis2P3D Direction',(0.,0.,1.)) ;
#894=DIRECTION('Axis2P3D Direction',(-1.,0.,0.)) ;
#895=DIRECTION('Axis2P3D XDirection',(0.,1.,0.)) ;
#899=DIRECTION('Vector Direction',(0.,0.,-1.)) ;
#906=DIRECTION('Vector Direction',(0.,1.,0.)) ;
#918=DIRECTION('Axis2P3D Direction',(0.,0.,1.)) ;
#919=DIRECTION('Axis2P3D XDirection',(1.,0.,0.)) ;
#923=DIRECTION('Vector Direction',(0.,0.,1.)) ;
#930=DIRECTION('Axis2P3D Direction',(0.,0.,1.)) ;
#942=DIRECTION('Axis2P3D Direction',(-0.,-1.,-0.)) ;
#943=DIRECTION('Axis2P3D XDirection',(-1.,0.,0.)) ;
#947=DIRECTION('Vector Direction',(0.,0.,-1.)) ;
#954=DIRECTION('Vector Direction',(-1.,0.,0.)) ;
#966=DIRECTION('Axis2P3D Direction',(0.,0.,1.)) ;
#967=DIRECTION('Axis2P3D XDirection',(1.39349996951E-15,1.,0.)) ;
#971=DIRECTION('Vector Direction',(0.,0.,1.)) ;
#978=DIRECTION('Axis2P3D Direction',(0.,0.,1.)) ;
#990=DIRECTION('Axis2P3D Direction',(1.,0.,0.)) ;
#991=DIRECTION('Axis2P3D XDirection',(0.,-1.,0.)) ;
#995=DIRECTION('Vector Direction',(0.,0.,-1.)) ;
#1002=DIRECTION('Vector Direction',(0.,-1.,0.)) ;
#1014=DIRECTION('Axis2P3D Direction',(0.,0.,1.)) ;
#1015=DIRECTION('Axis2P3D XDirection',(-1.,3.67517835872E-15,0.)) ;
#1019=DIRECTION('Axis2P3D Direction',(0.,0.,1.)) ;
#1031=DIRECTION('Axis2P3D Direction',(0.,0.,1.)) ;
#1032=DIRECTION('Axis2P3D XDirection',(1.,0.,0.)) ;
#1036=DIRECTION('Vector Direction',(0.,0.,1.)) ;
#1043=DIRECTION('Axis2P3D Direction',(0.,0.,1.)) ;
#1050=DIRECTION('Vector Direction',(0.,0.,1.)) ;
#1062=DIRECTION('Axis2P3D Direction',(0.,0.,1.)) ;
#1069=DIRECTION('Vector Direction',(0.,0.,1.)) ;
#1081=DIRECTION('Axis2P3D Direction',(-1.,0.,0.)) ;
#1082=DIRECTION('Axis2P3D XDirection',(0.,1.,0.)) ;
#1086=DIRECTION('Vector Direction',(0.,-1.,0.)) ;
#1091=DIRECTION('Vector Direction',(0.,0.,-1.)) ;
#1098=DIRECTION('Vector Direction',(0.,1.,0.)) ;
#1105=DIRECTION('Vector Direction',(0.,0.,-1.)) ;
#1121=DIRECTION('Axis2P3D Direction',(0.,0.,1.)) ;
#1122=DIRECTION('Axis2P3D XDirection',(1.59265981953E-15,-1.,0.)) ;
#1126=DIRECTION('Axis2P3D Direction',(0.,0.,1.)) ;
#1133=DIRECTION('Vector Direction',(0.,0.,1.)) ;
#1145=DIRECTION('Axis2P3D Direction',(-0.,1.,0.)) ;
#1146=DIRECTION('Axis2P3D XDirection',(1.,0.,0.)) ;
#1150=DIRECTION('Vector Direction',(1.,0.,0.)) ;
#1157=DIRECTION('Vector Direction',(0.,0.,-1.)) ;
#1169=DIRECTION('Axis2P3D Direction',(0.,0.,1.)) ;
#1170=DIRECTION('Axis2P3D XDirection',(-1.,3.23108914887E-15,0.)) ;
#1174=DIRECTION('Axis2P3D Direction',(0.,0.,1.)) ;
#1181=DIRECTION('Vector Direction',(0.,0.,1.)) ;
#1193=DIRECTION('Axis2P3D Direction',(1.,0.,0.)) ;
#1194=DIRECTION('Axis2P3D XDirection',(0.,-1.,0.)) ;
#1198=DIRECTION('Vector Direction',(0.,0.,-1.)) ;
#1205=DIRECTION('Vector Direction',(0.,-1.,0.)) ;
#1212=DIRECTION('Vector Direction',(0.,0.,-1.)) ;
#1217=DIRECTION('Vector Direction',(0.,0.,-1.)) ;
#1224=DIRECTION('Vector Direction',(0.,-1.,0.)) ;
#1240=DIRECTION('Axis2P3D Direction',(0.,0.,1.)) ;
#1241=DIRECTION('Axis2P3D XDirection',(1.,0.,0.)) ;
#1245=DIRECTION('Vector Direction',(0.,0.,1.)) ;
#1252=DIRECTION('Axis2P3D Direction',(0.,0.,1.)) ;
#1264=DIRECTION('Axis2P3D Direction',(0.,0.,1.)) ;
#1276=DIRECTION('Axis2P3D Direction',(0.,0.,1.)) ;
#1277=DIRECTION('Axis2P3D XDirection',(1.83758917936E-15,1.,0.)) ;
#1281=DIRECTION('Axis2P3D Direction',(0.,0.,1.)) ;
#1288=DIRECTION('Vector Direction',(0.,0.,1.)) ;
#1300=DIRECTION('Axis2P3D Direction',(-0.,-1.,-0.)) ;
#1301=DIRECTION('Axis2P3D XDirection',(-1.,0.,0.)) ;
#1305=DIRECTION('Vector Direction',(-1.,0.,0.)) ;
#1312=DIRECTION('Vector Direction',(0.,0.,-1.)) ;
#1324=DIRECTION('Axis2P3D Direction',(0.,0.,1.)) ;
#1325=DIRECTION('Axis2P3D XDirection',(1.,0.,0.)) ;
#1329=DIRECTION('Axis2P3D Direction',(0.,0.,1.)) ;
#1341=DIRECTION('Axis2P3D Direction',(0.,0.,1.)) ;
#1342=DIRECTION('Axis2P3D XDirection',(1.,0.,0.)) ;
#1346=DIRECTION('Axis2P3D Direction',(0.,0.,1.)) ;
#1355=DIRECTION('Vector Direction',(0.,0.,1.)) ;
#1360=DIRECTION('Vector Direction',(0.,0.,1.)) ;
#1372=DIRECTION('Axis2P3D Direction',(0.,0.,1.)) ;
#1384=DIRECTION('Axis2P3D Direction',(0.,0.,1.)) ;
#1385=DIRECTION('Axis2P3D XDirection',(1.,0.,0.)) ;
#1389=DIRECTION('Axis2P3D Direction',(0.,0.,1.)) ;
#1398=DIRECTION('Vector Direction',(0.,0.,1.)) ;
#1403=DIRECTION('Vector Direction',(0.,0.,1.)) ;
#1415=DIRECTION('Axis2P3D Direction',(0.,0.,1.)) ;
#1427=DIRECTION('Axis2P3D Direction',(0.,0.,1.)) ;
#1428=DIRECTION('Axis2P3D XDirection',(1.,0.,0.)) ;
#1432=DIRECTION('Axis2P3D Direction',(0.,0.,1.)) ;
#1441=DIRECTION('Vector Direction',(0.,0.,1.)) ;
#1446=DIRECTION('Vector Direction',(0.,0.,1.)) ;
#1458=DIRECTION('Axis2P3D Direction',(0.,0.,1.)) ;
#1470=DIRECTION('Axis2P3D Direction',(0.,0.,1.)) ;
#1471=DIRECTION('Axis2P3D XDirection',(1.,0.,0.)) ;
#1475=DIRECTION('Axis2P3D Direction',(0.,0.,1.)) ;
#1484=DIRECTION('Vector Direction',(0.,0.,1.)) ;
#1489=DIRECTION('Vector Direction',(0.,0.,1.)) ;
#1501=DIRECTION('Axis2P3D Direction',(0.,0.,1.)) ;
#1513=DIRECTION('Axis2P3D Direction',(0.,0.,1.)) ;
#1514=DIRECTION('Axis2P3D XDirection',(1.,0.,0.)) ;
#1518=DIRECTION('Axis2P3D Direction',(0.,0.,1.)) ;
#1527=DIRECTION('Vector Direction',(0.,0.,1.)) ;
#1532=DIRECTION('Vector Direction',(0.,0.,1.)) ;
#1544=DIRECTION('Axis2P3D Direction',(0.,0.,1.)) ;
#1556=DIRECTION('Axis2P3D Direction',(0.,0.,1.)) ;
#1557=DIRECTION('Axis2P3D XDirection',(1.,0.,0.)) ;
#1571=DIRECTION('Vector Direction',(0.,-1.,0.)) ;
#1580=DIRECTION('Axis2P3D Direction',(0.,0.,1.)) ;
#1587=DIRECTION('Vector Direction',(-1.,0.,0.)) ;
#1594=DIRECTION('Axis2P3D Direction',(0.,0.,1.)) ;
#1601=DIRECTION('Vector Direction',(0.,1.,0.)) ;
#1608=DIRECTION('Axis2P3D Direction',(0.,0.,1.)) ;
#1615=DIRECTION('Vector Direction',(1.,0.,0.)) ;
#1622=DIRECTION('Axis2P3D Direction',(0.,0.,1.)) ;
#1648=DIRECTION('Axis2P3D Direction',(0.,0.,1.)) ;
#1649=DIRECTION('Axis2P3D XDirection',(1.,0.,0.)) ;
#1663=DIRECTION('Vector Direction',(1.,0.,0.)) ;
#1672=DIRECTION('Axis2P3D Direction',(0.,0.,1.)) ;
#1679=DIRECTION('Vector Direction',(0.,1.,0.)) ;
#1686=DIRECTION('Axis2P3D Direction',(0.,0.,1.)) ;
#1693=DIRECTION('Vector Direction',(-1.,0.,0.)) ;
#1700=DIRECTION('Axis2P3D Direction',(0.,0.,1.)) ;
#1707=DIRECTION('Vector Direction',(0.,-1.,0.)) ;
#1714=DIRECTION('Axis2P3D Direction',(0.,0.,1.)) ;
#1785=DIRECTION('Axis2P3D Direction',(-1.,0.,0.)) ;
#1786=DIRECTION('Axis2P3D XDirection',(0.,-1.,0.)) ;
#1790=DIRECTION('Vector Direction',(0.,0.,1.)) ;
#1797=DIRECTION('Vector Direction',(0.,0.,1.)) ;
#1804=DIRECTION('Vector Direction',(0.,-1.,0.)) ;
#1816=DIRECTION('Axis2P3D Direction',(0.,0.,1.)) ;
#1817=DIRECTION('Axis2P3D XDirection',(1.83758917936E-15,1.,0.)) ;
#1821=DIRECTION('Vector Direction',(0.,0.,1.)) ;
#1828=DIRECTION('Axis2P3D Direction',(0.,0.,1.)) ;
#1840=DIRECTION('Axis2P3D Direction',(0.,1.,-0.)) ;
#1841=DIRECTION('Axis2P3D XDirection',(-1.,0.,0.)) ;
#1845=DIRECTION('Vector Direction',(0.,0.,1.)) ;
#1852=DIRECTION('Vector Direction',(-1.,0.,0.)) ;
#1864=DIRECTION('Axis2P3D Direction',(0.,0.,1.)) ;
#1865=DIRECTION('Axis2P3D XDirection',(1.,0.,0.)) ;
#1869=DIRECTION('Vector Direction',(0.,0.,1.)) ;
#1876=DIRECTION('Axis2P3D Direction',(0.,0.,1.)) ;
#1888=DIRECTION('Axis2P3D Direction',(1.,0.,0.)) ;
#1889=DIRECTION('Axis2P3D XDirection',(0.,1.,0.)) ;
#1893=DIRECTION('Vector Direction',(0.,0.,1.)) ;
#1900=DIRECTION('Vector Direction',(0.,1.,0.)) ;
#1912=DIRECTION('Axis2P3D Direction',(0.,0.,1.)) ;
#1913=DIRECTION('Axis2P3D XDirection',(1.59265981953E-15,-1.,0.)) ;
#1917=DIRECTION('Vector Direction',(0.,0.,1.)) ;
#1924=DIRECTION('Axis2P3D Direction',(0.,0.,1.)) ;
#1936=DIRECTION('Axis2P3D Direction',(0.,-1.,0.)) ;
#1937=DIRECTION('Axis2P3D XDirection',(1.,0.,0.)) ;
#1941=DIRECTION('Vector Direction',(0.,0.,1.)) ;
#1948=DIRECTION('Vector Direction',(1.,0.,0.)) ;
#1960=DIRECTION('Axis2P3D Direction',(0.,0.,1.)) ;
#1961=DIRECTION('Axis2P3D XDirection',(-1.,2.34291072917E-15,0.)) ;
#1965=DIRECTION('Axis2P3D Direction',(0.,0.,1.)) ;
#1977=DIRECTION('Axis2P3D Direction',(0.,0.,1.)) ;
#1978=DIRECTION('Axis2P3D XDirection',(-1.,3.67517835872E-15,0.)) ;
#1982=DIRECTION('Vector Direction',(0.,0.,1.)) ;
#1989=DIRECTION('Axis2P3D Direction',(0.,0.,1.)) ;
#1996=DIRECTION('Vector Direction',(0.,0.,1.)) ;
#2008=DIRECTION('Axis2P3D Direction',(1.,0.,0.)) ;
#2009=DIRECTION('Axis2P3D XDirection',(0.,-1.,0.)) ;
#2013=DIRECTION('Vector Direction',(0.,0.,-1.)) ;
#2020=DIRECTION('Vector Direction',(0.,-1.,0.)) ;
#2032=DIRECTION('Axis2P3D Direction',(0.,0.,1.)) ;
#2033=DIRECTION('Axis2P3D XDirection',(1.83758917936E-15,1.,0.)) ;
#2037=DIRECTION('Vector Direction',(0.,0.,1.)) ;
#2044=DIRECTION('Axis2P3D Direction',(0.,0.,1.)) ;
#2056=DIRECTION('Axis2P3D Direction',(-0.,-1.,-0.)) ;
#2057=DIRECTION('Axis2P3D XDirection',(-1.,0.,0.)) ;
#2061=DIRECTION('Vector Direction',(0.,0.,-1.)) ;
#2068=DIRECTION('Vector Direction',(-1.,0.,0.)) ;
#2080=DIRECTION('Axis2P3D Direction',(0.,0.,1.)) ;
#2081=DIRECTION('Axis2P3D XDirection',(1.,0.,0.)) ;
#2085=DIRECTION('Vector Direction',(0.,0.,1.)) ;
#2092=DIRECTION('Axis2P3D Direction',(0.,0.,1.)) ;
#2104=DIRECTION('Axis2P3D Direction',(-1.,0.,0.)) ;
#2105=DIRECTION('Axis2P3D XDirection',(0.,1.,0.)) ;
#2109=DIRECTION('Vector Direction',(0.,0.,-1.)) ;
#2116=DIRECTION('Vector Direction',(0.,1.,0.)) ;
#2128=DIRECTION('Axis2P3D Direction',(0.,0.,1.)) ;
#2129=DIRECTION('Axis2P3D XDirection',(1.59265981953E-15,-1.,0.)) ;
#2133=DIRECTION('Vector Direction',(0.,0.,1.)) ;
#2140=DIRECTION('Axis2P3D Direction',(0.,0.,1.)) ;
#2152=DIRECTION('Axis2P3D Direction',(-0.,1.,0.)) ;
#2153=DIRECTION('Axis2P3D XDirection',(1.,0.,0.)) ;
#2157=DIRECTION('Vector Direction',(1.,0.,0.)) ;
#2169=DIRECTION('Axis2P3D Direction',(0.,0.,1.)) ;
#2170=DIRECTION('Axis2P3D XDirection',(1.,0.,0.)) ;
#2184=DIRECTION('Axis2P3D Direction',(0.,0.,1.)) ;
#2193=DIRECTION('Vector Direction',(0.,-1.,0.)) ;
#2200=DIRECTION('Axis2P3D Direction',(0.,0.,1.)) ;
#2207=DIRECTION('Vector Direction',(-1.,0.,0.)) ;
#2214=DIRECTION('Axis2P3D Direction',(0.,0.,1.)) ;
#2221=DIRECTION('Vector Direction',(0.,1.,0.)) ;
#2228=DIRECTION('Axis2P3D Direction',(0.,0.,1.)) ;
#2235=DIRECTION('Vector Direction',(1.,0.,0.)) ;
#2262=DIRECTION('Axis2P3D Direction',(0.,0.,1.)) ;
#2263=DIRECTION('Axis2P3D XDirection',(-1.,3.67517835872E-15,0.)) ;
#2267=DIRECTION('Vector Direction',(0.,0.,1.)) ;
#2274=DIRECTION('Axis2P3D Direction',(0.,0.,1.)) ;
#2281=DIRECTION('Vector Direction',(0.,0.,1.)) ;
#2293=DIRECTION('Axis2P3D Direction',(-1.,0.,0.)) ;
#2294=DIRECTION('Axis2P3D XDirection',(0.,-1.,0.)) ;
#2298=DIRECTION('Vector Direction',(0.,-1.,0.)) ;
#2305=DIRECTION('Vector Direction',(0.,0.,1.)) ;
#2317=DIRECTION('Axis2P3D Direction',(0.,0.,1.)) ;
#2318=DIRECTION('Axis2P3D XDirection',(1.39349996951E-15,1.,0.)) ;
#2322=DIRECTION('Axis2P3D Direction',(0.,0.,1.)) ;
#2329=DIRECTION('Vector Direction',(0.,0.,1.)) ;
#2341=DIRECTION('Axis2P3D Direction',(0.,1.,-0.)) ;
#2342=DIRECTION('Axis2P3D XDirection',(-1.,0.,0.)) ;
#2346=DIRECTION('Vector Direction',(-1.,0.,0.)) ;
#2353=DIRECTION('Vector Direction',(0.,0.,1.)) ;
#2365=DIRECTION('Axis2P3D Direction',(0.,0.,1.)) ;
#2366=DIRECTION('Axis2P3D XDirection',(1.,0.,0.)) ;
#2370=DIRECTION('Axis2P3D Direction',(0.,0.,1.)) ;
#2377=DIRECTION('Vector Direction',(0.,0.,1.)) ;
#2389=DIRECTION('Axis2P3D Direction',(1.,0.,0.)) ;
#2390=DIRECTION('Axis2P3D XDirection',(0.,1.,0.)) ;
#2394=DIRECTION('Vector Direction',(0.,1.,0.)) ;
#2401=DIRECTION('Vector Direction',(0.,0.,1.)) ;
#2413=DIRECTION('Axis2P3D Direction',(0.,0.,1.)) ;
#2414=DIRECTION('Axis2P3D XDirection',(1.59265981953E-15,-1.,0.)) ;
#2418=DIRECTION('Axis2P3D Direction',(0.,0.,1.)) ;
#2425=DIRECTION('Vector Direction',(0.,0.,1.)) ;
#2437=DIRECTION('Axis2P3D Direction',(0.,-1.,0.)) ;
#2438=DIRECTION('Axis2P3D XDirection',(1.,0.,0.)) ;
#2442=DIRECTION('Vector Direction',(1.,0.,0.)) ;
#2464=DIRECTION('Vector Direction',(0.,-1.,0.)) ;
#2473=DIRECTION('Axis2P3D Direction',(0.,0.,1.)) ;
#2480=DIRECTION('Vector Direction',(-1.,0.,0.)) ;
#2487=DIRECTION('Axis2P3D Direction',(0.,0.,1.)) ;
#2494=DIRECTION('Vector Direction',(0.,1.,0.)) ;
#2501=DIRECTION('Axis2P3D Direction',(0.,0.,1.)) ;
#2508=DIRECTION('Vector Direction',(1.,0.,0.)) ;
#2515=DIRECTION('Axis2P3D Direction',(0.,0.,1.)) ;
#2563=DIRECTION('Axis2P3D Direction',(1.,0.,0.)) ;
#2564=DIRECTION('Axis2P3D XDirection',(0.,-1.,0.)) ;
#2568=DIRECTION('Vector Direction',(0.,0.,-1.)) ;
#2575=DIRECTION('Vector Direction',(0.,0.,-1.)) ;
#2582=DIRECTION('Vector Direction',(0.,-1.,0.)) ;
#2594=DIRECTION('Axis2P3D Direction',(0.,0.,1.)) ;
#2595=DIRECTION('Axis2P3D XDirection',(1.39349996951E-15,1.,0.)) ;
#2599=DIRECTION('Vector Direction',(0.,0.,1.)) ;
#2606=DIRECTION('Axis2P3D Direction',(0.,0.,1.)) ;
#2618=DIRECTION('Axis2P3D Direction',(-0.,-1.,-0.)) ;
#2619=DIRECTION('Axis2P3D XDirection',(-1.,0.,0.)) ;
#2623=DIRECTION('Vector Direction',(0.,0.,-1.)) ;
#2630=DIRECTION('Vector Direction',(-1.,0.,0.)) ;
#2642=DIRECTION('Axis2P3D Direction',(0.,0.,1.)) ;
#2643=DIRECTION('Axis2P3D XDirection',(1.,0.,0.)) ;
#2647=DIRECTION('Vector Direction',(0.,0.,1.)) ;
#2654=DIRECTION('Axis2P3D Direction',(0.,0.,1.)) ;
#2666=DIRECTION('Axis2P3D Direction',(-1.,0.,0.)) ;
#2667=DIRECTION('Axis2P3D XDirection',(0.,1.,0.)) ;
#2671=DIRECTION('Vector Direction',(0.,0.,-1.)) ;
#2678=DIRECTION('Vector Direction',(0.,1.,0.)) ;
#2690=DIRECTION('Axis2P3D Direction',(0.,0.,1.)) ;
#2691=DIRECTION('Axis2P3D XDirection',(1.59265981953E-15,-1.,0.)) ;
#2695=DIRECTION('Vector Direction',(0.,0.,1.)) ;
#2702=DIRECTION('Axis2P3D Direction',(0.,0.,1.)) ;
#2714=DIRECTION('Axis2P3D Direction',(-0.,1.,0.)) ;
#2715=DIRECTION('Axis2P3D XDirection',(1.,0.,0.)) ;
#2719=DIRECTION('Vector Direction',(0.,0.,-1.)) ;
#2726=DIRECTION('Vector Direction',(1.,0.,0.)) ;
#2738=DIRECTION('Axis2P3D Direction',(0.,0.,1.)) ;
#2739=DIRECTION('Axis2P3D XDirection',(-1.,3.23108914887E-15,0.)) ;
#2743=DIRECTION('Axis2P3D Direction',(0.,0.,1.)) ;
#2755=DIRECTION('Axis2P3D Direction',(0.,0.,1.)) ;
#2756=DIRECTION('Axis2P3D XDirection',(1.,0.,0.)) ;
#2770=DIRECTION('Axis2P3D Direction',(0.,0.,1.)) ;
#2779=DIRECTION('Vector Direction',(0.,-1.,0.)) ;
#2786=DIRECTION('Axis2P3D Direction',(0.,0.,1.)) ;
#2793=DIRECTION('Vector Direction',(-1.,0.,0.)) ;
#2800=DIRECTION('Axis2P3D Direction',(0.,0.,1.)) ;
#2807=DIRECTION('Vector Direction',(0.,1.,0.)) ;
#2814=DIRECTION('Axis2P3D Direction',(0.,0.,1.)) ;
#2821=DIRECTION('Vector Direction',(1.,0.,0.)) ;
#2837=DIRECTION('Axis2P3D Direction',(0.,0.,1.)) ;
#2838=DIRECTION('Axis2P3D XDirection',(-1.,3.23108914887E-15,0.)) ;
#2842=DIRECTION('Vector Direction',(0.,0.,1.)) ;
#2849=DIRECTION('Axis2P3D Direction',(0.,0.,1.)) ;
#2856=DIRECTION('Vector Direction',(0.,0.,1.)) ;
#2868=DIRECTION('Axis2P3D Direction',(1.,0.,0.)) ;
#2869=DIRECTION('Axis2P3D XDirection',(0.,-1.,0.)) ;
#2873=DIRECTION('Vector Direction',(0.,-1.,0.)) ;
#2880=DIRECTION('Vector Direction',(0.,0.,-1.)) ;
#2892=DIRECTION('Axis2P3D Direction',(0.,0.,1.)) ;
#2893=DIRECTION('Axis2P3D XDirection',(1.39349996951E-15,1.,0.)) ;
#2897=DIRECTION('Axis2P3D Direction',(0.,0.,1.)) ;
#2904=DIRECTION('Vector Direction',(0.,0.,1.)) ;
#2916=DIRECTION('Axis2P3D Direction',(-0.,-1.,-0.)) ;
#2917=DIRECTION('Axis2P3D XDirection',(-1.,0.,0.)) ;
#2921=DIRECTION('Vector Direction',(-1.,0.,0.)) ;
#2928=DIRECTION('Vector Direction',(0.,0.,-1.)) ;
#2940=DIRECTION('Axis2P3D Direction',(0.,0.,1.)) ;
#2941=DIRECTION('Axis2P3D XDirection',(1.,0.,0.)) ;
#2945=DIRECTION('Axis2P3D Direction',(0.,0.,1.)) ;
#2952=DIRECTION('Vector Direction',(0.,0.,1.)) ;
#2964=DIRECTION('Axis2P3D Direction',(-1.,0.,0.)) ;
#2965=DIRECTION('Axis2P3D XDirection',(0.,1.,0.)) ;
#2969=DIRECTION('Vector Direction',(0.,1.,0.)) ;
#2976=DIRECTION('Vector Direction',(0.,0.,-1.)) ;
#2988=DIRECTION('Axis2P3D Direction',(0.,0.,1.)) ;
#2989=DIRECTION('Axis2P3D XDirection',(7.04481399828E-16,-1.,0.)) ;
#2993=DIRECTION('Axis2P3D Direction',(0.,0.,1.)) ;
#3000=DIRECTION('Vector Direction',(0.,0.,1.)) ;
#3012=DIRECTION('Axis2P3D Direction',(-0.,1.,0.)) ;
#3013=DIRECTION('Axis2P3D XDirection',(1.,0.,0.)) ;
#3017=DIRECTION('Vector Direction',(1.,0.,0.)) ;
#3039=DIRECTION('Vector Direction',(0.,-1.,0.)) ;
#3048=DIRECTION('Axis2P3D Direction',(0.,0.,1.)) ;
#3055=DIRECTION('Vector Direction',(-1.,0.,0.)) ;
#3062=DIRECTION('Axis2P3D Direction',(0.,0.,1.)) ;
#3069=DIRECTION('Vector Direction',(0.,1.,0.)) ;
#3076=DIRECTION('Axis2P3D Direction',(0.,0.,1.)) ;
#3083=DIRECTION('Vector Direction',(1.,0.,0.)) ;
#3090=DIRECTION('Axis2P3D Direction',(0.,0.,1.)) ;
#3106=DIRECTION('Axis2P3D Direction',(-1.,0.,0.)) ;
#3107=DIRECTION('Axis2P3D XDirection',(0.,-1.,0.)) ;
#3111=DIRECTION('Vector Direction',(0.,0.,1.)) ;
#3118=DIRECTION('Vector Direction',(0.,0.,1.)) ;
#3125=DIRECTION('Vector Direction',(0.,-1.,0.)) ;
#3137=DIRECTION('Axis2P3D Direction',(0.,0.,1.)) ;
#3138=DIRECTION('Axis2P3D XDirection',(1.39349996951E-15,1.,0.)) ;
#3142=DIRECTION('Vector Direction',(0.,0.,1.)) ;
#3149=DIRECTION('Axis2P3D Direction',(0.,0.,1.)) ;
#3161=DIRECTION('Axis2P3D Direction',(0.,1.,-0.)) ;
#3162=DIRECTION('Axis2P3D XDirection',(-1.,0.,0.)) ;
#3166=DIRECTION('Vector Direction',(0.,0.,1.)) ;
#3173=DIRECTION('Vector Direction',(-1.,0.,0.)) ;
#3185=DIRECTION('Axis2P3D Direction',(0.,0.,1.)) ;
#3186=DIRECTION('Axis2P3D XDirection',(1.,0.,0.)) ;
#3190=DIRECTION('Vector Direction',(0.,0.,1.)) ;
#3197=DIRECTION('Axis2P3D Direction',(0.,0.,1.)) ;
#3209=DIRECTION('Axis2P3D Direction',(1.,0.,0.)) ;
#3210=DIRECTION('Axis2P3D XDirection',(0.,1.,0.)) ;
#3214=DIRECTION('Vector Direction',(0.,0.,1.)) ;
#3221=DIRECTION('Vector Direction',(0.,1.,0.)) ;
#3233=DIRECTION('Axis2P3D Direction',(0.,0.,1.)) ;
#3234=DIRECTION('Axis2P3D XDirection',(1.59265981953E-15,-1.,0.)) ;
#3238=DIRECTION('Vector Direction',(0.,0.,1.)) ;
#3245=DIRECTION('Axis2P3D Direction',(0.,0.,1.)) ;
#3257=DIRECTION('Axis2P3D Direction',(0.,-1.,0.)) ;
#3258=DIRECTION('Axis2P3D XDirection',(1.,0.,0.)) ;
#3262=DIRECTION('Vector Direction',(0.,0.,1.)) ;
#3269=DIRECTION('Vector Direction',(1.,0.,0.)) ;
#3281=DIRECTION('Axis2P3D Direction',(0.,0.,1.)) ;
#3282=DIRECTION('Axis2P3D XDirection',(-1.,2.78699993902E-15,0.)) ;
#3286=DIRECTION('Axis2P3D Direction',(0.,0.,1.)) ;
#3298=DIRECTION('Axis2P3D Direction',(0.,0.,1.)) ;
#3299=DIRECTION('Axis2P3D XDirection',(1.,0.,0.)) ;
#3313=DIRECTION('Axis2P3D Direction',(0.,0.,1.)) ;
#3322=DIRECTION('Vector Direction',(0.,-1.,0.)) ;
#3329=DIRECTION('Axis2P3D Direction',(0.,0.,1.)) ;
#3336=DIRECTION('Vector Direction',(-1.,0.,0.)) ;
#3343=DIRECTION('Axis2P3D Direction',(0.,0.,1.)) ;
#3350=DIRECTION('Vector Direction',(0.,1.,0.)) ;
#3357=DIRECTION('Axis2P3D Direction',(0.,0.,1.)) ;
#3364=DIRECTION('Vector Direction',(1.,0.,0.)) ;
#3380=DIRECTION('Axis2P3D Direction',(0.,0.,1.)) ;
#3381=DIRECTION('Axis2P3D XDirection',(-1.,2.34291072917E-15,0.)) ;
#3385=DIRECTION('Vector Direction',(0.,0.,1.)) ;
#3392=DIRECTION('Axis2P3D Direction',(0.,0.,1.)) ;
#3399=DIRECTION('Vector Direction',(0.,0.,1.)) ;
#3411=DIRECTION('Axis2P3D Direction',(-1.,0.,0.)) ;
#3412=DIRECTION('Axis2P3D XDirection',(0.,-1.,0.)) ;
#3416=DIRECTION('Vector Direction',(0.,-1.,0.)) ;
#3423=DIRECTION('Vector Direction',(0.,0.,1.)) ;
#3435=DIRECTION('Axis2P3D Direction',(0.,0.,1.)) ;
#3436=DIRECTION('Axis2P3D XDirection',(1.17145536458E-15,1.,0.)) ;
#3440=DIRECTION('Axis2P3D Direction',(0.,0.,1.)) ;
#3447=DIRECTION('Vector Direction',(0.,0.,1.)) ;
#3459=DIRECTION('Axis2P3D Direction',(0.,1.,-0.)) ;
#3460=DIRECTION('Axis2P3D XDirection',(-1.,0.,0.)) ;
#3464=DIRECTION('Vector Direction',(-1.,0.,0.)) ;
#3471=DIRECTION('Vector Direction',(0.,0.,1.)) ;
#3483=DIRECTION('Axis2P3D Direction',(0.,0.,1.)) ;
#3484=DIRECTION('Axis2P3D XDirection',(1.,0.,0.)) ;
#3488=DIRECTION('Axis2P3D Direction',(0.,0.,1.)) ;
#3495=DIRECTION('Vector Direction',(0.,0.,1.)) ;
#3507=DIRECTION('Axis2P3D Direction',(1.,0.,0.)) ;
#3508=DIRECTION('Axis2P3D XDirection',(0.,1.,0.)) ;
#3512=DIRECTION('Vector Direction',(0.,1.,0.)) ;
#3519=DIRECTION('Vector Direction',(0.,0.,1.)) ;
#3531=DIRECTION('Axis2P3D Direction',(0.,0.,1.)) ;
#3532=DIRECTION('Axis2P3D XDirection',(7.04481399828E-16,-1.,0.)) ;
#3536=DIRECTION('Axis2P3D Direction',(0.,0.,1.)) ;
#3543=DIRECTION('Vector Direction',(0.,0.,1.)) ;
#3555=DIRECTION('Axis2P3D Direction',(0.,-1.,0.)) ;
#3556=DIRECTION('Axis2P3D XDirection',(1.,0.,0.)) ;
#3560=DIRECTION('Vector Direction',(1.,0.,0.)) ;
#3583=SHAPE_REPRESENTATION_RELATIONSHIP(' ',' ',#19,#3582) ;
#18=AXIS2_PLACEMENT_3D(' ',#17,$,$) ;
#34=AXIS2_PLACEMENT_3D('Cylinder Axis2P3D',#31,#32,#33) ;
#47=AXIS2_PLACEMENT_3D('Circle Axis2P3D',#45,#46,$) ;
#61=AXIS2_PLACEMENT_3D('Circle Axis2P3D',#59,#60,$) ;
#73=AXIS2_PLACEMENT_3D('Circle Axis2P3D',#71,#72,$) ;
#78=AXIS2_PLACEMENT_3D('Circle Axis2P3D',#76,#77,$) ;
#91=AXIS2_PLACEMENT_3D('Cylinder Axis2P3D',#88,#89,#90) ;
#104=AXIS2_PLACEMENT_3D('Circle Axis2P3D',#102,#103,$) ;
#118=AXIS2_PLACEMENT_3D('Circle Axis2P3D',#116,#117,$) ;
#130=AXIS2_PLACEMENT_3D('Circle Axis2P3D',#128,#129,$) ;
#135=AXIS2_PLACEMENT_3D('Circle Axis2P3D',#133,#134,$) ;
#148=AXIS2_PLACEMENT_3D('Cylinder Axis2P3D',#145,#146,#147) ;
#161=AXIS2_PLACEMENT_3D('Circle Axis2P3D',#159,#160,$) ;
#175=AXIS2_PLACEMENT_3D('Circle Axis2P3D',#173,#174,$) ;
#187=AXIS2_PLACEMENT_3D('Circle Axis2P3D',#185,#186,$) ;
#192=AXIS2_PLACEMENT_3D('Circle Axis2P3D',#190,#191,$) ;
#205=AXIS2_PLACEMENT_3D('Cylinder Axis2P3D',#202,#203,#204) ;
#218=AXIS2_PLACEMENT_3D('Circle Axis2P3D',#216,#217,$) ;
#232=AXIS2_PLACEMENT_3D('Circle Axis2P3D',#230,#231,$) ;
#244=AXIS2_PLACEMENT_3D('Circle Axis2P3D',#242,#243,$) ;
#249=AXIS2_PLACEMENT_3D('Circle Axis2P3D',#247,#248,$) ;
#262=AXIS2_PLACEMENT_3D('Cylinder Axis2P3D',#259,#260,#261) ;
#275=AXIS2_PLACEMENT_3D('Circle Axis2P3D',#273,#274,$) ;
#289=AXIS2_PLACEMENT_3D('Circle Axis2P3D',#287,#288,$) ;
#301=AXIS2_PLACEMENT_3D('Circle Axis2P3D',#299,#300,$) ;
#306=AXIS2_PLACEMENT_3D('Circle Axis2P3D',#304,#305,$) ;
#319=AXIS2_PLACEMENT_3D('Cylinder Axis2P3D',#316,#317,#318) ;
#332=AXIS2_PLACEMENT_3D('Circle Axis2P3D',#330,#331,$) ;
#346=AXIS2_PLACEMENT_3D('Circle Axis2P3D',#344,#345,$) ;
#358=AXIS2_PLACEMENT_3D('Circle Axis2P3D',#356,#357,$) ;
#363=AXIS2_PLACEMENT_3D('Circle Axis2P3D',#361,#362,$) ;
#376=AXIS2_PLACEMENT_3D('Cylinder Axis2P3D',#373,#374,#375) ;
#389=AXIS2_PLACEMENT_3D('Circle Axis2P3D',#387,#388,$) ;
#403=AXIS2_PLACEMENT_3D('Circle Axis2P3D',#401,#402,$) ;
#415=AXIS2_PLACEMENT_3D('Circle Axis2P3D',#413,#414,$) ;
#420=AXIS2_PLACEMENT_3D('Circle Axis2P3D',#418,#419,$) ;
#433=AXIS2_PLACEMENT_3D('Cylinder Axis2P3D',#430,#431,#432) ;
#446=AXIS2_PLACEMENT_3D('Circle Axis2P3D',#444,#445,$) ;
#460=AXIS2_PLACEMENT_3D('Circle Axis2P3D',#458,#459,$) ;
#472=AXIS2_PLACEMENT_3D('Circle Axis2P3D',#470,#471,$) ;
#477=AXIS2_PLACEMENT_3D('Circle Axis2P3D',#475,#476,$) ;
#490=AXIS2_PLACEMENT_3D('Cylinder Axis2P3D',#487,#488,#489) ;
#494=AXIS2_PLACEMENT_3D('Circle Axis2P3D',#492,#493,$) ;
#510=AXIS2_PLACEMENT_3D('Circle Axis2P3D',#508,#509,$) ;
#529=AXIS2_PLACEMENT_3D('Circle Axis2P3D',#527,#528,$) ;
#534=AXIS2_PLACEMENT_3D('Circle Axis2P3D',#532,#533,$) ;
#547=AXIS2_PLACEMENT_3D('Plane Axis2P3D',#544,#545,#546) ;
#551=AXIS2_PLACEMENT_3D('Circle Axis2P3D',#549,#550,$) ;
#567=AXIS2_PLACEMENT_3D('Circle Axis2P3D',#565,#566,$) ;
#581=AXIS2_PLACEMENT_3D('Circle Axis2P3D',#579,#580,$) ;
#595=AXIS2_PLACEMENT_3D('Circle Axis2P3D',#593,#594,$) ;
#626=AXIS2_PLACEMENT_3D('Circle Axis2P3D',#624,#625,$) ;
#640=AXIS2_PLACEMENT_3D('Circle Axis2P3D',#638,#639,$) ;
#654=AXIS2_PLACEMENT_3D('Circle Axis2P3D',#652,#653,$) ;
#661=AXIS2_PLACEMENT_3D('Circle Axis2P3D',#659,#660,$) ;
#675=AXIS2_PLACEMENT_3D('Circle Axis2P3D',#673,#674,$) ;
#689=AXIS2_PLACEMENT_3D('Circle Axis2P3D',#687,#688,$) ;
#703=AXIS2_PLACEMENT_3D('Circle Axis2P3D',#701,#702,$) ;
#710=AXIS2_PLACEMENT_3D('Circle Axis2P3D',#708,#709,$) ;
#735=AXIS2_PLACEMENT_3D('Circle Axis2P3D',#733,#734,$) ;
#744=AXIS2_PLACEMENT_3D('Circle Axis2P3D',#742,#743,$) ;
#753=AXIS2_PLACEMENT_3D('Circle Axis2P3D',#751,#752,$) ;
#762=AXIS2_PLACEMENT_3D('Circle Axis2P3D',#760,#761,$) ;
#771=AXIS2_PLACEMENT_3D('Circle Axis2P3D',#769,#770,$) ;
#780=AXIS2_PLACEMENT_3D('Circle Axis2P3D',#778,#779,$) ;
#789=AXIS2_PLACEMENT_3D('Circle Axis2P3D',#787,#788,$) ;
#798=AXIS2_PLACEMENT_3D('Circle Axis2P3D',#796,#797,$) ;
#807=AXIS2_PLACEMENT_3D('Circle Axis2P3D',#805,#806,$) ;
#816=AXIS2_PLACEMENT_3D('Circle Axis2P3D',#814,#815,$) ;
#827=AXIS2_PLACEMENT_3D('Plane Axis2P3D',#824,#825,#826) ;
#841=AXIS2_PLACEMENT_3D('Plane Axis2P3D',#838,#839,#840) ;
#872=AXIS2_PLACEMENT_3D('Cylinder Axis2P3D',#869,#870,#871) ;
#883=AXIS2_PLACEMENT_3D('Circle Axis2P3D',#881,#882,$) ;
#896=AXIS2_PLACEMENT_3D('Plane Axis2P3D',#893,#894,#895) ;
#920=AXIS2_PLACEMENT_3D('Cylinder Axis2P3D',#917,#918,#919) ;
#931=AXIS2_PLACEMENT_3D('Circle Axis2P3D',#929,#930,$) ;
#944=AXIS2_PLACEMENT_3D('Plane Axis2P3D',#941,#942,#943) ;
#968=AXIS2_PLACEMENT_3D('Cylinder Axis2P3D',#965,#966,#967) ;
#979=AXIS2_PLACEMENT_3D('Circle Axis2P3D',#977,#978,$) ;
#992=AXIS2_PLACEMENT_3D('Plane Axis2P3D',#989,#990,#991) ;
#1016=AXIS2_PLACEMENT_3D('Cylinder Axis2P3D',#1013,#1014,#1015) ;
#1020=AXIS2_PLACEMENT_3D('Circle Axis2P3D',#1018,#1019,$) ;
#1033=AXIS2_PLACEMENT_3D('Cylinder Axis2P3D',#1030,#1031,#1032) ;
#1044=AXIS2_PLACEMENT_3D('Circle Axis2P3D',#1042,#1043,$) ;
#1063=AXIS2_PLACEMENT_3D('Circle Axis2P3D',#1061,#1062,$) ;
#1083=AXIS2_PLACEMENT_3D('Plane Axis2P3D',#1080,#1081,#1082) ;
#1123=AXIS2_PLACEMENT_3D('Cylinder Axis2P3D',#1120,#1121,#1122) ;
#1127=AXIS2_PLACEMENT_3D('Circle Axis2P3D',#1125,#1126,$) ;
#1147=AXIS2_PLACEMENT_3D('Plane Axis2P3D',#1144,#1145,#1146) ;
#1171=AXIS2_PLACEMENT_3D('Cylinder Axis2P3D',#1168,#1169,#1170) ;
#1175=AXIS2_PLACEMENT_3D('Circle Axis2P3D',#1173,#1174,$) ;
#1195=AXIS2_PLACEMENT_3D('Plane Axis2P3D',#1192,#1193,#1194) ;
#1242=AXIS2_PLACEMENT_3D('Cylinder Axis2P3D',#1239,#1240,#1241) ;
#1253=AXIS2_PLACEMENT_3D('Circle Axis2P3D',#1251,#1252,$) ;
#1265=AXIS2_PLACEMENT_3D('Circle Axis2P3D',#1263,#1264,$) ;
#1278=AXIS2_PLACEMENT_3D('Cylinder Axis2P3D',#1275,#1276,#1277) ;
#1282=AXIS2_PLACEMENT_3D('Circle Axis2P3D',#1280,#1281,$) ;
#1302=AXIS2_PLACEMENT_3D('Plane Axis2P3D',#1299,#1300,#1301) ;
#1326=AXIS2_PLACEMENT_3D('Cylinder Axis2P3D',#1323,#1324,#1325) ;
#1330=AXIS2_PLACEMENT_3D('Circle Axis2P3D',#1328,#1329,$) ;
#1343=AXIS2_PLACEMENT_3D('Cylinder Axis2P3D',#1340,#1341,#1342) ;
#1347=AXIS2_PLACEMENT_3D('Circle Axis2P3D',#1345,#1346,$) ;
#1373=AXIS2_PLACEMENT_3D('Circle Axis2P3D',#1371,#1372,$) ;
#1386=AXIS2_PLACEMENT_3D('Cylinder Axis2P3D',#1383,#1384,#1385) ;
#1390=AXIS2_PLACEMENT_3D('Circle Axis2P3D',#1388,#1389,$) ;
#1416=AXIS2_PLACEMENT_3D('Circle Axis2P3D',#1414,#1415,$) ;
#1429=AXIS2_PLACEMENT_3D('Cylinder Axis2P3D',#1426,#1427,#1428) ;
#1433=AXIS2_PLACEMENT_3D('Circle Axis2P3D',#1431,#1432,$) ;
#1459=AXIS2_PLACEMENT_3D('Circle Axis2P3D',#1457,#1458,$) ;
#1472=AXIS2_PLACEMENT_3D('Cylinder Axis2P3D',#1469,#1470,#1471) ;
#1476=AXIS2_PLACEMENT_3D('Circle Axis2P3D',#1474,#1475,$) ;
#1502=AXIS2_PLACEMENT_3D('Circle Axis2P3D',#1500,#1501,$) ;
#1515=AXIS2_PLACEMENT_3D('Cylinder Axis2P3D',#1512,#1513,#1514) ;
#1519=AXIS2_PLACEMENT_3D('Circle Axis2P3D',#1517,#1518,$) ;
#1545=AXIS2_PLACEMENT_3D('Circle Axis2P3D',#1543,#1544,$) ;
#1558=AXIS2_PLACEMENT_3D('Plane Axis2P3D',#1555,#1556,#1557) ;
#1581=AXIS2_PLACEMENT_3D('Circle Axis2P3D',#1579,#1580,$) ;
#1595=AXIS2_PLACEMENT_3D('Circle Axis2P3D',#1593,#1594,$) ;
#1609=AXIS2_PLACEMENT_3D('Circle Axis2P3D',#1607,#1608,$) ;
#1623=AXIS2_PLACEMENT_3D('Circle Axis2P3D',#1621,#1622,$) ;
#1650=AXIS2_PLACEMENT_3D('Plane Axis2P3D',#1647,#1648,#1649) ;
#1673=AXIS2_PLACEMENT_3D('Circle Axis2P3D',#1671,#1672,$) ;
#1687=AXIS2_PLACEMENT_3D('Circle Axis2P3D',#1685,#1686,$) ;
#1701=AXIS2_PLACEMENT_3D('Circle Axis2P3D',#1699,#1700,$) ;
#1715=AXIS2_PLACEMENT_3D('Circle Axis2P3D',#1713,#1714,$) ;
#1787=AXIS2_PLACEMENT_3D('Plane Axis2P3D',#1784,#1785,#1786) ;
#1818=AXIS2_PLACEMENT_3D('Cylinder Axis2P3D',#1815,#1816,#1817) ;
#1829=AXIS2_PLACEMENT_3D('Circle Axis2P3D',#1827,#1828,$) ;
#1842=AXIS2_PLACEMENT_3D('Plane Axis2P3D',#1839,#1840,#1841) ;
#1866=AXIS2_PLACEMENT_3D('Cylinder Axis2P3D',#1863,#1864,#1865) ;
#1877=AXIS2_PLACEMENT_3D('Circle Axis2P3D',#1875,#1876,$) ;
#1890=AXIS2_PLACEMENT_3D('Plane Axis2P3D',#1887,#1888,#1889) ;
#1914=AXIS2_PLACEMENT_3D('Cylinder Axis2P3D',#1911,#1912,#1913) ;
#1925=AXIS2_PLACEMENT_3D('Circle Axis2P3D',#1923,#1924,$) ;
#1938=AXIS2_PLACEMENT_3D('Plane Axis2P3D',#1935,#1936,#1937) ;
#1962=AXIS2_PLACEMENT_3D('Cylinder Axis2P3D',#1959,#1960,#1961) ;
#1966=AXIS2_PLACEMENT_3D('Circle Axis2P3D',#1964,#1965,$) ;
#1979=AXIS2_PLACEMENT_3D('Cylinder Axis2P3D',#1976,#1977,#1978) ;
#1990=AXIS2_PLACEMENT_3D('Circle Axis2P3D',#1988,#1989,$) ;
#2010=AXIS2_PLACEMENT_3D('Plane Axis2P3D',#2007,#2008,#2009) ;
#2034=AXIS2_PLACEMENT_3D('Cylinder Axis2P3D',#2031,#2032,#2033) ;
#2045=AXIS2_PLACEMENT_3D('Circle Axis2P3D',#2043,#2044,$) ;
#2058=AXIS2_PLACEMENT_3D('Plane Axis2P3D',#2055,#2056,#2057) ;
#2082=AXIS2_PLACEMENT_3D('Cylinder Axis2P3D',#2079,#2080,#2081) ;
#2093=AXIS2_PLACEMENT_3D('Circle Axis2P3D',#2091,#2092,$) ;
#2106=AXIS2_PLACEMENT_3D('Plane Axis2P3D',#2103,#2104,#2105) ;
#2130=AXIS2_PLACEMENT_3D('Cylinder Axis2P3D',#2127,#2128,#2129) ;
#2141=AXIS2_PLACEMENT_3D('Circle Axis2P3D',#2139,#2140,$) ;
#2154=AXIS2_PLACEMENT_3D('Plane Axis2P3D',#2151,#2152,#2153) ;
#2171=AXIS2_PLACEMENT_3D('Plane Axis2P3D',#2168,#2169,#2170) ;
#2185=AXIS2_PLACEMENT_3D('Circle Axis2P3D',#2183,#2184,$) ;
#2201=AXIS2_PLACEMENT_3D('Circle Axis2P3D',#2199,#2200,$) ;
#2215=AXIS2_PLACEMENT_3D('Circle Axis2P3D',#2213,#2214,$) ;
#2229=AXIS2_PLACEMENT_3D('Circle Axis2P3D',#2227,#2228,$) ;
#2264=AXIS2_PLACEMENT_3D('Cylinder Axis2P3D',#2261,#2262,#2263) ;
#2275=AXIS2_PLACEMENT_3D('Circle Axis2P3D',#2273,#2274,$) ;
#2295=AXIS2_PLACEMENT_3D('Plane Axis2P3D',#2292,#2293,#2294) ;
#2319=AXIS2_PLACEMENT_3D('Cylinder Axis2P3D',#2316,#2317,#2318) ;
#2323=AXIS2_PLACEMENT_3D('Circle Axis2P3D',#2321,#2322,$) ;
#2343=AXIS2_PLACEMENT_3D('Plane Axis2P3D',#2340,#2341,#2342) ;
#2367=AXIS2_PLACEMENT_3D('Cylinder Axis2P3D',#2364,#2365,#2366) ;
#2371=AXIS2_PLACEMENT_3D('Circle Axis2P3D',#2369,#2370,$) ;
#2391=AXIS2_PLACEMENT_3D('Plane Axis2P3D',#2388,#2389,#2390) ;
#2415=AXIS2_PLACEMENT_3D('Cylinder Axis2P3D',#2412,#2413,#2414) ;
#2419=AXIS2_PLACEMENT_3D('Circle Axis2P3D',#2417,#2418,$) ;
#2439=AXIS2_PLACEMENT_3D('Plane Axis2P3D',#2436,#2437,#2438) ;
#2474=AXIS2_PLACEMENT_3D('Circle Axis2P3D',#2472,#2473,$) ;
#2488=AXIS2_PLACEMENT_3D('Circle Axis2P3D',#2486,#2487,$) ;
#2502=AXIS2_PLACEMENT_3D('Circle Axis2P3D',#2500,#2501,$) ;
#2516=AXIS2_PLACEMENT_3D('Circle Axis2P3D',#2514,#2515,$) ;
#2565=AXIS2_PLACEMENT_3D('Plane Axis2P3D',#2562,#2563,#2564) ;
#2596=AXIS2_PLACEMENT_3D('Cylinder Axis2P3D',#2593,#2594,#2595) ;
#2607=AXIS2_PLACEMENT_3D('Circle Axis2P3D',#2605,#2606,$) ;
#2620=AXIS2_PLACEMENT_3D('Plane Axis2P3D',#2617,#2618,#2619) ;
#2644=AXIS2_PLACEMENT_3D('Cylinder Axis2P3D',#2641,#2642,#2643) ;
#2655=AXIS2_PLACEMENT_3D('Circle Axis2P3D',#2653,#2654,$) ;
#2668=AXIS2_PLACEMENT_3D('Plane Axis2P3D',#2665,#2666,#2667) ;
#2692=AXIS2_PLACEMENT_3D('Cylinder Axis2P3D',#2689,#2690,#2691) ;
#2703=AXIS2_PLACEMENT_3D('Circle Axis2P3D',#2701,#2702,$) ;
#2716=AXIS2_PLACEMENT_3D('Plane Axis2P3D',#2713,#2714,#2715) ;
#2740=AXIS2_PLACEMENT_3D('Cylinder Axis2P3D',#2737,#2738,#2739) ;
#2744=AXIS2_PLACEMENT_3D('Circle Axis2P3D',#2742,#2743,$) ;
#2757=AXIS2_PLACEMENT_3D('Plane Axis2P3D',#2754,#2755,#2756) ;
#2771=AXIS2_PLACEMENT_3D('Circle Axis2P3D',#2769,#2770,$) ;
#2787=AXIS2_PLACEMENT_3D('Circle Axis2P3D',#2785,#2786,$) ;
#2801=AXIS2_PLACEMENT_3D('Circle Axis2P3D',#2799,#2800,$) ;
#2815=AXIS2_PLACEMENT_3D('Circle Axis2P3D',#2813,#2814,$) ;
#2839=AXIS2_PLACEMENT_3D('Cylinder Axis2P3D',#2836,#2837,#2838) ;
#2850=AXIS2_PLACEMENT_3D('Circle Axis2P3D',#2848,#2849,$) ;
#2870=AXIS2_PLACEMENT_3D('Plane Axis2P3D',#2867,#2868,#2869) ;
#2894=AXIS2_PLACEMENT_3D('Cylinder Axis2P3D',#2891,#2892,#2893) ;
#2898=AXIS2_PLACEMENT_3D('Circle Axis2P3D',#2896,#2897,$) ;
#2918=AXIS2_PLACEMENT_3D('Plane Axis2P3D',#2915,#2916,#2917) ;
#2942=AXIS2_PLACEMENT_3D('Cylinder Axis2P3D',#2939,#2940,#2941) ;
#2946=AXIS2_PLACEMENT_3D('Circle Axis2P3D',#2944,#2945,$) ;
#2966=AXIS2_PLACEMENT_3D('Plane Axis2P3D',#2963,#2964,#2965) ;
#2990=AXIS2_PLACEMENT_3D('Cylinder Axis2P3D',#2987,#2988,#2989) ;
#2994=AXIS2_PLACEMENT_3D('Circle Axis2P3D',#2992,#2993,$) ;
#3014=AXIS2_PLACEMENT_3D('Plane Axis2P3D',#3011,#3012,#3013) ;
#3049=AXIS2_PLACEMENT_3D('Circle Axis2P3D',#3047,#3048,$) ;
#3063=AXIS2_PLACEMENT_3D('Circle Axis2P3D',#3061,#3062,$) ;
#3077=AXIS2_PLACEMENT_3D('Circle Axis2P3D',#3075,#3076,$) ;
#3091=AXIS2_PLACEMENT_3D('Circle Axis2P3D',#3089,#3090,$) ;
#3108=AXIS2_PLACEMENT_3D('Plane Axis2P3D',#3105,#3106,#3107) ;
#3139=AXIS2_PLACEMENT_3D('Cylinder Axis2P3D',#3136,#3137,#3138) ;
#3150=AXIS2_PLACEMENT_3D('Circle Axis2P3D',#3148,#3149,$) ;
#3163=AXIS2_PLACEMENT_3D('Plane Axis2P3D',#3160,#3161,#3162) ;
#3187=AXIS2_PLACEMENT_3D('Cylinder Axis2P3D',#3184,#3185,#3186) ;
#3198=AXIS2_PLACEMENT_3D('Circle Axis2P3D',#3196,#3197,$) ;
#3211=AXIS2_PLACEMENT_3D('Plane Axis2P3D',#3208,#3209,#3210) ;
#3235=AXIS2_PLACEMENT_3D('Cylinder Axis2P3D',#3232,#3233,#3234) ;
#3246=AXIS2_PLACEMENT_3D('Circle Axis2P3D',#3244,#3245,$) ;
#3259=AXIS2_PLACEMENT_3D('Plane Axis2P3D',#3256,#3257,#3258) ;
#3283=AXIS2_PLACEMENT_3D('Cylinder Axis2P3D',#3280,#3281,#3282) ;
#3287=AXIS2_PLACEMENT_3D('Circle Axis2P3D',#3285,#3286,$) ;
#3300=AXIS2_PLACEMENT_3D('Plane Axis2P3D',#3297,#3298,#3299) ;
#3314=AXIS2_PLACEMENT_3D('Circle Axis2P3D',#3312,#3313,$) ;
#3330=AXIS2_PLACEMENT_3D('Circle Axis2P3D',#3328,#3329,$) ;
#3344=AXIS2_PLACEMENT_3D('Circle Axis2P3D',#3342,#3343,$) ;
#3358=AXIS2_PLACEMENT_3D('Circle Axis2P3D',#3356,#3357,$) ;
#3382=AXIS2_PLACEMENT_3D('Cylinder Axis2P3D',#3379,#3380,#3381) ;
#3393=AXIS2_PLACEMENT_3D('Circle Axis2P3D',#3391,#3392,$) ;
#3413=AXIS2_PLACEMENT_3D('Plane Axis2P3D',#3410,#3411,#3412) ;
#3437=AXIS2_PLACEMENT_3D('Cylinder Axis2P3D',#3434,#3435,#3436) ;
#3441=AXIS2_PLACEMENT_3D('Circle Axis2P3D',#3439,#3440,$) ;
#3461=AXIS2_PLACEMENT_3D('Plane Axis2P3D',#3458,#3459,#3460) ;
#3485=AXIS2_PLACEMENT_3D('Cylinder Axis2P3D',#3482,#3483,#3484) ;
#3489=AXIS2_PLACEMENT_3D('Circle Axis2P3D',#3487,#3488,$) ;
#3509=AXIS2_PLACEMENT_3D('Plane Axis2P3D',#3506,#3507,#3508) ;
#3533=AXIS2_PLACEMENT_3D('Cylinder Axis2P3D',#3530,#3531,#3532) ;
#3537=AXIS2_PLACEMENT_3D('Circle Axis2P3D',#3535,#3536,$) ;
#3557=AXIS2_PLACEMENT_3D('Plane Axis2P3D',#3554,#3555,#3556) ;
#39=LINE('Line',#36,#38) ;
#55=LINE('Line',#52,#54) ;
#96=LINE('Line',#93,#95) ;
#112=LINE('Line',#109,#111) ;
#153=LINE('Line',#150,#152) ;
#169=LINE('Line',#166,#168) ;
#210=LINE('Line',#207,#209) ;
#226=LINE('Line',#223,#225) ;
#267=LINE('Line',#264,#266) ;
#283=LINE('Line',#280,#282) ;
#324=LINE('Line',#321,#323) ;
#340=LINE('Line',#337,#339) ;
#381=LINE('Line',#378,#380) ;
#397=LINE('Line',#394,#396) ;
#438=LINE('Line',#435,#437) ;
#454=LINE('Line',#451,#453) ;
#504=LINE('Line',#501,#503) ;
#518=LINE('Line',#515,#517) ;
#561=LINE('Line',#558,#560) ;
#575=LINE('Line',#572,#574) ;
#589=LINE('Line',#586,#588) ;
#603=LINE('Line',#600,#602) ;
#618=LINE('Line',#615,#617) ;
#634=LINE('Line',#631,#633) ;
#648=LINE('Line',#645,#647) ;
#669=LINE('Line',#666,#668) ;
#683=LINE('Line',#680,#682) ;
#697=LINE('Line',#694,#696) ;
#846=LINE('Line',#843,#845) ;
#853=LINE('Line',#850,#852) ;
#860=LINE('Line',#857,#859) ;
#877=LINE('Line',#874,#876) ;
#901=LINE('Line',#898,#900) ;
#908=LINE('Line',#905,#907) ;
#925=LINE('Line',#922,#924) ;
#949=LINE('Line',#946,#948) ;
#956=LINE('Line',#953,#955) ;
#973=LINE('Line',#970,#972) ;
#997=LINE('Line',#994,#996) ;
#1004=LINE('Line',#1001,#1003) ;
#1038=LINE('Line',#1035,#1037) ;
#1052=LINE('Line',#1049,#1051) ;
#1071=LINE('Line',#1068,#1070) ;
#1088=LINE('Line',#1085,#1087) ;
#1093=LINE('Line',#1090,#1092) ;
#1100=LINE('Line',#1097,#1099) ;
#1107=LINE('Line',#1104,#1106) ;
#1135=LINE('Line',#1132,#1134) ;
#1152=LINE('Line',#1149,#1151) ;
#1159=LINE('Line',#1156,#1158) ;
#1183=LINE('Line',#1180,#1182) ;
#1200=LINE('Line',#1197,#1199) ;
#1207=LINE('Line',#1204,#1206) ;
#1214=LINE('Line',#1211,#1213) ;
#1219=LINE('Line',#1216,#1218) ;
#1226=LINE('Line',#1223,#1225) ;
#1247=LINE('Line',#1244,#1246) ;
#1290=LINE('Line',#1287,#1289) ;
#1307=LINE('Line',#1304,#1306) ;
#1314=LINE('Line',#1311,#1313) ;
#1357=LINE('Line',#1354,#1356) ;
#1362=LINE('Line',#1359,#1361) ;
#1400=LINE('Line',#1397,#1399) ;
#1405=LINE('Line',#1402,#1404) ;
#1443=LINE('Line',#1440,#1442) ;
#1448=LINE('Line',#1445,#1447) ;
#1486=LINE('Line',#1483,#1485) ;
#1491=LINE('Line',#1488,#1490) ;
#1529=LINE('Line',#1526,#1528) ;
#1534=LINE('Line',#1531,#1533) ;
#1573=LINE('Line',#1570,#1572) ;
#1589=LINE('Line',#1586,#1588) ;
#1603=LINE('Line',#1600,#1602) ;
#1617=LINE('Line',#1614,#1616) ;
#1665=LINE('Line',#1662,#1664) ;
#1681=LINE('Line',#1678,#1680) ;
#1695=LINE('Line',#1692,#1694) ;
#1709=LINE('Line',#1706,#1708) ;
#1792=LINE('Line',#1789,#1791) ;
#1799=LINE('Line',#1796,#1798) ;
#1806=LINE('Line',#1803,#1805) ;
#1823=LINE('Line',#1820,#1822) ;
#1847=LINE('Line',#1844,#1846) ;
#1854=LINE('Line',#1851,#1853) ;
#1871=LINE('Line',#1868,#1870) ;
#1895=LINE('Line',#1892,#1894) ;
#1902=LINE('Line',#1899,#1901) ;
#1919=LINE('Line',#1916,#1918) ;
#1943=LINE('Line',#1940,#1942) ;
#1950=LINE('Line',#1947,#1949) ;
#1984=LINE('Line',#1981,#1983) ;
#1998=LINE('Line',#1995,#1997) ;
#2015=LINE('Line',#2012,#2014) ;
#2022=LINE('Line',#2019,#2021) ;
#2039=LINE('Line',#2036,#2038) ;
#2063=LINE('Line',#2060,#2062) ;
#2070=LINE('Line',#2067,#2069) ;
#2087=LINE('Line',#2084,#2086) ;
#2111=LINE('Line',#2108,#2110) ;
#2118=LINE('Line',#2115,#2117) ;
#2135=LINE('Line',#2132,#2134) ;
#2159=LINE('Line',#2156,#2158) ;
#2195=LINE('Line',#2192,#2194) ;
#2209=LINE('Line',#2206,#2208) ;
#2223=LINE('Line',#2220,#2222) ;
#2237=LINE('Line',#2234,#2236) ;
#2269=LINE('Line',#2266,#2268) ;
#2283=LINE('Line',#2280,#2282) ;
#2300=LINE('Line',#2297,#2299) ;
#2307=LINE('Line',#2304,#2306) ;
#2331=LINE('Line',#2328,#2330) ;
#2348=LINE('Line',#2345,#2347) ;
#2355=LINE('Line',#2352,#2354) ;
#2379=LINE('Line',#2376,#2378) ;
#2396=LINE('Line',#2393,#2395) ;
#2403=LINE('Line',#2400,#2402) ;
#2427=LINE('Line',#2424,#2426) ;
#2444=LINE('Line',#2441,#2443) ;
#2466=LINE('Line',#2463,#2465) ;
#2482=LINE('Line',#2479,#2481) ;
#2496=LINE('Line',#2493,#2495) ;
#2510=LINE('Line',#2507,#2509) ;
#2570=LINE('Line',#2567,#2569) ;
#2577=LINE('Line',#2574,#2576) ;
#2584=LINE('Line',#2581,#2583) ;
#2601=LINE('Line',#2598,#2600) ;
#2625=LINE('Line',#2622,#2624) ;
#2632=LINE('Line',#2629,#2631) ;
#2649=LINE('Line',#2646,#2648) ;
#2673=LINE('Line',#2670,#2672) ;
#2680=LINE('Line',#2677,#2679) ;
#2697=LINE('Line',#2694,#2696) ;
#2721=LINE('Line',#2718,#2720) ;
#2728=LINE('Line',#2725,#2727) ;
#2781=LINE('Line',#2778,#2780) ;
#2795=LINE('Line',#2792,#2794) ;
#2809=LINE('Line',#2806,#2808) ;
#2823=LINE('Line',#2820,#2822) ;
#2844=LINE('Line',#2841,#2843) ;
#2858=LINE('Line',#2855,#2857) ;
#2875=LINE('Line',#2872,#2874) ;
#2882=LINE('Line',#2879,#2881) ;
#2906=LINE('Line',#2903,#2905) ;
#2923=LINE('Line',#2920,#2922) ;
#2930=LINE('Line',#2927,#2929) ;
#2954=LINE('Line',#2951,#2953) ;
#2971=LINE('Line',#2968,#2970) ;
#2978=LINE('Line',#2975,#2977) ;
#3002=LINE('Line',#2999,#3001) ;
#3019=LINE('Line',#3016,#3018) ;
#3041=LINE('Line',#3038,#3040) ;
#3057=LINE('Line',#3054,#3056) ;
#3071=LINE('Line',#3068,#3070) ;
#3085=LINE('Line',#3082,#3084) ;
#3113=LINE('Line',#3110,#3112) ;
#3120=LINE('Line',#3117,#3119) ;
#3127=LINE('Line',#3124,#3126) ;
#3144=LINE('Line',#3141,#3143) ;
#3168=LINE('Line',#3165,#3167) ;
#3175=LINE('Line',#3172,#3174) ;
#3192=LINE('Line',#3189,#3191) ;
#3216=LINE('Line',#3213,#3215) ;
#3223=LINE('Line',#3220,#3222) ;
#3240=LINE('Line',#3237,#3239) ;
#3264=LINE('Line',#3261,#3263) ;
#3271=LINE('Line',#3268,#3270) ;
#3324=LINE('Line',#3321,#3323) ;
#3338=LINE('Line',#3335,#3337) ;
#3352=LINE('Line',#3349,#3351) ;
#3366=LINE('Line',#3363,#3365) ;
#3387=LINE('Line',#3384,#3386) ;
#3401=LINE('Line',#3398,#3400) ;
#3418=LINE('Line',#3415,#3417) ;
#3425=LINE('Line',#3422,#3424) ;
#3449=LINE('Line',#3446,#3448) ;
#3466=LINE('Line',#3463,#3465) ;
#3473=LINE('Line',#3470,#3472) ;
#3497=LINE('Line',#3494,#3496) ;
#3514=LINE('Line',#3511,#3513) ;
#3521=LINE('Line',#3518,#3520) ;
#3545=LINE('Line',#3542,#3544) ;
#3562=LINE('Line',#3559,#3561) ;
#48=CIRCLE('generated circle',#47,2.4) ;
#62=CIRCLE('generated circle',#61,2.4) ;
#74=CIRCLE('generated circle',#73,2.4) ;
#79=CIRCLE('generated circle',#78,2.4) ;
#105=CIRCLE('generated circle',#104,2.4) ;
#119=CIRCLE('generated circle',#118,2.4) ;
#131=CIRCLE('generated circle',#130,2.4) ;
#136=CIRCLE('generated circle',#135,2.4) ;
#162=CIRCLE('generated circle',#161,2.4) ;
#176=CIRCLE('generated circle',#175,2.4) ;
#188=CIRCLE('generated circle',#187,2.4) ;
#193=CIRCLE('generated circle',#192,2.4) ;
#219=CIRCLE('generated circle',#218,2.4) ;
#233=CIRCLE('generated circle',#232,2.4) ;
#245=CIRCLE('generated circle',#244,2.4) ;
#250=CIRCLE('generated circle',#249,2.4) ;
#276=CIRCLE('generated circle',#275,2.4) ;
#290=CIRCLE('generated circle',#289,2.4) ;
#302=CIRCLE('generated circle',#301,2.4) ;
#307=CIRCLE('generated circle',#306,2.4) ;
#333=CIRCLE('generated circle',#332,2.4) ;
#347=CIRCLE('generated circle',#346,2.4) ;
#359=CIRCLE('generated circle',#358,2.4) ;
#364=CIRCLE('generated circle',#363,2.4) ;
#390=CIRCLE('generated circle',#389,2.4) ;
#404=CIRCLE('generated circle',#403,2.4) ;
#416=CIRCLE('generated circle',#415,2.4) ;
#421=CIRCLE('generated circle',#420,2.4) ;
#447=CIRCLE('generated circle',#446,2.4) ;
#461=CIRCLE('generated circle',#460,2.4) ;
#473=CIRCLE('generated circle',#472,2.4) ;
#478=CIRCLE('generated circle',#477,2.4) ;
#495=CIRCLE('generated circle',#494,6.) ;
#511=CIRCLE('generated circle',#510,6.) ;
#530=CIRCLE('generated circle',#529,6.) ;
#535=CIRCLE('generated circle',#534,6.) ;
#552=CIRCLE('generated circle',#551,10.) ;
#568=CIRCLE('generated circle',#567,10.) ;
#582=CIRCLE('generated circle',#581,10.) ;
#596=CIRCLE('generated circle',#595,10.) ;
#627=CIRCLE('generated circle',#626,12.) ;
#641=CIRCLE('generated circle',#640,12.) ;
#655=CIRCLE('generated circle',#654,6.) ;
#662=CIRCLE('generated circle',#661,6.) ;
#676=CIRCLE('generated circle',#675,12.) ;
#690=CIRCLE('generated circle',#689,12.) ;
#704=CIRCLE('generated circle',#703,6.) ;
#711=CIRCLE('generated circle',#710,6.) ;
#736=CIRCLE('generated circle',#735,6.) ;
#745=CIRCLE('generated circle',#744,6.) ;
#754=CIRCLE('generated circle',#753,6.) ;
#763=CIRCLE('generated circle',#762,6.) ;
#772=CIRCLE('generated circle',#771,6.) ;
#781=CIRCLE('generated circle',#780,6.) ;
#790=CIRCLE('generated circle',#789,6.) ;
#799=CIRCLE('generated circle',#798,6.) ;
#808=CIRCLE('generated circle',#807,6.) ;
#817=CIRCLE('generated circle',#816,6.) ;
#884=CIRCLE('generated circle',#883,10.) ;
#932=CIRCLE('generated circle',#931,10.) ;
#980=CIRCLE('generated circle',#979,10.) ;
#1021=CIRCLE('generated circle',#1020,10.) ;
#1045=CIRCLE('generated circle',#1044,6.) ;
#1064=CIRCLE('generated circle',#1063,6.) ;
#1128=CIRCLE('generated circle',#1127,12.) ;
#1176=CIRCLE('generated circle',#1175,12.) ;
#1254=CIRCLE('generated circle',#1253,6.) ;
#1266=CIRCLE('generated circle',#1265,6.) ;
#1283=CIRCLE('generated circle',#1282,12.) ;
#1331=CIRCLE('generated circle',#1330,12.) ;
#1348=CIRCLE('generated circle',#1347,6.) ;
#1374=CIRCLE('generated circle',#1373,6.) ;
#1391=CIRCLE('generated circle',#1390,6.) ;
#1417=CIRCLE('generated circle',#1416,6.) ;
#1434=CIRCLE('generated circle',#1433,6.) ;
#1460=CIRCLE('generated circle',#1459,6.) ;
#1477=CIRCLE('generated circle',#1476,6.) ;
#1503=CIRCLE('generated circle',#1502,6.) ;
#1520=CIRCLE('generated circle',#1519,6.) ;
#1546=CIRCLE('generated circle',#1545,6.) ;
#1582=CIRCLE('generated circle',#1581,12.) ;
#1596=CIRCLE('generated circle',#1595,12.) ;
#1610=CIRCLE('generated circle',#1609,12.) ;
#1624=CIRCLE('generated circle',#1623,12.) ;
#1674=CIRCLE('generated circle',#1673,4.) ;
#1688=CIRCLE('generated circle',#1687,4.) ;
#1702=CIRCLE('generated circle',#1701,4.) ;
#1716=CIRCLE('generated circle',#1715,4.) ;
#1830=CIRCLE('generated circle',#1829,12.) ;
#1878=CIRCLE('generated circle',#1877,12.) ;
#1926=CIRCLE('generated circle',#1925,12.) ;
#1967=CIRCLE('generated circle',#1966,12.) ;
#1991=CIRCLE('generated circle',#1990,4.) ;
#2046=CIRCLE('generated circle',#2045,4.) ;
#2094=CIRCLE('generated circle',#2093,4.) ;
#2142=CIRCLE('generated circle',#2141,4.) ;
#2186=CIRCLE('generated circle',#2185,10.) ;
#2202=CIRCLE('generated circle',#2201,10.) ;
#2216=CIRCLE('generated circle',#2215,10.) ;
#2230=CIRCLE('generated circle',#2229,10.) ;
#2276=CIRCLE('generated circle',#2275,10.) ;
#2324=CIRCLE('generated circle',#2323,10.) ;
#2372=CIRCLE('generated circle',#2371,10.) ;
#2420=CIRCLE('generated circle',#2419,10.) ;
#2475=CIRCLE('generated circle',#2474,9.7) ;
#2489=CIRCLE('generated circle',#2488,9.7) ;
#2503=CIRCLE('generated circle',#2502,9.7) ;
#2517=CIRCLE('generated circle',#2516,9.7) ;
#2608=CIRCLE('generated circle',#2607,9.7) ;
#2656=CIRCLE('generated circle',#2655,9.7) ;
#2704=CIRCLE('generated circle',#2703,9.7) ;
#2745=CIRCLE('generated circle',#2744,9.7) ;
#2772=CIRCLE('generated circle',#2771,6.3) ;
#2788=CIRCLE('generated circle',#2787,6.3) ;
#2802=CIRCLE('generated circle',#2801,6.3) ;
#2816=CIRCLE('generated circle',#2815,6.3) ;
#2851=CIRCLE('generated circle',#2850,6.3) ;
#2899=CIRCLE('generated circle',#2898,6.3) ;
#2947=CIRCLE('generated circle',#2946,6.3) ;
#2995=CIRCLE('generated circle',#2994,6.3) ;
#3050=CIRCLE('generated circle',#3049,5.4) ;
#3064=CIRCLE('generated circle',#3063,5.4) ;
#3078=CIRCLE('generated circle',#3077,5.4) ;
#3092=CIRCLE('generated circle',#3091,5.4) ;
#3151=CIRCLE('generated circle',#3150,5.4) ;
#3199=CIRCLE('generated circle',#3198,5.4) ;
#3247=CIRCLE('generated circle',#3246,5.4) ;
#3288=CIRCLE('generated circle',#3287,5.4) ;
#3315=CIRCLE('generated circle',#3314,2.9) ;
#3331=CIRCLE('generated circle',#3330,2.9) ;
#3345=CIRCLE('generated circle',#3344,2.9) ;
#3359=CIRCLE('generated circle',#3358,2.9) ;
#3394=CIRCLE('generated circle',#3393,2.9) ;
#3442=CIRCLE('generated circle',#3441,2.9) ;
#3490=CIRCLE('generated circle',#3489,2.9) ;
#3538=CIRCLE('generated circle',#3537,2.9) ;
#548=PLANE('',#547) ;
#828=PLANE('',#827) ;
#842=PLANE('',#841) ;
#897=PLANE('',#896) ;
#945=PLANE('',#944) ;
#993=PLANE('',#992) ;
#1084=PLANE('',#1083) ;
#1148=PLANE('',#1147) ;
#1196=PLANE('',#1195) ;
#1303=PLANE('',#1302) ;
#1559=PLANE('',#1558) ;
#1651=PLANE('',#1650) ;
#1788=PLANE('',#1787) ;
#1843=PLANE('',#1842) ;
#1891=PLANE('',#1890) ;
#1939=PLANE('',#1938) ;
#2011=PLANE('',#2010) ;
#2059=PLANE('',#2058) ;
#2107=PLANE('',#2106) ;
#2155=PLANE('',#2154) ;
#2172=PLANE('',#2171) ;
#2296=PLANE('',#2295) ;
#2344=PLANE('',#2343) ;
#2392=PLANE('',#2391) ;
#2440=PLANE('',#2439) ;
#2566=PLANE('',#2565) ;
#2621=PLANE('',#2620) ;
#2669=PLANE('',#2668) ;
#2717=PLANE('',#2716) ;
#2758=PLANE('',#2757) ;
#2871=PLANE('',#2870) ;
#2919=PLANE('',#2918) ;
#2967=PLANE('',#2966) ;
#3015=PLANE('',#3014) ;
#3109=PLANE('',#3108) ;
#3164=PLANE('',#3163) ;
#3212=PLANE('',#3211) ;
#3260=PLANE('',#3259) ;
#3301=PLANE('',#3300) ;
#3414=PLANE('',#3413) ;
#3462=PLANE('',#3461) ;
#3510=PLANE('',#3509) ;
#3558=PLANE('',#3557) ;
#35=CYLINDRICAL_SURFACE('generated cylinder',#34,2.4) ;
#92=CYLINDRICAL_SURFACE('generated cylinder',#91,2.4) ;
#149=CYLINDRICAL_SURFACE('generated cylinder',#148,2.4) ;
#206=CYLINDRICAL_SURFACE('generated cylinder',#205,2.4) ;
#263=CYLINDRICAL_SURFACE('generated cylinder',#262,2.4) ;
#320=CYLINDRICAL_SURFACE('generated cylinder',#319,2.4) ;
#377=CYLINDRICAL_SURFACE('generated cylinder',#376,2.4) ;
#434=CYLINDRICAL_SURFACE('generated cylinder',#433,2.4) ;
#491=CYLINDRICAL_SURFACE('generated cylinder',#490,6.) ;
#873=CYLINDRICAL_SURFACE('generated cylinder',#872,10.) ;
#921=CYLINDRICAL_SURFACE('generated cylinder',#920,10.) ;
#969=CYLINDRICAL_SURFACE('generated cylinder',#968,10.) ;
#1017=CYLINDRICAL_SURFACE('generated cylinder',#1016,10.) ;
#1034=CYLINDRICAL_SURFACE('generated cylinder',#1033,6.) ;
#1124=CYLINDRICAL_SURFACE('generated cylinder',#1123,12.) ;
#1172=CYLINDRICAL_SURFACE('generated cylinder',#1171,12.) ;
#1243=CYLINDRICAL_SURFACE('generated cylinder',#1242,6.) ;
#1279=CYLINDRICAL_SURFACE('generated cylinder',#1278,12.) ;
#1327=CYLINDRICAL_SURFACE('generated cylinder',#1326,12.) ;
#1344=CYLINDRICAL_SURFACE('generated cylinder',#1343,6.) ;
#1387=CYLINDRICAL_SURFACE('generated cylinder',#1386,6.) ;
#1430=CYLINDRICAL_SURFACE('generated cylinder',#1429,6.) ;
#1473=CYLINDRICAL_SURFACE('generated cylinder',#1472,6.) ;
#1516=CYLINDRICAL_SURFACE('generated cylinder',#1515,6.) ;
#1819=CYLINDRICAL_SURFACE('generated cylinder',#1818,12.) ;
#1867=CYLINDRICAL_SURFACE('generated cylinder',#1866,12.) ;
#1915=CYLINDRICAL_SURFACE('generated cylinder',#1914,12.) ;
#1963=CYLINDRICAL_SURFACE('generated cylinder',#1962,12.) ;
#1980=CYLINDRICAL_SURFACE('generated cylinder',#1979,4.) ;
#2035=CYLINDRICAL_SURFACE('generated cylinder',#2034,4.) ;
#2083=CYLINDRICAL_SURFACE('generated cylinder',#2082,4.) ;
#2131=CYLINDRICAL_SURFACE('generated cylinder',#2130,4.) ;
#2265=CYLINDRICAL_SURFACE('generated cylinder',#2264,10.) ;
#2320=CYLINDRICAL_SURFACE('generated cylinder',#2319,10.) ;
#2368=CYLINDRICAL_SURFACE('generated cylinder',#2367,10.) ;
#2416=CYLINDRICAL_SURFACE('generated cylinder',#2415,10.) ;
#2597=CYLINDRICAL_SURFACE('generated cylinder',#2596,9.7) ;
#2645=CYLINDRICAL_SURFACE('generated cylinder',#2644,9.7) ;
#2693=CYLINDRICAL_SURFACE('generated cylinder',#2692,9.7) ;
#2741=CYLINDRICAL_SURFACE('generated cylinder',#2740,9.7) ;
#2840=CYLINDRICAL_SURFACE('generated cylinder',#2839,6.3) ;
#2895=CYLINDRICAL_SURFACE('generated cylinder',#2894,6.3) ;
#2943=CYLINDRICAL_SURFACE('generated cylinder',#2942,6.3) ;
#2991=CYLINDRICAL_SURFACE('generated cylinder',#2990,6.3) ;
#3140=CYLINDRICAL_SURFACE('generated cylinder',#3139,5.4) ;
#3188=CYLINDRICAL_SURFACE('generated cylinder',#3187,5.4) ;
#3236=CYLINDRICAL_SURFACE('generated cylinder',#3235,5.4) ;
#3284=CYLINDRICAL_SURFACE('generated cylinder',#3283,5.4) ;
#3383=CYLINDRICAL_SURFACE('generated cylinder',#3382,2.9) ;
#3438=CYLINDRICAL_SURFACE('generated cylinder',#3437,2.9) ;
#3486=CYLINDRICAL_SURFACE('generated cylinder',#3485,2.9) ;
#3534=CYLINDRICAL_SURFACE('generated cylinder',#3533,2.9) ;
#728=FACE_BOUND('',#713,.T.) ;
#732=FACE_BOUND('',#729,.T.) ;
#750=FACE_BOUND('',#747,.T.) ;
#768=FACE_BOUND('',#765,.T.) ;
#786=FACE_BOUND('',#783,.T.) ;
#804=FACE_BOUND('',#801,.T.) ;
#822=FACE_BOUND('',#819,.T.) ;
#836=FACE_BOUND('',#833,.T.) ;
#1635=FACE_BOUND('',#1626,.T.) ;
#1645=FACE_BOUND('',#1642,.T.) ;
#1727=FACE_BOUND('',#1718,.T.) ;
#1737=FACE_BOUND('',#1734,.T.) ;
#1746=FACE_BOUND('',#1743,.T.) ;
#1755=FACE_BOUND('',#1752,.T.) ;
#1764=FACE_BOUND('',#1761,.T.) ;
#1773=FACE_BOUND('',#1770,.T.) ;
#1782=FACE_BOUND('',#1779,.T.) ;
#2248=FACE_BOUND('',#2239,.T.) ;
#2528=FACE_BOUND('',#2519,.T.) ;
#2532=FACE_BOUND('',#2529,.T.) ;
#2536=FACE_BOUND('',#2533,.T.) ;
#2540=FACE_BOUND('',#2537,.T.) ;
#2544=FACE_BOUND('',#2541,.T.) ;
#2548=FACE_BOUND('',#2545,.T.) ;
#2552=FACE_BOUND('',#2549,.T.) ;
#2556=FACE_BOUND('',#2553,.T.) ;
#2560=FACE_BOUND('',#2557,.T.) ;
#2834=FACE_BOUND('',#2825,.T.) ;
#3103=FACE_BOUND('',#3094,.T.) ;
#3377=FACE_BOUND('',#3368,.T.) ;
#44=EDGE_CURVE('',#41,#43,#39,.F.) ;
#51=EDGE_CURVE('',#41,#50,#48,.T.) ;
#58=EDGE_CURVE('',#50,#57,#55,.F.) ;
#63=EDGE_CURVE('',#43,#57,#62,.T.) ;
#75=EDGE_CURVE('',#50,#41,#74,.T.) ;
#80=EDGE_CURVE('',#57,#43,#79,.T.) ;
#101=EDGE_CURVE('',#98,#100,#96,.F.) ;
#108=EDGE_CURVE('',#98,#107,#105,.T.) ;
#115=EDGE_CURVE('',#107,#114,#112,.F.) ;
#120=EDGE_CURVE('',#100,#114,#119,.T.) ;
#132=EDGE_CURVE('',#107,#98,#131,.T.) ;
#137=EDGE_CURVE('',#114,#100,#136,.T.) ;
#158=EDGE_CURVE('',#155,#157,#153,.F.) ;
#165=EDGE_CURVE('',#155,#164,#162,.T.) ;
#172=EDGE_CURVE('',#164,#171,#169,.F.) ;
#177=EDGE_CURVE('',#157,#171,#176,.T.) ;
#189=EDGE_CURVE('',#164,#155,#188,.T.) ;
#194=EDGE_CURVE('',#171,#157,#193,.T.) ;
#215=EDGE_CURVE('',#212,#214,#210,.F.) ;
#222=EDGE_CURVE('',#212,#221,#219,.T.) ;
#229=EDGE_CURVE('',#221,#228,#226,.F.) ;
#234=EDGE_CURVE('',#214,#228,#233,.T.) ;
#246=EDGE_CURVE('',#221,#212,#245,.T.) ;
#251=EDGE_CURVE('',#228,#214,#250,.T.) ;
#272=EDGE_CURVE('',#269,#271,#267,.F.) ;
#279=EDGE_CURVE('',#269,#278,#276,.T.) ;
#286=EDGE_CURVE('',#278,#285,#283,.F.) ;
#291=EDGE_CURVE('',#271,#285,#290,.T.) ;
#303=EDGE_CURVE('',#278,#269,#302,.T.) ;
#308=EDGE_CURVE('',#285,#271,#307,.T.) ;
#329=EDGE_CURVE('',#326,#328,#324,.F.) ;
#336=EDGE_CURVE('',#326,#335,#333,.T.) ;
#343=EDGE_CURVE('',#335,#342,#340,.F.) ;
#348=EDGE_CURVE('',#328,#342,#347,.T.) ;
#360=EDGE_CURVE('',#335,#326,#359,.T.) ;
#365=EDGE_CURVE('',#342,#328,#364,.T.) ;
#386=EDGE_CURVE('',#383,#385,#381,.F.) ;
#393=EDGE_CURVE('',#383,#392,#390,.T.) ;
#400=EDGE_CURVE('',#392,#399,#397,.F.) ;
#405=EDGE_CURVE('',#385,#399,#404,.T.) ;
#417=EDGE_CURVE('',#392,#383,#416,.T.) ;
#422=EDGE_CURVE('',#399,#385,#421,.T.) ;
#443=EDGE_CURVE('',#440,#442,#438,.F.) ;
#450=EDGE_CURVE('',#440,#449,#447,.T.) ;
#457=EDGE_CURVE('',#449,#456,#454,.F.) ;
#462=EDGE_CURVE('',#442,#456,#461,.T.) ;
#474=EDGE_CURVE('',#449,#440,#473,.T.) ;
#479=EDGE_CURVE('',#456,#442,#478,.T.) ;
#500=EDGE_CURVE('',#497,#499,#495,.T.) ;
#507=EDGE_CURVE('',#506,#499,#504,.F.) ;
#514=EDGE_CURVE('',#513,#506,#511,.T.) ;
#519=EDGE_CURVE('',#513,#497,#518,.F.) ;
#531=EDGE_CURVE('',#499,#497,#530,.T.) ;
#536=EDGE_CURVE('',#506,#513,#535,.T.) ;
#557=EDGE_CURVE('',#554,#556,#552,.T.) ;
#564=EDGE_CURVE('',#563,#554,#561,.T.) ;
#571=EDGE_CURVE('',#570,#563,#568,.T.) ;
#578=EDGE_CURVE('',#577,#570,#575,.T.) ;
#585=EDGE_CURVE('',#584,#577,#582,.T.) ;
#592=EDGE_CURVE('',#591,#584,#589,.T.) ;
#599=EDGE_CURVE('',#598,#591,#596,.T.) ;
#604=EDGE_CURVE('',#556,#598,#603,.T.) ;
#623=EDGE_CURVE('',#620,#622,#618,.T.) ;
#630=EDGE_CURVE('',#622,#629,#627,.T.) ;
#637=EDGE_CURVE('',#629,#636,#634,.T.) ;
#644=EDGE_CURVE('',#636,#643,#641,.T.) ;
#651=EDGE_CURVE('',#643,#650,#648,.T.) ;
#658=EDGE_CURVE('',#650,#657,#655,.T.) ;
#665=EDGE_CURVE('',#657,#664,#662,.T.) ;
#672=EDGE_CURVE('',#664,#671,#669,.T.) ;
#679=EDGE_CURVE('',#671,#678,#676,.T.) ;
#686=EDGE_CURVE('',#678,#685,#683,.T.) ;
#693=EDGE_CURVE('',#685,#692,#690,.T.) ;
#700=EDGE_CURVE('',#692,#699,#697,.T.) ;
#707=EDGE_CURVE('',#699,#706,#704,.T.) ;
#712=EDGE_CURVE('',#706,#620,#711,.T.) ;
#741=EDGE_CURVE('',#738,#740,#736,.T.) ;
#746=EDGE_CURVE('',#740,#738,#745,.T.) ;
#759=EDGE_CURVE('',#756,#758,#754,.T.) ;
#764=EDGE_CURVE('',#758,#756,#763,.T.) ;
#777=EDGE_CURVE('',#774,#776,#772,.T.) ;
#782=EDGE_CURVE('',#776,#774,#781,.T.) ;
#795=EDGE_CURVE('',#792,#794,#790,.T.) ;
#800=EDGE_CURVE('',#794,#792,#799,.T.) ;
#813=EDGE_CURVE('',#810,#812,#808,.T.) ;
#818=EDGE_CURVE('',#812,#810,#817,.T.) ;
#849=EDGE_CURVE('',#848,#598,#846,.T.) ;
#856=EDGE_CURVE('',#855,#848,#853,.T.) ;
#861=EDGE_CURVE('',#855,#556,#860,.T.) ;
#880=EDGE_CURVE('',#879,#591,#877,.F.) ;
#885=EDGE_CURVE('',#848,#879,#884,.T.) ;
#904=EDGE_CURVE('',#903,#584,#901,.T.) ;
#909=EDGE_CURVE('',#879,#903,#908,.T.) ;
#928=EDGE_CURVE('',#927,#577,#925,.F.) ;
#933=EDGE_CURVE('',#903,#927,#932,.T.) ;
#952=EDGE_CURVE('',#951,#570,#949,.T.) ;
#957=EDGE_CURVE('',#927,#951,#956,.T.) ;
#976=EDGE_CURVE('',#975,#563,#973,.F.) ;
#981=EDGE_CURVE('',#951,#975,#980,.T.) ;
#1000=EDGE_CURVE('',#999,#554,#997,.T.) ;
#1005=EDGE_CURVE('',#975,#999,#1004,.T.) ;
#1022=EDGE_CURVE('',#999,#855,#1021,.T.) ;
#1041=EDGE_CURVE('',#706,#1040,#1038,.F.) ;
#1048=EDGE_CURVE('',#1040,#1047,#1045,.T.) ;
#1053=EDGE_CURVE('',#620,#1047,#1052,.F.) ;
#1067=EDGE_CURVE('',#1066,#1040,#1064,.T.) ;
#1072=EDGE_CURVE('',#699,#1066,#1071,.F.) ;
#1089=EDGE_CURVE('',#1047,#1066,#1088,.T.) ;
#1096=EDGE_CURVE('',#692,#1095,#1093,.T.) ;
#1103=EDGE_CURVE('',#1095,#1102,#1100,.T.) ;
#1108=EDGE_CURVE('',#622,#1102,#1107,.T.) ;
#1131=EDGE_CURVE('',#1130,#1095,#1128,.T.) ;
#1136=EDGE_CURVE('',#685,#1130,#1135,.F.) ;
#1155=EDGE_CURVE('',#1154,#1130,#1152,.T.) ;
#1160=EDGE_CURVE('',#678,#1154,#1159,.T.) ;
#1179=EDGE_CURVE('',#1178,#1154,#1176,.T.) ;
#1184=EDGE_CURVE('',#671,#1178,#1183,.F.) ;
#1203=EDGE_CURVE('',#664,#1202,#1200,.T.) ;
#1210=EDGE_CURVE('',#1209,#1202,#1207,.T.) ;
#1215=EDGE_CURVE('',#650,#1209,#1214,.T.) ;
#1222=EDGE_CURVE('',#643,#1221,#1219,.T.) ;
#1227=EDGE_CURVE('',#1221,#1178,#1226,.T.) ;
#1250=EDGE_CURVE('',#657,#1249,#1247,.F.) ;
#1255=EDGE_CURVE('',#1249,#1202,#1254,.T.) ;
#1267=EDGE_CURVE('',#1209,#1249,#1266,.T.) ;
#1286=EDGE_CURVE('',#1285,#1221,#1283,.T.) ;
#1291=EDGE_CURVE('',#636,#1285,#1290,.F.) ;
#1310=EDGE_CURVE('',#1309,#1285,#1307,.T.) ;
#1315=EDGE_CURVE('',#629,#1309,#1314,.T.) ;
#1332=EDGE_CURVE('',#1102,#1309,#1331,.T.) ;
#1353=EDGE_CURVE('',#1350,#1352,#1348,.T.) ;
#1358=EDGE_CURVE('',#738,#1352,#1357,.F.) ;
#1363=EDGE_CURVE('',#740,#1350,#1362,.F.) ;
#1375=EDGE_CURVE('',#1352,#1350,#1374,.T.) ;
#1396=EDGE_CURVE('',#1393,#1395,#1391,.T.) ;
#1401=EDGE_CURVE('',#756,#1395,#1400,.F.) ;
#1406=EDGE_CURVE('',#758,#1393,#1405,.F.) ;
#1418=EDGE_CURVE('',#1395,#1393,#1417,.T.) ;
#1439=EDGE_CURVE('',#1436,#1438,#1434,.T.) ;
#1444=EDGE_CURVE('',#774,#1438,#1443,.F.) ;
#1449=EDGE_CURVE('',#776,#1436,#1448,.F.) ;
#1461=EDGE_CURVE('',#1438,#1436,#1460,.T.) ;
#1482=EDGE_CURVE('',#1479,#1481,#1477,.T.) ;
#1487=EDGE_CURVE('',#792,#1481,#1486,.F.) ;
#1492=EDGE_CURVE('',#794,#1479,#1491,.F.) ;
#1504=EDGE_CURVE('',#1481,#1479,#1503,.T.) ;
#1525=EDGE_CURVE('',#1522,#1524,#1520,.T.) ;
#1530=EDGE_CURVE('',#810,#1524,#1529,.F.) ;
#1535=EDGE_CURVE('',#812,#1522,#1534,.F.) ;
#1547=EDGE_CURVE('',#1524,#1522,#1546,.T.) ;
#1578=EDGE_CURVE('',#1575,#1577,#1573,.T.) ;
#1585=EDGE_CURVE('',#1584,#1575,#1582,.T.) ;
#1592=EDGE_CURVE('',#1591,#1584,#1589,.T.) ;
#1599=EDGE_CURVE('',#1598,#1591,#1596,.T.) ;
#1606=EDGE_CURVE('',#1605,#1598,#1603,.T.) ;
#1613=EDGE_CURVE('',#1612,#1605,#1610,.T.) ;
#1620=EDGE_CURVE('',#1619,#1612,#1617,.T.) ;
#1625=EDGE_CURVE('',#1577,#1619,#1624,.T.) ;
#1670=EDGE_CURVE('',#1667,#1669,#1665,.T.) ;
#1677=EDGE_CURVE('',#1669,#1676,#1674,.T.) ;
#1684=EDGE_CURVE('',#1676,#1683,#1681,.T.) ;
#1691=EDGE_CURVE('',#1683,#1690,#1688,.T.) ;
#1698=EDGE_CURVE('',#1690,#1697,#1695,.T.) ;
#1705=EDGE_CURVE('',#1697,#1704,#1702,.T.) ;
#1712=EDGE_CURVE('',#1704,#1711,#1709,.T.) ;
#1717=EDGE_CURVE('',#1711,#1667,#1716,.T.) ;
#1795=EDGE_CURVE('',#1575,#1794,#1792,.T.) ;
#1802=EDGE_CURVE('',#1577,#1801,#1799,.T.) ;
#1807=EDGE_CURVE('',#1794,#1801,#1806,.T.) ;
#1826=EDGE_CURVE('',#1584,#1825,#1823,.T.) ;
#1831=EDGE_CURVE('',#1825,#1794,#1830,.T.) ;
#1850=EDGE_CURVE('',#1591,#1849,#1847,.T.) ;
#1855=EDGE_CURVE('',#1849,#1825,#1854,.T.) ;
#1874=EDGE_CURVE('',#1598,#1873,#1871,.T.) ;
#1879=EDGE_CURVE('',#1873,#1849,#1878,.T.) ;
#1898=EDGE_CURVE('',#1605,#1897,#1895,.T.) ;
#1903=EDGE_CURVE('',#1897,#1873,#1902,.T.) ;
#1922=EDGE_CURVE('',#1612,#1921,#1919,.T.) ;
#1927=EDGE_CURVE('',#1921,#1897,#1926,.T.) ;
#1946=EDGE_CURVE('',#1619,#1945,#1943,.T.) ;
#1951=EDGE_CURVE('',#1945,#1921,#1950,.T.) ;
#1968=EDGE_CURVE('',#1801,#1945,#1967,.T.) ;
#1987=EDGE_CURVE('',#1986,#1711,#1984,.F.) ;
#1994=EDGE_CURVE('',#1986,#1993,#1991,.T.) ;
#1999=EDGE_CURVE('',#1993,#1667,#1998,.F.) ;
#2018=EDGE_CURVE('',#2017,#1704,#2015,.T.) ;
#2023=EDGE_CURVE('',#2017,#1986,#2022,.T.) ;
#2042=EDGE_CURVE('',#2041,#1697,#2039,.F.) ;
#2047=EDGE_CURVE('',#2041,#2017,#2046,.T.) ;
#2066=EDGE_CURVE('',#2065,#1690,#2063,.T.) ;
#2071=EDGE_CURVE('',#2065,#2041,#2070,.T.) ;
#2090=EDGE_CURVE('',#2089,#1683,#2087,.F.) ;
#2095=EDGE_CURVE('',#2089,#2065,#2094,.T.) ;
#2114=EDGE_CURVE('',#2113,#1676,#2111,.T.) ;
#2119=EDGE_CURVE('',#2113,#2089,#2118,.T.) ;
#2138=EDGE_CURVE('',#2137,#1669,#2135,.F.) ;
#2143=EDGE_CURVE('',#2137,#2113,#2142,.T.) ;
#2160=EDGE_CURVE('',#1993,#2137,#2159,.T.) ;
#2191=EDGE_CURVE('',#2188,#2190,#2186,.T.) ;
#2198=EDGE_CURVE('',#2197,#2188,#2195,.T.) ;
#2205=EDGE_CURVE('',#2204,#2197,#2202,.T.) ;
#2212=EDGE_CURVE('',#2211,#2204,#2209,.T.) ;
#2219=EDGE_CURVE('',#2218,#2211,#2216,.T.) ;
#2226=EDGE_CURVE('',#2225,#2218,#2223,.T.) ;
#2233=EDGE_CURVE('',#2232,#2225,#2230,.T.) ;
#2238=EDGE_CURVE('',#2190,#2232,#2237,.T.) ;
#2272=EDGE_CURVE('',#2271,#2190,#2269,.T.) ;
#2279=EDGE_CURVE('',#2278,#2271,#2276,.T.) ;
#2284=EDGE_CURVE('',#2278,#2188,#2283,.T.) ;
#2303=EDGE_CURVE('',#2302,#2278,#2300,.T.) ;
#2308=EDGE_CURVE('',#2302,#2197,#2307,.T.) ;
#2327=EDGE_CURVE('',#2326,#2302,#2324,.T.) ;
#2332=EDGE_CURVE('',#2326,#2204,#2331,.T.) ;
#2351=EDGE_CURVE('',#2350,#2326,#2348,.T.) ;
#2356=EDGE_CURVE('',#2350,#2211,#2355,.T.) ;
#2375=EDGE_CURVE('',#2374,#2350,#2372,.T.) ;
#2380=EDGE_CURVE('',#2374,#2218,#2379,.T.) ;
#2399=EDGE_CURVE('',#2398,#2374,#2396,.T.) ;
#2404=EDGE_CURVE('',#2398,#2225,#2403,.T.) ;
#2423=EDGE_CURVE('',#2422,#2398,#2420,.T.) ;
#2428=EDGE_CURVE('',#2422,#2232,#2427,.T.) ;
#2445=EDGE_CURVE('',#2271,#2422,#2444,.T.) ;
#2471=EDGE_CURVE('',#2468,#2470,#2466,.T.) ;
#2478=EDGE_CURVE('',#2477,#2468,#2475,.T.) ;
#2485=EDGE_CURVE('',#2484,#2477,#2482,.T.) ;
#2492=EDGE_CURVE('',#2491,#2484,#2489,.T.) ;
#2499=EDGE_CURVE('',#2498,#2491,#2496,.T.) ;
#2506=EDGE_CURVE('',#2505,#2498,#2503,.T.) ;
#2513=EDGE_CURVE('',#2512,#2505,#2510,.T.) ;
#2518=EDGE_CURVE('',#2470,#2512,#2517,.T.) ;
#2573=EDGE_CURVE('',#2468,#2572,#2570,.T.) ;
#2580=EDGE_CURVE('',#2470,#2579,#2577,.T.) ;
#2585=EDGE_CURVE('',#2572,#2579,#2584,.T.) ;
#2604=EDGE_CURVE('',#2477,#2603,#2601,.F.) ;
#2609=EDGE_CURVE('',#2603,#2572,#2608,.T.) ;
#2628=EDGE_CURVE('',#2484,#2627,#2625,.T.) ;
#2633=EDGE_CURVE('',#2627,#2603,#2632,.T.) ;
#2652=EDGE_CURVE('',#2491,#2651,#2649,.F.) ;
#2657=EDGE_CURVE('',#2651,#2627,#2656,.T.) ;
#2676=EDGE_CURVE('',#2498,#2675,#2673,.T.) ;
#2681=EDGE_CURVE('',#2675,#2651,#2680,.T.) ;
#2700=EDGE_CURVE('',#2505,#2699,#2697,.F.) ;
#2705=EDGE_CURVE('',#2699,#2675,#2704,.T.) ;
#2724=EDGE_CURVE('',#2512,#2723,#2721,.T.) ;
#2729=EDGE_CURVE('',#2723,#2699,#2728,.T.) ;
#2746=EDGE_CURVE('',#2579,#2723,#2745,.T.) ;
#2777=EDGE_CURVE('',#2774,#2776,#2772,.T.) ;
#2784=EDGE_CURVE('',#2783,#2774,#2781,.T.) ;
#2791=EDGE_CURVE('',#2790,#2783,#2788,.T.) ;
#2798=EDGE_CURVE('',#2797,#2790,#2795,.T.) ;
#2805=EDGE_CURVE('',#2804,#2797,#2802,.T.) ;
#2812=EDGE_CURVE('',#2811,#2804,#2809,.T.) ;
#2819=EDGE_CURVE('',#2818,#2811,#2816,.T.) ;
#2824=EDGE_CURVE('',#2776,#2818,#2823,.T.) ;
#2847=EDGE_CURVE('',#2846,#2776,#2844,.F.) ;
#2854=EDGE_CURVE('',#2853,#2846,#2851,.T.) ;
#2859=EDGE_CURVE('',#2853,#2774,#2858,.F.) ;
#2878=EDGE_CURVE('',#2877,#2853,#2875,.T.) ;
#2883=EDGE_CURVE('',#2877,#2783,#2882,.T.) ;
#2902=EDGE_CURVE('',#2901,#2877,#2899,.T.) ;
#2907=EDGE_CURVE('',#2901,#2790,#2906,.F.) ;
#2926=EDGE_CURVE('',#2925,#2901,#2923,.T.) ;
#2931=EDGE_CURVE('',#2925,#2797,#2930,.T.) ;
#2950=EDGE_CURVE('',#2949,#2925,#2947,.T.) ;
#2955=EDGE_CURVE('',#2949,#2804,#2954,.F.) ;
#2974=EDGE_CURVE('',#2973,#2949,#2971,.T.) ;
#2979=EDGE_CURVE('',#2973,#2811,#2978,.T.) ;
#2998=EDGE_CURVE('',#2997,#2973,#2995,.T.) ;
#3003=EDGE_CURVE('',#2997,#2818,#3002,.F.) ;
#3020=EDGE_CURVE('',#2846,#2997,#3019,.T.) ;
#3046=EDGE_CURVE('',#3043,#3045,#3041,.T.) ;
#3053=EDGE_CURVE('',#3052,#3043,#3050,.T.) ;
#3060=EDGE_CURVE('',#3059,#3052,#3057,.T.) ;
#3067=EDGE_CURVE('',#3066,#3059,#3064,.T.) ;
#3074=EDGE_CURVE('',#3073,#3066,#3071,.T.) ;
#3081=EDGE_CURVE('',#3080,#3073,#3078,.T.) ;
#3088=EDGE_CURVE('',#3087,#3080,#3085,.T.) ;
#3093=EDGE_CURVE('',#3045,#3087,#3092,.T.) ;
#3116=EDGE_CURVE('',#3043,#3115,#3113,.T.) ;
#3123=EDGE_CURVE('',#3045,#3122,#3120,.T.) ;
#3128=EDGE_CURVE('',#3115,#3122,#3127,.T.) ;
#3147=EDGE_CURVE('',#3052,#3146,#3144,.T.) ;
#3152=EDGE_CURVE('',#3146,#3115,#3151,.T.) ;
#3171=EDGE_CURVE('',#3059,#3170,#3168,.T.) ;
#3176=EDGE_CURVE('',#3170,#3146,#3175,.T.) ;
#3195=EDGE_CURVE('',#3066,#3194,#3192,.T.) ;
#3200=EDGE_CURVE('',#3194,#3170,#3199,.T.) ;
#3219=EDGE_CURVE('',#3073,#3218,#3216,.T.) ;
#3224=EDGE_CURVE('',#3218,#3194,#3223,.T.) ;
#3243=EDGE_CURVE('',#3080,#3242,#3240,.T.) ;
#3248=EDGE_CURVE('',#3242,#3218,#3247,.T.) ;
#3267=EDGE_CURVE('',#3087,#3266,#3264,.T.) ;
#3272=EDGE_CURVE('',#3266,#3242,#3271,.T.) ;
#3289=EDGE_CURVE('',#3122,#3266,#3288,.T.) ;
#3320=EDGE_CURVE('',#3317,#3319,#3315,.T.) ;
#3327=EDGE_CURVE('',#3326,#3317,#3324,.T.) ;
#3334=EDGE_CURVE('',#3333,#3326,#3331,.T.) ;
#3341=EDGE_CURVE('',#3340,#3333,#3338,.T.) ;
#3348=EDGE_CURVE('',#3347,#3340,#3345,.T.) ;
#3355=EDGE_CURVE('',#3354,#3347,#3352,.T.) ;
#3362=EDGE_CURVE('',#3361,#3354,#3359,.T.) ;
#3367=EDGE_CURVE('',#3319,#3361,#3366,.T.) ;
#3390=EDGE_CURVE('',#3389,#3319,#3387,.T.) ;
#3397=EDGE_CURVE('',#3396,#3389,#3394,.T.) ;
#3402=EDGE_CURVE('',#3396,#3317,#3401,.T.) ;
#3421=EDGE_CURVE('',#3420,#3396,#3418,.T.) ;
#3426=EDGE_CURVE('',#3420,#3326,#3425,.T.) ;
#3445=EDGE_CURVE('',#3444,#3420,#3442,.T.) ;
#3450=EDGE_CURVE('',#3444,#3333,#3449,.T.) ;
#3469=EDGE_CURVE('',#3468,#3444,#3466,.T.) ;
#3474=EDGE_CURVE('',#3468,#3340,#3473,.T.) ;
#3493=EDGE_CURVE('',#3492,#3468,#3490,.T.) ;
#3498=EDGE_CURVE('',#3492,#3347,#3497,.T.) ;
#3517=EDGE_CURVE('',#3516,#3492,#3514,.T.) ;
#3522=EDGE_CURVE('',#3516,#3354,#3521,.T.) ;
#3541=EDGE_CURVE('',#3540,#3516,#3538,.T.) ;
#3546=EDGE_CURVE('',#3540,#3361,#3545,.T.) ;
#3563=EDGE_CURVE('',#3389,#3540,#3562,.T.) ;
#30=CLOSED_SHELL('Closed Shell',(#70,#87,#127,#144,#184,#201,#241,#258,#298,#315,#355,#372,#412,#429,#469,#486,#526,#543,#823,#837,#868,#892,#916,#940,#964,#988,#1012,#1029,#1060,#1079,#1119,#1143,#1167,#1191,#1238,#1262,#1274,#1298,#1322,#1339,#1370,#1382,#1413,#1425,#1456,#1468,#1499,#1511,#1542,#1554,#1636,#1646,#1728,#1738,#1747,#1756,#1765,#1774,#1783,#1814,#1838,#1862,#1886,#1910,#1934,#1958,#1975,#2006,#2030,#2054,#2078,#2102,#2126,#2150,#2167,#2249,#2260,#2291,#2315,#2339,#2363,#2387,#2411,#2435,#2452,#2561,#2592,#2616,#2640,#2664,#2688,#2712,#2736,#2753,#2835,#2866,#2890,#2914,#2938,#2962,#2986,#3010,#3027,#3104,#3135,#3159,#3183,#3207,#3231,#3255,#3279,#3296,#3378,#3409,#3433,#3457,#3481,#3505,#3529,#3553,#3570,#3581)) ;
#65=ORIENTED_EDGE('',*,*,#44,.F.) ;
#66=ORIENTED_EDGE('',*,*,#51,.T.) ;
#67=ORIENTED_EDGE('',*,*,#58,.T.) ;
#68=ORIENTED_EDGE('',*,*,#63,.F.) ;
#82=ORIENTED_EDGE('',*,*,#58,.F.) ;
#83=ORIENTED_EDGE('',*,*,#75,.T.) ;
#84=ORIENTED_EDGE('',*,*,#44,.T.) ;
#85=ORIENTED_EDGE('',*,*,#80,.F.) ;
#122=ORIENTED_EDGE('',*,*,#101,.F.) ;
#123=ORIENTED_EDGE('',*,*,#108,.T.) ;
#124=ORIENTED_EDGE('',*,*,#115,.T.) ;
#125=ORIENTED_EDGE('',*,*,#120,.F.) ;
#139=ORIENTED_EDGE('',*,*,#115,.F.) ;
#140=ORIENTED_EDGE('',*,*,#132,.T.) ;
#141=ORIENTED_EDGE('',*,*,#101,.T.) ;
#142=ORIENTED_EDGE('',*,*,#137,.F.) ;
#179=ORIENTED_EDGE('',*,*,#158,.F.) ;
#180=ORIENTED_EDGE('',*,*,#165,.T.) ;
#181=ORIENTED_EDGE('',*,*,#172,.T.) ;
#182=ORIENTED_EDGE('',*,*,#177,.F.) ;
#196=ORIENTED_EDGE('',*,*,#172,.F.) ;
#197=ORIENTED_EDGE('',*,*,#189,.T.) ;
#198=ORIENTED_EDGE('',*,*,#158,.T.) ;
#199=ORIENTED_EDGE('',*,*,#194,.F.) ;
#236=ORIENTED_EDGE('',*,*,#215,.F.) ;
#237=ORIENTED_EDGE('',*,*,#222,.T.) ;
#238=ORIENTED_EDGE('',*,*,#229,.T.) ;
#239=ORIENTED_EDGE('',*,*,#234,.F.) ;
#253=ORIENTED_EDGE('',*,*,#229,.F.) ;
#254=ORIENTED_EDGE('',*,*,#246,.T.) ;
#255=ORIENTED_EDGE('',*,*,#215,.T.) ;
#256=ORIENTED_EDGE('',*,*,#251,.F.) ;
#293=ORIENTED_EDGE('',*,*,#272,.F.) ;
#294=ORIENTED_EDGE('',*,*,#279,.T.) ;
#295=ORIENTED_EDGE('',*,*,#286,.T.) ;
#296=ORIENTED_EDGE('',*,*,#291,.F.) ;
#310=ORIENTED_EDGE('',*,*,#286,.F.) ;
#311=ORIENTED_EDGE('',*,*,#303,.T.) ;
#312=ORIENTED_EDGE('',*,*,#272,.T.) ;
#313=ORIENTED_EDGE('',*,*,#308,.F.) ;
#350=ORIENTED_EDGE('',*,*,#329,.F.) ;
#351=ORIENTED_EDGE('',*,*,#336,.T.) ;
#352=ORIENTED_EDGE('',*,*,#343,.T.) ;
#353=ORIENTED_EDGE('',*,*,#348,.F.) ;
#367=ORIENTED_EDGE('',*,*,#343,.F.) ;
#368=ORIENTED_EDGE('',*,*,#360,.T.) ;
#369=ORIENTED_EDGE('',*,*,#329,.T.) ;
#370=ORIENTED_EDGE('',*,*,#365,.F.) ;
#407=ORIENTED_EDGE('',*,*,#386,.F.) ;
#408=ORIENTED_EDGE('',*,*,#393,.T.) ;
#409=ORIENTED_EDGE('',*,*,#400,.T.) ;
#410=ORIENTED_EDGE('',*,*,#405,.F.) ;
#424=ORIENTED_EDGE('',*,*,#400,.F.) ;
#425=ORIENTED_EDGE('',*,*,#417,.T.) ;
#426=ORIENTED_EDGE('',*,*,#386,.T.) ;
#427=ORIENTED_EDGE('',*,*,#422,.F.) ;
#464=ORIENTED_EDGE('',*,*,#443,.F.) ;
#465=ORIENTED_EDGE('',*,*,#450,.T.) ;
#466=ORIENTED_EDGE('',*,*,#457,.T.) ;
#467=ORIENTED_EDGE('',*,*,#462,.F.) ;
#481=ORIENTED_EDGE('',*,*,#457,.F.) ;
#482=ORIENTED_EDGE('',*,*,#474,.T.) ;
#483=ORIENTED_EDGE('',*,*,#443,.T.) ;
#484=ORIENTED_EDGE('',*,*,#479,.F.) ;
#521=ORIENTED_EDGE('',*,*,#500,.T.) ;
#522=ORIENTED_EDGE('',*,*,#507,.F.) ;
#523=ORIENTED_EDGE('',*,*,#514,.F.) ;
#524=ORIENTED_EDGE('',*,*,#519,.T.) ;
#538=ORIENTED_EDGE('',*,*,#531,.T.) ;
#539=ORIENTED_EDGE('',*,*,#519,.F.) ;
#540=ORIENTED_EDGE('',*,*,#536,.F.) ;
#541=ORIENTED_EDGE('',*,*,#507,.T.) ;
#606=ORIENTED_EDGE('',*,*,#557,.F.) ;
#607=ORIENTED_EDGE('',*,*,#564,.F.) ;
#608=ORIENTED_EDGE('',*,*,#571,.F.) ;
#609=ORIENTED_EDGE('',*,*,#578,.F.) ;
#610=ORIENTED_EDGE('',*,*,#585,.F.) ;
#611=ORIENTED_EDGE('',*,*,#592,.F.) ;
#612=ORIENTED_EDGE('',*,*,#599,.F.) ;
#613=ORIENTED_EDGE('',*,*,#604,.F.) ;
#714=ORIENTED_EDGE('',*,*,#623,.T.) ;
#715=ORIENTED_EDGE('',*,*,#630,.T.) ;
#716=ORIENTED_EDGE('',*,*,#637,.T.) ;
#717=ORIENTED_EDGE('',*,*,#644,.T.) ;
#718=ORIENTED_EDGE('',*,*,#651,.T.) ;
#719=ORIENTED_EDGE('',*,*,#658,.T.) ;
#720=ORIENTED_EDGE('',*,*,#665,.T.) ;
#721=ORIENTED_EDGE('',*,*,#672,.T.) ;
#722=ORIENTED_EDGE('',*,*,#679,.T.) ;
#723=ORIENTED_EDGE('',*,*,#686,.T.) ;
#724=ORIENTED_EDGE('',*,*,#693,.T.) ;
#725=ORIENTED_EDGE('',*,*,#700,.T.) ;
#726=ORIENTED_EDGE('',*,*,#707,.T.) ;
#727=ORIENTED_EDGE('',*,*,#712,.T.) ;
#730=ORIENTED_EDGE('',*,*,#536,.T.) ;
#731=ORIENTED_EDGE('',*,*,#514,.T.) ;
#748=ORIENTED_EDGE('',*,*,#741,.T.) ;
#749=ORIENTED_EDGE('',*,*,#746,.T.) ;
#766=ORIENTED_EDGE('',*,*,#759,.T.) ;
#767=ORIENTED_EDGE('',*,*,#764,.T.) ;
#784=ORIENTED_EDGE('',*,*,#777,.T.) ;
#785=ORIENTED_EDGE('',*,*,#782,.T.) ;
#802=ORIENTED_EDGE('',*,*,#795,.T.) ;
#803=ORIENTED_EDGE('',*,*,#800,.T.) ;
#820=ORIENTED_EDGE('',*,*,#813,.T.) ;
#821=ORIENTED_EDGE('',*,*,#818,.T.) ;
#830=ORIENTED_EDGE('',*,*,#531,.F.) ;
#831=ORIENTED_EDGE('',*,*,#500,.F.) ;
#834=ORIENTED_EDGE('',*,*,#80,.T.) ;
#835=ORIENTED_EDGE('',*,*,#63,.T.) ;
#863=ORIENTED_EDGE('',*,*,#604,.T.) ;
#864=ORIENTED_EDGE('',*,*,#849,.F.) ;
#865=ORIENTED_EDGE('',*,*,#856,.F.) ;
#866=ORIENTED_EDGE('',*,*,#861,.T.) ;
#887=ORIENTED_EDGE('',*,*,#599,.T.) ;
#888=ORIENTED_EDGE('',*,*,#880,.F.) ;
#889=ORIENTED_EDGE('',*,*,#885,.F.) ;
#890=ORIENTED_EDGE('',*,*,#849,.T.) ;
#911=ORIENTED_EDGE('',*,*,#592,.T.) ;
#912=ORIENTED_EDGE('',*,*,#904,.F.) ;
#913=ORIENTED_EDGE('',*,*,#909,.F.) ;
#914=ORIENTED_EDGE('',*,*,#880,.T.) ;
#935=ORIENTED_EDGE('',*,*,#585,.T.) ;
#936=ORIENTED_EDGE('',*,*,#928,.F.) ;
#937=ORIENTED_EDGE('',*,*,#933,.F.) ;
#938=ORIENTED_EDGE('',*,*,#904,.T.) ;
#959=ORIENTED_EDGE('',*,*,#578,.T.) ;
#960=ORIENTED_EDGE('',*,*,#952,.F.) ;
#961=ORIENTED_EDGE('',*,*,#957,.F.) ;
#962=ORIENTED_EDGE('',*,*,#928,.T.) ;
#983=ORIENTED_EDGE('',*,*,#571,.T.) ;
#984=ORIENTED_EDGE('',*,*,#976,.F.) ;
#985=ORIENTED_EDGE('',*,*,#981,.F.) ;
#986=ORIENTED_EDGE('',*,*,#952,.T.) ;
#1007=ORIENTED_EDGE('',*,*,#564,.T.) ;
#1008=ORIENTED_EDGE('',*,*,#1000,.F.) ;
#1009=ORIENTED_EDGE('',*,*,#1005,.F.) ;
#1010=ORIENTED_EDGE('',*,*,#976,.T.) ;
#1024=ORIENTED_EDGE('',*,*,#557,.T.) ;
#1025=ORIENTED_EDGE('',*,*,#861,.F.) ;
#1026=ORIENTED_EDGE('',*,*,#1022,.F.) ;
#1027=ORIENTED_EDGE('',*,*,#1000,.T.) ;
#1055=ORIENTED_EDGE('',*,*,#712,.F.) ;
#1056=ORIENTED_EDGE('',*,*,#1041,.T.) ;
#1057=ORIENTED_EDGE('',*,*,#1048,.T.) ;
#1058=ORIENTED_EDGE('',*,*,#1053,.F.) ;
#1074=ORIENTED_EDGE('',*,*,#1067,.T.) ;
#1075=ORIENTED_EDGE('',*,*,#1041,.F.) ;
#1076=ORIENTED_EDGE('',*,*,#707,.F.) ;
#1077=ORIENTED_EDGE('',*,*,#1072,.T.) ;
#1110=ORIENTED_EDGE('',*,*,#1053,.T.) ;
#1111=ORIENTED_EDGE('',*,*,#1089,.T.) ;
#1112=ORIENTED_EDGE('',*,*,#1072,.F.) ;
#1113=ORIENTED_EDGE('',*,*,#700,.F.) ;
#1114=ORIENTED_EDGE('',*,*,#1096,.T.) ;
#1115=ORIENTED_EDGE('',*,*,#1103,.T.) ;
#1116=ORIENTED_EDGE('',*,*,#1108,.F.) ;
#1117=ORIENTED_EDGE('',*,*,#623,.F.) ;
#1138=ORIENTED_EDGE('',*,*,#1131,.T.) ;
#1139=ORIENTED_EDGE('',*,*,#1096,.F.) ;
#1140=ORIENTED_EDGE('',*,*,#693,.F.) ;
#1141=ORIENTED_EDGE('',*,*,#1136,.T.) ;
#1162=ORIENTED_EDGE('',*,*,#1155,.T.) ;
#1163=ORIENTED_EDGE('',*,*,#1136,.F.) ;
#1164=ORIENTED_EDGE('',*,*,#686,.F.) ;
#1165=ORIENTED_EDGE('',*,*,#1160,.T.) ;
#1186=ORIENTED_EDGE('',*,*,#1179,.T.) ;
#1187=ORIENTED_EDGE('',*,*,#1160,.F.) ;
#1188=ORIENTED_EDGE('',*,*,#679,.F.) ;
#1189=ORIENTED_EDGE('',*,*,#1184,.T.) ;
#1229=ORIENTED_EDGE('',*,*,#1203,.T.) ;
#1230=ORIENTED_EDGE('',*,*,#1210,.F.) ;
#1231=ORIENTED_EDGE('',*,*,#1215,.F.) ;
#1232=ORIENTED_EDGE('',*,*,#651,.F.) ;
#1233=ORIENTED_EDGE('',*,*,#1222,.T.) ;
#1234=ORIENTED_EDGE('',*,*,#1227,.T.) ;
#1235=ORIENTED_EDGE('',*,*,#1184,.F.) ;
#1236=ORIENTED_EDGE('',*,*,#672,.F.) ;
#1257=ORIENTED_EDGE('',*,*,#665,.F.) ;
#1258=ORIENTED_EDGE('',*,*,#1250,.T.) ;
#1259=ORIENTED_EDGE('',*,*,#1255,.T.) ;
#1260=ORIENTED_EDGE('',*,*,#1203,.F.) ;
#1269=ORIENTED_EDGE('',*,*,#1267,.T.) ;
#1270=ORIENTED_EDGE('',*,*,#1250,.F.) ;
#1271=ORIENTED_EDGE('',*,*,#658,.F.) ;
#1272=ORIENTED_EDGE('',*,*,#1215,.T.) ;
#1293=ORIENTED_EDGE('',*,*,#1286,.T.) ;
#1294=ORIENTED_EDGE('',*,*,#1222,.F.) ;
#1295=ORIENTED_EDGE('',*,*,#644,.F.) ;
#1296=ORIENTED_EDGE('',*,*,#1291,.T.) ;
#1317=ORIENTED_EDGE('',*,*,#1310,.T.) ;
#1318=ORIENTED_EDGE('',*,*,#1291,.F.) ;
#1319=ORIENTED_EDGE('',*,*,#637,.F.) ;
#1320=ORIENTED_EDGE('',*,*,#1315,.T.) ;
#1334=ORIENTED_EDGE('',*,*,#1332,.T.) ;
#1335=ORIENTED_EDGE('',*,*,#1315,.F.) ;
#1336=ORIENTED_EDGE('',*,*,#630,.F.) ;
#1337=ORIENTED_EDGE('',*,*,#1108,.T.) ;
#1365=ORIENTED_EDGE('',*,*,#1353,.T.) ;
#1366=ORIENTED_EDGE('',*,*,#1358,.F.) ;
#1367=ORIENTED_EDGE('',*,*,#746,.F.) ;
#1368=ORIENTED_EDGE('',*,*,#1363,.T.) ;
#1377=ORIENTED_EDGE('',*,*,#1375,.T.) ;
#1378=ORIENTED_EDGE('',*,*,#1363,.F.) ;
#1379=ORIENTED_EDGE('',*,*,#741,.F.) ;
#1380=ORIENTED_EDGE('',*,*,#1358,.T.) ;
#1408=ORIENTED_EDGE('',*,*,#1396,.T.) ;
#1409=ORIENTED_EDGE('',*,*,#1401,.F.) ;
#1410=ORIENTED_EDGE('',*,*,#764,.F.) ;
#1411=ORIENTED_EDGE('',*,*,#1406,.T.) ;
#1420=ORIENTED_EDGE('',*,*,#1418,.T.) ;
#1421=ORIENTED_EDGE('',*,*,#1406,.F.) ;
#1422=ORIENTED_EDGE('',*,*,#759,.F.) ;
#1423=ORIENTED_EDGE('',*,*,#1401,.T.) ;
#1451=ORIENTED_EDGE('',*,*,#1439,.T.) ;
#1452=ORIENTED_EDGE('',*,*,#1444,.F.) ;
#1453=ORIENTED_EDGE('',*,*,#782,.F.) ;
#1454=ORIENTED_EDGE('',*,*,#1449,.T.) ;
#1463=ORIENTED_EDGE('',*,*,#1461,.T.) ;
#1464=ORIENTED_EDGE('',*,*,#1449,.F.) ;
#1465=ORIENTED_EDGE('',*,*,#777,.F.) ;
#1466=ORIENTED_EDGE('',*,*,#1444,.T.) ;
#1494=ORIENTED_EDGE('',*,*,#1482,.T.) ;
#1495=ORIENTED_EDGE('',*,*,#1487,.F.) ;
#1496=ORIENTED_EDGE('',*,*,#800,.F.) ;
#1497=ORIENTED_EDGE('',*,*,#1492,.T.) ;
#1506=ORIENTED_EDGE('',*,*,#1504,.T.) ;
#1507=ORIENTED_EDGE('',*,*,#1492,.F.) ;
#1508=ORIENTED_EDGE('',*,*,#795,.F.) ;
#1509=ORIENTED_EDGE('',*,*,#1487,.T.) ;
#1537=ORIENTED_EDGE('',*,*,#1525,.T.) ;
#1538=ORIENTED_EDGE('',*,*,#1530,.F.) ;
#1539=ORIENTED_EDGE('',*,*,#818,.F.) ;
#1540=ORIENTED_EDGE('',*,*,#1535,.T.) ;
#1549=ORIENTED_EDGE('',*,*,#1547,.T.) ;
#1550=ORIENTED_EDGE('',*,*,#1535,.F.) ;
#1551=ORIENTED_EDGE('',*,*,#813,.F.) ;
#1552=ORIENTED_EDGE('',*,*,#1530,.T.) ;
#1561=ORIENTED_EDGE('',*,*,#856,.T.) ;
#1562=ORIENTED_EDGE('',*,*,#885,.T.) ;
#1563=ORIENTED_EDGE('',*,*,#909,.T.) ;
#1564=ORIENTED_EDGE('',*,*,#933,.T.) ;
#1565=ORIENTED_EDGE('',*,*,#957,.T.) ;
#1566=ORIENTED_EDGE('',*,*,#981,.T.) ;
#1567=ORIENTED_EDGE('',*,*,#1005,.T.) ;
#1568=ORIENTED_EDGE('',*,*,#1022,.T.) ;
#1627=ORIENTED_EDGE('',*,*,#1578,.F.) ;
#1628=ORIENTED_EDGE('',*,*,#1585,.F.) ;
#1629=ORIENTED_EDGE('',*,*,#1592,.F.) ;
#1630=ORIENTED_EDGE('',*,*,#1599,.F.) ;
#1631=ORIENTED_EDGE('',*,*,#1606,.F.) ;
#1632=ORIENTED_EDGE('',*,*,#1613,.F.) ;
#1633=ORIENTED_EDGE('',*,*,#1620,.F.) ;
#1634=ORIENTED_EDGE('',*,*,#1625,.F.) ;
#1638=ORIENTED_EDGE('',*,*,#1089,.F.) ;
#1639=ORIENTED_EDGE('',*,*,#1048,.F.) ;
#1640=ORIENTED_EDGE('',*,*,#1067,.F.) ;
#1643=ORIENTED_EDGE('',*,*,#422,.T.) ;
#1644=ORIENTED_EDGE('',*,*,#405,.T.) ;
#1653=ORIENTED_EDGE('',*,*,#1179,.F.) ;
#1654=ORIENTED_EDGE('',*,*,#1227,.F.) ;
#1655=ORIENTED_EDGE('',*,*,#1286,.F.) ;
#1656=ORIENTED_EDGE('',*,*,#1310,.F.) ;
#1657=ORIENTED_EDGE('',*,*,#1332,.F.) ;
#1658=ORIENTED_EDGE('',*,*,#1103,.F.) ;
#1659=ORIENTED_EDGE('',*,*,#1131,.F.) ;
#1660=ORIENTED_EDGE('',*,*,#1155,.F.) ;
#1719=ORIENTED_EDGE('',*,*,#1670,.T.) ;
#1720=ORIENTED_EDGE('',*,*,#1677,.T.) ;
#1721=ORIENTED_EDGE('',*,*,#1684,.T.) ;
#1722=ORIENTED_EDGE('',*,*,#1691,.T.) ;
#1723=ORIENTED_EDGE('',*,*,#1698,.T.) ;
#1724=ORIENTED_EDGE('',*,*,#1705,.T.) ;
#1725=ORIENTED_EDGE('',*,*,#1712,.T.) ;
#1726=ORIENTED_EDGE('',*,*,#1717,.T.) ;
#1730=ORIENTED_EDGE('',*,*,#1210,.T.) ;
#1731=ORIENTED_EDGE('',*,*,#1255,.F.) ;
#1732=ORIENTED_EDGE('',*,*,#1267,.F.) ;
#1735=ORIENTED_EDGE('',*,*,#479,.T.) ;
#1736=ORIENTED_EDGE('',*,*,#462,.T.) ;
#1740=ORIENTED_EDGE('',*,*,#1375,.F.) ;
#1741=ORIENTED_EDGE('',*,*,#1353,.F.) ;
#1744=ORIENTED_EDGE('',*,*,#137,.T.) ;
#1745=ORIENTED_EDGE('',*,*,#120,.T.) ;
#1749=ORIENTED_EDGE('',*,*,#1418,.F.) ;
#1750=ORIENTED_EDGE('',*,*,#1396,.F.) ;
#1753=ORIENTED_EDGE('',*,*,#194,.T.) ;
#1754=ORIENTED_EDGE('',*,*,#177,.T.) ;
#1758=ORIENTED_EDGE('',*,*,#1461,.F.) ;
#1759=ORIENTED_EDGE('',*,*,#1439,.F.) ;
#1762=ORIENTED_EDGE('',*,*,#251,.T.) ;
#1763=ORIENTED_EDGE('',*,*,#234,.T.) ;
#1767=ORIENTED_EDGE('',*,*,#1504,.F.) ;
#1768=ORIENTED_EDGE('',*,*,#1482,.F.) ;
#1771=ORIENTED_EDGE('',*,*,#308,.T.) ;
#1772=ORIENTED_EDGE('',*,*,#291,.T.) ;
#1776=ORIENTED_EDGE('',*,*,#1547,.F.) ;
#1777=ORIENTED_EDGE('',*,*,#1525,.F.) ;
#1780=ORIENTED_EDGE('',*,*,#365,.T.) ;
#1781=ORIENTED_EDGE('',*,*,#348,.T.) ;
#1809=ORIENTED_EDGE('',*,*,#1795,.F.) ;
#1810=ORIENTED_EDGE('',*,*,#1578,.T.) ;
#1811=ORIENTED_EDGE('',*,*,#1802,.T.) ;
#1812=ORIENTED_EDGE('',*,*,#1807,.F.) ;
#1833=ORIENTED_EDGE('',*,*,#1826,.F.) ;
#1834=ORIENTED_EDGE('',*,*,#1585,.T.) ;
#1835=ORIENTED_EDGE('',*,*,#1795,.T.) ;
#1836=ORIENTED_EDGE('',*,*,#1831,.F.) ;
#1857=ORIENTED_EDGE('',*,*,#1850,.F.) ;
#1858=ORIENTED_EDGE('',*,*,#1592,.T.) ;
#1859=ORIENTED_EDGE('',*,*,#1826,.T.) ;
#1860=ORIENTED_EDGE('',*,*,#1855,.F.) ;
#1881=ORIENTED_EDGE('',*,*,#1874,.F.) ;
#1882=ORIENTED_EDGE('',*,*,#1599,.T.) ;
#1883=ORIENTED_EDGE('',*,*,#1850,.T.) ;
#1884=ORIENTED_EDGE('',*,*,#1879,.F.) ;
#1905=ORIENTED_EDGE('',*,*,#1898,.F.) ;
#1906=ORIENTED_EDGE('',*,*,#1606,.T.) ;
#1907=ORIENTED_EDGE('',*,*,#1874,.T.) ;
#1908=ORIENTED_EDGE('',*,*,#1903,.F.) ;
#1929=ORIENTED_EDGE('',*,*,#1922,.F.) ;
#1930=ORIENTED_EDGE('',*,*,#1613,.T.) ;
#1931=ORIENTED_EDGE('',*,*,#1898,.T.) ;
#1932=ORIENTED_EDGE('',*,*,#1927,.F.) ;
#1953=ORIENTED_EDGE('',*,*,#1946,.F.) ;
#1954=ORIENTED_EDGE('',*,*,#1620,.T.) ;
#1955=ORIENTED_EDGE('',*,*,#1922,.T.) ;
#1956=ORIENTED_EDGE('',*,*,#1951,.F.) ;
#1970=ORIENTED_EDGE('',*,*,#1802,.F.) ;
#1971=ORIENTED_EDGE('',*,*,#1625,.T.) ;
#1972=ORIENTED_EDGE('',*,*,#1946,.T.) ;
#1973=ORIENTED_EDGE('',*,*,#1968,.F.) ;
#2001=ORIENTED_EDGE('',*,*,#1987,.F.) ;
#2002=ORIENTED_EDGE('',*,*,#1994,.T.) ;
#2003=ORIENTED_EDGE('',*,*,#1999,.T.) ;
#2004=ORIENTED_EDGE('',*,*,#1717,.F.) ;
#2025=ORIENTED_EDGE('',*,*,#2018,.F.) ;
#2026=ORIENTED_EDGE('',*,*,#2023,.T.) ;
#2027=ORIENTED_EDGE('',*,*,#1987,.T.) ;
#2028=ORIENTED_EDGE('',*,*,#1712,.F.) ;
#2049=ORIENTED_EDGE('',*,*,#2042,.F.) ;
#2050=ORIENTED_EDGE('',*,*,#2047,.T.) ;
#2051=ORIENTED_EDGE('',*,*,#2018,.T.) ;
#2052=ORIENTED_EDGE('',*,*,#1705,.F.) ;
#2073=ORIENTED_EDGE('',*,*,#2066,.F.) ;
#2074=ORIENTED_EDGE('',*,*,#2071,.T.) ;
#2075=ORIENTED_EDGE('',*,*,#2042,.T.) ;
#2076=ORIENTED_EDGE('',*,*,#1698,.F.) ;
#2097=ORIENTED_EDGE('',*,*,#2090,.F.) ;
#2098=ORIENTED_EDGE('',*,*,#2095,.T.) ;
#2099=ORIENTED_EDGE('',*,*,#2066,.T.) ;
#2100=ORIENTED_EDGE('',*,*,#1691,.F.) ;
#2121=ORIENTED_EDGE('',*,*,#2114,.F.) ;
#2122=ORIENTED_EDGE('',*,*,#2119,.T.) ;
#2123=ORIENTED_EDGE('',*,*,#2090,.T.) ;
#2124=ORIENTED_EDGE('',*,*,#1684,.F.) ;
#2145=ORIENTED_EDGE('',*,*,#2138,.F.) ;
#2146=ORIENTED_EDGE('',*,*,#2143,.T.) ;
#2147=ORIENTED_EDGE('',*,*,#2114,.T.) ;
#2148=ORIENTED_EDGE('',*,*,#1677,.F.) ;
#2162=ORIENTED_EDGE('',*,*,#1999,.F.) ;
#2163=ORIENTED_EDGE('',*,*,#2160,.T.) ;
#2164=ORIENTED_EDGE('',*,*,#2138,.T.) ;
#2165=ORIENTED_EDGE('',*,*,#1670,.F.) ;
#2174=ORIENTED_EDGE('',*,*,#1951,.T.) ;
#2175=ORIENTED_EDGE('',*,*,#1927,.T.) ;
#2176=ORIENTED_EDGE('',*,*,#1903,.T.) ;
#2177=ORIENTED_EDGE('',*,*,#1879,.T.) ;
#2178=ORIENTED_EDGE('',*,*,#1855,.T.) ;
#2179=ORIENTED_EDGE('',*,*,#1831,.T.) ;
#2180=ORIENTED_EDGE('',*,*,#1807,.T.) ;
#2181=ORIENTED_EDGE('',*,*,#1968,.T.) ;
#2240=ORIENTED_EDGE('',*,*,#2191,.F.) ;
#2241=ORIENTED_EDGE('',*,*,#2198,.F.) ;
#2242=ORIENTED_EDGE('',*,*,#2205,.F.) ;
#2243=ORIENTED_EDGE('',*,*,#2212,.F.) ;
#2244=ORIENTED_EDGE('',*,*,#2219,.F.) ;
#2245=ORIENTED_EDGE('',*,*,#2226,.F.) ;
#2246=ORIENTED_EDGE('',*,*,#2233,.F.) ;
#2247=ORIENTED_EDGE('',*,*,#2238,.F.) ;
#2251=ORIENTED_EDGE('',*,*,#2160,.F.) ;
#2252=ORIENTED_EDGE('',*,*,#1994,.F.) ;
#2253=ORIENTED_EDGE('',*,*,#2023,.F.) ;
#2254=ORIENTED_EDGE('',*,*,#2047,.F.) ;
#2255=ORIENTED_EDGE('',*,*,#2071,.F.) ;
#2256=ORIENTED_EDGE('',*,*,#2095,.F.) ;
#2257=ORIENTED_EDGE('',*,*,#2119,.F.) ;
#2258=ORIENTED_EDGE('',*,*,#2143,.F.) ;
#2286=ORIENTED_EDGE('',*,*,#2191,.T.) ;
#2287=ORIENTED_EDGE('',*,*,#2272,.F.) ;
#2288=ORIENTED_EDGE('',*,*,#2279,.F.) ;
#2289=ORIENTED_EDGE('',*,*,#2284,.T.) ;
#2310=ORIENTED_EDGE('',*,*,#2198,.T.) ;
#2311=ORIENTED_EDGE('',*,*,#2284,.F.) ;
#2312=ORIENTED_EDGE('',*,*,#2303,.F.) ;
#2313=ORIENTED_EDGE('',*,*,#2308,.T.) ;
#2334=ORIENTED_EDGE('',*,*,#2205,.T.) ;
#2335=ORIENTED_EDGE('',*,*,#2308,.F.) ;
#2336=ORIENTED_EDGE('',*,*,#2327,.F.) ;
#2337=ORIENTED_EDGE('',*,*,#2332,.T.) ;
#2358=ORIENTED_EDGE('',*,*,#2212,.T.) ;
#2359=ORIENTED_EDGE('',*,*,#2332,.F.) ;
#2360=ORIENTED_EDGE('',*,*,#2351,.F.) ;
#2361=ORIENTED_EDGE('',*,*,#2356,.T.) ;
#2382=ORIENTED_EDGE('',*,*,#2219,.T.) ;
#2383=ORIENTED_EDGE('',*,*,#2356,.F.) ;
#2384=ORIENTED_EDGE('',*,*,#2375,.F.) ;
#2385=ORIENTED_EDGE('',*,*,#2380,.T.) ;
#2406=ORIENTED_EDGE('',*,*,#2226,.T.) ;
#2407=ORIENTED_EDGE('',*,*,#2380,.F.) ;
#2408=ORIENTED_EDGE('',*,*,#2399,.F.) ;
#2409=ORIENTED_EDGE('',*,*,#2404,.T.) ;
#2430=ORIENTED_EDGE('',*,*,#2233,.T.) ;
#2431=ORIENTED_EDGE('',*,*,#2404,.F.) ;
#2432=ORIENTED_EDGE('',*,*,#2423,.F.) ;
#2433=ORIENTED_EDGE('',*,*,#2428,.T.) ;
#2447=ORIENTED_EDGE('',*,*,#2238,.T.) ;
#2448=ORIENTED_EDGE('',*,*,#2428,.F.) ;
#2449=ORIENTED_EDGE('',*,*,#2445,.F.) ;
#2450=ORIENTED_EDGE('',*,*,#2272,.T.) ;
#2454=ORIENTED_EDGE('',*,*,#2423,.T.) ;
#2455=ORIENTED_EDGE('',*,*,#2399,.T.) ;
#2456=ORIENTED_EDGE('',*,*,#2375,.T.) ;
#2457=ORIENTED_EDGE('',*,*,#2351,.T.) ;
#2458=ORIENTED_EDGE('',*,*,#2327,.T.) ;
#2459=ORIENTED_EDGE('',*,*,#2303,.T.) ;
#2460=ORIENTED_EDGE('',*,*,#2279,.T.) ;
#2461=ORIENTED_EDGE('',*,*,#2445,.T.) ;
#2520=ORIENTED_EDGE('',*,*,#2471,.F.) ;
#2521=ORIENTED_EDGE('',*,*,#2478,.F.) ;
#2522=ORIENTED_EDGE('',*,*,#2485,.F.) ;
#2523=ORIENTED_EDGE('',*,*,#2492,.F.) ;
#2524=ORIENTED_EDGE('',*,*,#2499,.F.) ;
#2525=ORIENTED_EDGE('',*,*,#2506,.F.) ;
#2526=ORIENTED_EDGE('',*,*,#2513,.F.) ;
#2527=ORIENTED_EDGE('',*,*,#2518,.F.) ;
#2530=ORIENTED_EDGE('',*,*,#51,.F.) ;
#2531=ORIENTED_EDGE('',*,*,#75,.F.) ;
#2534=ORIENTED_EDGE('',*,*,#108,.F.) ;
#2535=ORIENTED_EDGE('',*,*,#132,.F.) ;
#2538=ORIENTED_EDGE('',*,*,#165,.F.) ;
#2539=ORIENTED_EDGE('',*,*,#189,.F.) ;
#2542=ORIENTED_EDGE('',*,*,#222,.F.) ;
#2543=ORIENTED_EDGE('',*,*,#246,.F.) ;
#2546=ORIENTED_EDGE('',*,*,#279,.F.) ;
#2547=ORIENTED_EDGE('',*,*,#303,.F.) ;
#2550=ORIENTED_EDGE('',*,*,#336,.F.) ;
#2551=ORIENTED_EDGE('',*,*,#360,.F.) ;
#2554=ORIENTED_EDGE('',*,*,#393,.F.) ;
#2555=ORIENTED_EDGE('',*,*,#417,.F.) ;
#2558=ORIENTED_EDGE('',*,*,#450,.F.) ;
#2559=ORIENTED_EDGE('',*,*,#474,.F.) ;
#2587=ORIENTED_EDGE('',*,*,#2573,.F.) ;
#2588=ORIENTED_EDGE('',*,*,#2471,.T.) ;
#2589=ORIENTED_EDGE('',*,*,#2580,.T.) ;
#2590=ORIENTED_EDGE('',*,*,#2585,.F.) ;
#2611=ORIENTED_EDGE('',*,*,#2604,.F.) ;
#2612=ORIENTED_EDGE('',*,*,#2478,.T.) ;
#2613=ORIENTED_EDGE('',*,*,#2573,.T.) ;
#2614=ORIENTED_EDGE('',*,*,#2609,.F.) ;
#2635=ORIENTED_EDGE('',*,*,#2628,.F.) ;
#2636=ORIENTED_EDGE('',*,*,#2485,.T.) ;
#2637=ORIENTED_EDGE('',*,*,#2604,.T.) ;
#2638=ORIENTED_EDGE('',*,*,#2633,.F.) ;
#2659=ORIENTED_EDGE('',*,*,#2652,.F.) ;
#2660=ORIENTED_EDGE('',*,*,#2492,.T.) ;
#2661=ORIENTED_EDGE('',*,*,#2628,.T.) ;
#2662=ORIENTED_EDGE('',*,*,#2657,.F.) ;
#2683=ORIENTED_EDGE('',*,*,#2676,.F.) ;
#2684=ORIENTED_EDGE('',*,*,#2499,.T.) ;
#2685=ORIENTED_EDGE('',*,*,#2652,.T.) ;
#2686=ORIENTED_EDGE('',*,*,#2681,.F.) ;
#2707=ORIENTED_EDGE('',*,*,#2700,.F.) ;
#2708=ORIENTED_EDGE('',*,*,#2506,.T.) ;
#2709=ORIENTED_EDGE('',*,*,#2676,.T.) ;
#2710=ORIENTED_EDGE('',*,*,#2705,.F.) ;
#2731=ORIENTED_EDGE('',*,*,#2724,.F.) ;
#2732=ORIENTED_EDGE('',*,*,#2513,.T.) ;
#2733=ORIENTED_EDGE('',*,*,#2700,.T.) ;
#2734=ORIENTED_EDGE('',*,*,#2729,.F.) ;
#2748=ORIENTED_EDGE('',*,*,#2580,.F.) ;
#2749=ORIENTED_EDGE('',*,*,#2518,.T.) ;
#2750=ORIENTED_EDGE('',*,*,#2724,.T.) ;
#2751=ORIENTED_EDGE('',*,*,#2746,.F.) ;
#2760=ORIENTED_EDGE('',*,*,#2729,.T.) ;
#2761=ORIENTED_EDGE('',*,*,#2705,.T.) ;
#2762=ORIENTED_EDGE('',*,*,#2681,.T.) ;
#2763=ORIENTED_EDGE('',*,*,#2657,.T.) ;
#2764=ORIENTED_EDGE('',*,*,#2633,.T.) ;
#2765=ORIENTED_EDGE('',*,*,#2609,.T.) ;
#2766=ORIENTED_EDGE('',*,*,#2585,.T.) ;
#2767=ORIENTED_EDGE('',*,*,#2746,.T.) ;
#2826=ORIENTED_EDGE('',*,*,#2777,.F.) ;
#2827=ORIENTED_EDGE('',*,*,#2784,.F.) ;
#2828=ORIENTED_EDGE('',*,*,#2791,.F.) ;
#2829=ORIENTED_EDGE('',*,*,#2798,.F.) ;
#2830=ORIENTED_EDGE('',*,*,#2805,.F.) ;
#2831=ORIENTED_EDGE('',*,*,#2812,.F.) ;
#2832=ORIENTED_EDGE('',*,*,#2819,.F.) ;
#2833=ORIENTED_EDGE('',*,*,#2824,.F.) ;
#2861=ORIENTED_EDGE('',*,*,#2777,.T.) ;
#2862=ORIENTED_EDGE('',*,*,#2847,.F.) ;
#2863=ORIENTED_EDGE('',*,*,#2854,.F.) ;
#2864=ORIENTED_EDGE('',*,*,#2859,.T.) ;
#2885=ORIENTED_EDGE('',*,*,#2784,.T.) ;
#2886=ORIENTED_EDGE('',*,*,#2859,.F.) ;
#2887=ORIENTED_EDGE('',*,*,#2878,.F.) ;
#2888=ORIENTED_EDGE('',*,*,#2883,.T.) ;
#2909=ORIENTED_EDGE('',*,*,#2791,.T.) ;
#2910=ORIENTED_EDGE('',*,*,#2883,.F.) ;
#2911=ORIENTED_EDGE('',*,*,#2902,.F.) ;
#2912=ORIENTED_EDGE('',*,*,#2907,.T.) ;
#2933=ORIENTED_EDGE('',*,*,#2798,.T.) ;
#2934=ORIENTED_EDGE('',*,*,#2907,.F.) ;
#2935=ORIENTED_EDGE('',*,*,#2926,.F.) ;
#2936=ORIENTED_EDGE('',*,*,#2931,.T.) ;
#2957=ORIENTED_EDGE('',*,*,#2805,.T.) ;
#2958=ORIENTED_EDGE('',*,*,#2931,.F.) ;
#2959=ORIENTED_EDGE('',*,*,#2950,.F.) ;
#2960=ORIENTED_EDGE('',*,*,#2955,.T.) ;
#2981=ORIENTED_EDGE('',*,*,#2812,.T.) ;
#2982=ORIENTED_EDGE('',*,*,#2955,.F.) ;
#2983=ORIENTED_EDGE('',*,*,#2974,.F.) ;
#2984=ORIENTED_EDGE('',*,*,#2979,.T.) ;
#3005=ORIENTED_EDGE('',*,*,#2819,.T.) ;
#3006=ORIENTED_EDGE('',*,*,#2979,.F.) ;
#3007=ORIENTED_EDGE('',*,*,#2998,.F.) ;
#3008=ORIENTED_EDGE('',*,*,#3003,.T.) ;
#3022=ORIENTED_EDGE('',*,*,#2824,.T.) ;
#3023=ORIENTED_EDGE('',*,*,#3003,.F.) ;
#3024=ORIENTED_EDGE('',*,*,#3020,.F.) ;
#3025=ORIENTED_EDGE('',*,*,#2847,.T.) ;
#3029=ORIENTED_EDGE('',*,*,#2998,.T.) ;
#3030=ORIENTED_EDGE('',*,*,#2974,.T.) ;
#3031=ORIENTED_EDGE('',*,*,#2950,.T.) ;
#3032=ORIENTED_EDGE('',*,*,#2926,.T.) ;
#3033=ORIENTED_EDGE('',*,*,#2902,.T.) ;
#3034=ORIENTED_EDGE('',*,*,#2878,.T.) ;
#3035=ORIENTED_EDGE('',*,*,#2854,.T.) ;
#3036=ORIENTED_EDGE('',*,*,#3020,.T.) ;
#3095=ORIENTED_EDGE('',*,*,#3046,.F.) ;
#3096=ORIENTED_EDGE('',*,*,#3053,.F.) ;
#3097=ORIENTED_EDGE('',*,*,#3060,.F.) ;
#3098=ORIENTED_EDGE('',*,*,#3067,.F.) ;
#3099=ORIENTED_EDGE('',*,*,#3074,.F.) ;
#3100=ORIENTED_EDGE('',*,*,#3081,.F.) ;
#3101=ORIENTED_EDGE('',*,*,#3088,.F.) ;
#3102=ORIENTED_EDGE('',*,*,#3093,.F.) ;
#3130=ORIENTED_EDGE('',*,*,#3116,.F.) ;
#3131=ORIENTED_EDGE('',*,*,#3046,.T.) ;
#3132=ORIENTED_EDGE('',*,*,#3123,.T.) ;
#3133=ORIENTED_EDGE('',*,*,#3128,.F.) ;
#3154=ORIENTED_EDGE('',*,*,#3147,.F.) ;
#3155=ORIENTED_EDGE('',*,*,#3053,.T.) ;
#3156=ORIENTED_EDGE('',*,*,#3116,.T.) ;
#3157=ORIENTED_EDGE('',*,*,#3152,.F.) ;
#3178=ORIENTED_EDGE('',*,*,#3171,.F.) ;
#3179=ORIENTED_EDGE('',*,*,#3060,.T.) ;
#3180=ORIENTED_EDGE('',*,*,#3147,.T.) ;
#3181=ORIENTED_EDGE('',*,*,#3176,.F.) ;
#3202=ORIENTED_EDGE('',*,*,#3195,.F.) ;
#3203=ORIENTED_EDGE('',*,*,#3067,.T.) ;
#3204=ORIENTED_EDGE('',*,*,#3171,.T.) ;
#3205=ORIENTED_EDGE('',*,*,#3200,.F.) ;
#3226=ORIENTED_EDGE('',*,*,#3219,.F.) ;
#3227=ORIENTED_EDGE('',*,*,#3074,.T.) ;
#3228=ORIENTED_EDGE('',*,*,#3195,.T.) ;
#3229=ORIENTED_EDGE('',*,*,#3224,.F.) ;
#3250=ORIENTED_EDGE('',*,*,#3243,.F.) ;
#3251=ORIENTED_EDGE('',*,*,#3081,.T.) ;
#3252=ORIENTED_EDGE('',*,*,#3219,.T.) ;
#3253=ORIENTED_EDGE('',*,*,#3248,.F.) ;
#3274=ORIENTED_EDGE('',*,*,#3267,.F.) ;
#3275=ORIENTED_EDGE('',*,*,#3088,.T.) ;
#3276=ORIENTED_EDGE('',*,*,#3243,.T.) ;
#3277=ORIENTED_EDGE('',*,*,#3272,.F.) ;
#3291=ORIENTED_EDGE('',*,*,#3123,.F.) ;
#3292=ORIENTED_EDGE('',*,*,#3093,.T.) ;
#3293=ORIENTED_EDGE('',*,*,#3267,.T.) ;
#3294=ORIENTED_EDGE('',*,*,#3289,.F.) ;
#3303=ORIENTED_EDGE('',*,*,#3272,.T.) ;
#3304=ORIENTED_EDGE('',*,*,#3248,.T.) ;
#3305=ORIENTED_EDGE('',*,*,#3224,.T.) ;
#3306=ORIENTED_EDGE('',*,*,#3200,.T.) ;
#3307=ORIENTED_EDGE('',*,*,#3176,.T.) ;
#3308=ORIENTED_EDGE('',*,*,#3152,.T.) ;
#3309=ORIENTED_EDGE('',*,*,#3128,.T.) ;
#3310=ORIENTED_EDGE('',*,*,#3289,.T.) ;
#3369=ORIENTED_EDGE('',*,*,#3320,.F.) ;
#3370=ORIENTED_EDGE('',*,*,#3327,.F.) ;
#3371=ORIENTED_EDGE('',*,*,#3334,.F.) ;
#3372=ORIENTED_EDGE('',*,*,#3341,.F.) ;
#3373=ORIENTED_EDGE('',*,*,#3348,.F.) ;
#3374=ORIENTED_EDGE('',*,*,#3355,.F.) ;
#3375=ORIENTED_EDGE('',*,*,#3362,.F.) ;
#3376=ORIENTED_EDGE('',*,*,#3367,.F.) ;
#3404=ORIENTED_EDGE('',*,*,#3320,.T.) ;
#3405=ORIENTED_EDGE('',*,*,#3390,.F.) ;
#3406=ORIENTED_EDGE('',*,*,#3397,.F.) ;
#3407=ORIENTED_EDGE('',*,*,#3402,.T.) ;
#3428=ORIENTED_EDGE('',*,*,#3327,.T.) ;
#3429=ORIENTED_EDGE('',*,*,#3402,.F.) ;
#3430=ORIENTED_EDGE('',*,*,#3421,.F.) ;
#3431=ORIENTED_EDGE('',*,*,#3426,.T.) ;
#3452=ORIENTED_EDGE('',*,*,#3334,.T.) ;
#3453=ORIENTED_EDGE('',*,*,#3426,.F.) ;
#3454=ORIENTED_EDGE('',*,*,#3445,.F.) ;
#3455=ORIENTED_EDGE('',*,*,#3450,.T.) ;
#3476=ORIENTED_EDGE('',*,*,#3341,.T.) ;
#3477=ORIENTED_EDGE('',*,*,#3450,.F.) ;
#3478=ORIENTED_EDGE('',*,*,#3469,.F.) ;
#3479=ORIENTED_EDGE('',*,*,#3474,.T.) ;
#3500=ORIENTED_EDGE('',*,*,#3348,.T.) ;
#3501=ORIENTED_EDGE('',*,*,#3474,.F.) ;
#3502=ORIENTED_EDGE('',*,*,#3493,.F.) ;
#3503=ORIENTED_EDGE('',*,*,#3498,.T.) ;
#3524=ORIENTED_EDGE('',*,*,#3355,.T.) ;
#3525=ORIENTED_EDGE('',*,*,#3498,.F.) ;
#3526=ORIENTED_EDGE('',*,*,#3517,.F.) ;
#3527=ORIENTED_EDGE('',*,*,#3522,.T.) ;
#3548=ORIENTED_EDGE('',*,*,#3362,.T.) ;
#3549=ORIENTED_EDGE('',*,*,#3522,.F.) ;
#3550=ORIENTED_EDGE('',*,*,#3541,.F.) ;
#3551=ORIENTED_EDGE('',*,*,#3546,.T.) ;
#3565=ORIENTED_EDGE('',*,*,#3367,.T.) ;
#3566=ORIENTED_EDGE('',*,*,#3546,.F.) ;
#3567=ORIENTED_EDGE('',*,*,#3563,.F.) ;
#3568=ORIENTED_EDGE('',*,*,#3390,.T.) ;
#3572=ORIENTED_EDGE('',*,*,#3541,.T.) ;
#3573=ORIENTED_EDGE('',*,*,#3517,.T.) ;
#3574=ORIENTED_EDGE('',*,*,#3493,.T.) ;
#3575=ORIENTED_EDGE('',*,*,#3469,.T.) ;
#3576=ORIENTED_EDGE('',*,*,#3445,.T.) ;
#3577=ORIENTED_EDGE('',*,*,#3421,.T.) ;
#3578=ORIENTED_EDGE('',*,*,#3397,.T.) ;
#3579=ORIENTED_EDGE('',*,*,#3563,.T.) ;
#64=EDGE_LOOP('',(#65,#66,#67,#68)) ;
#81=EDGE_LOOP('',(#82,#83,#84,#85)) ;
#121=EDGE_LOOP('',(#122,#123,#124,#125)) ;
#138=EDGE_LOOP('',(#139,#140,#141,#142)) ;
#178=EDGE_LOOP('',(#179,#180,#181,#182)) ;
#195=EDGE_LOOP('',(#196,#197,#198,#199)) ;
#235=EDGE_LOOP('',(#236,#237,#238,#239)) ;
#252=EDGE_LOOP('',(#253,#254,#255,#256)) ;
#292=EDGE_LOOP('',(#293,#294,#295,#296)) ;
#309=EDGE_LOOP('',(#310,#311,#312,#313)) ;
#349=EDGE_LOOP('',(#350,#351,#352,#353)) ;
#366=EDGE_LOOP('',(#367,#368,#369,#370)) ;
#406=EDGE_LOOP('',(#407,#408,#409,#410)) ;
#423=EDGE_LOOP('',(#424,#425,#426,#427)) ;
#463=EDGE_LOOP('',(#464,#465,#466,#467)) ;
#480=EDGE_LOOP('',(#481,#482,#483,#484)) ;
#520=EDGE_LOOP('',(#521,#522,#523,#524)) ;
#537=EDGE_LOOP('',(#538,#539,#540,#541)) ;
#605=EDGE_LOOP('',(#606,#607,#608,#609,#610,#611,#612,#613)) ;
#713=EDGE_LOOP('',(#714,#715,#716,#717,#718,#719,#720,#721,#722,#723,#724,#725,#726,#727)) ;
#729=EDGE_LOOP('',(#730,#731)) ;
#747=EDGE_LOOP('',(#748,#749)) ;
#765=EDGE_LOOP('',(#766,#767)) ;
#783=EDGE_LOOP('',(#784,#785)) ;
#801=EDGE_LOOP('',(#802,#803)) ;
#819=EDGE_LOOP('',(#820,#821)) ;
#829=EDGE_LOOP('',(#830,#831)) ;
#833=EDGE_LOOP('',(#834,#835)) ;
#862=EDGE_LOOP('',(#863,#864,#865,#866)) ;
#886=EDGE_LOOP('',(#887,#888,#889,#890)) ;
#910=EDGE_LOOP('',(#911,#912,#913,#914)) ;
#934=EDGE_LOOP('',(#935,#936,#937,#938)) ;
#958=EDGE_LOOP('',(#959,#960,#961,#962)) ;
#982=EDGE_LOOP('',(#983,#984,#985,#986)) ;
#1006=EDGE_LOOP('',(#1007,#1008,#1009,#1010)) ;
#1023=EDGE_LOOP('',(#1024,#1025,#1026,#1027)) ;
#1054=EDGE_LOOP('',(#1055,#1056,#1057,#1058)) ;
#1073=EDGE_LOOP('',(#1074,#1075,#1076,#1077)) ;
#1109=EDGE_LOOP('',(#1110,#1111,#1112,#1113,#1114,#1115,#1116,#1117)) ;
#1137=EDGE_LOOP('',(#1138,#1139,#1140,#1141)) ;
#1161=EDGE_LOOP('',(#1162,#1163,#1164,#1165)) ;
#1185=EDGE_LOOP('',(#1186,#1187,#1188,#1189)) ;
#1228=EDGE_LOOP('',(#1229,#1230,#1231,#1232,#1233,#1234,#1235,#1236)) ;
#1256=EDGE_LOOP('',(#1257,#1258,#1259,#1260)) ;
#1268=EDGE_LOOP('',(#1269,#1270,#1271,#1272)) ;
#1292=EDGE_LOOP('',(#1293,#1294,#1295,#1296)) ;
#1316=EDGE_LOOP('',(#1317,#1318,#1319,#1320)) ;
#1333=EDGE_LOOP('',(#1334,#1335,#1336,#1337)) ;
#1364=EDGE_LOOP('',(#1365,#1366,#1367,#1368)) ;
#1376=EDGE_LOOP('',(#1377,#1378,#1379,#1380)) ;
#1407=EDGE_LOOP('',(#1408,#1409,#1410,#1411)) ;
#1419=EDGE_LOOP('',(#1420,#1421,#1422,#1423)) ;
#1450=EDGE_LOOP('',(#1451,#1452,#1453,#1454)) ;
#1462=EDGE_LOOP('',(#1463,#1464,#1465,#1466)) ;
#1493=EDGE_LOOP('',(#1494,#1495,#1496,#1497)) ;
#1505=EDGE_LOOP('',(#1506,#1507,#1508,#1509)) ;
#1536=EDGE_LOOP('',(#1537,#1538,#1539,#1540)) ;
#1548=EDGE_LOOP('',(#1549,#1550,#1551,#1552)) ;
#1560=EDGE_LOOP('',(#1561,#1562,#1563,#1564,#1565,#1566,#1567,#1568)) ;
#1626=EDGE_LOOP('',(#1627,#1628,#1629,#1630,#1631,#1632,#1633,#1634)) ;
#1637=EDGE_LOOP('',(#1638,#1639,#1640)) ;
#1642=EDGE_LOOP('',(#1643,#1644)) ;
#1652=EDGE_LOOP('',(#1653,#1654,#1655,#1656,#1657,#1658,#1659,#1660)) ;
#1718=EDGE_LOOP('',(#1719,#1720,#1721,#1722,#1723,#1724,#1725,#1726)) ;
#1729=EDGE_LOOP('',(#1730,#1731,#1732)) ;
#1734=EDGE_LOOP('',(#1735,#1736)) ;
#1739=EDGE_LOOP('',(#1740,#1741)) ;
#1743=EDGE_LOOP('',(#1744,#1745)) ;
#1748=EDGE_LOOP('',(#1749,#1750)) ;
#1752=EDGE_LOOP('',(#1753,#1754)) ;
#1757=EDGE_LOOP('',(#1758,#1759)) ;
#1761=EDGE_LOOP('',(#1762,#1763)) ;
#1766=EDGE_LOOP('',(#1767,#1768)) ;
#1770=EDGE_LOOP('',(#1771,#1772)) ;
#1775=EDGE_LOOP('',(#1776,#1777)) ;
#1779=EDGE_LOOP('',(#1780,#1781)) ;
#1808=EDGE_LOOP('',(#1809,#1810,#1811,#1812)) ;
#1832=EDGE_LOOP('',(#1833,#1834,#1835,#1836)) ;
#1856=EDGE_LOOP('',(#1857,#1858,#1859,#1860)) ;
#1880=EDGE_LOOP('',(#1881,#1882,#1883,#1884)) ;
#1904=EDGE_LOOP('',(#1905,#1906,#1907,#1908)) ;
#1928=EDGE_LOOP('',(#1929,#1930,#1931,#1932)) ;
#1952=EDGE_LOOP('',(#1953,#1954,#1955,#1956)) ;
#1969=EDGE_LOOP('',(#1970,#1971,#1972,#1973)) ;
#2000=EDGE_LOOP('',(#2001,#2002,#2003,#2004)) ;
#2024=EDGE_LOOP('',(#2025,#2026,#2027,#2028)) ;
#2048=EDGE_LOOP('',(#2049,#2050,#2051,#2052)) ;
#2072=EDGE_LOOP('',(#2073,#2074,#2075,#2076)) ;
#2096=EDGE_LOOP('',(#2097,#2098,#2099,#2100)) ;
#2120=EDGE_LOOP('',(#2121,#2122,#2123,#2124)) ;
#2144=EDGE_LOOP('',(#2145,#2146,#2147,#2148)) ;
#2161=EDGE_LOOP('',(#2162,#2163,#2164,#2165)) ;
#2173=EDGE_LOOP('',(#2174,#2175,#2176,#2177,#2178,#2179,#2180,#2181)) ;
#2239=EDGE_LOOP('',(#2240,#2241,#2242,#2243,#2244,#2245,#2246,#2247)) ;
#2250=EDGE_LOOP('',(#2251,#2252,#2253,#2254,#2255,#2256,#2257,#2258)) ;
#2285=EDGE_LOOP('',(#2286,#2287,#2288,#2289)) ;
#2309=EDGE_LOOP('',(#2310,#2311,#2312,#2313)) ;
#2333=EDGE_LOOP('',(#2334,#2335,#2336,#2337)) ;
#2357=EDGE_LOOP('',(#2358,#2359,#2360,#2361)) ;
#2381=EDGE_LOOP('',(#2382,#2383,#2384,#2385)) ;
#2405=EDGE_LOOP('',(#2406,#2407,#2408,#2409)) ;
#2429=EDGE_LOOP('',(#2430,#2431,#2432,#2433)) ;
#2446=EDGE_LOOP('',(#2447,#2448,#2449,#2450)) ;
#2453=EDGE_LOOP('',(#2454,#2455,#2456,#2457,#2458,#2459,#2460,#2461)) ;
#2519=EDGE_LOOP('',(#2520,#2521,#2522,#2523,#2524,#2525,#2526,#2527)) ;
#2529=EDGE_LOOP('',(#2530,#2531)) ;
#2533=EDGE_LOOP('',(#2534,#2535)) ;
#2537=EDGE_LOOP('',(#2538,#2539)) ;
#2541=EDGE_LOOP('',(#2542,#2543)) ;
#2545=EDGE_LOOP('',(#2546,#2547)) ;
#2549=EDGE_LOOP('',(#2550,#2551)) ;
#2553=EDGE_LOOP('',(#2554,#2555)) ;
#2557=EDGE_LOOP('',(#2558,#2559)) ;
#2586=EDGE_LOOP('',(#2587,#2588,#2589,#2590)) ;
#2610=EDGE_LOOP('',(#2611,#2612,#2613,#2614)) ;
#2634=EDGE_LOOP('',(#2635,#2636,#2637,#2638)) ;
#2658=EDGE_LOOP('',(#2659,#2660,#2661,#2662)) ;
#2682=EDGE_LOOP('',(#2683,#2684,#2685,#2686)) ;
#2706=EDGE_LOOP('',(#2707,#2708,#2709,#2710)) ;
#2730=EDGE_LOOP('',(#2731,#2732,#2733,#2734)) ;
#2747=EDGE_LOOP('',(#2748,#2749,#2750,#2751)) ;
#2759=EDGE_LOOP('',(#2760,#2761,#2762,#2763,#2764,#2765,#2766,#2767)) ;
#2825=EDGE_LOOP('',(#2826,#2827,#2828,#2829,#2830,#2831,#2832,#2833)) ;
#2860=EDGE_LOOP('',(#2861,#2862,#2863,#2864)) ;
#2884=EDGE_LOOP('',(#2885,#2886,#2887,#2888)) ;
#2908=EDGE_LOOP('',(#2909,#2910,#2911,#2912)) ;
#2932=EDGE_LOOP('',(#2933,#2934,#2935,#2936)) ;
#2956=EDGE_LOOP('',(#2957,#2958,#2959,#2960)) ;
#2980=EDGE_LOOP('',(#2981,#2982,#2983,#2984)) ;
#3004=EDGE_LOOP('',(#3005,#3006,#3007,#3008)) ;
#3021=EDGE_LOOP('',(#3022,#3023,#3024,#3025)) ;
#3028=EDGE_LOOP('',(#3029,#3030,#3031,#3032,#3033,#3034,#3035,#3036)) ;
#3094=EDGE_LOOP('',(#3095,#3096,#3097,#3098,#3099,#3100,#3101,#3102)) ;
#3129=EDGE_LOOP('',(#3130,#3131,#3132,#3133)) ;
#3153=EDGE_LOOP('',(#3154,#3155,#3156,#3157)) ;
#3177=EDGE_LOOP('',(#3178,#3179,#3180,#3181)) ;
#3201=EDGE_LOOP('',(#3202,#3203,#3204,#3205)) ;
#3225=EDGE_LOOP('',(#3226,#3227,#3228,#3229)) ;
#3249=EDGE_LOOP('',(#3250,#3251,#3252,#3253)) ;
#3273=EDGE_LOOP('',(#3274,#3275,#3276,#3277)) ;
#3290=EDGE_LOOP('',(#3291,#3292,#3293,#3294)) ;
#3302=EDGE_LOOP('',(#3303,#3304,#3305,#3306,#3307,#3308,#3309,#3310)) ;
#3368=EDGE_LOOP('',(#3369,#3370,#3371,#3372,#3373,#3374,#3375,#3376)) ;
#3403=EDGE_LOOP('',(#3404,#3405,#3406,#3407)) ;
#3427=EDGE_LOOP('',(#3428,#3429,#3430,#3431)) ;
#3451=EDGE_LOOP('',(#3452,#3453,#3454,#3455)) ;
#3475=EDGE_LOOP('',(#3476,#3477,#3478,#3479)) ;
#3499=EDGE_LOOP('',(#3500,#3501,#3502,#3503)) ;
#3523=EDGE_LOOP('',(#3524,#3525,#3526,#3527)) ;
#3547=EDGE_LOOP('',(#3548,#3549,#3550,#3551)) ;
#3564=EDGE_LOOP('',(#3565,#3566,#3567,#3568)) ;
#3571=EDGE_LOOP('',(#3572,#3573,#3574,#3575,#3576,#3577,#3578,#3579)) ;
#21=MANIFOLD_SOLID_BREP('BATTERY_COVER',#30) ;
#41=VERTEX_POINT('',#40) ;
#43=VERTEX_POINT('',#42) ;
#50=VERTEX_POINT('',#49) ;
#57=VERTEX_POINT('',#56) ;
#98=VERTEX_POINT('',#97) ;
#100=VERTEX_POINT('',#99) ;
#107=VERTEX_POINT('',#106) ;
#114=VERTEX_POINT('',#113) ;
#155=VERTEX_POINT('',#154) ;
#157=VERTEX_POINT('',#156) ;
#164=VERTEX_POINT('',#163) ;
#171=VERTEX_POINT('',#170) ;
#212=VERTEX_POINT('',#211) ;
#214=VERTEX_POINT('',#213) ;
#221=VERTEX_POINT('',#220) ;
#228=VERTEX_POINT('',#227) ;
#269=VERTEX_POINT('',#268) ;
#271=VERTEX_POINT('',#270) ;
#278=VERTEX_POINT('',#277) ;
#285=VERTEX_POINT('',#284) ;
#326=VERTEX_POINT('',#325) ;
#328=VERTEX_POINT('',#327) ;
#335=VERTEX_POINT('',#334) ;
#342=VERTEX_POINT('',#341) ;
#383=VERTEX_POINT('',#382) ;
#385=VERTEX_POINT('',#384) ;
#392=VERTEX_POINT('',#391) ;
#399=VERTEX_POINT('',#398) ;
#440=VERTEX_POINT('',#439) ;
#442=VERTEX_POINT('',#441) ;
#449=VERTEX_POINT('',#448) ;
#456=VERTEX_POINT('',#455) ;
#497=VERTEX_POINT('',#496) ;
#499=VERTEX_POINT('',#498) ;
#506=VERTEX_POINT('',#505) ;
#513=VERTEX_POINT('',#512) ;
#554=VERTEX_POINT('',#553) ;
#556=VERTEX_POINT('',#555) ;
#563=VERTEX_POINT('',#562) ;
#570=VERTEX_POINT('',#569) ;
#577=VERTEX_POINT('',#576) ;
#584=VERTEX_POINT('',#583) ;
#591=VERTEX_POINT('',#590) ;
#598=VERTEX_POINT('',#597) ;
#620=VERTEX_POINT('',#619) ;
#622=VERTEX_POINT('',#621) ;
#629=VERTEX_POINT('',#628) ;
#636=VERTEX_POINT('',#635) ;
#643=VERTEX_POINT('',#642) ;
#650=VERTEX_POINT('',#649) ;
#657=VERTEX_POINT('',#656) ;
#664=VERTEX_POINT('',#663) ;
#671=VERTEX_POINT('',#670) ;
#678=VERTEX_POINT('',#677) ;
#685=VERTEX_POINT('',#684) ;
#692=VERTEX_POINT('',#691) ;
#699=VERTEX_POINT('',#698) ;
#706=VERTEX_POINT('',#705) ;
#738=VERTEX_POINT('',#737) ;
#740=VERTEX_POINT('',#739) ;
#756=VERTEX_POINT('',#755) ;
#758=VERTEX_POINT('',#757) ;
#774=VERTEX_POINT('',#773) ;
#776=VERTEX_POINT('',#775) ;
#792=VERTEX_POINT('',#791) ;
#794=VERTEX_POINT('',#793) ;
#810=VERTEX_POINT('',#809) ;
#812=VERTEX_POINT('',#811) ;
#848=VERTEX_POINT('',#847) ;
#855=VERTEX_POINT('',#854) ;
#879=VERTEX_POINT('',#878) ;
#903=VERTEX_POINT('',#902) ;
#927=VERTEX_POINT('',#926) ;
#951=VERTEX_POINT('',#950) ;
#975=VERTEX_POINT('',#974) ;
#999=VERTEX_POINT('',#998) ;
#1040=VERTEX_POINT('',#1039) ;
#1047=VERTEX_POINT('',#1046) ;
#1066=VERTEX_POINT('',#1065) ;
#1095=VERTEX_POINT('',#1094) ;
#1102=VERTEX_POINT('',#1101) ;
#1130=VERTEX_POINT('',#1129) ;
#1154=VERTEX_POINT('',#1153) ;
#1178=VERTEX_POINT('',#1177) ;
#1202=VERTEX_POINT('',#1201) ;
#1209=VERTEX_POINT('',#1208) ;
#1221=VERTEX_POINT('',#1220) ;
#1249=VERTEX_POINT('',#1248) ;
#1285=VERTEX_POINT('',#1284) ;
#1309=VERTEX_POINT('',#1308) ;
#1350=VERTEX_POINT('',#1349) ;
#1352=VERTEX_POINT('',#1351) ;
#1393=VERTEX_POINT('',#1392) ;
#1395=VERTEX_POINT('',#1394) ;
#1436=VERTEX_POINT('',#1435) ;
#1438=VERTEX_POINT('',#1437) ;
#1479=VERTEX_POINT('',#1478) ;
#1481=VERTEX_POINT('',#1480) ;
#1522=VERTEX_POINT('',#1521) ;
#1524=VERTEX_POINT('',#1523) ;
#1575=VERTEX_POINT('',#1574) ;
#1577=VERTEX_POINT('',#1576) ;
#1584=VERTEX_POINT('',#1583) ;
#1591=VERTEX_POINT('',#1590) ;
#1598=VERTEX_POINT('',#1597) ;
#1605=VERTEX_POINT('',#1604) ;
#1612=VERTEX_POINT('',#1611) ;
#1619=VERTEX_POINT('',#1618) ;
#1667=VERTEX_POINT('',#1666) ;
#1669=VERTEX_POINT('',#1668) ;
#1676=VERTEX_POINT('',#1675) ;
#1683=VERTEX_POINT('',#1682) ;
#1690=VERTEX_POINT('',#1689) ;
#1697=VERTEX_POINT('',#1696) ;
#1704=VERTEX_POINT('',#1703) ;
#1711=VERTEX_POINT('',#1710) ;
#1794=VERTEX_POINT('',#1793) ;
#1801=VERTEX_POINT('',#1800) ;
#1825=VERTEX_POINT('',#1824) ;
#1849=VERTEX_POINT('',#1848) ;
#1873=VERTEX_POINT('',#1872) ;
#1897=VERTEX_POINT('',#1896) ;
#1921=VERTEX_POINT('',#1920) ;
#1945=VERTEX_POINT('',#1944) ;
#1986=VERTEX_POINT('',#1985) ;
#1993=VERTEX_POINT('',#1992) ;
#2017=VERTEX_POINT('',#2016) ;
#2041=VERTEX_POINT('',#2040) ;
#2065=VERTEX_POINT('',#2064) ;
#2089=VERTEX_POINT('',#2088) ;
#2113=VERTEX_POINT('',#2112) ;
#2137=VERTEX_POINT('',#2136) ;
#2188=VERTEX_POINT('',#2187) ;
#2190=VERTEX_POINT('',#2189) ;
#2197=VERTEX_POINT('',#2196) ;
#2204=VERTEX_POINT('',#2203) ;
#2211=VERTEX_POINT('',#2210) ;
#2218=VERTEX_POINT('',#2217) ;
#2225=VERTEX_POINT('',#2224) ;
#2232=VERTEX_POINT('',#2231) ;
#2271=VERTEX_POINT('',#2270) ;
#2278=VERTEX_POINT('',#2277) ;
#2302=VERTEX_POINT('',#2301) ;
#2326=VERTEX_POINT('',#2325) ;
#2350=VERTEX_POINT('',#2349) ;
#2374=VERTEX_POINT('',#2373) ;
#2398=VERTEX_POINT('',#2397) ;
#2422=VERTEX_POINT('',#2421) ;
#2468=VERTEX_POINT('',#2467) ;
#2470=VERTEX_POINT('',#2469) ;
#2477=VERTEX_POINT('',#2476) ;
#2484=VERTEX_POINT('',#2483) ;
#2491=VERTEX_POINT('',#2490) ;
#2498=VERTEX_POINT('',#2497) ;
#2505=VERTEX_POINT('',#2504) ;
#2512=VERTEX_POINT('',#2511) ;
#2572=VERTEX_POINT('',#2571) ;
#2579=VERTEX_POINT('',#2578) ;
#2603=VERTEX_POINT('',#2602) ;
#2627=VERTEX_POINT('',#2626) ;
#2651=VERTEX_POINT('',#2650) ;
#2675=VERTEX_POINT('',#2674) ;
#2699=VERTEX_POINT('',#2698) ;
#2723=VERTEX_POINT('',#2722) ;
#2774=VERTEX_POINT('',#2773) ;
#2776=VERTEX_POINT('',#2775) ;
#2783=VERTEX_POINT('',#2782) ;
#2790=VERTEX_POINT('',#2789) ;
#2797=VERTEX_POINT('',#2796) ;
#2804=VERTEX_POINT('',#2803) ;
#2811=VERTEX_POINT('',#2810) ;
#2818=VERTEX_POINT('',#2817) ;
#2846=VERTEX_POINT('',#2845) ;
#2853=VERTEX_POINT('',#2852) ;
#2877=VERTEX_POINT('',#2876) ;
#2901=VERTEX_POINT('',#2900) ;
#2925=VERTEX_POINT('',#2924) ;
#2949=VERTEX_POINT('',#2948) ;
#2973=VERTEX_POINT('',#2972) ;
#2997=VERTEX_POINT('',#2996) ;
#3043=VERTEX_POINT('',#3042) ;
#3045=VERTEX_POINT('',#3044) ;
#3052=VERTEX_POINT('',#3051) ;
#3059=VERTEX_POINT('',#3058) ;
#3066=VERTEX_POINT('',#3065) ;
#3073=VERTEX_POINT('',#3072) ;
#3080=VERTEX_POINT('',#3079) ;
#3087=VERTEX_POINT('',#3086) ;
#3115=VERTEX_POINT('',#3114) ;
#3122=VERTEX_POINT('',#3121) ;
#3146=VERTEX_POINT('',#3145) ;
#3170=VERTEX_POINT('',#3169) ;
#3194=VERTEX_POINT('',#3193) ;
#3218=VERTEX_POINT('',#3217) ;
#3242=VERTEX_POINT('',#3241) ;
#3266=VERTEX_POINT('',#3265) ;
#3317=VERTEX_POINT('',#3316) ;
#3319=VERTEX_POINT('',#3318) ;
#3326=VERTEX_POINT('',#3325) ;
#3333=VERTEX_POINT('',#3332) ;
#3340=VERTEX_POINT('',#3339) ;
#3347=VERTEX_POINT('',#3346) ;
#3354=VERTEX_POINT('',#3353) ;
#3361=VERTEX_POINT('',#3360) ;
#3389=VERTEX_POINT('',#3388) ;
#3396=VERTEX_POINT('',#3395) ;
#3420=VERTEX_POINT('',#3419) ;
#3444=VERTEX_POINT('',#3443) ;
#3468=VERTEX_POINT('',#3467) ;
#3492=VERTEX_POINT('',#3491) ;
#3516=VERTEX_POINT('',#3515) ;
#3540=VERTEX_POINT('',#3539) ;
#3582=ADVANCED_BREP_SHAPE_REPRESENTATION('NONE',(#21),#16) ;
#70=ADVANCED_FACE('BATTERY_COVER',(#69),#35,.F.) ;
#87=ADVANCED_FACE('BATTERY_COVER',(#86),#35,.F.) ;
#127=ADVANCED_FACE('BATTERY_COVER',(#126),#92,.F.) ;
#144=ADVANCED_FACE('BATTERY_COVER',(#143),#92,.F.) ;
#184=ADVANCED_FACE('BATTERY_COVER',(#183),#149,.F.) ;
#201=ADVANCED_FACE('BATTERY_COVER',(#200),#149,.F.) ;
#241=ADVANCED_FACE('BATTERY_COVER',(#240),#206,.F.) ;
#258=ADVANCED_FACE('BATTERY_COVER',(#257),#206,.F.) ;
#298=ADVANCED_FACE('BATTERY_COVER',(#297),#263,.F.) ;
#315=ADVANCED_FACE('BATTERY_COVER',(#314),#263,.F.) ;
#355=ADVANCED_FACE('BATTERY_COVER',(#354),#320,.F.) ;
#372=ADVANCED_FACE('BATTERY_COVER',(#371),#320,.F.) ;
#412=ADVANCED_FACE('BATTERY_COVER',(#411),#377,.F.) ;
#429=ADVANCED_FACE('BATTERY_COVER',(#428),#377,.F.) ;
#469=ADVANCED_FACE('BATTERY_COVER',(#468),#434,.F.) ;
#486=ADVANCED_FACE('BATTERY_COVER',(#485),#434,.F.) ;
#526=ADVANCED_FACE('BATTERY_COVER',(#525),#491,.T.) ;
#543=ADVANCED_FACE('BATTERY_COVER',(#542),#491,.T.) ;
#823=ADVANCED_FACE('BATTERY_COVER',(#614,#728,#732,#750,#768,#786,#804,#822),#548,.F.) ;
#837=ADVANCED_FACE('BATTERY_COVER',(#832,#836),#828,.F.) ;
#868=ADVANCED_FACE('BATTERY_COVER',(#867),#842,.F.) ;
#892=ADVANCED_FACE('BATTERY_COVER',(#891),#873,.T.) ;
#916=ADVANCED_FACE('BATTERY_COVER',(#915),#897,.F.) ;
#940=ADVANCED_FACE('BATTERY_COVER',(#939),#921,.T.) ;
#964=ADVANCED_FACE('BATTERY_COVER',(#963),#945,.F.) ;
#988=ADVANCED_FACE('BATTERY_COVER',(#987),#969,.T.) ;
#1012=ADVANCED_FACE('BATTERY_COVER',(#1011),#993,.F.) ;
#1029=ADVANCED_FACE('BATTERY_COVER',(#1028),#1017,.T.) ;
#1060=ADVANCED_FACE('BATTERY_COVER',(#1059),#1034,.T.) ;
#1079=ADVANCED_FACE('BATTERY_COVER',(#1078),#1034,.T.) ;
#1119=ADVANCED_FACE('BATTERY_COVER',(#1118),#1084,.F.) ;
#1143=ADVANCED_FACE('BATTERY_COVER',(#1142),#1124,.T.) ;
#1167=ADVANCED_FACE('BATTERY_COVER',(#1166),#1148,.F.) ;
#1191=ADVANCED_FACE('BATTERY_COVER',(#1190),#1172,.T.) ;
#1238=ADVANCED_FACE('BATTERY_COVER',(#1237),#1196,.F.) ;
#1262=ADVANCED_FACE('BATTERY_COVER',(#1261),#1243,.T.) ;
#1274=ADVANCED_FACE('BATTERY_COVER',(#1273),#1243,.T.) ;
#1298=ADVANCED_FACE('BATTERY_COVER',(#1297),#1279,.T.) ;
#1322=ADVANCED_FACE('BATTERY_COVER',(#1321),#1303,.F.) ;
#1339=ADVANCED_FACE('BATTERY_COVER',(#1338),#1327,.T.) ;
#1370=ADVANCED_FACE('BATTERY_COVER',(#1369),#1344,.T.) ;
#1382=ADVANCED_FACE('BATTERY_COVER',(#1381),#1344,.T.) ;
#1413=ADVANCED_FACE('BATTERY_COVER',(#1412),#1387,.T.) ;
#1425=ADVANCED_FACE('BATTERY_COVER',(#1424),#1387,.T.) ;
#1456=ADVANCED_FACE('BATTERY_COVER',(#1455),#1430,.T.) ;
#1468=ADVANCED_FACE('BATTERY_COVER',(#1467),#1430,.T.) ;
#1499=ADVANCED_FACE('BATTERY_COVER',(#1498),#1473,.T.) ;
#1511=ADVANCED_FACE('BATTERY_COVER',(#1510),#1473,.T.) ;
#1542=ADVANCED_FACE('BATTERY_COVER',(#1541),#1516,.T.) ;
#1554=ADVANCED_FACE('BATTERY_COVER',(#1553),#1516,.T.) ;
#1636=ADVANCED_FACE('BATTERY_COVER',(#1569,#1635),#1559,.T.) ;
#1646=ADVANCED_FACE('BATTERY_COVER',(#1641,#1645),#828,.F.) ;
#1728=ADVANCED_FACE('BATTERY_COVER',(#1661,#1727),#1651,.F.) ;
#1738=ADVANCED_FACE('BATTERY_COVER',(#1733,#1737),#828,.F.) ;
#1747=ADVANCED_FACE('BATTERY_COVER',(#1742,#1746),#828,.F.) ;
#1756=ADVANCED_FACE('BATTERY_COVER',(#1751,#1755),#828,.F.) ;
#1765=ADVANCED_FACE('BATTERY_COVER',(#1760,#1764),#828,.F.) ;
#1774=ADVANCED_FACE('BATTERY_COVER',(#1769,#1773),#828,.F.) ;
#1783=ADVANCED_FACE('BATTERY_COVER',(#1778,#1782),#828,.F.) ;
#1814=ADVANCED_FACE('BATTERY_COVER',(#1813),#1788,.T.) ;
#1838=ADVANCED_FACE('BATTERY_COVER',(#1837),#1819,.T.) ;
#1862=ADVANCED_FACE('BATTERY_COVER',(#1861),#1843,.T.) ;
#1886=ADVANCED_FACE('BATTERY_COVER',(#1885),#1867,.T.) ;
#1910=ADVANCED_FACE('BATTERY_COVER',(#1909),#1891,.T.) ;
#1934=ADVANCED_FACE('BATTERY_COVER',(#1933),#1915,.T.) ;
#1958=ADVANCED_FACE('BATTERY_COVER',(#1957),#1939,.T.) ;
#1975=ADVANCED_FACE('BATTERY_COVER',(#1974),#1963,.T.) ;
#2006=ADVANCED_FACE('BATTERY_COVER',(#2005),#1980,.F.) ;
#2030=ADVANCED_FACE('BATTERY_COVER',(#2029),#2011,.T.) ;
#2054=ADVANCED_FACE('BATTERY_COVER',(#2053),#2035,.F.) ;
#2078=ADVANCED_FACE('BATTERY_COVER',(#2077),#2059,.T.) ;
#2102=ADVANCED_FACE('BATTERY_COVER',(#2101),#2083,.F.) ;
#2126=ADVANCED_FACE('BATTERY_COVER',(#2125),#2107,.T.) ;
#2150=ADVANCED_FACE('BATTERY_COVER',(#2149),#2131,.F.) ;
#2167=ADVANCED_FACE('BATTERY_COVER',(#2166),#2155,.T.) ;
#2249=ADVANCED_FACE('BATTERY_COVER',(#2182,#2248),#2172,.T.) ;
#2260=ADVANCED_FACE('BATTERY_COVER',(#2259),#548,.F.) ;
#2291=ADVANCED_FACE('BATTERY_COVER',(#2290),#2265,.F.) ;
#2315=ADVANCED_FACE('BATTERY_COVER',(#2314),#2296,.F.) ;
#2339=ADVANCED_FACE('BATTERY_COVER',(#2338),#2320,.F.) ;
#2363=ADVANCED_FACE('BATTERY_COVER',(#2362),#2344,.F.) ;
#2387=ADVANCED_FACE('BATTERY_COVER',(#2386),#2368,.F.) ;
#2411=ADVANCED_FACE('BATTERY_COVER',(#2410),#2392,.F.) ;
#2435=ADVANCED_FACE('BATTERY_COVER',(#2434),#2416,.F.) ;
#2452=ADVANCED_FACE('BATTERY_COVER',(#2451),#2440,.F.) ;
#2561=ADVANCED_FACE('BATTERY_COVER',(#2462,#2528,#2532,#2536,#2540,#2544,#2548,#2552,#2556,#2560),#1559,.T.) ;
#2592=ADVANCED_FACE('BATTERY_COVER',(#2591),#2566,.T.) ;
#2616=ADVANCED_FACE('BATTERY_COVER',(#2615),#2597,.F.) ;
#2640=ADVANCED_FACE('BATTERY_COVER',(#2639),#2621,.T.) ;
#2664=ADVANCED_FACE('BATTERY_COVER',(#2663),#2645,.F.) ;
#2688=ADVANCED_FACE('BATTERY_COVER',(#2687),#2669,.T.) ;
#2712=ADVANCED_FACE('BATTERY_COVER',(#2711),#2693,.F.) ;
#2736=ADVANCED_FACE('BATTERY_COVER',(#2735),#2717,.T.) ;
#2753=ADVANCED_FACE('BATTERY_COVER',(#2752),#2741,.F.) ;
#2835=ADVANCED_FACE('BATTERY_COVER',(#2768,#2834),#2758,.T.) ;
#2866=ADVANCED_FACE('BATTERY_COVER',(#2865),#2840,.T.) ;
#2890=ADVANCED_FACE('BATTERY_COVER',(#2889),#2871,.F.) ;
#2914=ADVANCED_FACE('BATTERY_COVER',(#2913),#2895,.T.) ;
#2938=ADVANCED_FACE('BATTERY_COVER',(#2937),#2919,.F.) ;
#2962=ADVANCED_FACE('BATTERY_COVER',(#2961),#2943,.T.) ;
#2986=ADVANCED_FACE('BATTERY_COVER',(#2985),#2967,.F.) ;
#3010=ADVANCED_FACE('BATTERY_COVER',(#3009),#2991,.T.) ;
#3027=ADVANCED_FACE('BATTERY_COVER',(#3026),#3015,.F.) ;
#3104=ADVANCED_FACE('BATTERY_COVER',(#3037,#3103),#1559,.T.) ;
#3135=ADVANCED_FACE('BATTERY_COVER',(#3134),#3109,.T.) ;
#3159=ADVANCED_FACE('BATTERY_COVER',(#3158),#3140,.T.) ;
#3183=ADVANCED_FACE('BATTERY_COVER',(#3182),#3164,.T.) ;
#3207=ADVANCED_FACE('BATTERY_COVER',(#3206),#3188,.T.) ;
#3231=ADVANCED_FACE('BATTERY_COVER',(#3230),#3212,.T.) ;
#3255=ADVANCED_FACE('BATTERY_COVER',(#3254),#3236,.T.) ;
#3279=ADVANCED_FACE('BATTERY_COVER',(#3278),#3260,.T.) ;
#3296=ADVANCED_FACE('BATTERY_COVER',(#3295),#3284,.T.) ;
#3378=ADVANCED_FACE('BATTERY_COVER',(#3311,#3377),#3301,.T.) ;
#3409=ADVANCED_FACE('BATTERY_COVER',(#3408),#3383,.F.) ;
#3433=ADVANCED_FACE('BATTERY_COVER',(#3432),#3414,.F.) ;
#3457=ADVANCED_FACE('BATTERY_COVER',(#3456),#3438,.F.) ;
#3481=ADVANCED_FACE('BATTERY_COVER',(#3480),#3462,.F.) ;
#3505=ADVANCED_FACE('BATTERY_COVER',(#3504),#3486,.F.) ;
#3529=ADVANCED_FACE('BATTERY_COVER',(#3528),#3510,.F.) ;
#3553=ADVANCED_FACE('BATTERY_COVER',(#3552),#3534,.F.) ;
#3570=ADVANCED_FACE('BATTERY_COVER',(#3569),#3558,.F.) ;
#3581=ADVANCED_FACE('BATTERY_COVER',(#3580),#1559,.T.) ;
#4=APPLICATION_PROTOCOL_DEFINITION('international standard','ap242_managed_model_based_3d_engineering',2014,#1) ;
#22=COLOUR_RGB('Colour',0.823529411765,0.823529411765,1.) ;
#69=FACE_OUTER_BOUND('',#64,.T.) ;
#86=FACE_OUTER_BOUND('',#81,.T.) ;
#126=FACE_OUTER_BOUND('',#121,.T.) ;
#143=FACE_OUTER_BOUND('',#138,.T.) ;
#183=FACE_OUTER_BOUND('',#178,.T.) ;
#200=FACE_OUTER_BOUND('',#195,.T.) ;
#240=FACE_OUTER_BOUND('',#235,.T.) ;
#257=FACE_OUTER_BOUND('',#252,.T.) ;
#297=FACE_OUTER_BOUND('',#292,.T.) ;
#314=FACE_OUTER_BOUND('',#309,.T.) ;
#354=FACE_OUTER_BOUND('',#349,.T.) ;
#371=FACE_OUTER_BOUND('',#366,.T.) ;
#411=FACE_OUTER_BOUND('',#406,.T.) ;
#428=FACE_OUTER_BOUND('',#423,.T.) ;
#468=FACE_OUTER_BOUND('',#463,.T.) ;
#485=FACE_OUTER_BOUND('',#480,.T.) ;
#525=FACE_OUTER_BOUND('',#520,.T.) ;
#542=FACE_OUTER_BOUND('',#537,.T.) ;
#614=FACE_OUTER_BOUND('',#605,.T.) ;
#832=FACE_OUTER_BOUND('',#829,.T.) ;
#867=FACE_OUTER_BOUND('',#862,.T.) ;
#891=FACE_OUTER_BOUND('',#886,.T.) ;
#915=FACE_OUTER_BOUND('',#910,.T.) ;
#939=FACE_OUTER_BOUND('',#934,.T.) ;
#963=FACE_OUTER_BOUND('',#958,.T.) ;
#987=FACE_OUTER_BOUND('',#982,.T.) ;
#1011=FACE_OUTER_BOUND('',#1006,.T.) ;
#1028=FACE_OUTER_BOUND('',#1023,.T.) ;
#1059=FACE_OUTER_BOUND('',#1054,.T.) ;
#1078=FACE_OUTER_BOUND('',#1073,.T.) ;
#1118=FACE_OUTER_BOUND('',#1109,.T.) ;
#1142=FACE_OUTER_BOUND('',#1137,.T.) ;
#1166=FACE_OUTER_BOUND('',#1161,.T.) ;
#1190=FACE_OUTER_BOUND('',#1185,.T.) ;
#1237=FACE_OUTER_BOUND('',#1228,.T.) ;
#1261=FACE_OUTER_BOUND('',#1256,.T.) ;
#1273=FACE_OUTER_BOUND('',#1268,.T.) ;
#1297=FACE_OUTER_BOUND('',#1292,.T.) ;
#1321=FACE_OUTER_BOUND('',#1316,.T.) ;
#1338=FACE_OUTER_BOUND('',#1333,.T.) ;
#1369=FACE_OUTER_BOUND('',#1364,.T.) ;
#1381=FACE_OUTER_BOUND('',#1376,.T.) ;
#1412=FACE_OUTER_BOUND('',#1407,.T.) ;
#1424=FACE_OUTER_BOUND('',#1419,.T.) ;
#1455=FACE_OUTER_BOUND('',#1450,.T.) ;
#1467=FACE_OUTER_BOUND('',#1462,.T.) ;
#1498=FACE_OUTER_BOUND('',#1493,.T.) ;
#1510=FACE_OUTER_BOUND('',#1505,.T.) ;
#1541=FACE_OUTER_BOUND('',#1536,.T.) ;
#1553=FACE_OUTER_BOUND('',#1548,.T.) ;
#1569=FACE_OUTER_BOUND('',#1560,.T.) ;
#1641=FACE_OUTER_BOUND('',#1637,.T.) ;
#1661=FACE_OUTER_BOUND('',#1652,.T.) ;
#1733=FACE_OUTER_BOUND('',#1729,.T.) ;
#1742=FACE_OUTER_BOUND('',#1739,.T.) ;
#1751=FACE_OUTER_BOUND('',#1748,.T.) ;
#1760=FACE_OUTER_BOUND('',#1757,.T.) ;
#1769=FACE_OUTER_BOUND('',#1766,.T.) ;
#1778=FACE_OUTER_BOUND('',#1775,.T.) ;
#1813=FACE_OUTER_BOUND('',#1808,.T.) ;
#1837=FACE_OUTER_BOUND('',#1832,.T.) ;
#1861=FACE_OUTER_BOUND('',#1856,.T.) ;
#1885=FACE_OUTER_BOUND('',#1880,.T.) ;
#1909=FACE_OUTER_BOUND('',#1904,.T.) ;
#1933=FACE_OUTER_BOUND('',#1928,.T.) ;
#1957=FACE_OUTER_BOUND('',#1952,.T.) ;
#1974=FACE_OUTER_BOUND('',#1969,.T.) ;
#2005=FACE_OUTER_BOUND('',#2000,.T.) ;
#2029=FACE_OUTER_BOUND('',#2024,.T.) ;
#2053=FACE_OUTER_BOUND('',#2048,.T.) ;
#2077=FACE_OUTER_BOUND('',#2072,.T.) ;
#2101=FACE_OUTER_BOUND('',#2096,.T.) ;
#2125=FACE_OUTER_BOUND('',#2120,.T.) ;
#2149=FACE_OUTER_BOUND('',#2144,.T.) ;
#2166=FACE_OUTER_BOUND('',#2161,.T.) ;
#2182=FACE_OUTER_BOUND('',#2173,.T.) ;
#2259=FACE_OUTER_BOUND('',#2250,.T.) ;
#2290=FACE_OUTER_BOUND('',#2285,.T.) ;
#2314=FACE_OUTER_BOUND('',#2309,.T.) ;
#2338=FACE_OUTER_BOUND('',#2333,.T.) ;
#2362=FACE_OUTER_BOUND('',#2357,.T.) ;
#2386=FACE_OUTER_BOUND('',#2381,.T.) ;
#2410=FACE_OUTER_BOUND('',#2405,.T.) ;
#2434=FACE_OUTER_BOUND('',#2429,.T.) ;
#2451=FACE_OUTER_BOUND('',#2446,.T.) ;
#2462=FACE_OUTER_BOUND('',#2453,.T.) ;
#2591=FACE_OUTER_BOUND('',#2586,.T.) ;
#2615=FACE_OUTER_BOUND('',#2610,.T.) ;
#2639=FACE_OUTER_BOUND('',#2634,.T.) ;
#2663=FACE_OUTER_BOUND('',#2658,.T.) ;
#2687=FACE_OUTER_BOUND('',#2682,.T.) ;
#2711=FACE_OUTER_BOUND('',#2706,.T.) ;
#2735=FACE_OUTER_BOUND('',#2730,.T.) ;
#2752=FACE_OUTER_BOUND('',#2747,.T.) ;
#2768=FACE_OUTER_BOUND('',#2759,.T.) ;
#2865=FACE_OUTER_BOUND('',#2860,.T.) ;
#2889=FACE_OUTER_BOUND('',#2884,.T.) ;
#2913=FACE_OUTER_BOUND('',#2908,.T.) ;
#2937=FACE_OUTER_BOUND('',#2932,.T.) ;
#2961=FACE_OUTER_BOUND('',#2956,.T.) ;
#2985=FACE_OUTER_BOUND('',#2980,.T.) ;
#3009=FACE_OUTER_BOUND('',#3004,.T.) ;
#3026=FACE_OUTER_BOUND('',#3021,.T.) ;
#3037=FACE_OUTER_BOUND('',#3028,.T.) ;
#3134=FACE_OUTER_BOUND('',#3129,.T.) ;
#3158=FACE_OUTER_BOUND('',#3153,.T.) ;
#3182=FACE_OUTER_BOUND('',#3177,.T.) ;
#3206=FACE_OUTER_BOUND('',#3201,.T.) ;
#3230=FACE_OUTER_BOUND('',#3225,.T.) ;
#3254=FACE_OUTER_BOUND('',#3249,.T.) ;
#3278=FACE_OUTER_BOUND('',#3273,.T.) ;
#3295=FACE_OUTER_BOUND('',#3290,.T.) ;
#3311=FACE_OUTER_BOUND('',#3302,.T.) ;
#3408=FACE_OUTER_BOUND('',#3403,.T.) ;
#3432=FACE_OUTER_BOUND('',#3427,.T.) ;
#3456=FACE_OUTER_BOUND('',#3451,.T.) ;
#3480=FACE_OUTER_BOUND('',#3475,.T.) ;
#3504=FACE_OUTER_BOUND('',#3499,.T.) ;
#3528=FACE_OUTER_BOUND('',#3523,.T.) ;
#3552=FACE_OUTER_BOUND('',#3547,.T.) ;
#3569=FACE_OUTER_BOUND('',#3564,.T.) ;
#3580=FACE_OUTER_BOUND('',#3571,.T.) ;
#9=PRODUCT_CATEGORY_RELATIONSHIP(' ',' ',#7,#8) ;
#6=PRODUCT_DEFINITION_FORMATION_WITH_SPECIFIED_SOURCE('',' ',#5,.NOT_KNOWN.) ;
#20=SHAPE_DEFINITION_REPRESENTATION(#11,#19) ;
#12=(LENGTH_UNIT()NAMED_UNIT(*)SI_UNIT(.MILLI.,.METRE.)) ;
#13=(NAMED_UNIT(*)PLANE_ANGLE_UNIT()SI_UNIT($,.RADIAN.)) ;
#14=(NAMED_UNIT(*)SI_UNIT($,.STERADIAN.)SOLID_ANGLE_UNIT()) ;
#16=(GEOMETRIC_REPRESENTATION_CONTEXT(3)GLOBAL_UNCERTAINTY_ASSIGNED_CONTEXT((#15))GLOBAL_UNIT_ASSIGNED_CONTEXT((#12,#13,#14))REPRESENTATION_CONTEXT(' ',' ')) ;
ENDSEC;
END-ISO-10303-21;
