ISO-10303-21;
HEADER;
FILE_DESCRIPTION(('CATIA V5 STEP Exchange','CAx-IF Rec.Pracs.--- Model Styling and Organization---1.5--- 2016-08-15','CAx-IF Rec.Pracs.---Supplemental Geometry---1.0---2011-11-01','CAx-IF Rec.Pracs.--- Composite Materials ---3.4---2017-06-13','CAx-IF Rec.Pracs.---Tessellated 3D Geometry---1.0---2015-12-17'),'2;1');

FILE_NAME('C:\\Users\\icemi\\Desktop\\RZS_Repository\\RES\\catia_macros\\generated\\RES_Enclosure_20260730_140208\\RES_TopCover.stp','2026-07-30T06:02:41+00:00',('none'),('none'),'CATIA Version 5-6 Release 2022 SP6','CATIA V5 STEP AP242 v3','none');

FILE_SCHEMA(('AP242_MANAGED_MODEL_BASED_3D_ENGINEERING_MIM_LF  {1 0 10303 442 1 1 4}'));

ENDSEC;
DATA;
#5=PRODUCT('Part79','','',(#2)) ;
#2=PRODUCT_CONTEXT(' ',#1,'mechanical') ;
#1=APPLICATION_CONTEXT('managed model based 3d engineering') ;
#10=PRODUCT_DEFINITION('',' ',#6,#3) ;
#3=PRODUCT_DEFINITION_CONTEXT('part definition',#1,' ') ;
#11=PRODUCT_DEFINITION_SHAPE(' ',' ',#10) ;
#3320=MECHANICAL_DESIGN_GEOMETRIC_PRESENTATION_REPRESENTATION(' ',(#29),#16) ;
#7=PRODUCT_CATEGORY('part','specification') ;
#19=SHAPE_REPRESENTATION(' ',(#18),#16) ;
#17=CARTESIAN_POINT(' ',(0.,0.,0.)) ;
#31=CARTESIAN_POINT('Axis2P3D Location',(-39.,22.,3.6)) ;
#36=CARTESIAN_POINT('Line Origine',(-29.,22.,3.6)) ;
#40=CARTESIAN_POINT('Vertex',(-29.,22.,3.2)) ;
#42=CARTESIAN_POINT('Vertex',(-29.,22.,4.)) ;
#45=CARTESIAN_POINT('Axis2P3D Location',(-39.,22.,3.2)) ;
#49=CARTESIAN_POINT('Vertex',(-49.,22.,3.2)) ;
#52=CARTESIAN_POINT('Line Origine',(-49.,22.,3.6)) ;
#56=CARTESIAN_POINT('Vertex',(-49.,22.,4.)) ;
#59=CARTESIAN_POINT('Axis2P3D Location',(-39.,22.,4.)) ;
#71=CARTESIAN_POINT('Axis2P3D Location',(-39.,22.,3.2)) ;
#76=CARTESIAN_POINT('Axis2P3D Location',(-39.,22.,4.)) ;
#88=CARTESIAN_POINT('Axis2P3D Location',(0.,0.,3.2)) ;
#93=CARTESIAN_POINT('Line Origine',(0.,-75.,3.2)) ;
#97=CARTESIAN_POINT('Vertex',(-84.,-75.,3.2)) ;
#99=CARTESIAN_POINT('Vertex',(84.,-75.,3.2)) ;
#102=CARTESIAN_POINT('Axis2P3D Location',(84.,-65.,3.2)) ;
#106=CARTESIAN_POINT('Vertex',(94.,-65.,3.2)) ;
#109=CARTESIAN_POINT('Line Origine',(94.,0.,3.2)) ;
#113=CARTESIAN_POINT('Vertex',(94.,65.,3.2)) ;
#116=CARTESIAN_POINT('Axis2P3D Location',(84.,65.,3.2)) ;
#120=CARTESIAN_POINT('Vertex',(84.,75.,3.2)) ;
#123=CARTESIAN_POINT('Line Origine',(0.,75.,3.2)) ;
#127=CARTESIAN_POINT('Vertex',(-84.,75.,3.2)) ;
#130=CARTESIAN_POINT('Axis2P3D Location',(-84.,65.,3.2)) ;
#134=CARTESIAN_POINT('Vertex',(-94.,65.,3.2)) ;
#137=CARTESIAN_POINT('Line Origine',(-94.,0.,3.2)) ;
#141=CARTESIAN_POINT('Vertex',(-94.,-65.,3.2)) ;
#144=CARTESIAN_POINT('Axis2P3D Location',(-84.,-65.,3.2)) ;
#163=CARTESIAN_POINT('Axis2P3D Location',(-13.,22.,3.2)) ;
#167=CARTESIAN_POINT('Vertex',(-3.,22.,3.2)) ;
#169=CARTESIAN_POINT('Vertex',(-23.,22.,3.2)) ;
#172=CARTESIAN_POINT('Axis2P3D Location',(-13.,22.,3.2)) ;
#181=CARTESIAN_POINT('Axis2P3D Location',(13.,22.,3.2)) ;
#185=CARTESIAN_POINT('Vertex',(23.,22.,3.2)) ;
#187=CARTESIAN_POINT('Vertex',(3.,22.,3.2)) ;
#190=CARTESIAN_POINT('Axis2P3D Location',(13.,22.,3.2)) ;
#199=CARTESIAN_POINT('Axis2P3D Location',(39.,22.,3.2)) ;
#203=CARTESIAN_POINT('Vertex',(49.,22.,3.2)) ;
#205=CARTESIAN_POINT('Vertex',(29.,22.,3.2)) ;
#208=CARTESIAN_POINT('Axis2P3D Location',(39.,22.,3.2)) ;
#217=CARTESIAN_POINT('Axis2P3D Location',(-48.,-17.,3.2)) ;
#221=CARTESIAN_POINT('Vertex',(-38.5,-17.,3.2)) ;
#223=CARTESIAN_POINT('Vertex',(-57.5,-17.,3.2)) ;
#226=CARTESIAN_POINT('Axis2P3D Location',(-48.,-17.,3.2)) ;
#235=CARTESIAN_POINT('Axis2P3D Location',(32.,-17.,3.2)) ;
#239=CARTESIAN_POINT('Vertex',(50.,-17.,3.2)) ;
#241=CARTESIAN_POINT('Vertex',(14.,-17.,3.2)) ;
#244=CARTESIAN_POINT('Axis2P3D Location',(32.,-17.,3.2)) ;
#254=CARTESIAN_POINT('Axis2P3D Location',(0.,0.,4.)) ;
#263=CARTESIAN_POINT('Axis2P3D Location',(-39.,22.,4.)) ;
#267=CARTESIAN_POINT('Vertex',(-47.2,22.,4.)) ;
#269=CARTESIAN_POINT('Vertex',(-30.8,22.,4.)) ;
#272=CARTESIAN_POINT('Axis2P3D Location',(-39.,22.,4.)) ;
#282=CARTESIAN_POINT('Axis2P3D Location',(-84.,-75.,0.)) ;
#287=CARTESIAN_POINT('Line Origine',(0.,-75.,-12.3)) ;
#291=CARTESIAN_POINT('Vertex',(-84.,-75.,-12.3)) ;
#293=CARTESIAN_POINT('Vertex',(84.,-75.,-12.3)) ;
#296=CARTESIAN_POINT('Line Origine',(84.,-75.,-4.55)) ;
#301=CARTESIAN_POINT('Line Origine',(-84.,-75.,-4.55)) ;
#312=CARTESIAN_POINT('Axis2P3D Location',(-60.2,-75.,-8.3)) ;
#316=CARTESIAN_POINT('Vertex',(-60.2,-75.,-10.6)) ;
#318=CARTESIAN_POINT('Vertex',(-60.2,-75.,-6.)) ;
#321=CARTESIAN_POINT('Line Origine',(-60.,-75.,-6.)) ;
#325=CARTESIAN_POINT('Vertex',(-59.8,-75.,-6.)) ;
#328=CARTESIAN_POINT('Axis2P3D Location',(-59.8,-75.,-8.3)) ;
#332=CARTESIAN_POINT('Vertex',(-59.8,-75.,-10.6)) ;
#335=CARTESIAN_POINT('Line Origine',(-60.,-75.,-10.6)) ;
#346=CARTESIAN_POINT('Axis2P3D Location',(-0.2,-75.,-8.3)) ;
#350=CARTESIAN_POINT('Vertex',(-0.2,-75.,-10.6)) ;
#352=CARTESIAN_POINT('Vertex',(-0.2,-75.,-6.)) ;
#355=CARTESIAN_POINT('Line Origine',(0.,-75.,-6.)) ;
#359=CARTESIAN_POINT('Vertex',(0.2,-75.,-6.)) ;
#362=CARTESIAN_POINT('Axis2P3D Location',(0.2,-75.,-8.3)) ;
#366=CARTESIAN_POINT('Vertex',(0.2,-75.,-10.6)) ;
#369=CARTESIAN_POINT('Line Origine',(0.,-75.,-10.6)) ;
#380=CARTESIAN_POINT('Axis2P3D Location',(59.8,-75.,-8.3)) ;
#384=CARTESIAN_POINT('Vertex',(59.8,-75.,-10.6)) ;
#386=CARTESIAN_POINT('Vertex',(59.8,-75.,-6.)) ;
#389=CARTESIAN_POINT('Line Origine',(60.,-75.,-6.)) ;
#393=CARTESIAN_POINT('Vertex',(60.2,-75.,-6.)) ;
#396=CARTESIAN_POINT('Axis2P3D Location',(60.2,-75.,-8.3)) ;
#400=CARTESIAN_POINT('Vertex',(60.2,-75.,-10.6)) ;
#403=CARTESIAN_POINT('Line Origine',(60.,-75.,-10.6)) ;
#415=CARTESIAN_POINT('Axis2P3D Location',(84.,-65.,1.6)) ;
#420=CARTESIAN_POINT('Axis2P3D Location',(84.,-65.,-12.3)) ;
#424=CARTESIAN_POINT('Vertex',(94.,-65.,-12.3)) ;
#427=CARTESIAN_POINT('Line Origine',(94.,-65.,-4.55)) ;
#439=CARTESIAN_POINT('Axis2P3D Location',(94.,-65.,0.)) ;
#444=CARTESIAN_POINT('Line Origine',(94.,0.,-12.3)) ;
#448=CARTESIAN_POINT('Vertex',(94.,65.,-12.3)) ;
#451=CARTESIAN_POINT('Line Origine',(94.,65.,-4.55)) ;
#462=CARTESIAN_POINT('Axis2P3D Location',(94.,-49.8,-8.3)) ;
#466=CARTESIAN_POINT('Vertex',(94.,-49.8,-10.6)) ;
#468=CARTESIAN_POINT('Vertex',(94.,-49.8,-6.)) ;
#471=CARTESIAN_POINT('Line Origine',(94.,-50.,-10.6)) ;
#475=CARTESIAN_POINT('Vertex',(94.,-50.2,-10.6)) ;
#478=CARTESIAN_POINT('Axis2P3D Location',(94.,-50.2,-8.3)) ;
#482=CARTESIAN_POINT('Vertex',(94.,-50.2,-6.)) ;
#485=CARTESIAN_POINT('Line Origine',(94.,-50.,-6.)) ;
#496=CARTESIAN_POINT('Axis2P3D Location',(94.,50.2,-8.3)) ;
#500=CARTESIAN_POINT('Vertex',(94.,50.2,-10.6)) ;
#502=CARTESIAN_POINT('Vertex',(94.,50.2,-6.)) ;
#505=CARTESIAN_POINT('Line Origine',(94.,50.,-10.6)) ;
#509=CARTESIAN_POINT('Vertex',(94.,49.8,-10.6)) ;
#512=CARTESIAN_POINT('Axis2P3D Location',(94.,49.8,-8.3)) ;
#516=CARTESIAN_POINT('Vertex',(94.,49.8,-6.)) ;
#519=CARTESIAN_POINT('Line Origine',(94.,50.,-6.)) ;
#531=CARTESIAN_POINT('Axis2P3D Location',(84.,65.,1.6)) ;
#536=CARTESIAN_POINT('Axis2P3D Location',(84.,65.,-12.3)) ;
#540=CARTESIAN_POINT('Vertex',(84.,75.,-12.3)) ;
#543=CARTESIAN_POINT('Line Origine',(84.,75.,-4.55)) ;
#555=CARTESIAN_POINT('Axis2P3D Location',(84.,75.,0.)) ;
#560=CARTESIAN_POINT('Line Origine',(0.,75.,-12.3)) ;
#564=CARTESIAN_POINT('Vertex',(-84.,75.,-12.3)) ;
#567=CARTESIAN_POINT('Line Origine',(-84.,75.,-4.55)) ;
#578=CARTESIAN_POINT('Line Origine',(-60.,75.,-10.6)) ;
#582=CARTESIAN_POINT('Vertex',(-59.8,75.,-10.6)) ;
#584=CARTESIAN_POINT('Vertex',(-60.2,75.,-10.6)) ;
#587=CARTESIAN_POINT('Axis2P3D Location',(-59.8,75.,-8.3)) ;
#591=CARTESIAN_POINT('Vertex',(-59.8,75.,-6.)) ;
#594=CARTESIAN_POINT('Line Origine',(-60.,75.,-6.)) ;
#598=CARTESIAN_POINT('Vertex',(-60.2,75.,-6.)) ;
#601=CARTESIAN_POINT('Axis2P3D Location',(-60.2,75.,-8.3)) ;
#612=CARTESIAN_POINT('Line Origine',(0.,75.,-10.6)) ;
#616=CARTESIAN_POINT('Vertex',(0.2,75.,-10.6)) ;
#618=CARTESIAN_POINT('Vertex',(-0.2,75.,-10.6)) ;
#621=CARTESIAN_POINT('Axis2P3D Location',(0.2,75.,-8.3)) ;
#625=CARTESIAN_POINT('Vertex',(0.2,75.,-6.)) ;
#628=CARTESIAN_POINT('Line Origine',(0.,75.,-6.)) ;
#632=CARTESIAN_POINT('Vertex',(-0.2,75.,-6.)) ;
#635=CARTESIAN_POINT('Axis2P3D Location',(-0.2,75.,-8.3)) ;
#646=CARTESIAN_POINT('Line Origine',(60.,75.,-10.6)) ;
#650=CARTESIAN_POINT('Vertex',(60.2,75.,-10.6)) ;
#652=CARTESIAN_POINT('Vertex',(59.8,75.,-10.6)) ;
#655=CARTESIAN_POINT('Axis2P3D Location',(60.2,75.,-8.3)) ;
#659=CARTESIAN_POINT('Vertex',(60.2,75.,-6.)) ;
#662=CARTESIAN_POINT('Line Origine',(60.,75.,-6.)) ;
#666=CARTESIAN_POINT('Vertex',(59.8,75.,-6.)) ;
#669=CARTESIAN_POINT('Axis2P3D Location',(59.8,75.,-8.3)) ;
#681=CARTESIAN_POINT('Axis2P3D Location',(-84.,65.,1.6)) ;
#686=CARTESIAN_POINT('Axis2P3D Location',(-84.,65.,-12.3)) ;
#690=CARTESIAN_POINT('Vertex',(-94.,65.,-12.3)) ;
#693=CARTESIAN_POINT('Line Origine',(-94.,65.,-4.55)) ;
#705=CARTESIAN_POINT('Axis2P3D Location',(-94.,65.,0.)) ;
#710=CARTESIAN_POINT('Line Origine',(-94.,0.,-12.3)) ;
#714=CARTESIAN_POINT('Vertex',(-94.,-65.,-12.3)) ;
#717=CARTESIAN_POINT('Line Origine',(-94.,-65.,-4.55)) ;
#728=CARTESIAN_POINT('Line Origine',(-94.,-50.,-6.)) ;
#732=CARTESIAN_POINT('Vertex',(-94.,-49.8,-6.)) ;
#734=CARTESIAN_POINT('Vertex',(-94.,-50.2,-6.)) ;
#737=CARTESIAN_POINT('Axis2P3D Location',(-94.,-50.2,-8.3)) ;
#741=CARTESIAN_POINT('Vertex',(-94.,-50.2,-10.6)) ;
#744=CARTESIAN_POINT('Line Origine',(-94.,-50.,-10.6)) ;
#748=CARTESIAN_POINT('Vertex',(-94.,-49.8,-10.6)) ;
#751=CARTESIAN_POINT('Axis2P3D Location',(-94.,-49.8,-8.3)) ;
#762=CARTESIAN_POINT('Line Origine',(-94.,50.,-6.)) ;
#766=CARTESIAN_POINT('Vertex',(-94.,50.2,-6.)) ;
#768=CARTESIAN_POINT('Vertex',(-94.,49.8,-6.)) ;
#771=CARTESIAN_POINT('Axis2P3D Location',(-94.,49.8,-8.3)) ;
#775=CARTESIAN_POINT('Vertex',(-94.,49.8,-10.6)) ;
#778=CARTESIAN_POINT('Line Origine',(-94.,50.,-10.6)) ;
#782=CARTESIAN_POINT('Vertex',(-94.,50.2,-10.6)) ;
#785=CARTESIAN_POINT('Axis2P3D Location',(-94.,50.2,-8.3)) ;
#797=CARTESIAN_POINT('Axis2P3D Location',(-84.,-65.,1.6)) ;
#802=CARTESIAN_POINT('Axis2P3D Location',(-84.,-65.,-12.3)) ;
#814=CARTESIAN_POINT('Axis2P3D Location',(-13.,22.,3.6)) ;
#819=CARTESIAN_POINT('Line Origine',(-3.,22.,3.6)) ;
#823=CARTESIAN_POINT('Vertex',(-3.,22.,4.)) ;
#826=CARTESIAN_POINT('Line Origine',(-23.,22.,3.6)) ;
#830=CARTESIAN_POINT('Vertex',(-23.,22.,4.)) ;
#833=CARTESIAN_POINT('Axis2P3D Location',(-13.,22.,4.)) ;
#845=CARTESIAN_POINT('Axis2P3D Location',(-13.,22.,4.)) ;
#857=CARTESIAN_POINT('Axis2P3D Location',(13.,22.,3.6)) ;
#862=CARTESIAN_POINT('Line Origine',(23.,22.,3.6)) ;
#866=CARTESIAN_POINT('Vertex',(23.,22.,4.)) ;
#869=CARTESIAN_POINT('Line Origine',(3.,22.,3.6)) ;
#873=CARTESIAN_POINT('Vertex',(3.,22.,4.)) ;
#876=CARTESIAN_POINT('Axis2P3D Location',(13.,22.,4.)) ;
#888=CARTESIAN_POINT('Axis2P3D Location',(13.,22.,4.)) ;
#900=CARTESIAN_POINT('Axis2P3D Location',(39.,22.,3.6)) ;
#905=CARTESIAN_POINT('Line Origine',(49.,22.,3.6)) ;
#909=CARTESIAN_POINT('Vertex',(49.,22.,4.)) ;
#912=CARTESIAN_POINT('Line Origine',(29.,22.,3.6)) ;
#916=CARTESIAN_POINT('Vertex',(29.,22.,4.)) ;
#919=CARTESIAN_POINT('Axis2P3D Location',(39.,22.,4.)) ;
#931=CARTESIAN_POINT('Axis2P3D Location',(39.,22.,4.)) ;
#943=CARTESIAN_POINT('Axis2P3D Location',(-48.,-17.,3.6)) ;
#948=CARTESIAN_POINT('Line Origine',(-38.5,-17.,3.6)) ;
#952=CARTESIAN_POINT('Vertex',(-38.5,-17.,4.)) ;
#955=CARTESIAN_POINT('Line Origine',(-57.5,-17.,3.6)) ;
#959=CARTESIAN_POINT('Vertex',(-57.5,-17.,4.)) ;
#962=CARTESIAN_POINT('Axis2P3D Location',(-48.,-17.,4.)) ;
#974=CARTESIAN_POINT('Axis2P3D Location',(-48.,-17.,4.)) ;
#986=CARTESIAN_POINT('Axis2P3D Location',(32.,-17.,3.6)) ;
#991=CARTESIAN_POINT('Line Origine',(50.,-17.,3.6)) ;
#995=CARTESIAN_POINT('Vertex',(50.,-17.,4.)) ;
#998=CARTESIAN_POINT('Line Origine',(14.,-17.,3.6)) ;
#1002=CARTESIAN_POINT('Vertex',(14.,-17.,4.)) ;
#1005=CARTESIAN_POINT('Axis2P3D Location',(32.,-17.,4.)) ;
#1017=CARTESIAN_POINT('Axis2P3D Location',(32.,-17.,4.)) ;
#1029=CARTESIAN_POINT('Axis2P3D Location',(0.,0.,-12.3)) ;
#1044=CARTESIAN_POINT('Line Origine',(0.,-72.,-12.3)) ;
#1048=CARTESIAN_POINT('Vertex',(-84.,-72.,-12.3)) ;
#1050=CARTESIAN_POINT('Vertex',(84.,-72.,-12.3)) ;
#1053=CARTESIAN_POINT('Axis2P3D Location',(84.,-65.,-12.3)) ;
#1057=CARTESIAN_POINT('Vertex',(91.,-65.,-12.3)) ;
#1060=CARTESIAN_POINT('Line Origine',(91.,0.,-12.3)) ;
#1064=CARTESIAN_POINT('Vertex',(91.,65.,-12.3)) ;
#1067=CARTESIAN_POINT('Axis2P3D Location',(84.,65.,-12.3)) ;
#1071=CARTESIAN_POINT('Vertex',(84.,72.,-12.3)) ;
#1074=CARTESIAN_POINT('Line Origine',(0.,72.,-12.3)) ;
#1078=CARTESIAN_POINT('Vertex',(-84.,72.,-12.3)) ;
#1081=CARTESIAN_POINT('Axis2P3D Location',(-84.,65.,-12.3)) ;
#1085=CARTESIAN_POINT('Vertex',(-91.,65.,-12.3)) ;
#1088=CARTESIAN_POINT('Line Origine',(-91.,0.,-12.3)) ;
#1092=CARTESIAN_POINT('Vertex',(-91.,-65.,-12.3)) ;
#1095=CARTESIAN_POINT('Axis2P3D Location',(-84.,-65.,-12.3)) ;
#1111=CARTESIAN_POINT('Axis2P3D Location',(-60.2,73.5,-8.3)) ;
#1116=CARTESIAN_POINT('Axis2P3D Location',(-60.2,-72.,-8.3)) ;
#1120=CARTESIAN_POINT('Vertex',(-60.2,-72.,-10.6)) ;
#1122=CARTESIAN_POINT('Vertex',(-60.2,-72.,-6.)) ;
#1125=CARTESIAN_POINT('Line Origine',(-60.2,0.,-6.)) ;
#1130=CARTESIAN_POINT('Line Origine',(-60.2,0.,-10.6)) ;
#1142=CARTESIAN_POINT('Axis2P3D Location',(-60.2,75.,-6.)) ;
#1147=CARTESIAN_POINT('Line Origine',(-60.,-72.,-6.)) ;
#1151=CARTESIAN_POINT('Vertex',(-59.8,-72.,-6.)) ;
#1154=CARTESIAN_POINT('Line Origine',(-59.8,-73.5,-6.)) ;
#1166=CARTESIAN_POINT('Axis2P3D Location',(-59.8,73.5,-8.3)) ;
#1171=CARTESIAN_POINT('Axis2P3D Location',(-59.8,-72.,-8.3)) ;
#1175=CARTESIAN_POINT('Vertex',(-59.8,-72.,-10.6)) ;
#1178=CARTESIAN_POINT('Line Origine',(-59.8,0.,-10.6)) ;
#1190=CARTESIAN_POINT('Axis2P3D Location',(-59.8,75.,-10.6)) ;
#1195=CARTESIAN_POINT('Line Origine',(-60.,-72.,-10.6)) ;
#1207=CARTESIAN_POINT('Axis2P3D Location',(-0.2,73.5,-8.3)) ;
#1212=CARTESIAN_POINT('Axis2P3D Location',(-0.2,-72.,-8.3)) ;
#1216=CARTESIAN_POINT('Vertex',(-0.2,-72.,-10.6)) ;
#1218=CARTESIAN_POINT('Vertex',(-0.2,-72.,-6.)) ;
#1221=CARTESIAN_POINT('Line Origine',(-0.2,0.,-6.)) ;
#1226=CARTESIAN_POINT('Line Origine',(-0.2,0.,-10.6)) ;
#1238=CARTESIAN_POINT('Line Origine',(7.1054273576E-15,-72.,-6.)) ;
#1242=CARTESIAN_POINT('Vertex',(0.2,-72.,-6.)) ;
#1245=CARTESIAN_POINT('Line Origine',(0.2,-73.5,-6.)) ;
#1257=CARTESIAN_POINT('Axis2P3D Location',(0.2,73.5,-8.3)) ;
#1262=CARTESIAN_POINT('Axis2P3D Location',(0.2,-72.,-8.3)) ;
#1266=CARTESIAN_POINT('Vertex',(0.2,-72.,-10.6)) ;
#1269=CARTESIAN_POINT('Line Origine',(0.2,0.,-10.6)) ;
#1281=CARTESIAN_POINT('Line Origine',(3.5527136788E-15,-72.,-10.6)) ;
#1293=CARTESIAN_POINT('Axis2P3D Location',(59.8,73.5,-8.3)) ;
#1298=CARTESIAN_POINT('Axis2P3D Location',(59.8,-72.,-8.3)) ;
#1302=CARTESIAN_POINT('Vertex',(59.8,-72.,-10.6)) ;
#1304=CARTESIAN_POINT('Vertex',(59.8,-72.,-6.)) ;
#1307=CARTESIAN_POINT('Line Origine',(59.8,0.,-6.)) ;
#1312=CARTESIAN_POINT('Line Origine',(59.8,0.,-10.6)) ;
#1324=CARTESIAN_POINT('Line Origine',(60.,-72.,-6.)) ;
#1328=CARTESIAN_POINT('Vertex',(60.2,-72.,-6.)) ;
#1331=CARTESIAN_POINT('Line Origine',(60.2,-73.5,-6.)) ;
#1343=CARTESIAN_POINT('Axis2P3D Location',(60.2,73.5,-8.3)) ;
#1348=CARTESIAN_POINT('Axis2P3D Location',(60.2,-72.,-8.3)) ;
#1352=CARTESIAN_POINT('Vertex',(60.2,-72.,-10.6)) ;
#1355=CARTESIAN_POINT('Line Origine',(60.2,0.,-10.6)) ;
#1367=CARTESIAN_POINT('Line Origine',(60.,-72.,-10.6)) ;
#1379=CARTESIAN_POINT('Axis2P3D Location',(92.5,-49.8,-8.3)) ;
#1384=CARTESIAN_POINT('Line Origine',(0.,-49.8,-10.6)) ;
#1388=CARTESIAN_POINT('Vertex',(91.,-49.8,-10.6)) ;
#1391=CARTESIAN_POINT('Line Origine',(0.,-49.8,-6.)) ;
#1395=CARTESIAN_POINT('Vertex',(91.,-49.8,-6.)) ;
#1398=CARTESIAN_POINT('Axis2P3D Location',(91.,-49.8,-8.3)) ;
#1410=CARTESIAN_POINT('Line Origine',(92.5,-50.2,-10.6)) ;
#1414=CARTESIAN_POINT('Vertex',(91.,-50.2,-10.6)) ;
#1417=CARTESIAN_POINT('Line Origine',(91.,-50.,-10.6)) ;
#1429=CARTESIAN_POINT('Axis2P3D Location',(92.5,-50.2,-8.3)) ;
#1434=CARTESIAN_POINT('Line Origine',(0.,-50.2,-6.)) ;
#1438=CARTESIAN_POINT('Vertex',(91.,-50.2,-6.)) ;
#1441=CARTESIAN_POINT('Axis2P3D Location',(91.,-50.2,-8.3)) ;
#1453=CARTESIAN_POINT('Line Origine',(91.,-50.,-6.)) ;
#1465=CARTESIAN_POINT('Axis2P3D Location',(92.5,50.2,-8.3)) ;
#1470=CARTESIAN_POINT('Line Origine',(0.,50.2,-10.6)) ;
#1474=CARTESIAN_POINT('Vertex',(91.,50.2,-10.6)) ;
#1477=CARTESIAN_POINT('Line Origine',(0.,50.2,-6.)) ;
#1481=CARTESIAN_POINT('Vertex',(91.,50.2,-6.)) ;
#1484=CARTESIAN_POINT('Axis2P3D Location',(91.,50.2,-8.3)) ;
#1496=CARTESIAN_POINT('Line Origine',(92.5,49.8,-10.6)) ;
#1500=CARTESIAN_POINT('Vertex',(91.,49.8,-10.6)) ;
#1503=CARTESIAN_POINT('Line Origine',(91.,50.,-10.6)) ;
#1515=CARTESIAN_POINT('Axis2P3D Location',(92.5,49.8,-8.3)) ;
#1520=CARTESIAN_POINT('Line Origine',(0.,49.8,-6.)) ;
#1524=CARTESIAN_POINT('Vertex',(91.,49.8,-6.)) ;
#1527=CARTESIAN_POINT('Axis2P3D Location',(91.,49.8,-8.3)) ;
#1539=CARTESIAN_POINT('Line Origine',(91.,50.,-6.)) ;
#1551=CARTESIAN_POINT('Line Origine',(-59.8,73.5,-10.6)) ;
#1555=CARTESIAN_POINT('Vertex',(-59.8,72.,-10.6)) ;
#1558=CARTESIAN_POINT('Line Origine',(-60.2,73.5,-10.6)) ;
#1562=CARTESIAN_POINT('Vertex',(-60.2,72.,-10.6)) ;
#1565=CARTESIAN_POINT('Line Origine',(-60.,72.,-10.6)) ;
#1577=CARTESIAN_POINT('Line Origine',(-59.8,0.,-6.)) ;
#1581=CARTESIAN_POINT('Vertex',(-59.8,72.,-6.)) ;
#1584=CARTESIAN_POINT('Axis2P3D Location',(-59.8,72.,-8.3)) ;
#1596=CARTESIAN_POINT('Line Origine',(-60.2,73.5,-6.)) ;
#1600=CARTESIAN_POINT('Vertex',(-60.2,72.,-6.)) ;
#1603=CARTESIAN_POINT('Line Origine',(-60.,72.,-6.)) ;
#1615=CARTESIAN_POINT('Axis2P3D Location',(-60.2,72.,-8.3)) ;
#1627=CARTESIAN_POINT('Line Origine',(0.2,73.5,-10.6)) ;
#1631=CARTESIAN_POINT('Vertex',(0.2,72.,-10.6)) ;
#1634=CARTESIAN_POINT('Line Origine',(-0.2,73.5,-10.6)) ;
#1638=CARTESIAN_POINT('Vertex',(-0.2,72.,-10.6)) ;
#1641=CARTESIAN_POINT('Line Origine',(3.5527136788E-15,72.,-10.6)) ;
#1653=CARTESIAN_POINT('Line Origine',(0.2,0.,-6.)) ;
#1657=CARTESIAN_POINT('Vertex',(0.2,72.,-6.)) ;
#1660=CARTESIAN_POINT('Axis2P3D Location',(0.2,72.,-8.3)) ;
#1672=CARTESIAN_POINT('Line Origine',(-0.2,73.5,-6.)) ;
#1676=CARTESIAN_POINT('Vertex',(-0.2,72.,-6.)) ;
#1679=CARTESIAN_POINT('Line Origine',(7.1054273576E-15,72.,-6.)) ;
#1691=CARTESIAN_POINT('Axis2P3D Location',(-0.2,72.,-8.3)) ;
#1703=CARTESIAN_POINT('Line Origine',(60.2,73.5,-10.6)) ;
#1707=CARTESIAN_POINT('Vertex',(60.2,72.,-10.6)) ;
#1710=CARTESIAN_POINT('Line Origine',(59.8,73.5,-10.6)) ;
#1714=CARTESIAN_POINT('Vertex',(59.8,72.,-10.6)) ;
#1717=CARTESIAN_POINT('Line Origine',(60.,72.,-10.6)) ;
#1729=CARTESIAN_POINT('Line Origine',(60.2,0.,-6.)) ;
#1733=CARTESIAN_POINT('Vertex',(60.2,72.,-6.)) ;
#1736=CARTESIAN_POINT('Axis2P3D Location',(60.2,72.,-8.3)) ;
#1748=CARTESIAN_POINT('Line Origine',(59.8,73.5,-6.)) ;
#1752=CARTESIAN_POINT('Vertex',(59.8,72.,-6.)) ;
#1755=CARTESIAN_POINT('Line Origine',(60.,72.,-6.)) ;
#1767=CARTESIAN_POINT('Axis2P3D Location',(59.8,72.,-8.3)) ;
#1779=CARTESIAN_POINT('Line Origine',(-91.,-50.,-6.)) ;
#1783=CARTESIAN_POINT('Vertex',(-91.,-49.8,-6.)) ;
#1785=CARTESIAN_POINT('Vertex',(-91.,-50.2,-6.)) ;
#1788=CARTESIAN_POINT('Line Origine',(-92.5,-50.2,-6.)) ;
#1793=CARTESIAN_POINT('Line Origine',(-92.5,-49.8,-6.)) ;
#1805=CARTESIAN_POINT('Axis2P3D Location',(-91.,-50.2,-8.3)) ;
#1809=CARTESIAN_POINT('Vertex',(-91.,-50.2,-10.6)) ;
#1812=CARTESIAN_POINT('Line Origine',(0.,-50.2,-10.6)) ;
#1824=CARTESIAN_POINT('Line Origine',(-91.,-50.,-10.6)) ;
#1828=CARTESIAN_POINT('Vertex',(-91.,-49.8,-10.6)) ;
#1831=CARTESIAN_POINT('Line Origine',(-92.5,-49.8,-10.6)) ;
#1843=CARTESIAN_POINT('Axis2P3D Location',(-91.,-49.8,-8.3)) ;
#1855=CARTESIAN_POINT('Line Origine',(-91.,50.,-6.)) ;
#1859=CARTESIAN_POINT('Vertex',(-91.,50.2,-6.)) ;
#1861=CARTESIAN_POINT('Vertex',(-91.,49.8,-6.)) ;
#1864=CARTESIAN_POINT('Line Origine',(-92.5,49.8,-6.)) ;
#1869=CARTESIAN_POINT('Line Origine',(-92.5,50.2,-6.)) ;
#1881=CARTESIAN_POINT('Axis2P3D Location',(-91.,49.8,-8.3)) ;
#1885=CARTESIAN_POINT('Vertex',(-91.,49.8,-10.6)) ;
#1888=CARTESIAN_POINT('Line Origine',(0.,49.8,-10.6)) ;
#1900=CARTESIAN_POINT('Line Origine',(-91.,50.,-10.6)) ;
#1904=CARTESIAN_POINT('Vertex',(-91.,50.2,-10.6)) ;
#1907=CARTESIAN_POINT('Line Origine',(-92.5,50.2,-10.6)) ;
#1919=CARTESIAN_POINT('Axis2P3D Location',(-91.,50.2,-8.3)) ;
#1935=CARTESIAN_POINT('Axis2P3D Location',(-13.,22.,4.)) ;
#1939=CARTESIAN_POINT('Vertex',(-21.2,22.,4.)) ;
#1941=CARTESIAN_POINT('Vertex',(-4.8,22.,4.)) ;
#1944=CARTESIAN_POINT('Axis2P3D Location',(-13.,22.,4.)) ;
#1958=CARTESIAN_POINT('Axis2P3D Location',(13.,22.,4.)) ;
#1962=CARTESIAN_POINT('Vertex',(4.8,22.,4.)) ;
#1964=CARTESIAN_POINT('Vertex',(21.2,22.,4.)) ;
#1967=CARTESIAN_POINT('Axis2P3D Location',(13.,22.,4.)) ;
#1981=CARTESIAN_POINT('Axis2P3D Location',(39.,22.,4.)) ;
#1985=CARTESIAN_POINT('Vertex',(30.8,22.,4.)) ;
#1987=CARTESIAN_POINT('Vertex',(47.2,22.,4.)) ;
#1990=CARTESIAN_POINT('Axis2P3D Location',(39.,22.,4.)) ;
#2004=CARTESIAN_POINT('Axis2P3D Location',(-48.,-17.,4.)) ;
#2008=CARTESIAN_POINT('Vertex',(-54.9,-17.,4.)) ;
#2010=CARTESIAN_POINT('Vertex',(-41.1,-17.,4.)) ;
#2013=CARTESIAN_POINT('Axis2P3D Location',(-48.,-17.,4.)) ;
#2027=CARTESIAN_POINT('Axis2P3D Location',(32.,-17.,4.)) ;
#2031=CARTESIAN_POINT('Vertex',(20.8,-17.,4.)) ;
#2033=CARTESIAN_POINT('Vertex',(43.2,-17.,4.)) ;
#2036=CARTESIAN_POINT('Axis2P3D Location',(32.,-17.,4.)) ;
#2046=CARTESIAN_POINT('Axis2P3D Location',(-84.,-65.,-6.15)) ;
#2051=CARTESIAN_POINT('Line Origine',(-91.,-65.,-6.15)) ;
#2055=CARTESIAN_POINT('Vertex',(-91.,-65.,0.)) ;
#2058=CARTESIAN_POINT('Axis2P3D Location',(-84.,-65.,0.)) ;
#2062=CARTESIAN_POINT('Vertex',(-84.,-72.,0.)) ;
#2065=CARTESIAN_POINT('Line Origine',(-84.,-72.,-6.15)) ;
#2077=CARTESIAN_POINT('Axis2P3D Location',(-91.,65.,0.)) ;
#2082=CARTESIAN_POINT('Line Origine',(-91.,65.,-6.15)) ;
#2086=CARTESIAN_POINT('Vertex',(-91.,65.,0.)) ;
#2089=CARTESIAN_POINT('Line Origine',(-91.,0.,0.)) ;
#2113=CARTESIAN_POINT('Axis2P3D Location',(-84.,65.,-6.15)) ;
#2118=CARTESIAN_POINT('Line Origine',(-84.,72.,-6.15)) ;
#2122=CARTESIAN_POINT('Vertex',(-84.,72.,0.)) ;
#2125=CARTESIAN_POINT('Axis2P3D Location',(-84.,65.,0.)) ;
#2137=CARTESIAN_POINT('Axis2P3D Location',(84.,72.,0.)) ;
#2142=CARTESIAN_POINT('Line Origine',(84.,72.,-6.15)) ;
#2146=CARTESIAN_POINT('Vertex',(84.,72.,0.)) ;
#2149=CARTESIAN_POINT('Line Origine',(0.,72.,0.)) ;
#2179=CARTESIAN_POINT('Axis2P3D Location',(84.,65.,-6.15)) ;
#2184=CARTESIAN_POINT('Line Origine',(91.,65.,-6.15)) ;
#2188=CARTESIAN_POINT('Vertex',(91.,65.,0.)) ;
#2191=CARTESIAN_POINT('Axis2P3D Location',(84.,65.,0.)) ;
#2203=CARTESIAN_POINT('Axis2P3D Location',(91.,-65.,0.)) ;
#2208=CARTESIAN_POINT('Line Origine',(91.,-65.,-6.15)) ;
#2212=CARTESIAN_POINT('Vertex',(91.,-65.,0.)) ;
#2215=CARTESIAN_POINT('Line Origine',(91.,0.,0.)) ;
#2239=CARTESIAN_POINT('Axis2P3D Location',(84.,-65.,-6.15)) ;
#2244=CARTESIAN_POINT('Line Origine',(84.,-72.,-6.15)) ;
#2248=CARTESIAN_POINT('Vertex',(84.,-72.,0.)) ;
#2251=CARTESIAN_POINT('Axis2P3D Location',(84.,-65.,0.)) ;
#2263=CARTESIAN_POINT('Axis2P3D Location',(-84.,-72.,0.)) ;
#2268=CARTESIAN_POINT('Line Origine',(0.,-72.,0.)) ;
#2298=CARTESIAN_POINT('Axis2P3D Location',(0.,0.,0.)) ;
#2313=CARTESIAN_POINT('Axis2P3D Location',(-64.6,-48.6,0.)) ;
#2317=CARTESIAN_POINT('Vertex',(-70.,-48.6,0.)) ;
#2319=CARTESIAN_POINT('Vertex',(-64.6,-54.,0.)) ;
#2322=CARTESIAN_POINT('Line Origine',(0.,-54.,0.)) ;
#2326=CARTESIAN_POINT('Vertex',(64.6,-54.,0.)) ;
#2329=CARTESIAN_POINT('Axis2P3D Location',(64.6,-48.6,0.)) ;
#2333=CARTESIAN_POINT('Vertex',(70.,-48.6,0.)) ;
#2336=CARTESIAN_POINT('Line Origine',(70.,0.,0.)) ;
#2340=CARTESIAN_POINT('Vertex',(70.,48.6,0.)) ;
#2343=CARTESIAN_POINT('Axis2P3D Location',(64.6,48.6,0.)) ;
#2347=CARTESIAN_POINT('Vertex',(64.6,54.,0.)) ;
#2350=CARTESIAN_POINT('Line Origine',(0.,54.,0.)) ;
#2354=CARTESIAN_POINT('Vertex',(-64.6,54.,0.)) ;
#2357=CARTESIAN_POINT('Axis2P3D Location',(-64.6,48.6,0.)) ;
#2361=CARTESIAN_POINT('Vertex',(-70.,48.6,0.)) ;
#2364=CARTESIAN_POINT('Line Origine',(-70.,0.,0.)) ;
#2380=CARTESIAN_POINT('Axis2P3D Location',(-70.,48.6,0.)) ;
#2385=CARTESIAN_POINT('Line Origine',(-70.,0.,-2.5)) ;
#2389=CARTESIAN_POINT('Vertex',(-70.,48.6,-2.5)) ;
#2391=CARTESIAN_POINT('Vertex',(-70.,-48.6,-2.5)) ;
#2394=CARTESIAN_POINT('Line Origine',(-70.,-48.6,-1.25)) ;
#2399=CARTESIAN_POINT('Line Origine',(-70.,48.6,-1.25)) ;
#2411=CARTESIAN_POINT('Axis2P3D Location',(-64.6,48.6,-1.25)) ;
#2416=CARTESIAN_POINT('Axis2P3D Location',(-64.6,48.6,-2.5)) ;
#2420=CARTESIAN_POINT('Vertex',(-64.6,54.,-2.5)) ;
#2423=CARTESIAN_POINT('Line Origine',(-64.6,54.,-1.25)) ;
#2435=CARTESIAN_POINT('Axis2P3D Location',(64.6,54.,0.)) ;
#2440=CARTESIAN_POINT('Line Origine',(0.,54.,-2.5)) ;
#2444=CARTESIAN_POINT('Vertex',(64.6,54.,-2.5)) ;
#2447=CARTESIAN_POINT('Line Origine',(64.6,54.,-1.25)) ;
#2459=CARTESIAN_POINT('Axis2P3D Location',(64.6,48.6,-1.25)) ;
#2464=CARTESIAN_POINT('Axis2P3D Location',(64.6,48.6,-2.5)) ;
#2468=CARTESIAN_POINT('Vertex',(70.,48.6,-2.5)) ;
#2471=CARTESIAN_POINT('Line Origine',(70.,48.6,-1.25)) ;
#2483=CARTESIAN_POINT('Axis2P3D Location',(70.,-48.6,0.)) ;
#2488=CARTESIAN_POINT('Line Origine',(70.,0.,-2.5)) ;
#2492=CARTESIAN_POINT('Vertex',(70.,-48.6,-2.5)) ;
#2495=CARTESIAN_POINT('Line Origine',(70.,-48.6,-1.25)) ;
#2507=CARTESIAN_POINT('Axis2P3D Location',(64.6,-48.6,-1.25)) ;
#2512=CARTESIAN_POINT('Axis2P3D Location',(64.6,-48.6,-2.5)) ;
#2516=CARTESIAN_POINT('Vertex',(64.6,-54.,-2.5)) ;
#2519=CARTESIAN_POINT('Line Origine',(64.6,-54.,-1.25)) ;
#2531=CARTESIAN_POINT('Axis2P3D Location',(-64.6,-54.,0.)) ;
#2536=CARTESIAN_POINT('Line Origine',(0.,-54.,-2.5)) ;
#2540=CARTESIAN_POINT('Vertex',(-64.6,-54.,-2.5)) ;
#2543=CARTESIAN_POINT('Line Origine',(-64.6,-54.,-1.25)) ;
#2555=CARTESIAN_POINT('Axis2P3D Location',(-64.6,-48.6,-1.25)) ;
#2560=CARTESIAN_POINT('Axis2P3D Location',(-64.6,-48.6,-2.5)) ;
#2572=CARTESIAN_POINT('Axis2P3D Location',(0.,0.,-2.5)) ;
#2587=CARTESIAN_POINT('Line Origine',(0.,-51.5,-2.5)) ;
#2591=CARTESIAN_POINT('Vertex',(-64.6,-51.5,-2.5)) ;
#2593=CARTESIAN_POINT('Vertex',(64.6,-51.5,-2.5)) ;
#2596=CARTESIAN_POINT('Axis2P3D Location',(64.6,-48.6,-2.5)) ;
#2600=CARTESIAN_POINT('Vertex',(67.5,-48.6,-2.5)) ;
#2603=CARTESIAN_POINT('Line Origine',(67.5,0.,-2.5)) ;
#2607=CARTESIAN_POINT('Vertex',(67.5,48.6,-2.5)) ;
#2610=CARTESIAN_POINT('Axis2P3D Location',(64.6,48.6,-2.5)) ;
#2614=CARTESIAN_POINT('Vertex',(64.6,51.5,-2.5)) ;
#2617=CARTESIAN_POINT('Line Origine',(0.,51.5,-2.5)) ;
#2621=CARTESIAN_POINT('Vertex',(-64.6,51.5,-2.5)) ;
#2624=CARTESIAN_POINT('Axis2P3D Location',(-64.6,48.6,-2.5)) ;
#2628=CARTESIAN_POINT('Vertex',(-67.5,48.6,-2.5)) ;
#2631=CARTESIAN_POINT('Line Origine',(-67.5,0.,-2.5)) ;
#2635=CARTESIAN_POINT('Vertex',(-67.5,-48.6,-2.5)) ;
#2638=CARTESIAN_POINT('Axis2P3D Location',(-64.6,-48.6,-2.5)) ;
#2654=CARTESIAN_POINT('Axis2P3D Location',(-64.6,-48.6,-1.25)) ;
#2659=CARTESIAN_POINT('Line Origine',(-67.5,-48.6,-1.25)) ;
#2663=CARTESIAN_POINT('Vertex',(-67.5,-48.6,0.)) ;
#2666=CARTESIAN_POINT('Axis2P3D Location',(-64.6,-48.6,0.)) ;
#2670=CARTESIAN_POINT('Vertex',(-64.6,-51.5,0.)) ;
#2673=CARTESIAN_POINT('Line Origine',(-64.6,-51.5,-1.25)) ;
#2685=CARTESIAN_POINT('Axis2P3D Location',(-67.5,48.6,0.)) ;
#2690=CARTESIAN_POINT('Line Origine',(-67.5,48.6,-1.25)) ;
#2694=CARTESIAN_POINT('Vertex',(-67.5,48.6,0.)) ;
#2697=CARTESIAN_POINT('Line Origine',(-67.5,0.,0.)) ;
#2709=CARTESIAN_POINT('Axis2P3D Location',(-64.6,48.6,-1.25)) ;
#2714=CARTESIAN_POINT('Line Origine',(-64.6,51.5,-1.25)) ;
#2718=CARTESIAN_POINT('Vertex',(-64.6,51.5,0.)) ;
#2721=CARTESIAN_POINT('Axis2P3D Location',(-64.6,48.6,0.)) ;
#2733=CARTESIAN_POINT('Axis2P3D Location',(64.6,51.5,0.)) ;
#2738=CARTESIAN_POINT('Line Origine',(64.6,51.5,-1.25)) ;
#2742=CARTESIAN_POINT('Vertex',(64.6,51.5,0.)) ;
#2745=CARTESIAN_POINT('Line Origine',(0.,51.5,0.)) ;
#2757=CARTESIAN_POINT('Axis2P3D Location',(64.6,48.6,-1.25)) ;
#2762=CARTESIAN_POINT('Line Origine',(67.5,48.6,-1.25)) ;
#2766=CARTESIAN_POINT('Vertex',(67.5,48.6,0.)) ;
#2769=CARTESIAN_POINT('Axis2P3D Location',(64.6,48.6,0.)) ;
#2781=CARTESIAN_POINT('Axis2P3D Location',(67.5,-48.6,0.)) ;
#2786=CARTESIAN_POINT('Line Origine',(67.5,-48.6,-1.25)) ;
#2790=CARTESIAN_POINT('Vertex',(67.5,-48.6,0.)) ;
#2793=CARTESIAN_POINT('Line Origine',(67.5,0.,0.)) ;
#2805=CARTESIAN_POINT('Axis2P3D Location',(64.6,-48.6,-1.25)) ;
#2810=CARTESIAN_POINT('Line Origine',(64.6,-51.5,-1.25)) ;
#2814=CARTESIAN_POINT('Vertex',(64.6,-51.5,0.)) ;
#2817=CARTESIAN_POINT('Axis2P3D Location',(64.6,-48.6,0.)) ;
#2829=CARTESIAN_POINT('Axis2P3D Location',(-64.6,-51.5,0.)) ;
#2834=CARTESIAN_POINT('Line Origine',(0.,-51.5,0.)) ;
#2856=CARTESIAN_POINT('Axis2P3D Location',(-48.,-17.,0.)) ;
#2860=CARTESIAN_POINT('Vertex',(-59.,-17.,0.)) ;
#2862=CARTESIAN_POINT('Vertex',(-37.,-17.,0.)) ;
#2865=CARTESIAN_POINT('Axis2P3D Location',(-48.,-17.,0.)) ;
#2874=CARTESIAN_POINT('Axis2P3D Location',(-39.,22.,0.)) ;
#2878=CARTESIAN_POINT('Vertex',(-47.2,22.,0.)) ;
#2880=CARTESIAN_POINT('Vertex',(-30.8,22.,0.)) ;
#2883=CARTESIAN_POINT('Axis2P3D Location',(-39.,22.,0.)) ;
#2892=CARTESIAN_POINT('Axis2P3D Location',(-13.,22.,0.)) ;
#2896=CARTESIAN_POINT('Vertex',(-21.2,22.,0.)) ;
#2898=CARTESIAN_POINT('Vertex',(-4.8,22.,0.)) ;
#2901=CARTESIAN_POINT('Axis2P3D Location',(-13.,22.,0.)) ;
#2910=CARTESIAN_POINT('Axis2P3D Location',(13.,22.,0.)) ;
#2914=CARTESIAN_POINT('Vertex',(4.8,22.,0.)) ;
#2916=CARTESIAN_POINT('Vertex',(21.2,22.,0.)) ;
#2919=CARTESIAN_POINT('Axis2P3D Location',(13.,22.,0.)) ;
#2928=CARTESIAN_POINT('Axis2P3D Location',(39.,22.,0.)) ;
#2932=CARTESIAN_POINT('Vertex',(30.8,22.,0.)) ;
#2934=CARTESIAN_POINT('Vertex',(47.2,22.,0.)) ;
#2937=CARTESIAN_POINT('Axis2P3D Location',(39.,22.,0.)) ;
#2946=CARTESIAN_POINT('Axis2P3D Location',(32.,-17.,0.)) ;
#2950=CARTESIAN_POINT('Vertex',(20.8,-17.,0.)) ;
#2952=CARTESIAN_POINT('Vertex',(43.2,-17.,0.)) ;
#2955=CARTESIAN_POINT('Axis2P3D Location',(32.,-17.,0.)) ;
#2965=CARTESIAN_POINT('Axis2P3D Location',(-48.,-17.,0.1)) ;
#2970=CARTESIAN_POINT('Axis2P3D Location',(-48.,-17.,0.2)) ;
#2974=CARTESIAN_POINT('Vertex',(-37.,-17.,0.2)) ;
#2976=CARTESIAN_POINT('Vertex',(-59.,-17.,0.2)) ;
#2979=CARTESIAN_POINT('Line Origine',(-59.,-17.,0.1)) ;
#2984=CARTESIAN_POINT('Line Origine',(-37.,-17.,0.1)) ;
#2996=CARTESIAN_POINT('Axis2P3D Location',(-48.,-17.,0.2)) ;
#3008=CARTESIAN_POINT('Axis2P3D Location',(0.,0.,0.2)) ;
#3017=CARTESIAN_POINT('Axis2P3D Location',(-48.,-17.,0.2)) ;
#3021=CARTESIAN_POINT('Vertex',(-54.9,-17.,0.2)) ;
#3023=CARTESIAN_POINT('Vertex',(-41.1,-17.,0.2)) ;
#3026=CARTESIAN_POINT('Axis2P3D Location',(-48.,-17.,0.2)) ;
#3036=CARTESIAN_POINT('Axis2P3D Location',(32.,-17.,3.6)) ;
#3041=CARTESIAN_POINT('Line Origine',(43.2,-17.,2.)) ;
#3045=CARTESIAN_POINT('Vertex',(43.2,-17.,3.2)) ;
#3048=CARTESIAN_POINT('Line Origine',(20.8,-17.,2.)) ;
#3052=CARTESIAN_POINT('Vertex',(20.8,-17.,3.2)) ;
#3055=CARTESIAN_POINT('Line Origine',(20.8,-17.,2.)) ;
#3060=CARTESIAN_POINT('Line Origine',(43.2,-17.,2.)) ;
#3083=CARTESIAN_POINT('Axis2P3D Location',(-48.,-17.,3.6)) ;
#3088=CARTESIAN_POINT('Line Origine',(-41.1,-17.,2.)) ;
#3092=CARTESIAN_POINT('Vertex',(-41.1,-17.,3.2)) ;
#3095=CARTESIAN_POINT('Line Origine',(-41.1,-17.,2.)) ;
#3100=CARTESIAN_POINT('Line Origine',(-54.9,-17.,2.)) ;
#3104=CARTESIAN_POINT('Vertex',(-54.9,-17.,3.2)) ;
#3107=CARTESIAN_POINT('Line Origine',(-54.9,-17.,2.)) ;
#3130=CARTESIAN_POINT('Axis2P3D Location',(39.,22.,3.6)) ;
#3135=CARTESIAN_POINT('Line Origine',(47.2,22.,2.)) ;
#3139=CARTESIAN_POINT('Vertex',(47.2,22.,3.2)) ;
#3142=CARTESIAN_POINT('Line Origine',(30.8,22.,2.)) ;
#3146=CARTESIAN_POINT('Vertex',(30.8,22.,3.2)) ;
#3149=CARTESIAN_POINT('Line Origine',(30.8,22.,2.)) ;
#3154=CARTESIAN_POINT('Line Origine',(47.2,22.,2.)) ;
#3177=CARTESIAN_POINT('Axis2P3D Location',(13.,22.,3.6)) ;
#3182=CARTESIAN_POINT('Line Origine',(21.2,22.,2.)) ;
#3186=CARTESIAN_POINT('Vertex',(21.2,22.,3.2)) ;
#3189=CARTESIAN_POINT('Line Origine',(4.8,22.,2.)) ;
#3193=CARTESIAN_POINT('Vertex',(4.8,22.,3.2)) ;
#3196=CARTESIAN_POINT('Line Origine',(4.8,22.,2.)) ;
#3201=CARTESIAN_POINT('Line Origine',(21.2,22.,2.)) ;
#3224=CARTESIAN_POINT('Axis2P3D Location',(-13.,22.,3.6)) ;
#3229=CARTESIAN_POINT('Line Origine',(-4.8,22.,2.)) ;
#3233=CARTESIAN_POINT('Vertex',(-4.8,22.,3.2)) ;
#3236=CARTESIAN_POINT('Line Origine',(-21.2,22.,2.)) ;
#3240=CARTESIAN_POINT('Vertex',(-21.2,22.,3.2)) ;
#3243=CARTESIAN_POINT('Line Origine',(-21.2,22.,2.)) ;
#3248=CARTESIAN_POINT('Line Origine',(-4.8,22.,2.)) ;
#3271=CARTESIAN_POINT('Axis2P3D Location',(-39.,22.,3.6)) ;
#3276=CARTESIAN_POINT('Line Origine',(-30.8,22.,2.)) ;
#3280=CARTESIAN_POINT('Vertex',(-30.8,22.,3.2)) ;
#3283=CARTESIAN_POINT('Line Origine',(-47.2,22.,2.)) ;
#3287=CARTESIAN_POINT('Vertex',(-47.2,22.,3.2)) ;
#3290=CARTESIAN_POINT('Line Origine',(-47.2,22.,2.)) ;
#3295=CARTESIAN_POINT('Line Origine',(-30.8,22.,2.)) ;
#8=PRODUCT_RELATED_PRODUCT_CATEGORY('part',$,(#5)) ;
#15=UNCERTAINTY_MEASURE_WITH_UNIT(LENGTH_MEASURE(0.005),#12,'distance_accuracy_value','CONFUSED CURVE UNCERTAINTY') ;
#29=STYLED_ITEM(' ',(#28),#21) ;
#28=PRESENTATION_STYLE_ASSIGNMENT((#27)) ;
#27=SURFACE_STYLE_USAGE(.BOTH.,#26) ;
#26=SURFACE_SIDE_STYLE(' ',(#25)) ;
#25=SURFACE_STYLE_FILL_AREA(#24) ;
#24=FILL_AREA_STYLE(' ',(#23)) ;
#23=FILL_AREA_STYLE_COLOUR(' ',#22) ;
#38=VECTOR('Line Direction',#37,1.) ;
#54=VECTOR('Line Direction',#53,1.) ;
#95=VECTOR('Line Direction',#94,1.) ;
#111=VECTOR('Line Direction',#110,1.) ;
#125=VECTOR('Line Direction',#124,1.) ;
#139=VECTOR('Line Direction',#138,1.) ;
#289=VECTOR('Line Direction',#288,1.) ;
#298=VECTOR('Line Direction',#297,1.) ;
#303=VECTOR('Line Direction',#302,1.) ;
#323=VECTOR('Line Direction',#322,1.) ;
#337=VECTOR('Line Direction',#336,1.) ;
#357=VECTOR('Line Direction',#356,1.) ;
#371=VECTOR('Line Direction',#370,1.) ;
#391=VECTOR('Line Direction',#390,1.) ;
#405=VECTOR('Line Direction',#404,1.) ;
#429=VECTOR('Line Direction',#428,1.) ;
#446=VECTOR('Line Direction',#445,1.) ;
#453=VECTOR('Line Direction',#452,1.) ;
#473=VECTOR('Line Direction',#472,1.) ;
#487=VECTOR('Line Direction',#486,1.) ;
#507=VECTOR('Line Direction',#506,1.) ;
#521=VECTOR('Line Direction',#520,1.) ;
#545=VECTOR('Line Direction',#544,1.) ;
#562=VECTOR('Line Direction',#561,1.) ;
#569=VECTOR('Line Direction',#568,1.) ;
#580=VECTOR('Line Direction',#579,1.) ;
#596=VECTOR('Line Direction',#595,1.) ;
#614=VECTOR('Line Direction',#613,1.) ;
#630=VECTOR('Line Direction',#629,1.) ;
#648=VECTOR('Line Direction',#647,1.) ;
#664=VECTOR('Line Direction',#663,1.) ;
#695=VECTOR('Line Direction',#694,1.) ;
#712=VECTOR('Line Direction',#711,1.) ;
#719=VECTOR('Line Direction',#718,1.) ;
#730=VECTOR('Line Direction',#729,1.) ;
#746=VECTOR('Line Direction',#745,1.) ;
#764=VECTOR('Line Direction',#763,1.) ;
#780=VECTOR('Line Direction',#779,1.) ;
#821=VECTOR('Line Direction',#820,1.) ;
#828=VECTOR('Line Direction',#827,1.) ;
#864=VECTOR('Line Direction',#863,1.) ;
#871=VECTOR('Line Direction',#870,1.) ;
#907=VECTOR('Line Direction',#906,1.) ;
#914=VECTOR('Line Direction',#913,1.) ;
#950=VECTOR('Line Direction',#949,1.) ;
#957=VECTOR('Line Direction',#956,1.) ;
#993=VECTOR('Line Direction',#992,1.) ;
#1000=VECTOR('Line Direction',#999,1.) ;
#1046=VECTOR('Line Direction',#1045,1.) ;
#1062=VECTOR('Line Direction',#1061,1.) ;
#1076=VECTOR('Line Direction',#1075,1.) ;
#1090=VECTOR('Line Direction',#1089,1.) ;
#1127=VECTOR('Line Direction',#1126,1.) ;
#1132=VECTOR('Line Direction',#1131,1.) ;
#1149=VECTOR('Line Direction',#1148,1.) ;
#1156=VECTOR('Line Direction',#1155,1.) ;
#1180=VECTOR('Line Direction',#1179,1.) ;
#1197=VECTOR('Line Direction',#1196,1.) ;
#1223=VECTOR('Line Direction',#1222,1.) ;
#1228=VECTOR('Line Direction',#1227,1.) ;
#1240=VECTOR('Line Direction',#1239,1.) ;
#1247=VECTOR('Line Direction',#1246,1.) ;
#1271=VECTOR('Line Direction',#1270,1.) ;
#1283=VECTOR('Line Direction',#1282,1.) ;
#1309=VECTOR('Line Direction',#1308,1.) ;
#1314=VECTOR('Line Direction',#1313,1.) ;
#1326=VECTOR('Line Direction',#1325,1.) ;
#1333=VECTOR('Line Direction',#1332,1.) ;
#1357=VECTOR('Line Direction',#1356,1.) ;
#1369=VECTOR('Line Direction',#1368,1.) ;
#1386=VECTOR('Line Direction',#1385,1.) ;
#1393=VECTOR('Line Direction',#1392,1.) ;
#1412=VECTOR('Line Direction',#1411,1.) ;
#1419=VECTOR('Line Direction',#1418,1.) ;
#1436=VECTOR('Line Direction',#1435,1.) ;
#1455=VECTOR('Line Direction',#1454,1.) ;
#1472=VECTOR('Line Direction',#1471,1.) ;
#1479=VECTOR('Line Direction',#1478,1.) ;
#1498=VECTOR('Line Direction',#1497,1.) ;
#1505=VECTOR('Line Direction',#1504,1.) ;
#1522=VECTOR('Line Direction',#1521,1.) ;
#1541=VECTOR('Line Direction',#1540,1.) ;
#1553=VECTOR('Line Direction',#1552,1.) ;
#1560=VECTOR('Line Direction',#1559,1.) ;
#1567=VECTOR('Line Direction',#1566,1.) ;
#1579=VECTOR('Line Direction',#1578,1.) ;
#1598=VECTOR('Line Direction',#1597,1.) ;
#1605=VECTOR('Line Direction',#1604,1.) ;
#1629=VECTOR('Line Direction',#1628,1.) ;
#1636=VECTOR('Line Direction',#1635,1.) ;
#1643=VECTOR('Line Direction',#1642,1.) ;
#1655=VECTOR('Line Direction',#1654,1.) ;
#1674=VECTOR('Line Direction',#1673,1.) ;
#1681=VECTOR('Line Direction',#1680,1.) ;
#1705=VECTOR('Line Direction',#1704,1.) ;
#1712=VECTOR('Line Direction',#1711,1.) ;
#1719=VECTOR('Line Direction',#1718,1.) ;
#1731=VECTOR('Line Direction',#1730,1.) ;
#1750=VECTOR('Line Direction',#1749,1.) ;
#1757=VECTOR('Line Direction',#1756,1.) ;
#1781=VECTOR('Line Direction',#1780,1.) ;
#1790=VECTOR('Line Direction',#1789,1.) ;
#1795=VECTOR('Line Direction',#1794,1.) ;
#1814=VECTOR('Line Direction',#1813,1.) ;
#1826=VECTOR('Line Direction',#1825,1.) ;
#1833=VECTOR('Line Direction',#1832,1.) ;
#1857=VECTOR('Line Direction',#1856,1.) ;
#1866=VECTOR('Line Direction',#1865,1.) ;
#1871=VECTOR('Line Direction',#1870,1.) ;
#1890=VECTOR('Line Direction',#1889,1.) ;
#1902=VECTOR('Line Direction',#1901,1.) ;
#1909=VECTOR('Line Direction',#1908,1.) ;
#2053=VECTOR('Line Direction',#2052,1.) ;
#2067=VECTOR('Line Direction',#2066,1.) ;
#2084=VECTOR('Line Direction',#2083,1.) ;
#2091=VECTOR('Line Direction',#2090,1.) ;
#2120=VECTOR('Line Direction',#2119,1.) ;
#2144=VECTOR('Line Direction',#2143,1.) ;
#2151=VECTOR('Line Direction',#2150,1.) ;
#2186=VECTOR('Line Direction',#2185,1.) ;
#2210=VECTOR('Line Direction',#2209,1.) ;
#2217=VECTOR('Line Direction',#2216,1.) ;
#2246=VECTOR('Line Direction',#2245,1.) ;
#2270=VECTOR('Line Direction',#2269,1.) ;
#2324=VECTOR('Line Direction',#2323,1.) ;
#2338=VECTOR('Line Direction',#2337,1.) ;
#2352=VECTOR('Line Direction',#2351,1.) ;
#2366=VECTOR('Line Direction',#2365,1.) ;
#2387=VECTOR('Line Direction',#2386,1.) ;
#2396=VECTOR('Line Direction',#2395,1.) ;
#2401=VECTOR('Line Direction',#2400,1.) ;
#2425=VECTOR('Line Direction',#2424,1.) ;
#2442=VECTOR('Line Direction',#2441,1.) ;
#2449=VECTOR('Line Direction',#2448,1.) ;
#2473=VECTOR('Line Direction',#2472,1.) ;
#2490=VECTOR('Line Direction',#2489,1.) ;
#2497=VECTOR('Line Direction',#2496,1.) ;
#2521=VECTOR('Line Direction',#2520,1.) ;
#2538=VECTOR('Line Direction',#2537,1.) ;
#2545=VECTOR('Line Direction',#2544,1.) ;
#2589=VECTOR('Line Direction',#2588,1.) ;
#2605=VECTOR('Line Direction',#2604,1.) ;
#2619=VECTOR('Line Direction',#2618,1.) ;
#2633=VECTOR('Line Direction',#2632,1.) ;
#2661=VECTOR('Line Direction',#2660,1.) ;
#2675=VECTOR('Line Direction',#2674,1.) ;
#2692=VECTOR('Line Direction',#2691,1.) ;
#2699=VECTOR('Line Direction',#2698,1.) ;
#2716=VECTOR('Line Direction',#2715,1.) ;
#2740=VECTOR('Line Direction',#2739,1.) ;
#2747=VECTOR('Line Direction',#2746,1.) ;
#2764=VECTOR('Line Direction',#2763,1.) ;
#2788=VECTOR('Line Direction',#2787,1.) ;
#2795=VECTOR('Line Direction',#2794,1.) ;
#2812=VECTOR('Line Direction',#2811,1.) ;
#2836=VECTOR('Line Direction',#2835,1.) ;
#2981=VECTOR('Line Direction',#2980,1.) ;
#2986=VECTOR('Line Direction',#2985,1.) ;
#3043=VECTOR('Line Direction',#3042,1.) ;
#3050=VECTOR('Line Direction',#3049,1.) ;
#3057=VECTOR('Line Direction',#3056,1.) ;
#3062=VECTOR('Line Direction',#3061,1.) ;
#3090=VECTOR('Line Direction',#3089,1.) ;
#3097=VECTOR('Line Direction',#3096,1.) ;
#3102=VECTOR('Line Direction',#3101,1.) ;
#3109=VECTOR('Line Direction',#3108,1.) ;
#3137=VECTOR('Line Direction',#3136,1.) ;
#3144=VECTOR('Line Direction',#3143,1.) ;
#3151=VECTOR('Line Direction',#3150,1.) ;
#3156=VECTOR('Line Direction',#3155,1.) ;
#3184=VECTOR('Line Direction',#3183,1.) ;
#3191=VECTOR('Line Direction',#3190,1.) ;
#3198=VECTOR('Line Direction',#3197,1.) ;
#3203=VECTOR('Line Direction',#3202,1.) ;
#3231=VECTOR('Line Direction',#3230,1.) ;
#3238=VECTOR('Line Direction',#3237,1.) ;
#3245=VECTOR('Line Direction',#3244,1.) ;
#3250=VECTOR('Line Direction',#3249,1.) ;
#3278=VECTOR('Line Direction',#3277,1.) ;
#3285=VECTOR('Line Direction',#3284,1.) ;
#3292=VECTOR('Line Direction',#3291,1.) ;
#3297=VECTOR('Line Direction',#3296,1.) ;
#32=DIRECTION('Axis2P3D Direction',(0.,0.,1.)) ;
#33=DIRECTION('Axis2P3D XDirection',(1.,0.,0.)) ;
#37=DIRECTION('Vector Direction',(0.,0.,1.)) ;
#46=DIRECTION('Axis2P3D Direction',(0.,0.,1.)) ;
#53=DIRECTION('Vector Direction',(0.,0.,1.)) ;
#60=DIRECTION('Axis2P3D Direction',(0.,0.,1.)) ;
#72=DIRECTION('Axis2P3D Direction',(0.,0.,1.)) ;
#77=DIRECTION('Axis2P3D Direction',(0.,0.,1.)) ;
#89=DIRECTION('Axis2P3D Direction',(0.,0.,1.)) ;
#90=DIRECTION('Axis2P3D XDirection',(1.,0.,0.)) ;
#94=DIRECTION('Vector Direction',(1.,0.,0.)) ;
#103=DIRECTION('Axis2P3D Direction',(0.,0.,1.)) ;
#110=DIRECTION('Vector Direction',(0.,1.,0.)) ;
#117=DIRECTION('Axis2P3D Direction',(0.,0.,1.)) ;
#124=DIRECTION('Vector Direction',(-1.,0.,0.)) ;
#131=DIRECTION('Axis2P3D Direction',(0.,0.,1.)) ;
#138=DIRECTION('Vector Direction',(0.,-1.,0.)) ;
#145=DIRECTION('Axis2P3D Direction',(0.,0.,1.)) ;
#164=DIRECTION('Axis2P3D Direction',(0.,0.,1.)) ;
#173=DIRECTION('Axis2P3D Direction',(0.,0.,1.)) ;
#182=DIRECTION('Axis2P3D Direction',(0.,0.,1.)) ;
#191=DIRECTION('Axis2P3D Direction',(0.,0.,1.)) ;
#200=DIRECTION('Axis2P3D Direction',(0.,0.,1.)) ;
#209=DIRECTION('Axis2P3D Direction',(0.,0.,1.)) ;
#218=DIRECTION('Axis2P3D Direction',(0.,0.,1.)) ;
#227=DIRECTION('Axis2P3D Direction',(0.,0.,1.)) ;
#236=DIRECTION('Axis2P3D Direction',(0.,0.,1.)) ;
#245=DIRECTION('Axis2P3D Direction',(0.,0.,1.)) ;
#255=DIRECTION('Axis2P3D Direction',(0.,0.,1.)) ;
#256=DIRECTION('Axis2P3D XDirection',(1.,0.,0.)) ;
#264=DIRECTION('Axis2P3D Direction',(0.,0.,1.)) ;
#273=DIRECTION('Axis2P3D Direction',(0.,0.,1.)) ;
#283=DIRECTION('Axis2P3D Direction',(0.,-1.,0.)) ;
#284=DIRECTION('Axis2P3D XDirection',(1.,0.,0.)) ;
#288=DIRECTION('Vector Direction',(1.,0.,0.)) ;
#297=DIRECTION('Vector Direction',(0.,0.,1.)) ;
#302=DIRECTION('Vector Direction',(0.,0.,1.)) ;
#313=DIRECTION('Axis2P3D Direction',(0.,-1.,0.)) ;
#322=DIRECTION('Vector Direction',(1.,0.,0.)) ;
#329=DIRECTION('Axis2P3D Direction',(0.,-1.,0.)) ;
#336=DIRECTION('Vector Direction',(-1.,0.,0.)) ;
#347=DIRECTION('Axis2P3D Direction',(0.,-1.,0.)) ;
#356=DIRECTION('Vector Direction',(1.,0.,0.)) ;
#363=DIRECTION('Axis2P3D Direction',(0.,-1.,0.)) ;
#370=DIRECTION('Vector Direction',(-1.,0.,0.)) ;
#381=DIRECTION('Axis2P3D Direction',(0.,-1.,0.)) ;
#390=DIRECTION('Vector Direction',(1.,0.,0.)) ;
#397=DIRECTION('Axis2P3D Direction',(0.,-1.,0.)) ;
#404=DIRECTION('Vector Direction',(-1.,0.,0.)) ;
#416=DIRECTION('Axis2P3D Direction',(0.,0.,1.)) ;
#417=DIRECTION('Axis2P3D XDirection',(1.59265981953E-15,-1.,0.)) ;
#421=DIRECTION('Axis2P3D Direction',(0.,0.,1.)) ;
#428=DIRECTION('Vector Direction',(0.,0.,1.)) ;
#440=DIRECTION('Axis2P3D Direction',(1.,0.,0.)) ;
#441=DIRECTION('Axis2P3D XDirection',(0.,1.,0.)) ;
#445=DIRECTION('Vector Direction',(0.,1.,0.)) ;
#452=DIRECTION('Vector Direction',(0.,0.,1.)) ;
#463=DIRECTION('Axis2P3D Direction',(1.,0.,0.)) ;
#472=DIRECTION('Vector Direction',(0.,-1.,0.)) ;
#479=DIRECTION('Axis2P3D Direction',(1.,0.,0.)) ;
#486=DIRECTION('Vector Direction',(0.,1.,0.)) ;
#497=DIRECTION('Axis2P3D Direction',(1.,0.,0.)) ;
#506=DIRECTION('Vector Direction',(0.,-1.,0.)) ;
#513=DIRECTION('Axis2P3D Direction',(1.,0.,0.)) ;
#520=DIRECTION('Vector Direction',(0.,1.,0.)) ;
#532=DIRECTION('Axis2P3D Direction',(0.,0.,1.)) ;
#533=DIRECTION('Axis2P3D XDirection',(1.,0.,0.)) ;
#537=DIRECTION('Axis2P3D Direction',(0.,0.,1.)) ;
#544=DIRECTION('Vector Direction',(0.,0.,1.)) ;
#556=DIRECTION('Axis2P3D Direction',(0.,1.,-0.)) ;
#557=DIRECTION('Axis2P3D XDirection',(-1.,0.,0.)) ;
#561=DIRECTION('Vector Direction',(-1.,0.,0.)) ;
#568=DIRECTION('Vector Direction',(0.,0.,1.)) ;
#579=DIRECTION('Vector Direction',(-1.,0.,0.)) ;
#588=DIRECTION('Axis2P3D Direction',(0.,1.,-0.)) ;
#595=DIRECTION('Vector Direction',(1.,0.,0.)) ;
#602=DIRECTION('Axis2P3D Direction',(0.,1.,-0.)) ;
#613=DIRECTION('Vector Direction',(-1.,0.,0.)) ;
#622=DIRECTION('Axis2P3D Direction',(0.,1.,-0.)) ;
#629=DIRECTION('Vector Direction',(1.,0.,0.)) ;
#636=DIRECTION('Axis2P3D Direction',(0.,1.,-0.)) ;
#647=DIRECTION('Vector Direction',(-1.,0.,0.)) ;
#656=DIRECTION('Axis2P3D Direction',(0.,1.,-0.)) ;
#663=DIRECTION('Vector Direction',(1.,0.,0.)) ;
#670=DIRECTION('Axis2P3D Direction',(0.,1.,-0.)) ;
#682=DIRECTION('Axis2P3D Direction',(0.,0.,1.)) ;
#683=DIRECTION('Axis2P3D XDirection',(1.39349996951E-15,1.,0.)) ;
#687=DIRECTION('Axis2P3D Direction',(0.,0.,1.)) ;
#694=DIRECTION('Vector Direction',(0.,0.,1.)) ;
#706=DIRECTION('Axis2P3D Direction',(-1.,0.,0.)) ;
#707=DIRECTION('Axis2P3D XDirection',(0.,-1.,0.)) ;
#711=DIRECTION('Vector Direction',(0.,-1.,0.)) ;
#718=DIRECTION('Vector Direction',(0.,0.,1.)) ;
#729=DIRECTION('Vector Direction',(0.,1.,0.)) ;
#738=DIRECTION('Axis2P3D Direction',(-1.,0.,0.)) ;
#745=DIRECTION('Vector Direction',(0.,-1.,0.)) ;
#752=DIRECTION('Axis2P3D Direction',(-1.,0.,0.)) ;
#763=DIRECTION('Vector Direction',(0.,1.,0.)) ;
#772=DIRECTION('Axis2P3D Direction',(-1.,0.,0.)) ;
#779=DIRECTION('Vector Direction',(0.,-1.,0.)) ;
#786=DIRECTION('Axis2P3D Direction',(-1.,0.,0.)) ;
#798=DIRECTION('Axis2P3D Direction',(0.,0.,1.)) ;
#799=DIRECTION('Axis2P3D XDirection',(-1.,2.78699993902E-15,0.)) ;
#803=DIRECTION('Axis2P3D Direction',(0.,0.,1.)) ;
#815=DIRECTION('Axis2P3D Direction',(0.,0.,1.)) ;
#816=DIRECTION('Axis2P3D XDirection',(1.,0.,0.)) ;
#820=DIRECTION('Vector Direction',(0.,0.,1.)) ;
#827=DIRECTION('Vector Direction',(0.,0.,1.)) ;
#834=DIRECTION('Axis2P3D Direction',(0.,0.,1.)) ;
#846=DIRECTION('Axis2P3D Direction',(0.,0.,1.)) ;
#858=DIRECTION('Axis2P3D Direction',(0.,0.,1.)) ;
#859=DIRECTION('Axis2P3D XDirection',(1.,0.,0.)) ;
#863=DIRECTION('Vector Direction',(0.,0.,1.)) ;
#870=DIRECTION('Vector Direction',(0.,0.,1.)) ;
#877=DIRECTION('Axis2P3D Direction',(0.,0.,1.)) ;
#889=DIRECTION('Axis2P3D Direction',(0.,0.,1.)) ;
#901=DIRECTION('Axis2P3D Direction',(0.,0.,1.)) ;
#902=DIRECTION('Axis2P3D XDirection',(1.,0.,0.)) ;
#906=DIRECTION('Vector Direction',(0.,0.,1.)) ;
#913=DIRECTION('Vector Direction',(0.,0.,1.)) ;
#920=DIRECTION('Axis2P3D Direction',(0.,0.,1.)) ;
#932=DIRECTION('Axis2P3D Direction',(0.,0.,1.)) ;
#944=DIRECTION('Axis2P3D Direction',(0.,0.,1.)) ;
#945=DIRECTION('Axis2P3D XDirection',(1.,0.,0.)) ;
#949=DIRECTION('Vector Direction',(0.,0.,1.)) ;
#956=DIRECTION('Vector Direction',(0.,0.,1.)) ;
#963=DIRECTION('Axis2P3D Direction',(0.,0.,1.)) ;
#975=DIRECTION('Axis2P3D Direction',(0.,0.,1.)) ;
#987=DIRECTION('Axis2P3D Direction',(0.,0.,1.)) ;
#988=DIRECTION('Axis2P3D XDirection',(1.,0.,0.)) ;
#992=DIRECTION('Vector Direction',(0.,0.,1.)) ;
#999=DIRECTION('Vector Direction',(0.,0.,1.)) ;
#1006=DIRECTION('Axis2P3D Direction',(0.,0.,1.)) ;
#1018=DIRECTION('Axis2P3D Direction',(0.,0.,1.)) ;
#1030=DIRECTION('Axis2P3D Direction',(0.,0.,1.)) ;
#1031=DIRECTION('Axis2P3D XDirection',(1.,0.,0.)) ;
#1045=DIRECTION('Vector Direction',(1.,0.,0.)) ;
#1054=DIRECTION('Axis2P3D Direction',(0.,0.,1.)) ;
#1061=DIRECTION('Vector Direction',(0.,1.,0.)) ;
#1068=DIRECTION('Axis2P3D Direction',(0.,0.,1.)) ;
#1075=DIRECTION('Vector Direction',(-1.,0.,0.)) ;
#1082=DIRECTION('Axis2P3D Direction',(0.,0.,1.)) ;
#1089=DIRECTION('Vector Direction',(0.,-1.,0.)) ;
#1096=DIRECTION('Axis2P3D Direction',(0.,0.,1.)) ;
#1112=DIRECTION('Axis2P3D Direction',(0.,1.,0.)) ;
#1113=DIRECTION('Axis2P3D XDirection',(3.23108914887E-15,0.,-1.)) ;
#1117=DIRECTION('Axis2P3D Direction',(0.,1.,0.)) ;
#1126=DIRECTION('Vector Direction',(0.,1.,0.)) ;
#1131=DIRECTION('Vector Direction',(0.,1.,0.)) ;
#1143=DIRECTION('Axis2P3D Direction',(0.,0.,-1.)) ;
#1144=DIRECTION('Axis2P3D XDirection',(1.,0.,0.)) ;
#1148=DIRECTION('Vector Direction',(1.,0.,0.)) ;
#1155=DIRECTION('Vector Direction',(0.,1.,0.)) ;
#1167=DIRECTION('Axis2P3D Direction',(0.,1.,0.)) ;
#1168=DIRECTION('Axis2P3D XDirection',(0.,0.,1.)) ;
#1172=DIRECTION('Axis2P3D Direction',(0.,1.,0.)) ;
#1179=DIRECTION('Vector Direction',(0.,1.,0.)) ;
#1191=DIRECTION('Axis2P3D Direction',(0.,0.,1.)) ;
#1192=DIRECTION('Axis2P3D XDirection',(-1.,0.,0.)) ;
#1196=DIRECTION('Vector Direction',(-1.,0.,0.)) ;
#1208=DIRECTION('Axis2P3D Direction',(0.,1.,0.)) ;
#1209=DIRECTION('Axis2P3D XDirection',(3.23108914887E-15,0.,-1.)) ;
#1213=DIRECTION('Axis2P3D Direction',(0.,1.,0.)) ;
#1222=DIRECTION('Vector Direction',(0.,1.,0.)) ;
#1227=DIRECTION('Vector Direction',(0.,1.,0.)) ;
#1239=DIRECTION('Vector Direction',(1.,0.,0.)) ;
#1246=DIRECTION('Vector Direction',(0.,1.,0.)) ;
#1258=DIRECTION('Axis2P3D Direction',(0.,1.,0.)) ;
#1259=DIRECTION('Axis2P3D XDirection',(0.,0.,1.)) ;
#1263=DIRECTION('Axis2P3D Direction',(0.,1.,0.)) ;
#1270=DIRECTION('Vector Direction',(0.,1.,0.)) ;
#1282=DIRECTION('Vector Direction',(-1.,0.,0.)) ;
#1294=DIRECTION('Axis2P3D Direction',(0.,1.,0.)) ;
#1295=DIRECTION('Axis2P3D XDirection',(3.23108914887E-15,0.,-1.)) ;
#1299=DIRECTION('Axis2P3D Direction',(0.,1.,0.)) ;
#1308=DIRECTION('Vector Direction',(0.,1.,0.)) ;
#1313=DIRECTION('Vector Direction',(0.,1.,0.)) ;
#1325=DIRECTION('Vector Direction',(1.,0.,0.)) ;
#1332=DIRECTION('Vector Direction',(0.,1.,0.)) ;
#1344=DIRECTION('Axis2P3D Direction',(0.,1.,0.)) ;
#1345=DIRECTION('Axis2P3D XDirection',(0.,0.,1.)) ;
#1349=DIRECTION('Axis2P3D Direction',(0.,1.,0.)) ;
#1356=DIRECTION('Vector Direction',(0.,1.,0.)) ;
#1368=DIRECTION('Vector Direction',(-1.,0.,0.)) ;
#1380=DIRECTION('Axis2P3D Direction',(1.,0.,0.)) ;
#1381=DIRECTION('Axis2P3D XDirection',(0.,3.36901665893E-15,-1.)) ;
#1385=DIRECTION('Vector Direction',(1.,0.,0.)) ;
#1392=DIRECTION('Vector Direction',(1.,0.,0.)) ;
#1399=DIRECTION('Axis2P3D Direction',(1.,0.,0.)) ;
#1411=DIRECTION('Vector Direction',(-1.,0.,0.)) ;
#1418=DIRECTION('Vector Direction',(0.,-1.,0.)) ;
#1430=DIRECTION('Axis2P3D Direction',(1.,0.,0.)) ;
#1431=DIRECTION('Axis2P3D XDirection',(0.,3.16985680891E-15,1.)) ;
#1435=DIRECTION('Vector Direction',(1.,0.,0.)) ;
#1442=DIRECTION('Axis2P3D Direction',(1.,0.,0.)) ;
#1454=DIRECTION('Vector Direction',(0.,1.,0.)) ;
#1466=DIRECTION('Axis2P3D Direction',(1.,0.,0.)) ;
#1467=DIRECTION('Axis2P3D XDirection',(0.,3.36901665893E-15,-1.)) ;
#1471=DIRECTION('Vector Direction',(1.,0.,0.)) ;
#1478=DIRECTION('Vector Direction',(1.,0.,0.)) ;
#1485=DIRECTION('Axis2P3D Direction',(1.,0.,0.)) ;
#1497=DIRECTION('Vector Direction',(-1.,0.,0.)) ;
#1504=DIRECTION('Vector Direction',(0.,-1.,0.)) ;
#1516=DIRECTION('Axis2P3D Direction',(1.,0.,0.)) ;
#1517=DIRECTION('Axis2P3D XDirection',(0.,3.16985680891E-15,1.)) ;
#1521=DIRECTION('Vector Direction',(1.,0.,0.)) ;
#1528=DIRECTION('Axis2P3D Direction',(1.,0.,0.)) ;
#1540=DIRECTION('Vector Direction',(0.,1.,0.)) ;
#1552=DIRECTION('Vector Direction',(0.,-1.,0.)) ;
#1559=DIRECTION('Vector Direction',(0.,-1.,0.)) ;
#1566=DIRECTION('Vector Direction',(-1.,0.,0.)) ;
#1578=DIRECTION('Vector Direction',(0.,1.,0.)) ;
#1585=DIRECTION('Axis2P3D Direction',(0.,1.,0.)) ;
#1597=DIRECTION('Vector Direction',(0.,-1.,0.)) ;
#1604=DIRECTION('Vector Direction',(1.,0.,0.)) ;
#1616=DIRECTION('Axis2P3D Direction',(0.,1.,0.)) ;
#1628=DIRECTION('Vector Direction',(0.,-1.,0.)) ;
#1635=DIRECTION('Vector Direction',(0.,-1.,0.)) ;
#1642=DIRECTION('Vector Direction',(-1.,0.,0.)) ;
#1654=DIRECTION('Vector Direction',(0.,1.,0.)) ;
#1661=DIRECTION('Axis2P3D Direction',(0.,1.,0.)) ;
#1673=DIRECTION('Vector Direction',(0.,-1.,0.)) ;
#1680=DIRECTION('Vector Direction',(1.,0.,0.)) ;
#1692=DIRECTION('Axis2P3D Direction',(0.,1.,0.)) ;
#1704=DIRECTION('Vector Direction',(0.,-1.,0.)) ;
#1711=DIRECTION('Vector Direction',(0.,-1.,0.)) ;
#1718=DIRECTION('Vector Direction',(-1.,0.,0.)) ;
#1730=DIRECTION('Vector Direction',(0.,1.,0.)) ;
#1737=DIRECTION('Axis2P3D Direction',(0.,1.,0.)) ;
#1749=DIRECTION('Vector Direction',(0.,-1.,0.)) ;
#1756=DIRECTION('Vector Direction',(1.,0.,0.)) ;
#1768=DIRECTION('Axis2P3D Direction',(0.,1.,0.)) ;
#1780=DIRECTION('Vector Direction',(0.,1.,0.)) ;
#1789=DIRECTION('Vector Direction',(1.,0.,0.)) ;
#1794=DIRECTION('Vector Direction',(1.,0.,0.)) ;
#1806=DIRECTION('Axis2P3D Direction',(1.,0.,0.)) ;
#1813=DIRECTION('Vector Direction',(1.,0.,0.)) ;
#1825=DIRECTION('Vector Direction',(0.,-1.,0.)) ;
#1832=DIRECTION('Vector Direction',(1.,0.,0.)) ;
#1844=DIRECTION('Axis2P3D Direction',(1.,0.,0.)) ;
#1856=DIRECTION('Vector Direction',(0.,1.,0.)) ;
#1865=DIRECTION('Vector Direction',(1.,0.,0.)) ;
#1870=DIRECTION('Vector Direction',(1.,0.,0.)) ;
#1882=DIRECTION('Axis2P3D Direction',(1.,0.,0.)) ;
#1889=DIRECTION('Vector Direction',(1.,0.,0.)) ;
#1901=DIRECTION('Vector Direction',(0.,-1.,0.)) ;
#1908=DIRECTION('Vector Direction',(1.,0.,0.)) ;
#1920=DIRECTION('Axis2P3D Direction',(1.,0.,0.)) ;
#1936=DIRECTION('Axis2P3D Direction',(0.,0.,1.)) ;
#1945=DIRECTION('Axis2P3D Direction',(0.,0.,1.)) ;
#1959=DIRECTION('Axis2P3D Direction',(0.,0.,1.)) ;
#1968=DIRECTION('Axis2P3D Direction',(0.,0.,1.)) ;
#1982=DIRECTION('Axis2P3D Direction',(0.,0.,1.)) ;
#1991=DIRECTION('Axis2P3D Direction',(0.,0.,1.)) ;
#2005=DIRECTION('Axis2P3D Direction',(0.,0.,1.)) ;
#2014=DIRECTION('Axis2P3D Direction',(0.,0.,1.)) ;
#2028=DIRECTION('Axis2P3D Direction',(0.,0.,1.)) ;
#2037=DIRECTION('Axis2P3D Direction',(0.,0.,1.)) ;
#2047=DIRECTION('Axis2P3D Direction',(0.,0.,1.)) ;
#2048=DIRECTION('Axis2P3D XDirection',(-1.,4.11926756857E-15,0.)) ;
#2052=DIRECTION('Vector Direction',(0.,0.,1.)) ;
#2059=DIRECTION('Axis2P3D Direction',(0.,0.,1.)) ;
#2066=DIRECTION('Vector Direction',(0.,0.,1.)) ;
#2078=DIRECTION('Axis2P3D Direction',(1.,0.,0.)) ;
#2079=DIRECTION('Axis2P3D XDirection',(0.,-1.,0.)) ;
#2083=DIRECTION('Vector Direction',(0.,0.,-1.)) ;
#2090=DIRECTION('Vector Direction',(0.,-1.,0.)) ;
#2114=DIRECTION('Axis2P3D Direction',(0.,0.,1.)) ;
#2115=DIRECTION('Axis2P3D XDirection',(2.05963378428E-15,1.,0.)) ;
#2119=DIRECTION('Vector Direction',(0.,0.,1.)) ;
#2126=DIRECTION('Axis2P3D Direction',(0.,0.,1.)) ;
#2138=DIRECTION('Axis2P3D Direction',(-0.,-1.,-0.)) ;
#2139=DIRECTION('Axis2P3D XDirection',(-1.,0.,0.)) ;
#2143=DIRECTION('Vector Direction',(0.,0.,-1.)) ;
#2150=DIRECTION('Vector Direction',(-1.,0.,0.)) ;
#2180=DIRECTION('Axis2P3D Direction',(0.,0.,1.)) ;
#2181=DIRECTION('Axis2P3D XDirection',(1.,0.,0.)) ;
#2185=DIRECTION('Vector Direction',(0.,0.,1.)) ;
#2192=DIRECTION('Axis2P3D Direction',(0.,0.,1.)) ;
#2204=DIRECTION('Axis2P3D Direction',(-1.,0.,0.)) ;
#2205=DIRECTION('Axis2P3D XDirection',(0.,1.,0.)) ;
#2209=DIRECTION('Vector Direction',(0.,0.,-1.)) ;
#2216=DIRECTION('Vector Direction',(0.,1.,0.)) ;
#2240=DIRECTION('Axis2P3D Direction',(0.,0.,1.)) ;
#2241=DIRECTION('Axis2P3D XDirection',(2.48083823923E-15,-1.,0.)) ;
#2245=DIRECTION('Vector Direction',(0.,0.,1.)) ;
#2252=DIRECTION('Axis2P3D Direction',(0.,0.,1.)) ;
#2264=DIRECTION('Axis2P3D Direction',(-0.,1.,0.)) ;
#2265=DIRECTION('Axis2P3D XDirection',(1.,0.,0.)) ;
#2269=DIRECTION('Vector Direction',(1.,0.,0.)) ;
#2299=DIRECTION('Axis2P3D Direction',(0.,0.,1.)) ;
#2300=DIRECTION('Axis2P3D XDirection',(1.,0.,0.)) ;
#2314=DIRECTION('Axis2P3D Direction',(0.,0.,1.)) ;
#2323=DIRECTION('Vector Direction',(1.,0.,0.)) ;
#2330=DIRECTION('Axis2P3D Direction',(0.,0.,1.)) ;
#2337=DIRECTION('Vector Direction',(0.,1.,0.)) ;
#2344=DIRECTION('Axis2P3D Direction',(0.,0.,1.)) ;
#2351=DIRECTION('Vector Direction',(-1.,0.,0.)) ;
#2358=DIRECTION('Axis2P3D Direction',(0.,0.,1.)) ;
#2365=DIRECTION('Vector Direction',(0.,-1.,0.)) ;
#2381=DIRECTION('Axis2P3D Direction',(1.,0.,0.)) ;
#2382=DIRECTION('Axis2P3D XDirection',(0.,-1.,0.)) ;
#2386=DIRECTION('Vector Direction',(0.,-1.,0.)) ;
#2395=DIRECTION('Vector Direction',(0.,0.,-1.)) ;
#2400=DIRECTION('Vector Direction',(0.,0.,-1.)) ;
#2412=DIRECTION('Axis2P3D Direction',(0.,0.,1.)) ;
#2413=DIRECTION('Axis2P3D XDirection',(2.72576759906E-15,1.,0.)) ;
#2417=DIRECTION('Axis2P3D Direction',(0.,0.,1.)) ;
#2424=DIRECTION('Vector Direction',(0.,0.,1.)) ;
#2436=DIRECTION('Axis2P3D Direction',(-0.,-1.,-0.)) ;
#2437=DIRECTION('Axis2P3D XDirection',(-1.,0.,0.)) ;
#2441=DIRECTION('Vector Direction',(-1.,0.,0.)) ;
#2448=DIRECTION('Vector Direction',(0.,0.,-1.)) ;
#2460=DIRECTION('Axis2P3D Direction',(0.,0.,1.)) ;
#2461=DIRECTION('Axis2P3D XDirection',(1.,0.,0.)) ;
#2465=DIRECTION('Axis2P3D Direction',(0.,0.,1.)) ;
#2472=DIRECTION('Vector Direction',(0.,0.,1.)) ;
#2484=DIRECTION('Axis2P3D Direction',(-1.,0.,0.)) ;
#2485=DIRECTION('Axis2P3D XDirection',(0.,1.,0.)) ;
#2489=DIRECTION('Vector Direction',(0.,1.,0.)) ;
#2496=DIRECTION('Vector Direction',(0.,0.,-1.)) ;
#2508=DIRECTION('Axis2P3D Direction',(0.,0.,1.)) ;
#2509=DIRECTION('Axis2P3D XDirection',(2.48083823923E-15,-1.,0.)) ;
#2513=DIRECTION('Axis2P3D Direction',(0.,0.,1.)) ;
#2520=DIRECTION('Vector Direction',(0.,0.,1.)) ;
#2532=DIRECTION('Axis2P3D Direction',(-0.,1.,0.)) ;
#2533=DIRECTION('Axis2P3D XDirection',(1.,0.,0.)) ;
#2537=DIRECTION('Vector Direction',(1.,0.,0.)) ;
#2544=DIRECTION('Vector Direction',(0.,0.,-1.)) ;
#2556=DIRECTION('Axis2P3D Direction',(0.,0.,1.)) ;
#2557=DIRECTION('Axis2P3D XDirection',(-1.,2.78699993902E-15,0.)) ;
#2561=DIRECTION('Axis2P3D Direction',(0.,0.,1.)) ;
#2573=DIRECTION('Axis2P3D Direction',(0.,0.,1.)) ;
#2574=DIRECTION('Axis2P3D XDirection',(1.,0.,0.)) ;
#2588=DIRECTION('Vector Direction',(1.,0.,0.)) ;
#2597=DIRECTION('Axis2P3D Direction',(0.,0.,1.)) ;
#2604=DIRECTION('Vector Direction',(0.,1.,0.)) ;
#2611=DIRECTION('Axis2P3D Direction',(0.,0.,1.)) ;
#2618=DIRECTION('Vector Direction',(-1.,0.,0.)) ;
#2625=DIRECTION('Axis2P3D Direction',(0.,0.,1.)) ;
#2632=DIRECTION('Vector Direction',(0.,-1.,0.)) ;
#2639=DIRECTION('Axis2P3D Direction',(0.,0.,1.)) ;
#2655=DIRECTION('Axis2P3D Direction',(0.,0.,1.)) ;
#2656=DIRECTION('Axis2P3D XDirection',(-1.,2.34291072917E-15,0.)) ;
#2660=DIRECTION('Vector Direction',(0.,0.,1.)) ;
#2667=DIRECTION('Axis2P3D Direction',(0.,0.,1.)) ;
#2674=DIRECTION('Vector Direction',(0.,0.,1.)) ;
#2686=DIRECTION('Axis2P3D Direction',(1.,0.,0.)) ;
#2687=DIRECTION('Axis2P3D XDirection',(0.,-1.,0.)) ;
#2691=DIRECTION('Vector Direction',(0.,0.,-1.)) ;
#2698=DIRECTION('Vector Direction',(0.,-1.,0.)) ;
#2710=DIRECTION('Axis2P3D Direction',(0.,0.,1.)) ;
#2711=DIRECTION('Axis2P3D XDirection',(6.12323399574E-17,1.,0.)) ;
#2715=DIRECTION('Vector Direction',(0.,0.,1.)) ;
#2722=DIRECTION('Axis2P3D Direction',(0.,0.,1.)) ;
#2734=DIRECTION('Axis2P3D Direction',(-0.,-1.,-0.)) ;
#2735=DIRECTION('Axis2P3D XDirection',(-1.,0.,0.)) ;
#2739=DIRECTION('Vector Direction',(0.,0.,-1.)) ;
#2746=DIRECTION('Vector Direction',(-1.,0.,0.)) ;
#2758=DIRECTION('Axis2P3D Direction',(0.,0.,1.)) ;
#2759=DIRECTION('Axis2P3D XDirection',(1.,0.,0.)) ;
#2763=DIRECTION('Vector Direction',(0.,0.,1.)) ;
#2770=DIRECTION('Axis2P3D Direction',(0.,0.,1.)) ;
#2782=DIRECTION('Axis2P3D Direction',(-1.,0.,0.)) ;
#2783=DIRECTION('Axis2P3D XDirection',(0.,1.,0.)) ;
#2787=DIRECTION('Vector Direction',(0.,0.,-1.)) ;
#2794=DIRECTION('Vector Direction',(0.,1.,0.)) ;
#2806=DIRECTION('Axis2P3D Direction',(0.,0.,1.)) ;
#2807=DIRECTION('Axis2P3D XDirection',(-1.83697019872E-16,-1.,-0.)) ;
#2811=DIRECTION('Vector Direction',(0.,0.,1.)) ;
#2818=DIRECTION('Axis2P3D Direction',(0.,0.,1.)) ;
#2830=DIRECTION('Axis2P3D Direction',(-0.,1.,0.)) ;
#2831=DIRECTION('Axis2P3D XDirection',(1.,0.,0.)) ;
#2835=DIRECTION('Vector Direction',(1.,0.,0.)) ;
#2857=DIRECTION('Axis2P3D Direction',(0.,0.,1.)) ;
#2866=DIRECTION('Axis2P3D Direction',(0.,0.,1.)) ;
#2875=DIRECTION('Axis2P3D Direction',(0.,0.,1.)) ;
#2884=DIRECTION('Axis2P3D Direction',(0.,0.,1.)) ;
#2893=DIRECTION('Axis2P3D Direction',(0.,0.,1.)) ;
#2902=DIRECTION('Axis2P3D Direction',(0.,0.,1.)) ;
#2911=DIRECTION('Axis2P3D Direction',(0.,0.,1.)) ;
#2920=DIRECTION('Axis2P3D Direction',(0.,0.,1.)) ;
#2929=DIRECTION('Axis2P3D Direction',(0.,0.,1.)) ;
#2938=DIRECTION('Axis2P3D Direction',(0.,0.,1.)) ;
#2947=DIRECTION('Axis2P3D Direction',(0.,0.,1.)) ;
#2956=DIRECTION('Axis2P3D Direction',(0.,0.,1.)) ;
#2966=DIRECTION('Axis2P3D Direction',(0.,0.,1.)) ;
#2967=DIRECTION('Axis2P3D XDirection',(1.,0.,0.)) ;
#2971=DIRECTION('Axis2P3D Direction',(0.,0.,1.)) ;
#2980=DIRECTION('Vector Direction',(0.,0.,1.)) ;
#2985=DIRECTION('Vector Direction',(0.,0.,1.)) ;
#2997=DIRECTION('Axis2P3D Direction',(0.,0.,1.)) ;
#3009=DIRECTION('Axis2P3D Direction',(0.,0.,1.)) ;
#3010=DIRECTION('Axis2P3D XDirection',(1.,0.,0.)) ;
#3018=DIRECTION('Axis2P3D Direction',(0.,0.,1.)) ;
#3027=DIRECTION('Axis2P3D Direction',(0.,0.,1.)) ;
#3037=DIRECTION('Axis2P3D Direction',(0.,0.,1.)) ;
#3038=DIRECTION('Axis2P3D XDirection',(1.,0.,0.)) ;
#3042=DIRECTION('Vector Direction',(0.,0.,1.)) ;
#3049=DIRECTION('Vector Direction',(0.,0.,1.)) ;
#3056=DIRECTION('Vector Direction',(0.,0.,1.)) ;
#3061=DIRECTION('Vector Direction',(0.,0.,1.)) ;
#3084=DIRECTION('Axis2P3D Direction',(0.,0.,1.)) ;
#3085=DIRECTION('Axis2P3D XDirection',(1.,0.,0.)) ;
#3089=DIRECTION('Vector Direction',(0.,0.,1.)) ;
#3096=DIRECTION('Vector Direction',(0.,0.,1.)) ;
#3101=DIRECTION('Vector Direction',(0.,0.,1.)) ;
#3108=DIRECTION('Vector Direction',(0.,0.,1.)) ;
#3131=DIRECTION('Axis2P3D Direction',(0.,0.,1.)) ;
#3132=DIRECTION('Axis2P3D XDirection',(1.,0.,0.)) ;
#3136=DIRECTION('Vector Direction',(0.,0.,1.)) ;
#3143=DIRECTION('Vector Direction',(0.,0.,1.)) ;
#3150=DIRECTION('Vector Direction',(0.,0.,1.)) ;
#3155=DIRECTION('Vector Direction',(0.,0.,1.)) ;
#3178=DIRECTION('Axis2P3D Direction',(0.,0.,1.)) ;
#3179=DIRECTION('Axis2P3D XDirection',(1.,0.,0.)) ;
#3183=DIRECTION('Vector Direction',(0.,0.,1.)) ;
#3190=DIRECTION('Vector Direction',(0.,0.,1.)) ;
#3197=DIRECTION('Vector Direction',(0.,0.,1.)) ;
#3202=DIRECTION('Vector Direction',(0.,0.,1.)) ;
#3225=DIRECTION('Axis2P3D Direction',(0.,0.,1.)) ;
#3226=DIRECTION('Axis2P3D XDirection',(1.,0.,0.)) ;
#3230=DIRECTION('Vector Direction',(0.,0.,1.)) ;
#3237=DIRECTION('Vector Direction',(0.,0.,1.)) ;
#3244=DIRECTION('Vector Direction',(0.,0.,1.)) ;
#3249=DIRECTION('Vector Direction',(0.,0.,1.)) ;
#3272=DIRECTION('Axis2P3D Direction',(0.,0.,1.)) ;
#3273=DIRECTION('Axis2P3D XDirection',(1.,0.,0.)) ;
#3277=DIRECTION('Vector Direction',(0.,0.,1.)) ;
#3284=DIRECTION('Vector Direction',(0.,0.,1.)) ;
#3291=DIRECTION('Vector Direction',(0.,0.,1.)) ;
#3296=DIRECTION('Vector Direction',(0.,0.,1.)) ;
#3319=SHAPE_REPRESENTATION_RELATIONSHIP(' ',' ',#19,#3318) ;
#18=AXIS2_PLACEMENT_3D(' ',#17,$,$) ;
#34=AXIS2_PLACEMENT_3D('Cylinder Axis2P3D',#31,#32,#33) ;
#47=AXIS2_PLACEMENT_3D('Circle Axis2P3D',#45,#46,$) ;
#61=AXIS2_PLACEMENT_3D('Circle Axis2P3D',#59,#60,$) ;
#73=AXIS2_PLACEMENT_3D('Circle Axis2P3D',#71,#72,$) ;
#78=AXIS2_PLACEMENT_3D('Circle Axis2P3D',#76,#77,$) ;
#91=AXIS2_PLACEMENT_3D('Plane Axis2P3D',#88,#89,#90) ;
#104=AXIS2_PLACEMENT_3D('Circle Axis2P3D',#102,#103,$) ;
#118=AXIS2_PLACEMENT_3D('Circle Axis2P3D',#116,#117,$) ;
#132=AXIS2_PLACEMENT_3D('Circle Axis2P3D',#130,#131,$) ;
#146=AXIS2_PLACEMENT_3D('Circle Axis2P3D',#144,#145,$) ;
#165=AXIS2_PLACEMENT_3D('Circle Axis2P3D',#163,#164,$) ;
#174=AXIS2_PLACEMENT_3D('Circle Axis2P3D',#172,#173,$) ;
#183=AXIS2_PLACEMENT_3D('Circle Axis2P3D',#181,#182,$) ;
#192=AXIS2_PLACEMENT_3D('Circle Axis2P3D',#190,#191,$) ;
#201=AXIS2_PLACEMENT_3D('Circle Axis2P3D',#199,#200,$) ;
#210=AXIS2_PLACEMENT_3D('Circle Axis2P3D',#208,#209,$) ;
#219=AXIS2_PLACEMENT_3D('Circle Axis2P3D',#217,#218,$) ;
#228=AXIS2_PLACEMENT_3D('Circle Axis2P3D',#226,#227,$) ;
#237=AXIS2_PLACEMENT_3D('Circle Axis2P3D',#235,#236,$) ;
#246=AXIS2_PLACEMENT_3D('Circle Axis2P3D',#244,#245,$) ;
#257=AXIS2_PLACEMENT_3D('Plane Axis2P3D',#254,#255,#256) ;
#265=AXIS2_PLACEMENT_3D('Circle Axis2P3D',#263,#264,$) ;
#274=AXIS2_PLACEMENT_3D('Circle Axis2P3D',#272,#273,$) ;
#285=AXIS2_PLACEMENT_3D('Plane Axis2P3D',#282,#283,#284) ;
#314=AXIS2_PLACEMENT_3D('Circle Axis2P3D',#312,#313,$) ;
#330=AXIS2_PLACEMENT_3D('Circle Axis2P3D',#328,#329,$) ;
#348=AXIS2_PLACEMENT_3D('Circle Axis2P3D',#346,#347,$) ;
#364=AXIS2_PLACEMENT_3D('Circle Axis2P3D',#362,#363,$) ;
#382=AXIS2_PLACEMENT_3D('Circle Axis2P3D',#380,#381,$) ;
#398=AXIS2_PLACEMENT_3D('Circle Axis2P3D',#396,#397,$) ;
#418=AXIS2_PLACEMENT_3D('Cylinder Axis2P3D',#415,#416,#417) ;
#422=AXIS2_PLACEMENT_3D('Circle Axis2P3D',#420,#421,$) ;
#442=AXIS2_PLACEMENT_3D('Plane Axis2P3D',#439,#440,#441) ;
#464=AXIS2_PLACEMENT_3D('Circle Axis2P3D',#462,#463,$) ;
#480=AXIS2_PLACEMENT_3D('Circle Axis2P3D',#478,#479,$) ;
#498=AXIS2_PLACEMENT_3D('Circle Axis2P3D',#496,#497,$) ;
#514=AXIS2_PLACEMENT_3D('Circle Axis2P3D',#512,#513,$) ;
#534=AXIS2_PLACEMENT_3D('Cylinder Axis2P3D',#531,#532,#533) ;
#538=AXIS2_PLACEMENT_3D('Circle Axis2P3D',#536,#537,$) ;
#558=AXIS2_PLACEMENT_3D('Plane Axis2P3D',#555,#556,#557) ;
#589=AXIS2_PLACEMENT_3D('Circle Axis2P3D',#587,#588,$) ;
#603=AXIS2_PLACEMENT_3D('Circle Axis2P3D',#601,#602,$) ;
#623=AXIS2_PLACEMENT_3D('Circle Axis2P3D',#621,#622,$) ;
#637=AXIS2_PLACEMENT_3D('Circle Axis2P3D',#635,#636,$) ;
#657=AXIS2_PLACEMENT_3D('Circle Axis2P3D',#655,#656,$) ;
#671=AXIS2_PLACEMENT_3D('Circle Axis2P3D',#669,#670,$) ;
#684=AXIS2_PLACEMENT_3D('Cylinder Axis2P3D',#681,#682,#683) ;
#688=AXIS2_PLACEMENT_3D('Circle Axis2P3D',#686,#687,$) ;
#708=AXIS2_PLACEMENT_3D('Plane Axis2P3D',#705,#706,#707) ;
#739=AXIS2_PLACEMENT_3D('Circle Axis2P3D',#737,#738,$) ;
#753=AXIS2_PLACEMENT_3D('Circle Axis2P3D',#751,#752,$) ;
#773=AXIS2_PLACEMENT_3D('Circle Axis2P3D',#771,#772,$) ;
#787=AXIS2_PLACEMENT_3D('Circle Axis2P3D',#785,#786,$) ;
#800=AXIS2_PLACEMENT_3D('Cylinder Axis2P3D',#797,#798,#799) ;
#804=AXIS2_PLACEMENT_3D('Circle Axis2P3D',#802,#803,$) ;
#817=AXIS2_PLACEMENT_3D('Cylinder Axis2P3D',#814,#815,#816) ;
#835=AXIS2_PLACEMENT_3D('Circle Axis2P3D',#833,#834,$) ;
#847=AXIS2_PLACEMENT_3D('Circle Axis2P3D',#845,#846,$) ;
#860=AXIS2_PLACEMENT_3D('Cylinder Axis2P3D',#857,#858,#859) ;
#878=AXIS2_PLACEMENT_3D('Circle Axis2P3D',#876,#877,$) ;
#890=AXIS2_PLACEMENT_3D('Circle Axis2P3D',#888,#889,$) ;
#903=AXIS2_PLACEMENT_3D('Cylinder Axis2P3D',#900,#901,#902) ;
#921=AXIS2_PLACEMENT_3D('Circle Axis2P3D',#919,#920,$) ;
#933=AXIS2_PLACEMENT_3D('Circle Axis2P3D',#931,#932,$) ;
#946=AXIS2_PLACEMENT_3D('Cylinder Axis2P3D',#943,#944,#945) ;
#964=AXIS2_PLACEMENT_3D('Circle Axis2P3D',#962,#963,$) ;
#976=AXIS2_PLACEMENT_3D('Circle Axis2P3D',#974,#975,$) ;
#989=AXIS2_PLACEMENT_3D('Cylinder Axis2P3D',#986,#987,#988) ;
#1007=AXIS2_PLACEMENT_3D('Circle Axis2P3D',#1005,#1006,$) ;
#1019=AXIS2_PLACEMENT_3D('Circle Axis2P3D',#1017,#1018,$) ;
#1032=AXIS2_PLACEMENT_3D('Plane Axis2P3D',#1029,#1030,#1031) ;
#1055=AXIS2_PLACEMENT_3D('Circle Axis2P3D',#1053,#1054,$) ;
#1069=AXIS2_PLACEMENT_3D('Circle Axis2P3D',#1067,#1068,$) ;
#1083=AXIS2_PLACEMENT_3D('Circle Axis2P3D',#1081,#1082,$) ;
#1097=AXIS2_PLACEMENT_3D('Circle Axis2P3D',#1095,#1096,$) ;
#1114=AXIS2_PLACEMENT_3D('Cylinder Axis2P3D',#1111,#1112,#1113) ;
#1118=AXIS2_PLACEMENT_3D('Circle Axis2P3D',#1116,#1117,$) ;
#1145=AXIS2_PLACEMENT_3D('Plane Axis2P3D',#1142,#1143,#1144) ;
#1169=AXIS2_PLACEMENT_3D('Cylinder Axis2P3D',#1166,#1167,#1168) ;
#1173=AXIS2_PLACEMENT_3D('Circle Axis2P3D',#1171,#1172,$) ;
#1193=AXIS2_PLACEMENT_3D('Plane Axis2P3D',#1190,#1191,#1192) ;
#1210=AXIS2_PLACEMENT_3D('Cylinder Axis2P3D',#1207,#1208,#1209) ;
#1214=AXIS2_PLACEMENT_3D('Circle Axis2P3D',#1212,#1213,$) ;
#1260=AXIS2_PLACEMENT_3D('Cylinder Axis2P3D',#1257,#1258,#1259) ;
#1264=AXIS2_PLACEMENT_3D('Circle Axis2P3D',#1262,#1263,$) ;
#1296=AXIS2_PLACEMENT_3D('Cylinder Axis2P3D',#1293,#1294,#1295) ;
#1300=AXIS2_PLACEMENT_3D('Circle Axis2P3D',#1298,#1299,$) ;
#1346=AXIS2_PLACEMENT_3D('Cylinder Axis2P3D',#1343,#1344,#1345) ;
#1350=AXIS2_PLACEMENT_3D('Circle Axis2P3D',#1348,#1349,$) ;
#1382=AXIS2_PLACEMENT_3D('Cylinder Axis2P3D',#1379,#1380,#1381) ;
#1400=AXIS2_PLACEMENT_3D('Circle Axis2P3D',#1398,#1399,$) ;
#1432=AXIS2_PLACEMENT_3D('Cylinder Axis2P3D',#1429,#1430,#1431) ;
#1443=AXIS2_PLACEMENT_3D('Circle Axis2P3D',#1441,#1442,$) ;
#1468=AXIS2_PLACEMENT_3D('Cylinder Axis2P3D',#1465,#1466,#1467) ;
#1486=AXIS2_PLACEMENT_3D('Circle Axis2P3D',#1484,#1485,$) ;
#1518=AXIS2_PLACEMENT_3D('Cylinder Axis2P3D',#1515,#1516,#1517) ;
#1529=AXIS2_PLACEMENT_3D('Circle Axis2P3D',#1527,#1528,$) ;
#1586=AXIS2_PLACEMENT_3D('Circle Axis2P3D',#1584,#1585,$) ;
#1617=AXIS2_PLACEMENT_3D('Circle Axis2P3D',#1615,#1616,$) ;
#1662=AXIS2_PLACEMENT_3D('Circle Axis2P3D',#1660,#1661,$) ;
#1693=AXIS2_PLACEMENT_3D('Circle Axis2P3D',#1691,#1692,$) ;
#1738=AXIS2_PLACEMENT_3D('Circle Axis2P3D',#1736,#1737,$) ;
#1769=AXIS2_PLACEMENT_3D('Circle Axis2P3D',#1767,#1768,$) ;
#1807=AXIS2_PLACEMENT_3D('Circle Axis2P3D',#1805,#1806,$) ;
#1845=AXIS2_PLACEMENT_3D('Circle Axis2P3D',#1843,#1844,$) ;
#1883=AXIS2_PLACEMENT_3D('Circle Axis2P3D',#1881,#1882,$) ;
#1921=AXIS2_PLACEMENT_3D('Circle Axis2P3D',#1919,#1920,$) ;
#1937=AXIS2_PLACEMENT_3D('Circle Axis2P3D',#1935,#1936,$) ;
#1946=AXIS2_PLACEMENT_3D('Circle Axis2P3D',#1944,#1945,$) ;
#1960=AXIS2_PLACEMENT_3D('Circle Axis2P3D',#1958,#1959,$) ;
#1969=AXIS2_PLACEMENT_3D('Circle Axis2P3D',#1967,#1968,$) ;
#1983=AXIS2_PLACEMENT_3D('Circle Axis2P3D',#1981,#1982,$) ;
#1992=AXIS2_PLACEMENT_3D('Circle Axis2P3D',#1990,#1991,$) ;
#2006=AXIS2_PLACEMENT_3D('Circle Axis2P3D',#2004,#2005,$) ;
#2015=AXIS2_PLACEMENT_3D('Circle Axis2P3D',#2013,#2014,$) ;
#2029=AXIS2_PLACEMENT_3D('Circle Axis2P3D',#2027,#2028,$) ;
#2038=AXIS2_PLACEMENT_3D('Circle Axis2P3D',#2036,#2037,$) ;
#2049=AXIS2_PLACEMENT_3D('Cylinder Axis2P3D',#2046,#2047,#2048) ;
#2060=AXIS2_PLACEMENT_3D('Circle Axis2P3D',#2058,#2059,$) ;
#2080=AXIS2_PLACEMENT_3D('Plane Axis2P3D',#2077,#2078,#2079) ;
#2116=AXIS2_PLACEMENT_3D('Cylinder Axis2P3D',#2113,#2114,#2115) ;
#2127=AXIS2_PLACEMENT_3D('Circle Axis2P3D',#2125,#2126,$) ;
#2140=AXIS2_PLACEMENT_3D('Plane Axis2P3D',#2137,#2138,#2139) ;
#2182=AXIS2_PLACEMENT_3D('Cylinder Axis2P3D',#2179,#2180,#2181) ;
#2193=AXIS2_PLACEMENT_3D('Circle Axis2P3D',#2191,#2192,$) ;
#2206=AXIS2_PLACEMENT_3D('Plane Axis2P3D',#2203,#2204,#2205) ;
#2242=AXIS2_PLACEMENT_3D('Cylinder Axis2P3D',#2239,#2240,#2241) ;
#2253=AXIS2_PLACEMENT_3D('Circle Axis2P3D',#2251,#2252,$) ;
#2266=AXIS2_PLACEMENT_3D('Plane Axis2P3D',#2263,#2264,#2265) ;
#2301=AXIS2_PLACEMENT_3D('Plane Axis2P3D',#2298,#2299,#2300) ;
#2315=AXIS2_PLACEMENT_3D('Circle Axis2P3D',#2313,#2314,$) ;
#2331=AXIS2_PLACEMENT_3D('Circle Axis2P3D',#2329,#2330,$) ;
#2345=AXIS2_PLACEMENT_3D('Circle Axis2P3D',#2343,#2344,$) ;
#2359=AXIS2_PLACEMENT_3D('Circle Axis2P3D',#2357,#2358,$) ;
#2383=AXIS2_PLACEMENT_3D('Plane Axis2P3D',#2380,#2381,#2382) ;
#2414=AXIS2_PLACEMENT_3D('Cylinder Axis2P3D',#2411,#2412,#2413) ;
#2418=AXIS2_PLACEMENT_3D('Circle Axis2P3D',#2416,#2417,$) ;
#2438=AXIS2_PLACEMENT_3D('Plane Axis2P3D',#2435,#2436,#2437) ;
#2462=AXIS2_PLACEMENT_3D('Cylinder Axis2P3D',#2459,#2460,#2461) ;
#2466=AXIS2_PLACEMENT_3D('Circle Axis2P3D',#2464,#2465,$) ;
#2486=AXIS2_PLACEMENT_3D('Plane Axis2P3D',#2483,#2484,#2485) ;
#2510=AXIS2_PLACEMENT_3D('Cylinder Axis2P3D',#2507,#2508,#2509) ;
#2514=AXIS2_PLACEMENT_3D('Circle Axis2P3D',#2512,#2513,$) ;
#2534=AXIS2_PLACEMENT_3D('Plane Axis2P3D',#2531,#2532,#2533) ;
#2558=AXIS2_PLACEMENT_3D('Cylinder Axis2P3D',#2555,#2556,#2557) ;
#2562=AXIS2_PLACEMENT_3D('Circle Axis2P3D',#2560,#2561,$) ;
#2575=AXIS2_PLACEMENT_3D('Plane Axis2P3D',#2572,#2573,#2574) ;
#2598=AXIS2_PLACEMENT_3D('Circle Axis2P3D',#2596,#2597,$) ;
#2612=AXIS2_PLACEMENT_3D('Circle Axis2P3D',#2610,#2611,$) ;
#2626=AXIS2_PLACEMENT_3D('Circle Axis2P3D',#2624,#2625,$) ;
#2640=AXIS2_PLACEMENT_3D('Circle Axis2P3D',#2638,#2639,$) ;
#2657=AXIS2_PLACEMENT_3D('Cylinder Axis2P3D',#2654,#2655,#2656) ;
#2668=AXIS2_PLACEMENT_3D('Circle Axis2P3D',#2666,#2667,$) ;
#2688=AXIS2_PLACEMENT_3D('Plane Axis2P3D',#2685,#2686,#2687) ;
#2712=AXIS2_PLACEMENT_3D('Cylinder Axis2P3D',#2709,#2710,#2711) ;
#2723=AXIS2_PLACEMENT_3D('Circle Axis2P3D',#2721,#2722,$) ;
#2736=AXIS2_PLACEMENT_3D('Plane Axis2P3D',#2733,#2734,#2735) ;
#2760=AXIS2_PLACEMENT_3D('Cylinder Axis2P3D',#2757,#2758,#2759) ;
#2771=AXIS2_PLACEMENT_3D('Circle Axis2P3D',#2769,#2770,$) ;
#2784=AXIS2_PLACEMENT_3D('Plane Axis2P3D',#2781,#2782,#2783) ;
#2808=AXIS2_PLACEMENT_3D('Cylinder Axis2P3D',#2805,#2806,#2807) ;
#2819=AXIS2_PLACEMENT_3D('Circle Axis2P3D',#2817,#2818,$) ;
#2832=AXIS2_PLACEMENT_3D('Plane Axis2P3D',#2829,#2830,#2831) ;
#2858=AXIS2_PLACEMENT_3D('Circle Axis2P3D',#2856,#2857,$) ;
#2867=AXIS2_PLACEMENT_3D('Circle Axis2P3D',#2865,#2866,$) ;
#2876=AXIS2_PLACEMENT_3D('Circle Axis2P3D',#2874,#2875,$) ;
#2885=AXIS2_PLACEMENT_3D('Circle Axis2P3D',#2883,#2884,$) ;
#2894=AXIS2_PLACEMENT_3D('Circle Axis2P3D',#2892,#2893,$) ;
#2903=AXIS2_PLACEMENT_3D('Circle Axis2P3D',#2901,#2902,$) ;
#2912=AXIS2_PLACEMENT_3D('Circle Axis2P3D',#2910,#2911,$) ;
#2921=AXIS2_PLACEMENT_3D('Circle Axis2P3D',#2919,#2920,$) ;
#2930=AXIS2_PLACEMENT_3D('Circle Axis2P3D',#2928,#2929,$) ;
#2939=AXIS2_PLACEMENT_3D('Circle Axis2P3D',#2937,#2938,$) ;
#2948=AXIS2_PLACEMENT_3D('Circle Axis2P3D',#2946,#2947,$) ;
#2957=AXIS2_PLACEMENT_3D('Circle Axis2P3D',#2955,#2956,$) ;
#2968=AXIS2_PLACEMENT_3D('Cylinder Axis2P3D',#2965,#2966,#2967) ;
#2972=AXIS2_PLACEMENT_3D('Circle Axis2P3D',#2970,#2971,$) ;
#2998=AXIS2_PLACEMENT_3D('Circle Axis2P3D',#2996,#2997,$) ;
#3011=AXIS2_PLACEMENT_3D('Plane Axis2P3D',#3008,#3009,#3010) ;
#3019=AXIS2_PLACEMENT_3D('Circle Axis2P3D',#3017,#3018,$) ;
#3028=AXIS2_PLACEMENT_3D('Circle Axis2P3D',#3026,#3027,$) ;
#3039=AXIS2_PLACEMENT_3D('Cylinder Axis2P3D',#3036,#3037,#3038) ;
#3086=AXIS2_PLACEMENT_3D('Cylinder Axis2P3D',#3083,#3084,#3085) ;
#3133=AXIS2_PLACEMENT_3D('Cylinder Axis2P3D',#3130,#3131,#3132) ;
#3180=AXIS2_PLACEMENT_3D('Cylinder Axis2P3D',#3177,#3178,#3179) ;
#3227=AXIS2_PLACEMENT_3D('Cylinder Axis2P3D',#3224,#3225,#3226) ;
#3274=AXIS2_PLACEMENT_3D('Cylinder Axis2P3D',#3271,#3272,#3273) ;
#39=LINE('Line',#36,#38) ;
#55=LINE('Line',#52,#54) ;
#96=LINE('Line',#93,#95) ;
#112=LINE('Line',#109,#111) ;
#126=LINE('Line',#123,#125) ;
#140=LINE('Line',#137,#139) ;
#290=LINE('Line',#287,#289) ;
#299=LINE('Line',#296,#298) ;
#304=LINE('Line',#301,#303) ;
#324=LINE('Line',#321,#323) ;
#338=LINE('Line',#335,#337) ;
#358=LINE('Line',#355,#357) ;
#372=LINE('Line',#369,#371) ;
#392=LINE('Line',#389,#391) ;
#406=LINE('Line',#403,#405) ;
#430=LINE('Line',#427,#429) ;
#447=LINE('Line',#444,#446) ;
#454=LINE('Line',#451,#453) ;
#474=LINE('Line',#471,#473) ;
#488=LINE('Line',#485,#487) ;
#508=LINE('Line',#505,#507) ;
#522=LINE('Line',#519,#521) ;
#546=LINE('Line',#543,#545) ;
#563=LINE('Line',#560,#562) ;
#570=LINE('Line',#567,#569) ;
#581=LINE('Line',#578,#580) ;
#597=LINE('Line',#594,#596) ;
#615=LINE('Line',#612,#614) ;
#631=LINE('Line',#628,#630) ;
#649=LINE('Line',#646,#648) ;
#665=LINE('Line',#662,#664) ;
#696=LINE('Line',#693,#695) ;
#713=LINE('Line',#710,#712) ;
#720=LINE('Line',#717,#719) ;
#731=LINE('Line',#728,#730) ;
#747=LINE('Line',#744,#746) ;
#765=LINE('Line',#762,#764) ;
#781=LINE('Line',#778,#780) ;
#822=LINE('Line',#819,#821) ;
#829=LINE('Line',#826,#828) ;
#865=LINE('Line',#862,#864) ;
#872=LINE('Line',#869,#871) ;
#908=LINE('Line',#905,#907) ;
#915=LINE('Line',#912,#914) ;
#951=LINE('Line',#948,#950) ;
#958=LINE('Line',#955,#957) ;
#994=LINE('Line',#991,#993) ;
#1001=LINE('Line',#998,#1000) ;
#1047=LINE('Line',#1044,#1046) ;
#1063=LINE('Line',#1060,#1062) ;
#1077=LINE('Line',#1074,#1076) ;
#1091=LINE('Line',#1088,#1090) ;
#1128=LINE('Line',#1125,#1127) ;
#1133=LINE('Line',#1130,#1132) ;
#1150=LINE('Line',#1147,#1149) ;
#1157=LINE('Line',#1154,#1156) ;
#1181=LINE('Line',#1178,#1180) ;
#1198=LINE('Line',#1195,#1197) ;
#1224=LINE('Line',#1221,#1223) ;
#1229=LINE('Line',#1226,#1228) ;
#1241=LINE('Line',#1238,#1240) ;
#1248=LINE('Line',#1245,#1247) ;
#1272=LINE('Line',#1269,#1271) ;
#1284=LINE('Line',#1281,#1283) ;
#1310=LINE('Line',#1307,#1309) ;
#1315=LINE('Line',#1312,#1314) ;
#1327=LINE('Line',#1324,#1326) ;
#1334=LINE('Line',#1331,#1333) ;
#1358=LINE('Line',#1355,#1357) ;
#1370=LINE('Line',#1367,#1369) ;
#1387=LINE('Line',#1384,#1386) ;
#1394=LINE('Line',#1391,#1393) ;
#1413=LINE('Line',#1410,#1412) ;
#1420=LINE('Line',#1417,#1419) ;
#1437=LINE('Line',#1434,#1436) ;
#1456=LINE('Line',#1453,#1455) ;
#1473=LINE('Line',#1470,#1472) ;
#1480=LINE('Line',#1477,#1479) ;
#1499=LINE('Line',#1496,#1498) ;
#1506=LINE('Line',#1503,#1505) ;
#1523=LINE('Line',#1520,#1522) ;
#1542=LINE('Line',#1539,#1541) ;
#1554=LINE('Line',#1551,#1553) ;
#1561=LINE('Line',#1558,#1560) ;
#1568=LINE('Line',#1565,#1567) ;
#1580=LINE('Line',#1577,#1579) ;
#1599=LINE('Line',#1596,#1598) ;
#1606=LINE('Line',#1603,#1605) ;
#1630=LINE('Line',#1627,#1629) ;
#1637=LINE('Line',#1634,#1636) ;
#1644=LINE('Line',#1641,#1643) ;
#1656=LINE('Line',#1653,#1655) ;
#1675=LINE('Line',#1672,#1674) ;
#1682=LINE('Line',#1679,#1681) ;
#1706=LINE('Line',#1703,#1705) ;
#1713=LINE('Line',#1710,#1712) ;
#1720=LINE('Line',#1717,#1719) ;
#1732=LINE('Line',#1729,#1731) ;
#1751=LINE('Line',#1748,#1750) ;
#1758=LINE('Line',#1755,#1757) ;
#1782=LINE('Line',#1779,#1781) ;
#1791=LINE('Line',#1788,#1790) ;
#1796=LINE('Line',#1793,#1795) ;
#1815=LINE('Line',#1812,#1814) ;
#1827=LINE('Line',#1824,#1826) ;
#1834=LINE('Line',#1831,#1833) ;
#1858=LINE('Line',#1855,#1857) ;
#1867=LINE('Line',#1864,#1866) ;
#1872=LINE('Line',#1869,#1871) ;
#1891=LINE('Line',#1888,#1890) ;
#1903=LINE('Line',#1900,#1902) ;
#1910=LINE('Line',#1907,#1909) ;
#2054=LINE('Line',#2051,#2053) ;
#2068=LINE('Line',#2065,#2067) ;
#2085=LINE('Line',#2082,#2084) ;
#2092=LINE('Line',#2089,#2091) ;
#2121=LINE('Line',#2118,#2120) ;
#2145=LINE('Line',#2142,#2144) ;
#2152=LINE('Line',#2149,#2151) ;
#2187=LINE('Line',#2184,#2186) ;
#2211=LINE('Line',#2208,#2210) ;
#2218=LINE('Line',#2215,#2217) ;
#2247=LINE('Line',#2244,#2246) ;
#2271=LINE('Line',#2268,#2270) ;
#2325=LINE('Line',#2322,#2324) ;
#2339=LINE('Line',#2336,#2338) ;
#2353=LINE('Line',#2350,#2352) ;
#2367=LINE('Line',#2364,#2366) ;
#2388=LINE('Line',#2385,#2387) ;
#2397=LINE('Line',#2394,#2396) ;
#2402=LINE('Line',#2399,#2401) ;
#2426=LINE('Line',#2423,#2425) ;
#2443=LINE('Line',#2440,#2442) ;
#2450=LINE('Line',#2447,#2449) ;
#2474=LINE('Line',#2471,#2473) ;
#2491=LINE('Line',#2488,#2490) ;
#2498=LINE('Line',#2495,#2497) ;
#2522=LINE('Line',#2519,#2521) ;
#2539=LINE('Line',#2536,#2538) ;
#2546=LINE('Line',#2543,#2545) ;
#2590=LINE('Line',#2587,#2589) ;
#2606=LINE('Line',#2603,#2605) ;
#2620=LINE('Line',#2617,#2619) ;
#2634=LINE('Line',#2631,#2633) ;
#2662=LINE('Line',#2659,#2661) ;
#2676=LINE('Line',#2673,#2675) ;
#2693=LINE('Line',#2690,#2692) ;
#2700=LINE('Line',#2697,#2699) ;
#2717=LINE('Line',#2714,#2716) ;
#2741=LINE('Line',#2738,#2740) ;
#2748=LINE('Line',#2745,#2747) ;
#2765=LINE('Line',#2762,#2764) ;
#2789=LINE('Line',#2786,#2788) ;
#2796=LINE('Line',#2793,#2795) ;
#2813=LINE('Line',#2810,#2812) ;
#2837=LINE('Line',#2834,#2836) ;
#2982=LINE('Line',#2979,#2981) ;
#2987=LINE('Line',#2984,#2986) ;
#3044=LINE('Line',#3041,#3043) ;
#3051=LINE('Line',#3048,#3050) ;
#3058=LINE('Line',#3055,#3057) ;
#3063=LINE('Line',#3060,#3062) ;
#3091=LINE('Line',#3088,#3090) ;
#3098=LINE('Line',#3095,#3097) ;
#3103=LINE('Line',#3100,#3102) ;
#3110=LINE('Line',#3107,#3109) ;
#3138=LINE('Line',#3135,#3137) ;
#3145=LINE('Line',#3142,#3144) ;
#3152=LINE('Line',#3149,#3151) ;
#3157=LINE('Line',#3154,#3156) ;
#3185=LINE('Line',#3182,#3184) ;
#3192=LINE('Line',#3189,#3191) ;
#3199=LINE('Line',#3196,#3198) ;
#3204=LINE('Line',#3201,#3203) ;
#3232=LINE('Line',#3229,#3231) ;
#3239=LINE('Line',#3236,#3238) ;
#3246=LINE('Line',#3243,#3245) ;
#3251=LINE('Line',#3248,#3250) ;
#3279=LINE('Line',#3276,#3278) ;
#3286=LINE('Line',#3283,#3285) ;
#3293=LINE('Line',#3290,#3292) ;
#3298=LINE('Line',#3295,#3297) ;
#48=CIRCLE('generated circle',#47,10.) ;
#62=CIRCLE('generated circle',#61,10.) ;
#74=CIRCLE('generated circle',#73,10.) ;
#79=CIRCLE('generated circle',#78,10.) ;
#105=CIRCLE('generated circle',#104,10.) ;
#119=CIRCLE('generated circle',#118,10.) ;
#133=CIRCLE('generated circle',#132,10.) ;
#147=CIRCLE('generated circle',#146,10.) ;
#166=CIRCLE('generated circle',#165,10.) ;
#175=CIRCLE('generated circle',#174,10.) ;
#184=CIRCLE('generated circle',#183,10.) ;
#193=CIRCLE('generated circle',#192,10.) ;
#202=CIRCLE('generated circle',#201,10.) ;
#211=CIRCLE('generated circle',#210,10.) ;
#220=CIRCLE('generated circle',#219,9.5) ;
#229=CIRCLE('generated circle',#228,9.5) ;
#238=CIRCLE('generated circle',#237,18.) ;
#247=CIRCLE('generated circle',#246,18.) ;
#266=CIRCLE('generated circle',#265,8.2) ;
#275=CIRCLE('generated circle',#274,8.2) ;
#315=CIRCLE('generated circle',#314,2.3) ;
#331=CIRCLE('generated circle',#330,2.3) ;
#349=CIRCLE('generated circle',#348,2.3) ;
#365=CIRCLE('generated circle',#364,2.3) ;
#383=CIRCLE('generated circle',#382,2.3) ;
#399=CIRCLE('generated circle',#398,2.3) ;
#423=CIRCLE('generated circle',#422,10.) ;
#465=CIRCLE('generated circle',#464,2.3) ;
#481=CIRCLE('generated circle',#480,2.3) ;
#499=CIRCLE('generated circle',#498,2.3) ;
#515=CIRCLE('generated circle',#514,2.3) ;
#539=CIRCLE('generated circle',#538,10.) ;
#590=CIRCLE('generated circle',#589,2.3) ;
#604=CIRCLE('generated circle',#603,2.3) ;
#624=CIRCLE('generated circle',#623,2.3) ;
#638=CIRCLE('generated circle',#637,2.3) ;
#658=CIRCLE('generated circle',#657,2.3) ;
#672=CIRCLE('generated circle',#671,2.3) ;
#689=CIRCLE('generated circle',#688,10.) ;
#740=CIRCLE('generated circle',#739,2.3) ;
#754=CIRCLE('generated circle',#753,2.3) ;
#774=CIRCLE('generated circle',#773,2.3) ;
#788=CIRCLE('generated circle',#787,2.3) ;
#805=CIRCLE('generated circle',#804,10.) ;
#836=CIRCLE('generated circle',#835,10.) ;
#848=CIRCLE('generated circle',#847,10.) ;
#879=CIRCLE('generated circle',#878,10.) ;
#891=CIRCLE('generated circle',#890,10.) ;
#922=CIRCLE('generated circle',#921,10.) ;
#934=CIRCLE('generated circle',#933,10.) ;
#965=CIRCLE('generated circle',#964,9.5) ;
#977=CIRCLE('generated circle',#976,9.5) ;
#1008=CIRCLE('generated circle',#1007,18.) ;
#1020=CIRCLE('generated circle',#1019,18.) ;
#1056=CIRCLE('generated circle',#1055,7.) ;
#1070=CIRCLE('generated circle',#1069,7.) ;
#1084=CIRCLE('generated circle',#1083,7.) ;
#1098=CIRCLE('generated circle',#1097,7.) ;
#1119=CIRCLE('generated circle',#1118,2.3) ;
#1174=CIRCLE('generated circle',#1173,2.3) ;
#1215=CIRCLE('generated circle',#1214,2.3) ;
#1265=CIRCLE('generated circle',#1264,2.3) ;
#1301=CIRCLE('generated circle',#1300,2.3) ;
#1351=CIRCLE('generated circle',#1350,2.3) ;
#1401=CIRCLE('generated circle',#1400,2.3) ;
#1444=CIRCLE('generated circle',#1443,2.3) ;
#1487=CIRCLE('generated circle',#1486,2.3) ;
#1530=CIRCLE('generated circle',#1529,2.3) ;
#1587=CIRCLE('generated circle',#1586,2.3) ;
#1618=CIRCLE('generated circle',#1617,2.3) ;
#1663=CIRCLE('generated circle',#1662,2.3) ;
#1694=CIRCLE('generated circle',#1693,2.3) ;
#1739=CIRCLE('generated circle',#1738,2.3) ;
#1770=CIRCLE('generated circle',#1769,2.3) ;
#1808=CIRCLE('generated circle',#1807,2.3) ;
#1846=CIRCLE('generated circle',#1845,2.3) ;
#1884=CIRCLE('generated circle',#1883,2.3) ;
#1922=CIRCLE('generated circle',#1921,2.3) ;
#1938=CIRCLE('generated circle',#1937,8.2) ;
#1947=CIRCLE('generated circle',#1946,8.2) ;
#1961=CIRCLE('generated circle',#1960,8.2) ;
#1970=CIRCLE('generated circle',#1969,8.2) ;
#1984=CIRCLE('generated circle',#1983,8.2) ;
#1993=CIRCLE('generated circle',#1992,8.2) ;
#2007=CIRCLE('generated circle',#2006,6.9) ;
#2016=CIRCLE('generated circle',#2015,6.9) ;
#2030=CIRCLE('generated circle',#2029,11.2) ;
#2039=CIRCLE('generated circle',#2038,11.2) ;
#2061=CIRCLE('generated circle',#2060,7.) ;
#2128=CIRCLE('generated circle',#2127,7.) ;
#2194=CIRCLE('generated circle',#2193,7.) ;
#2254=CIRCLE('generated circle',#2253,7.) ;
#2316=CIRCLE('generated circle',#2315,5.4) ;
#2332=CIRCLE('generated circle',#2331,5.4) ;
#2346=CIRCLE('generated circle',#2345,5.4) ;
#2360=CIRCLE('generated circle',#2359,5.4) ;
#2419=CIRCLE('generated circle',#2418,5.4) ;
#2467=CIRCLE('generated circle',#2466,5.4) ;
#2515=CIRCLE('generated circle',#2514,5.4) ;
#2563=CIRCLE('generated circle',#2562,5.4) ;
#2599=CIRCLE('generated circle',#2598,2.9) ;
#2613=CIRCLE('generated circle',#2612,2.9) ;
#2627=CIRCLE('generated circle',#2626,2.9) ;
#2641=CIRCLE('generated circle',#2640,2.9) ;
#2669=CIRCLE('generated circle',#2668,2.9) ;
#2724=CIRCLE('generated circle',#2723,2.9) ;
#2772=CIRCLE('generated circle',#2771,2.9) ;
#2820=CIRCLE('generated circle',#2819,2.9) ;
#2859=CIRCLE('generated circle',#2858,11.) ;
#2868=CIRCLE('generated circle',#2867,11.) ;
#2877=CIRCLE('generated circle',#2876,8.2) ;
#2886=CIRCLE('generated circle',#2885,8.2) ;
#2895=CIRCLE('generated circle',#2894,8.2) ;
#2904=CIRCLE('generated circle',#2903,8.2) ;
#2913=CIRCLE('generated circle',#2912,8.2) ;
#2922=CIRCLE('generated circle',#2921,8.2) ;
#2931=CIRCLE('generated circle',#2930,8.2) ;
#2940=CIRCLE('generated circle',#2939,8.2) ;
#2949=CIRCLE('generated circle',#2948,11.2) ;
#2958=CIRCLE('generated circle',#2957,11.2) ;
#2973=CIRCLE('generated circle',#2972,11.) ;
#2999=CIRCLE('generated circle',#2998,11.) ;
#3020=CIRCLE('generated circle',#3019,6.9) ;
#3029=CIRCLE('generated circle',#3028,6.9) ;
#92=PLANE('',#91) ;
#258=PLANE('',#257) ;
#286=PLANE('',#285) ;
#443=PLANE('',#442) ;
#559=PLANE('',#558) ;
#709=PLANE('',#708) ;
#1033=PLANE('',#1032) ;
#1146=PLANE('',#1145) ;
#1194=PLANE('',#1193) ;
#2081=PLANE('',#2080) ;
#2141=PLANE('',#2140) ;
#2207=PLANE('',#2206) ;
#2267=PLANE('',#2266) ;
#2302=PLANE('',#2301) ;
#2384=PLANE('',#2383) ;
#2439=PLANE('',#2438) ;
#2487=PLANE('',#2486) ;
#2535=PLANE('',#2534) ;
#2576=PLANE('',#2575) ;
#2689=PLANE('',#2688) ;
#2737=PLANE('',#2736) ;
#2785=PLANE('',#2784) ;
#2833=PLANE('',#2832) ;
#3012=PLANE('',#3011) ;
#35=CYLINDRICAL_SURFACE('generated cylinder',#34,10.) ;
#419=CYLINDRICAL_SURFACE('generated cylinder',#418,10.) ;
#535=CYLINDRICAL_SURFACE('generated cylinder',#534,10.) ;
#685=CYLINDRICAL_SURFACE('generated cylinder',#684,10.) ;
#801=CYLINDRICAL_SURFACE('generated cylinder',#800,10.) ;
#818=CYLINDRICAL_SURFACE('generated cylinder',#817,10.) ;
#861=CYLINDRICAL_SURFACE('generated cylinder',#860,10.) ;
#904=CYLINDRICAL_SURFACE('generated cylinder',#903,10.) ;
#947=CYLINDRICAL_SURFACE('generated cylinder',#946,9.5) ;
#990=CYLINDRICAL_SURFACE('generated cylinder',#989,18.) ;
#1115=CYLINDRICAL_SURFACE('generated cylinder',#1114,2.3) ;
#1170=CYLINDRICAL_SURFACE('generated cylinder',#1169,2.3) ;
#1211=CYLINDRICAL_SURFACE('generated cylinder',#1210,2.3) ;
#1261=CYLINDRICAL_SURFACE('generated cylinder',#1260,2.3) ;
#1297=CYLINDRICAL_SURFACE('generated cylinder',#1296,2.3) ;
#1347=CYLINDRICAL_SURFACE('generated cylinder',#1346,2.3) ;
#1383=CYLINDRICAL_SURFACE('generated cylinder',#1382,2.3) ;
#1433=CYLINDRICAL_SURFACE('generated cylinder',#1432,2.3) ;
#1469=CYLINDRICAL_SURFACE('generated cylinder',#1468,2.3) ;
#1519=CYLINDRICAL_SURFACE('generated cylinder',#1518,2.3) ;
#2050=CYLINDRICAL_SURFACE('generated cylinder',#2049,7.) ;
#2117=CYLINDRICAL_SURFACE('generated cylinder',#2116,7.) ;
#2183=CYLINDRICAL_SURFACE('generated cylinder',#2182,7.) ;
#2243=CYLINDRICAL_SURFACE('generated cylinder',#2242,7.) ;
#2415=CYLINDRICAL_SURFACE('generated cylinder',#2414,5.4) ;
#2463=CYLINDRICAL_SURFACE('generated cylinder',#2462,5.4) ;
#2511=CYLINDRICAL_SURFACE('generated cylinder',#2510,5.4) ;
#2559=CYLINDRICAL_SURFACE('generated cylinder',#2558,5.4) ;
#2658=CYLINDRICAL_SURFACE('generated cylinder',#2657,2.9) ;
#2713=CYLINDRICAL_SURFACE('generated cylinder',#2712,2.9) ;
#2761=CYLINDRICAL_SURFACE('generated cylinder',#2760,2.9) ;
#2809=CYLINDRICAL_SURFACE('generated cylinder',#2808,2.9) ;
#2969=CYLINDRICAL_SURFACE('generated cylinder',#2968,11.) ;
#3040=CYLINDRICAL_SURFACE('generated cylinder',#3039,11.2) ;
#3087=CYLINDRICAL_SURFACE('generated cylinder',#3086,6.9) ;
#3134=CYLINDRICAL_SURFACE('generated cylinder',#3133,8.2) ;
#3181=CYLINDRICAL_SURFACE('generated cylinder',#3180,8.2) ;
#3228=CYLINDRICAL_SURFACE('generated cylinder',#3227,8.2) ;
#3275=CYLINDRICAL_SURFACE('generated cylinder',#3274,8.2) ;
#162=FACE_BOUND('',#159,.T.) ;
#180=FACE_BOUND('',#177,.T.) ;
#198=FACE_BOUND('',#195,.T.) ;
#216=FACE_BOUND('',#213,.T.) ;
#234=FACE_BOUND('',#231,.T.) ;
#252=FACE_BOUND('',#249,.T.) ;
#280=FACE_BOUND('',#277,.T.) ;
#345=FACE_BOUND('',#340,.T.) ;
#379=FACE_BOUND('',#374,.T.) ;
#413=FACE_BOUND('',#408,.T.) ;
#495=FACE_BOUND('',#490,.T.) ;
#529=FACE_BOUND('',#524,.T.) ;
#611=FACE_BOUND('',#606,.T.) ;
#645=FACE_BOUND('',#640,.T.) ;
#679=FACE_BOUND('',#674,.T.) ;
#761=FACE_BOUND('',#756,.T.) ;
#795=FACE_BOUND('',#790,.T.) ;
#1109=FACE_BOUND('',#1100,.T.) ;
#1952=FACE_BOUND('',#1949,.T.) ;
#1975=FACE_BOUND('',#1972,.T.) ;
#1998=FACE_BOUND('',#1995,.T.) ;
#2021=FACE_BOUND('',#2018,.T.) ;
#2044=FACE_BOUND('',#2041,.T.) ;
#2105=FACE_BOUND('',#2100,.T.) ;
#2111=FACE_BOUND('',#2106,.T.) ;
#2165=FACE_BOUND('',#2160,.T.) ;
#2171=FACE_BOUND('',#2166,.T.) ;
#2177=FACE_BOUND('',#2172,.T.) ;
#2231=FACE_BOUND('',#2226,.T.) ;
#2237=FACE_BOUND('',#2232,.T.) ;
#2284=FACE_BOUND('',#2279,.T.) ;
#2290=FACE_BOUND('',#2285,.T.) ;
#2296=FACE_BOUND('',#2291,.T.) ;
#2378=FACE_BOUND('',#2369,.T.) ;
#2652=FACE_BOUND('',#2643,.T.) ;
#2873=FACE_BOUND('',#2870,.T.) ;
#2891=FACE_BOUND('',#2888,.T.) ;
#2909=FACE_BOUND('',#2906,.T.) ;
#2927=FACE_BOUND('',#2924,.T.) ;
#2945=FACE_BOUND('',#2942,.T.) ;
#2963=FACE_BOUND('',#2960,.T.) ;
#3034=FACE_BOUND('',#3031,.T.) ;
#44=EDGE_CURVE('',#41,#43,#39,.T.) ;
#51=EDGE_CURVE('',#41,#50,#48,.T.) ;
#58=EDGE_CURVE('',#50,#57,#55,.T.) ;
#63=EDGE_CURVE('',#43,#57,#62,.T.) ;
#75=EDGE_CURVE('',#50,#41,#74,.T.) ;
#80=EDGE_CURVE('',#57,#43,#79,.T.) ;
#101=EDGE_CURVE('',#98,#100,#96,.T.) ;
#108=EDGE_CURVE('',#100,#107,#105,.T.) ;
#115=EDGE_CURVE('',#107,#114,#112,.T.) ;
#122=EDGE_CURVE('',#114,#121,#119,.T.) ;
#129=EDGE_CURVE('',#121,#128,#126,.T.) ;
#136=EDGE_CURVE('',#128,#135,#133,.T.) ;
#143=EDGE_CURVE('',#135,#142,#140,.T.) ;
#148=EDGE_CURVE('',#142,#98,#147,.T.) ;
#171=EDGE_CURVE('',#168,#170,#166,.T.) ;
#176=EDGE_CURVE('',#170,#168,#175,.T.) ;
#189=EDGE_CURVE('',#186,#188,#184,.T.) ;
#194=EDGE_CURVE('',#188,#186,#193,.T.) ;
#207=EDGE_CURVE('',#204,#206,#202,.T.) ;
#212=EDGE_CURVE('',#206,#204,#211,.T.) ;
#225=EDGE_CURVE('',#222,#224,#220,.T.) ;
#230=EDGE_CURVE('',#224,#222,#229,.T.) ;
#243=EDGE_CURVE('',#240,#242,#238,.T.) ;
#248=EDGE_CURVE('',#242,#240,#247,.T.) ;
#271=EDGE_CURVE('',#268,#270,#266,.T.) ;
#276=EDGE_CURVE('',#270,#268,#275,.T.) ;
#295=EDGE_CURVE('',#292,#294,#290,.T.) ;
#300=EDGE_CURVE('',#294,#100,#299,.T.) ;
#305=EDGE_CURVE('',#292,#98,#304,.T.) ;
#320=EDGE_CURVE('',#317,#319,#315,.F.) ;
#327=EDGE_CURVE('',#319,#326,#324,.T.) ;
#334=EDGE_CURVE('',#326,#333,#331,.F.) ;
#339=EDGE_CURVE('',#333,#317,#338,.T.) ;
#354=EDGE_CURVE('',#351,#353,#349,.F.) ;
#361=EDGE_CURVE('',#353,#360,#358,.T.) ;
#368=EDGE_CURVE('',#360,#367,#365,.F.) ;
#373=EDGE_CURVE('',#367,#351,#372,.T.) ;
#388=EDGE_CURVE('',#385,#387,#383,.F.) ;
#395=EDGE_CURVE('',#387,#394,#392,.T.) ;
#402=EDGE_CURVE('',#394,#401,#399,.F.) ;
#407=EDGE_CURVE('',#401,#385,#406,.T.) ;
#426=EDGE_CURVE('',#294,#425,#423,.T.) ;
#431=EDGE_CURVE('',#425,#107,#430,.T.) ;
#450=EDGE_CURVE('',#425,#449,#447,.T.) ;
#455=EDGE_CURVE('',#449,#114,#454,.T.) ;
#470=EDGE_CURVE('',#467,#469,#465,.T.) ;
#477=EDGE_CURVE('',#476,#467,#474,.F.) ;
#484=EDGE_CURVE('',#483,#476,#481,.T.) ;
#489=EDGE_CURVE('',#469,#483,#488,.F.) ;
#504=EDGE_CURVE('',#501,#503,#499,.T.) ;
#511=EDGE_CURVE('',#510,#501,#508,.F.) ;
#518=EDGE_CURVE('',#517,#510,#515,.T.) ;
#523=EDGE_CURVE('',#503,#517,#522,.F.) ;
#542=EDGE_CURVE('',#449,#541,#539,.T.) ;
#547=EDGE_CURVE('',#541,#121,#546,.T.) ;
#566=EDGE_CURVE('',#541,#565,#563,.T.) ;
#571=EDGE_CURVE('',#565,#128,#570,.T.) ;
#586=EDGE_CURVE('',#583,#585,#581,.T.) ;
#593=EDGE_CURVE('',#592,#583,#590,.T.) ;
#600=EDGE_CURVE('',#599,#592,#597,.T.) ;
#605=EDGE_CURVE('',#585,#599,#604,.T.) ;
#620=EDGE_CURVE('',#617,#619,#615,.T.) ;
#627=EDGE_CURVE('',#626,#617,#624,.T.) ;
#634=EDGE_CURVE('',#633,#626,#631,.T.) ;
#639=EDGE_CURVE('',#619,#633,#638,.T.) ;
#654=EDGE_CURVE('',#651,#653,#649,.T.) ;
#661=EDGE_CURVE('',#660,#651,#658,.T.) ;
#668=EDGE_CURVE('',#667,#660,#665,.T.) ;
#673=EDGE_CURVE('',#653,#667,#672,.T.) ;
#692=EDGE_CURVE('',#565,#691,#689,.T.) ;
#697=EDGE_CURVE('',#691,#135,#696,.T.) ;
#716=EDGE_CURVE('',#691,#715,#713,.T.) ;
#721=EDGE_CURVE('',#715,#142,#720,.T.) ;
#736=EDGE_CURVE('',#733,#735,#731,.F.) ;
#743=EDGE_CURVE('',#735,#742,#740,.F.) ;
#750=EDGE_CURVE('',#742,#749,#747,.F.) ;
#755=EDGE_CURVE('',#749,#733,#754,.F.) ;
#770=EDGE_CURVE('',#767,#769,#765,.F.) ;
#777=EDGE_CURVE('',#769,#776,#774,.F.) ;
#784=EDGE_CURVE('',#776,#783,#781,.F.) ;
#789=EDGE_CURVE('',#783,#767,#788,.F.) ;
#806=EDGE_CURVE('',#715,#292,#805,.T.) ;
#825=EDGE_CURVE('',#168,#824,#822,.T.) ;
#832=EDGE_CURVE('',#170,#831,#829,.T.) ;
#837=EDGE_CURVE('',#824,#831,#836,.T.) ;
#849=EDGE_CURVE('',#831,#824,#848,.T.) ;
#868=EDGE_CURVE('',#186,#867,#865,.T.) ;
#875=EDGE_CURVE('',#188,#874,#872,.T.) ;
#880=EDGE_CURVE('',#867,#874,#879,.T.) ;
#892=EDGE_CURVE('',#874,#867,#891,.T.) ;
#911=EDGE_CURVE('',#204,#910,#908,.T.) ;
#918=EDGE_CURVE('',#206,#917,#915,.T.) ;
#923=EDGE_CURVE('',#910,#917,#922,.T.) ;
#935=EDGE_CURVE('',#917,#910,#934,.T.) ;
#954=EDGE_CURVE('',#222,#953,#951,.T.) ;
#961=EDGE_CURVE('',#224,#960,#958,.T.) ;
#966=EDGE_CURVE('',#953,#960,#965,.T.) ;
#978=EDGE_CURVE('',#960,#953,#977,.T.) ;
#997=EDGE_CURVE('',#240,#996,#994,.T.) ;
#1004=EDGE_CURVE('',#242,#1003,#1001,.T.) ;
#1009=EDGE_CURVE('',#996,#1003,#1008,.T.) ;
#1021=EDGE_CURVE('',#1003,#996,#1020,.T.) ;
#1052=EDGE_CURVE('',#1049,#1051,#1047,.T.) ;
#1059=EDGE_CURVE('',#1051,#1058,#1056,.T.) ;
#1066=EDGE_CURVE('',#1058,#1065,#1063,.T.) ;
#1073=EDGE_CURVE('',#1065,#1072,#1070,.T.) ;
#1080=EDGE_CURVE('',#1072,#1079,#1077,.T.) ;
#1087=EDGE_CURVE('',#1079,#1086,#1084,.T.) ;
#1094=EDGE_CURVE('',#1086,#1093,#1091,.T.) ;
#1099=EDGE_CURVE('',#1093,#1049,#1098,.T.) ;
#1124=EDGE_CURVE('',#1121,#1123,#1119,.T.) ;
#1129=EDGE_CURVE('',#319,#1123,#1128,.T.) ;
#1134=EDGE_CURVE('',#317,#1121,#1133,.T.) ;
#1153=EDGE_CURVE('',#1123,#1152,#1150,.T.) ;
#1158=EDGE_CURVE('',#326,#1152,#1157,.T.) ;
#1177=EDGE_CURVE('',#1152,#1176,#1174,.T.) ;
#1182=EDGE_CURVE('',#333,#1176,#1181,.T.) ;
#1199=EDGE_CURVE('',#1176,#1121,#1198,.T.) ;
#1220=EDGE_CURVE('',#1217,#1219,#1215,.T.) ;
#1225=EDGE_CURVE('',#353,#1219,#1224,.T.) ;
#1230=EDGE_CURVE('',#351,#1217,#1229,.T.) ;
#1244=EDGE_CURVE('',#1219,#1243,#1241,.T.) ;
#1249=EDGE_CURVE('',#360,#1243,#1248,.T.) ;
#1268=EDGE_CURVE('',#1243,#1267,#1265,.T.) ;
#1273=EDGE_CURVE('',#367,#1267,#1272,.T.) ;
#1285=EDGE_CURVE('',#1267,#1217,#1284,.T.) ;
#1306=EDGE_CURVE('',#1303,#1305,#1301,.T.) ;
#1311=EDGE_CURVE('',#387,#1305,#1310,.T.) ;
#1316=EDGE_CURVE('',#385,#1303,#1315,.T.) ;
#1330=EDGE_CURVE('',#1305,#1329,#1327,.T.) ;
#1335=EDGE_CURVE('',#394,#1329,#1334,.T.) ;
#1354=EDGE_CURVE('',#1329,#1353,#1351,.T.) ;
#1359=EDGE_CURVE('',#401,#1353,#1358,.T.) ;
#1371=EDGE_CURVE('',#1353,#1303,#1370,.T.) ;
#1390=EDGE_CURVE('',#467,#1389,#1387,.F.) ;
#1397=EDGE_CURVE('',#469,#1396,#1394,.F.) ;
#1402=EDGE_CURVE('',#1389,#1396,#1401,.T.) ;
#1416=EDGE_CURVE('',#476,#1415,#1413,.T.) ;
#1421=EDGE_CURVE('',#1415,#1389,#1420,.F.) ;
#1440=EDGE_CURVE('',#483,#1439,#1437,.F.) ;
#1445=EDGE_CURVE('',#1439,#1415,#1444,.T.) ;
#1457=EDGE_CURVE('',#1396,#1439,#1456,.F.) ;
#1476=EDGE_CURVE('',#501,#1475,#1473,.F.) ;
#1483=EDGE_CURVE('',#503,#1482,#1480,.F.) ;
#1488=EDGE_CURVE('',#1475,#1482,#1487,.T.) ;
#1502=EDGE_CURVE('',#510,#1501,#1499,.T.) ;
#1507=EDGE_CURVE('',#1501,#1475,#1506,.F.) ;
#1526=EDGE_CURVE('',#517,#1525,#1523,.F.) ;
#1531=EDGE_CURVE('',#1525,#1501,#1530,.T.) ;
#1543=EDGE_CURVE('',#1482,#1525,#1542,.F.) ;
#1557=EDGE_CURVE('',#583,#1556,#1554,.T.) ;
#1564=EDGE_CURVE('',#585,#1563,#1561,.T.) ;
#1569=EDGE_CURVE('',#1556,#1563,#1568,.T.) ;
#1583=EDGE_CURVE('',#592,#1582,#1580,.F.) ;
#1588=EDGE_CURVE('',#1582,#1556,#1587,.T.) ;
#1602=EDGE_CURVE('',#599,#1601,#1599,.T.) ;
#1607=EDGE_CURVE('',#1601,#1582,#1606,.T.) ;
#1619=EDGE_CURVE('',#1563,#1601,#1618,.T.) ;
#1633=EDGE_CURVE('',#617,#1632,#1630,.T.) ;
#1640=EDGE_CURVE('',#619,#1639,#1637,.T.) ;
#1645=EDGE_CURVE('',#1632,#1639,#1644,.T.) ;
#1659=EDGE_CURVE('',#626,#1658,#1656,.F.) ;
#1664=EDGE_CURVE('',#1658,#1632,#1663,.T.) ;
#1678=EDGE_CURVE('',#633,#1677,#1675,.T.) ;
#1683=EDGE_CURVE('',#1677,#1658,#1682,.T.) ;
#1695=EDGE_CURVE('',#1639,#1677,#1694,.T.) ;
#1709=EDGE_CURVE('',#651,#1708,#1706,.T.) ;
#1716=EDGE_CURVE('',#653,#1715,#1713,.T.) ;
#1721=EDGE_CURVE('',#1708,#1715,#1720,.T.) ;
#1735=EDGE_CURVE('',#660,#1734,#1732,.F.) ;
#1740=EDGE_CURVE('',#1734,#1708,#1739,.T.) ;
#1754=EDGE_CURVE('',#667,#1753,#1751,.T.) ;
#1759=EDGE_CURVE('',#1753,#1734,#1758,.T.) ;
#1771=EDGE_CURVE('',#1715,#1753,#1770,.T.) ;
#1787=EDGE_CURVE('',#1784,#1786,#1782,.F.) ;
#1792=EDGE_CURVE('',#735,#1786,#1791,.T.) ;
#1797=EDGE_CURVE('',#733,#1784,#1796,.T.) ;
#1811=EDGE_CURVE('',#1786,#1810,#1808,.T.) ;
#1816=EDGE_CURVE('',#742,#1810,#1815,.T.) ;
#1830=EDGE_CURVE('',#1810,#1829,#1827,.F.) ;
#1835=EDGE_CURVE('',#749,#1829,#1834,.T.) ;
#1847=EDGE_CURVE('',#1829,#1784,#1846,.T.) ;
#1863=EDGE_CURVE('',#1860,#1862,#1858,.F.) ;
#1868=EDGE_CURVE('',#769,#1862,#1867,.T.) ;
#1873=EDGE_CURVE('',#767,#1860,#1872,.T.) ;
#1887=EDGE_CURVE('',#1862,#1886,#1884,.T.) ;
#1892=EDGE_CURVE('',#776,#1886,#1891,.T.) ;
#1906=EDGE_CURVE('',#1886,#1905,#1903,.F.) ;
#1911=EDGE_CURVE('',#783,#1905,#1910,.T.) ;
#1923=EDGE_CURVE('',#1905,#1860,#1922,.T.) ;
#1943=EDGE_CURVE('',#1940,#1942,#1938,.T.) ;
#1948=EDGE_CURVE('',#1942,#1940,#1947,.T.) ;
#1966=EDGE_CURVE('',#1963,#1965,#1961,.T.) ;
#1971=EDGE_CURVE('',#1965,#1963,#1970,.T.) ;
#1989=EDGE_CURVE('',#1986,#1988,#1984,.T.) ;
#1994=EDGE_CURVE('',#1988,#1986,#1993,.T.) ;
#2012=EDGE_CURVE('',#2009,#2011,#2007,.T.) ;
#2017=EDGE_CURVE('',#2011,#2009,#2016,.T.) ;
#2035=EDGE_CURVE('',#2032,#2034,#2030,.T.) ;
#2040=EDGE_CURVE('',#2034,#2032,#2039,.T.) ;
#2057=EDGE_CURVE('',#2056,#1093,#2054,.F.) ;
#2064=EDGE_CURVE('',#2056,#2063,#2061,.T.) ;
#2069=EDGE_CURVE('',#2063,#1049,#2068,.F.) ;
#2088=EDGE_CURVE('',#2087,#1086,#2085,.T.) ;
#2093=EDGE_CURVE('',#2087,#2056,#2092,.T.) ;
#2124=EDGE_CURVE('',#2123,#1079,#2121,.F.) ;
#2129=EDGE_CURVE('',#2123,#2087,#2128,.T.) ;
#2148=EDGE_CURVE('',#2147,#1072,#2145,.T.) ;
#2153=EDGE_CURVE('',#2147,#2123,#2152,.T.) ;
#2190=EDGE_CURVE('',#2189,#1065,#2187,.F.) ;
#2195=EDGE_CURVE('',#2189,#2147,#2194,.T.) ;
#2214=EDGE_CURVE('',#2213,#1058,#2211,.T.) ;
#2219=EDGE_CURVE('',#2213,#2189,#2218,.T.) ;
#2250=EDGE_CURVE('',#2249,#1051,#2247,.F.) ;
#2255=EDGE_CURVE('',#2249,#2213,#2254,.T.) ;
#2272=EDGE_CURVE('',#2063,#2249,#2271,.T.) ;
#2321=EDGE_CURVE('',#2318,#2320,#2316,.T.) ;
#2328=EDGE_CURVE('',#2320,#2327,#2325,.T.) ;
#2335=EDGE_CURVE('',#2327,#2334,#2332,.T.) ;
#2342=EDGE_CURVE('',#2334,#2341,#2339,.T.) ;
#2349=EDGE_CURVE('',#2341,#2348,#2346,.T.) ;
#2356=EDGE_CURVE('',#2348,#2355,#2353,.T.) ;
#2363=EDGE_CURVE('',#2355,#2362,#2360,.T.) ;
#2368=EDGE_CURVE('',#2362,#2318,#2367,.T.) ;
#2393=EDGE_CURVE('',#2390,#2392,#2388,.T.) ;
#2398=EDGE_CURVE('',#2318,#2392,#2397,.T.) ;
#2403=EDGE_CURVE('',#2362,#2390,#2402,.T.) ;
#2422=EDGE_CURVE('',#2421,#2390,#2419,.T.) ;
#2427=EDGE_CURVE('',#2355,#2421,#2426,.F.) ;
#2446=EDGE_CURVE('',#2445,#2421,#2443,.T.) ;
#2451=EDGE_CURVE('',#2348,#2445,#2450,.T.) ;
#2470=EDGE_CURVE('',#2469,#2445,#2467,.T.) ;
#2475=EDGE_CURVE('',#2341,#2469,#2474,.F.) ;
#2494=EDGE_CURVE('',#2493,#2469,#2491,.T.) ;
#2499=EDGE_CURVE('',#2334,#2493,#2498,.T.) ;
#2518=EDGE_CURVE('',#2517,#2493,#2515,.T.) ;
#2523=EDGE_CURVE('',#2327,#2517,#2522,.F.) ;
#2542=EDGE_CURVE('',#2541,#2517,#2539,.T.) ;
#2547=EDGE_CURVE('',#2320,#2541,#2546,.T.) ;
#2564=EDGE_CURVE('',#2392,#2541,#2563,.T.) ;
#2595=EDGE_CURVE('',#2592,#2594,#2590,.T.) ;
#2602=EDGE_CURVE('',#2594,#2601,#2599,.T.) ;
#2609=EDGE_CURVE('',#2601,#2608,#2606,.T.) ;
#2616=EDGE_CURVE('',#2608,#2615,#2613,.T.) ;
#2623=EDGE_CURVE('',#2615,#2622,#2620,.T.) ;
#2630=EDGE_CURVE('',#2622,#2629,#2627,.T.) ;
#2637=EDGE_CURVE('',#2629,#2636,#2634,.T.) ;
#2642=EDGE_CURVE('',#2636,#2592,#2641,.T.) ;
#2665=EDGE_CURVE('',#2664,#2636,#2662,.F.) ;
#2672=EDGE_CURVE('',#2664,#2671,#2669,.T.) ;
#2677=EDGE_CURVE('',#2671,#2592,#2676,.F.) ;
#2696=EDGE_CURVE('',#2695,#2629,#2693,.T.) ;
#2701=EDGE_CURVE('',#2695,#2664,#2700,.T.) ;
#2720=EDGE_CURVE('',#2719,#2622,#2717,.F.) ;
#2725=EDGE_CURVE('',#2719,#2695,#2724,.T.) ;
#2744=EDGE_CURVE('',#2743,#2615,#2741,.T.) ;
#2749=EDGE_CURVE('',#2743,#2719,#2748,.T.) ;
#2768=EDGE_CURVE('',#2767,#2608,#2765,.F.) ;
#2773=EDGE_CURVE('',#2767,#2743,#2772,.T.) ;
#2792=EDGE_CURVE('',#2791,#2601,#2789,.T.) ;
#2797=EDGE_CURVE('',#2791,#2767,#2796,.T.) ;
#2816=EDGE_CURVE('',#2815,#2594,#2813,.F.) ;
#2821=EDGE_CURVE('',#2815,#2791,#2820,.T.) ;
#2838=EDGE_CURVE('',#2671,#2815,#2837,.T.) ;
#2864=EDGE_CURVE('',#2861,#2863,#2859,.T.) ;
#2869=EDGE_CURVE('',#2863,#2861,#2868,.T.) ;
#2882=EDGE_CURVE('',#2879,#2881,#2877,.T.) ;
#2887=EDGE_CURVE('',#2881,#2879,#2886,.T.) ;
#2900=EDGE_CURVE('',#2897,#2899,#2895,.T.) ;
#2905=EDGE_CURVE('',#2899,#2897,#2904,.T.) ;
#2918=EDGE_CURVE('',#2915,#2917,#2913,.T.) ;
#2923=EDGE_CURVE('',#2917,#2915,#2922,.T.) ;
#2936=EDGE_CURVE('',#2933,#2935,#2931,.T.) ;
#2941=EDGE_CURVE('',#2935,#2933,#2940,.T.) ;
#2954=EDGE_CURVE('',#2951,#2953,#2949,.T.) ;
#2959=EDGE_CURVE('',#2953,#2951,#2958,.T.) ;
#2978=EDGE_CURVE('',#2975,#2977,#2973,.T.) ;
#2983=EDGE_CURVE('',#2861,#2977,#2982,.T.) ;
#2988=EDGE_CURVE('',#2863,#2975,#2987,.T.) ;
#3000=EDGE_CURVE('',#2977,#2975,#2999,.T.) ;
#3025=EDGE_CURVE('',#3022,#3024,#3020,.T.) ;
#3030=EDGE_CURVE('',#3024,#3022,#3029,.T.) ;
#3047=EDGE_CURVE('',#3046,#2034,#3044,.T.) ;
#3054=EDGE_CURVE('',#3053,#2032,#3051,.T.) ;
#3059=EDGE_CURVE('',#2951,#3053,#3058,.T.) ;
#3064=EDGE_CURVE('',#2953,#3046,#3063,.T.) ;
#3094=EDGE_CURVE('',#3024,#3093,#3091,.T.) ;
#3099=EDGE_CURVE('',#3093,#2011,#3098,.T.) ;
#3106=EDGE_CURVE('',#3105,#2009,#3103,.T.) ;
#3111=EDGE_CURVE('',#3022,#3105,#3110,.T.) ;
#3141=EDGE_CURVE('',#3140,#1988,#3138,.T.) ;
#3148=EDGE_CURVE('',#3147,#1986,#3145,.T.) ;
#3153=EDGE_CURVE('',#2933,#3147,#3152,.T.) ;
#3158=EDGE_CURVE('',#2935,#3140,#3157,.T.) ;
#3188=EDGE_CURVE('',#3187,#1965,#3185,.T.) ;
#3195=EDGE_CURVE('',#3194,#1963,#3192,.T.) ;
#3200=EDGE_CURVE('',#2915,#3194,#3199,.T.) ;
#3205=EDGE_CURVE('',#2917,#3187,#3204,.T.) ;
#3235=EDGE_CURVE('',#3234,#1942,#3232,.T.) ;
#3242=EDGE_CURVE('',#3241,#1940,#3239,.T.) ;
#3247=EDGE_CURVE('',#2897,#3241,#3246,.T.) ;
#3252=EDGE_CURVE('',#2899,#3234,#3251,.T.) ;
#3282=EDGE_CURVE('',#3281,#270,#3279,.T.) ;
#3289=EDGE_CURVE('',#3288,#268,#3286,.T.) ;
#3294=EDGE_CURVE('',#2879,#3288,#3293,.T.) ;
#3299=EDGE_CURVE('',#2881,#3281,#3298,.T.) ;
#30=CLOSED_SHELL('Closed Shell',(#70,#87,#253,#281,#414,#438,#530,#554,#680,#704,#796,#813,#844,#856,#887,#899,#930,#942,#973,#985,#1016,#1028,#1110,#1141,#1165,#1189,#1206,#1237,#1256,#1280,#1292,#1323,#1342,#1366,#1378,#1409,#1428,#1452,#1464,#1495,#1514,#1538,#1550,#1576,#1595,#1614,#1626,#1652,#1671,#1690,#1702,#1728,#1747,#1766,#1778,#1804,#1823,#1842,#1854,#1880,#1899,#1918,#1930,#1953,#1976,#1999,#2022,#2045,#2076,#2112,#2136,#2178,#2202,#2238,#2262,#2297,#2379,#2410,#2434,#2458,#2482,#2506,#2530,#2554,#2571,#2653,#2684,#2708,#2732,#2756,#2780,#2804,#2828,#2845,#2964,#2995,#3007,#3035,#3073,#3082,#3120,#3129,#3167,#3176,#3214,#3223,#3261,#3270,#3308,#3317)) ;
#65=ORIENTED_EDGE('',*,*,#44,.F.) ;
#66=ORIENTED_EDGE('',*,*,#51,.T.) ;
#67=ORIENTED_EDGE('',*,*,#58,.T.) ;
#68=ORIENTED_EDGE('',*,*,#63,.F.) ;
#82=ORIENTED_EDGE('',*,*,#58,.F.) ;
#83=ORIENTED_EDGE('',*,*,#75,.T.) ;
#84=ORIENTED_EDGE('',*,*,#44,.T.) ;
#85=ORIENTED_EDGE('',*,*,#80,.F.) ;
#150=ORIENTED_EDGE('',*,*,#101,.T.) ;
#151=ORIENTED_EDGE('',*,*,#108,.T.) ;
#152=ORIENTED_EDGE('',*,*,#115,.T.) ;
#153=ORIENTED_EDGE('',*,*,#122,.T.) ;
#154=ORIENTED_EDGE('',*,*,#129,.T.) ;
#155=ORIENTED_EDGE('',*,*,#136,.T.) ;
#156=ORIENTED_EDGE('',*,*,#143,.T.) ;
#157=ORIENTED_EDGE('',*,*,#148,.T.) ;
#160=ORIENTED_EDGE('',*,*,#51,.F.) ;
#161=ORIENTED_EDGE('',*,*,#75,.F.) ;
#178=ORIENTED_EDGE('',*,*,#171,.F.) ;
#179=ORIENTED_EDGE('',*,*,#176,.F.) ;
#196=ORIENTED_EDGE('',*,*,#189,.F.) ;
#197=ORIENTED_EDGE('',*,*,#194,.F.) ;
#214=ORIENTED_EDGE('',*,*,#207,.F.) ;
#215=ORIENTED_EDGE('',*,*,#212,.F.) ;
#232=ORIENTED_EDGE('',*,*,#225,.F.) ;
#233=ORIENTED_EDGE('',*,*,#230,.F.) ;
#250=ORIENTED_EDGE('',*,*,#243,.F.) ;
#251=ORIENTED_EDGE('',*,*,#248,.F.) ;
#260=ORIENTED_EDGE('',*,*,#63,.T.) ;
#261=ORIENTED_EDGE('',*,*,#80,.T.) ;
#278=ORIENTED_EDGE('',*,*,#271,.F.) ;
#279=ORIENTED_EDGE('',*,*,#276,.F.) ;
#307=ORIENTED_EDGE('',*,*,#295,.T.) ;
#308=ORIENTED_EDGE('',*,*,#300,.T.) ;
#309=ORIENTED_EDGE('',*,*,#101,.F.) ;
#310=ORIENTED_EDGE('',*,*,#305,.F.) ;
#341=ORIENTED_EDGE('',*,*,#320,.T.) ;
#342=ORIENTED_EDGE('',*,*,#327,.T.) ;
#343=ORIENTED_EDGE('',*,*,#334,.T.) ;
#344=ORIENTED_EDGE('',*,*,#339,.T.) ;
#375=ORIENTED_EDGE('',*,*,#354,.T.) ;
#376=ORIENTED_EDGE('',*,*,#361,.T.) ;
#377=ORIENTED_EDGE('',*,*,#368,.T.) ;
#378=ORIENTED_EDGE('',*,*,#373,.T.) ;
#409=ORIENTED_EDGE('',*,*,#388,.T.) ;
#410=ORIENTED_EDGE('',*,*,#395,.T.) ;
#411=ORIENTED_EDGE('',*,*,#402,.T.) ;
#412=ORIENTED_EDGE('',*,*,#407,.T.) ;
#433=ORIENTED_EDGE('',*,*,#426,.T.) ;
#434=ORIENTED_EDGE('',*,*,#431,.T.) ;
#435=ORIENTED_EDGE('',*,*,#108,.F.) ;
#436=ORIENTED_EDGE('',*,*,#300,.F.) ;
#457=ORIENTED_EDGE('',*,*,#450,.T.) ;
#458=ORIENTED_EDGE('',*,*,#455,.T.) ;
#459=ORIENTED_EDGE('',*,*,#115,.F.) ;
#460=ORIENTED_EDGE('',*,*,#431,.F.) ;
#491=ORIENTED_EDGE('',*,*,#470,.F.) ;
#492=ORIENTED_EDGE('',*,*,#477,.F.) ;
#493=ORIENTED_EDGE('',*,*,#484,.F.) ;
#494=ORIENTED_EDGE('',*,*,#489,.F.) ;
#525=ORIENTED_EDGE('',*,*,#504,.F.) ;
#526=ORIENTED_EDGE('',*,*,#511,.F.) ;
#527=ORIENTED_EDGE('',*,*,#518,.F.) ;
#528=ORIENTED_EDGE('',*,*,#523,.F.) ;
#549=ORIENTED_EDGE('',*,*,#542,.T.) ;
#550=ORIENTED_EDGE('',*,*,#547,.T.) ;
#551=ORIENTED_EDGE('',*,*,#122,.F.) ;
#552=ORIENTED_EDGE('',*,*,#455,.F.) ;
#573=ORIENTED_EDGE('',*,*,#566,.T.) ;
#574=ORIENTED_EDGE('',*,*,#571,.T.) ;
#575=ORIENTED_EDGE('',*,*,#129,.F.) ;
#576=ORIENTED_EDGE('',*,*,#547,.F.) ;
#607=ORIENTED_EDGE('',*,*,#586,.F.) ;
#608=ORIENTED_EDGE('',*,*,#593,.F.) ;
#609=ORIENTED_EDGE('',*,*,#600,.F.) ;
#610=ORIENTED_EDGE('',*,*,#605,.F.) ;
#641=ORIENTED_EDGE('',*,*,#620,.F.) ;
#642=ORIENTED_EDGE('',*,*,#627,.F.) ;
#643=ORIENTED_EDGE('',*,*,#634,.F.) ;
#644=ORIENTED_EDGE('',*,*,#639,.F.) ;
#675=ORIENTED_EDGE('',*,*,#654,.F.) ;
#676=ORIENTED_EDGE('',*,*,#661,.F.) ;
#677=ORIENTED_EDGE('',*,*,#668,.F.) ;
#678=ORIENTED_EDGE('',*,*,#673,.F.) ;
#699=ORIENTED_EDGE('',*,*,#692,.T.) ;
#700=ORIENTED_EDGE('',*,*,#697,.T.) ;
#701=ORIENTED_EDGE('',*,*,#136,.F.) ;
#702=ORIENTED_EDGE('',*,*,#571,.F.) ;
#723=ORIENTED_EDGE('',*,*,#716,.T.) ;
#724=ORIENTED_EDGE('',*,*,#721,.T.) ;
#725=ORIENTED_EDGE('',*,*,#143,.F.) ;
#726=ORIENTED_EDGE('',*,*,#697,.F.) ;
#757=ORIENTED_EDGE('',*,*,#736,.T.) ;
#758=ORIENTED_EDGE('',*,*,#743,.T.) ;
#759=ORIENTED_EDGE('',*,*,#750,.T.) ;
#760=ORIENTED_EDGE('',*,*,#755,.T.) ;
#791=ORIENTED_EDGE('',*,*,#770,.T.) ;
#792=ORIENTED_EDGE('',*,*,#777,.T.) ;
#793=ORIENTED_EDGE('',*,*,#784,.T.) ;
#794=ORIENTED_EDGE('',*,*,#789,.T.) ;
#808=ORIENTED_EDGE('',*,*,#806,.T.) ;
#809=ORIENTED_EDGE('',*,*,#305,.T.) ;
#810=ORIENTED_EDGE('',*,*,#148,.F.) ;
#811=ORIENTED_EDGE('',*,*,#721,.F.) ;
#839=ORIENTED_EDGE('',*,*,#825,.F.) ;
#840=ORIENTED_EDGE('',*,*,#171,.T.) ;
#841=ORIENTED_EDGE('',*,*,#832,.T.) ;
#842=ORIENTED_EDGE('',*,*,#837,.F.) ;
#851=ORIENTED_EDGE('',*,*,#832,.F.) ;
#852=ORIENTED_EDGE('',*,*,#176,.T.) ;
#853=ORIENTED_EDGE('',*,*,#825,.T.) ;
#854=ORIENTED_EDGE('',*,*,#849,.F.) ;
#882=ORIENTED_EDGE('',*,*,#868,.F.) ;
#883=ORIENTED_EDGE('',*,*,#189,.T.) ;
#884=ORIENTED_EDGE('',*,*,#875,.T.) ;
#885=ORIENTED_EDGE('',*,*,#880,.F.) ;
#894=ORIENTED_EDGE('',*,*,#875,.F.) ;
#895=ORIENTED_EDGE('',*,*,#194,.T.) ;
#896=ORIENTED_EDGE('',*,*,#868,.T.) ;
#897=ORIENTED_EDGE('',*,*,#892,.F.) ;
#925=ORIENTED_EDGE('',*,*,#911,.F.) ;
#926=ORIENTED_EDGE('',*,*,#207,.T.) ;
#927=ORIENTED_EDGE('',*,*,#918,.T.) ;
#928=ORIENTED_EDGE('',*,*,#923,.F.) ;
#937=ORIENTED_EDGE('',*,*,#918,.F.) ;
#938=ORIENTED_EDGE('',*,*,#212,.T.) ;
#939=ORIENTED_EDGE('',*,*,#911,.T.) ;
#940=ORIENTED_EDGE('',*,*,#935,.F.) ;
#968=ORIENTED_EDGE('',*,*,#954,.F.) ;
#969=ORIENTED_EDGE('',*,*,#225,.T.) ;
#970=ORIENTED_EDGE('',*,*,#961,.T.) ;
#971=ORIENTED_EDGE('',*,*,#966,.F.) ;
#980=ORIENTED_EDGE('',*,*,#961,.F.) ;
#981=ORIENTED_EDGE('',*,*,#230,.T.) ;
#982=ORIENTED_EDGE('',*,*,#954,.T.) ;
#983=ORIENTED_EDGE('',*,*,#978,.F.) ;
#1011=ORIENTED_EDGE('',*,*,#997,.F.) ;
#1012=ORIENTED_EDGE('',*,*,#243,.T.) ;
#1013=ORIENTED_EDGE('',*,*,#1004,.T.) ;
#1014=ORIENTED_EDGE('',*,*,#1009,.F.) ;
#1023=ORIENTED_EDGE('',*,*,#1004,.F.) ;
#1024=ORIENTED_EDGE('',*,*,#248,.T.) ;
#1025=ORIENTED_EDGE('',*,*,#997,.T.) ;
#1026=ORIENTED_EDGE('',*,*,#1021,.F.) ;
#1035=ORIENTED_EDGE('',*,*,#806,.F.) ;
#1036=ORIENTED_EDGE('',*,*,#716,.F.) ;
#1037=ORIENTED_EDGE('',*,*,#692,.F.) ;
#1038=ORIENTED_EDGE('',*,*,#566,.F.) ;
#1039=ORIENTED_EDGE('',*,*,#542,.F.) ;
#1040=ORIENTED_EDGE('',*,*,#450,.F.) ;
#1041=ORIENTED_EDGE('',*,*,#426,.F.) ;
#1042=ORIENTED_EDGE('',*,*,#295,.F.) ;
#1101=ORIENTED_EDGE('',*,*,#1052,.T.) ;
#1102=ORIENTED_EDGE('',*,*,#1059,.T.) ;
#1103=ORIENTED_EDGE('',*,*,#1066,.T.) ;
#1104=ORIENTED_EDGE('',*,*,#1073,.T.) ;
#1105=ORIENTED_EDGE('',*,*,#1080,.T.) ;
#1106=ORIENTED_EDGE('',*,*,#1087,.T.) ;
#1107=ORIENTED_EDGE('',*,*,#1094,.T.) ;
#1108=ORIENTED_EDGE('',*,*,#1099,.T.) ;
#1136=ORIENTED_EDGE('',*,*,#1124,.T.) ;
#1137=ORIENTED_EDGE('',*,*,#1129,.F.) ;
#1138=ORIENTED_EDGE('',*,*,#320,.F.) ;
#1139=ORIENTED_EDGE('',*,*,#1134,.T.) ;
#1160=ORIENTED_EDGE('',*,*,#1153,.T.) ;
#1161=ORIENTED_EDGE('',*,*,#1158,.F.) ;
#1162=ORIENTED_EDGE('',*,*,#327,.F.) ;
#1163=ORIENTED_EDGE('',*,*,#1129,.T.) ;
#1184=ORIENTED_EDGE('',*,*,#1177,.T.) ;
#1185=ORIENTED_EDGE('',*,*,#1182,.F.) ;
#1186=ORIENTED_EDGE('',*,*,#334,.F.) ;
#1187=ORIENTED_EDGE('',*,*,#1158,.T.) ;
#1201=ORIENTED_EDGE('',*,*,#1199,.T.) ;
#1202=ORIENTED_EDGE('',*,*,#1134,.F.) ;
#1203=ORIENTED_EDGE('',*,*,#339,.F.) ;
#1204=ORIENTED_EDGE('',*,*,#1182,.T.) ;
#1232=ORIENTED_EDGE('',*,*,#1220,.T.) ;
#1233=ORIENTED_EDGE('',*,*,#1225,.F.) ;
#1234=ORIENTED_EDGE('',*,*,#354,.F.) ;
#1235=ORIENTED_EDGE('',*,*,#1230,.T.) ;
#1251=ORIENTED_EDGE('',*,*,#1244,.T.) ;
#1252=ORIENTED_EDGE('',*,*,#1249,.F.) ;
#1253=ORIENTED_EDGE('',*,*,#361,.F.) ;
#1254=ORIENTED_EDGE('',*,*,#1225,.T.) ;
#1275=ORIENTED_EDGE('',*,*,#1268,.T.) ;
#1276=ORIENTED_EDGE('',*,*,#1273,.F.) ;
#1277=ORIENTED_EDGE('',*,*,#368,.F.) ;
#1278=ORIENTED_EDGE('',*,*,#1249,.T.) ;
#1287=ORIENTED_EDGE('',*,*,#1285,.T.) ;
#1288=ORIENTED_EDGE('',*,*,#1230,.F.) ;
#1289=ORIENTED_EDGE('',*,*,#373,.F.) ;
#1290=ORIENTED_EDGE('',*,*,#1273,.T.) ;
#1318=ORIENTED_EDGE('',*,*,#1306,.T.) ;
#1319=ORIENTED_EDGE('',*,*,#1311,.F.) ;
#1320=ORIENTED_EDGE('',*,*,#388,.F.) ;
#1321=ORIENTED_EDGE('',*,*,#1316,.T.) ;
#1337=ORIENTED_EDGE('',*,*,#1330,.T.) ;
#1338=ORIENTED_EDGE('',*,*,#1335,.F.) ;
#1339=ORIENTED_EDGE('',*,*,#395,.F.) ;
#1340=ORIENTED_EDGE('',*,*,#1311,.T.) ;
#1361=ORIENTED_EDGE('',*,*,#1354,.T.) ;
#1362=ORIENTED_EDGE('',*,*,#1359,.F.) ;
#1363=ORIENTED_EDGE('',*,*,#402,.F.) ;
#1364=ORIENTED_EDGE('',*,*,#1335,.T.) ;
#1373=ORIENTED_EDGE('',*,*,#1371,.T.) ;
#1374=ORIENTED_EDGE('',*,*,#1316,.F.) ;
#1375=ORIENTED_EDGE('',*,*,#407,.F.) ;
#1376=ORIENTED_EDGE('',*,*,#1359,.T.) ;
#1404=ORIENTED_EDGE('',*,*,#1390,.F.) ;
#1405=ORIENTED_EDGE('',*,*,#470,.T.) ;
#1406=ORIENTED_EDGE('',*,*,#1397,.T.) ;
#1407=ORIENTED_EDGE('',*,*,#1402,.F.) ;
#1423=ORIENTED_EDGE('',*,*,#1416,.F.) ;
#1424=ORIENTED_EDGE('',*,*,#477,.T.) ;
#1425=ORIENTED_EDGE('',*,*,#1390,.T.) ;
#1426=ORIENTED_EDGE('',*,*,#1421,.F.) ;
#1447=ORIENTED_EDGE('',*,*,#1440,.F.) ;
#1448=ORIENTED_EDGE('',*,*,#484,.T.) ;
#1449=ORIENTED_EDGE('',*,*,#1416,.T.) ;
#1450=ORIENTED_EDGE('',*,*,#1445,.F.) ;
#1459=ORIENTED_EDGE('',*,*,#1397,.F.) ;
#1460=ORIENTED_EDGE('',*,*,#489,.T.) ;
#1461=ORIENTED_EDGE('',*,*,#1440,.T.) ;
#1462=ORIENTED_EDGE('',*,*,#1457,.F.) ;
#1490=ORIENTED_EDGE('',*,*,#1476,.F.) ;
#1491=ORIENTED_EDGE('',*,*,#504,.T.) ;
#1492=ORIENTED_EDGE('',*,*,#1483,.T.) ;
#1493=ORIENTED_EDGE('',*,*,#1488,.F.) ;
#1509=ORIENTED_EDGE('',*,*,#1502,.F.) ;
#1510=ORIENTED_EDGE('',*,*,#511,.T.) ;
#1511=ORIENTED_EDGE('',*,*,#1476,.T.) ;
#1512=ORIENTED_EDGE('',*,*,#1507,.F.) ;
#1533=ORIENTED_EDGE('',*,*,#1526,.F.) ;
#1534=ORIENTED_EDGE('',*,*,#518,.T.) ;
#1535=ORIENTED_EDGE('',*,*,#1502,.T.) ;
#1536=ORIENTED_EDGE('',*,*,#1531,.F.) ;
#1545=ORIENTED_EDGE('',*,*,#1483,.F.) ;
#1546=ORIENTED_EDGE('',*,*,#523,.T.) ;
#1547=ORIENTED_EDGE('',*,*,#1526,.T.) ;
#1548=ORIENTED_EDGE('',*,*,#1543,.F.) ;
#1571=ORIENTED_EDGE('',*,*,#1557,.F.) ;
#1572=ORIENTED_EDGE('',*,*,#586,.T.) ;
#1573=ORIENTED_EDGE('',*,*,#1564,.T.) ;
#1574=ORIENTED_EDGE('',*,*,#1569,.F.) ;
#1590=ORIENTED_EDGE('',*,*,#1583,.F.) ;
#1591=ORIENTED_EDGE('',*,*,#593,.T.) ;
#1592=ORIENTED_EDGE('',*,*,#1557,.T.) ;
#1593=ORIENTED_EDGE('',*,*,#1588,.F.) ;
#1609=ORIENTED_EDGE('',*,*,#1602,.F.) ;
#1610=ORIENTED_EDGE('',*,*,#600,.T.) ;
#1611=ORIENTED_EDGE('',*,*,#1583,.T.) ;
#1612=ORIENTED_EDGE('',*,*,#1607,.F.) ;
#1621=ORIENTED_EDGE('',*,*,#1564,.F.) ;
#1622=ORIENTED_EDGE('',*,*,#605,.T.) ;
#1623=ORIENTED_EDGE('',*,*,#1602,.T.) ;
#1624=ORIENTED_EDGE('',*,*,#1619,.F.) ;
#1647=ORIENTED_EDGE('',*,*,#1633,.F.) ;
#1648=ORIENTED_EDGE('',*,*,#620,.T.) ;
#1649=ORIENTED_EDGE('',*,*,#1640,.T.) ;
#1650=ORIENTED_EDGE('',*,*,#1645,.F.) ;
#1666=ORIENTED_EDGE('',*,*,#1659,.F.) ;
#1667=ORIENTED_EDGE('',*,*,#627,.T.) ;
#1668=ORIENTED_EDGE('',*,*,#1633,.T.) ;
#1669=ORIENTED_EDGE('',*,*,#1664,.F.) ;
#1685=ORIENTED_EDGE('',*,*,#1678,.F.) ;
#1686=ORIENTED_EDGE('',*,*,#634,.T.) ;
#1687=ORIENTED_EDGE('',*,*,#1659,.T.) ;
#1688=ORIENTED_EDGE('',*,*,#1683,.F.) ;
#1697=ORIENTED_EDGE('',*,*,#1640,.F.) ;
#1698=ORIENTED_EDGE('',*,*,#639,.T.) ;
#1699=ORIENTED_EDGE('',*,*,#1678,.T.) ;
#1700=ORIENTED_EDGE('',*,*,#1695,.F.) ;
#1723=ORIENTED_EDGE('',*,*,#1709,.F.) ;
#1724=ORIENTED_EDGE('',*,*,#654,.T.) ;
#1725=ORIENTED_EDGE('',*,*,#1716,.T.) ;
#1726=ORIENTED_EDGE('',*,*,#1721,.F.) ;
#1742=ORIENTED_EDGE('',*,*,#1735,.F.) ;
#1743=ORIENTED_EDGE('',*,*,#661,.T.) ;
#1744=ORIENTED_EDGE('',*,*,#1709,.T.) ;
#1745=ORIENTED_EDGE('',*,*,#1740,.F.) ;
#1761=ORIENTED_EDGE('',*,*,#1754,.F.) ;
#1762=ORIENTED_EDGE('',*,*,#668,.T.) ;
#1763=ORIENTED_EDGE('',*,*,#1735,.T.) ;
#1764=ORIENTED_EDGE('',*,*,#1759,.F.) ;
#1773=ORIENTED_EDGE('',*,*,#1716,.F.) ;
#1774=ORIENTED_EDGE('',*,*,#673,.T.) ;
#1775=ORIENTED_EDGE('',*,*,#1754,.T.) ;
#1776=ORIENTED_EDGE('',*,*,#1771,.F.) ;
#1799=ORIENTED_EDGE('',*,*,#1787,.T.) ;
#1800=ORIENTED_EDGE('',*,*,#1792,.F.) ;
#1801=ORIENTED_EDGE('',*,*,#736,.F.) ;
#1802=ORIENTED_EDGE('',*,*,#1797,.T.) ;
#1818=ORIENTED_EDGE('',*,*,#1811,.T.) ;
#1819=ORIENTED_EDGE('',*,*,#1816,.F.) ;
#1820=ORIENTED_EDGE('',*,*,#743,.F.) ;
#1821=ORIENTED_EDGE('',*,*,#1792,.T.) ;
#1837=ORIENTED_EDGE('',*,*,#1830,.T.) ;
#1838=ORIENTED_EDGE('',*,*,#1835,.F.) ;
#1839=ORIENTED_EDGE('',*,*,#750,.F.) ;
#1840=ORIENTED_EDGE('',*,*,#1816,.T.) ;
#1849=ORIENTED_EDGE('',*,*,#1847,.T.) ;
#1850=ORIENTED_EDGE('',*,*,#1797,.F.) ;
#1851=ORIENTED_EDGE('',*,*,#755,.F.) ;
#1852=ORIENTED_EDGE('',*,*,#1835,.T.) ;
#1875=ORIENTED_EDGE('',*,*,#1863,.T.) ;
#1876=ORIENTED_EDGE('',*,*,#1868,.F.) ;
#1877=ORIENTED_EDGE('',*,*,#770,.F.) ;
#1878=ORIENTED_EDGE('',*,*,#1873,.T.) ;
#1894=ORIENTED_EDGE('',*,*,#1887,.T.) ;
#1895=ORIENTED_EDGE('',*,*,#1892,.F.) ;
#1896=ORIENTED_EDGE('',*,*,#777,.F.) ;
#1897=ORIENTED_EDGE('',*,*,#1868,.T.) ;
#1913=ORIENTED_EDGE('',*,*,#1906,.T.) ;
#1914=ORIENTED_EDGE('',*,*,#1911,.F.) ;
#1915=ORIENTED_EDGE('',*,*,#784,.F.) ;
#1916=ORIENTED_EDGE('',*,*,#1892,.T.) ;
#1925=ORIENTED_EDGE('',*,*,#1923,.T.) ;
#1926=ORIENTED_EDGE('',*,*,#1873,.F.) ;
#1927=ORIENTED_EDGE('',*,*,#789,.F.) ;
#1928=ORIENTED_EDGE('',*,*,#1911,.T.) ;
#1932=ORIENTED_EDGE('',*,*,#837,.T.) ;
#1933=ORIENTED_EDGE('',*,*,#849,.T.) ;
#1950=ORIENTED_EDGE('',*,*,#1943,.F.) ;
#1951=ORIENTED_EDGE('',*,*,#1948,.F.) ;
#1955=ORIENTED_EDGE('',*,*,#880,.T.) ;
#1956=ORIENTED_EDGE('',*,*,#892,.T.) ;
#1973=ORIENTED_EDGE('',*,*,#1966,.F.) ;
#1974=ORIENTED_EDGE('',*,*,#1971,.F.) ;
#1978=ORIENTED_EDGE('',*,*,#923,.T.) ;
#1979=ORIENTED_EDGE('',*,*,#935,.T.) ;
#1996=ORIENTED_EDGE('',*,*,#1989,.F.) ;
#1997=ORIENTED_EDGE('',*,*,#1994,.F.) ;
#2001=ORIENTED_EDGE('',*,*,#966,.T.) ;
#2002=ORIENTED_EDGE('',*,*,#978,.T.) ;
#2019=ORIENTED_EDGE('',*,*,#2012,.F.) ;
#2020=ORIENTED_EDGE('',*,*,#2017,.F.) ;
#2024=ORIENTED_EDGE('',*,*,#1009,.T.) ;
#2025=ORIENTED_EDGE('',*,*,#1021,.T.) ;
#2042=ORIENTED_EDGE('',*,*,#2035,.F.) ;
#2043=ORIENTED_EDGE('',*,*,#2040,.F.) ;
#2071=ORIENTED_EDGE('',*,*,#2057,.F.) ;
#2072=ORIENTED_EDGE('',*,*,#2064,.T.) ;
#2073=ORIENTED_EDGE('',*,*,#2069,.T.) ;
#2074=ORIENTED_EDGE('',*,*,#1099,.F.) ;
#2095=ORIENTED_EDGE('',*,*,#2088,.F.) ;
#2096=ORIENTED_EDGE('',*,*,#2093,.T.) ;
#2097=ORIENTED_EDGE('',*,*,#2057,.T.) ;
#2098=ORIENTED_EDGE('',*,*,#1094,.F.) ;
#2101=ORIENTED_EDGE('',*,*,#1847,.F.) ;
#2102=ORIENTED_EDGE('',*,*,#1830,.F.) ;
#2103=ORIENTED_EDGE('',*,*,#1811,.F.) ;
#2104=ORIENTED_EDGE('',*,*,#1787,.F.) ;
#2107=ORIENTED_EDGE('',*,*,#1923,.F.) ;
#2108=ORIENTED_EDGE('',*,*,#1906,.F.) ;
#2109=ORIENTED_EDGE('',*,*,#1887,.F.) ;
#2110=ORIENTED_EDGE('',*,*,#1863,.F.) ;
#2131=ORIENTED_EDGE('',*,*,#2124,.F.) ;
#2132=ORIENTED_EDGE('',*,*,#2129,.T.) ;
#2133=ORIENTED_EDGE('',*,*,#2088,.T.) ;
#2134=ORIENTED_EDGE('',*,*,#1087,.F.) ;
#2155=ORIENTED_EDGE('',*,*,#2148,.F.) ;
#2156=ORIENTED_EDGE('',*,*,#2153,.T.) ;
#2157=ORIENTED_EDGE('',*,*,#2124,.T.) ;
#2158=ORIENTED_EDGE('',*,*,#1080,.F.) ;
#2161=ORIENTED_EDGE('',*,*,#1619,.T.) ;
#2162=ORIENTED_EDGE('',*,*,#1607,.T.) ;
#2163=ORIENTED_EDGE('',*,*,#1588,.T.) ;
#2164=ORIENTED_EDGE('',*,*,#1569,.T.) ;
#2167=ORIENTED_EDGE('',*,*,#1695,.T.) ;
#2168=ORIENTED_EDGE('',*,*,#1683,.T.) ;
#2169=ORIENTED_EDGE('',*,*,#1664,.T.) ;
#2170=ORIENTED_EDGE('',*,*,#1645,.T.) ;
#2173=ORIENTED_EDGE('',*,*,#1771,.T.) ;
#2174=ORIENTED_EDGE('',*,*,#1759,.T.) ;
#2175=ORIENTED_EDGE('',*,*,#1740,.T.) ;
#2176=ORIENTED_EDGE('',*,*,#1721,.T.) ;
#2197=ORIENTED_EDGE('',*,*,#2190,.F.) ;
#2198=ORIENTED_EDGE('',*,*,#2195,.T.) ;
#2199=ORIENTED_EDGE('',*,*,#2148,.T.) ;
#2200=ORIENTED_EDGE('',*,*,#1073,.F.) ;
#2221=ORIENTED_EDGE('',*,*,#2214,.F.) ;
#2222=ORIENTED_EDGE('',*,*,#2219,.T.) ;
#2223=ORIENTED_EDGE('',*,*,#2190,.T.) ;
#2224=ORIENTED_EDGE('',*,*,#1066,.F.) ;
#2227=ORIENTED_EDGE('',*,*,#1457,.T.) ;
#2228=ORIENTED_EDGE('',*,*,#1445,.T.) ;
#2229=ORIENTED_EDGE('',*,*,#1421,.T.) ;
#2230=ORIENTED_EDGE('',*,*,#1402,.T.) ;
#2233=ORIENTED_EDGE('',*,*,#1543,.T.) ;
#2234=ORIENTED_EDGE('',*,*,#1531,.T.) ;
#2235=ORIENTED_EDGE('',*,*,#1507,.T.) ;
#2236=ORIENTED_EDGE('',*,*,#1488,.T.) ;
#2257=ORIENTED_EDGE('',*,*,#2250,.F.) ;
#2258=ORIENTED_EDGE('',*,*,#2255,.T.) ;
#2259=ORIENTED_EDGE('',*,*,#2214,.T.) ;
#2260=ORIENTED_EDGE('',*,*,#1059,.F.) ;
#2274=ORIENTED_EDGE('',*,*,#2069,.F.) ;
#2275=ORIENTED_EDGE('',*,*,#2272,.T.) ;
#2276=ORIENTED_EDGE('',*,*,#2250,.T.) ;
#2277=ORIENTED_EDGE('',*,*,#1052,.F.) ;
#2280=ORIENTED_EDGE('',*,*,#1199,.F.) ;
#2281=ORIENTED_EDGE('',*,*,#1177,.F.) ;
#2282=ORIENTED_EDGE('',*,*,#1153,.F.) ;
#2283=ORIENTED_EDGE('',*,*,#1124,.F.) ;
#2286=ORIENTED_EDGE('',*,*,#1285,.F.) ;
#2287=ORIENTED_EDGE('',*,*,#1268,.F.) ;
#2288=ORIENTED_EDGE('',*,*,#1244,.F.) ;
#2289=ORIENTED_EDGE('',*,*,#1220,.F.) ;
#2292=ORIENTED_EDGE('',*,*,#1371,.F.) ;
#2293=ORIENTED_EDGE('',*,*,#1354,.F.) ;
#2294=ORIENTED_EDGE('',*,*,#1330,.F.) ;
#2295=ORIENTED_EDGE('',*,*,#1306,.F.) ;
#2304=ORIENTED_EDGE('',*,*,#2255,.F.) ;
#2305=ORIENTED_EDGE('',*,*,#2272,.F.) ;
#2306=ORIENTED_EDGE('',*,*,#2064,.F.) ;
#2307=ORIENTED_EDGE('',*,*,#2093,.F.) ;
#2308=ORIENTED_EDGE('',*,*,#2129,.F.) ;
#2309=ORIENTED_EDGE('',*,*,#2153,.F.) ;
#2310=ORIENTED_EDGE('',*,*,#2195,.F.) ;
#2311=ORIENTED_EDGE('',*,*,#2219,.F.) ;
#2370=ORIENTED_EDGE('',*,*,#2321,.T.) ;
#2371=ORIENTED_EDGE('',*,*,#2328,.T.) ;
#2372=ORIENTED_EDGE('',*,*,#2335,.T.) ;
#2373=ORIENTED_EDGE('',*,*,#2342,.T.) ;
#2374=ORIENTED_EDGE('',*,*,#2349,.T.) ;
#2375=ORIENTED_EDGE('',*,*,#2356,.T.) ;
#2376=ORIENTED_EDGE('',*,*,#2363,.T.) ;
#2377=ORIENTED_EDGE('',*,*,#2368,.T.) ;
#2405=ORIENTED_EDGE('',*,*,#2393,.T.) ;
#2406=ORIENTED_EDGE('',*,*,#2398,.F.) ;
#2407=ORIENTED_EDGE('',*,*,#2368,.F.) ;
#2408=ORIENTED_EDGE('',*,*,#2403,.T.) ;
#2429=ORIENTED_EDGE('',*,*,#2422,.T.) ;
#2430=ORIENTED_EDGE('',*,*,#2403,.F.) ;
#2431=ORIENTED_EDGE('',*,*,#2363,.F.) ;
#2432=ORIENTED_EDGE('',*,*,#2427,.T.) ;
#2453=ORIENTED_EDGE('',*,*,#2446,.T.) ;
#2454=ORIENTED_EDGE('',*,*,#2427,.F.) ;
#2455=ORIENTED_EDGE('',*,*,#2356,.F.) ;
#2456=ORIENTED_EDGE('',*,*,#2451,.T.) ;
#2477=ORIENTED_EDGE('',*,*,#2470,.T.) ;
#2478=ORIENTED_EDGE('',*,*,#2451,.F.) ;
#2479=ORIENTED_EDGE('',*,*,#2349,.F.) ;
#2480=ORIENTED_EDGE('',*,*,#2475,.T.) ;
#2501=ORIENTED_EDGE('',*,*,#2494,.T.) ;
#2502=ORIENTED_EDGE('',*,*,#2475,.F.) ;
#2503=ORIENTED_EDGE('',*,*,#2342,.F.) ;
#2504=ORIENTED_EDGE('',*,*,#2499,.T.) ;
#2525=ORIENTED_EDGE('',*,*,#2518,.T.) ;
#2526=ORIENTED_EDGE('',*,*,#2499,.F.) ;
#2527=ORIENTED_EDGE('',*,*,#2335,.F.) ;
#2528=ORIENTED_EDGE('',*,*,#2523,.T.) ;
#2549=ORIENTED_EDGE('',*,*,#2542,.T.) ;
#2550=ORIENTED_EDGE('',*,*,#2523,.F.) ;
#2551=ORIENTED_EDGE('',*,*,#2328,.F.) ;
#2552=ORIENTED_EDGE('',*,*,#2547,.T.) ;
#2566=ORIENTED_EDGE('',*,*,#2564,.T.) ;
#2567=ORIENTED_EDGE('',*,*,#2547,.F.) ;
#2568=ORIENTED_EDGE('',*,*,#2321,.F.) ;
#2569=ORIENTED_EDGE('',*,*,#2398,.T.) ;
#2578=ORIENTED_EDGE('',*,*,#2564,.F.) ;
#2579=ORIENTED_EDGE('',*,*,#2393,.F.) ;
#2580=ORIENTED_EDGE('',*,*,#2422,.F.) ;
#2581=ORIENTED_EDGE('',*,*,#2446,.F.) ;
#2582=ORIENTED_EDGE('',*,*,#2470,.F.) ;
#2583=ORIENTED_EDGE('',*,*,#2494,.F.) ;
#2584=ORIENTED_EDGE('',*,*,#2518,.F.) ;
#2585=ORIENTED_EDGE('',*,*,#2542,.F.) ;
#2644=ORIENTED_EDGE('',*,*,#2595,.T.) ;
#2645=ORIENTED_EDGE('',*,*,#2602,.T.) ;
#2646=ORIENTED_EDGE('',*,*,#2609,.T.) ;
#2647=ORIENTED_EDGE('',*,*,#2616,.T.) ;
#2648=ORIENTED_EDGE('',*,*,#2623,.T.) ;
#2649=ORIENTED_EDGE('',*,*,#2630,.T.) ;
#2650=ORIENTED_EDGE('',*,*,#2637,.T.) ;
#2651=ORIENTED_EDGE('',*,*,#2642,.T.) ;
#2679=ORIENTED_EDGE('',*,*,#2665,.F.) ;
#2680=ORIENTED_EDGE('',*,*,#2672,.T.) ;
#2681=ORIENTED_EDGE('',*,*,#2677,.T.) ;
#2682=ORIENTED_EDGE('',*,*,#2642,.F.) ;
#2703=ORIENTED_EDGE('',*,*,#2696,.F.) ;
#2704=ORIENTED_EDGE('',*,*,#2701,.T.) ;
#2705=ORIENTED_EDGE('',*,*,#2665,.T.) ;
#2706=ORIENTED_EDGE('',*,*,#2637,.F.) ;
#2727=ORIENTED_EDGE('',*,*,#2720,.F.) ;
#2728=ORIENTED_EDGE('',*,*,#2725,.T.) ;
#2729=ORIENTED_EDGE('',*,*,#2696,.T.) ;
#2730=ORIENTED_EDGE('',*,*,#2630,.F.) ;
#2751=ORIENTED_EDGE('',*,*,#2744,.F.) ;
#2752=ORIENTED_EDGE('',*,*,#2749,.T.) ;
#2753=ORIENTED_EDGE('',*,*,#2720,.T.) ;
#2754=ORIENTED_EDGE('',*,*,#2623,.F.) ;
#2775=ORIENTED_EDGE('',*,*,#2768,.F.) ;
#2776=ORIENTED_EDGE('',*,*,#2773,.T.) ;
#2777=ORIENTED_EDGE('',*,*,#2744,.T.) ;
#2778=ORIENTED_EDGE('',*,*,#2616,.F.) ;
#2799=ORIENTED_EDGE('',*,*,#2792,.F.) ;
#2800=ORIENTED_EDGE('',*,*,#2797,.T.) ;
#2801=ORIENTED_EDGE('',*,*,#2768,.T.) ;
#2802=ORIENTED_EDGE('',*,*,#2609,.F.) ;
#2823=ORIENTED_EDGE('',*,*,#2816,.F.) ;
#2824=ORIENTED_EDGE('',*,*,#2821,.T.) ;
#2825=ORIENTED_EDGE('',*,*,#2792,.T.) ;
#2826=ORIENTED_EDGE('',*,*,#2602,.F.) ;
#2840=ORIENTED_EDGE('',*,*,#2677,.F.) ;
#2841=ORIENTED_EDGE('',*,*,#2838,.T.) ;
#2842=ORIENTED_EDGE('',*,*,#2816,.T.) ;
#2843=ORIENTED_EDGE('',*,*,#2595,.F.) ;
#2847=ORIENTED_EDGE('',*,*,#2838,.F.) ;
#2848=ORIENTED_EDGE('',*,*,#2672,.F.) ;
#2849=ORIENTED_EDGE('',*,*,#2701,.F.) ;
#2850=ORIENTED_EDGE('',*,*,#2725,.F.) ;
#2851=ORIENTED_EDGE('',*,*,#2749,.F.) ;
#2852=ORIENTED_EDGE('',*,*,#2773,.F.) ;
#2853=ORIENTED_EDGE('',*,*,#2797,.F.) ;
#2854=ORIENTED_EDGE('',*,*,#2821,.F.) ;
#2871=ORIENTED_EDGE('',*,*,#2864,.T.) ;
#2872=ORIENTED_EDGE('',*,*,#2869,.T.) ;
#2889=ORIENTED_EDGE('',*,*,#2882,.T.) ;
#2890=ORIENTED_EDGE('',*,*,#2887,.T.) ;
#2907=ORIENTED_EDGE('',*,*,#2900,.T.) ;
#2908=ORIENTED_EDGE('',*,*,#2905,.T.) ;
#2925=ORIENTED_EDGE('',*,*,#2918,.T.) ;
#2926=ORIENTED_EDGE('',*,*,#2923,.T.) ;
#2943=ORIENTED_EDGE('',*,*,#2936,.T.) ;
#2944=ORIENTED_EDGE('',*,*,#2941,.T.) ;
#2961=ORIENTED_EDGE('',*,*,#2954,.T.) ;
#2962=ORIENTED_EDGE('',*,*,#2959,.T.) ;
#2990=ORIENTED_EDGE('',*,*,#2978,.T.) ;
#2991=ORIENTED_EDGE('',*,*,#2983,.F.) ;
#2992=ORIENTED_EDGE('',*,*,#2869,.F.) ;
#2993=ORIENTED_EDGE('',*,*,#2988,.T.) ;
#3002=ORIENTED_EDGE('',*,*,#3000,.T.) ;
#3003=ORIENTED_EDGE('',*,*,#2988,.F.) ;
#3004=ORIENTED_EDGE('',*,*,#2864,.F.) ;
#3005=ORIENTED_EDGE('',*,*,#2983,.T.) ;
#3014=ORIENTED_EDGE('',*,*,#3000,.F.) ;
#3015=ORIENTED_EDGE('',*,*,#2978,.F.) ;
#3032=ORIENTED_EDGE('',*,*,#3025,.T.) ;
#3033=ORIENTED_EDGE('',*,*,#3030,.T.) ;
#3066=ORIENTED_EDGE('',*,*,#3047,.T.) ;
#3067=ORIENTED_EDGE('',*,*,#2040,.T.) ;
#3068=ORIENTED_EDGE('',*,*,#3054,.F.) ;
#3069=ORIENTED_EDGE('',*,*,#3059,.F.) ;
#3070=ORIENTED_EDGE('',*,*,#2959,.F.) ;
#3071=ORIENTED_EDGE('',*,*,#3064,.T.) ;
#3075=ORIENTED_EDGE('',*,*,#3054,.T.) ;
#3076=ORIENTED_EDGE('',*,*,#2035,.T.) ;
#3077=ORIENTED_EDGE('',*,*,#3047,.F.) ;
#3078=ORIENTED_EDGE('',*,*,#3064,.F.) ;
#3079=ORIENTED_EDGE('',*,*,#2954,.F.) ;
#3080=ORIENTED_EDGE('',*,*,#3059,.T.) ;
#3113=ORIENTED_EDGE('',*,*,#3094,.T.) ;
#3114=ORIENTED_EDGE('',*,*,#3099,.T.) ;
#3115=ORIENTED_EDGE('',*,*,#2017,.T.) ;
#3116=ORIENTED_EDGE('',*,*,#3106,.F.) ;
#3117=ORIENTED_EDGE('',*,*,#3111,.F.) ;
#3118=ORIENTED_EDGE('',*,*,#3030,.F.) ;
#3122=ORIENTED_EDGE('',*,*,#3111,.T.) ;
#3123=ORIENTED_EDGE('',*,*,#3106,.T.) ;
#3124=ORIENTED_EDGE('',*,*,#2012,.T.) ;
#3125=ORIENTED_EDGE('',*,*,#3099,.F.) ;
#3126=ORIENTED_EDGE('',*,*,#3094,.F.) ;
#3127=ORIENTED_EDGE('',*,*,#3025,.F.) ;
#3160=ORIENTED_EDGE('',*,*,#3141,.T.) ;
#3161=ORIENTED_EDGE('',*,*,#1994,.T.) ;
#3162=ORIENTED_EDGE('',*,*,#3148,.F.) ;
#3163=ORIENTED_EDGE('',*,*,#3153,.F.) ;
#3164=ORIENTED_EDGE('',*,*,#2941,.F.) ;
#3165=ORIENTED_EDGE('',*,*,#3158,.T.) ;
#3169=ORIENTED_EDGE('',*,*,#3148,.T.) ;
#3170=ORIENTED_EDGE('',*,*,#1989,.T.) ;
#3171=ORIENTED_EDGE('',*,*,#3141,.F.) ;
#3172=ORIENTED_EDGE('',*,*,#3158,.F.) ;
#3173=ORIENTED_EDGE('',*,*,#2936,.F.) ;
#3174=ORIENTED_EDGE('',*,*,#3153,.T.) ;
#3207=ORIENTED_EDGE('',*,*,#3188,.T.) ;
#3208=ORIENTED_EDGE('',*,*,#1971,.T.) ;
#3209=ORIENTED_EDGE('',*,*,#3195,.F.) ;
#3210=ORIENTED_EDGE('',*,*,#3200,.F.) ;
#3211=ORIENTED_EDGE('',*,*,#2923,.F.) ;
#3212=ORIENTED_EDGE('',*,*,#3205,.T.) ;
#3216=ORIENTED_EDGE('',*,*,#3195,.T.) ;
#3217=ORIENTED_EDGE('',*,*,#1966,.T.) ;
#3218=ORIENTED_EDGE('',*,*,#3188,.F.) ;
#3219=ORIENTED_EDGE('',*,*,#3205,.F.) ;
#3220=ORIENTED_EDGE('',*,*,#2918,.F.) ;
#3221=ORIENTED_EDGE('',*,*,#3200,.T.) ;
#3254=ORIENTED_EDGE('',*,*,#3235,.T.) ;
#3255=ORIENTED_EDGE('',*,*,#1948,.T.) ;
#3256=ORIENTED_EDGE('',*,*,#3242,.F.) ;
#3257=ORIENTED_EDGE('',*,*,#3247,.F.) ;
#3258=ORIENTED_EDGE('',*,*,#2905,.F.) ;
#3259=ORIENTED_EDGE('',*,*,#3252,.T.) ;
#3263=ORIENTED_EDGE('',*,*,#3242,.T.) ;
#3264=ORIENTED_EDGE('',*,*,#1943,.T.) ;
#3265=ORIENTED_EDGE('',*,*,#3235,.F.) ;
#3266=ORIENTED_EDGE('',*,*,#3252,.F.) ;
#3267=ORIENTED_EDGE('',*,*,#2900,.F.) ;
#3268=ORIENTED_EDGE('',*,*,#3247,.T.) ;
#3301=ORIENTED_EDGE('',*,*,#3282,.T.) ;
#3302=ORIENTED_EDGE('',*,*,#276,.T.) ;
#3303=ORIENTED_EDGE('',*,*,#3289,.F.) ;
#3304=ORIENTED_EDGE('',*,*,#3294,.F.) ;
#3305=ORIENTED_EDGE('',*,*,#2887,.F.) ;
#3306=ORIENTED_EDGE('',*,*,#3299,.T.) ;
#3310=ORIENTED_EDGE('',*,*,#3289,.T.) ;
#3311=ORIENTED_EDGE('',*,*,#271,.T.) ;
#3312=ORIENTED_EDGE('',*,*,#3282,.F.) ;
#3313=ORIENTED_EDGE('',*,*,#3299,.F.) ;
#3314=ORIENTED_EDGE('',*,*,#2882,.F.) ;
#3315=ORIENTED_EDGE('',*,*,#3294,.T.) ;
#64=EDGE_LOOP('',(#65,#66,#67,#68)) ;
#81=EDGE_LOOP('',(#82,#83,#84,#85)) ;
#149=EDGE_LOOP('',(#150,#151,#152,#153,#154,#155,#156,#157)) ;
#159=EDGE_LOOP('',(#160,#161)) ;
#177=EDGE_LOOP('',(#178,#179)) ;
#195=EDGE_LOOP('',(#196,#197)) ;
#213=EDGE_LOOP('',(#214,#215)) ;
#231=EDGE_LOOP('',(#232,#233)) ;
#249=EDGE_LOOP('',(#250,#251)) ;
#259=EDGE_LOOP('',(#260,#261)) ;
#277=EDGE_LOOP('',(#278,#279)) ;
#306=EDGE_LOOP('',(#307,#308,#309,#310)) ;
#340=EDGE_LOOP('',(#341,#342,#343,#344)) ;
#374=EDGE_LOOP('',(#375,#376,#377,#378)) ;
#408=EDGE_LOOP('',(#409,#410,#411,#412)) ;
#432=EDGE_LOOP('',(#433,#434,#435,#436)) ;
#456=EDGE_LOOP('',(#457,#458,#459,#460)) ;
#490=EDGE_LOOP('',(#491,#492,#493,#494)) ;
#524=EDGE_LOOP('',(#525,#526,#527,#528)) ;
#548=EDGE_LOOP('',(#549,#550,#551,#552)) ;
#572=EDGE_LOOP('',(#573,#574,#575,#576)) ;
#606=EDGE_LOOP('',(#607,#608,#609,#610)) ;
#640=EDGE_LOOP('',(#641,#642,#643,#644)) ;
#674=EDGE_LOOP('',(#675,#676,#677,#678)) ;
#698=EDGE_LOOP('',(#699,#700,#701,#702)) ;
#722=EDGE_LOOP('',(#723,#724,#725,#726)) ;
#756=EDGE_LOOP('',(#757,#758,#759,#760)) ;
#790=EDGE_LOOP('',(#791,#792,#793,#794)) ;
#807=EDGE_LOOP('',(#808,#809,#810,#811)) ;
#838=EDGE_LOOP('',(#839,#840,#841,#842)) ;
#850=EDGE_LOOP('',(#851,#852,#853,#854)) ;
#881=EDGE_LOOP('',(#882,#883,#884,#885)) ;
#893=EDGE_LOOP('',(#894,#895,#896,#897)) ;
#924=EDGE_LOOP('',(#925,#926,#927,#928)) ;
#936=EDGE_LOOP('',(#937,#938,#939,#940)) ;
#967=EDGE_LOOP('',(#968,#969,#970,#971)) ;
#979=EDGE_LOOP('',(#980,#981,#982,#983)) ;
#1010=EDGE_LOOP('',(#1011,#1012,#1013,#1014)) ;
#1022=EDGE_LOOP('',(#1023,#1024,#1025,#1026)) ;
#1034=EDGE_LOOP('',(#1035,#1036,#1037,#1038,#1039,#1040,#1041,#1042)) ;
#1100=EDGE_LOOP('',(#1101,#1102,#1103,#1104,#1105,#1106,#1107,#1108)) ;
#1135=EDGE_LOOP('',(#1136,#1137,#1138,#1139)) ;
#1159=EDGE_LOOP('',(#1160,#1161,#1162,#1163)) ;
#1183=EDGE_LOOP('',(#1184,#1185,#1186,#1187)) ;
#1200=EDGE_LOOP('',(#1201,#1202,#1203,#1204)) ;
#1231=EDGE_LOOP('',(#1232,#1233,#1234,#1235)) ;
#1250=EDGE_LOOP('',(#1251,#1252,#1253,#1254)) ;
#1274=EDGE_LOOP('',(#1275,#1276,#1277,#1278)) ;
#1286=EDGE_LOOP('',(#1287,#1288,#1289,#1290)) ;
#1317=EDGE_LOOP('',(#1318,#1319,#1320,#1321)) ;
#1336=EDGE_LOOP('',(#1337,#1338,#1339,#1340)) ;
#1360=EDGE_LOOP('',(#1361,#1362,#1363,#1364)) ;
#1372=EDGE_LOOP('',(#1373,#1374,#1375,#1376)) ;
#1403=EDGE_LOOP('',(#1404,#1405,#1406,#1407)) ;
#1422=EDGE_LOOP('',(#1423,#1424,#1425,#1426)) ;
#1446=EDGE_LOOP('',(#1447,#1448,#1449,#1450)) ;
#1458=EDGE_LOOP('',(#1459,#1460,#1461,#1462)) ;
#1489=EDGE_LOOP('',(#1490,#1491,#1492,#1493)) ;
#1508=EDGE_LOOP('',(#1509,#1510,#1511,#1512)) ;
#1532=EDGE_LOOP('',(#1533,#1534,#1535,#1536)) ;
#1544=EDGE_LOOP('',(#1545,#1546,#1547,#1548)) ;
#1570=EDGE_LOOP('',(#1571,#1572,#1573,#1574)) ;
#1589=EDGE_LOOP('',(#1590,#1591,#1592,#1593)) ;
#1608=EDGE_LOOP('',(#1609,#1610,#1611,#1612)) ;
#1620=EDGE_LOOP('',(#1621,#1622,#1623,#1624)) ;
#1646=EDGE_LOOP('',(#1647,#1648,#1649,#1650)) ;
#1665=EDGE_LOOP('',(#1666,#1667,#1668,#1669)) ;
#1684=EDGE_LOOP('',(#1685,#1686,#1687,#1688)) ;
#1696=EDGE_LOOP('',(#1697,#1698,#1699,#1700)) ;
#1722=EDGE_LOOP('',(#1723,#1724,#1725,#1726)) ;
#1741=EDGE_LOOP('',(#1742,#1743,#1744,#1745)) ;
#1760=EDGE_LOOP('',(#1761,#1762,#1763,#1764)) ;
#1772=EDGE_LOOP('',(#1773,#1774,#1775,#1776)) ;
#1798=EDGE_LOOP('',(#1799,#1800,#1801,#1802)) ;
#1817=EDGE_LOOP('',(#1818,#1819,#1820,#1821)) ;
#1836=EDGE_LOOP('',(#1837,#1838,#1839,#1840)) ;
#1848=EDGE_LOOP('',(#1849,#1850,#1851,#1852)) ;
#1874=EDGE_LOOP('',(#1875,#1876,#1877,#1878)) ;
#1893=EDGE_LOOP('',(#1894,#1895,#1896,#1897)) ;
#1912=EDGE_LOOP('',(#1913,#1914,#1915,#1916)) ;
#1924=EDGE_LOOP('',(#1925,#1926,#1927,#1928)) ;
#1931=EDGE_LOOP('',(#1932,#1933)) ;
#1949=EDGE_LOOP('',(#1950,#1951)) ;
#1954=EDGE_LOOP('',(#1955,#1956)) ;
#1972=EDGE_LOOP('',(#1973,#1974)) ;
#1977=EDGE_LOOP('',(#1978,#1979)) ;
#1995=EDGE_LOOP('',(#1996,#1997)) ;
#2000=EDGE_LOOP('',(#2001,#2002)) ;
#2018=EDGE_LOOP('',(#2019,#2020)) ;
#2023=EDGE_LOOP('',(#2024,#2025)) ;
#2041=EDGE_LOOP('',(#2042,#2043)) ;
#2070=EDGE_LOOP('',(#2071,#2072,#2073,#2074)) ;
#2094=EDGE_LOOP('',(#2095,#2096,#2097,#2098)) ;
#2100=EDGE_LOOP('',(#2101,#2102,#2103,#2104)) ;
#2106=EDGE_LOOP('',(#2107,#2108,#2109,#2110)) ;
#2130=EDGE_LOOP('',(#2131,#2132,#2133,#2134)) ;
#2154=EDGE_LOOP('',(#2155,#2156,#2157,#2158)) ;
#2160=EDGE_LOOP('',(#2161,#2162,#2163,#2164)) ;
#2166=EDGE_LOOP('',(#2167,#2168,#2169,#2170)) ;
#2172=EDGE_LOOP('',(#2173,#2174,#2175,#2176)) ;
#2196=EDGE_LOOP('',(#2197,#2198,#2199,#2200)) ;
#2220=EDGE_LOOP('',(#2221,#2222,#2223,#2224)) ;
#2226=EDGE_LOOP('',(#2227,#2228,#2229,#2230)) ;
#2232=EDGE_LOOP('',(#2233,#2234,#2235,#2236)) ;
#2256=EDGE_LOOP('',(#2257,#2258,#2259,#2260)) ;
#2273=EDGE_LOOP('',(#2274,#2275,#2276,#2277)) ;
#2279=EDGE_LOOP('',(#2280,#2281,#2282,#2283)) ;
#2285=EDGE_LOOP('',(#2286,#2287,#2288,#2289)) ;
#2291=EDGE_LOOP('',(#2292,#2293,#2294,#2295)) ;
#2303=EDGE_LOOP('',(#2304,#2305,#2306,#2307,#2308,#2309,#2310,#2311)) ;
#2369=EDGE_LOOP('',(#2370,#2371,#2372,#2373,#2374,#2375,#2376,#2377)) ;
#2404=EDGE_LOOP('',(#2405,#2406,#2407,#2408)) ;
#2428=EDGE_LOOP('',(#2429,#2430,#2431,#2432)) ;
#2452=EDGE_LOOP('',(#2453,#2454,#2455,#2456)) ;
#2476=EDGE_LOOP('',(#2477,#2478,#2479,#2480)) ;
#2500=EDGE_LOOP('',(#2501,#2502,#2503,#2504)) ;
#2524=EDGE_LOOP('',(#2525,#2526,#2527,#2528)) ;
#2548=EDGE_LOOP('',(#2549,#2550,#2551,#2552)) ;
#2565=EDGE_LOOP('',(#2566,#2567,#2568,#2569)) ;
#2577=EDGE_LOOP('',(#2578,#2579,#2580,#2581,#2582,#2583,#2584,#2585)) ;
#2643=EDGE_LOOP('',(#2644,#2645,#2646,#2647,#2648,#2649,#2650,#2651)) ;
#2678=EDGE_LOOP('',(#2679,#2680,#2681,#2682)) ;
#2702=EDGE_LOOP('',(#2703,#2704,#2705,#2706)) ;
#2726=EDGE_LOOP('',(#2727,#2728,#2729,#2730)) ;
#2750=EDGE_LOOP('',(#2751,#2752,#2753,#2754)) ;
#2774=EDGE_LOOP('',(#2775,#2776,#2777,#2778)) ;
#2798=EDGE_LOOP('',(#2799,#2800,#2801,#2802)) ;
#2822=EDGE_LOOP('',(#2823,#2824,#2825,#2826)) ;
#2839=EDGE_LOOP('',(#2840,#2841,#2842,#2843)) ;
#2846=EDGE_LOOP('',(#2847,#2848,#2849,#2850,#2851,#2852,#2853,#2854)) ;
#2870=EDGE_LOOP('',(#2871,#2872)) ;
#2888=EDGE_LOOP('',(#2889,#2890)) ;
#2906=EDGE_LOOP('',(#2907,#2908)) ;
#2924=EDGE_LOOP('',(#2925,#2926)) ;
#2942=EDGE_LOOP('',(#2943,#2944)) ;
#2960=EDGE_LOOP('',(#2961,#2962)) ;
#2989=EDGE_LOOP('',(#2990,#2991,#2992,#2993)) ;
#3001=EDGE_LOOP('',(#3002,#3003,#3004,#3005)) ;
#3013=EDGE_LOOP('',(#3014,#3015)) ;
#3031=EDGE_LOOP('',(#3032,#3033)) ;
#3065=EDGE_LOOP('',(#3066,#3067,#3068,#3069,#3070,#3071)) ;
#3074=EDGE_LOOP('',(#3075,#3076,#3077,#3078,#3079,#3080)) ;
#3112=EDGE_LOOP('',(#3113,#3114,#3115,#3116,#3117,#3118)) ;
#3121=EDGE_LOOP('',(#3122,#3123,#3124,#3125,#3126,#3127)) ;
#3159=EDGE_LOOP('',(#3160,#3161,#3162,#3163,#3164,#3165)) ;
#3168=EDGE_LOOP('',(#3169,#3170,#3171,#3172,#3173,#3174)) ;
#3206=EDGE_LOOP('',(#3207,#3208,#3209,#3210,#3211,#3212)) ;
#3215=EDGE_LOOP('',(#3216,#3217,#3218,#3219,#3220,#3221)) ;
#3253=EDGE_LOOP('',(#3254,#3255,#3256,#3257,#3258,#3259)) ;
#3262=EDGE_LOOP('',(#3263,#3264,#3265,#3266,#3267,#3268)) ;
#3300=EDGE_LOOP('',(#3301,#3302,#3303,#3304,#3305,#3306)) ;
#3309=EDGE_LOOP('',(#3310,#3311,#3312,#3313,#3314,#3315)) ;
#21=MANIFOLD_SOLID_BREP('TOP_COVER',#30) ;
#41=VERTEX_POINT('',#40) ;
#43=VERTEX_POINT('',#42) ;
#50=VERTEX_POINT('',#49) ;
#57=VERTEX_POINT('',#56) ;
#98=VERTEX_POINT('',#97) ;
#100=VERTEX_POINT('',#99) ;
#107=VERTEX_POINT('',#106) ;
#114=VERTEX_POINT('',#113) ;
#121=VERTEX_POINT('',#120) ;
#128=VERTEX_POINT('',#127) ;
#135=VERTEX_POINT('',#134) ;
#142=VERTEX_POINT('',#141) ;
#168=VERTEX_POINT('',#167) ;
#170=VERTEX_POINT('',#169) ;
#186=VERTEX_POINT('',#185) ;
#188=VERTEX_POINT('',#187) ;
#204=VERTEX_POINT('',#203) ;
#206=VERTEX_POINT('',#205) ;
#222=VERTEX_POINT('',#221) ;
#224=VERTEX_POINT('',#223) ;
#240=VERTEX_POINT('',#239) ;
#242=VERTEX_POINT('',#241) ;
#268=VERTEX_POINT('',#267) ;
#270=VERTEX_POINT('',#269) ;
#292=VERTEX_POINT('',#291) ;
#294=VERTEX_POINT('',#293) ;
#317=VERTEX_POINT('',#316) ;
#319=VERTEX_POINT('',#318) ;
#326=VERTEX_POINT('',#325) ;
#333=VERTEX_POINT('',#332) ;
#351=VERTEX_POINT('',#350) ;
#353=VERTEX_POINT('',#352) ;
#360=VERTEX_POINT('',#359) ;
#367=VERTEX_POINT('',#366) ;
#385=VERTEX_POINT('',#384) ;
#387=VERTEX_POINT('',#386) ;
#394=VERTEX_POINT('',#393) ;
#401=VERTEX_POINT('',#400) ;
#425=VERTEX_POINT('',#424) ;
#449=VERTEX_POINT('',#448) ;
#467=VERTEX_POINT('',#466) ;
#469=VERTEX_POINT('',#468) ;
#476=VERTEX_POINT('',#475) ;
#483=VERTEX_POINT('',#482) ;
#501=VERTEX_POINT('',#500) ;
#503=VERTEX_POINT('',#502) ;
#510=VERTEX_POINT('',#509) ;
#517=VERTEX_POINT('',#516) ;
#541=VERTEX_POINT('',#540) ;
#565=VERTEX_POINT('',#564) ;
#583=VERTEX_POINT('',#582) ;
#585=VERTEX_POINT('',#584) ;
#592=VERTEX_POINT('',#591) ;
#599=VERTEX_POINT('',#598) ;
#617=VERTEX_POINT('',#616) ;
#619=VERTEX_POINT('',#618) ;
#626=VERTEX_POINT('',#625) ;
#633=VERTEX_POINT('',#632) ;
#651=VERTEX_POINT('',#650) ;
#653=VERTEX_POINT('',#652) ;
#660=VERTEX_POINT('',#659) ;
#667=VERTEX_POINT('',#666) ;
#691=VERTEX_POINT('',#690) ;
#715=VERTEX_POINT('',#714) ;
#733=VERTEX_POINT('',#732) ;
#735=VERTEX_POINT('',#734) ;
#742=VERTEX_POINT('',#741) ;
#749=VERTEX_POINT('',#748) ;
#767=VERTEX_POINT('',#766) ;
#769=VERTEX_POINT('',#768) ;
#776=VERTEX_POINT('',#775) ;
#783=VERTEX_POINT('',#782) ;
#824=VERTEX_POINT('',#823) ;
#831=VERTEX_POINT('',#830) ;
#867=VERTEX_POINT('',#866) ;
#874=VERTEX_POINT('',#873) ;
#910=VERTEX_POINT('',#909) ;
#917=VERTEX_POINT('',#916) ;
#953=VERTEX_POINT('',#952) ;
#960=VERTEX_POINT('',#959) ;
#996=VERTEX_POINT('',#995) ;
#1003=VERTEX_POINT('',#1002) ;
#1049=VERTEX_POINT('',#1048) ;
#1051=VERTEX_POINT('',#1050) ;
#1058=VERTEX_POINT('',#1057) ;
#1065=VERTEX_POINT('',#1064) ;
#1072=VERTEX_POINT('',#1071) ;
#1079=VERTEX_POINT('',#1078) ;
#1086=VERTEX_POINT('',#1085) ;
#1093=VERTEX_POINT('',#1092) ;
#1121=VERTEX_POINT('',#1120) ;
#1123=VERTEX_POINT('',#1122) ;
#1152=VERTEX_POINT('',#1151) ;
#1176=VERTEX_POINT('',#1175) ;
#1217=VERTEX_POINT('',#1216) ;
#1219=VERTEX_POINT('',#1218) ;
#1243=VERTEX_POINT('',#1242) ;
#1267=VERTEX_POINT('',#1266) ;
#1303=VERTEX_POINT('',#1302) ;
#1305=VERTEX_POINT('',#1304) ;
#1329=VERTEX_POINT('',#1328) ;
#1353=VERTEX_POINT('',#1352) ;
#1389=VERTEX_POINT('',#1388) ;
#1396=VERTEX_POINT('',#1395) ;
#1415=VERTEX_POINT('',#1414) ;
#1439=VERTEX_POINT('',#1438) ;
#1475=VERTEX_POINT('',#1474) ;
#1482=VERTEX_POINT('',#1481) ;
#1501=VERTEX_POINT('',#1500) ;
#1525=VERTEX_POINT('',#1524) ;
#1556=VERTEX_POINT('',#1555) ;
#1563=VERTEX_POINT('',#1562) ;
#1582=VERTEX_POINT('',#1581) ;
#1601=VERTEX_POINT('',#1600) ;
#1632=VERTEX_POINT('',#1631) ;
#1639=VERTEX_POINT('',#1638) ;
#1658=VERTEX_POINT('',#1657) ;
#1677=VERTEX_POINT('',#1676) ;
#1708=VERTEX_POINT('',#1707) ;
#1715=VERTEX_POINT('',#1714) ;
#1734=VERTEX_POINT('',#1733) ;
#1753=VERTEX_POINT('',#1752) ;
#1784=VERTEX_POINT('',#1783) ;
#1786=VERTEX_POINT('',#1785) ;
#1810=VERTEX_POINT('',#1809) ;
#1829=VERTEX_POINT('',#1828) ;
#1860=VERTEX_POINT('',#1859) ;
#1862=VERTEX_POINT('',#1861) ;
#1886=VERTEX_POINT('',#1885) ;
#1905=VERTEX_POINT('',#1904) ;
#1940=VERTEX_POINT('',#1939) ;
#1942=VERTEX_POINT('',#1941) ;
#1963=VERTEX_POINT('',#1962) ;
#1965=VERTEX_POINT('',#1964) ;
#1986=VERTEX_POINT('',#1985) ;
#1988=VERTEX_POINT('',#1987) ;
#2009=VERTEX_POINT('',#2008) ;
#2011=VERTEX_POINT('',#2010) ;
#2032=VERTEX_POINT('',#2031) ;
#2034=VERTEX_POINT('',#2033) ;
#2056=VERTEX_POINT('',#2055) ;
#2063=VERTEX_POINT('',#2062) ;
#2087=VERTEX_POINT('',#2086) ;
#2123=VERTEX_POINT('',#2122) ;
#2147=VERTEX_POINT('',#2146) ;
#2189=VERTEX_POINT('',#2188) ;
#2213=VERTEX_POINT('',#2212) ;
#2249=VERTEX_POINT('',#2248) ;
#2318=VERTEX_POINT('',#2317) ;
#2320=VERTEX_POINT('',#2319) ;
#2327=VERTEX_POINT('',#2326) ;
#2334=VERTEX_POINT('',#2333) ;
#2341=VERTEX_POINT('',#2340) ;
#2348=VERTEX_POINT('',#2347) ;
#2355=VERTEX_POINT('',#2354) ;
#2362=VERTEX_POINT('',#2361) ;
#2390=VERTEX_POINT('',#2389) ;
#2392=VERTEX_POINT('',#2391) ;
#2421=VERTEX_POINT('',#2420) ;
#2445=VERTEX_POINT('',#2444) ;
#2469=VERTEX_POINT('',#2468) ;
#2493=VERTEX_POINT('',#2492) ;
#2517=VERTEX_POINT('',#2516) ;
#2541=VERTEX_POINT('',#2540) ;
#2592=VERTEX_POINT('',#2591) ;
#2594=VERTEX_POINT('',#2593) ;
#2601=VERTEX_POINT('',#2600) ;
#2608=VERTEX_POINT('',#2607) ;
#2615=VERTEX_POINT('',#2614) ;
#2622=VERTEX_POINT('',#2621) ;
#2629=VERTEX_POINT('',#2628) ;
#2636=VERTEX_POINT('',#2635) ;
#2664=VERTEX_POINT('',#2663) ;
#2671=VERTEX_POINT('',#2670) ;
#2695=VERTEX_POINT('',#2694) ;
#2719=VERTEX_POINT('',#2718) ;
#2743=VERTEX_POINT('',#2742) ;
#2767=VERTEX_POINT('',#2766) ;
#2791=VERTEX_POINT('',#2790) ;
#2815=VERTEX_POINT('',#2814) ;
#2861=VERTEX_POINT('',#2860) ;
#2863=VERTEX_POINT('',#2862) ;
#2879=VERTEX_POINT('',#2878) ;
#2881=VERTEX_POINT('',#2880) ;
#2897=VERTEX_POINT('',#2896) ;
#2899=VERTEX_POINT('',#2898) ;
#2915=VERTEX_POINT('',#2914) ;
#2917=VERTEX_POINT('',#2916) ;
#2933=VERTEX_POINT('',#2932) ;
#2935=VERTEX_POINT('',#2934) ;
#2951=VERTEX_POINT('',#2950) ;
#2953=VERTEX_POINT('',#2952) ;
#2975=VERTEX_POINT('',#2974) ;
#2977=VERTEX_POINT('',#2976) ;
#3022=VERTEX_POINT('',#3021) ;
#3024=VERTEX_POINT('',#3023) ;
#3046=VERTEX_POINT('',#3045) ;
#3053=VERTEX_POINT('',#3052) ;
#3093=VERTEX_POINT('',#3092) ;
#3105=VERTEX_POINT('',#3104) ;
#3140=VERTEX_POINT('',#3139) ;
#3147=VERTEX_POINT('',#3146) ;
#3187=VERTEX_POINT('',#3186) ;
#3194=VERTEX_POINT('',#3193) ;
#3234=VERTEX_POINT('',#3233) ;
#3241=VERTEX_POINT('',#3240) ;
#3281=VERTEX_POINT('',#3280) ;
#3288=VERTEX_POINT('',#3287) ;
#3318=ADVANCED_BREP_SHAPE_REPRESENTATION('NONE',(#21),#16) ;
#70=ADVANCED_FACE('TOP_COVER',(#69),#35,.T.) ;
#87=ADVANCED_FACE('TOP_COVER',(#86),#35,.T.) ;
#253=ADVANCED_FACE('TOP_COVER',(#158,#162,#180,#198,#216,#234,#252),#92,.T.) ;
#281=ADVANCED_FACE('TOP_COVER',(#262,#280),#258,.T.) ;
#414=ADVANCED_FACE('TOP_COVER',(#311,#345,#379,#413),#286,.T.) ;
#438=ADVANCED_FACE('TOP_COVER',(#437),#419,.T.) ;
#530=ADVANCED_FACE('TOP_COVER',(#461,#495,#529),#443,.T.) ;
#554=ADVANCED_FACE('TOP_COVER',(#553),#535,.T.) ;
#680=ADVANCED_FACE('TOP_COVER',(#577,#611,#645,#679),#559,.T.) ;
#704=ADVANCED_FACE('TOP_COVER',(#703),#685,.T.) ;
#796=ADVANCED_FACE('TOP_COVER',(#727,#761,#795),#709,.T.) ;
#813=ADVANCED_FACE('TOP_COVER',(#812),#801,.T.) ;
#844=ADVANCED_FACE('TOP_COVER',(#843),#818,.T.) ;
#856=ADVANCED_FACE('TOP_COVER',(#855),#818,.T.) ;
#887=ADVANCED_FACE('TOP_COVER',(#886),#861,.T.) ;
#899=ADVANCED_FACE('TOP_COVER',(#898),#861,.T.) ;
#930=ADVANCED_FACE('TOP_COVER',(#929),#904,.T.) ;
#942=ADVANCED_FACE('TOP_COVER',(#941),#904,.T.) ;
#973=ADVANCED_FACE('TOP_COVER',(#972),#947,.T.) ;
#985=ADVANCED_FACE('TOP_COVER',(#984),#947,.T.) ;
#1016=ADVANCED_FACE('TOP_COVER',(#1015),#990,.T.) ;
#1028=ADVANCED_FACE('TOP_COVER',(#1027),#990,.T.) ;
#1110=ADVANCED_FACE('TOP_COVER',(#1043,#1109),#1033,.F.) ;
#1141=ADVANCED_FACE('TOP_COVER',(#1140),#1115,.F.) ;
#1165=ADVANCED_FACE('TOP_COVER',(#1164),#1146,.T.) ;
#1189=ADVANCED_FACE('TOP_COVER',(#1188),#1170,.F.) ;
#1206=ADVANCED_FACE('TOP_COVER',(#1205),#1194,.T.) ;
#1237=ADVANCED_FACE('TOP_COVER',(#1236),#1211,.F.) ;
#1256=ADVANCED_FACE('TOP_COVER',(#1255),#1146,.T.) ;
#1280=ADVANCED_FACE('TOP_COVER',(#1279),#1261,.F.) ;
#1292=ADVANCED_FACE('TOP_COVER',(#1291),#1194,.T.) ;
#1323=ADVANCED_FACE('TOP_COVER',(#1322),#1297,.F.) ;
#1342=ADVANCED_FACE('TOP_COVER',(#1341),#1146,.T.) ;
#1366=ADVANCED_FACE('TOP_COVER',(#1365),#1347,.F.) ;
#1378=ADVANCED_FACE('TOP_COVER',(#1377),#1194,.T.) ;
#1409=ADVANCED_FACE('TOP_COVER',(#1408),#1383,.F.) ;
#1428=ADVANCED_FACE('TOP_COVER',(#1427),#1194,.T.) ;
#1452=ADVANCED_FACE('TOP_COVER',(#1451),#1433,.F.) ;
#1464=ADVANCED_FACE('TOP_COVER',(#1463),#1146,.T.) ;
#1495=ADVANCED_FACE('TOP_COVER',(#1494),#1469,.F.) ;
#1514=ADVANCED_FACE('TOP_COVER',(#1513),#1194,.T.) ;
#1538=ADVANCED_FACE('TOP_COVER',(#1537),#1519,.F.) ;
#1550=ADVANCED_FACE('TOP_COVER',(#1549),#1146,.T.) ;
#1576=ADVANCED_FACE('TOP_COVER',(#1575),#1194,.T.) ;
#1595=ADVANCED_FACE('TOP_COVER',(#1594),#1170,.F.) ;
#1614=ADVANCED_FACE('TOP_COVER',(#1613),#1146,.T.) ;
#1626=ADVANCED_FACE('TOP_COVER',(#1625),#1115,.F.) ;
#1652=ADVANCED_FACE('TOP_COVER',(#1651),#1194,.T.) ;
#1671=ADVANCED_FACE('TOP_COVER',(#1670),#1261,.F.) ;
#1690=ADVANCED_FACE('TOP_COVER',(#1689),#1146,.T.) ;
#1702=ADVANCED_FACE('TOP_COVER',(#1701),#1211,.F.) ;
#1728=ADVANCED_FACE('TOP_COVER',(#1727),#1194,.T.) ;
#1747=ADVANCED_FACE('TOP_COVER',(#1746),#1347,.F.) ;
#1766=ADVANCED_FACE('TOP_COVER',(#1765),#1146,.T.) ;
#1778=ADVANCED_FACE('TOP_COVER',(#1777),#1297,.F.) ;
#1804=ADVANCED_FACE('TOP_COVER',(#1803),#1146,.T.) ;
#1823=ADVANCED_FACE('TOP_COVER',(#1822),#1433,.F.) ;
#1842=ADVANCED_FACE('TOP_COVER',(#1841),#1194,.T.) ;
#1854=ADVANCED_FACE('TOP_COVER',(#1853),#1383,.F.) ;
#1880=ADVANCED_FACE('TOP_COVER',(#1879),#1146,.T.) ;
#1899=ADVANCED_FACE('TOP_COVER',(#1898),#1519,.F.) ;
#1918=ADVANCED_FACE('TOP_COVER',(#1917),#1194,.T.) ;
#1930=ADVANCED_FACE('TOP_COVER',(#1929),#1469,.F.) ;
#1953=ADVANCED_FACE('TOP_COVER',(#1934,#1952),#258,.T.) ;
#1976=ADVANCED_FACE('TOP_COVER',(#1957,#1975),#258,.T.) ;
#1999=ADVANCED_FACE('TOP_COVER',(#1980,#1998),#258,.T.) ;
#2022=ADVANCED_FACE('TOP_COVER',(#2003,#2021),#258,.T.) ;
#2045=ADVANCED_FACE('TOP_COVER',(#2026,#2044),#258,.T.) ;
#2076=ADVANCED_FACE('TOP_COVER',(#2075),#2050,.F.) ;
#2112=ADVANCED_FACE('TOP_COVER',(#2099,#2105,#2111),#2081,.T.) ;
#2136=ADVANCED_FACE('TOP_COVER',(#2135),#2117,.F.) ;
#2178=ADVANCED_FACE('TOP_COVER',(#2159,#2165,#2171,#2177),#2141,.T.) ;
#2202=ADVANCED_FACE('TOP_COVER',(#2201),#2183,.F.) ;
#2238=ADVANCED_FACE('TOP_COVER',(#2225,#2231,#2237),#2207,.T.) ;
#2262=ADVANCED_FACE('TOP_COVER',(#2261),#2243,.F.) ;
#2297=ADVANCED_FACE('TOP_COVER',(#2278,#2284,#2290,#2296),#2267,.T.) ;
#2379=ADVANCED_FACE('TOP_COVER',(#2312,#2378),#2302,.F.) ;
#2410=ADVANCED_FACE('TOP_COVER',(#2409),#2384,.F.) ;
#2434=ADVANCED_FACE('TOP_COVER',(#2433),#2415,.T.) ;
#2458=ADVANCED_FACE('TOP_COVER',(#2457),#2439,.F.) ;
#2482=ADVANCED_FACE('TOP_COVER',(#2481),#2463,.T.) ;
#2506=ADVANCED_FACE('TOP_COVER',(#2505),#2487,.F.) ;
#2530=ADVANCED_FACE('TOP_COVER',(#2529),#2511,.T.) ;
#2554=ADVANCED_FACE('TOP_COVER',(#2553),#2535,.F.) ;
#2571=ADVANCED_FACE('TOP_COVER',(#2570),#2559,.T.) ;
#2653=ADVANCED_FACE('TOP_COVER',(#2586,#2652),#2576,.F.) ;
#2684=ADVANCED_FACE('TOP_COVER',(#2683),#2658,.F.) ;
#2708=ADVANCED_FACE('TOP_COVER',(#2707),#2689,.T.) ;
#2732=ADVANCED_FACE('TOP_COVER',(#2731),#2713,.F.) ;
#2756=ADVANCED_FACE('TOP_COVER',(#2755),#2737,.T.) ;
#2780=ADVANCED_FACE('TOP_COVER',(#2779),#2761,.F.) ;
#2804=ADVANCED_FACE('TOP_COVER',(#2803),#2785,.T.) ;
#2828=ADVANCED_FACE('TOP_COVER',(#2827),#2809,.F.) ;
#2845=ADVANCED_FACE('TOP_COVER',(#2844),#2833,.T.) ;
#2964=ADVANCED_FACE('TOP_COVER',(#2855,#2873,#2891,#2909,#2927,#2945,#2963),#2302,.F.) ;
#2995=ADVANCED_FACE('TOP_COVER',(#2994),#2969,.F.) ;
#3007=ADVANCED_FACE('TOP_COVER',(#3006),#2969,.F.) ;
#3035=ADVANCED_FACE('TOP_COVER',(#3016,#3034),#3012,.F.) ;
#3073=ADVANCED_FACE('TOP_COVER',(#3072),#3040,.F.) ;
#3082=ADVANCED_FACE('TOP_COVER',(#3081),#3040,.F.) ;
#3120=ADVANCED_FACE('TOP_COVER',(#3119),#3087,.F.) ;
#3129=ADVANCED_FACE('TOP_COVER',(#3128),#3087,.F.) ;
#3167=ADVANCED_FACE('TOP_COVER',(#3166),#3134,.F.) ;
#3176=ADVANCED_FACE('TOP_COVER',(#3175),#3134,.F.) ;
#3214=ADVANCED_FACE('TOP_COVER',(#3213),#3181,.F.) ;
#3223=ADVANCED_FACE('TOP_COVER',(#3222),#3181,.F.) ;
#3261=ADVANCED_FACE('TOP_COVER',(#3260),#3228,.F.) ;
#3270=ADVANCED_FACE('TOP_COVER',(#3269),#3228,.F.) ;
#3308=ADVANCED_FACE('TOP_COVER',(#3307),#3275,.F.) ;
#3317=ADVANCED_FACE('TOP_COVER',(#3316),#3275,.F.) ;
#4=APPLICATION_PROTOCOL_DEFINITION('international standard','ap242_managed_model_based_3d_engineering',2014,#1) ;
#22=COLOUR_RGB('Colour',0.823529411765,0.823529411765,1.) ;
#69=FACE_OUTER_BOUND('',#64,.T.) ;
#86=FACE_OUTER_BOUND('',#81,.T.) ;
#158=FACE_OUTER_BOUND('',#149,.T.) ;
#262=FACE_OUTER_BOUND('',#259,.T.) ;
#311=FACE_OUTER_BOUND('',#306,.T.) ;
#437=FACE_OUTER_BOUND('',#432,.T.) ;
#461=FACE_OUTER_BOUND('',#456,.T.) ;
#553=FACE_OUTER_BOUND('',#548,.T.) ;
#577=FACE_OUTER_BOUND('',#572,.T.) ;
#703=FACE_OUTER_BOUND('',#698,.T.) ;
#727=FACE_OUTER_BOUND('',#722,.T.) ;
#812=FACE_OUTER_BOUND('',#807,.T.) ;
#843=FACE_OUTER_BOUND('',#838,.T.) ;
#855=FACE_OUTER_BOUND('',#850,.T.) ;
#886=FACE_OUTER_BOUND('',#881,.T.) ;
#898=FACE_OUTER_BOUND('',#893,.T.) ;
#929=FACE_OUTER_BOUND('',#924,.T.) ;
#941=FACE_OUTER_BOUND('',#936,.T.) ;
#972=FACE_OUTER_BOUND('',#967,.T.) ;
#984=FACE_OUTER_BOUND('',#979,.T.) ;
#1015=FACE_OUTER_BOUND('',#1010,.T.) ;
#1027=FACE_OUTER_BOUND('',#1022,.T.) ;
#1043=FACE_OUTER_BOUND('',#1034,.T.) ;
#1140=FACE_OUTER_BOUND('',#1135,.T.) ;
#1164=FACE_OUTER_BOUND('',#1159,.T.) ;
#1188=FACE_OUTER_BOUND('',#1183,.T.) ;
#1205=FACE_OUTER_BOUND('',#1200,.T.) ;
#1236=FACE_OUTER_BOUND('',#1231,.T.) ;
#1255=FACE_OUTER_BOUND('',#1250,.T.) ;
#1279=FACE_OUTER_BOUND('',#1274,.T.) ;
#1291=FACE_OUTER_BOUND('',#1286,.T.) ;
#1322=FACE_OUTER_BOUND('',#1317,.T.) ;
#1341=FACE_OUTER_BOUND('',#1336,.T.) ;
#1365=FACE_OUTER_BOUND('',#1360,.T.) ;
#1377=FACE_OUTER_BOUND('',#1372,.T.) ;
#1408=FACE_OUTER_BOUND('',#1403,.T.) ;
#1427=FACE_OUTER_BOUND('',#1422,.T.) ;
#1451=FACE_OUTER_BOUND('',#1446,.T.) ;
#1463=FACE_OUTER_BOUND('',#1458,.T.) ;
#1494=FACE_OUTER_BOUND('',#1489,.T.) ;
#1513=FACE_OUTER_BOUND('',#1508,.T.) ;
#1537=FACE_OUTER_BOUND('',#1532,.T.) ;
#1549=FACE_OUTER_BOUND('',#1544,.T.) ;
#1575=FACE_OUTER_BOUND('',#1570,.T.) ;
#1594=FACE_OUTER_BOUND('',#1589,.T.) ;
#1613=FACE_OUTER_BOUND('',#1608,.T.) ;
#1625=FACE_OUTER_BOUND('',#1620,.T.) ;
#1651=FACE_OUTER_BOUND('',#1646,.T.) ;
#1670=FACE_OUTER_BOUND('',#1665,.T.) ;
#1689=FACE_OUTER_BOUND('',#1684,.T.) ;
#1701=FACE_OUTER_BOUND('',#1696,.T.) ;
#1727=FACE_OUTER_BOUND('',#1722,.T.) ;
#1746=FACE_OUTER_BOUND('',#1741,.T.) ;
#1765=FACE_OUTER_BOUND('',#1760,.T.) ;
#1777=FACE_OUTER_BOUND('',#1772,.T.) ;
#1803=FACE_OUTER_BOUND('',#1798,.T.) ;
#1822=FACE_OUTER_BOUND('',#1817,.T.) ;
#1841=FACE_OUTER_BOUND('',#1836,.T.) ;
#1853=FACE_OUTER_BOUND('',#1848,.T.) ;
#1879=FACE_OUTER_BOUND('',#1874,.T.) ;
#1898=FACE_OUTER_BOUND('',#1893,.T.) ;
#1917=FACE_OUTER_BOUND('',#1912,.T.) ;
#1929=FACE_OUTER_BOUND('',#1924,.T.) ;
#1934=FACE_OUTER_BOUND('',#1931,.T.) ;
#1957=FACE_OUTER_BOUND('',#1954,.T.) ;
#1980=FACE_OUTER_BOUND('',#1977,.T.) ;
#2003=FACE_OUTER_BOUND('',#2000,.T.) ;
#2026=FACE_OUTER_BOUND('',#2023,.T.) ;
#2075=FACE_OUTER_BOUND('',#2070,.T.) ;
#2099=FACE_OUTER_BOUND('',#2094,.T.) ;
#2135=FACE_OUTER_BOUND('',#2130,.T.) ;
#2159=FACE_OUTER_BOUND('',#2154,.T.) ;
#2201=FACE_OUTER_BOUND('',#2196,.T.) ;
#2225=FACE_OUTER_BOUND('',#2220,.T.) ;
#2261=FACE_OUTER_BOUND('',#2256,.T.) ;
#2278=FACE_OUTER_BOUND('',#2273,.T.) ;
#2312=FACE_OUTER_BOUND('',#2303,.T.) ;
#2409=FACE_OUTER_BOUND('',#2404,.T.) ;
#2433=FACE_OUTER_BOUND('',#2428,.T.) ;
#2457=FACE_OUTER_BOUND('',#2452,.T.) ;
#2481=FACE_OUTER_BOUND('',#2476,.T.) ;
#2505=FACE_OUTER_BOUND('',#2500,.T.) ;
#2529=FACE_OUTER_BOUND('',#2524,.T.) ;
#2553=FACE_OUTER_BOUND('',#2548,.T.) ;
#2570=FACE_OUTER_BOUND('',#2565,.T.) ;
#2586=FACE_OUTER_BOUND('',#2577,.T.) ;
#2683=FACE_OUTER_BOUND('',#2678,.T.) ;
#2707=FACE_OUTER_BOUND('',#2702,.T.) ;
#2731=FACE_OUTER_BOUND('',#2726,.T.) ;
#2755=FACE_OUTER_BOUND('',#2750,.T.) ;
#2779=FACE_OUTER_BOUND('',#2774,.T.) ;
#2803=FACE_OUTER_BOUND('',#2798,.T.) ;
#2827=FACE_OUTER_BOUND('',#2822,.T.) ;
#2844=FACE_OUTER_BOUND('',#2839,.T.) ;
#2855=FACE_OUTER_BOUND('',#2846,.T.) ;
#2994=FACE_OUTER_BOUND('',#2989,.T.) ;
#3006=FACE_OUTER_BOUND('',#3001,.T.) ;
#3016=FACE_OUTER_BOUND('',#3013,.T.) ;
#3072=FACE_OUTER_BOUND('',#3065,.T.) ;
#3081=FACE_OUTER_BOUND('',#3074,.T.) ;
#3119=FACE_OUTER_BOUND('',#3112,.T.) ;
#3128=FACE_OUTER_BOUND('',#3121,.T.) ;
#3166=FACE_OUTER_BOUND('',#3159,.T.) ;
#3175=FACE_OUTER_BOUND('',#3168,.T.) ;
#3213=FACE_OUTER_BOUND('',#3206,.T.) ;
#3222=FACE_OUTER_BOUND('',#3215,.T.) ;
#3260=FACE_OUTER_BOUND('',#3253,.T.) ;
#3269=FACE_OUTER_BOUND('',#3262,.T.) ;
#3307=FACE_OUTER_BOUND('',#3300,.T.) ;
#3316=FACE_OUTER_BOUND('',#3309,.T.) ;
#9=PRODUCT_CATEGORY_RELATIONSHIP(' ',' ',#7,#8) ;
#6=PRODUCT_DEFINITION_FORMATION_WITH_SPECIFIED_SOURCE('',' ',#5,.NOT_KNOWN.) ;
#20=SHAPE_DEFINITION_REPRESENTATION(#11,#19) ;
#12=(LENGTH_UNIT()NAMED_UNIT(*)SI_UNIT(.MILLI.,.METRE.)) ;
#13=(NAMED_UNIT(*)PLANE_ANGLE_UNIT()SI_UNIT($,.RADIAN.)) ;
#14=(NAMED_UNIT(*)SI_UNIT($,.STERADIAN.)SOLID_ANGLE_UNIT()) ;
#16=(GEOMETRIC_REPRESENTATION_CONTEXT(3)GLOBAL_UNCERTAINTY_ASSIGNED_CONTEXT((#15))GLOBAL_UNIT_ASSIGNED_CONTEXT((#12,#13,#14))REPRESENTATION_CONTEXT(' ',' ')) ;
ENDSEC;
END-ISO-10303-21;
