solid CATIA STL
  facet normal  9.999999e-01  0.000000e+00  -0.000000e+00
    outer loop
      vertex  5.950000e+01  1.835000e+01  1.500000e+00
      vertex  5.950000e+01  2.300000e+01  0.000000e+00
      vertex  5.950000e+01  2.300000e+01  1.500000e+00
    endloop
  endfacet
  facet normal  9.999999e-01  -0.000000e+00  0.000000e+00
    outer loop
      vertex  5.950000e+01  7.450000e+00  1.500000e+00
      vertex  5.950000e+01  2.800000e+00  1.500000e+00
      vertex  5.950000e+01  2.800000e+00  0.000000e+00
    endloop
  endfacet
  facet normal  1.000000e+00  0.000000e+00  0.000000e+00
    outer loop
      vertex  5.950000e+01  7.450000e+00  1.500000e+00
      vertex  5.950000e+01  2.800000e+00  0.000000e+00
      vertex  5.950000e+01  2.300000e+01  0.000000e+00
    endloop
  endfacet
  facet normal  1.000000e+00  0.000000e+00  0.000000e+00
    outer loop
      vertex  5.950000e+01  7.450000e+00  1.500000e+00
      vertex  5.950000e+01  2.300000e+01  0.000000e+00
      vertex  5.950000e+01  1.835000e+01  1.500000e+00
    endloop
  endfacet
  facet normal  1.000000e+00  0.000000e+00  0.000000e+00
    outer loop
      vertex  5.950000e+01  7.450000e+00  1.500000e+00
      vertex  5.950000e+01  1.835000e+01  1.500000e+00
      vertex  5.950000e+01  1.433007e+01  4.353651e+00
    endloop
  endfacet
  facet normal  1.000000e+00  0.000000e+00  0.000000e+00
    outer loop
      vertex  5.950000e+01  7.450000e+00  1.500000e+00
      vertex  5.950000e+01  1.433007e+01  4.353651e+00
      vertex  5.950000e+01  1.387340e+01  4.164494e+00
    endloop
  endfacet
  facet normal  1.000000e+00  0.000000e+00  0.000000e+00
    outer loop
      vertex  5.950000e+01  7.450000e+00  1.500000e+00
      vertex  5.950000e+01  1.387340e+01  4.164494e+00
      vertex  5.950000e+01  1.339277e+01  4.049103e+00
    endloop
  endfacet
  facet normal  1.000000e+00  0.000000e+00  0.000000e+00
    outer loop
      vertex  5.950000e+01  7.450000e+00  1.500000e+00
      vertex  5.950000e+01  1.339277e+01  4.049103e+00
      vertex  5.950000e+01  1.290000e+01  4.010322e+00
    endloop
  endfacet
  facet normal  1.000000e+00  0.000000e+00  0.000000e+00
    outer loop
      vertex  5.950000e+01  7.450000e+00  1.500000e+00
      vertex  5.950000e+01  1.290000e+01  4.010322e+00
      vertex  5.950000e+01  1.240723e+01  4.049103e+00
    endloop
  endfacet
  facet normal  9.999999e-01  0.000000e+00  0.000000e+00
    outer loop
      vertex  5.950000e+01  7.450000e+00  1.500000e+00
      vertex  5.950000e+01  1.240723e+01  4.049103e+00
      vertex  5.950000e+01  1.192660e+01  4.164494e+00
    endloop
  endfacet
  facet normal  1.000000e+00  0.000000e+00  0.000000e+00
    outer loop
      vertex  5.950000e+01  7.450000e+00  1.500000e+00
      vertex  5.950000e+01  1.192660e+01  4.164494e+00
      vertex  5.950000e+01  1.146993e+01  4.353651e+00
    endloop
  endfacet
  facet normal  1.000000e+00  0.000000e+00  0.000000e+00
    outer loop
      vertex  5.950000e+01  7.450000e+00  1.500000e+00
      vertex  5.950000e+01  1.146993e+01  4.353651e+00
      vertex  5.950000e+01  1.104848e+01  4.611918e+00
    endloop
  endfacet
  facet normal  1.000000e+00  0.000000e+00  0.000000e+00
    outer loop
      vertex  5.950000e+01  7.450000e+00  1.500000e+00
      vertex  5.950000e+01  1.104848e+01  4.611918e+00
      vertex  5.950000e+01  1.067261e+01  4.932935e+00
    endloop
  endfacet
  facet normal  1.000000e+00  0.000000e+00  0.000000e+00
    outer loop
      vertex  5.950000e+01  7.450000e+00  1.500000e+00
      vertex  5.950000e+01  1.067261e+01  4.932935e+00
      vertex  5.950000e+01  1.035160e+01  5.308798e+00
    endloop
  endfacet
  facet normal  1.000000e+00  0.000000e+00  0.000000e+00
    outer loop
      vertex  5.950000e+01  7.450000e+00  1.500000e+00
      vertex  5.950000e+01  1.035160e+01  5.308798e+00
      vertex  5.950000e+01  1.009333e+01  5.730251e+00
    endloop
  endfacet
  facet normal  1.000000e+00  0.000000e+00  0.000000e+00
    outer loop
      vertex  5.950000e+01  7.450000e+00  1.500000e+00
      vertex  5.950000e+01  1.009333e+01  5.730251e+00
      vertex  5.950000e+01  9.904172e+00  6.186918e+00
    endloop
  endfacet
  facet normal  1.000000e+00  0.000000e+00  0.000000e+00
    outer loop
      vertex  5.950000e+01  7.450000e+00  1.500000e+00
      vertex  5.950000e+01  9.904172e+00  6.186918e+00
      vertex  5.950000e+01  9.788782e+00  6.667553e+00
    endloop
  endfacet
  facet normal  1.000000e+00  0.000000e+00  0.000000e+00
    outer loop
      vertex  5.950000e+01  7.450000e+00  1.500000e+00
      vertex  5.950000e+01  9.788782e+00  6.667553e+00
      vertex  5.950000e+01  9.750000e+00  7.160322e+00
    endloop
  endfacet
  facet normal  1.000000e+00  0.000000e+00  0.000000e+00
    outer loop
      vertex  5.950000e+01  7.450000e+00  1.500000e+00
      vertex  5.950000e+01  9.750000e+00  7.160322e+00
      vertex  5.950000e+01  7.450000e+00  1.140000e+01
    endloop
  endfacet
  facet normal  1.000000e+00  0.000000e+00  0.000000e+00
    outer loop
      vertex  5.950000e+01  1.835000e+01  1.500000e+00
      vertex  5.950000e+01  1.589583e+01  8.133725e+00
      vertex  5.950000e+01  1.601122e+01  7.653090e+00
    endloop
  endfacet
  facet normal  1.000000e+00  0.000000e+00  0.000000e+00
    outer loop
      vertex  5.950000e+01  1.835000e+01  1.500000e+00
      vertex  5.950000e+01  1.601122e+01  7.653090e+00
      vertex  5.950000e+01  1.605000e+01  7.160322e+00
    endloop
  endfacet
  facet normal  1.000000e+00  0.000000e+00  0.000000e+00
    outer loop
      vertex  5.950000e+01  1.835000e+01  1.500000e+00
      vertex  5.950000e+01  1.605000e+01  7.160322e+00
      vertex  5.950000e+01  1.601122e+01  6.667553e+00
    endloop
  endfacet
  facet normal  1.000000e+00  0.000000e+00  0.000000e+00
    outer loop
      vertex  5.950000e+01  1.835000e+01  1.500000e+00
      vertex  5.950000e+01  1.601122e+01  6.667553e+00
      vertex  5.950000e+01  1.589583e+01  6.186918e+00
    endloop
  endfacet
  facet normal  1.000000e+00  0.000000e+00  0.000000e+00
    outer loop
      vertex  5.950000e+01  1.835000e+01  1.500000e+00
      vertex  5.950000e+01  1.589583e+01  6.186918e+00
      vertex  5.950000e+01  1.570667e+01  5.730251e+00
    endloop
  endfacet
  facet normal  1.000000e+00  0.000000e+00  0.000000e+00
    outer loop
      vertex  5.950000e+01  1.835000e+01  1.500000e+00
      vertex  5.950000e+01  1.570667e+01  5.730251e+00
      vertex  5.950000e+01  1.544840e+01  5.308798e+00
    endloop
  endfacet
  facet normal  1.000000e+00  0.000000e+00  0.000000e+00
    outer loop
      vertex  5.950000e+01  1.835000e+01  1.500000e+00
      vertex  5.950000e+01  1.544840e+01  5.308798e+00
      vertex  5.950000e+01  1.512739e+01  4.932935e+00
    endloop
  endfacet
  facet normal  1.000000e+00  0.000000e+00  0.000000e+00
    outer loop
      vertex  5.950000e+01  1.835000e+01  1.500000e+00
      vertex  5.950000e+01  1.512739e+01  4.932935e+00
      vertex  5.950000e+01  1.475152e+01  4.611918e+00
    endloop
  endfacet
  facet normal  1.000000e+00  0.000000e+00  0.000000e+00
    outer loop
      vertex  5.950000e+01  1.835000e+01  1.500000e+00
      vertex  5.950000e+01  1.475152e+01  4.611918e+00
      vertex  5.950000e+01  1.433007e+01  4.353651e+00
    endloop
  endfacet
  facet normal  1.000000e+00  -0.000000e+00  0.000000e+00
    outer loop
      vertex  5.950000e+01  1.835000e+01  1.140000e+01
      vertex  5.950000e+01  7.450000e+00  1.140000e+01
      vertex  5.950000e+01  1.339277e+01  1.027154e+01
    endloop
  endfacet
  facet normal  1.000000e+00  -0.000000e+00  0.000000e+00
    outer loop
      vertex  5.950000e+01  1.835000e+01  1.140000e+01
      vertex  5.950000e+01  1.339277e+01  1.027154e+01
      vertex  5.950000e+01  1.387340e+01  1.015615e+01
    endloop
  endfacet
  facet normal  9.999999e-01  -0.000000e+00  0.000000e+00
    outer loop
      vertex  5.950000e+01  1.835000e+01  1.140000e+01
      vertex  5.950000e+01  1.387340e+01  1.015615e+01
      vertex  5.950000e+01  1.433007e+01  9.966992e+00
    endloop
  endfacet
  facet normal  9.999999e-01  -0.000000e+00  0.000000e+00
    outer loop
      vertex  5.950000e+01  1.835000e+01  1.140000e+01
      vertex  5.950000e+01  1.433007e+01  9.966992e+00
      vertex  5.950000e+01  1.475152e+01  9.708725e+00
    endloop
  endfacet
  facet normal  9.999999e-01  -0.000000e+00  0.000000e+00
    outer loop
      vertex  5.950000e+01  1.835000e+01  1.140000e+01
      vertex  5.950000e+01  1.475152e+01  9.708725e+00
      vertex  5.950000e+01  1.512739e+01  9.387708e+00
    endloop
  endfacet
  facet normal  1.000000e+00  -0.000000e+00  0.000000e+00
    outer loop
      vertex  5.950000e+01  1.835000e+01  1.140000e+01
      vertex  5.950000e+01  1.512739e+01  9.387708e+00
      vertex  5.950000e+01  1.544840e+01  9.011846e+00
    endloop
  endfacet
  facet normal  1.000000e+00  -0.000000e+00  0.000000e+00
    outer loop
      vertex  5.950000e+01  1.835000e+01  1.140000e+01
      vertex  5.950000e+01  1.544840e+01  9.011846e+00
      vertex  5.950000e+01  1.570667e+01  8.590392e+00
    endloop
  endfacet
  facet normal  1.000000e+00  -0.000000e+00  0.000000e+00
    outer loop
      vertex  5.950000e+01  1.835000e+01  1.140000e+01
      vertex  5.950000e+01  1.570667e+01  8.590392e+00
      vertex  5.950000e+01  1.589583e+01  8.133725e+00
    endloop
  endfacet
  facet normal  1.000000e+00  -0.000000e+00  0.000000e+00
    outer loop
      vertex  5.950000e+01  1.835000e+01  1.140000e+01
      vertex  5.950000e+01  1.589583e+01  8.133725e+00
      vertex  5.950000e+01  1.835000e+01  1.500000e+00
    endloop
  endfacet
  facet normal  1.000000e+00  0.000000e+00  -0.000000e+00
    outer loop
      vertex  5.950000e+01  7.450000e+00  1.140000e+01
      vertex  5.950000e+01  9.750000e+00  7.160322e+00
      vertex  5.950000e+01  9.788782e+00  7.653090e+00
    endloop
  endfacet
  facet normal  1.000000e+00  0.000000e+00  -0.000000e+00
    outer loop
      vertex  5.950000e+01  7.450000e+00  1.140000e+01
      vertex  5.950000e+01  9.788782e+00  7.653090e+00
      vertex  5.950000e+01  9.904172e+00  8.133725e+00
    endloop
  endfacet
  facet normal  9.999999e-01  0.000000e+00  -0.000000e+00
    outer loop
      vertex  5.950000e+01  7.450000e+00  1.140000e+01
      vertex  5.950000e+01  9.904172e+00  8.133725e+00
      vertex  5.950000e+01  1.009333e+01  8.590392e+00
    endloop
  endfacet
  facet normal  1.000000e+00  0.000000e+00  -0.000000e+00
    outer loop
      vertex  5.950000e+01  7.450000e+00  1.140000e+01
      vertex  5.950000e+01  1.009333e+01  8.590392e+00
      vertex  5.950000e+01  1.035160e+01  9.011846e+00
    endloop
  endfacet
  facet normal  1.000000e+00  0.000000e+00  -0.000000e+00
    outer loop
      vertex  5.950000e+01  7.450000e+00  1.140000e+01
      vertex  5.950000e+01  1.035160e+01  9.011846e+00
      vertex  5.950000e+01  1.067261e+01  9.387708e+00
    endloop
  endfacet
  facet normal  1.000000e+00  0.000000e+00  -0.000000e+00
    outer loop
      vertex  5.950000e+01  7.450000e+00  1.140000e+01
      vertex  5.950000e+01  1.067261e+01  9.387708e+00
      vertex  5.950000e+01  1.104848e+01  9.708725e+00
    endloop
  endfacet
  facet normal  9.999999e-01  0.000000e+00  -0.000000e+00
    outer loop
      vertex  5.950000e+01  7.450000e+00  1.140000e+01
      vertex  5.950000e+01  1.104848e+01  9.708725e+00
      vertex  5.950000e+01  1.146993e+01  9.966992e+00
    endloop
  endfacet
  facet normal  9.999999e-01  0.000000e+00  -0.000000e+00
    outer loop
      vertex  5.950000e+01  7.450000e+00  1.140000e+01
      vertex  5.950000e+01  1.146993e+01  9.966992e+00
      vertex  5.950000e+01  1.192660e+01  1.015615e+01
    endloop
  endfacet
  facet normal  1.000000e+00  0.000000e+00  -0.000000e+00
    outer loop
      vertex  5.950000e+01  7.450000e+00  1.140000e+01
      vertex  5.950000e+01  1.192660e+01  1.015615e+01
      vertex  5.950000e+01  1.240723e+01  1.027154e+01
    endloop
  endfacet
  facet normal  1.000000e+00  0.000000e+00  -0.000000e+00
    outer loop
      vertex  5.950000e+01  7.450000e+00  1.140000e+01
      vertex  5.950000e+01  1.240723e+01  1.027154e+01
      vertex  5.950000e+01  1.290000e+01  1.031032e+01
    endloop
  endfacet
  facet normal  1.000000e+00  -0.000000e+00  -0.000000e+00
    outer loop
      vertex  5.950000e+01  7.450000e+00  1.140000e+01
      vertex  5.950000e+01  1.290000e+01  1.031032e+01
      vertex  5.950000e+01  1.339277e+01  1.027154e+01
    endloop
  endfacet
  facet normal  0.000000e+00 -7.845882e-02  9.969174e-01
    outer loop
      vertex  4.740000e+01  1.290000e+01  4.010322e+00
      vertex  5.950000e+01  1.339277e+01  4.049103e+00
      vertex  4.740000e+01  1.339277e+01  4.049103e+00
    endloop
  endfacet
  facet normal  0.000000e+00 -2.334456e-01  9.723698e-01
    outer loop
      vertex  4.740000e+01  1.339277e+01  4.049103e+00
      vertex  5.950000e+01  1.339277e+01  4.049103e+00
      vertex  5.950000e+01  1.387340e+01  4.164494e+00
    endloop
  endfacet
  facet normal  0.000000e+00 -2.334456e-01  9.723698e-01
    outer loop
      vertex  4.740000e+01  1.339277e+01  4.049103e+00
      vertex  5.950000e+01  1.387340e+01  4.164494e+00
      vertex  4.740000e+01  1.387340e+01  4.164494e+00
    endloop
  endfacet
  facet normal  0.000000e+00 -3.826832e-01  9.238797e-01
    outer loop
      vertex  4.740000e+01  1.387340e+01  4.164494e+00
      vertex  5.950000e+01  1.387340e+01  4.164494e+00
      vertex  5.950000e+01  1.433007e+01  4.353651e+00
    endloop
  endfacet
  facet normal  0.000000e+00 -3.826832e-01  9.238797e-01
    outer loop
      vertex  4.740000e+01  1.387340e+01  4.164494e+00
      vertex  5.950000e+01  1.433007e+01  4.353651e+00
      vertex  4.740000e+01  1.433007e+01  4.353651e+00
    endloop
  endfacet
  facet normal  0.000000e+00 -5.224984e-01  8.526403e-01
    outer loop
      vertex  4.740000e+01  1.433007e+01  4.353651e+00
      vertex  5.950000e+01  1.433007e+01  4.353651e+00
      vertex  5.950000e+01  1.475152e+01  4.611918e+00
    endloop
  endfacet
  facet normal  0.000000e+00 -5.224984e-01  8.526403e-01
    outer loop
      vertex  4.740000e+01  1.433007e+01  4.353651e+00
      vertex  5.950000e+01  1.475152e+01  4.611918e+00
      vertex  4.740000e+01  1.475152e+01  4.611918e+00
    endloop
  endfacet
  facet normal  0.000000e+00 -6.494488e-01  7.604053e-01
    outer loop
      vertex  4.740000e+01  1.475152e+01  4.611918e+00
      vertex  5.950000e+01  1.475152e+01  4.611918e+00
      vertex  5.950000e+01  1.512739e+01  4.932935e+00
    endloop
  endfacet
  facet normal  0.000000e+00 -6.494488e-01  7.604053e-01
    outer loop
      vertex  4.740000e+01  1.475152e+01  4.611918e+00
      vertex  5.950000e+01  1.512739e+01  4.932935e+00
      vertex  4.740000e+01  1.512739e+01  4.932935e+00
    endloop
  endfacet
  facet normal  0.000000e+00 -7.604057e-01  6.494483e-01
    outer loop
      vertex  4.740000e+01  1.512739e+01  4.932935e+00
      vertex  5.950000e+01  1.512739e+01  4.932935e+00
      vertex  5.950000e+01  1.544840e+01  5.308798e+00
    endloop
  endfacet
  facet normal  0.000000e+00 -7.604057e-01  6.494483e-01
    outer loop
      vertex  4.740000e+01  1.512739e+01  4.932935e+00
      vertex  5.950000e+01  1.544840e+01  5.308798e+00
      vertex  4.740000e+01  1.544840e+01  5.308798e+00
    endloop
  endfacet
  facet normal  0.000000e+00 -8.526397e-01  5.224991e-01
    outer loop
      vertex  4.740000e+01  1.544840e+01  5.308798e+00
      vertex  5.950000e+01  1.544840e+01  5.308798e+00
      vertex  5.950000e+01  1.570667e+01  5.730251e+00
    endloop
  endfacet
  facet normal  0.000000e+00 -8.526397e-01  5.224991e-01
    outer loop
      vertex  4.740000e+01  1.544840e+01  5.308798e+00
      vertex  5.950000e+01  1.570667e+01  5.730251e+00
      vertex  4.740000e+01  1.570667e+01  5.730251e+00
    endloop
  endfacet
  facet normal  0.000000e+00 -9.238797e-01  3.826832e-01
    outer loop
      vertex  4.740000e+01  1.570667e+01  5.730251e+00
      vertex  5.950000e+01  1.570667e+01  5.730251e+00
      vertex  5.950000e+01  1.589583e+01  6.186918e+00
    endloop
  endfacet
  facet normal  0.000000e+00 -9.238797e-01  3.826832e-01
    outer loop
      vertex  4.740000e+01  1.570667e+01  5.730251e+00
      vertex  5.950000e+01  1.589583e+01  6.186918e+00
      vertex  4.740000e+01  1.589583e+01  6.186918e+00
    endloop
  endfacet
  facet normal  0.000000e+00 -9.723697e-01  2.334465e-01
    outer loop
      vertex  4.740000e+01  1.589583e+01  6.186918e+00
      vertex  5.950000e+01  1.589583e+01  6.186918e+00
      vertex  5.950000e+01  1.601122e+01  6.667553e+00
    endloop
  endfacet
  facet normal  0.000000e+00 -9.723697e-01  2.334465e-01
    outer loop
      vertex  4.740000e+01  1.589583e+01  6.186918e+00
      vertex  5.950000e+01  1.601122e+01  6.667553e+00
      vertex  4.740000e+01  1.601122e+01  6.667553e+00
    endloop
  endfacet
  facet normal  0.000000e+00 -9.969175e-01  7.845601e-02
    outer loop
      vertex  4.740000e+01  1.601122e+01  6.667553e+00
      vertex  5.950000e+01  1.601122e+01  6.667553e+00
      vertex  5.950000e+01  1.605000e+01  7.160322e+00
    endloop
  endfacet
  facet normal  0.000000e+00 -9.969175e-01  7.845601e-02
    outer loop
      vertex  4.740000e+01  1.601122e+01  6.667553e+00
      vertex  5.950000e+01  1.605000e+01  7.160322e+00
      vertex  4.740000e+01  1.605000e+01  7.160322e+00
    endloop
  endfacet
  facet normal  0.000000e+00 -7.845882e-02  9.969174e-01
    outer loop
      vertex  5.950000e+01  1.339277e+01  4.049103e+00
      vertex  4.740000e+01  1.290000e+01  4.010322e+00
      vertex  5.950000e+01  1.290000e+01  4.010322e+00
    endloop
  endfacet
  facet normal  0.000000e+00  7.845898e-02  9.969174e-01
    outer loop
      vertex  5.950000e+01  1.290000e+01  4.010322e+00
      vertex  4.740000e+01  1.290000e+01  4.010322e+00
      vertex  4.740000e+01  1.240723e+01  4.049103e+00
    endloop
  endfacet
  facet normal  -0.000000e+00  7.845898e-02  9.969174e-01
    outer loop
      vertex  5.950000e+01  1.290000e+01  4.010322e+00
      vertex  4.740000e+01  1.240723e+01  4.049103e+00
      vertex  5.950000e+01  1.240723e+01  4.049103e+00
    endloop
  endfacet
  facet normal  0.000000e+00  2.334456e-01  9.723698e-01
    outer loop
      vertex  5.950000e+01  1.240723e+01  4.049103e+00
      vertex  4.740000e+01  1.240723e+01  4.049103e+00
      vertex  4.740000e+01  1.192660e+01  4.164494e+00
    endloop
  endfacet
  facet normal  -0.000000e+00  2.334456e-01  9.723698e-01
    outer loop
      vertex  5.950000e+01  1.240723e+01  4.049103e+00
      vertex  4.740000e+01  1.192660e+01  4.164494e+00
      vertex  5.950000e+01  1.192660e+01  4.164494e+00
    endloop
  endfacet
  facet normal  0.000000e+00  3.826832e-01  9.238797e-01
    outer loop
      vertex  5.950000e+01  1.192660e+01  4.164494e+00
      vertex  4.740000e+01  1.192660e+01  4.164494e+00
      vertex  4.740000e+01  1.146993e+01  4.353651e+00
    endloop
  endfacet
  facet normal  -0.000000e+00  3.826832e-01  9.238797e-01
    outer loop
      vertex  5.950000e+01  1.192660e+01  4.164494e+00
      vertex  4.740000e+01  1.146993e+01  4.353651e+00
      vertex  5.950000e+01  1.146993e+01  4.353651e+00
    endloop
  endfacet
  facet normal  0.000000e+00  5.224984e-01  8.526403e-01
    outer loop
      vertex  5.950000e+01  1.146993e+01  4.353651e+00
      vertex  4.740000e+01  1.146993e+01  4.353651e+00
      vertex  4.740000e+01  1.104848e+01  4.611918e+00
    endloop
  endfacet
  facet normal  -0.000000e+00  5.224984e-01  8.526403e-01
    outer loop
      vertex  5.950000e+01  1.146993e+01  4.353651e+00
      vertex  4.740000e+01  1.104848e+01  4.611918e+00
      vertex  5.950000e+01  1.104848e+01  4.611918e+00
    endloop
  endfacet
  facet normal  0.000000e+00  6.494488e-01  7.604053e-01
    outer loop
      vertex  5.950000e+01  1.104848e+01  4.611918e+00
      vertex  4.740000e+01  1.104848e+01  4.611918e+00
      vertex  4.740000e+01  1.067261e+01  4.932935e+00
    endloop
  endfacet
  facet normal  -0.000000e+00  6.494488e-01  7.604053e-01
    outer loop
      vertex  5.950000e+01  1.104848e+01  4.611918e+00
      vertex  4.740000e+01  1.067261e+01  4.932935e+00
      vertex  5.950000e+01  1.067261e+01  4.932935e+00
    endloop
  endfacet
  facet normal  0.000000e+00  7.604057e-01  6.494483e-01
    outer loop
      vertex  5.950000e+01  1.067261e+01  4.932935e+00
      vertex  4.740000e+01  1.067261e+01  4.932935e+00
      vertex  4.740000e+01  1.035160e+01  5.308798e+00
    endloop
  endfacet
  facet normal  -0.000000e+00  7.604057e-01  6.494483e-01
    outer loop
      vertex  5.950000e+01  1.067261e+01  4.932935e+00
      vertex  4.740000e+01  1.035160e+01  5.308798e+00
      vertex  5.950000e+01  1.035160e+01  5.308798e+00
    endloop
  endfacet
  facet normal  0.000000e+00  8.526397e-01  5.224991e-01
    outer loop
      vertex  5.950000e+01  1.035160e+01  5.308798e+00
      vertex  4.740000e+01  1.035160e+01  5.308798e+00
      vertex  4.740000e+01  1.009333e+01  5.730251e+00
    endloop
  endfacet
  facet normal  -0.000000e+00  8.526397e-01  5.224991e-01
    outer loop
      vertex  5.950000e+01  1.035160e+01  5.308798e+00
      vertex  4.740000e+01  1.009333e+01  5.730251e+00
      vertex  5.950000e+01  1.009333e+01  5.730251e+00
    endloop
  endfacet
  facet normal  0.000000e+00  9.238797e-01  3.826832e-01
    outer loop
      vertex  5.950000e+01  1.009333e+01  5.730251e+00
      vertex  4.740000e+01  1.009333e+01  5.730251e+00
      vertex  4.740000e+01  9.904172e+00  6.186918e+00
    endloop
  endfacet
  facet normal  -0.000000e+00  9.238797e-01  3.826832e-01
    outer loop
      vertex  5.950000e+01  1.009333e+01  5.730251e+00
      vertex  4.740000e+01  9.904172e+00  6.186918e+00
      vertex  5.950000e+01  9.904172e+00  6.186918e+00
    endloop
  endfacet
  facet normal  0.000000e+00  9.723701e-01  2.334447e-01
    outer loop
      vertex  5.950000e+01  9.904172e+00  6.186918e+00
      vertex  4.740000e+01  9.904172e+00  6.186918e+00
      vertex  4.740000e+01  9.788782e+00  6.667553e+00
    endloop
  endfacet
  facet normal  -0.000000e+00  9.723701e-01  2.334447e-01
    outer loop
      vertex  5.950000e+01  9.904172e+00  6.186918e+00
      vertex  4.740000e+01  9.788782e+00  6.667553e+00
      vertex  5.950000e+01  9.788782e+00  6.667553e+00
    endloop
  endfacet
  facet normal  0.000000e+00  9.969172e-01  7.845984e-02
    outer loop
      vertex  5.950000e+01  9.788782e+00  6.667553e+00
      vertex  4.740000e+01  9.788782e+00  6.667553e+00
      vertex  4.740000e+01  9.750000e+00  7.160322e+00
    endloop
  endfacet
  facet normal  -0.000000e+00  9.969172e-01  7.845984e-02
    outer loop
      vertex  5.950000e+01  9.788782e+00  6.667553e+00
      vertex  4.740000e+01  9.750000e+00  7.160322e+00
      vertex  5.950000e+01  9.750000e+00  7.160322e+00
    endloop
  endfacet
  facet normal  0.000000e+00  7.845993e-02 -9.969173e-01
    outer loop
      vertex  4.740000e+01  1.290000e+01  1.031032e+01
      vertex  5.950000e+01  1.240723e+01  1.027154e+01
      vertex  4.740000e+01  1.240723e+01  1.027154e+01
    endloop
  endfacet
  facet normal  0.000000e+00  2.334447e-01 -9.723701e-01
    outer loop
      vertex  4.740000e+01  1.240723e+01  1.027154e+01
      vertex  5.950000e+01  1.240723e+01  1.027154e+01
      vertex  5.950000e+01  1.192660e+01  1.015615e+01
    endloop
  endfacet
  facet normal  0.000000e+00  2.334447e-01 -9.723701e-01
    outer loop
      vertex  4.740000e+01  1.240723e+01  1.027154e+01
      vertex  5.950000e+01  1.192660e+01  1.015615e+01
      vertex  4.740000e+01  1.192660e+01  1.015615e+01
    endloop
  endfacet
  facet normal  0.000000e+00  3.826832e-01 -9.238797e-01
    outer loop
      vertex  4.740000e+01  1.192660e+01  1.015615e+01
      vertex  5.950000e+01  1.192660e+01  1.015615e+01
      vertex  5.950000e+01  1.146993e+01  9.966992e+00
    endloop
  endfacet
  facet normal  0.000000e+00  3.826832e-01 -9.238797e-01
    outer loop
      vertex  4.740000e+01  1.192660e+01  1.015615e+01
      vertex  5.950000e+01  1.146993e+01  9.966992e+00
      vertex  4.740000e+01  1.146993e+01  9.966992e+00
    endloop
  endfacet
  facet normal  0.000000e+00  5.224991e-01 -8.526397e-01
    outer loop
      vertex  4.740000e+01  1.146993e+01  9.966992e+00
      vertex  5.950000e+01  1.146993e+01  9.966992e+00
      vertex  5.950000e+01  1.104848e+01  9.708725e+00
    endloop
  endfacet
  facet normal  0.000000e+00  5.224991e-01 -8.526397e-01
    outer loop
      vertex  4.740000e+01  1.146993e+01  9.966992e+00
      vertex  5.950000e+01  1.104848e+01  9.708725e+00
      vertex  4.740000e+01  1.104848e+01  9.708725e+00
    endloop
  endfacet
  facet normal  0.000000e+00  6.494488e-01 -7.604053e-01
    outer loop
      vertex  4.740000e+01  1.104848e+01  9.708725e+00
      vertex  5.950000e+01  1.104848e+01  9.708725e+00
      vertex  5.950000e+01  1.067261e+01  9.387708e+00
    endloop
  endfacet
  facet normal  0.000000e+00  6.494488e-01 -7.604053e-01
    outer loop
      vertex  4.740000e+01  1.104848e+01  9.708725e+00
      vertex  5.950000e+01  1.067261e+01  9.387708e+00
      vertex  4.740000e+01  1.067261e+01  9.387708e+00
    endloop
  endfacet
  facet normal  0.000000e+00  7.604053e-01 -6.494488e-01
    outer loop
      vertex  4.740000e+01  1.067261e+01  9.387708e+00
      vertex  5.950000e+01  1.067261e+01  9.387708e+00
      vertex  5.950000e+01  1.035160e+01  9.011846e+00
    endloop
  endfacet
  facet normal  0.000000e+00  7.604053e-01 -6.494488e-01
    outer loop
      vertex  4.740000e+01  1.067261e+01  9.387708e+00
      vertex  5.950000e+01  1.035160e+01  9.011846e+00
      vertex  4.740000e+01  1.035160e+01  9.011846e+00
    endloop
  endfacet
  facet normal  0.000000e+00  8.526397e-01 -5.224991e-01
    outer loop
      vertex  4.740000e+01  1.035160e+01  9.011846e+00
      vertex  5.950000e+01  1.035160e+01  9.011846e+00
      vertex  5.950000e+01  1.009333e+01  8.590392e+00
    endloop
  endfacet
  facet normal  0.000000e+00  8.526397e-01 -5.224991e-01
    outer loop
      vertex  4.740000e+01  1.035160e+01  9.011846e+00
      vertex  5.950000e+01  1.009333e+01  8.590392e+00
      vertex  4.740000e+01  1.009333e+01  8.590392e+00
    endloop
  endfacet
  facet normal  0.000000e+00  9.238797e-01 -3.826832e-01
    outer loop
      vertex  4.740000e+01  1.009333e+01  8.590392e+00
      vertex  5.950000e+01  1.009333e+01  8.590392e+00
      vertex  5.950000e+01  9.904172e+00  8.133725e+00
    endloop
  endfacet
  facet normal  0.000000e+00  9.238797e-01 -3.826832e-01
    outer loop
      vertex  4.740000e+01  1.009333e+01  8.590392e+00
      vertex  5.950000e+01  9.904172e+00  8.133725e+00
      vertex  4.740000e+01  9.904172e+00  8.133725e+00
    endloop
  endfacet
  facet normal  0.000000e+00  9.723702e-01 -2.334445e-01
    outer loop
      vertex  4.740000e+01  9.904172e+00  8.133725e+00
      vertex  5.950000e+01  9.904172e+00  8.133725e+00
      vertex  5.950000e+01  9.788782e+00  7.653090e+00
    endloop
  endfacet
  facet normal  0.000000e+00  9.723702e-01 -2.334445e-01
    outer loop
      vertex  4.740000e+01  9.904172e+00  8.133725e+00
      vertex  5.950000e+01  9.788782e+00  7.653090e+00
      vertex  4.740000e+01  9.788782e+00  7.653090e+00
    endloop
  endfacet
  facet normal  0.000000e+00  9.969173e-01 -7.845993e-02
    outer loop
      vertex  4.740000e+01  9.788782e+00  7.653090e+00
      vertex  5.950000e+01  9.788782e+00  7.653090e+00
      vertex  5.950000e+01  9.750000e+00  7.160322e+00
    endloop
  endfacet
  facet normal  0.000000e+00  9.969173e-01 -7.845993e-02
    outer loop
      vertex  4.740000e+01  9.788782e+00  7.653090e+00
      vertex  5.950000e+01  9.750000e+00  7.160322e+00
      vertex  4.740000e+01  9.750000e+00  7.160322e+00
    endloop
  endfacet
  facet normal  0.000000e+00  7.845993e-02 -9.969173e-01
    outer loop
      vertex  5.950000e+01  1.240723e+01  1.027154e+01
      vertex  4.740000e+01  1.290000e+01  1.031032e+01
      vertex  5.950000e+01  1.290000e+01  1.031032e+01
    endloop
  endfacet
  facet normal  -0.000000e+00 -7.845978e-02 -9.969174e-01
    outer loop
      vertex  5.950000e+01  1.290000e+01  1.031032e+01
      vertex  4.740000e+01  1.290000e+01  1.031032e+01
      vertex  4.740000e+01  1.339277e+01  1.027154e+01
    endloop
  endfacet
  facet normal  0.000000e+00 -7.845978e-02 -9.969174e-01
    outer loop
      vertex  5.950000e+01  1.290000e+01  1.031032e+01
      vertex  4.740000e+01  1.339277e+01  1.027154e+01
      vertex  5.950000e+01  1.339277e+01  1.027154e+01
    endloop
  endfacet
  facet normal  -0.000000e+00 -2.334447e-01 -9.723701e-01
    outer loop
      vertex  5.950000e+01  1.339277e+01  1.027154e+01
      vertex  4.740000e+01  1.339277e+01  1.027154e+01
      vertex  4.740000e+01  1.387340e+01  1.015615e+01
    endloop
  endfacet
  facet normal  0.000000e+00 -2.334447e-01 -9.723701e-01
    outer loop
      vertex  5.950000e+01  1.339277e+01  1.027154e+01
      vertex  4.740000e+01  1.387340e+01  1.015615e+01
      vertex  5.950000e+01  1.387340e+01  1.015615e+01
    endloop
  endfacet
  facet normal  -0.000000e+00 -3.826832e-01 -9.238797e-01
    outer loop
      vertex  5.950000e+01  1.387340e+01  1.015615e+01
      vertex  4.740000e+01  1.387340e+01  1.015615e+01
      vertex  4.740000e+01  1.433007e+01  9.966992e+00
    endloop
  endfacet
  facet normal  0.000000e+00 -3.826832e-01 -9.238797e-01
    outer loop
      vertex  5.950000e+01  1.387340e+01  1.015615e+01
      vertex  4.740000e+01  1.433007e+01  9.966992e+00
      vertex  5.950000e+01  1.433007e+01  9.966992e+00
    endloop
  endfacet
  facet normal  -0.000000e+00 -5.224991e-01 -8.526397e-01
    outer loop
      vertex  5.950000e+01  1.433007e+01  9.966992e+00
      vertex  4.740000e+01  1.433007e+01  9.966992e+00
      vertex  4.740000e+01  1.475152e+01  9.708725e+00
    endloop
  endfacet
  facet normal  0.000000e+00 -5.224991e-01 -8.526397e-01
    outer loop
      vertex  5.950000e+01  1.433007e+01  9.966992e+00
      vertex  4.740000e+01  1.475152e+01  9.708725e+00
      vertex  5.950000e+01  1.475152e+01  9.708725e+00
    endloop
  endfacet
  facet normal  -0.000000e+00 -6.494488e-01 -7.604053e-01
    outer loop
      vertex  5.950000e+01  1.475152e+01  9.708725e+00
      vertex  4.740000e+01  1.475152e+01  9.708725e+00
      vertex  4.740000e+01  1.512739e+01  9.387708e+00
    endloop
  endfacet
  facet normal  0.000000e+00 -6.494488e-01 -7.604053e-01
    outer loop
      vertex  5.950000e+01  1.475152e+01  9.708725e+00
      vertex  4.740000e+01  1.512739e+01  9.387708e+00
      vertex  5.950000e+01  1.512739e+01  9.387708e+00
    endloop
  endfacet
  facet normal  -0.000000e+00 -7.604053e-01 -6.494488e-01
    outer loop
      vertex  5.950000e+01  1.512739e+01  9.387708e+00
      vertex  4.740000e+01  1.512739e+01  9.387708e+00
      vertex  4.740000e+01  1.544840e+01  9.011846e+00
    endloop
  endfacet
  facet normal  0.000000e+00 -7.604053e-01 -6.494488e-01
    outer loop
      vertex  5.950000e+01  1.512739e+01  9.387708e+00
      vertex  4.740000e+01  1.544840e+01  9.011846e+00
      vertex  5.950000e+01  1.544840e+01  9.011846e+00
    endloop
  endfacet
  facet normal  -0.000000e+00 -8.526397e-01 -5.224991e-01
    outer loop
      vertex  5.950000e+01  1.544840e+01  9.011846e+00
      vertex  4.740000e+01  1.544840e+01  9.011846e+00
      vertex  4.740000e+01  1.570667e+01  8.590392e+00
    endloop
  endfacet
  facet normal  0.000000e+00 -8.526397e-01 -5.224991e-01
    outer loop
      vertex  5.950000e+01  1.544840e+01  9.011846e+00
      vertex  4.740000e+01  1.570667e+01  8.590392e+00
      vertex  5.950000e+01  1.570667e+01  8.590392e+00
    endloop
  endfacet
  facet normal  -0.000000e+00 -9.238797e-01 -3.826832e-01
    outer loop
      vertex  5.950000e+01  1.570667e+01  8.590392e+00
      vertex  4.740000e+01  1.570667e+01  8.590392e+00
      vertex  4.740000e+01  1.589583e+01  8.133725e+00
    endloop
  endfacet
  facet normal  0.000000e+00 -9.238797e-01 -3.826832e-01
    outer loop
      vertex  5.950000e+01  1.570667e+01  8.590392e+00
      vertex  4.740000e+01  1.589583e+01  8.133725e+00
      vertex  5.950000e+01  1.589583e+01  8.133725e+00
    endloop
  endfacet
  facet normal  -0.000000e+00 -9.723697e-01 -2.334463e-01
    outer loop
      vertex  5.950000e+01  1.589583e+01  8.133725e+00
      vertex  4.740000e+01  1.589583e+01  8.133725e+00
      vertex  4.740000e+01  1.601122e+01  7.653090e+00
    endloop
  endfacet
  facet normal  0.000000e+00 -9.723697e-01 -2.334463e-01
    outer loop
      vertex  5.950000e+01  1.589583e+01  8.133725e+00
      vertex  4.740000e+01  1.601122e+01  7.653090e+00
      vertex  5.950000e+01  1.601122e+01  7.653090e+00
    endloop
  endfacet
  facet normal  -0.000000e+00 -9.969175e-01 -7.845610e-02
    outer loop
      vertex  5.950000e+01  1.601122e+01  7.653090e+00
      vertex  4.740000e+01  1.601122e+01  7.653090e+00
      vertex  4.740000e+01  1.605000e+01  7.160322e+00
    endloop
  endfacet
  facet normal  0.000000e+00 -9.969175e-01 -7.845610e-02
    outer loop
      vertex  5.950000e+01  1.601122e+01  7.653090e+00
      vertex  4.740000e+01  1.605000e+01  7.160322e+00
      vertex  5.950000e+01  1.605000e+01  7.160322e+00
    endloop
  endfacet
  facet normal  1.000000e+00  0.000000e+00  0.000000e+00
    outer loop
      vertex  4.740000e+01  1.290000e+01  1.031032e+01
      vertex  4.740000e+01  1.240723e+01  1.027154e+01
      vertex  4.740000e+01  1.339277e+01  1.027154e+01
    endloop
  endfacet
  facet normal  1.000000e+00  0.000000e+00  0.000000e+00
    outer loop
      vertex  4.740000e+01  1.290000e+01  4.010322e+00
      vertex  4.740000e+01  1.339277e+01  4.049103e+00
      vertex  4.740000e+01  1.240723e+01  4.049103e+00
    endloop
  endfacet
  facet normal  1.000000e+00  0.000000e+00  0.000000e+00
    outer loop
      vertex  4.740000e+01  1.240723e+01  4.049103e+00
      vertex  4.740000e+01  1.339277e+01  4.049103e+00
      vertex  4.740000e+01  1.387340e+01  4.164494e+00
    endloop
  endfacet
  facet normal  1.000000e+00  0.000000e+00  0.000000e+00
    outer loop
      vertex  4.740000e+01  1.240723e+01  4.049103e+00
      vertex  4.740000e+01  1.387340e+01  4.164494e+00
      vertex  4.740000e+01  1.192660e+01  4.164494e+00
    endloop
  endfacet
  facet normal  1.000000e+00  0.000000e+00  0.000000e+00
    outer loop
      vertex  4.740000e+01  1.192660e+01  4.164494e+00
      vertex  4.740000e+01  1.387340e+01  4.164494e+00
      vertex  4.740000e+01  1.433007e+01  4.353651e+00
    endloop
  endfacet
  facet normal  1.000000e+00  0.000000e+00  0.000000e+00
    outer loop
      vertex  4.740000e+01  1.192660e+01  4.164494e+00
      vertex  4.740000e+01  1.433007e+01  4.353651e+00
      vertex  4.740000e+01  1.146993e+01  4.353651e+00
    endloop
  endfacet
  facet normal  9.999999e-01  0.000000e+00  0.000000e+00
    outer loop
      vertex  4.740000e+01  1.146993e+01  4.353651e+00
      vertex  4.740000e+01  1.433007e+01  4.353651e+00
      vertex  4.740000e+01  1.475152e+01  4.611918e+00
    endloop
  endfacet
  facet normal  1.000000e+00  0.000000e+00  0.000000e+00
    outer loop
      vertex  4.740000e+01  1.146993e+01  4.353651e+00
      vertex  4.740000e+01  1.475152e+01  4.611918e+00
      vertex  4.740000e+01  1.104848e+01  4.611918e+00
    endloop
  endfacet
  facet normal  1.000000e+00  0.000000e+00  0.000000e+00
    outer loop
      vertex  4.740000e+01  1.104848e+01  4.611918e+00
      vertex  4.740000e+01  1.475152e+01  4.611918e+00
      vertex  4.740000e+01  1.512739e+01  4.932935e+00
    endloop
  endfacet
  facet normal  1.000000e+00  0.000000e+00  0.000000e+00
    outer loop
      vertex  4.740000e+01  1.104848e+01  4.611918e+00
      vertex  4.740000e+01  1.512739e+01  4.932935e+00
      vertex  4.740000e+01  1.067261e+01  4.932935e+00
    endloop
  endfacet
  facet normal  1.000000e+00  0.000000e+00  0.000000e+00
    outer loop
      vertex  4.740000e+01  1.067261e+01  4.932935e+00
      vertex  4.740000e+01  1.512739e+01  4.932935e+00
      vertex  4.740000e+01  1.544840e+01  5.308798e+00
    endloop
  endfacet
  facet normal  1.000000e+00  0.000000e+00  0.000000e+00
    outer loop
      vertex  4.740000e+01  1.067261e+01  4.932935e+00
      vertex  4.740000e+01  1.544840e+01  5.308798e+00
      vertex  4.740000e+01  1.035160e+01  5.308798e+00
    endloop
  endfacet
  facet normal  1.000000e+00  0.000000e+00  0.000000e+00
    outer loop
      vertex  4.740000e+01  1.035160e+01  5.308798e+00
      vertex  4.740000e+01  1.544840e+01  5.308798e+00
      vertex  4.740000e+01  1.570667e+01  5.730251e+00
    endloop
  endfacet
  facet normal  1.000000e+00  0.000000e+00  0.000000e+00
    outer loop
      vertex  4.740000e+01  1.035160e+01  5.308798e+00
      vertex  4.740000e+01  1.570667e+01  5.730251e+00
      vertex  4.740000e+01  1.009333e+01  5.730251e+00
    endloop
  endfacet
  facet normal  1.000000e+00  0.000000e+00  0.000000e+00
    outer loop
      vertex  4.740000e+01  1.009333e+01  5.730251e+00
      vertex  4.740000e+01  1.570667e+01  5.730251e+00
      vertex  4.740000e+01  1.589583e+01  6.186918e+00
    endloop
  endfacet
  facet normal  9.999999e-01  0.000000e+00  0.000000e+00
    outer loop
      vertex  4.740000e+01  1.009333e+01  5.730251e+00
      vertex  4.740000e+01  1.589583e+01  6.186918e+00
      vertex  4.740000e+01  9.904172e+00  6.186918e+00
    endloop
  endfacet
  facet normal  1.000000e+00  0.000000e+00  0.000000e+00
    outer loop
      vertex  4.740000e+01  9.904172e+00  6.186918e+00
      vertex  4.740000e+01  1.589583e+01  6.186918e+00
      vertex  4.740000e+01  1.601122e+01  6.667553e+00
    endloop
  endfacet
  facet normal  1.000000e+00  0.000000e+00  0.000000e+00
    outer loop
      vertex  4.740000e+01  9.904172e+00  6.186918e+00
      vertex  4.740000e+01  1.601122e+01  6.667553e+00
      vertex  4.740000e+01  9.788782e+00  6.667553e+00
    endloop
  endfacet
  facet normal  1.000000e+00  0.000000e+00  0.000000e+00
    outer loop
      vertex  4.740000e+01  9.788782e+00  6.667553e+00
      vertex  4.740000e+01  1.601122e+01  6.667553e+00
      vertex  4.740000e+01  1.605000e+01  7.160322e+00
    endloop
  endfacet
  facet normal  1.000000e+00  0.000000e+00  0.000000e+00
    outer loop
      vertex  4.740000e+01  9.788782e+00  6.667553e+00
      vertex  4.740000e+01  1.605000e+01  7.160322e+00
      vertex  4.740000e+01  9.750000e+00  7.160322e+00
    endloop
  endfacet
  facet normal  1.000000e+00  0.000000e+00  0.000000e+00
    outer loop
      vertex  4.740000e+01  9.750000e+00  7.160322e+00
      vertex  4.740000e+01  1.605000e+01  7.160322e+00
      vertex  4.740000e+01  1.601122e+01  7.653090e+00
    endloop
  endfacet
  facet normal  1.000000e+00  0.000000e+00  0.000000e+00
    outer loop
      vertex  4.740000e+01  9.750000e+00  7.160322e+00
      vertex  4.740000e+01  1.601122e+01  7.653090e+00
      vertex  4.740000e+01  9.788782e+00  7.653090e+00
    endloop
  endfacet
  facet normal  1.000000e+00  0.000000e+00  0.000000e+00
    outer loop
      vertex  4.740000e+01  9.788782e+00  7.653090e+00
      vertex  4.740000e+01  1.601122e+01  7.653090e+00
      vertex  4.740000e+01  1.589583e+01  8.133725e+00
    endloop
  endfacet
  facet normal  9.999999e-01  0.000000e+00  0.000000e+00
    outer loop
      vertex  4.740000e+01  9.788782e+00  7.653090e+00
      vertex  4.740000e+01  1.589583e+01  8.133725e+00
      vertex  4.740000e+01  9.904172e+00  8.133725e+00
    endloop
  endfacet
  facet normal  9.999999e-01  0.000000e+00  0.000000e+00
    outer loop
      vertex  4.740000e+01  9.904172e+00  8.133725e+00
      vertex  4.740000e+01  1.589583e+01  8.133725e+00
      vertex  4.740000e+01  1.570667e+01  8.590392e+00
    endloop
  endfacet
  facet normal  1.000000e+00  0.000000e+00  0.000000e+00
    outer loop
      vertex  4.740000e+01  9.904172e+00  8.133725e+00
      vertex  4.740000e+01  1.570667e+01  8.590392e+00
      vertex  4.740000e+01  1.009333e+01  8.590392e+00
    endloop
  endfacet
  facet normal  1.000000e+00  0.000000e+00  0.000000e+00
    outer loop
      vertex  4.740000e+01  1.009333e+01  8.590392e+00
      vertex  4.740000e+01  1.570667e+01  8.590392e+00
      vertex  4.740000e+01  1.544840e+01  9.011846e+00
    endloop
  endfacet
  facet normal  1.000000e+00  0.000000e+00  0.000000e+00
    outer loop
      vertex  4.740000e+01  1.009333e+01  8.590392e+00
      vertex  4.740000e+01  1.544840e+01  9.011846e+00
      vertex  4.740000e+01  1.035160e+01  9.011846e+00
    endloop
  endfacet
  facet normal  1.000000e+00  0.000000e+00  0.000000e+00
    outer loop
      vertex  4.740000e+01  1.035160e+01  9.011846e+00
      vertex  4.740000e+01  1.544840e+01  9.011846e+00
      vertex  4.740000e+01  1.512739e+01  9.387708e+00
    endloop
  endfacet
  facet normal  1.000000e+00  0.000000e+00  0.000000e+00
    outer loop
      vertex  4.740000e+01  1.035160e+01  9.011846e+00
      vertex  4.740000e+01  1.512739e+01  9.387708e+00
      vertex  4.740000e+01  1.067261e+01  9.387708e+00
    endloop
  endfacet
  facet normal  1.000000e+00  0.000000e+00  0.000000e+00
    outer loop
      vertex  4.740000e+01  1.067261e+01  9.387708e+00
      vertex  4.740000e+01  1.512739e+01  9.387708e+00
      vertex  4.740000e+01  1.475152e+01  9.708725e+00
    endloop
  endfacet
  facet normal  1.000000e+00  0.000000e+00  0.000000e+00
    outer loop
      vertex  4.740000e+01  1.067261e+01  9.387708e+00
      vertex  4.740000e+01  1.475152e+01  9.708725e+00
      vertex  4.740000e+01  1.104848e+01  9.708725e+00
    endloop
  endfacet
  facet normal  1.000000e+00  0.000000e+00  0.000000e+00
    outer loop
      vertex  4.740000e+01  1.104848e+01  9.708725e+00
      vertex  4.740000e+01  1.475152e+01  9.708725e+00
      vertex  4.740000e+01  1.433007e+01  9.966992e+00
    endloop
  endfacet
  facet normal  1.000000e+00  0.000000e+00  0.000000e+00
    outer loop
      vertex  4.740000e+01  1.104848e+01  9.708725e+00
      vertex  4.740000e+01  1.433007e+01  9.966992e+00
      vertex  4.740000e+01  1.146993e+01  9.966992e+00
    endloop
  endfacet
  facet normal  1.000000e+00  0.000000e+00  0.000000e+00
    outer loop
      vertex  4.740000e+01  1.146993e+01  9.966992e+00
      vertex  4.740000e+01  1.433007e+01  9.966992e+00
      vertex  4.740000e+01  1.387340e+01  1.015615e+01
    endloop
  endfacet
  facet normal  1.000000e+00  0.000000e+00  0.000000e+00
    outer loop
      vertex  4.740000e+01  1.146993e+01  9.966992e+00
      vertex  4.740000e+01  1.387340e+01  1.015615e+01
      vertex  4.740000e+01  1.192660e+01  1.015615e+01
    endloop
  endfacet
  facet normal  9.999999e-01  0.000000e+00  0.000000e+00
    outer loop
      vertex  4.740000e+01  1.192660e+01  1.015615e+01
      vertex  4.740000e+01  1.387340e+01  1.015615e+01
      vertex  4.740000e+01  1.339277e+01  1.027154e+01
    endloop
  endfacet
  facet normal  1.000000e+00  0.000000e+00  0.000000e+00
    outer loop
      vertex  4.740000e+01  1.192660e+01  1.015615e+01
      vertex  4.740000e+01  1.339277e+01  1.027154e+01
      vertex  4.740000e+01  1.240723e+01  1.027154e+01
    endloop
  endfacet
  facet normal -1.000000e+00  0.000000e+00  0.000000e+00
    outer loop
      vertex  4.540000e+01  1.835000e+01  1.500000e+00
      vertex  4.540000e+01  7.450000e+00  1.500000e+00
      vertex  4.540000e+01  7.450000e+00  7.950000e+00
    endloop
  endfacet
  facet normal -1.000000e+00  0.000000e+00  0.000000e+00
    outer loop
      vertex  4.540000e+01  1.835000e+01  1.500000e+00
      vertex  4.540000e+01  7.450000e+00  7.950000e+00
      vertex  4.540000e+01  8.734513e+00  7.950000e+00
    endloop
  endfacet
  facet normal -1.000000e+00  0.000000e+00  0.000000e+00
    outer loop
      vertex  4.540000e+01  1.835000e+01  1.500000e+00
      vertex  4.540000e+01  8.734513e+00  7.950000e+00
      vertex  4.540000e+01  1.706549e+01  7.950000e+00
    endloop
  endfacet
  facet normal -1.000000e+00  0.000000e+00  0.000000e+00
    outer loop
      vertex  4.540000e+01  1.835000e+01  1.500000e+00
      vertex  4.540000e+01  1.706549e+01  7.950000e+00
      vertex  4.540000e+01  1.835000e+01  7.950000e+00
    endloop
  endfacet
  facet normal -1.000000e+00  -0.000000e+00  0.000000e+00
    outer loop
      vertex  4.540000e+01  1.262090e+01  1.139080e+01
      vertex  4.540000e+01  1.317910e+01  1.139080e+01
      vertex  4.540000e+01  1.206754e+01  1.131747e+01
    endloop
  endfacet
  facet normal -9.999999e-01  0.000000e+00  0.000000e+00
    outer loop
      vertex  4.540000e+01  1.206754e+01  1.131747e+01
      vertex  4.540000e+01  1.317910e+01  1.139080e+01
      vertex  4.540000e+01  1.373246e+01  1.131747e+01
    endloop
  endfacet
  facet normal -1.000000e+00  -0.000000e+00  0.000000e+00
    outer loop
      vertex  4.540000e+01  1.206754e+01  1.131747e+01
      vertex  4.540000e+01  1.373246e+01  1.131747e+01
      vertex  4.540000e+01  1.152860e+01  1.117207e+01
    endloop
  endfacet
  facet normal -1.000000e+00  0.000000e+00  0.000000e+00
    outer loop
      vertex  4.540000e+01  1.152860e+01  1.117207e+01
      vertex  4.540000e+01  1.373246e+01  1.131747e+01
      vertex  4.540000e+01  1.427140e+01  1.117207e+01
    endloop
  endfacet
  facet normal -1.000000e+00  -0.000000e+00  0.000000e+00
    outer loop
      vertex  4.540000e+01  1.152860e+01  1.117207e+01
      vertex  4.540000e+01  1.427140e+01  1.117207e+01
      vertex  4.540000e+01  1.101344e+01  1.095713e+01
    endloop
  endfacet
  facet normal -1.000000e+00  0.000000e+00  0.000000e+00
    outer loop
      vertex  4.540000e+01  1.101344e+01  1.095713e+01
      vertex  4.540000e+01  1.427140e+01  1.117207e+01
      vertex  4.540000e+01  1.478656e+01  1.095713e+01
    endloop
  endfacet
  facet normal -1.000000e+00  -0.000000e+00  0.000000e+00
    outer loop
      vertex  4.540000e+01  1.101344e+01  1.095713e+01
      vertex  4.540000e+01  1.478656e+01  1.095713e+01
      vertex  4.540000e+01  1.053099e+01  1.067638e+01
    endloop
  endfacet
  facet normal -1.000000e+00  0.000000e+00  0.000000e+00
    outer loop
      vertex  4.540000e+01  1.053099e+01  1.067638e+01
      vertex  4.540000e+01  1.478656e+01  1.095713e+01
      vertex  4.540000e+01  1.526901e+01  1.067638e+01
    endloop
  endfacet
  facet normal -1.000000e+00  -0.000000e+00  0.000000e+00
    outer loop
      vertex  4.540000e+01  1.053099e+01  1.067638e+01
      vertex  4.540000e+01  1.526901e+01  1.067638e+01
      vertex  4.540000e+01  1.008960e+01  1.033467e+01
    endloop
  endfacet
  facet normal -9.999999e-01  0.000000e+00  0.000000e+00
    outer loop
      vertex  4.540000e+01  1.008960e+01  1.033467e+01
      vertex  4.540000e+01  1.526901e+01  1.067638e+01
      vertex  4.540000e+01  1.571040e+01  1.033467e+01
    endloop
  endfacet
  facet normal -1.000000e+00  -0.000000e+00  0.000000e+00
    outer loop
      vertex  4.540000e+01  1.008960e+01  1.033467e+01
      vertex  4.540000e+01  1.571040e+01  1.033467e+01
      vertex  4.540000e+01  9.696922e+00  9.937941e+00
    endloop
  endfacet
  facet normal -1.000000e+00  0.000000e+00  0.000000e+00
    outer loop
      vertex  4.540000e+01  9.696922e+00  9.937941e+00
      vertex  4.540000e+01  1.571040e+01  1.033467e+01
      vertex  4.540000e+01  1.610308e+01  9.937941e+00
    endloop
  endfacet
  facet normal -1.000000e+00  -0.000000e+00  0.000000e+00
    outer loop
      vertex  4.540000e+01  9.696922e+00  9.937941e+00
      vertex  4.540000e+01  1.610308e+01  9.937941e+00
      vertex  4.540000e+01  9.359773e+00  9.493059e+00
    endloop
  endfacet
  facet normal -1.000000e+00  0.000000e+00  0.000000e+00
    outer loop
      vertex  4.540000e+01  9.359773e+00  9.493059e+00
      vertex  4.540000e+01  1.610308e+01  9.937941e+00
      vertex  4.540000e+01  1.644023e+01  9.493059e+00
    endloop
  endfacet
  facet normal -1.000000e+00  -0.000000e+00  0.000000e+00
    outer loop
      vertex  4.540000e+01  9.359773e+00  9.493059e+00
      vertex  4.540000e+01  1.644023e+01  9.493059e+00
      vertex  4.540000e+01  9.083993e+00  9.007742e+00
    endloop
  endfacet
  facet normal -1.000000e+00  0.000000e+00  0.000000e+00
    outer loop
      vertex  4.540000e+01  9.083993e+00  9.007742e+00
      vertex  4.540000e+01  1.644023e+01  9.493059e+00
      vertex  4.540000e+01  1.671601e+01  9.007742e+00
    endloop
  endfacet
  facet normal -1.000000e+00  -0.000000e+00  0.000000e+00
    outer loop
      vertex  4.540000e+01  9.083993e+00  9.007742e+00
      vertex  4.540000e+01  1.671601e+01  9.007742e+00
      vertex  4.540000e+01  8.874361e+00  8.490399e+00
    endloop
  endfacet
  facet normal -1.000000e+00  0.000000e+00  0.000000e+00
    outer loop
      vertex  4.540000e+01  8.874361e+00  8.490399e+00
      vertex  4.540000e+01  1.671601e+01  9.007742e+00
      vertex  4.540000e+01  1.692564e+01  8.490399e+00
    endloop
  endfacet
  facet normal -1.000000e+00  -0.000000e+00  0.000000e+00
    outer loop
      vertex  4.540000e+01  8.874361e+00  8.490399e+00
      vertex  4.540000e+01  1.692564e+01  8.490399e+00
      vertex  4.540000e+01  8.734513e+00  7.950000e+00
    endloop
  endfacet
  facet normal -1.000000e+00  0.000000e+00  0.000000e+00
    outer loop
      vertex  4.540000e+01  8.734513e+00  7.950000e+00
      vertex  4.540000e+01  1.692564e+01  8.490399e+00
      vertex  4.540000e+01  1.706549e+01  7.950000e+00
    endloop
  endfacet
  facet normal  0.000000e+00 -9.999999e-01  0.000000e+00
    outer loop
      vertex  4.540000e+01  7.450000e+00  7.950000e+00
      vertex  4.540000e+01  7.450000e+00  1.500000e+00
      vertex  5.740000e+01  7.450000e+00  7.950000e+00
    endloop
  endfacet
  facet normal  0.000000e+00 -1.000000e+00  -0.000000e+00
    outer loop
      vertex  5.740000e+01  7.450000e+00  7.950000e+00
      vertex  4.540000e+01  7.450000e+00  1.500000e+00
      vertex  5.950000e+01  7.450000e+00  1.500000e+00
    endloop
  endfacet
  facet normal  0.000000e+00 -1.000000e+00  0.000000e+00
    outer loop
      vertex  5.740000e+01  7.450000e+00  7.950000e+00
      vertex  5.950000e+01  7.450000e+00  1.500000e+00
      vertex  5.740000e+01  7.450000e+00  1.140000e+01
    endloop
  endfacet
  facet normal  0.000000e+00 -9.999999e-01  0.000000e+00
    outer loop
      vertex  5.740000e+01  7.450000e+00  1.140000e+01
      vertex  5.950000e+01  7.450000e+00  1.500000e+00
      vertex  5.950000e+01  7.450000e+00  1.140000e+01
    endloop
  endfacet
  facet normal  0.000000e+00  1.000000e+00  0.000000e+00
    outer loop
      vertex  4.540000e+01  1.835000e+01  1.500000e+00
      vertex  4.540000e+01  1.835000e+01  7.950000e+00
      vertex  5.950000e+01  1.835000e+01  1.500000e+00
    endloop
  endfacet
  facet normal  0.000000e+00  9.999999e-01  0.000000e+00
    outer loop
      vertex  5.950000e+01  1.835000e+01  1.500000e+00
      vertex  4.540000e+01  1.835000e+01  7.950000e+00
      vertex  5.740000e+01  1.835000e+01  7.950000e+00
    endloop
  endfacet
  facet normal  -0.000000e+00  9.999999e-01  0.000000e+00
    outer loop
      vertex  5.950000e+01  1.835000e+01  1.500000e+00
      vertex  5.740000e+01  1.835000e+01  7.950000e+00
      vertex  5.950000e+01  1.835000e+01  1.140000e+01
    endloop
  endfacet
  facet normal  0.000000e+00  1.000000e+00  0.000000e+00
    outer loop
      vertex  5.950000e+01  1.835000e+01  1.140000e+01
      vertex  5.740000e+01  1.835000e+01  7.950000e+00
      vertex  5.740000e+01  1.835000e+01  1.140000e+01
    endloop
  endfacet
  facet normal  -0.000000e+00  0.000000e+00  1.000000e+00
    outer loop
      vertex  5.740000e+01  1.835000e+01  7.950000e+00
      vertex  4.540000e+01  1.835000e+01  7.950000e+00
      vertex  5.740000e+01  1.706549e+01  7.950000e+00
    endloop
  endfacet
  facet normal  0.000000e+00  0.000000e+00  1.000000e+00
    outer loop
      vertex  5.740000e+01  1.706549e+01  7.950000e+00
      vertex  4.540000e+01  1.835000e+01  7.950000e+00
      vertex  4.540000e+01  1.706549e+01  7.950000e+00
    endloop
  endfacet
  facet normal  -0.000000e+00  0.000000e+00  1.000000e+00
    outer loop
      vertex  5.740000e+01  8.734513e+00  7.950000e+00
      vertex  4.540000e+01  8.734513e+00  7.950000e+00
      vertex  5.740000e+01  7.450000e+00  7.950000e+00
    endloop
  endfacet
  facet normal  0.000000e+00  0.000000e+00  1.000000e+00
    outer loop
      vertex  5.740000e+01  7.450000e+00  7.950000e+00
      vertex  4.540000e+01  8.734513e+00  7.950000e+00
      vertex  4.540000e+01  7.450000e+00  7.950000e+00
    endloop
  endfacet
  facet normal  -0.000000e+00  0.000000e+00  9.999999e-01
    outer loop
      vertex  5.950000e+01  1.835000e+01  1.140000e+01
      vertex  5.740000e+01  1.835000e+01  1.140000e+01
      vertex  5.950000e+01  7.450000e+00  1.140000e+01
    endloop
  endfacet
  facet normal  0.000000e+00  0.000000e+00  1.000000e+00
    outer loop
      vertex  5.950000e+01  7.450000e+00  1.140000e+01
      vertex  5.740000e+01  1.835000e+01  1.140000e+01
      vertex  5.740000e+01  1.290000e+01  1.140000e+01
    endloop
  endfacet
  facet normal  0.000000e+00  0.000000e+00  9.999999e-01
    outer loop
      vertex  5.950000e+01  7.450000e+00  1.140000e+01
      vertex  5.740000e+01  1.290000e+01  1.140000e+01
      vertex  5.740000e+01  7.450000e+00  1.140000e+01
    endloop
  endfacet
  facet normal -1.000000e+00  0.000000e+00  0.000000e+00
    outer loop
      vertex  5.740000e+01  1.835000e+01  7.950000e+00
      vertex  5.740000e+01  1.706549e+01  7.950000e+00
      vertex  5.740000e+01  1.693353e+01  8.466266e+00
    endloop
  endfacet
  facet normal -1.000000e+00  0.000000e+00  0.000000e+00
    outer loop
      vertex  5.740000e+01  1.835000e+01  7.950000e+00
      vertex  5.740000e+01  1.693353e+01  8.466266e+00
      vertex  5.740000e+01  1.673786e+01  8.961903e+00
    endloop
  endfacet
  facet normal -1.000000e+00  0.000000e+00  0.000000e+00
    outer loop
      vertex  5.740000e+01  1.835000e+01  7.950000e+00
      vertex  5.740000e+01  1.673786e+01  8.961903e+00
      vertex  5.740000e+01  1.648157e+01  9.429080e+00
    endloop
  endfacet
  facet normal -1.000000e+00  0.000000e+00  0.000000e+00
    outer loop
      vertex  5.740000e+01  1.835000e+01  7.950000e+00
      vertex  5.740000e+01  1.648157e+01  9.429080e+00
      vertex  5.740000e+01  1.616869e+01  9.860418e+00
    endloop
  endfacet
  facet normal -1.000000e+00  0.000000e+00  0.000000e+00
    outer loop
      vertex  5.740000e+01  1.835000e+01  7.950000e+00
      vertex  5.740000e+01  1.616869e+01  9.860418e+00
      vertex  5.740000e+01  1.580418e+01  1.024911e+01
    endloop
  endfacet
  facet normal -1.000000e+00  0.000000e+00  0.000000e+00
    outer loop
      vertex  5.740000e+01  1.835000e+01  1.140000e+01
      vertex  5.740000e+01  1.835000e+01  7.950000e+00
      vertex  5.740000e+01  1.580418e+01  1.024911e+01
    endloop
  endfacet
  facet normal -1.000000e+00  0.000000e+00  0.000000e+00
    outer loop
      vertex  5.740000e+01  1.835000e+01  1.140000e+01
      vertex  5.740000e+01  1.580418e+01  1.024911e+01
      vertex  5.740000e+01  1.539380e+01  1.058900e+01
    endloop
  endfacet
  facet normal -9.999999e-01  0.000000e+00  0.000000e+00
    outer loop
      vertex  5.740000e+01  1.835000e+01  1.140000e+01
      vertex  5.740000e+01  1.539380e+01  1.058900e+01
      vertex  5.740000e+01  1.494402e+01  1.087473e+01
    endloop
  endfacet
  facet normal -1.000000e+00  0.000000e+00  0.000000e+00
    outer loop
      vertex  5.740000e+01  1.835000e+01  1.140000e+01
      vertex  5.740000e+01  1.494402e+01  1.087473e+01
      vertex  5.740000e+01  1.446196e+01  1.110179e+01
    endloop
  endfacet
  facet normal -1.000000e+00  0.000000e+00  0.000000e+00
    outer loop
      vertex  5.740000e+01  1.835000e+01  1.140000e+01
      vertex  5.740000e+01  1.446196e+01  1.110179e+01
      vertex  5.740000e+01  1.395522e+01  1.126658e+01
    endloop
  endfacet
  facet normal -1.000000e+00  0.000000e+00  0.000000e+00
    outer loop
      vertex  5.740000e+01  1.835000e+01  1.140000e+01
      vertex  5.740000e+01  1.395522e+01  1.126658e+01
      vertex  5.740000e+01  1.343181e+01  1.136651e+01
    endloop
  endfacet
  facet normal -9.999999e-01  0.000000e+00  0.000000e+00
    outer loop
      vertex  5.740000e+01  1.835000e+01  1.140000e+01
      vertex  5.740000e+01  1.343181e+01  1.136651e+01
      vertex  5.740000e+01  1.290000e+01  1.140000e+01
    endloop
  endfacet
  facet normal -1.000000e+00  0.000000e+00  0.000000e+00
    outer loop
      vertex  5.740000e+01  7.450000e+00  7.950000e+00
      vertex  5.740000e+01  9.995815e+00  1.024911e+01
      vertex  5.740000e+01  9.631308e+00  9.860418e+00
    endloop
  endfacet
  facet normal -1.000000e+00  0.000000e+00  0.000000e+00
    outer loop
      vertex  5.740000e+01  7.450000e+00  7.950000e+00
      vertex  5.740000e+01  9.631308e+00  9.860418e+00
      vertex  5.740000e+01  9.318435e+00  9.429080e+00
    endloop
  endfacet
  facet normal -1.000000e+00  0.000000e+00  0.000000e+00
    outer loop
      vertex  5.740000e+01  7.450000e+00  7.950000e+00
      vertex  5.740000e+01  9.318435e+00  9.429080e+00
      vertex  5.740000e+01  9.062139e+00  8.961903e+00
    endloop
  endfacet
  facet normal -1.000000e+00  0.000000e+00  0.000000e+00
    outer loop
      vertex  5.740000e+01  7.450000e+00  7.950000e+00
      vertex  5.740000e+01  9.062139e+00  8.961903e+00
      vertex  5.740000e+01  8.866467e+00  8.466266e+00
    endloop
  endfacet
  facet normal -1.000000e+00  0.000000e+00  0.000000e+00
    outer loop
      vertex  5.740000e+01  7.450000e+00  7.950000e+00
      vertex  5.740000e+01  8.866467e+00  8.466266e+00
      vertex  5.740000e+01  8.734513e+00  7.950000e+00
    endloop
  endfacet
  facet normal -9.999999e-01  -0.000000e+00  0.000000e+00
    outer loop
      vertex  5.740000e+01  7.450000e+00  1.140000e+01
      vertex  5.740000e+01  1.290000e+01  1.140000e+01
      vertex  5.740000e+01  1.236819e+01  1.136651e+01
    endloop
  endfacet
  facet normal -1.000000e+00  -0.000000e+00  0.000000e+00
    outer loop
      vertex  5.740000e+01  7.450000e+00  1.140000e+01
      vertex  5.740000e+01  1.236819e+01  1.136651e+01
      vertex  5.740000e+01  1.184478e+01  1.126658e+01
    endloop
  endfacet
  facet normal -1.000000e+00  -0.000000e+00  0.000000e+00
    outer loop
      vertex  5.740000e+01  7.450000e+00  1.140000e+01
      vertex  5.740000e+01  1.184478e+01  1.126658e+01
      vertex  5.740000e+01  1.133804e+01  1.110179e+01
    endloop
  endfacet
  facet normal -1.000000e+00  -0.000000e+00  0.000000e+00
    outer loop
      vertex  5.740000e+01  7.450000e+00  1.140000e+01
      vertex  5.740000e+01  1.133804e+01  1.110179e+01
      vertex  5.740000e+01  1.085598e+01  1.087473e+01
    endloop
  endfacet
  facet normal -1.000000e+00  -0.000000e+00  0.000000e+00
    outer loop
      vertex  5.740000e+01  7.450000e+00  1.140000e+01
      vertex  5.740000e+01  1.085598e+01  1.087473e+01
      vertex  5.740000e+01  1.040620e+01  1.058900e+01
    endloop
  endfacet
  facet normal -1.000000e+00  -0.000000e+00  0.000000e+00
    outer loop
      vertex  5.740000e+01  7.450000e+00  1.140000e+01
      vertex  5.740000e+01  1.040620e+01  1.058900e+01
      vertex  5.740000e+01  9.995815e+00  1.024911e+01
    endloop
  endfacet
  facet normal -1.000000e+00  -0.000000e+00  0.000000e+00
    outer loop
      vertex  5.740000e+01  7.450000e+00  1.140000e+01
      vertex  5.740000e+01  9.995815e+00  1.024911e+01
      vertex  5.740000e+01  7.450000e+00  7.950000e+00
    endloop
  endfacet
  facet normal  0.000000e+00  0.000000e+00  1.000000e+00
    outer loop
      vertex  5.817118e+01  2.507365e+00  1.500000e+00
      vertex  5.808582e+01  2.225975e+00  1.500000e+00
      vertex  5.946553e+01  2.361984e+00  1.500000e+00
    endloop
  endfacet
  facet normal  0.000000e+00  0.000000e+00  1.000000e+00
    outer loop
      vertex  5.896525e+01  1.154201e+00  1.500000e+00
      vertex  5.699263e+01  1.328822e+00  1.500000e+00
      vertex  5.670000e+01  1.300000e+00  1.500000e+00
    endloop
  endfacet
  facet normal  -0.000000e+00  0.000000e+00  1.000000e+00
    outer loop
      vertex  1.328822e+00  2.507365e+00  1.500000e+00
      vertex  3.447265e-02  2.361984e+00  1.500000e+00
      vertex  1.414181e+00  2.225975e+00  1.500000e+00
    endloop
  endfacet
  facet normal  -0.000000e+00  0.000000e+00  1.000000e+00
    outer loop
      vertex  6.947578e+00  8.718969e+00  1.500000e+00
      vertex  1.256592e+00  8.718969e+00  1.500000e+00
      vertex  4.047204e+00  3.633355e+00  1.500000e+00
    endloop
  endfacet
  facet normal  -0.000000e+00  0.000000e+00  1.000000e+00
    outer loop
      vertex  6.947578e+00  8.718969e+00  1.500000e+00
      vertex  4.047204e+00  3.633355e+00  1.500000e+00
      vertex  4.185819e+00  3.374025e+00  1.500000e+00
    endloop
  endfacet
  facet normal  0.000000e+00  0.000000e+00  1.000000e+00
    outer loop
      vertex  6.947578e+00  8.718969e+00  1.500000e+00
      vertex  4.185819e+00  3.374025e+00  1.500000e+00
      vertex  5.531418e+01  3.374025e+00  1.500000e+00
    endloop
  endfacet
  facet normal  0.000000e+00  0.000000e+00  1.000000e+00
    outer loop
      vertex  6.947578e+00  8.718969e+00  1.500000e+00
      vertex  5.531418e+01  3.374025e+00  1.500000e+00
      vertex  4.540000e+01  7.450000e+00  1.500000e+00
    endloop
  endfacet
  facet normal  0.000000e+00  -0.000000e+00  1.000000e+00
    outer loop
      vertex  6.947578e+00  8.718969e+00  1.500000e+00
      vertex  4.540000e+01  7.450000e+00  1.500000e+00
      vertex  4.540000e+01  1.835000e+01  1.500000e+00
    endloop
  endfacet
  facet normal  0.000000e+00  0.000000e+00  9.999999e-01
    outer loop
      vertex  6.947578e+00  8.718969e+00  1.500000e+00
      vertex  4.540000e+01  1.835000e+01  1.500000e+00
      vertex  6.947578e+00  1.708103e+01  1.500000e+00
    endloop
  endfacet
  facet normal  0.000000e+00  -0.000000e+00  1.000000e+00
    outer loop
      vertex  6.947578e+00  1.708103e+01  1.500000e+00
      vertex  4.540000e+01  1.835000e+01  1.500000e+00
      vertex  5.531418e+01  2.242598e+01  1.500000e+00
    endloop
  endfacet
  facet normal  0.000000e+00  0.000000e+00  1.000000e+00
    outer loop
      vertex  6.947578e+00  1.708103e+01  1.500000e+00
      vertex  5.531418e+01  2.242598e+01  1.500000e+00
      vertex  4.185819e+00  2.242598e+01  1.500000e+00
    endloop
  endfacet
  facet normal  0.000000e+00  0.000000e+00  1.000000e+00
    outer loop
      vertex  6.947578e+00  1.708103e+01  1.500000e+00
      vertex  4.185819e+00  2.242598e+01  1.500000e+00
      vertex  4.047204e+00  2.216665e+01  1.500000e+00
    endloop
  endfacet
  facet normal  0.000000e+00  0.000000e+00  1.000000e+00
    outer loop
      vertex  6.947578e+00  1.708103e+01  1.500000e+00
      vertex  4.047204e+00  2.216665e+01  1.500000e+00
      vertex  1.256592e+00  1.708103e+01  1.500000e+00
    endloop
  endfacet
  facet normal  0.000000e+00  0.000000e+00  9.999999e-01
    outer loop
      vertex  4.540000e+01  1.835000e+01  1.500000e+00
      vertex  5.950000e+01  1.835000e+01  1.500000e+00
      vertex  5.670000e+01  2.150000e+01  1.500000e+00
    endloop
  endfacet
  facet normal  0.000000e+00  0.000000e+00  1.000000e+00
    outer loop
      vertex  4.540000e+01  1.835000e+01  1.500000e+00
      vertex  5.670000e+01  2.150000e+01  1.500000e+00
      vertex  5.640736e+01  2.152882e+01  1.500000e+00
    endloop
  endfacet
  facet normal  0.000000e+00  0.000000e+00  1.000000e+00
    outer loop
      vertex  4.540000e+01  1.835000e+01  1.500000e+00
      vertex  5.640736e+01  2.152882e+01  1.500000e+00
      vertex  5.612598e+01  2.161418e+01  1.500000e+00
    endloop
  endfacet
  facet normal  0.000000e+00  0.000000e+00  9.999999e-01
    outer loop
      vertex  4.540000e+01  1.835000e+01  1.500000e+00
      vertex  5.612598e+01  2.161418e+01  1.500000e+00
      vertex  5.586665e+01  2.175280e+01  1.500000e+00
    endloop
  endfacet
  facet normal  0.000000e+00  0.000000e+00  1.000000e+00
    outer loop
      vertex  4.540000e+01  1.835000e+01  1.500000e+00
      vertex  5.586665e+01  2.175280e+01  1.500000e+00
      vertex  5.563934e+01  2.193934e+01  1.500000e+00
    endloop
  endfacet
  facet normal  0.000000e+00  0.000000e+00  1.000000e+00
    outer loop
      vertex  4.540000e+01  1.835000e+01  1.500000e+00
      vertex  5.563934e+01  2.193934e+01  1.500000e+00
      vertex  5.545280e+01  2.216665e+01  1.500000e+00
    endloop
  endfacet
  facet normal  0.000000e+00  0.000000e+00  1.000000e+00
    outer loop
      vertex  4.540000e+01  1.835000e+01  1.500000e+00
      vertex  5.545280e+01  2.216665e+01  1.500000e+00
      vertex  5.531418e+01  2.242598e+01  1.500000e+00
    endloop
  endfacet
  facet normal  -0.000000e+00  0.000000e+00  1.000000e+00
    outer loop
      vertex  2.800000e+00  2.580000e+01  1.500000e+00
      vertex  2.361984e+00  2.576553e+01  1.500000e+00
      vertex  2.800000e+00  2.450000e+01  1.500000e+00
    endloop
  endfacet
  facet normal  -0.000000e+00  0.000000e+00  1.000000e+00
    outer loop
      vertex  2.800000e+00  2.580000e+01  1.500000e+00
      vertex  2.800000e+00  2.450000e+01  1.500000e+00
      vertex  3.092635e+00  2.447118e+01  1.500000e+00
    endloop
  endfacet
  facet normal  -0.000000e+00  -0.000000e+00  9.999999e-01
    outer loop
      vertex  2.800000e+00  2.580000e+01  1.500000e+00
      vertex  3.092635e+00  2.447118e+01  1.500000e+00
      vertex  3.374025e+00  2.438582e+01  1.500000e+00
    endloop
  endfacet
  facet normal  -0.000000e+00  -0.000000e+00  1.000000e+00
    outer loop
      vertex  2.800000e+00  2.580000e+01  1.500000e+00
      vertex  3.374025e+00  2.438582e+01  1.500000e+00
      vertex  3.633355e+00  2.424720e+01  1.500000e+00
    endloop
  endfacet
  facet normal  -0.000000e+00  -0.000000e+00  1.000000e+00
    outer loop
      vertex  2.800000e+00  2.580000e+01  1.500000e+00
      vertex  3.633355e+00  2.424720e+01  1.500000e+00
      vertex  3.860660e+00  2.406066e+01  1.500000e+00
    endloop
  endfacet
  facet normal  -0.000000e+00  -0.000000e+00  1.000000e+00
    outer loop
      vertex  2.800000e+00  2.580000e+01  1.500000e+00
      vertex  3.860660e+00  2.406066e+01  1.500000e+00
      vertex  4.047204e+00  2.383335e+01  1.500000e+00
    endloop
  endfacet
  facet normal  0.000000e+00  -0.000000e+00  9.999999e-01
    outer loop
      vertex  2.800000e+00  2.580000e+01  1.500000e+00
      vertex  4.047204e+00  2.383335e+01  1.500000e+00
      vertex  5.670000e+01  2.580000e+01  1.500000e+00
    endloop
  endfacet
  facet normal  -0.000000e+00  -0.000000e+00  1.000000e+00
    outer loop
      vertex  5.347524e-01  1.154201e+00  1.500000e+00
      vertex  8.201010e-01  8.201010e-01  1.500000e+00
      vertex  1.154201e+00  5.347524e-01  1.500000e+00
    endloop
  endfacet
  facet normal  -0.000000e+00  -0.000000e+00  1.000000e+00
    outer loop
      vertex  5.347524e-01  1.154201e+00  1.500000e+00
      vertex  1.154201e+00  5.347524e-01  1.500000e+00
      vertex  1.528827e+00  3.051817e-01  1.500000e+00
    endloop
  endfacet
  facet normal  -0.000000e+00  -0.000000e+00  1.000000e+00
    outer loop
      vertex  5.347524e-01  1.154201e+00  1.500000e+00
      vertex  1.528827e+00  3.051817e-01  1.500000e+00
      vertex  1.934752e+00  1.370417e-01  1.500000e+00
    endloop
  endfacet
  facet normal  -0.000000e+00  -0.000000e+00  1.000000e+00
    outer loop
      vertex  5.347524e-01  1.154201e+00  1.500000e+00
      vertex  1.934752e+00  1.370417e-01  1.500000e+00
      vertex  2.361984e+00  3.447265e-02  1.500000e+00
    endloop
  endfacet
  facet normal  0.000000e+00  -0.000000e+00  1.000000e+00
    outer loop
      vertex  5.347524e-01  1.154201e+00  1.500000e+00
      vertex  2.361984e+00  3.447265e-02  1.500000e+00
      vertex  2.800000e+00  1.300000e+00  1.500000e+00
    endloop
  endfacet
  facet normal  0.000000e+00  0.000000e+00  1.000000e+00
    outer loop
      vertex  5.347524e-01  1.154201e+00  1.500000e+00
      vertex  2.800000e+00  1.300000e+00  1.500000e+00
      vertex  2.507365e+00  1.328822e+00  1.500000e+00
    endloop
  endfacet
  facet normal  0.000000e+00  0.000000e+00  1.000000e+00
    outer loop
      vertex  5.347524e-01  1.154201e+00  1.500000e+00
      vertex  2.507365e+00  1.328822e+00  1.500000e+00
      vertex  2.225975e+00  1.414181e+00  1.500000e+00
    endloop
  endfacet
  facet normal  0.000000e+00  0.000000e+00  1.000000e+00
    outer loop
      vertex  5.347524e-01  1.154201e+00  1.500000e+00
      vertex  2.225975e+00  1.414181e+00  1.500000e+00
      vertex  1.966645e+00  1.552796e+00  1.500000e+00
    endloop
  endfacet
  facet normal  0.000000e+00  0.000000e+00  1.000000e+00
    outer loop
      vertex  5.347524e-01  1.154201e+00  1.500000e+00
      vertex  1.966645e+00  1.552796e+00  1.500000e+00
      vertex  3.051817e-01  1.528827e+00  1.500000e+00
    endloop
  endfacet
  facet normal  0.000000e+00  -0.000000e+00  1.000000e+00
    outer loop
      vertex  2.800000e+00  0.000000e+00  1.500000e+00
      vertex  5.670000e+01  0.000000e+00  1.500000e+00
      vertex  5.670000e+01  1.300000e+00  1.500000e+00
    endloop
  endfacet
  facet normal  0.000000e+00  0.000000e+00  9.999999e-01
    outer loop
      vertex  2.800000e+00  0.000000e+00  1.500000e+00
      vertex  5.670000e+01  1.300000e+00  1.500000e+00
      vertex  5.640736e+01  1.328822e+00  1.500000e+00
    endloop
  endfacet
  facet normal  0.000000e+00  0.000000e+00  1.000000e+00
    outer loop
      vertex  2.800000e+00  0.000000e+00  1.500000e+00
      vertex  5.640736e+01  1.328822e+00  1.500000e+00
      vertex  5.612598e+01  1.414181e+00  1.500000e+00
    endloop
  endfacet
  facet normal  0.000000e+00  0.000000e+00  1.000000e+00
    outer loop
      vertex  2.800000e+00  0.000000e+00  1.500000e+00
      vertex  5.612598e+01  1.414181e+00  1.500000e+00
      vertex  5.586665e+01  1.552796e+00  1.500000e+00
    endloop
  endfacet
  facet normal  0.000000e+00  0.000000e+00  1.000000e+00
    outer loop
      vertex  2.800000e+00  0.000000e+00  1.500000e+00
      vertex  5.586665e+01  1.552796e+00  1.500000e+00
      vertex  5.563934e+01  1.739340e+00  1.500000e+00
    endloop
  endfacet
  facet normal  0.000000e+00  0.000000e+00  1.000000e+00
    outer loop
      vertex  2.800000e+00  0.000000e+00  1.500000e+00
      vertex  5.563934e+01  1.739340e+00  1.500000e+00
      vertex  5.545280e+01  1.966645e+00  1.500000e+00
    endloop
  endfacet
  facet normal  0.000000e+00  0.000000e+00  1.000000e+00
    outer loop
      vertex  2.800000e+00  0.000000e+00  1.500000e+00
      vertex  5.545280e+01  1.966645e+00  1.500000e+00
      vertex  5.531418e+01  2.225975e+00  1.500000e+00
    endloop
  endfacet
  facet normal  0.000000e+00  0.000000e+00  9.999999e-01
    outer loop
      vertex  2.800000e+00  0.000000e+00  1.500000e+00
      vertex  5.531418e+01  2.225975e+00  1.500000e+00
      vertex  4.047204e+00  1.966645e+00  1.500000e+00
    endloop
  endfacet
  facet normal  0.000000e+00  0.000000e+00  1.000000e+00
    outer loop
      vertex  2.800000e+00  0.000000e+00  1.500000e+00
      vertex  4.047204e+00  1.966645e+00  1.500000e+00
      vertex  3.860660e+00  1.739340e+00  1.500000e+00
    endloop
  endfacet
  facet normal  0.000000e+00  0.000000e+00  1.000000e+00
    outer loop
      vertex  2.800000e+00  0.000000e+00  1.500000e+00
      vertex  3.860660e+00  1.739340e+00  1.500000e+00
      vertex  3.633355e+00  1.552796e+00  1.500000e+00
    endloop
  endfacet
  facet normal  0.000000e+00  0.000000e+00  1.000000e+00
    outer loop
      vertex  2.800000e+00  0.000000e+00  1.500000e+00
      vertex  3.633355e+00  1.552796e+00  1.500000e+00
      vertex  3.374025e+00  1.414181e+00  1.500000e+00
    endloop
  endfacet
  facet normal  0.000000e+00  0.000000e+00  1.000000e+00
    outer loop
      vertex  2.800000e+00  0.000000e+00  1.500000e+00
      vertex  3.374025e+00  1.414181e+00  1.500000e+00
      vertex  3.092635e+00  1.328822e+00  1.500000e+00
    endloop
  endfacet
  facet normal  0.000000e+00  0.000000e+00  1.000000e+00
    outer loop
      vertex  2.800000e+00  0.000000e+00  1.500000e+00
      vertex  3.092635e+00  1.328822e+00  1.500000e+00
      vertex  2.800000e+00  1.300000e+00  1.500000e+00
    endloop
  endfacet
  facet normal  0.000000e+00  0.000000e+00  1.000000e+00
    outer loop
      vertex  2.800000e+00  0.000000e+00  1.500000e+00
      vertex  2.800000e+00  1.300000e+00  1.500000e+00
      vertex  2.361984e+00  3.447265e-02  1.500000e+00
    endloop
  endfacet
  facet normal  0.000000e+00  -0.000000e+00  9.999999e-01
    outer loop
      vertex  4.540000e+01  7.450000e+00  1.500000e+00
      vertex  5.531418e+01  3.374025e+00  1.500000e+00
      vertex  5.545280e+01  3.633355e+00  1.500000e+00
    endloop
  endfacet
  facet normal  0.000000e+00  -0.000000e+00  1.000000e+00
    outer loop
      vertex  4.540000e+01  7.450000e+00  1.500000e+00
      vertex  5.545280e+01  3.633355e+00  1.500000e+00
      vertex  5.563934e+01  3.860660e+00  1.500000e+00
    endloop
  endfacet
  facet normal  0.000000e+00  -0.000000e+00  1.000000e+00
    outer loop
      vertex  4.540000e+01  7.450000e+00  1.500000e+00
      vertex  5.563934e+01  3.860660e+00  1.500000e+00
      vertex  5.586665e+01  4.047204e+00  1.500000e+00
    endloop
  endfacet
  facet normal  0.000000e+00  -0.000000e+00  9.999999e-01
    outer loop
      vertex  4.540000e+01  7.450000e+00  1.500000e+00
      vertex  5.586665e+01  4.047204e+00  1.500000e+00
      vertex  5.612598e+01  4.185819e+00  1.500000e+00
    endloop
  endfacet
  facet normal  0.000000e+00  -0.000000e+00  9.999999e-01
    outer loop
      vertex  4.540000e+01  7.450000e+00  1.500000e+00
      vertex  5.612598e+01  4.185819e+00  1.500000e+00
      vertex  5.640736e+01  4.271178e+00  1.500000e+00
    endloop
  endfacet
  facet normal  0.000000e+00  -0.000000e+00  1.000000e+00
    outer loop
      vertex  4.540000e+01  7.450000e+00  1.500000e+00
      vertex  5.640736e+01  4.271178e+00  1.500000e+00
      vertex  5.670000e+01  4.300000e+00  1.500000e+00
    endloop
  endfacet
  facet normal  0.000000e+00  -0.000000e+00  9.999999e-01
    outer loop
      vertex  4.540000e+01  7.450000e+00  1.500000e+00
      vertex  5.670000e+01  4.300000e+00  1.500000e+00
      vertex  5.950000e+01  7.450000e+00  1.500000e+00
    endloop
  endfacet
  facet normal  0.000000e+00  0.000000e+00  1.000000e+00
    outer loop
      vertex  1.256592e+00  8.718969e+00  1.500000e+00
      vertex  1.256592e+00  1.708103e+01  1.500000e+00
      vertex  8.881784e-16  2.300000e+01  1.500000e+00
    endloop
  endfacet
  facet normal  0.000000e+00  0.000000e+00  1.000000e+00
    outer loop
      vertex  1.256592e+00  8.718969e+00  1.500000e+00
      vertex  8.881784e-16  2.300000e+01  1.500000e+00
      vertex  0.000000e+00  2.800000e+00  1.500000e+00
    endloop
  endfacet
  facet normal  0.000000e+00  0.000000e+00  1.000000e+00
    outer loop
      vertex  1.256592e+00  8.718969e+00  1.500000e+00
      vertex  0.000000e+00  2.800000e+00  1.500000e+00
      vertex  1.966645e+00  4.047204e+00  1.500000e+00
    endloop
  endfacet
  facet normal  0.000000e+00  -0.000000e+00  1.000000e+00
    outer loop
      vertex  1.256592e+00  8.718969e+00  1.500000e+00
      vertex  1.966645e+00  4.047204e+00  1.500000e+00
      vertex  2.225975e+00  4.185819e+00  1.500000e+00
    endloop
  endfacet
  facet normal  0.000000e+00  -0.000000e+00  1.000000e+00
    outer loop
      vertex  1.256592e+00  8.718969e+00  1.500000e+00
      vertex  2.225975e+00  4.185819e+00  1.500000e+00
      vertex  2.507365e+00  4.271178e+00  1.500000e+00
    endloop
  endfacet
  facet normal  0.000000e+00  -0.000000e+00  1.000000e+00
    outer loop
      vertex  1.256592e+00  8.718969e+00  1.500000e+00
      vertex  2.507365e+00  4.271178e+00  1.500000e+00
      vertex  2.800000e+00  4.300000e+00  1.500000e+00
    endloop
  endfacet
  facet normal  -0.000000e+00  -0.000000e+00  1.000000e+00
    outer loop
      vertex  1.256592e+00  8.718969e+00  1.500000e+00
      vertex  2.800000e+00  4.300000e+00  1.500000e+00
      vertex  3.092635e+00  4.271178e+00  1.500000e+00
    endloop
  endfacet
  facet normal  -0.000000e+00  -0.000000e+00  1.000000e+00
    outer loop
      vertex  1.256592e+00  8.718969e+00  1.500000e+00
      vertex  3.092635e+00  4.271178e+00  1.500000e+00
      vertex  3.374025e+00  4.185819e+00  1.500000e+00
    endloop
  endfacet
  facet normal  -0.000000e+00  -0.000000e+00  1.000000e+00
    outer loop
      vertex  1.256592e+00  8.718969e+00  1.500000e+00
      vertex  3.374025e+00  4.185819e+00  1.500000e+00
      vertex  3.633355e+00  4.047204e+00  1.500000e+00
    endloop
  endfacet
  facet normal  -0.000000e+00  -0.000000e+00  1.000000e+00
    outer loop
      vertex  1.256592e+00  8.718969e+00  1.500000e+00
      vertex  3.633355e+00  4.047204e+00  1.500000e+00
      vertex  3.860660e+00  3.860660e+00  1.500000e+00
    endloop
  endfacet
  facet normal  -0.000000e+00  -0.000000e+00  1.000000e+00
    outer loop
      vertex  1.256592e+00  8.718969e+00  1.500000e+00
      vertex  3.860660e+00  3.860660e+00  1.500000e+00
      vertex  4.047204e+00  3.633355e+00  1.500000e+00
    endloop
  endfacet
  facet normal  0.000000e+00  0.000000e+00  9.999999e-01
    outer loop
      vertex  1.256592e+00  1.708103e+01  1.500000e+00
      vertex  4.047204e+00  2.216665e+01  1.500000e+00
      vertex  3.860660e+00  2.193934e+01  1.500000e+00
    endloop
  endfacet
  facet normal  0.000000e+00  0.000000e+00  1.000000e+00
    outer loop
      vertex  1.256592e+00  1.708103e+01  1.500000e+00
      vertex  3.860660e+00  2.193934e+01  1.500000e+00
      vertex  3.633355e+00  2.175280e+01  1.500000e+00
    endloop
  endfacet
  facet normal  0.000000e+00  0.000000e+00  1.000000e+00
    outer loop
      vertex  1.256592e+00  1.708103e+01  1.500000e+00
      vertex  3.633355e+00  2.175280e+01  1.500000e+00
      vertex  3.374025e+00  2.161418e+01  1.500000e+00
    endloop
  endfacet
  facet normal  0.000000e+00  0.000000e+00  1.000000e+00
    outer loop
      vertex  1.256592e+00  1.708103e+01  1.500000e+00
      vertex  3.374025e+00  2.161418e+01  1.500000e+00
      vertex  3.092635e+00  2.152882e+01  1.500000e+00
    endloop
  endfacet
  facet normal  0.000000e+00  0.000000e+00  1.000000e+00
    outer loop
      vertex  1.256592e+00  1.708103e+01  1.500000e+00
      vertex  3.092635e+00  2.152882e+01  1.500000e+00
      vertex  2.800000e+00  2.150000e+01  1.500000e+00
    endloop
  endfacet
  facet normal  0.000000e+00  0.000000e+00  1.000000e+00
    outer loop
      vertex  1.256592e+00  1.708103e+01  1.500000e+00
      vertex  2.800000e+00  2.150000e+01  1.500000e+00
      vertex  2.507365e+00  2.152882e+01  1.500000e+00
    endloop
  endfacet
  facet normal  0.000000e+00  0.000000e+00  1.000000e+00
    outer loop
      vertex  1.256592e+00  1.708103e+01  1.500000e+00
      vertex  2.507365e+00  2.152882e+01  1.500000e+00
      vertex  2.225975e+00  2.161418e+01  1.500000e+00
    endloop
  endfacet
  facet normal  0.000000e+00  0.000000e+00  1.000000e+00
    outer loop
      vertex  1.256592e+00  1.708103e+01  1.500000e+00
      vertex  2.225975e+00  2.161418e+01  1.500000e+00
      vertex  1.966645e+00  2.175280e+01  1.500000e+00
    endloop
  endfacet
  facet normal  0.000000e+00  0.000000e+00  1.000000e+00
    outer loop
      vertex  1.256592e+00  1.708103e+01  1.500000e+00
      vertex  1.966645e+00  2.175280e+01  1.500000e+00
      vertex  1.739340e+00  2.193934e+01  1.500000e+00
    endloop
  endfacet
  facet normal  0.000000e+00  0.000000e+00  1.000000e+00
    outer loop
      vertex  1.256592e+00  1.708103e+01  1.500000e+00
      vertex  1.739340e+00  2.193934e+01  1.500000e+00
      vertex  1.552796e+00  2.216665e+01  1.500000e+00
    endloop
  endfacet
  facet normal  0.000000e+00  0.000000e+00  1.000000e+00
    outer loop
      vertex  1.256592e+00  1.708103e+01  1.500000e+00
      vertex  1.552796e+00  2.216665e+01  1.500000e+00
      vertex  1.414181e+00  2.242598e+01  1.500000e+00
    endloop
  endfacet
  facet normal  0.000000e+00  0.000000e+00  1.000000e+00
    outer loop
      vertex  1.256592e+00  1.708103e+01  1.500000e+00
      vertex  1.414181e+00  2.242598e+01  1.500000e+00
      vertex  1.328822e+00  2.270737e+01  1.500000e+00
    endloop
  endfacet
  facet normal  0.000000e+00  0.000000e+00  1.000000e+00
    outer loop
      vertex  1.256592e+00  1.708103e+01  1.500000e+00
      vertex  1.328822e+00  2.270737e+01  1.500000e+00
      vertex  1.300000e+00  2.300000e+01  1.500000e+00
    endloop
  endfacet
  facet normal  0.000000e+00  0.000000e+00  1.000000e+00
    outer loop
      vertex  1.256592e+00  1.708103e+01  1.500000e+00
      vertex  1.300000e+00  2.300000e+01  1.500000e+00
      vertex  8.881784e-16  2.300000e+01  1.500000e+00
    endloop
  endfacet
  facet normal  0.000000e+00  -0.000000e+00  1.000000e+00
    outer loop
      vertex  4.047204e+00  2.383335e+01  1.500000e+00
      vertex  4.185819e+00  2.357402e+01  1.500000e+00
      vertex  5.531418e+01  2.357402e+01  1.500000e+00
    endloop
  endfacet
  facet normal  0.000000e+00  -0.000000e+00  1.000000e+00
    outer loop
      vertex  4.047204e+00  2.383335e+01  1.500000e+00
      vertex  5.531418e+01  2.357402e+01  1.500000e+00
      vertex  5.545280e+01  2.383335e+01  1.500000e+00
    endloop
  endfacet
  facet normal  0.000000e+00  -0.000000e+00  1.000000e+00
    outer loop
      vertex  4.047204e+00  2.383335e+01  1.500000e+00
      vertex  5.545280e+01  2.383335e+01  1.500000e+00
      vertex  5.563934e+01  2.406066e+01  1.500000e+00
    endloop
  endfacet
  facet normal  0.000000e+00  -0.000000e+00  1.000000e+00
    outer loop
      vertex  4.047204e+00  2.383335e+01  1.500000e+00
      vertex  5.563934e+01  2.406066e+01  1.500000e+00
      vertex  5.586665e+01  2.424720e+01  1.500000e+00
    endloop
  endfacet
  facet normal  0.000000e+00  -0.000000e+00  1.000000e+00
    outer loop
      vertex  4.047204e+00  2.383335e+01  1.500000e+00
      vertex  5.586665e+01  2.424720e+01  1.500000e+00
      vertex  5.612598e+01  2.438582e+01  1.500000e+00
    endloop
  endfacet
  facet normal  0.000000e+00  -0.000000e+00  1.000000e+00
    outer loop
      vertex  4.047204e+00  2.383335e+01  1.500000e+00
      vertex  5.612598e+01  2.438582e+01  1.500000e+00
      vertex  5.640736e+01  2.447118e+01  1.500000e+00
    endloop
  endfacet
  facet normal  0.000000e+00  -0.000000e+00  9.999999e-01
    outer loop
      vertex  4.047204e+00  2.383335e+01  1.500000e+00
      vertex  5.640736e+01  2.447118e+01  1.500000e+00
      vertex  5.670000e+01  2.450000e+01  1.500000e+00
    endloop
  endfacet
  facet normal  0.000000e+00  -0.000000e+00  1.000000e+00
    outer loop
      vertex  4.047204e+00  2.383335e+01  1.500000e+00
      vertex  5.670000e+01  2.450000e+01  1.500000e+00
      vertex  5.670000e+01  2.580000e+01  1.500000e+00
    endloop
  endfacet
  facet normal  0.000000e+00  0.000000e+00  1.000000e+00
    outer loop
      vertex  5.950000e+01  2.800000e+00  1.500000e+00
      vertex  5.753336e+01  4.047204e+00  1.500000e+00
      vertex  5.776066e+01  3.860660e+00  1.500000e+00
    endloop
  endfacet
  facet normal  0.000000e+00  0.000000e+00  9.999999e-01
    outer loop
      vertex  5.950000e+01  2.800000e+00  1.500000e+00
      vertex  5.776066e+01  3.860660e+00  1.500000e+00
      vertex  5.794720e+01  3.633355e+00  1.500000e+00
    endloop
  endfacet
  facet normal  0.000000e+00  0.000000e+00  1.000000e+00
    outer loop
      vertex  5.950000e+01  2.800000e+00  1.500000e+00
      vertex  5.794720e+01  3.633355e+00  1.500000e+00
      vertex  5.808582e+01  3.374025e+00  1.500000e+00
    endloop
  endfacet
  facet normal  0.000000e+00  0.000000e+00  9.999999e-01
    outer loop
      vertex  5.950000e+01  2.800000e+00  1.500000e+00
      vertex  5.808582e+01  3.374025e+00  1.500000e+00
      vertex  5.817118e+01  3.092635e+00  1.500000e+00
    endloop
  endfacet
  facet normal  0.000000e+00  0.000000e+00  1.000000e+00
    outer loop
      vertex  5.950000e+01  2.800000e+00  1.500000e+00
      vertex  5.817118e+01  3.092635e+00  1.500000e+00
      vertex  5.820000e+01  2.800000e+00  1.500000e+00
    endloop
  endfacet
  facet normal  -0.000000e+00  0.000000e+00  1.000000e+00
    outer loop
      vertex  5.950000e+01  2.800000e+00  1.500000e+00
      vertex  5.820000e+01  2.800000e+00  1.500000e+00
      vertex  5.817118e+01  2.507365e+00  1.500000e+00
    endloop
  endfacet
  facet normal  -0.000000e+00  0.000000e+00  1.000000e+00
    outer loop
      vertex  5.950000e+01  2.800000e+00  1.500000e+00
      vertex  5.817118e+01  2.507365e+00  1.500000e+00
      vertex  5.946553e+01  2.361984e+00  1.500000e+00
    endloop
  endfacet
  facet normal  -0.000000e+00  0.000000e+00  1.000000e+00
    outer loop
      vertex  5.950000e+01  7.450000e+00  1.500000e+00
      vertex  5.670000e+01  4.300000e+00  1.500000e+00
      vertex  5.699263e+01  4.271178e+00  1.500000e+00
    endloop
  endfacet
  facet normal  -0.000000e+00  0.000000e+00  1.000000e+00
    outer loop
      vertex  5.950000e+01  7.450000e+00  1.500000e+00
      vertex  5.699263e+01  4.271178e+00  1.500000e+00
      vertex  5.727402e+01  4.185819e+00  1.500000e+00
    endloop
  endfacet
  facet normal  -0.000000e+00  0.000000e+00  1.000000e+00
    outer loop
      vertex  5.950000e+01  7.450000e+00  1.500000e+00
      vertex  5.727402e+01  4.185819e+00  1.500000e+00
      vertex  5.753336e+01  4.047204e+00  1.500000e+00
    endloop
  endfacet
  facet normal  -0.000000e+00  0.000000e+00  1.000000e+00
    outer loop
      vertex  5.950000e+01  7.450000e+00  1.500000e+00
      vertex  5.753336e+01  4.047204e+00  1.500000e+00
      vertex  5.950000e+01  2.800000e+00  1.500000e+00
    endloop
  endfacet
  facet normal  0.000000e+00  -0.000000e+00  1.000000e+00
    outer loop
      vertex  5.670000e+01  0.000000e+00  1.500000e+00
      vertex  5.713802e+01  3.447265e-02  1.500000e+00
      vertex  5.756525e+01  1.370417e-01  1.500000e+00
    endloop
  endfacet
  facet normal  0.000000e+00  -0.000000e+00  1.000000e+00
    outer loop
      vertex  5.670000e+01  0.000000e+00  1.500000e+00
      vertex  5.756525e+01  1.370417e-01  1.500000e+00
      vertex  5.797117e+01  3.051817e-01  1.500000e+00
    endloop
  endfacet
  facet normal  0.000000e+00  -0.000000e+00  1.000000e+00
    outer loop
      vertex  5.670000e+01  0.000000e+00  1.500000e+00
      vertex  5.797117e+01  3.051817e-01  1.500000e+00
      vertex  5.834580e+01  5.347524e-01  1.500000e+00
    endloop
  endfacet
  facet normal  0.000000e+00  -0.000000e+00  1.000000e+00
    outer loop
      vertex  5.670000e+01  0.000000e+00  1.500000e+00
      vertex  5.834580e+01  5.347524e-01  1.500000e+00
      vertex  5.867990e+01  8.201010e-01  1.500000e+00
    endloop
  endfacet
  facet normal  0.000000e+00  -0.000000e+00  1.000000e+00
    outer loop
      vertex  5.670000e+01  0.000000e+00  1.500000e+00
      vertex  5.867990e+01  8.201010e-01  1.500000e+00
      vertex  5.896525e+01  1.154201e+00  1.500000e+00
    endloop
  endfacet
  facet normal  0.000000e+00  0.000000e+00  1.000000e+00
    outer loop
      vertex  5.670000e+01  0.000000e+00  1.500000e+00
      vertex  5.896525e+01  1.154201e+00  1.500000e+00
      vertex  5.670000e+01  1.300000e+00  1.500000e+00
    endloop
  endfacet
  facet normal  0.000000e+00  0.000000e+00  1.000000e+00
    outer loop
      vertex  2.800000e+00  2.450000e+01  1.500000e+00
      vertex  2.361984e+00  2.576553e+01  1.500000e+00
      vertex  1.934752e+00  2.566296e+01  1.500000e+00
    endloop
  endfacet
  facet normal  0.000000e+00  0.000000e+00  1.000000e+00
    outer loop
      vertex  2.800000e+00  2.450000e+01  1.500000e+00
      vertex  1.934752e+00  2.566296e+01  1.500000e+00
      vertex  1.528827e+00  2.549482e+01  1.500000e+00
    endloop
  endfacet
  facet normal  0.000000e+00  0.000000e+00  1.000000e+00
    outer loop
      vertex  2.800000e+00  2.450000e+01  1.500000e+00
      vertex  1.528827e+00  2.549482e+01  1.500000e+00
      vertex  1.154201e+00  2.526525e+01  1.500000e+00
    endloop
  endfacet
  facet normal  0.000000e+00  0.000000e+00  1.000000e+00
    outer loop
      vertex  2.800000e+00  2.450000e+01  1.500000e+00
      vertex  1.154201e+00  2.526525e+01  1.500000e+00
      vertex  8.201010e-01  2.497990e+01  1.500000e+00
    endloop
  endfacet
  facet normal  0.000000e+00  0.000000e+00  1.000000e+00
    outer loop
      vertex  2.800000e+00  2.450000e+01  1.500000e+00
      vertex  8.201010e-01  2.497990e+01  1.500000e+00
      vertex  5.347524e-01  2.464580e+01  1.500000e+00
    endloop
  endfacet
  facet normal  0.000000e+00  0.000000e+00  9.999999e-01
    outer loop
      vertex  2.800000e+00  2.450000e+01  1.500000e+00
      vertex  5.347524e-01  2.464580e+01  1.500000e+00
      vertex  2.507365e+00  2.447118e+01  1.500000e+00
    endloop
  endfacet
  facet normal  0.000000e+00  -0.000000e+00  1.000000e+00
    outer loop
      vertex  0.000000e+00  2.800000e+00  1.500000e+00
      vertex  3.447265e-02  2.361984e+00  1.500000e+00
      vertex  1.328822e+00  2.507365e+00  1.500000e+00
    endloop
  endfacet
  facet normal  0.000000e+00  0.000000e+00  1.000000e+00
    outer loop
      vertex  0.000000e+00  2.800000e+00  1.500000e+00
      vertex  1.328822e+00  2.507365e+00  1.500000e+00
      vertex  1.300000e+00  2.800000e+00  1.500000e+00
    endloop
  endfacet
  facet normal  0.000000e+00  -0.000000e+00  1.000000e+00
    outer loop
      vertex  0.000000e+00  2.800000e+00  1.500000e+00
      vertex  1.300000e+00  2.800000e+00  1.500000e+00
      vertex  1.328822e+00  3.092635e+00  1.500000e+00
    endloop
  endfacet
  facet normal  0.000000e+00  -0.000000e+00  1.000000e+00
    outer loop
      vertex  0.000000e+00  2.800000e+00  1.500000e+00
      vertex  1.328822e+00  3.092635e+00  1.500000e+00
      vertex  1.414181e+00  3.374025e+00  1.500000e+00
    endloop
  endfacet
  facet normal  0.000000e+00  -0.000000e+00  1.000000e+00
    outer loop
      vertex  0.000000e+00  2.800000e+00  1.500000e+00
      vertex  1.414181e+00  3.374025e+00  1.500000e+00
      vertex  1.552796e+00  3.633355e+00  1.500000e+00
    endloop
  endfacet
  facet normal  0.000000e+00  -0.000000e+00  1.000000e+00
    outer loop
      vertex  0.000000e+00  2.800000e+00  1.500000e+00
      vertex  1.552796e+00  3.633355e+00  1.500000e+00
      vertex  1.739340e+00  3.860660e+00  1.500000e+00
    endloop
  endfacet
  facet normal  0.000000e+00  -0.000000e+00  1.000000e+00
    outer loop
      vertex  0.000000e+00  2.800000e+00  1.500000e+00
      vertex  1.739340e+00  3.860660e+00  1.500000e+00
      vertex  1.966645e+00  4.047204e+00  1.500000e+00
    endloop
  endfacet
  facet normal  0.000000e+00  -0.000000e+00  1.000000e+00
    outer loop
      vertex  5.670000e+01  2.450000e+01  1.500000e+00
      vertex  5.699263e+01  2.447118e+01  1.500000e+00
      vertex  5.896525e+01  2.464580e+01  1.500000e+00
    endloop
  endfacet
  facet normal  0.000000e+00  0.000000e+00  1.000000e+00
    outer loop
      vertex  5.670000e+01  2.450000e+01  1.500000e+00
      vertex  5.896525e+01  2.464580e+01  1.500000e+00
      vertex  5.867990e+01  2.497990e+01  1.500000e+00
    endloop
  endfacet
  facet normal  0.000000e+00  0.000000e+00  9.999999e-01
    outer loop
      vertex  5.670000e+01  2.450000e+01  1.500000e+00
      vertex  5.867990e+01  2.497990e+01  1.500000e+00
      vertex  5.834580e+01  2.526525e+01  1.500000e+00
    endloop
  endfacet
  facet normal  0.000000e+00  0.000000e+00  1.000000e+00
    outer loop
      vertex  5.670000e+01  2.450000e+01  1.500000e+00
      vertex  5.834580e+01  2.526525e+01  1.500000e+00
      vertex  5.797117e+01  2.549482e+01  1.500000e+00
    endloop
  endfacet
  facet normal  0.000000e+00  0.000000e+00  9.999999e-01
    outer loop
      vertex  5.670000e+01  2.450000e+01  1.500000e+00
      vertex  5.797117e+01  2.549482e+01  1.500000e+00
      vertex  5.756525e+01  2.566296e+01  1.500000e+00
    endloop
  endfacet
  facet normal  0.000000e+00  0.000000e+00  1.000000e+00
    outer loop
      vertex  5.670000e+01  2.450000e+01  1.500000e+00
      vertex  5.756525e+01  2.566296e+01  1.500000e+00
      vertex  5.713802e+01  2.576553e+01  1.500000e+00
    endloop
  endfacet
  facet normal  0.000000e+00  0.000000e+00  1.000000e+00
    outer loop
      vertex  5.670000e+01  2.450000e+01  1.500000e+00
      vertex  5.713802e+01  2.576553e+01  1.500000e+00
      vertex  5.670000e+01  2.580000e+01  1.500000e+00
    endloop
  endfacet
  facet normal  0.000000e+00  0.000000e+00  1.000000e+00
    outer loop
      vertex  5.950000e+01  1.835000e+01  1.500000e+00
      vertex  5.950000e+01  2.300000e+01  1.500000e+00
      vertex  5.820000e+01  2.300000e+01  1.500000e+00
    endloop
  endfacet
  facet normal  0.000000e+00  0.000000e+00  1.000000e+00
    outer loop
      vertex  5.950000e+01  1.835000e+01  1.500000e+00
      vertex  5.820000e+01  2.300000e+01  1.500000e+00
      vertex  5.817118e+01  2.270737e+01  1.500000e+00
    endloop
  endfacet
  facet normal  0.000000e+00  0.000000e+00  1.000000e+00
    outer loop
      vertex  5.950000e+01  1.835000e+01  1.500000e+00
      vertex  5.817118e+01  2.270737e+01  1.500000e+00
      vertex  5.808582e+01  2.242598e+01  1.500000e+00
    endloop
  endfacet
  facet normal  0.000000e+00  0.000000e+00  1.000000e+00
    outer loop
      vertex  5.950000e+01  1.835000e+01  1.500000e+00
      vertex  5.808582e+01  2.242598e+01  1.500000e+00
      vertex  5.794720e+01  2.216665e+01  1.500000e+00
    endloop
  endfacet
  facet normal  0.000000e+00  0.000000e+00  1.000000e+00
    outer loop
      vertex  5.950000e+01  1.835000e+01  1.500000e+00
      vertex  5.794720e+01  2.216665e+01  1.500000e+00
      vertex  5.776066e+01  2.193934e+01  1.500000e+00
    endloop
  endfacet
  facet normal  0.000000e+00  0.000000e+00  1.000000e+00
    outer loop
      vertex  5.950000e+01  1.835000e+01  1.500000e+00
      vertex  5.776066e+01  2.193934e+01  1.500000e+00
      vertex  5.753336e+01  2.175280e+01  1.500000e+00
    endloop
  endfacet
  facet normal  0.000000e+00  0.000000e+00  1.000000e+00
    outer loop
      vertex  5.950000e+01  1.835000e+01  1.500000e+00
      vertex  5.753336e+01  2.175280e+01  1.500000e+00
      vertex  5.727402e+01  2.161418e+01  1.500000e+00
    endloop
  endfacet
  facet normal  0.000000e+00  0.000000e+00  1.000000e+00
    outer loop
      vertex  5.950000e+01  1.835000e+01  1.500000e+00
      vertex  5.727402e+01  2.161418e+01  1.500000e+00
      vertex  5.699263e+01  2.152882e+01  1.500000e+00
    endloop
  endfacet
  facet normal  0.000000e+00  0.000000e+00  1.000000e+00
    outer loop
      vertex  5.950000e+01  1.835000e+01  1.500000e+00
      vertex  5.699263e+01  2.152882e+01  1.500000e+00
      vertex  5.670000e+01  2.150000e+01  1.500000e+00
    endloop
  endfacet
  facet normal  -0.000000e+00  0.000000e+00  1.000000e+00
    outer loop
      vertex  5.946553e+01  2.361984e+00  1.500000e+00
      vertex  5.808582e+01  2.225975e+00  1.500000e+00
      vertex  5.936296e+01  1.934752e+00  1.500000e+00
    endloop
  endfacet
  facet normal  0.000000e+00  0.000000e+00  1.000000e+00
    outer loop
      vertex  5.936296e+01  1.934752e+00  1.500000e+00
      vertex  5.808582e+01  2.225975e+00  1.500000e+00
      vertex  5.794720e+01  1.966645e+00  1.500000e+00
    endloop
  endfacet
  facet normal  0.000000e+00  0.000000e+00  1.000000e+00
    outer loop
      vertex  5.936296e+01  1.934752e+00  1.500000e+00
      vertex  5.794720e+01  1.966645e+00  1.500000e+00
      vertex  5.919482e+01  1.528827e+00  1.500000e+00
    endloop
  endfacet
  facet normal  0.000000e+00  0.000000e+00  1.000000e+00
    outer loop
      vertex  5.919482e+01  1.528827e+00  1.500000e+00
      vertex  5.794720e+01  1.966645e+00  1.500000e+00
      vertex  5.776066e+01  1.739340e+00  1.500000e+00
    endloop
  endfacet
  facet normal  0.000000e+00  0.000000e+00  1.000000e+00
    outer loop
      vertex  5.919482e+01  1.528827e+00  1.500000e+00
      vertex  5.776066e+01  1.739340e+00  1.500000e+00
      vertex  5.753336e+01  1.552796e+00  1.500000e+00
    endloop
  endfacet
  facet normal  0.000000e+00  0.000000e+00  1.000000e+00
    outer loop
      vertex  5.919482e+01  1.528827e+00  1.500000e+00
      vertex  5.753336e+01  1.552796e+00  1.500000e+00
      vertex  5.896525e+01  1.154201e+00  1.500000e+00
    endloop
  endfacet
  facet normal  0.000000e+00  0.000000e+00  1.000000e+00
    outer loop
      vertex  5.896525e+01  1.154201e+00  1.500000e+00
      vertex  5.753336e+01  1.552796e+00  1.500000e+00
      vertex  5.727402e+01  1.414181e+00  1.500000e+00
    endloop
  endfacet
  facet normal  0.000000e+00  0.000000e+00  1.000000e+00
    outer loop
      vertex  5.896525e+01  1.154201e+00  1.500000e+00
      vertex  5.727402e+01  1.414181e+00  1.500000e+00
      vertex  5.699263e+01  1.328822e+00  1.500000e+00
    endloop
  endfacet
  facet normal  0.000000e+00  0.000000e+00  1.000000e+00
    outer loop
      vertex  2.507365e+00  2.447118e+01  1.500000e+00
      vertex  5.347524e-01  2.464580e+01  1.500000e+00
      vertex  2.225975e+00  2.438582e+01  1.500000e+00
    endloop
  endfacet
  facet normal  0.000000e+00  0.000000e+00  1.000000e+00
    outer loop
      vertex  2.225975e+00  2.438582e+01  1.500000e+00
      vertex  5.347524e-01  2.464580e+01  1.500000e+00
      vertex  3.051817e-01  2.427117e+01  1.500000e+00
    endloop
  endfacet
  facet normal  -0.000000e+00  0.000000e+00  1.000000e+00
    outer loop
      vertex  2.225975e+00  2.438582e+01  1.500000e+00
      vertex  3.051817e-01  2.427117e+01  1.500000e+00
      vertex  1.966645e+00  2.424720e+01  1.500000e+00
    endloop
  endfacet
  facet normal  0.000000e+00  0.000000e+00  1.000000e+00
    outer loop
      vertex  1.966645e+00  2.424720e+01  1.500000e+00
      vertex  3.051817e-01  2.427117e+01  1.500000e+00
      vertex  1.739340e+00  2.406066e+01  1.500000e+00
    endloop
  endfacet
  facet normal  0.000000e+00  0.000000e+00  1.000000e+00
    outer loop
      vertex  1.739340e+00  2.406066e+01  1.500000e+00
      vertex  3.051817e-01  2.427117e+01  1.500000e+00
      vertex  1.370417e-01  2.386525e+01  1.500000e+00
    endloop
  endfacet
  facet normal  -0.000000e+00  0.000000e+00  1.000000e+00
    outer loop
      vertex  1.739340e+00  2.406066e+01  1.500000e+00
      vertex  1.370417e-01  2.386525e+01  1.500000e+00
      vertex  1.552796e+00  2.383335e+01  1.500000e+00
    endloop
  endfacet
  facet normal  0.000000e+00  0.000000e+00  1.000000e+00
    outer loop
      vertex  1.552796e+00  2.383335e+01  1.500000e+00
      vertex  1.370417e-01  2.386525e+01  1.500000e+00
      vertex  1.414181e+00  2.357402e+01  1.500000e+00
    endloop
  endfacet
  facet normal  0.000000e+00  0.000000e+00  1.000000e+00
    outer loop
      vertex  1.414181e+00  2.357402e+01  1.500000e+00
      vertex  1.370417e-01  2.386525e+01  1.500000e+00
      vertex  3.447265e-02  2.343802e+01  1.500000e+00
    endloop
  endfacet
  facet normal  -0.000000e+00  0.000000e+00  1.000000e+00
    outer loop
      vertex  1.414181e+00  2.357402e+01  1.500000e+00
      vertex  3.447265e-02  2.343802e+01  1.500000e+00
      vertex  1.328822e+00  2.329263e+01  1.500000e+00
    endloop
  endfacet
  facet normal  0.000000e+00  0.000000e+00  1.000000e+00
    outer loop
      vertex  1.328822e+00  2.329263e+01  1.500000e+00
      vertex  3.447265e-02  2.343802e+01  1.500000e+00
      vertex  8.881784e-16  2.300000e+01  1.500000e+00
    endloop
  endfacet
  facet normal  0.000000e+00  0.000000e+00  1.000000e+00
    outer loop
      vertex  1.328822e+00  2.329263e+01  1.500000e+00
      vertex  8.881784e-16  2.300000e+01  1.500000e+00
      vertex  1.300000e+00  2.300000e+01  1.500000e+00
    endloop
  endfacet
  facet normal  0.000000e+00  0.000000e+00  1.000000e+00
    outer loop
      vertex  1.414181e+00  2.225975e+00  1.500000e+00
      vertex  3.447265e-02  2.361984e+00  1.500000e+00
      vertex  1.552796e+00  1.966645e+00  1.500000e+00
    endloop
  endfacet
  facet normal  0.000000e+00  0.000000e+00  1.000000e+00
    outer loop
      vertex  1.552796e+00  1.966645e+00  1.500000e+00
      vertex  3.447265e-02  2.361984e+00  1.500000e+00
      vertex  1.370417e-01  1.934752e+00  1.500000e+00
    endloop
  endfacet
  facet normal  -0.000000e+00  0.000000e+00  1.000000e+00
    outer loop
      vertex  1.552796e+00  1.966645e+00  1.500000e+00
      vertex  1.370417e-01  1.934752e+00  1.500000e+00
      vertex  1.739340e+00  1.739340e+00  1.500000e+00
    endloop
  endfacet
  facet normal  0.000000e+00  0.000000e+00  1.000000e+00
    outer loop
      vertex  1.739340e+00  1.739340e+00  1.500000e+00
      vertex  1.370417e-01  1.934752e+00  1.500000e+00
      vertex  3.051817e-01  1.528827e+00  1.500000e+00
    endloop
  endfacet
  facet normal  0.000000e+00  0.000000e+00  1.000000e+00
    outer loop
      vertex  1.739340e+00  1.739340e+00  1.500000e+00
      vertex  3.051817e-01  1.528827e+00  1.500000e+00
      vertex  1.966645e+00  1.552796e+00  1.500000e+00
    endloop
  endfacet
  facet normal  -0.000000e+00  0.000000e+00  1.000000e+00
    outer loop
      vertex  5.531418e+01  2.357402e+01  1.500000e+00
      vertex  4.185819e+00  2.357402e+01  1.500000e+00
      vertex  5.522882e+01  2.329263e+01  1.500000e+00
    endloop
  endfacet
  facet normal  0.000000e+00  0.000000e+00  9.999999e-01
    outer loop
      vertex  5.522882e+01  2.329263e+01  1.500000e+00
      vertex  4.185819e+00  2.357402e+01  1.500000e+00
      vertex  4.271178e+00  2.329263e+01  1.500000e+00
    endloop
  endfacet
  facet normal  -0.000000e+00  0.000000e+00  1.000000e+00
    outer loop
      vertex  5.522882e+01  2.329263e+01  1.500000e+00
      vertex  4.271178e+00  2.329263e+01  1.500000e+00
      vertex  5.520000e+01  2.300000e+01  1.500000e+00
    endloop
  endfacet
  facet normal  0.000000e+00  0.000000e+00  1.000000e+00
    outer loop
      vertex  5.520000e+01  2.300000e+01  1.500000e+00
      vertex  4.271178e+00  2.329263e+01  1.500000e+00
      vertex  4.300000e+00  2.300000e+01  1.500000e+00
    endloop
  endfacet
  facet normal  -0.000000e+00  0.000000e+00  1.000000e+00
    outer loop
      vertex  5.520000e+01  2.300000e+01  1.500000e+00
      vertex  4.300000e+00  2.300000e+01  1.500000e+00
      vertex  5.522882e+01  2.270737e+01  1.500000e+00
    endloop
  endfacet
  facet normal  0.000000e+00  0.000000e+00  1.000000e+00
    outer loop
      vertex  5.522882e+01  2.270737e+01  1.500000e+00
      vertex  4.300000e+00  2.300000e+01  1.500000e+00
      vertex  4.271178e+00  2.270737e+01  1.500000e+00
    endloop
  endfacet
  facet normal  -0.000000e+00  0.000000e+00  9.999999e-01
    outer loop
      vertex  5.522882e+01  2.270737e+01  1.500000e+00
      vertex  4.271178e+00  2.270737e+01  1.500000e+00
      vertex  5.531418e+01  2.242598e+01  1.500000e+00
    endloop
  endfacet
  facet normal  0.000000e+00  0.000000e+00  1.000000e+00
    outer loop
      vertex  5.531418e+01  2.242598e+01  1.500000e+00
      vertex  4.271178e+00  2.270737e+01  1.500000e+00
      vertex  4.185819e+00  2.242598e+01  1.500000e+00
    endloop
  endfacet
  facet normal  -0.000000e+00  0.000000e+00  1.000000e+00
    outer loop
      vertex  5.531418e+01  3.374025e+00  1.500000e+00
      vertex  4.185819e+00  3.374025e+00  1.500000e+00
      vertex  5.522882e+01  3.092635e+00  1.500000e+00
    endloop
  endfacet
  facet normal  0.000000e+00  0.000000e+00  1.000000e+00
    outer loop
      vertex  5.522882e+01  3.092635e+00  1.500000e+00
      vertex  4.185819e+00  3.374025e+00  1.500000e+00
      vertex  4.271178e+00  3.092635e+00  1.500000e+00
    endloop
  endfacet
  facet normal  -0.000000e+00  0.000000e+00  1.000000e+00
    outer loop
      vertex  5.522882e+01  3.092635e+00  1.500000e+00
      vertex  4.271178e+00  3.092635e+00  1.500000e+00
      vertex  5.520000e+01  2.800000e+00  1.500000e+00
    endloop
  endfacet
  facet normal  0.000000e+00  0.000000e+00  1.000000e+00
    outer loop
      vertex  5.520000e+01  2.800000e+00  1.500000e+00
      vertex  4.271178e+00  3.092635e+00  1.500000e+00
      vertex  4.300000e+00  2.800000e+00  1.500000e+00
    endloop
  endfacet
  facet normal  -0.000000e+00  0.000000e+00  1.000000e+00
    outer loop
      vertex  5.520000e+01  2.800000e+00  1.500000e+00
      vertex  4.300000e+00  2.800000e+00  1.500000e+00
      vertex  5.522882e+01  2.507365e+00  1.500000e+00
    endloop
  endfacet
  facet normal  0.000000e+00  0.000000e+00  1.000000e+00
    outer loop
      vertex  5.522882e+01  2.507365e+00  1.500000e+00
      vertex  4.300000e+00  2.800000e+00  1.500000e+00
      vertex  4.271178e+00  2.507365e+00  1.500000e+00
    endloop
  endfacet
  facet normal  -0.000000e+00  0.000000e+00  1.000000e+00
    outer loop
      vertex  5.522882e+01  2.507365e+00  1.500000e+00
      vertex  4.271178e+00  2.507365e+00  1.500000e+00
      vertex  5.531418e+01  2.225975e+00  1.500000e+00
    endloop
  endfacet
  facet normal  0.000000e+00  0.000000e+00  1.000000e+00
    outer loop
      vertex  5.531418e+01  2.225975e+00  1.500000e+00
      vertex  4.271178e+00  2.507365e+00  1.500000e+00
      vertex  4.185819e+00  2.225975e+00  1.500000e+00
    endloop
  endfacet
  facet normal  -0.000000e+00  0.000000e+00  9.999999e-01
    outer loop
      vertex  5.531418e+01  2.225975e+00  1.500000e+00
      vertex  4.185819e+00  2.225975e+00  1.500000e+00
      vertex  4.047204e+00  1.966645e+00  1.500000e+00
    endloop
  endfacet
  facet normal  -0.000000e+00  0.000000e+00  1.000000e+00
    outer loop
      vertex  5.896525e+01  2.464580e+01  1.500000e+00
      vertex  5.699263e+01  2.447118e+01  1.500000e+00
      vertex  5.919482e+01  2.427117e+01  1.500000e+00
    endloop
  endfacet
  facet normal  0.000000e+00  0.000000e+00  1.000000e+00
    outer loop
      vertex  5.919482e+01  2.427117e+01  1.500000e+00
      vertex  5.699263e+01  2.447118e+01  1.500000e+00
      vertex  5.727402e+01  2.438582e+01  1.500000e+00
    endloop
  endfacet
  facet normal  0.000000e+00  0.000000e+00  1.000000e+00
    outer loop
      vertex  5.919482e+01  2.427117e+01  1.500000e+00
      vertex  5.727402e+01  2.438582e+01  1.500000e+00
      vertex  5.753336e+01  2.424720e+01  1.500000e+00
    endloop
  endfacet
  facet normal  -0.000000e+00  0.000000e+00  9.999999e-01
    outer loop
      vertex  5.919482e+01  2.427117e+01  1.500000e+00
      vertex  5.753336e+01  2.424720e+01  1.500000e+00
      vertex  5.936296e+01  2.386525e+01  1.500000e+00
    endloop
  endfacet
  facet normal  0.000000e+00  0.000000e+00  1.000000e+00
    outer loop
      vertex  5.936296e+01  2.386525e+01  1.500000e+00
      vertex  5.753336e+01  2.424720e+01  1.500000e+00
      vertex  5.776066e+01  2.406066e+01  1.500000e+00
    endloop
  endfacet
  facet normal  0.000000e+00  0.000000e+00  1.000000e+00
    outer loop
      vertex  5.936296e+01  2.386525e+01  1.500000e+00
      vertex  5.776066e+01  2.406066e+01  1.500000e+00
      vertex  5.794720e+01  2.383335e+01  1.500000e+00
    endloop
  endfacet
  facet normal  -0.000000e+00  0.000000e+00  1.000000e+00
    outer loop
      vertex  5.936296e+01  2.386525e+01  1.500000e+00
      vertex  5.794720e+01  2.383335e+01  1.500000e+00
      vertex  5.946553e+01  2.343802e+01  1.500000e+00
    endloop
  endfacet
  facet normal  0.000000e+00  0.000000e+00  1.000000e+00
    outer loop
      vertex  5.946553e+01  2.343802e+01  1.500000e+00
      vertex  5.794720e+01  2.383335e+01  1.500000e+00
      vertex  5.808582e+01  2.357402e+01  1.500000e+00
    endloop
  endfacet
  facet normal  0.000000e+00  0.000000e+00  1.000000e+00
    outer loop
      vertex  5.946553e+01  2.343802e+01  1.500000e+00
      vertex  5.808582e+01  2.357402e+01  1.500000e+00
      vertex  5.950000e+01  2.300000e+01  1.500000e+00
    endloop
  endfacet
  facet normal  0.000000e+00  0.000000e+00  1.000000e+00
    outer loop
      vertex  5.950000e+01  2.300000e+01  1.500000e+00
      vertex  5.808582e+01  2.357402e+01  1.500000e+00
      vertex  5.817118e+01  2.329263e+01  1.500000e+00
    endloop
  endfacet
  facet normal  0.000000e+00  0.000000e+00  1.000000e+00
    outer loop
      vertex  5.950000e+01  2.300000e+01  1.500000e+00
      vertex  5.817118e+01  2.329263e+01  1.500000e+00
      vertex  5.820000e+01  2.300000e+01  1.500000e+00
    endloop
  endfacet
  facet normal -2.533245e-04  9.268032e-01  3.755474e-01
    outer loop
      vertex  4.540000e+01  1.692564e+01  8.490399e+00
      vertex  4.540000e+01  1.671601e+01  9.007742e+00
      vertex  5.740000e+01  1.673786e+01  8.961903e+00
    endloop
  endfacet
  facet normal  2.406119e-04  8.767316e-01  4.809799e-01
    outer loop
      vertex  5.740000e+01  1.648157e+01  9.429080e+00
      vertex  5.740000e+01  1.673786e+01  8.961903e+00
      vertex  4.540000e+01  1.671601e+01  9.007742e+00
    endloop
  endfacet
  facet normal -3.609631e-04  8.694323e-01  4.940517e-01
    outer loop
      vertex  4.540000e+01  1.671601e+01  9.007742e+00
      vertex  4.540000e+01  1.644023e+01  9.493059e+00
      vertex  5.740000e+01  1.648157e+01  9.429080e+00
    endloop
  endfacet
  facet normal  3.419819e-04  8.094735e-01  5.871565e-01
    outer loop
      vertex  5.740000e+01  1.616869e+01  9.860418e+00
      vertex  5.740000e+01  1.648157e+01  9.429080e+00
      vertex  4.540000e+01  1.644023e+01  9.493059e+00
    endloop
  endfacet
  facet normal -4.559400e-04  7.969893e-01  6.039932e-01
    outer loop
      vertex  4.540000e+01  1.644023e+01  9.493059e+00
      vertex  4.540000e+01  1.610308e+01  9.937941e+00
      vertex  5.740000e+01  1.616869e+01  9.860418e+00
    endloop
  endfacet
  facet normal  4.306610e-04  7.294317e-01  6.840534e-01
    outer loop
      vertex  5.740000e+01  1.580418e+01  1.024911e+01
      vertex  5.740000e+01  1.616869e+01  9.860418e+00
      vertex  4.540000e+01  1.610308e+01  9.937941e+00
    endloop
  endfacet
  facet normal -5.383448e-04  7.107330e-01  7.034617e-01
    outer loop
      vertex  4.540000e+01  1.610308e+01  9.937941e+00
      vertex  4.540000e+01  1.571040e+01  1.033467e+01
      vertex  5.740000e+01  1.580418e+01  1.024911e+01
    endloop
  endfacet
  facet normal  5.066616e-04  6.378628e-01  7.701498e-01
    outer loop
      vertex  5.740000e+01  1.539380e+01  1.058900e+01
      vertex  5.740000e+01  1.580418e+01  1.024911e+01
      vertex  4.540000e+01  1.571040e+01  1.033467e+01
    endloop
  endfacet
  facet normal -6.079666e-04  6.121543e-01  7.907380e-01
    outer loop
      vertex  4.540000e+01  1.571040e+01  1.033467e+01
      vertex  4.540000e+01  1.526901e+01  1.067638e+01
      vertex  5.740000e+01  1.539380e+01  1.058900e+01
    endloop
  endfacet
  facet normal  5.700417e-04  5.362217e-01  8.440769e-01
    outer loop
      vertex  5.740000e+01  1.494402e+01  1.087473e+01
      vertex  5.740000e+01  1.539380e+01  1.058900e+01
      vertex  4.540000e+01  1.526901e+01  1.067638e+01
    endloop
  endfacet
  facet normal -6.650073e-04  5.029653e-01  8.643064e-01
    outer loop
      vertex  4.540000e+01  1.526901e+01  1.067638e+01
      vertex  4.540000e+01  1.478656e+01  1.095713e+01
      vertex  5.740000e+01  1.494402e+01  1.087473e+01
    endloop
  endfacet
  facet normal  6.207157e-04  4.261085e-01  9.046719e-01
    outer loop
      vertex  5.740000e+01  1.446196e+01  1.110179e+01
      vertex  5.740000e+01  1.494402e+01  1.087473e+01
      vertex  4.540000e+01  1.478656e+01  1.095713e+01
    endloop
  endfacet
  facet normal -7.093700e-04  3.850568e-01  9.228926e-01
    outer loop
      vertex  4.540000e+01  1.478656e+01  1.095713e+01
      vertex  4.540000e+01  1.427140e+01  1.117207e+01
      vertex  5.740000e+01  1.446196e+01  1.110179e+01
    endloop
  endfacet
  facet normal  6.587214e-04  3.092634e-01  9.509761e-01
    outer loop
      vertex  5.740000e+01  1.395522e+01  1.126658e+01
      vertex  5.740000e+01  1.446196e+01  1.110179e+01
      vertex  4.540000e+01  1.427140e+01  1.117207e+01
    endloop
  endfacet
  facet normal -7.410191e-04  2.604743e-01  9.654806e-01
    outer loop
      vertex  4.540000e+01  1.427140e+01  1.117207e+01
      vertex  4.540000e+01  1.373246e+01  1.131747e+01
      vertex  5.740000e+01  1.395522e+01  1.126658e+01
    endloop
  endfacet
  facet normal  6.841114e-04  1.875338e-01  9.822580e-01
    outer loop
      vertex  5.740000e+01  1.343181e+01  1.136651e+01
      vertex  5.740000e+01  1.395522e+01  1.126658e+01
      vertex  4.540000e+01  1.373246e+01  1.131747e+01
    endloop
  endfacet
  facet normal -7.600046e-04  1.313751e-01  9.913325e-01
    outer loop
      vertex  4.540000e+01  1.373246e+01  1.131747e+01
      vertex  4.540000e+01  1.317910e+01  1.139080e+01
      vertex  5.740000e+01  1.343181e+01  1.136651e+01
    endloop
  endfacet
  facet normal -7.600046e-04 -1.313751e-01  9.913325e-01
    outer loop
      vertex  5.740000e+01  1.236819e+01  1.136651e+01
      vertex  4.540000e+01  1.262090e+01  1.139080e+01
      vertex  4.540000e+01  1.206754e+01  1.131747e+01
    endloop
  endfacet
  facet normal  6.841116e-04 -1.875338e-01  9.822580e-01
    outer loop
      vertex  5.740000e+01  1.236819e+01  1.136651e+01
      vertex  4.540000e+01  1.206754e+01  1.131747e+01
      vertex  5.740000e+01  1.184478e+01  1.126658e+01
    endloop
  endfacet
  facet normal -7.410191e-04 -2.604743e-01  9.654806e-01
    outer loop
      vertex  5.740000e+01  1.184478e+01  1.126658e+01
      vertex  4.540000e+01  1.206754e+01  1.131747e+01
      vertex  4.540000e+01  1.152860e+01  1.117207e+01
    endloop
  endfacet
  facet normal  6.587217e-04 -3.092634e-01  9.509761e-01
    outer loop
      vertex  5.740000e+01  1.184478e+01  1.126658e+01
      vertex  4.540000e+01  1.152860e+01  1.117207e+01
      vertex  5.740000e+01  1.133804e+01  1.110179e+01
    endloop
  endfacet
  facet normal -7.093700e-04 -3.850568e-01  9.228926e-01
    outer loop
      vertex  5.740000e+01  1.133804e+01  1.110179e+01
      vertex  4.540000e+01  1.152860e+01  1.117207e+01
      vertex  4.540000e+01  1.101344e+01  1.095713e+01
    endloop
  endfacet
  facet normal  6.207160e-04 -4.261085e-01  9.046719e-01
    outer loop
      vertex  5.740000e+01  1.133804e+01  1.110179e+01
      vertex  4.540000e+01  1.101344e+01  1.095713e+01
      vertex  5.740000e+01  1.085598e+01  1.087473e+01
    endloop
  endfacet
  facet normal -6.650073e-04 -5.029653e-01  8.643064e-01
    outer loop
      vertex  5.740000e+01  1.085598e+01  1.087473e+01
      vertex  4.540000e+01  1.101344e+01  1.095713e+01
      vertex  4.540000e+01  1.053099e+01  1.067638e+01
    endloop
  endfacet
  facet normal  5.700112e-04 -5.362209e-01  8.440774e-01
    outer loop
      vertex  5.740000e+01  1.085598e+01  1.087473e+01
      vertex  4.540000e+01  1.053099e+01  1.067638e+01
      vertex  5.740000e+01  1.040620e+01  1.058900e+01
    endloop
  endfacet
  facet normal -6.080150e-04 -6.121543e-01  7.907380e-01
    outer loop
      vertex  5.740000e+01  1.040620e+01  1.058900e+01
      vertex  4.540000e+01  1.053099e+01  1.067638e+01
      vertex  4.540000e+01  1.008960e+01  1.033467e+01
    endloop
  endfacet
  facet normal  5.066494e-04 -6.378637e-01  7.701491e-01
    outer loop
      vertex  5.740000e+01  1.040620e+01  1.058900e+01
      vertex  4.540000e+01  1.008960e+01  1.033467e+01
      vertex  5.740000e+01  9.995815e+00  1.024911e+01
    endloop
  endfacet
  facet normal -5.383320e-04 -7.107321e-01  7.034625e-01
    outer loop
      vertex  5.740000e+01  9.995815e+00  1.024911e+01
      vertex  4.540000e+01  1.008960e+01  1.033467e+01
      vertex  4.540000e+01  9.696922e+00  9.937941e+00
    endloop
  endfacet
  facet normal  4.306725e-04 -7.294309e-01  6.840544e-01
    outer loop
      vertex  5.740000e+01  9.995815e+00  1.024911e+01
      vertex  4.540000e+01  9.696922e+00  9.937941e+00
      vertex  5.740000e+01  9.631308e+00  9.860418e+00
    endloop
  endfacet
  facet normal -4.559513e-04 -7.969900e-01  6.039922e-01
    outer loop
      vertex  5.740000e+01  9.631308e+00  9.860418e+00
      vertex  4.540000e+01  9.696922e+00  9.937941e+00
      vertex  4.540000e+01  9.359773e+00  9.493059e+00
    endloop
  endfacet
  facet normal  3.419727e-04 -8.094742e-01  5.871552e-01
    outer loop
      vertex  5.740000e+01  9.631308e+00  9.860418e+00
      vertex  4.540000e+01  9.359773e+00  9.493059e+00
      vertex  5.740000e+01  9.318435e+00  9.429080e+00
    endloop
  endfacet
  facet normal -3.609631e-04 -8.694323e-01  4.940517e-01
    outer loop
      vertex  5.740000e+01  9.318435e+00  9.429080e+00
      vertex  4.540000e+01  9.359773e+00  9.493059e+00
      vertex  4.540000e+01  9.083993e+00  9.007742e+00
    endloop
  endfacet
  facet normal  2.406119e-04 -8.767316e-01  4.809799e-01
    outer loop
      vertex  5.740000e+01  9.318435e+00  9.429080e+00
      vertex  4.540000e+01  9.083993e+00  9.007742e+00
      vertex  5.740000e+01  9.062139e+00  8.961903e+00
    endloop
  endfacet
  facet normal -2.533178e-04 -9.268025e-01  3.755488e-01
    outer loop
      vertex  5.740000e+01  9.062139e+00  8.961903e+00
      vertex  4.540000e+01  9.083993e+00  9.007742e+00
      vertex  4.540000e+01  8.874361e+00  8.490399e+00
    endloop
  endfacet
  facet normal  6.967732e-04  6.284234e-02  9.980232e-01
    outer loop
      vertex  5.740000e+01  1.290000e+01  1.140000e+01
      vertex  5.740000e+01  1.343181e+01  1.136651e+01
      vertex  4.540000e+01  1.317910e+01  1.139080e+01
    endloop
  endfacet
  facet normal -7.663565e-04  0.000000e+00  9.999997e-01
    outer loop
      vertex  5.740000e+01  1.290000e+01  1.140000e+01
      vertex  4.540000e+01  1.317910e+01  1.139080e+01
      vertex  4.540000e+01  1.262090e+01  1.139080e+01
    endloop
  endfacet
  facet normal  6.967710e-04 -6.284245e-02  9.980232e-01
    outer loop
      vertex  5.740000e+01  1.290000e+01  1.140000e+01
      vertex  4.540000e+01  1.262090e+01  1.139080e+01
      vertex  5.740000e+01  1.236819e+01  1.136651e+01
    endloop
  endfacet
  facet normal  -0.000000e+00  9.688540e-01  2.476328e-01
    outer loop
      vertex  5.740000e+01  1.706549e+01  7.950000e+00
      vertex  4.540000e+01  1.706549e+01  7.950000e+00
      vertex  5.740000e+01  1.693353e+01  8.466266e+00
    endloop
  endfacet
  facet normal -1.330356e-04  9.681077e-01  2.505343e-01
    outer loop
      vertex  5.740000e+01  1.693353e+01  8.466266e+00
      vertex  4.540000e+01  1.706549e+01  7.950000e+00
      vertex  4.540000e+01  1.692564e+01  8.490399e+00
    endloop
  endfacet
  facet normal  1.265881e-04  9.301392e-01  3.672070e-01
    outer loop
      vertex  5.740000e+01  1.693353e+01  8.466266e+00
      vertex  4.540000e+01  1.692564e+01  8.490399e+00
      vertex  5.740000e+01  1.673786e+01  8.961903e+00
    endloop
  endfacet
  facet normal  0.000000e+00 -9.681082e-01  2.505327e-01
    outer loop
      vertex  4.540000e+01  8.734513e+00  7.950000e+00
      vertex  5.740000e+01  8.734513e+00  7.950000e+00
      vertex  4.540000e+01  8.874361e+00  8.490399e+00
    endloop
  endfacet
  facet normal -1.392849e-04 -9.688540e-01  2.476328e-01
    outer loop
      vertex  4.540000e+01  8.874361e+00  8.490399e+00
      vertex  5.740000e+01  8.734513e+00  7.950000e+00
      vertex  5.740000e+01  8.866467e+00  8.466266e+00
    endloop
  endfacet
  facet normal  1.266621e-04 -9.301392e-01  3.672070e-01
    outer loop
      vertex  4.540000e+01  8.874361e+00  8.490399e+00
      vertex  5.740000e+01  8.866467e+00  8.466266e+00
      vertex  5.740000e+01  9.062139e+00  8.961903e+00
    endloop
  endfacet
  facet normal  9.999999e-01  -0.000000e+00  0.000000e+00
    outer loop
      vertex  6.947578e+00  1.708103e+01  5.321000e+00
      vertex  6.947578e+00  8.718969e+00  5.321000e+00
      vertex  6.947578e+00  1.708103e+01  1.500000e+00
    endloop
  endfacet
  facet normal  9.999999e-01  0.000000e+00  0.000000e+00
    outer loop
      vertex  6.947578e+00  1.708103e+01  1.500000e+00
      vertex  6.947578e+00  8.718969e+00  5.321000e+00
      vertex  6.947578e+00  8.718969e+00  1.500000e+00
    endloop
  endfacet
  facet normal  0.000000e+00 -1.000000e+00  0.000000e+00
    outer loop
      vertex  6.947578e+00  8.718969e+00  5.321000e+00
      vertex  1.256592e+00  8.718969e+00  5.321000e+00
      vertex  6.947578e+00  8.718969e+00  1.500000e+00
    endloop
  endfacet
  facet normal  0.000000e+00 -1.000000e+00  0.000000e+00
    outer loop
      vertex  6.947578e+00  8.718969e+00  1.500000e+00
      vertex  1.256592e+00  8.718969e+00  5.321000e+00
      vertex  1.256592e+00  8.718969e+00  1.500000e+00
    endloop
  endfacet
  facet normal -9.999999e-01  -0.000000e+00  0.000000e+00
    outer loop
      vertex  1.256592e+00  8.718969e+00  5.321000e+00
      vertex  1.256592e+00  1.708103e+01  5.321000e+00
      vertex  1.256592e+00  8.718969e+00  1.500000e+00
    endloop
  endfacet
  facet normal -9.999999e-01  0.000000e+00  0.000000e+00
    outer loop
      vertex  1.256592e+00  8.718969e+00  1.500000e+00
      vertex  1.256592e+00  1.708103e+01  5.321000e+00
      vertex  1.256592e+00  1.708103e+01  1.500000e+00
    endloop
  endfacet
  facet normal  0.000000e+00  1.000000e+00  0.000000e+00
    outer loop
      vertex  1.256592e+00  1.708103e+01  5.321000e+00
      vertex  6.947578e+00  1.708103e+01  5.321000e+00
      vertex  1.256592e+00  1.708103e+01  1.500000e+00
    endloop
  endfacet
  facet normal  0.000000e+00  1.000000e+00  0.000000e+00
    outer loop
      vertex  1.256592e+00  1.708103e+01  1.500000e+00
      vertex  6.947578e+00  1.708103e+01  5.321000e+00
      vertex  6.947578e+00  1.708103e+01  1.500000e+00
    endloop
  endfacet
  facet normal  0.000000e+00  0.000000e+00  1.000000e+00
    outer loop
      vertex  1.256592e+00  8.718969e+00  5.321000e+00
      vertex  6.947578e+00  8.718969e+00  5.321000e+00
      vertex  1.256592e+00  1.708103e+01  5.321000e+00
    endloop
  endfacet
  facet normal  -0.000000e+00  0.000000e+00  1.000000e+00
    outer loop
      vertex  1.256592e+00  1.708103e+01  5.321000e+00
      vertex  6.947578e+00  8.718969e+00  5.321000e+00
      vertex  6.947578e+00  1.708103e+01  5.321000e+00
    endloop
  endfacet
  facet normal  -0.000000e+00  0.000000e+00 -1.000000e+00
    outer loop
      vertex  2.800000e+00  2.150000e+01  0.000000e+00
      vertex  2.225975e+00  4.185819e+00  0.000000e+00
      vertex  1.966645e+00  4.047204e+00  0.000000e+00
    endloop
  endfacet
  facet normal  -0.000000e+00  0.000000e+00 -1.000000e+00
    outer loop
      vertex  2.800000e+00  2.150000e+01  0.000000e+00
      vertex  2.507365e+00  4.271178e+00  0.000000e+00
      vertex  2.225975e+00  4.185819e+00  0.000000e+00
    endloop
  endfacet
  facet normal  -0.000000e+00  0.000000e+00 -1.000000e+00
    outer loop
      vertex  2.800000e+00  2.150000e+01  0.000000e+00
      vertex  2.800000e+00  4.300000e+00  0.000000e+00
      vertex  2.507365e+00  4.271178e+00  0.000000e+00
    endloop
  endfacet
  facet normal  0.000000e+00  0.000000e+00 -1.000000e+00
    outer loop
      vertex  1.414181e+00  2.225975e+00  0.000000e+00
      vertex  3.447265e-02  2.361984e+00  0.000000e+00
      vertex  1.328822e+00  2.507365e+00  0.000000e+00
    endloop
  endfacet
  facet normal  -0.000000e+00  0.000000e+00 -1.000000e+00
    outer loop
      vertex  2.507365e+00  1.328822e+00  0.000000e+00
      vertex  2.800000e+00  1.300000e+00  0.000000e+00
      vertex  5.347524e-01  1.154201e+00  0.000000e+00
    endloop
  endfacet
  facet normal  0.000000e+00  0.000000e+00 -1.000000e+00
    outer loop
      vertex  5.727402e+01  4.185819e+00  0.000000e+00
      vertex  5.670000e+01  2.150000e+01  0.000000e+00
      vertex  5.753336e+01  4.047204e+00  0.000000e+00
    endloop
  endfacet
  facet normal  0.000000e+00  0.000000e+00 -1.000000e+00
    outer loop
      vertex  5.699263e+01  4.271178e+00  0.000000e+00
      vertex  5.670000e+01  2.150000e+01  0.000000e+00
      vertex  5.727402e+01  4.185819e+00  0.000000e+00
    endloop
  endfacet
  facet normal  0.000000e+00  0.000000e+00 -9.999999e-01
    outer loop
      vertex  5.670000e+01  4.300000e+00  0.000000e+00
      vertex  5.670000e+01  2.150000e+01  0.000000e+00
      vertex  5.699263e+01  4.271178e+00  0.000000e+00
    endloop
  endfacet
  facet normal  0.000000e+00  0.000000e+00 -1.000000e+00
    outer loop
      vertex  5.946553e+01  2.361984e+00  0.000000e+00
      vertex  5.808582e+01  2.225975e+00  0.000000e+00
      vertex  5.817118e+01  2.507365e+00  0.000000e+00
    endloop
  endfacet
  facet normal  0.000000e+00  -0.000000e+00 -1.000000e+00
    outer loop
      vertex  5.670000e+01  1.300000e+00  0.000000e+00
      vertex  5.699263e+01  1.328822e+00  0.000000e+00
      vertex  5.896525e+01  1.154201e+00  0.000000e+00
    endloop
  endfacet
  facet normal  0.000000e+00  0.000000e+00 -1.000000e+00
    outer loop
      vertex  2.800000e+00  2.450000e+01  0.000000e+00
      vertex  2.507365e+00  2.447118e+01  0.000000e+00
      vertex  5.347524e-01  2.464580e+01  0.000000e+00
    endloop
  endfacet
  facet normal  0.000000e+00  0.000000e+00 -1.000000e+00
    outer loop
      vertex  2.800000e+00  2.450000e+01  0.000000e+00
      vertex  5.347524e-01  2.464580e+01  0.000000e+00
      vertex  8.201010e-01  2.497990e+01  0.000000e+00
    endloop
  endfacet
  facet normal  0.000000e+00  0.000000e+00 -1.000000e+00
    outer loop
      vertex  2.800000e+00  2.450000e+01  0.000000e+00
      vertex  8.201010e-01  2.497990e+01  0.000000e+00
      vertex  1.154201e+00  2.526525e+01  0.000000e+00
    endloop
  endfacet
  facet normal  0.000000e+00  0.000000e+00 -1.000000e+00
    outer loop
      vertex  2.800000e+00  2.450000e+01  0.000000e+00
      vertex  1.154201e+00  2.526525e+01  0.000000e+00
      vertex  1.528827e+00  2.549482e+01  0.000000e+00
    endloop
  endfacet
  facet normal  0.000000e+00  0.000000e+00 -1.000000e+00
    outer loop
      vertex  2.800000e+00  2.450000e+01  0.000000e+00
      vertex  1.528827e+00  2.549482e+01  0.000000e+00
      vertex  1.934752e+00  2.566296e+01  0.000000e+00
    endloop
  endfacet
  facet normal  0.000000e+00  0.000000e+00 -1.000000e+00
    outer loop
      vertex  2.800000e+00  2.450000e+01  0.000000e+00
      vertex  1.934752e+00  2.566296e+01  0.000000e+00
      vertex  2.361984e+00  2.576553e+01  0.000000e+00
    endloop
  endfacet
  facet normal  0.000000e+00  0.000000e+00 -1.000000e+00
    outer loop
      vertex  2.800000e+00  2.450000e+01  0.000000e+00
      vertex  2.361984e+00  2.576553e+01  0.000000e+00
      vertex  2.800000e+00  2.580000e+01  0.000000e+00
    endloop
  endfacet
  facet normal  0.000000e+00  0.000000e+00 -9.999999e-01
    outer loop
      vertex  2.800000e+00  2.450000e+01  0.000000e+00
      vertex  2.800000e+00  2.580000e+01  0.000000e+00
      vertex  5.670000e+01  2.580000e+01  0.000000e+00
    endloop
  endfacet
  facet normal  0.000000e+00  -0.000000e+00 -9.999999e-01
    outer loop
      vertex  2.800000e+00  2.450000e+01  0.000000e+00
      vertex  5.670000e+01  2.580000e+01  0.000000e+00
      vertex  5.670000e+01  2.450000e+01  0.000000e+00
    endloop
  endfacet
  facet normal  -0.000000e+00  0.000000e+00 -1.000000e+00
    outer loop
      vertex  2.800000e+00  2.450000e+01  0.000000e+00
      vertex  5.670000e+01  2.450000e+01  0.000000e+00
      vertex  5.640736e+01  2.447118e+01  0.000000e+00
    endloop
  endfacet
  facet normal  0.000000e+00  0.000000e+00 -1.000000e+00
    outer loop
      vertex  2.800000e+00  2.450000e+01  0.000000e+00
      vertex  5.640736e+01  2.447118e+01  0.000000e+00
      vertex  3.092635e+00  2.447118e+01  0.000000e+00
    endloop
  endfacet
  facet normal  0.000000e+00  -0.000000e+00 -9.999999e-01
    outer loop
      vertex  0.000000e+00  2.800000e+00  0.000000e+00
      vertex  8.881784e-16  2.300000e+01  0.000000e+00
      vertex  1.300000e+00  2.300000e+01  0.000000e+00
    endloop
  endfacet
  facet normal  0.000000e+00  -0.000000e+00 -1.000000e+00
    outer loop
      vertex  0.000000e+00  2.800000e+00  0.000000e+00
      vertex  1.300000e+00  2.300000e+01  0.000000e+00
      vertex  1.328822e+00  2.270737e+01  0.000000e+00
    endloop
  endfacet
  facet normal  0.000000e+00  -0.000000e+00 -1.000000e+00
    outer loop
      vertex  0.000000e+00  2.800000e+00  0.000000e+00
      vertex  1.328822e+00  2.270737e+01  0.000000e+00
      vertex  1.414181e+00  2.242598e+01  0.000000e+00
    endloop
  endfacet
  facet normal  0.000000e+00  -0.000000e+00 -9.999999e-01
    outer loop
      vertex  0.000000e+00  2.800000e+00  0.000000e+00
      vertex  1.414181e+00  2.242598e+01  0.000000e+00
      vertex  1.552796e+00  2.216665e+01  0.000000e+00
    endloop
  endfacet
  facet normal  0.000000e+00  -0.000000e+00 -1.000000e+00
    outer loop
      vertex  0.000000e+00  2.800000e+00  0.000000e+00
      vertex  1.552796e+00  2.216665e+01  0.000000e+00
      vertex  1.739340e+00  2.193934e+01  0.000000e+00
    endloop
  endfacet
  facet normal  0.000000e+00  -0.000000e+00 -1.000000e+00
    outer loop
      vertex  0.000000e+00  2.800000e+00  0.000000e+00
      vertex  1.739340e+00  2.193934e+01  0.000000e+00
      vertex  1.966645e+00  2.175280e+01  0.000000e+00
    endloop
  endfacet
  facet normal  0.000000e+00  -0.000000e+00 -1.000000e+00
    outer loop
      vertex  0.000000e+00  2.800000e+00  0.000000e+00
      vertex  1.966645e+00  2.175280e+01  0.000000e+00
      vertex  2.225975e+00  2.161418e+01  0.000000e+00
    endloop
  endfacet
  facet normal  0.000000e+00  -0.000000e+00 -1.000000e+00
    outer loop
      vertex  0.000000e+00  2.800000e+00  0.000000e+00
      vertex  2.225975e+00  2.161418e+01  0.000000e+00
      vertex  2.507365e+00  2.152882e+01  0.000000e+00
    endloop
  endfacet
  facet normal  0.000000e+00  -0.000000e+00 -1.000000e+00
    outer loop
      vertex  0.000000e+00  2.800000e+00  0.000000e+00
      vertex  2.507365e+00  2.152882e+01  0.000000e+00
      vertex  2.800000e+00  2.150000e+01  0.000000e+00
    endloop
  endfacet
  facet normal  0.000000e+00  0.000000e+00 -1.000000e+00
    outer loop
      vertex  0.000000e+00  2.800000e+00  0.000000e+00
      vertex  2.800000e+00  2.150000e+01  0.000000e+00
      vertex  1.966645e+00  4.047204e+00  0.000000e+00
    endloop
  endfacet
  facet normal  0.000000e+00  0.000000e+00 -1.000000e+00
    outer loop
      vertex  0.000000e+00  2.800000e+00  0.000000e+00
      vertex  1.966645e+00  4.047204e+00  0.000000e+00
      vertex  1.739340e+00  3.860660e+00  0.000000e+00
    endloop
  endfacet
  facet normal  0.000000e+00  0.000000e+00 -1.000000e+00
    outer loop
      vertex  0.000000e+00  2.800000e+00  0.000000e+00
      vertex  1.739340e+00  3.860660e+00  0.000000e+00
      vertex  1.552796e+00  3.633355e+00  0.000000e+00
    endloop
  endfacet
  facet normal  0.000000e+00  0.000000e+00 -1.000000e+00
    outer loop
      vertex  0.000000e+00  2.800000e+00  0.000000e+00
      vertex  1.552796e+00  3.633355e+00  0.000000e+00
      vertex  1.414181e+00  3.374025e+00  0.000000e+00
    endloop
  endfacet
  facet normal  0.000000e+00  0.000000e+00 -1.000000e+00
    outer loop
      vertex  0.000000e+00  2.800000e+00  0.000000e+00
      vertex  1.414181e+00  3.374025e+00  0.000000e+00
      vertex  1.328822e+00  3.092635e+00  0.000000e+00
    endloop
  endfacet
  facet normal  0.000000e+00  0.000000e+00 -1.000000e+00
    outer loop
      vertex  0.000000e+00  2.800000e+00  0.000000e+00
      vertex  1.328822e+00  3.092635e+00  0.000000e+00
      vertex  1.300000e+00  2.800000e+00  0.000000e+00
    endloop
  endfacet
  facet normal  -0.000000e+00  -0.000000e+00 -1.000000e+00
    outer loop
      vertex  0.000000e+00  2.800000e+00  0.000000e+00
      vertex  1.300000e+00  2.800000e+00  0.000000e+00
      vertex  1.328822e+00  2.507365e+00  0.000000e+00
    endloop
  endfacet
  facet normal  -0.000000e+00  0.000000e+00 -1.000000e+00
    outer loop
      vertex  0.000000e+00  2.800000e+00  0.000000e+00
      vertex  1.328822e+00  2.507365e+00  0.000000e+00
      vertex  3.447265e-02  2.361984e+00  0.000000e+00
    endloop
  endfacet
  facet normal  0.000000e+00  0.000000e+00 -1.000000e+00
    outer loop
      vertex  2.800000e+00  0.000000e+00  0.000000e+00
      vertex  2.361984e+00  3.447265e-02  0.000000e+00
      vertex  1.934752e+00  1.370417e-01  0.000000e+00
    endloop
  endfacet
  facet normal  0.000000e+00  0.000000e+00 -1.000000e+00
    outer loop
      vertex  2.800000e+00  0.000000e+00  0.000000e+00
      vertex  1.934752e+00  1.370417e-01  0.000000e+00
      vertex  1.528827e+00  3.051817e-01  0.000000e+00
    endloop
  endfacet
  facet normal  0.000000e+00  0.000000e+00 -1.000000e+00
    outer loop
      vertex  2.800000e+00  0.000000e+00  0.000000e+00
      vertex  1.528827e+00  3.051817e-01  0.000000e+00
      vertex  1.154201e+00  5.347524e-01  0.000000e+00
    endloop
  endfacet
  facet normal  0.000000e+00  0.000000e+00 -1.000000e+00
    outer loop
      vertex  2.800000e+00  0.000000e+00  0.000000e+00
      vertex  1.154201e+00  5.347524e-01  0.000000e+00
      vertex  8.201010e-01  8.201010e-01  0.000000e+00
    endloop
  endfacet
  facet normal  0.000000e+00  0.000000e+00 -9.999999e-01
    outer loop
      vertex  2.800000e+00  0.000000e+00  0.000000e+00
      vertex  8.201010e-01  8.201010e-01  0.000000e+00
      vertex  5.347524e-01  1.154201e+00  0.000000e+00
    endloop
  endfacet
  facet normal  0.000000e+00  0.000000e+00 -1.000000e+00
    outer loop
      vertex  2.800000e+00  0.000000e+00  0.000000e+00
      vertex  5.347524e-01  1.154201e+00  0.000000e+00
      vertex  2.800000e+00  1.300000e+00  0.000000e+00
    endloop
  endfacet
  facet normal  0.000000e+00  0.000000e+00 -1.000000e+00
    outer loop
      vertex  2.800000e+00  0.000000e+00  0.000000e+00
      vertex  2.800000e+00  1.300000e+00  0.000000e+00
      vertex  5.670000e+01  1.300000e+00  0.000000e+00
    endloop
  endfacet
  facet normal  0.000000e+00  -0.000000e+00 -1.000000e+00
    outer loop
      vertex  2.800000e+00  0.000000e+00  0.000000e+00
      vertex  5.670000e+01  1.300000e+00  0.000000e+00
      vertex  5.670000e+01  0.000000e+00  0.000000e+00
    endloop
  endfacet
  facet normal  0.000000e+00  0.000000e+00 -1.000000e+00
    outer loop
      vertex  5.670000e+01  2.450000e+01  0.000000e+00
      vertex  5.670000e+01  2.580000e+01  0.000000e+00
      vertex  5.713802e+01  2.576553e+01  0.000000e+00
    endloop
  endfacet
  facet normal  0.000000e+00  -0.000000e+00 -1.000000e+00
    outer loop
      vertex  5.670000e+01  2.450000e+01  0.000000e+00
      vertex  5.713802e+01  2.576553e+01  0.000000e+00
      vertex  5.756525e+01  2.566296e+01  0.000000e+00
    endloop
  endfacet
  facet normal  0.000000e+00  -0.000000e+00 -1.000000e+00
    outer loop
      vertex  5.670000e+01  2.450000e+01  0.000000e+00
      vertex  5.756525e+01  2.566296e+01  0.000000e+00
      vertex  5.797117e+01  2.549482e+01  0.000000e+00
    endloop
  endfacet
  facet normal  0.000000e+00  -0.000000e+00 -1.000000e+00
    outer loop
      vertex  5.670000e+01  2.450000e+01  0.000000e+00
      vertex  5.797117e+01  2.549482e+01  0.000000e+00
      vertex  5.834580e+01  2.526525e+01  0.000000e+00
    endloop
  endfacet
  facet normal  0.000000e+00  -0.000000e+00 -9.999999e-01
    outer loop
      vertex  5.670000e+01  2.450000e+01  0.000000e+00
      vertex  5.834580e+01  2.526525e+01  0.000000e+00
      vertex  5.867990e+01  2.497990e+01  0.000000e+00
    endloop
  endfacet
  facet normal  0.000000e+00  -0.000000e+00 -1.000000e+00
    outer loop
      vertex  5.670000e+01  2.450000e+01  0.000000e+00
      vertex  5.867990e+01  2.497990e+01  0.000000e+00
      vertex  5.896525e+01  2.464580e+01  0.000000e+00
    endloop
  endfacet
  facet normal  0.000000e+00  0.000000e+00 -1.000000e+00
    outer loop
      vertex  5.670000e+01  2.450000e+01  0.000000e+00
      vertex  5.896525e+01  2.464580e+01  0.000000e+00
      vertex  5.699263e+01  2.447118e+01  0.000000e+00
    endloop
  endfacet
  facet normal  0.000000e+00  0.000000e+00 -1.000000e+00
    outer loop
      vertex  5.950000e+01  2.800000e+00  0.000000e+00
      vertex  5.946553e+01  2.361984e+00  0.000000e+00
      vertex  5.817118e+01  2.507365e+00  0.000000e+00
    endloop
  endfacet
  facet normal  0.000000e+00  0.000000e+00 -1.000000e+00
    outer loop
      vertex  5.950000e+01  2.800000e+00  0.000000e+00
      vertex  5.817118e+01  2.507365e+00  0.000000e+00
      vertex  5.820000e+01  2.800000e+00  0.000000e+00
    endloop
  endfacet
  facet normal  0.000000e+00  0.000000e+00 -1.000000e+00
    outer loop
      vertex  5.950000e+01  2.800000e+00  0.000000e+00
      vertex  5.820000e+01  2.800000e+00  0.000000e+00
      vertex  5.817118e+01  3.092635e+00  0.000000e+00
    endloop
  endfacet
  facet normal  0.000000e+00  0.000000e+00 -9.999999e-01
    outer loop
      vertex  5.950000e+01  2.800000e+00  0.000000e+00
      vertex  5.817118e+01  3.092635e+00  0.000000e+00
      vertex  5.808582e+01  3.374025e+00  0.000000e+00
    endloop
  endfacet
  facet normal  0.000000e+00  0.000000e+00 -1.000000e+00
    outer loop
      vertex  5.950000e+01  2.800000e+00  0.000000e+00
      vertex  5.808582e+01  3.374025e+00  0.000000e+00
      vertex  5.794720e+01  3.633355e+00  0.000000e+00
    endloop
  endfacet
  facet normal  0.000000e+00  0.000000e+00 -1.000000e+00
    outer loop
      vertex  5.950000e+01  2.800000e+00  0.000000e+00
      vertex  5.794720e+01  3.633355e+00  0.000000e+00
      vertex  5.776066e+01  3.860660e+00  0.000000e+00
    endloop
  endfacet
  facet normal  0.000000e+00  0.000000e+00 -1.000000e+00
    outer loop
      vertex  5.950000e+01  2.800000e+00  0.000000e+00
      vertex  5.776066e+01  3.860660e+00  0.000000e+00
      vertex  5.753336e+01  4.047204e+00  0.000000e+00
    endloop
  endfacet
  facet normal  0.000000e+00  0.000000e+00 -1.000000e+00
    outer loop
      vertex  5.950000e+01  2.800000e+00  0.000000e+00
      vertex  5.753336e+01  4.047204e+00  0.000000e+00
      vertex  5.670000e+01  2.150000e+01  0.000000e+00
    endloop
  endfacet
  facet normal  0.000000e+00  0.000000e+00 -1.000000e+00
    outer loop
      vertex  5.950000e+01  2.800000e+00  0.000000e+00
      vertex  5.670000e+01  2.150000e+01  0.000000e+00
      vertex  5.699263e+01  2.152882e+01  0.000000e+00
    endloop
  endfacet
  facet normal  0.000000e+00  0.000000e+00 -1.000000e+00
    outer loop
      vertex  5.950000e+01  2.800000e+00  0.000000e+00
      vertex  5.699263e+01  2.152882e+01  0.000000e+00
      vertex  5.727402e+01  2.161418e+01  0.000000e+00
    endloop
  endfacet
  facet normal  0.000000e+00  0.000000e+00 -9.999999e-01
    outer loop
      vertex  5.950000e+01  2.800000e+00  0.000000e+00
      vertex  5.727402e+01  2.161418e+01  0.000000e+00
      vertex  5.753336e+01  2.175280e+01  0.000000e+00
    endloop
  endfacet
  facet normal  0.000000e+00  0.000000e+00 -1.000000e+00
    outer loop
      vertex  5.950000e+01  2.800000e+00  0.000000e+00
      vertex  5.753336e+01  2.175280e+01  0.000000e+00
      vertex  5.776066e+01  2.193934e+01  0.000000e+00
    endloop
  endfacet
  facet normal  0.000000e+00  0.000000e+00 -1.000000e+00
    outer loop
      vertex  5.950000e+01  2.800000e+00  0.000000e+00
      vertex  5.776066e+01  2.193934e+01  0.000000e+00
      vertex  5.794720e+01  2.216665e+01  0.000000e+00
    endloop
  endfacet
  facet normal  0.000000e+00  0.000000e+00 -1.000000e+00
    outer loop
      vertex  5.950000e+01  2.800000e+00  0.000000e+00
      vertex  5.794720e+01  2.216665e+01  0.000000e+00
      vertex  5.808582e+01  2.242598e+01  0.000000e+00
    endloop
  endfacet
  facet normal  0.000000e+00  0.000000e+00 -1.000000e+00
    outer loop
      vertex  5.950000e+01  2.800000e+00  0.000000e+00
      vertex  5.808582e+01  2.242598e+01  0.000000e+00
      vertex  5.817118e+01  2.270737e+01  0.000000e+00
    endloop
  endfacet
  facet normal  0.000000e+00  0.000000e+00 -1.000000e+00
    outer loop
      vertex  5.950000e+01  2.800000e+00  0.000000e+00
      vertex  5.817118e+01  2.270737e+01  0.000000e+00
      vertex  5.820000e+01  2.300000e+01  0.000000e+00
    endloop
  endfacet
  facet normal  0.000000e+00  0.000000e+00 -1.000000e+00
    outer loop
      vertex  5.950000e+01  2.800000e+00  0.000000e+00
      vertex  5.820000e+01  2.300000e+01  0.000000e+00
      vertex  5.950000e+01  2.300000e+01  0.000000e+00
    endloop
  endfacet
  facet normal  0.000000e+00  0.000000e+00 -1.000000e+00
    outer loop
      vertex  5.670000e+01  0.000000e+00  0.000000e+00
      vertex  5.670000e+01  1.300000e+00  0.000000e+00
      vertex  5.896525e+01  1.154201e+00  0.000000e+00
    endloop
  endfacet
  facet normal  0.000000e+00  0.000000e+00 -1.000000e+00
    outer loop
      vertex  5.670000e+01  0.000000e+00  0.000000e+00
      vertex  5.896525e+01  1.154201e+00  0.000000e+00
      vertex  5.867990e+01  8.201010e-01  0.000000e+00
    endloop
  endfacet
  facet normal  0.000000e+00  0.000000e+00 -1.000000e+00
    outer loop
      vertex  5.670000e+01  0.000000e+00  0.000000e+00
      vertex  5.867990e+01  8.201010e-01  0.000000e+00
      vertex  5.834580e+01  5.347524e-01  0.000000e+00
    endloop
  endfacet
  facet normal  0.000000e+00  0.000000e+00 -1.000000e+00
    outer loop
      vertex  5.670000e+01  0.000000e+00  0.000000e+00
      vertex  5.834580e+01  5.347524e-01  0.000000e+00
      vertex  5.797117e+01  3.051817e-01  0.000000e+00
    endloop
  endfacet
  facet normal  0.000000e+00  0.000000e+00 -1.000000e+00
    outer loop
      vertex  5.670000e+01  0.000000e+00  0.000000e+00
      vertex  5.797117e+01  3.051817e-01  0.000000e+00
      vertex  5.756525e+01  1.370417e-01  0.000000e+00
    endloop
  endfacet
  facet normal  0.000000e+00  0.000000e+00 -1.000000e+00
    outer loop
      vertex  5.670000e+01  0.000000e+00  0.000000e+00
      vertex  5.756525e+01  1.370417e-01  0.000000e+00
      vertex  5.713802e+01  3.447265e-02  0.000000e+00
    endloop
  endfacet
  facet normal  0.000000e+00  0.000000e+00 -1.000000e+00
    outer loop
      vertex  1.966645e+00  2.424720e+01  0.000000e+00
      vertex  3.051817e-01  2.427117e+01  0.000000e+00
      vertex  2.225975e+00  2.438582e+01  0.000000e+00
    endloop
  endfacet
  facet normal  -0.000000e+00  0.000000e+00 -1.000000e+00
    outer loop
      vertex  2.225975e+00  2.438582e+01  0.000000e+00
      vertex  3.051817e-01  2.427117e+01  0.000000e+00
      vertex  5.347524e-01  2.464580e+01  0.000000e+00
    endloop
  endfacet
  facet normal  0.000000e+00  0.000000e+00 -1.000000e+00
    outer loop
      vertex  2.225975e+00  2.438582e+01  0.000000e+00
      vertex  5.347524e-01  2.464580e+01  0.000000e+00
      vertex  2.507365e+00  2.447118e+01  0.000000e+00
    endloop
  endfacet
  facet normal  0.000000e+00  0.000000e+00 -1.000000e+00
    outer loop
      vertex  1.552796e+00  2.383335e+01  0.000000e+00
      vertex  1.370417e-01  2.386525e+01  0.000000e+00
      vertex  1.739340e+00  2.406066e+01  0.000000e+00
    endloop
  endfacet
  facet normal  -0.000000e+00  0.000000e+00 -1.000000e+00
    outer loop
      vertex  1.739340e+00  2.406066e+01  0.000000e+00
      vertex  1.370417e-01  2.386525e+01  0.000000e+00
      vertex  3.051817e-01  2.427117e+01  0.000000e+00
    endloop
  endfacet
  facet normal  0.000000e+00  0.000000e+00 -1.000000e+00
    outer loop
      vertex  1.739340e+00  2.406066e+01  0.000000e+00
      vertex  3.051817e-01  2.427117e+01  0.000000e+00
      vertex  1.966645e+00  2.424720e+01  0.000000e+00
    endloop
  endfacet
  facet normal  0.000000e+00  0.000000e+00 -1.000000e+00
    outer loop
      vertex  1.300000e+00  2.300000e+01  0.000000e+00
      vertex  8.881784e-16  2.300000e+01  0.000000e+00
      vertex  1.328822e+00  2.329263e+01  0.000000e+00
    endloop
  endfacet
  facet normal  -0.000000e+00  0.000000e+00 -1.000000e+00
    outer loop
      vertex  1.328822e+00  2.329263e+01  0.000000e+00
      vertex  8.881784e-16  2.300000e+01  0.000000e+00
      vertex  3.447265e-02  2.343802e+01  0.000000e+00
    endloop
  endfacet
  facet normal  0.000000e+00  0.000000e+00 -1.000000e+00
    outer loop
      vertex  1.328822e+00  2.329263e+01  0.000000e+00
      vertex  3.447265e-02  2.343802e+01  0.000000e+00
      vertex  1.414181e+00  2.357402e+01  0.000000e+00
    endloop
  endfacet
  facet normal  -0.000000e+00  0.000000e+00 -1.000000e+00
    outer loop
      vertex  1.414181e+00  2.357402e+01  0.000000e+00
      vertex  3.447265e-02  2.343802e+01  0.000000e+00
      vertex  1.370417e-01  2.386525e+01  0.000000e+00
    endloop
  endfacet
  facet normal  0.000000e+00  0.000000e+00 -1.000000e+00
    outer loop
      vertex  1.414181e+00  2.357402e+01  0.000000e+00
      vertex  1.370417e-01  2.386525e+01  0.000000e+00
      vertex  1.552796e+00  2.383335e+01  0.000000e+00
    endloop
  endfacet
  facet normal  0.000000e+00  0.000000e+00 -1.000000e+00
    outer loop
      vertex  1.966645e+00  1.552796e+00  0.000000e+00
      vertex  3.051817e-01  1.528827e+00  0.000000e+00
      vertex  1.739340e+00  1.739340e+00  0.000000e+00
    endloop
  endfacet
  facet normal  -0.000000e+00  0.000000e+00 -1.000000e+00
    outer loop
      vertex  1.739340e+00  1.739340e+00  0.000000e+00
      vertex  3.051817e-01  1.528827e+00  0.000000e+00
      vertex  1.370417e-01  1.934752e+00  0.000000e+00
    endloop
  endfacet
  facet normal  0.000000e+00  0.000000e+00 -1.000000e+00
    outer loop
      vertex  1.739340e+00  1.739340e+00  0.000000e+00
      vertex  1.370417e-01  1.934752e+00  0.000000e+00
      vertex  1.552796e+00  1.966645e+00  0.000000e+00
    endloop
  endfacet
  facet normal  -0.000000e+00  0.000000e+00 -1.000000e+00
    outer loop
      vertex  1.552796e+00  1.966645e+00  0.000000e+00
      vertex  1.370417e-01  1.934752e+00  0.000000e+00
      vertex  3.447265e-02  2.361984e+00  0.000000e+00
    endloop
  endfacet
  facet normal  0.000000e+00  0.000000e+00 -1.000000e+00
    outer loop
      vertex  1.552796e+00  1.966645e+00  0.000000e+00
      vertex  3.447265e-02  2.361984e+00  0.000000e+00
      vertex  1.414181e+00  2.225975e+00  0.000000e+00
    endloop
  endfacet
  facet normal  0.000000e+00  0.000000e+00 -1.000000e+00
    outer loop
      vertex  2.507365e+00  1.328822e+00  0.000000e+00
      vertex  5.347524e-01  1.154201e+00  0.000000e+00
      vertex  2.225975e+00  1.414181e+00  0.000000e+00
    endloop
  endfacet
  facet normal  -0.000000e+00  0.000000e+00 -1.000000e+00
    outer loop
      vertex  2.225975e+00  1.414181e+00  0.000000e+00
      vertex  5.347524e-01  1.154201e+00  0.000000e+00
      vertex  3.051817e-01  1.528827e+00  0.000000e+00
    endloop
  endfacet
  facet normal  0.000000e+00  0.000000e+00 -1.000000e+00
    outer loop
      vertex  2.225975e+00  1.414181e+00  0.000000e+00
      vertex  3.051817e-01  1.528827e+00  0.000000e+00
      vertex  1.966645e+00  1.552796e+00  0.000000e+00
    endloop
  endfacet
  facet normal  0.000000e+00  0.000000e+00 -1.000000e+00
    outer loop
      vertex  5.670000e+01  4.300000e+00  0.000000e+00
      vertex  2.800000e+00  2.150000e+01  0.000000e+00
      vertex  5.670000e+01  2.150000e+01  0.000000e+00
    endloop
  endfacet
  facet normal  0.000000e+00  0.000000e+00 -1.000000e+00
    outer loop
      vertex  5.670000e+01  2.150000e+01  0.000000e+00
      vertex  2.800000e+00  2.150000e+01  0.000000e+00
      vertex  3.092635e+00  2.152882e+01  0.000000e+00
    endloop
  endfacet
  facet normal  0.000000e+00  0.000000e+00 -1.000000e+00
    outer loop
      vertex  5.670000e+01  2.150000e+01  0.000000e+00
      vertex  3.092635e+00  2.152882e+01  0.000000e+00
      vertex  5.640736e+01  2.152882e+01  0.000000e+00
    endloop
  endfacet
  facet normal  0.000000e+00  0.000000e+00 -9.999999e-01
    outer loop
      vertex  5.640736e+01  2.152882e+01  0.000000e+00
      vertex  3.092635e+00  2.152882e+01  0.000000e+00
      vertex  3.374025e+00  2.161418e+01  0.000000e+00
    endloop
  endfacet
  facet normal  0.000000e+00  0.000000e+00 -1.000000e+00
    outer loop
      vertex  5.640736e+01  2.152882e+01  0.000000e+00
      vertex  3.374025e+00  2.161418e+01  0.000000e+00
      vertex  5.612598e+01  2.161418e+01  0.000000e+00
    endloop
  endfacet
  facet normal  0.000000e+00  0.000000e+00 -1.000000e+00
    outer loop
      vertex  5.612598e+01  2.161418e+01  0.000000e+00
      vertex  3.374025e+00  2.161418e+01  0.000000e+00
      vertex  3.633355e+00  2.175280e+01  0.000000e+00
    endloop
  endfacet
  facet normal  0.000000e+00  0.000000e+00 -9.999999e-01
    outer loop
      vertex  5.612598e+01  2.161418e+01  0.000000e+00
      vertex  3.633355e+00  2.175280e+01  0.000000e+00
      vertex  5.586665e+01  2.175280e+01  0.000000e+00
    endloop
  endfacet
  facet normal  0.000000e+00  0.000000e+00 -9.999999e-01
    outer loop
      vertex  5.586665e+01  2.175280e+01  0.000000e+00
      vertex  3.633355e+00  2.175280e+01  0.000000e+00
      vertex  3.860660e+00  2.193934e+01  0.000000e+00
    endloop
  endfacet
  facet normal  0.000000e+00  0.000000e+00 -1.000000e+00
    outer loop
      vertex  5.586665e+01  2.175280e+01  0.000000e+00
      vertex  3.860660e+00  2.193934e+01  0.000000e+00
      vertex  5.563934e+01  2.193934e+01  0.000000e+00
    endloop
  endfacet
  facet normal  0.000000e+00  0.000000e+00 -1.000000e+00
    outer loop
      vertex  5.563934e+01  2.193934e+01  0.000000e+00
      vertex  3.860660e+00  2.193934e+01  0.000000e+00
      vertex  4.047204e+00  2.216665e+01  0.000000e+00
    endloop
  endfacet
  facet normal  0.000000e+00  0.000000e+00 -1.000000e+00
    outer loop
      vertex  5.563934e+01  2.193934e+01  0.000000e+00
      vertex  4.047204e+00  2.216665e+01  0.000000e+00
      vertex  5.545280e+01  2.216665e+01  0.000000e+00
    endloop
  endfacet
  facet normal  0.000000e+00  0.000000e+00 -1.000000e+00
    outer loop
      vertex  5.545280e+01  2.216665e+01  0.000000e+00
      vertex  4.047204e+00  2.216665e+01  0.000000e+00
      vertex  4.185819e+00  2.242598e+01  0.000000e+00
    endloop
  endfacet
  facet normal  0.000000e+00  0.000000e+00 -1.000000e+00
    outer loop
      vertex  5.545280e+01  2.216665e+01  0.000000e+00
      vertex  4.185819e+00  2.242598e+01  0.000000e+00
      vertex  5.531418e+01  2.242598e+01  0.000000e+00
    endloop
  endfacet
  facet normal  0.000000e+00  0.000000e+00 -1.000000e+00
    outer loop
      vertex  5.531418e+01  2.242598e+01  0.000000e+00
      vertex  4.185819e+00  2.242598e+01  0.000000e+00
      vertex  4.271178e+00  2.270737e+01  0.000000e+00
    endloop
  endfacet
  facet normal  0.000000e+00  0.000000e+00 -9.999999e-01
    outer loop
      vertex  5.531418e+01  2.242598e+01  0.000000e+00
      vertex  4.271178e+00  2.270737e+01  0.000000e+00
      vertex  5.522882e+01  2.270737e+01  0.000000e+00
    endloop
  endfacet
  facet normal  0.000000e+00  0.000000e+00 -1.000000e+00
    outer loop
      vertex  5.522882e+01  2.270737e+01  0.000000e+00
      vertex  4.271178e+00  2.270737e+01  0.000000e+00
      vertex  4.300000e+00  2.300000e+01  0.000000e+00
    endloop
  endfacet
  facet normal  0.000000e+00  0.000000e+00 -1.000000e+00
    outer loop
      vertex  5.522882e+01  2.270737e+01  0.000000e+00
      vertex  4.300000e+00  2.300000e+01  0.000000e+00
      vertex  5.520000e+01  2.300000e+01  0.000000e+00
    endloop
  endfacet
  facet normal  0.000000e+00  0.000000e+00 -1.000000e+00
    outer loop
      vertex  5.520000e+01  2.300000e+01  0.000000e+00
      vertex  4.300000e+00  2.300000e+01  0.000000e+00
      vertex  4.271178e+00  2.329263e+01  0.000000e+00
    endloop
  endfacet
  facet normal  0.000000e+00  0.000000e+00 -1.000000e+00
    outer loop
      vertex  5.520000e+01  2.300000e+01  0.000000e+00
      vertex  4.271178e+00  2.329263e+01  0.000000e+00
      vertex  5.522882e+01  2.329263e+01  0.000000e+00
    endloop
  endfacet
  facet normal  0.000000e+00  0.000000e+00 -9.999999e-01
    outer loop
      vertex  5.522882e+01  2.329263e+01  0.000000e+00
      vertex  4.271178e+00  2.329263e+01  0.000000e+00
      vertex  4.185819e+00  2.357402e+01  0.000000e+00
    endloop
  endfacet
  facet normal  0.000000e+00  0.000000e+00 -1.000000e+00
    outer loop
      vertex  5.522882e+01  2.329263e+01  0.000000e+00
      vertex  4.185819e+00  2.357402e+01  0.000000e+00
      vertex  5.531418e+01  2.357402e+01  0.000000e+00
    endloop
  endfacet
  facet normal  0.000000e+00  0.000000e+00 -1.000000e+00
    outer loop
      vertex  5.531418e+01  2.357402e+01  0.000000e+00
      vertex  4.185819e+00  2.357402e+01  0.000000e+00
      vertex  4.047204e+00  2.383335e+01  0.000000e+00
    endloop
  endfacet
  facet normal  0.000000e+00  0.000000e+00 -1.000000e+00
    outer loop
      vertex  5.531418e+01  2.357402e+01  0.000000e+00
      vertex  4.047204e+00  2.383335e+01  0.000000e+00
      vertex  5.545280e+01  2.383335e+01  0.000000e+00
    endloop
  endfacet
  facet normal  0.000000e+00  0.000000e+00 -1.000000e+00
    outer loop
      vertex  5.545280e+01  2.383335e+01  0.000000e+00
      vertex  4.047204e+00  2.383335e+01  0.000000e+00
      vertex  3.860660e+00  2.406066e+01  0.000000e+00
    endloop
  endfacet
  facet normal  0.000000e+00  0.000000e+00 -1.000000e+00
    outer loop
      vertex  5.545280e+01  2.383335e+01  0.000000e+00
      vertex  3.860660e+00  2.406066e+01  0.000000e+00
      vertex  5.563934e+01  2.406066e+01  0.000000e+00
    endloop
  endfacet
  facet normal  0.000000e+00  0.000000e+00 -1.000000e+00
    outer loop
      vertex  5.563934e+01  2.406066e+01  0.000000e+00
      vertex  3.860660e+00  2.406066e+01  0.000000e+00
      vertex  3.633355e+00  2.424720e+01  0.000000e+00
    endloop
  endfacet
  facet normal  0.000000e+00  0.000000e+00 -9.999999e-01
    outer loop
      vertex  5.563934e+01  2.406066e+01  0.000000e+00
      vertex  3.633355e+00  2.424720e+01  0.000000e+00
      vertex  5.586665e+01  2.424720e+01  0.000000e+00
    endloop
  endfacet
  facet normal  0.000000e+00  0.000000e+00 -9.999999e-01
    outer loop
      vertex  5.586665e+01  2.424720e+01  0.000000e+00
      vertex  3.633355e+00  2.424720e+01  0.000000e+00
      vertex  3.374025e+00  2.438582e+01  0.000000e+00
    endloop
  endfacet
  facet normal  0.000000e+00  0.000000e+00 -1.000000e+00
    outer loop
      vertex  5.586665e+01  2.424720e+01  0.000000e+00
      vertex  3.374025e+00  2.438582e+01  0.000000e+00
      vertex  5.612598e+01  2.438582e+01  0.000000e+00
    endloop
  endfacet
  facet normal  0.000000e+00  0.000000e+00 -1.000000e+00
    outer loop
      vertex  5.612598e+01  2.438582e+01  0.000000e+00
      vertex  3.374025e+00  2.438582e+01  0.000000e+00
      vertex  3.092635e+00  2.447118e+01  0.000000e+00
    endloop
  endfacet
  facet normal  0.000000e+00  0.000000e+00 -9.999999e-01
    outer loop
      vertex  5.612598e+01  2.438582e+01  0.000000e+00
      vertex  3.092635e+00  2.447118e+01  0.000000e+00
      vertex  5.640736e+01  2.447118e+01  0.000000e+00
    endloop
  endfacet
  facet normal  0.000000e+00  0.000000e+00 -1.000000e+00
    outer loop
      vertex  2.800000e+00  2.150000e+01  0.000000e+00
      vertex  5.670000e+01  4.300000e+00  0.000000e+00
      vertex  2.800000e+00  4.300000e+00  0.000000e+00
    endloop
  endfacet
  facet normal  0.000000e+00  0.000000e+00 -1.000000e+00
    outer loop
      vertex  2.800000e+00  4.300000e+00  0.000000e+00
      vertex  5.670000e+01  4.300000e+00  0.000000e+00
      vertex  5.640736e+01  4.271178e+00  0.000000e+00
    endloop
  endfacet
  facet normal  0.000000e+00  0.000000e+00 -1.000000e+00
    outer loop
      vertex  2.800000e+00  4.300000e+00  0.000000e+00
      vertex  5.640736e+01  4.271178e+00  0.000000e+00
      vertex  3.092635e+00  4.271178e+00  0.000000e+00
    endloop
  endfacet
  facet normal  0.000000e+00  0.000000e+00 -1.000000e+00
    outer loop
      vertex  3.092635e+00  4.271178e+00  0.000000e+00
      vertex  5.640736e+01  4.271178e+00  0.000000e+00
      vertex  5.612598e+01  4.185819e+00  0.000000e+00
    endloop
  endfacet
  facet normal  0.000000e+00  0.000000e+00 -1.000000e+00
    outer loop
      vertex  3.092635e+00  4.271178e+00  0.000000e+00
      vertex  5.612598e+01  4.185819e+00  0.000000e+00
      vertex  3.374025e+00  4.185819e+00  0.000000e+00
    endloop
  endfacet
  facet normal  0.000000e+00  0.000000e+00 -1.000000e+00
    outer loop
      vertex  3.374025e+00  4.185819e+00  0.000000e+00
      vertex  5.612598e+01  4.185819e+00  0.000000e+00
      vertex  5.586665e+01  4.047204e+00  0.000000e+00
    endloop
  endfacet
  facet normal  0.000000e+00  0.000000e+00 -9.999999e-01
    outer loop
      vertex  3.374025e+00  4.185819e+00  0.000000e+00
      vertex  5.586665e+01  4.047204e+00  0.000000e+00
      vertex  3.633355e+00  4.047204e+00  0.000000e+00
    endloop
  endfacet
  facet normal  0.000000e+00  0.000000e+00 -9.999999e-01
    outer loop
      vertex  3.633355e+00  4.047204e+00  0.000000e+00
      vertex  5.586665e+01  4.047204e+00  0.000000e+00
      vertex  5.563934e+01  3.860660e+00  0.000000e+00
    endloop
  endfacet
  facet normal  0.000000e+00  0.000000e+00 -1.000000e+00
    outer loop
      vertex  3.633355e+00  4.047204e+00  0.000000e+00
      vertex  5.563934e+01  3.860660e+00  0.000000e+00
      vertex  3.860660e+00  3.860660e+00  0.000000e+00
    endloop
  endfacet
  facet normal  0.000000e+00  0.000000e+00 -1.000000e+00
    outer loop
      vertex  3.860660e+00  3.860660e+00  0.000000e+00
      vertex  5.563934e+01  3.860660e+00  0.000000e+00
      vertex  5.545280e+01  3.633355e+00  0.000000e+00
    endloop
  endfacet
  facet normal  0.000000e+00  0.000000e+00 -1.000000e+00
    outer loop
      vertex  3.860660e+00  3.860660e+00  0.000000e+00
      vertex  5.545280e+01  3.633355e+00  0.000000e+00
      vertex  4.047204e+00  3.633355e+00  0.000000e+00
    endloop
  endfacet
  facet normal  0.000000e+00  0.000000e+00 -1.000000e+00
    outer loop
      vertex  4.047204e+00  3.633355e+00  0.000000e+00
      vertex  5.545280e+01  3.633355e+00  0.000000e+00
      vertex  5.531418e+01  3.374025e+00  0.000000e+00
    endloop
  endfacet
  facet normal  0.000000e+00  0.000000e+00 -1.000000e+00
    outer loop
      vertex  4.047204e+00  3.633355e+00  0.000000e+00
      vertex  5.531418e+01  3.374025e+00  0.000000e+00
      vertex  4.185819e+00  3.374025e+00  0.000000e+00
    endloop
  endfacet
  facet normal  0.000000e+00  0.000000e+00 -1.000000e+00
    outer loop
      vertex  4.185819e+00  3.374025e+00  0.000000e+00
      vertex  5.531418e+01  3.374025e+00  0.000000e+00
      vertex  5.522882e+01  3.092635e+00  0.000000e+00
    endloop
  endfacet
  facet normal  0.000000e+00  0.000000e+00 -1.000000e+00
    outer loop
      vertex  4.185819e+00  3.374025e+00  0.000000e+00
      vertex  5.522882e+01  3.092635e+00  0.000000e+00
      vertex  4.271178e+00  3.092635e+00  0.000000e+00
    endloop
  endfacet
  facet normal  0.000000e+00  0.000000e+00 -1.000000e+00
    outer loop
      vertex  4.271178e+00  3.092635e+00  0.000000e+00
      vertex  5.522882e+01  3.092635e+00  0.000000e+00
      vertex  5.520000e+01  2.800000e+00  0.000000e+00
    endloop
  endfacet
  facet normal  0.000000e+00  0.000000e+00 -1.000000e+00
    outer loop
      vertex  4.271178e+00  3.092635e+00  0.000000e+00
      vertex  5.520000e+01  2.800000e+00  0.000000e+00
      vertex  4.300000e+00  2.800000e+00  0.000000e+00
    endloop
  endfacet
  facet normal  0.000000e+00  0.000000e+00 -1.000000e+00
    outer loop
      vertex  4.300000e+00  2.800000e+00  0.000000e+00
      vertex  5.520000e+01  2.800000e+00  0.000000e+00
      vertex  5.522882e+01  2.507365e+00  0.000000e+00
    endloop
  endfacet
  facet normal  0.000000e+00  0.000000e+00 -1.000000e+00
    outer loop
      vertex  4.300000e+00  2.800000e+00  0.000000e+00
      vertex  5.522882e+01  2.507365e+00  0.000000e+00
      vertex  4.271178e+00  2.507365e+00  0.000000e+00
    endloop
  endfacet
  facet normal  0.000000e+00  0.000000e+00 -1.000000e+00
    outer loop
      vertex  4.271178e+00  2.507365e+00  0.000000e+00
      vertex  5.522882e+01  2.507365e+00  0.000000e+00
      vertex  5.531418e+01  2.225975e+00  0.000000e+00
    endloop
  endfacet
  facet normal  0.000000e+00  0.000000e+00 -1.000000e+00
    outer loop
      vertex  4.271178e+00  2.507365e+00  0.000000e+00
      vertex  5.531418e+01  2.225975e+00  0.000000e+00
      vertex  4.185819e+00  2.225975e+00  0.000000e+00
    endloop
  endfacet
  facet normal  0.000000e+00  0.000000e+00 -9.999999e-01
    outer loop
      vertex  4.185819e+00  2.225975e+00  0.000000e+00
      vertex  5.531418e+01  2.225975e+00  0.000000e+00
      vertex  5.545280e+01  1.966645e+00  0.000000e+00
    endloop
  endfacet
  facet normal  0.000000e+00  0.000000e+00 -1.000000e+00
    outer loop
      vertex  4.185819e+00  2.225975e+00  0.000000e+00
      vertex  5.545280e+01  1.966645e+00  0.000000e+00
      vertex  4.047204e+00  1.966645e+00  0.000000e+00
    endloop
  endfacet
  facet normal  0.000000e+00  0.000000e+00 -1.000000e+00
    outer loop
      vertex  4.047204e+00  1.966645e+00  0.000000e+00
      vertex  5.545280e+01  1.966645e+00  0.000000e+00
      vertex  5.563934e+01  1.739340e+00  0.000000e+00
    endloop
  endfacet
  facet normal  0.000000e+00  0.000000e+00 -9.999999e-01
    outer loop
      vertex  4.047204e+00  1.966645e+00  0.000000e+00
      vertex  5.563934e+01  1.739340e+00  0.000000e+00
      vertex  3.860660e+00  1.739340e+00  0.000000e+00
    endloop
  endfacet
  facet normal  0.000000e+00  0.000000e+00 -1.000000e+00
    outer loop
      vertex  3.860660e+00  1.739340e+00  0.000000e+00
      vertex  5.563934e+01  1.739340e+00  0.000000e+00
      vertex  5.586665e+01  1.552796e+00  0.000000e+00
    endloop
  endfacet
  facet normal  0.000000e+00  0.000000e+00 -1.000000e+00
    outer loop
      vertex  3.860660e+00  1.739340e+00  0.000000e+00
      vertex  5.586665e+01  1.552796e+00  0.000000e+00
      vertex  3.633355e+00  1.552796e+00  0.000000e+00
    endloop
  endfacet
  facet normal  0.000000e+00  0.000000e+00 -9.999999e-01
    outer loop
      vertex  3.633355e+00  1.552796e+00  0.000000e+00
      vertex  5.586665e+01  1.552796e+00  0.000000e+00
      vertex  5.612598e+01  1.414181e+00  0.000000e+00
    endloop
  endfacet
  facet normal  0.000000e+00  0.000000e+00 -1.000000e+00
    outer loop
      vertex  3.633355e+00  1.552796e+00  0.000000e+00
      vertex  5.612598e+01  1.414181e+00  0.000000e+00
      vertex  3.374025e+00  1.414181e+00  0.000000e+00
    endloop
  endfacet
  facet normal  0.000000e+00  0.000000e+00 -1.000000e+00
    outer loop
      vertex  3.374025e+00  1.414181e+00  0.000000e+00
      vertex  5.612598e+01  1.414181e+00  0.000000e+00
      vertex  5.640736e+01  1.328822e+00  0.000000e+00
    endloop
  endfacet
  facet normal  0.000000e+00  0.000000e+00 -1.000000e+00
    outer loop
      vertex  3.374025e+00  1.414181e+00  0.000000e+00
      vertex  5.640736e+01  1.328822e+00  0.000000e+00
      vertex  3.092635e+00  1.328822e+00  0.000000e+00
    endloop
  endfacet
  facet normal  0.000000e+00  0.000000e+00 -1.000000e+00
    outer loop
      vertex  3.092635e+00  1.328822e+00  0.000000e+00
      vertex  5.640736e+01  1.328822e+00  0.000000e+00
      vertex  5.670000e+01  1.300000e+00  0.000000e+00
    endloop
  endfacet
  facet normal  0.000000e+00  0.000000e+00 -1.000000e+00
    outer loop
      vertex  3.092635e+00  1.328822e+00  0.000000e+00
      vertex  5.670000e+01  1.300000e+00  0.000000e+00
      vertex  2.800000e+00  1.300000e+00  0.000000e+00
    endloop
  endfacet
  facet normal  0.000000e+00  0.000000e+00 -1.000000e+00
    outer loop
      vertex  5.753336e+01  2.424720e+01  0.000000e+00
      vertex  5.727402e+01  2.438582e+01  0.000000e+00
      vertex  5.919482e+01  2.427117e+01  0.000000e+00
    endloop
  endfacet
  facet normal  0.000000e+00  0.000000e+00 -1.000000e+00
    outer loop
      vertex  5.919482e+01  2.427117e+01  0.000000e+00
      vertex  5.727402e+01  2.438582e+01  0.000000e+00
      vertex  5.699263e+01  2.447118e+01  0.000000e+00
    endloop
  endfacet
  facet normal  0.000000e+00  0.000000e+00 -1.000000e+00
    outer loop
      vertex  5.919482e+01  2.427117e+01  0.000000e+00
      vertex  5.699263e+01  2.447118e+01  0.000000e+00
      vertex  5.896525e+01  2.464580e+01  0.000000e+00
    endloop
  endfacet
  facet normal  0.000000e+00  0.000000e+00 -1.000000e+00
    outer loop
      vertex  5.794720e+01  2.383335e+01  0.000000e+00
      vertex  5.776066e+01  2.406066e+01  0.000000e+00
      vertex  5.936296e+01  2.386525e+01  0.000000e+00
    endloop
  endfacet
  facet normal  0.000000e+00  0.000000e+00 -1.000000e+00
    outer loop
      vertex  5.936296e+01  2.386525e+01  0.000000e+00
      vertex  5.776066e+01  2.406066e+01  0.000000e+00
      vertex  5.753336e+01  2.424720e+01  0.000000e+00
    endloop
  endfacet
  facet normal  0.000000e+00  0.000000e+00 -9.999999e-01
    outer loop
      vertex  5.936296e+01  2.386525e+01  0.000000e+00
      vertex  5.753336e+01  2.424720e+01  0.000000e+00
      vertex  5.919482e+01  2.427117e+01  0.000000e+00
    endloop
  endfacet
  facet normal  0.000000e+00  0.000000e+00 -1.000000e+00
    outer loop
      vertex  5.820000e+01  2.300000e+01  0.000000e+00
      vertex  5.817118e+01  2.329263e+01  0.000000e+00
      vertex  5.950000e+01  2.300000e+01  0.000000e+00
    endloop
  endfacet
  facet normal  0.000000e+00  0.000000e+00 -1.000000e+00
    outer loop
      vertex  5.950000e+01  2.300000e+01  0.000000e+00
      vertex  5.817118e+01  2.329263e+01  0.000000e+00
      vertex  5.808582e+01  2.357402e+01  0.000000e+00
    endloop
  endfacet
  facet normal  0.000000e+00  0.000000e+00 -1.000000e+00
    outer loop
      vertex  5.950000e+01  2.300000e+01  0.000000e+00
      vertex  5.808582e+01  2.357402e+01  0.000000e+00
      vertex  5.946553e+01  2.343802e+01  0.000000e+00
    endloop
  endfacet
  facet normal  0.000000e+00  0.000000e+00 -1.000000e+00
    outer loop
      vertex  5.946553e+01  2.343802e+01  0.000000e+00
      vertex  5.808582e+01  2.357402e+01  0.000000e+00
      vertex  5.794720e+01  2.383335e+01  0.000000e+00
    endloop
  endfacet
  facet normal  0.000000e+00  0.000000e+00 -1.000000e+00
    outer loop
      vertex  5.946553e+01  2.343802e+01  0.000000e+00
      vertex  5.794720e+01  2.383335e+01  0.000000e+00
      vertex  5.936296e+01  2.386525e+01  0.000000e+00
    endloop
  endfacet
  facet normal  0.000000e+00  -0.000000e+00 -1.000000e+00
    outer loop
      vertex  5.753336e+01  1.552796e+00  0.000000e+00
      vertex  5.776066e+01  1.739340e+00  0.000000e+00
      vertex  5.919482e+01  1.528827e+00  0.000000e+00
    endloop
  endfacet
  facet normal  0.000000e+00  0.000000e+00 -1.000000e+00
    outer loop
      vertex  5.919482e+01  1.528827e+00  0.000000e+00
      vertex  5.776066e+01  1.739340e+00  0.000000e+00
      vertex  5.794720e+01  1.966645e+00  0.000000e+00
    endloop
  endfacet
  facet normal  0.000000e+00  0.000000e+00 -1.000000e+00
    outer loop
      vertex  5.919482e+01  1.528827e+00  0.000000e+00
      vertex  5.794720e+01  1.966645e+00  0.000000e+00
      vertex  5.936296e+01  1.934752e+00  0.000000e+00
    endloop
  endfacet
  facet normal  0.000000e+00  0.000000e+00 -1.000000e+00
    outer loop
      vertex  5.936296e+01  1.934752e+00  0.000000e+00
      vertex  5.794720e+01  1.966645e+00  0.000000e+00
      vertex  5.808582e+01  2.225975e+00  0.000000e+00
    endloop
  endfacet
  facet normal  0.000000e+00  0.000000e+00 -1.000000e+00
    outer loop
      vertex  5.936296e+01  1.934752e+00  0.000000e+00
      vertex  5.808582e+01  2.225975e+00  0.000000e+00
      vertex  5.946553e+01  2.361984e+00  0.000000e+00
    endloop
  endfacet
  facet normal  0.000000e+00  -0.000000e+00 -1.000000e+00
    outer loop
      vertex  5.699263e+01  1.328822e+00  0.000000e+00
      vertex  5.727402e+01  1.414181e+00  0.000000e+00
      vertex  5.896525e+01  1.154201e+00  0.000000e+00
    endloop
  endfacet
  facet normal  0.000000e+00  0.000000e+00 -1.000000e+00
    outer loop
      vertex  5.896525e+01  1.154201e+00  0.000000e+00
      vertex  5.727402e+01  1.414181e+00  0.000000e+00
      vertex  5.753336e+01  1.552796e+00  0.000000e+00
    endloop
  endfacet
  facet normal  0.000000e+00  0.000000e+00 -1.000000e+00
    outer loop
      vertex  5.896525e+01  1.154201e+00  0.000000e+00
      vertex  5.753336e+01  1.552796e+00  0.000000e+00
      vertex  5.919482e+01  1.528827e+00  0.000000e+00
    endloop
  endfacet
  facet normal -9.801830e-02  9.951846e-01  0.000000e+00
    outer loop
      vertex  5.670000e+01  1.300000e+00  0.000000e+00
      vertex  5.699263e+01  1.328822e+00  1.500000e+00
      vertex  5.699263e+01  1.328822e+00  0.000000e+00
    endloop
  endfacet
  facet normal -2.902833e-01  9.569407e-01  0.000000e+00
    outer loop
      vertex  5.699263e+01  1.328822e+00  0.000000e+00
      vertex  5.699263e+01  1.328822e+00  1.500000e+00
      vertex  5.727402e+01  1.414181e+00  1.500000e+00
    endloop
  endfacet
  facet normal -2.902833e-01  9.569407e-01  0.000000e+00
    outer loop
      vertex  5.699263e+01  1.328822e+00  0.000000e+00
      vertex  5.727402e+01  1.414181e+00  1.500000e+00
      vertex  5.727402e+01  1.414181e+00  0.000000e+00
    endloop
  endfacet
  facet normal -4.713957e-01  8.819219e-01  0.000000e+00
    outer loop
      vertex  5.727402e+01  1.414181e+00  0.000000e+00
      vertex  5.727402e+01  1.414181e+00  1.500000e+00
      vertex  5.753336e+01  1.552796e+00  1.500000e+00
    endloop
  endfacet
  facet normal -4.713957e-01  8.819219e-01  0.000000e+00
    outer loop
      vertex  5.727402e+01  1.414181e+00  0.000000e+00
      vertex  5.753336e+01  1.552796e+00  1.500000e+00
      vertex  5.753336e+01  1.552796e+00  0.000000e+00
    endloop
  endfacet
  facet normal -6.343908e-01  7.730125e-01  0.000000e+00
    outer loop
      vertex  5.753336e+01  1.552796e+00  0.000000e+00
      vertex  5.753336e+01  1.552796e+00  1.500000e+00
      vertex  5.776066e+01  1.739340e+00  1.500000e+00
    endloop
  endfacet
  facet normal -6.343908e-01  7.730125e-01  0.000000e+00
    outer loop
      vertex  5.753336e+01  1.552796e+00  0.000000e+00
      vertex  5.776066e+01  1.739340e+00  1.500000e+00
      vertex  5.776066e+01  1.739340e+00  0.000000e+00
    endloop
  endfacet
  facet normal -7.730134e-01  6.343898e-01  0.000000e+00
    outer loop
      vertex  5.776066e+01  1.739340e+00  0.000000e+00
      vertex  5.776066e+01  1.739340e+00  1.500000e+00
      vertex  5.794720e+01  1.966645e+00  1.500000e+00
    endloop
  endfacet
  facet normal -7.730134e-01  6.343898e-01  0.000000e+00
    outer loop
      vertex  5.776066e+01  1.739340e+00  0.000000e+00
      vertex  5.794720e+01  1.966645e+00  1.500000e+00
      vertex  5.794720e+01  1.966645e+00  0.000000e+00
    endloop
  endfacet
  facet normal -8.819215e-01  4.713962e-01  0.000000e+00
    outer loop
      vertex  5.794720e+01  1.966645e+00  0.000000e+00
      vertex  5.794720e+01  1.966645e+00  1.500000e+00
      vertex  5.808582e+01  2.225975e+00  1.500000e+00
    endloop
  endfacet
  facet normal -8.819215e-01  4.713962e-01  0.000000e+00
    outer loop
      vertex  5.794720e+01  1.966645e+00  0.000000e+00
      vertex  5.808582e+01  2.225975e+00  1.500000e+00
      vertex  5.808582e+01  2.225975e+00  0.000000e+00
    endloop
  endfacet
  facet normal -9.569413e-01  2.902817e-01  0.000000e+00
    outer loop
      vertex  5.808582e+01  2.225975e+00  0.000000e+00
      vertex  5.808582e+01  2.225975e+00  1.500000e+00
      vertex  5.817118e+01  2.507365e+00  1.500000e+00
    endloop
  endfacet
  facet normal -9.569413e-01  2.902817e-01  0.000000e+00
    outer loop
      vertex  5.808582e+01  2.225975e+00  0.000000e+00
      vertex  5.817118e+01  2.507365e+00  1.500000e+00
      vertex  5.817118e+01  2.507365e+00  0.000000e+00
    endloop
  endfacet
  facet normal -9.951841e-01  9.802312e-02  0.000000e+00
    outer loop
      vertex  5.817118e+01  2.507365e+00  0.000000e+00
      vertex  5.817118e+01  2.507365e+00  1.500000e+00
      vertex  5.820000e+01  2.800000e+00  1.500000e+00
    endloop
  endfacet
  facet normal -9.951841e-01  9.802312e-02  0.000000e+00
    outer loop
      vertex  5.817118e+01  2.507365e+00  0.000000e+00
      vertex  5.820000e+01  2.800000e+00  1.500000e+00
      vertex  5.820000e+01  2.800000e+00  0.000000e+00
    endloop
  endfacet
  facet normal -9.801830e-02  9.951846e-01  0.000000e+00
    outer loop
      vertex  5.699263e+01  1.328822e+00  1.500000e+00
      vertex  5.670000e+01  1.300000e+00  0.000000e+00
      vertex  5.670000e+01  1.300000e+00  1.500000e+00
    endloop
  endfacet
  facet normal  9.801704e-02  9.951848e-01  0.000000e+00
    outer loop
      vertex  5.670000e+01  1.300000e+00  1.500000e+00
      vertex  5.670000e+01  1.300000e+00  0.000000e+00
      vertex  5.640736e+01  1.328822e+00  0.000000e+00
    endloop
  endfacet
  facet normal  9.801704e-02  9.951848e-01  -0.000000e+00
    outer loop
      vertex  5.670000e+01  1.300000e+00  1.500000e+00
      vertex  5.640736e+01  1.328822e+00  0.000000e+00
      vertex  5.640736e+01  1.328822e+00  1.500000e+00
    endloop
  endfacet
  facet normal  2.902869e-01  9.569397e-01  0.000000e+00
    outer loop
      vertex  5.640736e+01  1.328822e+00  1.500000e+00
      vertex  5.640736e+01  1.328822e+00  0.000000e+00
      vertex  5.612598e+01  1.414181e+00  0.000000e+00
    endloop
  endfacet
  facet normal  2.902869e-01  9.569397e-01  -0.000000e+00
    outer loop
      vertex  5.640736e+01  1.328822e+00  1.500000e+00
      vertex  5.612598e+01  1.414181e+00  0.000000e+00
      vertex  5.612598e+01  1.414181e+00  1.500000e+00
    endloop
  endfacet
  facet normal  4.713957e-01  8.819219e-01  0.000000e+00
    outer loop
      vertex  5.612598e+01  1.414181e+00  1.500000e+00
      vertex  5.612598e+01  1.414181e+00  0.000000e+00
      vertex  5.586665e+01  1.552796e+00  0.000000e+00
    endloop
  endfacet
  facet normal  4.713957e-01  8.819219e-01  -0.000000e+00
    outer loop
      vertex  5.612598e+01  1.414181e+00  1.500000e+00
      vertex  5.586665e+01  1.552796e+00  0.000000e+00
      vertex  5.586665e+01  1.552796e+00  1.500000e+00
    endloop
  endfacet
  facet normal  6.343908e-01  7.730125e-01  0.000000e+00
    outer loop
      vertex  5.586665e+01  1.552796e+00  1.500000e+00
      vertex  5.586665e+01  1.552796e+00  0.000000e+00
      vertex  5.563934e+01  1.739340e+00  0.000000e+00
    endloop
  endfacet
  facet normal  6.343908e-01  7.730125e-01  -0.000000e+00
    outer loop
      vertex  5.586665e+01  1.552796e+00  1.500000e+00
      vertex  5.563934e+01  1.739340e+00  0.000000e+00
      vertex  5.563934e+01  1.739340e+00  1.500000e+00
    endloop
  endfacet
  facet normal  7.730134e-01  6.343898e-01  0.000000e+00
    outer loop
      vertex  5.563934e+01  1.739340e+00  1.500000e+00
      vertex  5.563934e+01  1.739340e+00  0.000000e+00
      vertex  5.545280e+01  1.966645e+00  0.000000e+00
    endloop
  endfacet
  facet normal  7.730134e-01  6.343898e-01  -0.000000e+00
    outer loop
      vertex  5.563934e+01  1.739340e+00  1.500000e+00
      vertex  5.545280e+01  1.966645e+00  0.000000e+00
      vertex  5.545280e+01  1.966645e+00  1.500000e+00
    endloop
  endfacet
  facet normal  8.819215e-01  4.713962e-01  0.000000e+00
    outer loop
      vertex  5.545280e+01  1.966645e+00  1.500000e+00
      vertex  5.545280e+01  1.966645e+00  0.000000e+00
      vertex  5.531418e+01  2.225975e+00  0.000000e+00
    endloop
  endfacet
  facet normal  8.819215e-01  4.713962e-01  -0.000000e+00
    outer loop
      vertex  5.545280e+01  1.966645e+00  1.500000e+00
      vertex  5.531418e+01  2.225975e+00  0.000000e+00
      vertex  5.531418e+01  2.225975e+00  1.500000e+00
    endloop
  endfacet
  facet normal  9.569377e-01  2.902935e-01  0.000000e+00
    outer loop
      vertex  5.531418e+01  2.225975e+00  1.500000e+00
      vertex  5.531418e+01  2.225975e+00  0.000000e+00
      vertex  5.522882e+01  2.507365e+00  0.000000e+00
    endloop
  endfacet
  facet normal  9.569377e-01  2.902935e-01  -0.000000e+00
    outer loop
      vertex  5.531418e+01  2.225975e+00  1.500000e+00
      vertex  5.522882e+01  2.507365e+00  0.000000e+00
      vertex  5.522882e+01  2.507365e+00  1.500000e+00
    endloop
  endfacet
  facet normal  9.951854e-01  9.801028e-02  0.000000e+00
    outer loop
      vertex  5.522882e+01  2.507365e+00  1.500000e+00
      vertex  5.522882e+01  2.507365e+00  0.000000e+00
      vertex  5.520000e+01  2.800000e+00  0.000000e+00
    endloop
  endfacet
  facet normal  9.951854e-01  9.801028e-02  -0.000000e+00
    outer loop
      vertex  5.522882e+01  2.507365e+00  1.500000e+00
      vertex  5.520000e+01  2.800000e+00  0.000000e+00
      vertex  5.520000e+01  2.800000e+00  1.500000e+00
    endloop
  endfacet
  facet normal  9.801783e-02 -9.951846e-01  0.000000e+00
    outer loop
      vertex  5.670000e+01  4.300000e+00  0.000000e+00
      vertex  5.640736e+01  4.271178e+00  1.500000e+00
      vertex  5.640736e+01  4.271178e+00  0.000000e+00
    endloop
  endfacet
  facet normal  2.902869e-01 -9.569397e-01  0.000000e+00
    outer loop
      vertex  5.640736e+01  4.271178e+00  0.000000e+00
      vertex  5.640736e+01  4.271178e+00  1.500000e+00
      vertex  5.612598e+01  4.185819e+00  1.500000e+00
    endloop
  endfacet
  facet normal  2.902869e-01 -9.569397e-01  0.000000e+00
    outer loop
      vertex  5.640736e+01  4.271178e+00  0.000000e+00
      vertex  5.612598e+01  4.185819e+00  1.500000e+00
      vertex  5.612598e+01  4.185819e+00  0.000000e+00
    endloop
  endfacet
  facet normal  4.713954e-01 -8.819220e-01  0.000000e+00
    outer loop
      vertex  5.612598e+01  4.185819e+00  0.000000e+00
      vertex  5.612598e+01  4.185819e+00  1.500000e+00
      vertex  5.586665e+01  4.047204e+00  1.500000e+00
    endloop
  endfacet
  facet normal  4.713954e-01 -8.819220e-01  0.000000e+00
    outer loop
      vertex  5.612598e+01  4.185819e+00  0.000000e+00
      vertex  5.586665e+01  4.047204e+00  1.500000e+00
      vertex  5.586665e+01  4.047204e+00  0.000000e+00
    endloop
  endfacet
  facet normal  6.343911e-01 -7.730123e-01  0.000000e+00
    outer loop
      vertex  5.586665e+01  4.047204e+00  0.000000e+00
      vertex  5.586665e+01  4.047204e+00  1.500000e+00
      vertex  5.563934e+01  3.860660e+00  1.500000e+00
    endloop
  endfacet
  facet normal  6.343911e-01 -7.730123e-01  0.000000e+00
    outer loop
      vertex  5.586665e+01  4.047204e+00  0.000000e+00
      vertex  5.563934e+01  3.860660e+00  1.500000e+00
      vertex  5.563934e+01  3.860660e+00  0.000000e+00
    endloop
  endfacet
  facet normal  7.730132e-01 -6.343900e-01  0.000000e+00
    outer loop
      vertex  5.563934e+01  3.860660e+00  0.000000e+00
      vertex  5.563934e+01  3.860660e+00  1.500000e+00
      vertex  5.545280e+01  3.633355e+00  1.500000e+00
    endloop
  endfacet
  facet normal  7.730132e-01 -6.343900e-01  0.000000e+00
    outer loop
      vertex  5.563934e+01  3.860660e+00  0.000000e+00
      vertex  5.545280e+01  3.633355e+00  1.500000e+00
      vertex  5.545280e+01  3.633355e+00  0.000000e+00
    endloop
  endfacet
  facet normal  8.819216e-01 -4.713961e-01  0.000000e+00
    outer loop
      vertex  5.545280e+01  3.633355e+00  0.000000e+00
      vertex  5.545280e+01  3.633355e+00  1.500000e+00
      vertex  5.531418e+01  3.374025e+00  1.500000e+00
    endloop
  endfacet
  facet normal  8.819216e-01 -4.713961e-01  0.000000e+00
    outer loop
      vertex  5.545280e+01  3.633355e+00  0.000000e+00
      vertex  5.531418e+01  3.374025e+00  1.500000e+00
      vertex  5.531418e+01  3.374025e+00  0.000000e+00
    endloop
  endfacet
  facet normal  9.569377e-01 -2.902935e-01  0.000000e+00
    outer loop
      vertex  5.531418e+01  3.374025e+00  0.000000e+00
      vertex  5.531418e+01  3.374025e+00  1.500000e+00
      vertex  5.522882e+01  3.092635e+00  1.500000e+00
    endloop
  endfacet
  facet normal  9.569377e-01 -2.902935e-01  0.000000e+00
    outer loop
      vertex  5.531418e+01  3.374025e+00  0.000000e+00
      vertex  5.522882e+01  3.092635e+00  1.500000e+00
      vertex  5.522882e+01  3.092635e+00  0.000000e+00
    endloop
  endfacet
  facet normal  9.951854e-01 -9.801028e-02  0.000000e+00
    outer loop
      vertex  5.522882e+01  3.092635e+00  0.000000e+00
      vertex  5.522882e+01  3.092635e+00  1.500000e+00
      vertex  5.520000e+01  2.800000e+00  1.500000e+00
    endloop
  endfacet
  facet normal  9.951854e-01 -9.801028e-02  0.000000e+00
    outer loop
      vertex  5.522882e+01  3.092635e+00  0.000000e+00
      vertex  5.520000e+01  2.800000e+00  1.500000e+00
      vertex  5.520000e+01  2.800000e+00  0.000000e+00
    endloop
  endfacet
  facet normal  9.801783e-02 -9.951846e-01  0.000000e+00
    outer loop
      vertex  5.640736e+01  4.271178e+00  1.500000e+00
      vertex  5.670000e+01  4.300000e+00  0.000000e+00
      vertex  5.670000e+01  4.300000e+00  1.500000e+00
    endloop
  endfacet
  facet normal -9.801909e-02 -9.951845e-01  -0.000000e+00
    outer loop
      vertex  5.670000e+01  4.300000e+00  1.500000e+00
      vertex  5.670000e+01  4.300000e+00  0.000000e+00
      vertex  5.699263e+01  4.271178e+00  0.000000e+00
    endloop
  endfacet
  facet normal -9.801909e-02 -9.951845e-01  0.000000e+00
    outer loop
      vertex  5.670000e+01  4.300000e+00  1.500000e+00
      vertex  5.699263e+01  4.271178e+00  0.000000e+00
      vertex  5.699263e+01  4.271178e+00  1.500000e+00
    endloop
  endfacet
  facet normal -2.902833e-01 -9.569407e-01  -0.000000e+00
    outer loop
      vertex  5.699263e+01  4.271178e+00  1.500000e+00
      vertex  5.699263e+01  4.271178e+00  0.000000e+00
      vertex  5.727402e+01  4.185819e+00  0.000000e+00
    endloop
  endfacet
  facet normal -2.902833e-01 -9.569407e-01  0.000000e+00
    outer loop
      vertex  5.699263e+01  4.271178e+00  1.500000e+00
      vertex  5.727402e+01  4.185819e+00  0.000000e+00
      vertex  5.727402e+01  4.185819e+00  1.500000e+00
    endloop
  endfacet
  facet normal -4.713954e-01 -8.819220e-01  -0.000000e+00
    outer loop
      vertex  5.727402e+01  4.185819e+00  1.500000e+00
      vertex  5.727402e+01  4.185819e+00  0.000000e+00
      vertex  5.753336e+01  4.047204e+00  0.000000e+00
    endloop
  endfacet
  facet normal -4.713954e-01 -8.819220e-01  0.000000e+00
    outer loop
      vertex  5.727402e+01  4.185819e+00  1.500000e+00
      vertex  5.753336e+01  4.047204e+00  0.000000e+00
      vertex  5.753336e+01  4.047204e+00  1.500000e+00
    endloop
  endfacet
  facet normal -6.343911e-01 -7.730123e-01  -0.000000e+00
    outer loop
      vertex  5.753336e+01  4.047204e+00  1.500000e+00
      vertex  5.753336e+01  4.047204e+00  0.000000e+00
      vertex  5.776066e+01  3.860660e+00  0.000000e+00
    endloop
  endfacet
  facet normal -6.343911e-01 -7.730123e-01  0.000000e+00
    outer loop
      vertex  5.753336e+01  4.047204e+00  1.500000e+00
      vertex  5.776066e+01  3.860660e+00  0.000000e+00
      vertex  5.776066e+01  3.860660e+00  1.500000e+00
    endloop
  endfacet
  facet normal -7.730132e-01 -6.343900e-01  -0.000000e+00
    outer loop
      vertex  5.776066e+01  3.860660e+00  1.500000e+00
      vertex  5.776066e+01  3.860660e+00  0.000000e+00
      vertex  5.794720e+01  3.633355e+00  0.000000e+00
    endloop
  endfacet
  facet normal -7.730132e-01 -6.343900e-01  0.000000e+00
    outer loop
      vertex  5.776066e+01  3.860660e+00  1.500000e+00
      vertex  5.794720e+01  3.633355e+00  0.000000e+00
      vertex  5.794720e+01  3.633355e+00  1.500000e+00
    endloop
  endfacet
  facet normal -8.819216e-01 -4.713961e-01  -0.000000e+00
    outer loop
      vertex  5.794720e+01  3.633355e+00  1.500000e+00
      vertex  5.794720e+01  3.633355e+00  0.000000e+00
      vertex  5.808582e+01  3.374025e+00  0.000000e+00
    endloop
  endfacet
  facet normal -8.819216e-01 -4.713961e-01  0.000000e+00
    outer loop
      vertex  5.794720e+01  3.633355e+00  1.500000e+00
      vertex  5.808582e+01  3.374025e+00  0.000000e+00
      vertex  5.808582e+01  3.374025e+00  1.500000e+00
    endloop
  endfacet
  facet normal -9.569413e-01 -2.902817e-01  -0.000000e+00
    outer loop
      vertex  5.808582e+01  3.374025e+00  1.500000e+00
      vertex  5.808582e+01  3.374025e+00  0.000000e+00
      vertex  5.817118e+01  3.092635e+00  0.000000e+00
    endloop
  endfacet
  facet normal -9.569413e-01 -2.902817e-01  0.000000e+00
    outer loop
      vertex  5.808582e+01  3.374025e+00  1.500000e+00
      vertex  5.817118e+01  3.092635e+00  0.000000e+00
      vertex  5.817118e+01  3.092635e+00  1.500000e+00
    endloop
  endfacet
  facet normal -9.951841e-01 -9.802312e-02  -0.000000e+00
    outer loop
      vertex  5.817118e+01  3.092635e+00  1.500000e+00
      vertex  5.817118e+01  3.092635e+00  0.000000e+00
      vertex  5.820000e+01  2.800000e+00  0.000000e+00
    endloop
  endfacet
  facet normal -9.951841e-01 -9.802312e-02  0.000000e+00
    outer loop
      vertex  5.817118e+01  3.092635e+00  1.500000e+00
      vertex  5.820000e+01  2.800000e+00  0.000000e+00
      vertex  5.820000e+01  2.800000e+00  1.500000e+00
    endloop
  endfacet
  facet normal -9.801750e-02  9.951847e-01  0.000000e+00
    outer loop
      vertex  5.670000e+01  2.150000e+01  0.000000e+00
      vertex  5.699263e+01  2.152882e+01  1.500000e+00
      vertex  5.699263e+01  2.152882e+01  0.000000e+00
    endloop
  endfacet
  facet normal -2.902862e-01  9.569398e-01  0.000000e+00
    outer loop
      vertex  5.699263e+01  2.152882e+01  0.000000e+00
      vertex  5.699263e+01  2.152882e+01  1.500000e+00
      vertex  5.727402e+01  2.161418e+01  1.500000e+00
    endloop
  endfacet
  facet normal -2.902862e-01  9.569398e-01  0.000000e+00
    outer loop
      vertex  5.699263e+01  2.152882e+01  0.000000e+00
      vertex  5.727402e+01  2.161418e+01  1.500000e+00
      vertex  5.727402e+01  2.161418e+01  0.000000e+00
    endloop
  endfacet
  facet normal -4.713954e-01  8.819220e-01  0.000000e+00
    outer loop
      vertex  5.727402e+01  2.161418e+01  0.000000e+00
      vertex  5.727402e+01  2.161418e+01  1.500000e+00
      vertex  5.753336e+01  2.175280e+01  1.500000e+00
    endloop
  endfacet
  facet normal -4.713954e-01  8.819220e-01  0.000000e+00
    outer loop
      vertex  5.727402e+01  2.161418e+01  0.000000e+00
      vertex  5.753336e+01  2.175280e+01  1.500000e+00
      vertex  5.753336e+01  2.175280e+01  0.000000e+00
    endloop
  endfacet
  facet normal -6.343911e-01  7.730123e-01  0.000000e+00
    outer loop
      vertex  5.753336e+01  2.175280e+01  0.000000e+00
      vertex  5.753336e+01  2.175280e+01  1.500000e+00
      vertex  5.776066e+01  2.193934e+01  1.500000e+00
    endloop
  endfacet
  facet normal -6.343911e-01  7.730123e-01  0.000000e+00
    outer loop
      vertex  5.753336e+01  2.175280e+01  0.000000e+00
      vertex  5.776066e+01  2.193934e+01  1.500000e+00
      vertex  5.776066e+01  2.193934e+01  0.000000e+00
    endloop
  endfacet
  facet normal -7.730129e-01  6.343904e-01  0.000000e+00
    outer loop
      vertex  5.776066e+01  2.193934e+01  0.000000e+00
      vertex  5.776066e+01  2.193934e+01  1.500000e+00
      vertex  5.794720e+01  2.216665e+01  1.500000e+00
    endloop
  endfacet
  facet normal -7.730129e-01  6.343904e-01  0.000000e+00
    outer loop
      vertex  5.776066e+01  2.193934e+01  0.000000e+00
      vertex  5.794720e+01  2.216665e+01  1.500000e+00
      vertex  5.794720e+01  2.216665e+01  0.000000e+00
    endloop
  endfacet
  facet normal -8.819220e-01  4.713954e-01  0.000000e+00
    outer loop
      vertex  5.794720e+01  2.216665e+01  0.000000e+00
      vertex  5.794720e+01  2.216665e+01  1.500000e+00
      vertex  5.808582e+01  2.242598e+01  1.500000e+00
    endloop
  endfacet
  facet normal -8.819220e-01  4.713954e-01  0.000000e+00
    outer loop
      vertex  5.794720e+01  2.216665e+01  0.000000e+00
      vertex  5.808582e+01  2.242598e+01  1.500000e+00
      vertex  5.808582e+01  2.242598e+01  0.000000e+00
    endloop
  endfacet
  facet normal -9.569411e-01  2.902821e-01  0.000000e+00
    outer loop
      vertex  5.808582e+01  2.242598e+01  0.000000e+00
      vertex  5.808582e+01  2.242598e+01  1.500000e+00
      vertex  5.817118e+01  2.270737e+01  1.500000e+00
    endloop
  endfacet
  facet normal -9.569411e-01  2.902821e-01  0.000000e+00
    outer loop
      vertex  5.808582e+01  2.242598e+01  0.000000e+00
      vertex  5.817118e+01  2.270737e+01  1.500000e+00
      vertex  5.817118e+01  2.270737e+01  0.000000e+00
    endloop
  endfacet
  facet normal -9.951841e-01  9.802328e-02  0.000000e+00
    outer loop
      vertex  5.817118e+01  2.270737e+01  0.000000e+00
      vertex  5.817118e+01  2.270737e+01  1.500000e+00
      vertex  5.820000e+01  2.300000e+01  1.500000e+00
    endloop
  endfacet
  facet normal -9.951841e-01  9.802328e-02  0.000000e+00
    outer loop
      vertex  5.817118e+01  2.270737e+01  0.000000e+00
      vertex  5.820000e+01  2.300000e+01  1.500000e+00
      vertex  5.820000e+01  2.300000e+01  0.000000e+00
    endloop
  endfacet
  facet normal -9.801750e-02  9.951847e-01  0.000000e+00
    outer loop
      vertex  5.699263e+01  2.152882e+01  1.500000e+00
      vertex  5.670000e+01  2.150000e+01  0.000000e+00
      vertex  5.670000e+01  2.150000e+01  1.500000e+00
    endloop
  endfacet
  facet normal  9.801622e-02  9.951848e-01  0.000000e+00
    outer loop
      vertex  5.670000e+01  2.150000e+01  1.500000e+00
      vertex  5.670000e+01  2.150000e+01  0.000000e+00
      vertex  5.640736e+01  2.152882e+01  0.000000e+00
    endloop
  endfacet
  facet normal  9.801622e-02  9.951848e-01  -0.000000e+00
    outer loop
      vertex  5.670000e+01  2.150000e+01  1.500000e+00
      vertex  5.640736e+01  2.152882e+01  0.000000e+00
      vertex  5.640736e+01  2.152882e+01  1.500000e+00
    endloop
  endfacet
  facet normal  2.902898e-01  9.569388e-01  0.000000e+00
    outer loop
      vertex  5.640736e+01  2.152882e+01  1.500000e+00
      vertex  5.640736e+01  2.152882e+01  0.000000e+00
      vertex  5.612598e+01  2.161418e+01  0.000000e+00
    endloop
  endfacet
  facet normal  2.902898e-01  9.569388e-01  -0.000000e+00
    outer loop
      vertex  5.640736e+01  2.152882e+01  1.500000e+00
      vertex  5.612598e+01  2.161418e+01  0.000000e+00
      vertex  5.612598e+01  2.161418e+01  1.500000e+00
    endloop
  endfacet
  facet normal  4.713954e-01  8.819220e-01  0.000000e+00
    outer loop
      vertex  5.612598e+01  2.161418e+01  1.500000e+00
      vertex  5.612598e+01  2.161418e+01  0.000000e+00
      vertex  5.586665e+01  2.175280e+01  0.000000e+00
    endloop
  endfacet
  facet normal  4.713954e-01  8.819220e-01  -0.000000e+00
    outer loop
      vertex  5.612598e+01  2.161418e+01  1.500000e+00
      vertex  5.586665e+01  2.175280e+01  0.000000e+00
      vertex  5.586665e+01  2.175280e+01  1.500000e+00
    endloop
  endfacet
  facet normal  6.343911e-01  7.730123e-01  0.000000e+00
    outer loop
      vertex  5.586665e+01  2.175280e+01  1.500000e+00
      vertex  5.586665e+01  2.175280e+01  0.000000e+00
      vertex  5.563934e+01  2.193934e+01  0.000000e+00
    endloop
  endfacet
  facet normal  6.343911e-01  7.730123e-01  -0.000000e+00
    outer loop
      vertex  5.586665e+01  2.175280e+01  1.500000e+00
      vertex  5.563934e+01  2.193934e+01  0.000000e+00
      vertex  5.563934e+01  2.193934e+01  1.500000e+00
    endloop
  endfacet
  facet normal  7.730129e-01  6.343904e-01  0.000000e+00
    outer loop
      vertex  5.563934e+01  2.193934e+01  1.500000e+00
      vertex  5.563934e+01  2.193934e+01  0.000000e+00
      vertex  5.545280e+01  2.216665e+01  0.000000e+00
    endloop
  endfacet
  facet normal  7.730129e-01  6.343904e-01  -0.000000e+00
    outer loop
      vertex  5.563934e+01  2.193934e+01  1.500000e+00
      vertex  5.545280e+01  2.216665e+01  0.000000e+00
      vertex  5.545280e+01  2.216665e+01  1.500000e+00
    endloop
  endfacet
  facet normal  8.819220e-01  4.713954e-01  0.000000e+00
    outer loop
      vertex  5.545280e+01  2.216665e+01  1.500000e+00
      vertex  5.545280e+01  2.216665e+01  0.000000e+00
      vertex  5.531418e+01  2.242598e+01  0.000000e+00
    endloop
  endfacet
  facet normal  8.819220e-01  4.713954e-01  -0.000000e+00
    outer loop
      vertex  5.545280e+01  2.216665e+01  1.500000e+00
      vertex  5.531418e+01  2.242598e+01  0.000000e+00
      vertex  5.531418e+01  2.242598e+01  1.500000e+00
    endloop
  endfacet
  facet normal  9.569376e-01  2.902940e-01  0.000000e+00
    outer loop
      vertex  5.531418e+01  2.242598e+01  1.500000e+00
      vertex  5.531418e+01  2.242598e+01  0.000000e+00
      vertex  5.522882e+01  2.270737e+01  0.000000e+00
    endloop
  endfacet
  facet normal  9.569376e-01  2.902940e-01  -0.000000e+00
    outer loop
      vertex  5.531418e+01  2.242598e+01  1.500000e+00
      vertex  5.522882e+01  2.270737e+01  0.000000e+00
      vertex  5.522882e+01  2.270737e+01  1.500000e+00
    endloop
  endfacet
  facet normal  9.951853e-01  9.801044e-02  0.000000e+00
    outer loop
      vertex  5.522882e+01  2.270737e+01  1.500000e+00
      vertex  5.522882e+01  2.270737e+01  0.000000e+00
      vertex  5.520000e+01  2.300000e+01  0.000000e+00
    endloop
  endfacet
  facet normal  9.951853e-01  9.801044e-02  -0.000000e+00
    outer loop
      vertex  5.522882e+01  2.270737e+01  1.500000e+00
      vertex  5.520000e+01  2.300000e+01  0.000000e+00
      vertex  5.520000e+01  2.300000e+01  1.500000e+00
    endloop
  endfacet
  facet normal  9.801622e-02 -9.951848e-01  0.000000e+00
    outer loop
      vertex  5.670000e+01  2.450000e+01  0.000000e+00
      vertex  5.640736e+01  2.447118e+01  1.500000e+00
      vertex  5.640736e+01  2.447118e+01  0.000000e+00
    endloop
  endfacet
  facet normal  2.902898e-01 -9.569388e-01  0.000000e+00
    outer loop
      vertex  5.640736e+01  2.447118e+01  0.000000e+00
      vertex  5.640736e+01  2.447118e+01  1.500000e+00
      vertex  5.612598e+01  2.438582e+01  1.500000e+00
    endloop
  endfacet
  facet normal  2.902898e-01 -9.569388e-01  0.000000e+00
    outer loop
      vertex  5.640736e+01  2.447118e+01  0.000000e+00
      vertex  5.612598e+01  2.438582e+01  1.500000e+00
      vertex  5.612598e+01  2.438582e+01  0.000000e+00
    endloop
  endfacet
  facet normal  4.713954e-01 -8.819220e-01  0.000000e+00
    outer loop
      vertex  5.612598e+01  2.438582e+01  0.000000e+00
      vertex  5.612598e+01  2.438582e+01  1.500000e+00
      vertex  5.586665e+01  2.424720e+01  1.500000e+00
    endloop
  endfacet
  facet normal  4.713954e-01 -8.819220e-01  0.000000e+00
    outer loop
      vertex  5.612598e+01  2.438582e+01  0.000000e+00
      vertex  5.586665e+01  2.424720e+01  1.500000e+00
      vertex  5.586665e+01  2.424720e+01  0.000000e+00
    endloop
  endfacet
  facet normal  6.343911e-01 -7.730123e-01  0.000000e+00
    outer loop
      vertex  5.586665e+01  2.424720e+01  0.000000e+00
      vertex  5.586665e+01  2.424720e+01  1.500000e+00
      vertex  5.563934e+01  2.406066e+01  1.500000e+00
    endloop
  endfacet
  facet normal  6.343911e-01 -7.730123e-01  0.000000e+00
    outer loop
      vertex  5.586665e+01  2.424720e+01  0.000000e+00
      vertex  5.563934e+01  2.406066e+01  1.500000e+00
      vertex  5.563934e+01  2.406066e+01  0.000000e+00
    endloop
  endfacet
  facet normal  7.730129e-01 -6.343904e-01  0.000000e+00
    outer loop
      vertex  5.563934e+01  2.406066e+01  0.000000e+00
      vertex  5.563934e+01  2.406066e+01  1.500000e+00
      vertex  5.545280e+01  2.383335e+01  1.500000e+00
    endloop
  endfacet
  facet normal  7.730129e-01 -6.343904e-01  0.000000e+00
    outer loop
      vertex  5.563934e+01  2.406066e+01  0.000000e+00
      vertex  5.545280e+01  2.383335e+01  1.500000e+00
      vertex  5.545280e+01  2.383335e+01  0.000000e+00
    endloop
  endfacet
  facet normal  8.819220e-01 -4.713954e-01  0.000000e+00
    outer loop
      vertex  5.545280e+01  2.383335e+01  0.000000e+00
      vertex  5.545280e+01  2.383335e+01  1.500000e+00
      vertex  5.531418e+01  2.357402e+01  1.500000e+00
    endloop
  endfacet
  facet normal  8.819220e-01 -4.713954e-01  0.000000e+00
    outer loop
      vertex  5.545280e+01  2.383335e+01  0.000000e+00
      vertex  5.531418e+01  2.357402e+01  1.500000e+00
      vertex  5.531418e+01  2.357402e+01  0.000000e+00
    endloop
  endfacet
  facet normal  9.569376e-01 -2.902940e-01  0.000000e+00
    outer loop
      vertex  5.531418e+01  2.357402e+01  0.000000e+00
      vertex  5.531418e+01  2.357402e+01  1.500000e+00
      vertex  5.522882e+01  2.329263e+01  1.500000e+00
    endloop
  endfacet
  facet normal  9.569376e-01 -2.902940e-01  0.000000e+00
    outer loop
      vertex  5.531418e+01  2.357402e+01  0.000000e+00
      vertex  5.522882e+01  2.329263e+01  1.500000e+00
      vertex  5.522882e+01  2.329263e+01  0.000000e+00
    endloop
  endfacet
  facet normal  9.951853e-01 -9.801044e-02  0.000000e+00
    outer loop
      vertex  5.522882e+01  2.329263e+01  0.000000e+00
      vertex  5.522882e+01  2.329263e+01  1.500000e+00
      vertex  5.520000e+01  2.300000e+01  1.500000e+00
    endloop
  endfacet
  facet normal  9.951853e-01 -9.801044e-02  0.000000e+00
    outer loop
      vertex  5.522882e+01  2.329263e+01  0.000000e+00
      vertex  5.520000e+01  2.300000e+01  1.500000e+00
      vertex  5.520000e+01  2.300000e+01  0.000000e+00
    endloop
  endfacet
  facet normal  9.801622e-02 -9.951848e-01  0.000000e+00
    outer loop
      vertex  5.640736e+01  2.447118e+01  1.500000e+00
      vertex  5.670000e+01  2.450000e+01  0.000000e+00
      vertex  5.670000e+01  2.450000e+01  1.500000e+00
    endloop
  endfacet
  facet normal -9.801750e-02 -9.951847e-01  -0.000000e+00
    outer loop
      vertex  5.670000e+01  2.450000e+01  1.500000e+00
      vertex  5.670000e+01  2.450000e+01  0.000000e+00
      vertex  5.699263e+01  2.447118e+01  0.000000e+00
    endloop
  endfacet
  facet normal -9.801750e-02 -9.951847e-01  0.000000e+00
    outer loop
      vertex  5.670000e+01  2.450000e+01  1.500000e+00
      vertex  5.699263e+01  2.447118e+01  0.000000e+00
      vertex  5.699263e+01  2.447118e+01  1.500000e+00
    endloop
  endfacet
  facet normal -2.902862e-01 -9.569398e-01  -0.000000e+00
    outer loop
      vertex  5.699263e+01  2.447118e+01  1.500000e+00
      vertex  5.699263e+01  2.447118e+01  0.000000e+00
      vertex  5.727402e+01  2.438582e+01  0.000000e+00
    endloop
  endfacet
  facet normal -2.902862e-01 -9.569398e-01  0.000000e+00
    outer loop
      vertex  5.699263e+01  2.447118e+01  1.500000e+00
      vertex  5.727402e+01  2.438582e+01  0.000000e+00
      vertex  5.727402e+01  2.438582e+01  1.500000e+00
    endloop
  endfacet
  facet normal -4.713954e-01 -8.819220e-01  -0.000000e+00
    outer loop
      vertex  5.727402e+01  2.438582e+01  1.500000e+00
      vertex  5.727402e+01  2.438582e+01  0.000000e+00
      vertex  5.753336e+01  2.424720e+01  0.000000e+00
    endloop
  endfacet
  facet normal -4.713954e-01 -8.819220e-01  0.000000e+00
    outer loop
      vertex  5.727402e+01  2.438582e+01  1.500000e+00
      vertex  5.753336e+01  2.424720e+01  0.000000e+00
      vertex  5.753336e+01  2.424720e+01  1.500000e+00
    endloop
  endfacet
  facet normal -6.343911e-01 -7.730123e-01  -0.000000e+00
    outer loop
      vertex  5.753336e+01  2.424720e+01  1.500000e+00
      vertex  5.753336e+01  2.424720e+01  0.000000e+00
      vertex  5.776066e+01  2.406066e+01  0.000000e+00
    endloop
  endfacet
  facet normal -6.343911e-01 -7.730123e-01  0.000000e+00
    outer loop
      vertex  5.753336e+01  2.424720e+01  1.500000e+00
      vertex  5.776066e+01  2.406066e+01  0.000000e+00
      vertex  5.776066e+01  2.406066e+01  1.500000e+00
    endloop
  endfacet
  facet normal -7.730129e-01 -6.343904e-01  -0.000000e+00
    outer loop
      vertex  5.776066e+01  2.406066e+01  1.500000e+00
      vertex  5.776066e+01  2.406066e+01  0.000000e+00
      vertex  5.794720e+01  2.383335e+01  0.000000e+00
    endloop
  endfacet
  facet normal -7.730129e-01 -6.343904e-01  0.000000e+00
    outer loop
      vertex  5.776066e+01  2.406066e+01  1.500000e+00
      vertex  5.794720e+01  2.383335e+01  0.000000e+00
      vertex  5.794720e+01  2.383335e+01  1.500000e+00
    endloop
  endfacet
  facet normal -8.819220e-01 -4.713954e-01  -0.000000e+00
    outer loop
      vertex  5.794720e+01  2.383335e+01  1.500000e+00
      vertex  5.794720e+01  2.383335e+01  0.000000e+00
      vertex  5.808582e+01  2.357402e+01  0.000000e+00
    endloop
  endfacet
  facet normal -8.819220e-01 -4.713954e-01  0.000000e+00
    outer loop
      vertex  5.794720e+01  2.383335e+01  1.500000e+00
      vertex  5.808582e+01  2.357402e+01  0.000000e+00
      vertex  5.808582e+01  2.357402e+01  1.500000e+00
    endloop
  endfacet
  facet normal -9.569411e-01 -2.902821e-01  -0.000000e+00
    outer loop
      vertex  5.808582e+01  2.357402e+01  1.500000e+00
      vertex  5.808582e+01  2.357402e+01  0.000000e+00
      vertex  5.817118e+01  2.329263e+01  0.000000e+00
    endloop
  endfacet
  facet normal -9.569411e-01 -2.902821e-01  0.000000e+00
    outer loop
      vertex  5.808582e+01  2.357402e+01  1.500000e+00
      vertex  5.817118e+01  2.329263e+01  0.000000e+00
      vertex  5.817118e+01  2.329263e+01  1.500000e+00
    endloop
  endfacet
  facet normal -9.951841e-01 -9.802328e-02  -0.000000e+00
    outer loop
      vertex  5.817118e+01  2.329263e+01  1.500000e+00
      vertex  5.817118e+01  2.329263e+01  0.000000e+00
      vertex  5.820000e+01  2.300000e+01  0.000000e+00
    endloop
  endfacet
  facet normal -9.951841e-01 -9.802328e-02  0.000000e+00
    outer loop
      vertex  5.817118e+01  2.329263e+01  1.500000e+00
      vertex  5.820000e+01  2.300000e+01  0.000000e+00
      vertex  5.820000e+01  2.300000e+01  1.500000e+00
    endloop
  endfacet
  facet normal  9.801670e-02 -9.951848e-01  0.000000e+00
    outer loop
      vertex  2.800000e+00  2.450000e+01  0.000000e+00
      vertex  2.507365e+00  2.447118e+01  1.500000e+00
      vertex  2.507365e+00  2.447118e+01  0.000000e+00
    endloop
  endfacet
  facet normal  2.902876e-01 -9.569395e-01  0.000000e+00
    outer loop
      vertex  2.507365e+00  2.447118e+01  0.000000e+00
      vertex  2.507365e+00  2.447118e+01  1.500000e+00
      vertex  2.225975e+00  2.438582e+01  1.500000e+00
    endloop
  endfacet
  facet normal  2.902876e-01 -9.569395e-01  0.000000e+00
    outer loop
      vertex  2.507365e+00  2.447118e+01  0.000000e+00
      vertex  2.225975e+00  2.438582e+01  1.500000e+00
      vertex  2.225975e+00  2.438582e+01  0.000000e+00
    endloop
  endfacet
  facet normal  4.713962e-01 -8.819215e-01  0.000000e+00
    outer loop
      vertex  2.225975e+00  2.438582e+01  0.000000e+00
      vertex  2.225975e+00  2.438582e+01  1.500000e+00
      vertex  1.966645e+00  2.424720e+01  1.500000e+00
    endloop
  endfacet
  facet normal  4.713962e-01 -8.819215e-01  0.000000e+00
    outer loop
      vertex  2.225975e+00  2.438582e+01  0.000000e+00
      vertex  1.966645e+00  2.424720e+01  1.500000e+00
      vertex  1.966645e+00  2.424720e+01  0.000000e+00
    endloop
  endfacet
  facet normal  6.343936e-01 -7.730102e-01  0.000000e+00
    outer loop
      vertex  1.966645e+00  2.424720e+01  0.000000e+00
      vertex  1.966645e+00  2.424720e+01  1.500000e+00
      vertex  1.739340e+00  2.406066e+01  1.500000e+00
    endloop
  endfacet
  facet normal  6.343936e-01 -7.730102e-01  0.000000e+00
    outer loop
      vertex  1.966645e+00  2.424720e+01  0.000000e+00
      vertex  1.739340e+00  2.406066e+01  1.500000e+00
      vertex  1.739340e+00  2.406066e+01  0.000000e+00
    endloop
  endfacet
  facet normal  7.730098e-01 -6.343940e-01  0.000000e+00
    outer loop
      vertex  1.739340e+00  2.406066e+01  0.000000e+00
      vertex  1.739340e+00  2.406066e+01  1.500000e+00
      vertex  1.552796e+00  2.383335e+01  1.500000e+00
    endloop
  endfacet
  facet normal  7.730098e-01 -6.343940e-01  0.000000e+00
    outer loop
      vertex  1.739340e+00  2.406066e+01  0.000000e+00
      vertex  1.552796e+00  2.383335e+01  1.500000e+00
      vertex  1.552796e+00  2.383335e+01  0.000000e+00
    endloop
  endfacet
  facet normal  8.819219e-01 -4.713957e-01  0.000000e+00
    outer loop
      vertex  1.552796e+00  2.383335e+01  0.000000e+00
      vertex  1.552796e+00  2.383335e+01  1.500000e+00
      vertex  1.414181e+00  2.357402e+01  1.500000e+00
    endloop
  endfacet
  facet normal  8.819219e-01 -4.713957e-01  0.000000e+00
    outer loop
      vertex  1.552796e+00  2.383335e+01  0.000000e+00
      vertex  1.414181e+00  2.357402e+01  1.500000e+00
      vertex  1.414181e+00  2.357402e+01  0.000000e+00
    endloop
  endfacet
  facet normal  9.569402e-01 -2.902851e-01  0.000000e+00
    outer loop
      vertex  1.414181e+00  2.357402e+01  0.000000e+00
      vertex  1.414181e+00  2.357402e+01  1.500000e+00
      vertex  1.328822e+00  2.329263e+01  1.500000e+00
    endloop
  endfacet
  facet normal  9.569402e-01 -2.902851e-01  0.000000e+00
    outer loop
      vertex  1.414181e+00  2.357402e+01  0.000000e+00
      vertex  1.328822e+00  2.329263e+01  1.500000e+00
      vertex  1.328822e+00  2.329263e+01  0.000000e+00
    endloop
  endfacet
  facet normal  9.951847e-01 -9.801767e-02  0.000000e+00
    outer loop
      vertex  1.328822e+00  2.329263e+01  0.000000e+00
      vertex  1.328822e+00  2.329263e+01  1.500000e+00
      vertex  1.300000e+00  2.300000e+01  1.500000e+00
    endloop
  endfacet
  facet normal  9.951847e-01 -9.801767e-02  0.000000e+00
    outer loop
      vertex  1.328822e+00  2.329263e+01  0.000000e+00
      vertex  1.300000e+00  2.300000e+01  1.500000e+00
      vertex  1.300000e+00  2.300000e+01  0.000000e+00
    endloop
  endfacet
  facet normal  9.801670e-02 -9.951848e-01  0.000000e+00
    outer loop
      vertex  2.507365e+00  2.447118e+01  1.500000e+00
      vertex  2.800000e+00  2.450000e+01  0.000000e+00
      vertex  2.800000e+00  2.450000e+01  1.500000e+00
    endloop
  endfacet
  facet normal -9.801670e-02 -9.951848e-01  -0.000000e+00
    outer loop
      vertex  2.800000e+00  2.450000e+01  1.500000e+00
      vertex  2.800000e+00  2.450000e+01  0.000000e+00
      vertex  3.092635e+00  2.447118e+01  0.000000e+00
    endloop
  endfacet
  facet normal -9.801670e-02 -9.951848e-01  0.000000e+00
    outer loop
      vertex  2.800000e+00  2.450000e+01  1.500000e+00
      vertex  3.092635e+00  2.447118e+01  0.000000e+00
      vertex  3.092635e+00  2.447118e+01  1.500000e+00
    endloop
  endfacet
  facet normal -2.902876e-01 -9.569395e-01  -0.000000e+00
    outer loop
      vertex  3.092635e+00  2.447118e+01  1.500000e+00
      vertex  3.092635e+00  2.447118e+01  0.000000e+00
      vertex  3.374025e+00  2.438582e+01  0.000000e+00
    endloop
  endfacet
  facet normal -2.902876e-01 -9.569395e-01  0.000000e+00
    outer loop
      vertex  3.092635e+00  2.447118e+01  1.500000e+00
      vertex  3.374025e+00  2.438582e+01  0.000000e+00
      vertex  3.374025e+00  2.438582e+01  1.500000e+00
    endloop
  endfacet
  facet normal -4.713961e-01 -8.819216e-01  -0.000000e+00
    outer loop
      vertex  3.374025e+00  2.438582e+01  1.500000e+00
      vertex  3.374025e+00  2.438582e+01  0.000000e+00
      vertex  3.633355e+00  2.424720e+01  0.000000e+00
    endloop
  endfacet
  facet normal -4.713961e-01 -8.819216e-01  0.000000e+00
    outer loop
      vertex  3.374025e+00  2.438582e+01  1.500000e+00
      vertex  3.633355e+00  2.424720e+01  0.000000e+00
      vertex  3.633355e+00  2.424720e+01  1.500000e+00
    endloop
  endfacet
  facet normal -6.343939e-01 -7.730100e-01  -0.000000e+00
    outer loop
      vertex  3.633355e+00  2.424720e+01  1.500000e+00
      vertex  3.633355e+00  2.424720e+01  0.000000e+00
      vertex  3.860660e+00  2.406066e+01  0.000000e+00
    endloop
  endfacet
  facet normal -6.343939e-01 -7.730100e-01  0.000000e+00
    outer loop
      vertex  3.633355e+00  2.424720e+01  1.500000e+00
      vertex  3.860660e+00  2.406066e+01  0.000000e+00
      vertex  3.860660e+00  2.406066e+01  1.500000e+00
    endloop
  endfacet
  facet normal -7.730097e-01 -6.343942e-01  -0.000000e+00
    outer loop
      vertex  3.860660e+00  2.406066e+01  1.500000e+00
      vertex  3.860660e+00  2.406066e+01  0.000000e+00
      vertex  4.047204e+00  2.383335e+01  0.000000e+00
    endloop
  endfacet
  facet normal -7.730097e-01 -6.343942e-01  0.000000e+00
    outer loop
      vertex  3.860660e+00  2.406066e+01  1.500000e+00
      vertex  4.047204e+00  2.383335e+01  0.000000e+00
      vertex  4.047204e+00  2.383335e+01  1.500000e+00
    endloop
  endfacet
  facet normal -8.819220e-01 -4.713954e-01  -0.000000e+00
    outer loop
      vertex  4.047204e+00  2.383335e+01  1.500000e+00
      vertex  4.047204e+00  2.383335e+01  0.000000e+00
      vertex  4.185819e+00  2.357402e+01  0.000000e+00
    endloop
  endfacet
  facet normal -8.819220e-01 -4.713954e-01  0.000000e+00
    outer loop
      vertex  4.047204e+00  2.383335e+01  1.500000e+00
      vertex  4.185819e+00  2.357402e+01  0.000000e+00
      vertex  4.185819e+00  2.357402e+01  1.500000e+00
    endloop
  endfacet
  facet normal -9.569402e-01 -2.902851e-01  -0.000000e+00
    outer loop
      vertex  4.185819e+00  2.357402e+01  1.500000e+00
      vertex  4.185819e+00  2.357402e+01  0.000000e+00
      vertex  4.271178e+00  2.329263e+01  0.000000e+00
    endloop
  endfacet
  facet normal -9.569402e-01 -2.902851e-01  0.000000e+00
    outer loop
      vertex  4.185819e+00  2.357402e+01  1.500000e+00
      vertex  4.271178e+00  2.329263e+01  0.000000e+00
      vertex  4.271178e+00  2.329263e+01  1.500000e+00
    endloop
  endfacet
  facet normal -9.951846e-01 -9.801847e-02  -0.000000e+00
    outer loop
      vertex  4.271178e+00  2.329263e+01  1.500000e+00
      vertex  4.271178e+00  2.329263e+01  0.000000e+00
      vertex  4.300000e+00  2.300000e+01  0.000000e+00
    endloop
  endfacet
  facet normal -9.951846e-01 -9.801847e-02  0.000000e+00
    outer loop
      vertex  4.271178e+00  2.329263e+01  1.500000e+00
      vertex  4.300000e+00  2.300000e+01  0.000000e+00
      vertex  4.300000e+00  2.300000e+01  1.500000e+00
    endloop
  endfacet
  facet normal -9.801670e-02  9.951848e-01  0.000000e+00
    outer loop
      vertex  2.800000e+00  2.150000e+01  0.000000e+00
      vertex  3.092635e+00  2.152882e+01  1.500000e+00
      vertex  3.092635e+00  2.152882e+01  0.000000e+00
    endloop
  endfacet
  facet normal -2.902876e-01  9.569395e-01  0.000000e+00
    outer loop
      vertex  3.092635e+00  2.152882e+01  0.000000e+00
      vertex  3.092635e+00  2.152882e+01  1.500000e+00
      vertex  3.374025e+00  2.161418e+01  1.500000e+00
    endloop
  endfacet
  facet normal -2.902876e-01  9.569395e-01  0.000000e+00
    outer loop
      vertex  3.092635e+00  2.152882e+01  0.000000e+00
      vertex  3.374025e+00  2.161418e+01  1.500000e+00
      vertex  3.374025e+00  2.161418e+01  0.000000e+00
    endloop
  endfacet
  facet normal -4.713961e-01  8.819216e-01  0.000000e+00
    outer loop
      vertex  3.374025e+00  2.161418e+01  0.000000e+00
      vertex  3.374025e+00  2.161418e+01  1.500000e+00
      vertex  3.633355e+00  2.175280e+01  1.500000e+00
    endloop
  endfacet
  facet normal -4.713961e-01  8.819216e-01  0.000000e+00
    outer loop
      vertex  3.374025e+00  2.161418e+01  0.000000e+00
      vertex  3.633355e+00  2.175280e+01  1.500000e+00
      vertex  3.633355e+00  2.175280e+01  0.000000e+00
    endloop
  endfacet
  facet normal -6.343939e-01  7.730100e-01  0.000000e+00
    outer loop
      vertex  3.633355e+00  2.175280e+01  0.000000e+00
      vertex  3.633355e+00  2.175280e+01  1.500000e+00
      vertex  3.860660e+00  2.193934e+01  1.500000e+00
    endloop
  endfacet
  facet normal -6.343939e-01  7.730100e-01  0.000000e+00
    outer loop
      vertex  3.633355e+00  2.175280e+01  0.000000e+00
      vertex  3.860660e+00  2.193934e+01  1.500000e+00
      vertex  3.860660e+00  2.193934e+01  0.000000e+00
    endloop
  endfacet
  facet normal -7.730097e-01  6.343942e-01  0.000000e+00
    outer loop
      vertex  3.860660e+00  2.193934e+01  0.000000e+00
      vertex  3.860660e+00  2.193934e+01  1.500000e+00
      vertex  4.047204e+00  2.216665e+01  1.500000e+00
    endloop
  endfacet
  facet normal -7.730097e-01  6.343942e-01  0.000000e+00
    outer loop
      vertex  3.860660e+00  2.193934e+01  0.000000e+00
      vertex  4.047204e+00  2.216665e+01  1.500000e+00
      vertex  4.047204e+00  2.216665e+01  0.000000e+00
    endloop
  endfacet
  facet normal -8.819220e-01  4.713954e-01  0.000000e+00
    outer loop
      vertex  4.047204e+00  2.216665e+01  0.000000e+00
      vertex  4.047204e+00  2.216665e+01  1.500000e+00
      vertex  4.185819e+00  2.242598e+01  1.500000e+00
    endloop
  endfacet
  facet normal -8.819220e-01  4.713954e-01  0.000000e+00
    outer loop
      vertex  4.047204e+00  2.216665e+01  0.000000e+00
      vertex  4.185819e+00  2.242598e+01  1.500000e+00
      vertex  4.185819e+00  2.242598e+01  0.000000e+00
    endloop
  endfacet
  facet normal -9.569402e-01  2.902851e-01  0.000000e+00
    outer loop
      vertex  4.185819e+00  2.242598e+01  0.000000e+00
      vertex  4.185819e+00  2.242598e+01  1.500000e+00
      vertex  4.271178e+00  2.270737e+01  1.500000e+00
    endloop
  endfacet
  facet normal -9.569402e-01  2.902851e-01  0.000000e+00
    outer loop
      vertex  4.185819e+00  2.242598e+01  0.000000e+00
      vertex  4.271178e+00  2.270737e+01  1.500000e+00
      vertex  4.271178e+00  2.270737e+01  0.000000e+00
    endloop
  endfacet
  facet normal -9.951846e-01  9.801847e-02  0.000000e+00
    outer loop
      vertex  4.271178e+00  2.270737e+01  0.000000e+00
      vertex  4.271178e+00  2.270737e+01  1.500000e+00
      vertex  4.300000e+00  2.300000e+01  1.500000e+00
    endloop
  endfacet
  facet normal -9.951846e-01  9.801847e-02  0.000000e+00
    outer loop
      vertex  4.271178e+00  2.270737e+01  0.000000e+00
      vertex  4.300000e+00  2.300000e+01  1.500000e+00
      vertex  4.300000e+00  2.300000e+01  0.000000e+00
    endloop
  endfacet
  facet normal -9.801670e-02  9.951848e-01  0.000000e+00
    outer loop
      vertex  3.092635e+00  2.152882e+01  1.500000e+00
      vertex  2.800000e+00  2.150000e+01  0.000000e+00
      vertex  2.800000e+00  2.150000e+01  1.500000e+00
    endloop
  endfacet
  facet normal  9.801670e-02  9.951848e-01  0.000000e+00
    outer loop
      vertex  2.800000e+00  2.150000e+01  1.500000e+00
      vertex  2.800000e+00  2.150000e+01  0.000000e+00
      vertex  2.507365e+00  2.152882e+01  0.000000e+00
    endloop
  endfacet
  facet normal  9.801670e-02  9.951848e-01  -0.000000e+00
    outer loop
      vertex  2.800000e+00  2.150000e+01  1.500000e+00
      vertex  2.507365e+00  2.152882e+01  0.000000e+00
      vertex  2.507365e+00  2.152882e+01  1.500000e+00
    endloop
  endfacet
  facet normal  2.902876e-01  9.569395e-01  0.000000e+00
    outer loop
      vertex  2.507365e+00  2.152882e+01  1.500000e+00
      vertex  2.507365e+00  2.152882e+01  0.000000e+00
      vertex  2.225975e+00  2.161418e+01  0.000000e+00
    endloop
  endfacet
  facet normal  2.902876e-01  9.569395e-01  -0.000000e+00
    outer loop
      vertex  2.507365e+00  2.152882e+01  1.500000e+00
      vertex  2.225975e+00  2.161418e+01  0.000000e+00
      vertex  2.225975e+00  2.161418e+01  1.500000e+00
    endloop
  endfacet
  facet normal  4.713962e-01  8.819215e-01  0.000000e+00
    outer loop
      vertex  2.225975e+00  2.161418e+01  1.500000e+00
      vertex  2.225975e+00  2.161418e+01  0.000000e+00
      vertex  1.966645e+00  2.175280e+01  0.000000e+00
    endloop
  endfacet
  facet normal  4.713962e-01  8.819215e-01  -0.000000e+00
    outer loop
      vertex  2.225975e+00  2.161418e+01  1.500000e+00
      vertex  1.966645e+00  2.175280e+01  0.000000e+00
      vertex  1.966645e+00  2.175280e+01  1.500000e+00
    endloop
  endfacet
  facet normal  6.343936e-01  7.730102e-01  0.000000e+00
    outer loop
      vertex  1.966645e+00  2.175280e+01  1.500000e+00
      vertex  1.966645e+00  2.175280e+01  0.000000e+00
      vertex  1.739340e+00  2.193934e+01  0.000000e+00
    endloop
  endfacet
  facet normal  6.343936e-01  7.730102e-01  -0.000000e+00
    outer loop
      vertex  1.966645e+00  2.175280e+01  1.500000e+00
      vertex  1.739340e+00  2.193934e+01  0.000000e+00
      vertex  1.739340e+00  2.193934e+01  1.500000e+00
    endloop
  endfacet
  facet normal  7.730098e-01  6.343940e-01  0.000000e+00
    outer loop
      vertex  1.739340e+00  2.193934e+01  1.500000e+00
      vertex  1.739340e+00  2.193934e+01  0.000000e+00
      vertex  1.552796e+00  2.216665e+01  0.000000e+00
    endloop
  endfacet
  facet normal  7.730098e-01  6.343940e-01  -0.000000e+00
    outer loop
      vertex  1.739340e+00  2.193934e+01  1.500000e+00
      vertex  1.552796e+00  2.216665e+01  0.000000e+00
      vertex  1.552796e+00  2.216665e+01  1.500000e+00
    endloop
  endfacet
  facet normal  8.819219e-01  4.713957e-01  0.000000e+00
    outer loop
      vertex  1.552796e+00  2.216665e+01  1.500000e+00
      vertex  1.552796e+00  2.216665e+01  0.000000e+00
      vertex  1.414181e+00  2.242598e+01  0.000000e+00
    endloop
  endfacet
  facet normal  8.819219e-01  4.713957e-01  -0.000000e+00
    outer loop
      vertex  1.552796e+00  2.216665e+01  1.500000e+00
      vertex  1.414181e+00  2.242598e+01  0.000000e+00
      vertex  1.414181e+00  2.242598e+01  1.500000e+00
    endloop
  endfacet
  facet normal  9.569402e-01  2.902851e-01  0.000000e+00
    outer loop
      vertex  1.414181e+00  2.242598e+01  1.500000e+00
      vertex  1.414181e+00  2.242598e+01  0.000000e+00
      vertex  1.328822e+00  2.270737e+01  0.000000e+00
    endloop
  endfacet
  facet normal  9.569402e-01  2.902851e-01  -0.000000e+00
    outer loop
      vertex  1.414181e+00  2.242598e+01  1.500000e+00
      vertex  1.328822e+00  2.270737e+01  0.000000e+00
      vertex  1.328822e+00  2.270737e+01  1.500000e+00
    endloop
  endfacet
  facet normal  9.951847e-01  9.801767e-02  0.000000e+00
    outer loop
      vertex  1.328822e+00  2.270737e+01  1.500000e+00
      vertex  1.328822e+00  2.270737e+01  0.000000e+00
      vertex  1.300000e+00  2.300000e+01  0.000000e+00
    endloop
  endfacet
  facet normal  9.951847e-01  9.801767e-02  -0.000000e+00
    outer loop
      vertex  1.328822e+00  2.270737e+01  1.500000e+00
      vertex  1.300000e+00  2.300000e+01  0.000000e+00
      vertex  1.300000e+00  2.300000e+01  1.500000e+00
    endloop
  endfacet
  facet normal  9.801831e-02 -9.951847e-01  0.000000e+00
    outer loop
      vertex  2.800000e+00  4.300000e+00  0.000000e+00
      vertex  2.507365e+00  4.271178e+00  1.500000e+00
      vertex  2.507365e+00  4.271178e+00  0.000000e+00
    endloop
  endfacet
  facet normal  2.902846e-01 -9.569404e-01  0.000000e+00
    outer loop
      vertex  2.507365e+00  4.271178e+00  0.000000e+00
      vertex  2.507365e+00  4.271178e+00  1.500000e+00
      vertex  2.225975e+00  4.185819e+00  1.500000e+00
    endloop
  endfacet
  facet normal  2.902846e-01 -9.569404e-01  0.000000e+00
    outer loop
      vertex  2.507365e+00  4.271178e+00  0.000000e+00
      vertex  2.225975e+00  4.185819e+00  1.500000e+00
      vertex  2.225975e+00  4.185819e+00  0.000000e+00
    endloop
  endfacet
  facet normal  4.713962e-01 -8.819215e-01  0.000000e+00
    outer loop
      vertex  2.225975e+00  4.185819e+00  0.000000e+00
      vertex  2.225975e+00  4.185819e+00  1.500000e+00
      vertex  1.966645e+00  4.047204e+00  1.500000e+00
    endloop
  endfacet
  facet normal  4.713962e-01 -8.819215e-01  0.000000e+00
    outer loop
      vertex  2.225975e+00  4.185819e+00  0.000000e+00
      vertex  1.966645e+00  4.047204e+00  1.500000e+00
      vertex  1.966645e+00  4.047204e+00  0.000000e+00
    endloop
  endfacet
  facet normal  6.343936e-01 -7.730102e-01  0.000000e+00
    outer loop
      vertex  1.966645e+00  4.047204e+00  0.000000e+00
      vertex  1.966645e+00  4.047204e+00  1.500000e+00
      vertex  1.739340e+00  3.860660e+00  1.500000e+00
    endloop
  endfacet
  facet normal  6.343936e-01 -7.730102e-01  0.000000e+00
    outer loop
      vertex  1.966645e+00  4.047204e+00  0.000000e+00
      vertex  1.739340e+00  3.860660e+00  1.500000e+00
      vertex  1.739340e+00  3.860660e+00  0.000000e+00
    endloop
  endfacet
  facet normal  7.730103e-01 -6.343936e-01  0.000000e+00
    outer loop
      vertex  1.739340e+00  3.860660e+00  0.000000e+00
      vertex  1.739340e+00  3.860660e+00  1.500000e+00
      vertex  1.552796e+00  3.633355e+00  1.500000e+00
    endloop
  endfacet
  facet normal  7.730103e-01 -6.343936e-01  0.000000e+00
    outer loop
      vertex  1.739340e+00  3.860660e+00  0.000000e+00
      vertex  1.552796e+00  3.633355e+00  1.500000e+00
      vertex  1.552796e+00  3.633355e+00  0.000000e+00
    endloop
  endfacet
  facet normal  8.819215e-01 -4.713964e-01  0.000000e+00
    outer loop
      vertex  1.552796e+00  3.633355e+00  0.000000e+00
      vertex  1.552796e+00  3.633355e+00  1.500000e+00
      vertex  1.414181e+00  3.374025e+00  1.500000e+00
    endloop
  endfacet
  facet normal  8.819215e-01 -4.713964e-01  0.000000e+00
    outer loop
      vertex  1.552796e+00  3.633355e+00  0.000000e+00
      vertex  1.414181e+00  3.374025e+00  1.500000e+00
      vertex  1.414181e+00  3.374025e+00  0.000000e+00
    endloop
  endfacet
  facet normal  9.569404e-01 -2.902846e-01  0.000000e+00
    outer loop
      vertex  1.414181e+00  3.374025e+00  0.000000e+00
      vertex  1.414181e+00  3.374025e+00  1.500000e+00
      vertex  1.328822e+00  3.092635e+00  1.500000e+00
    endloop
  endfacet
  facet normal  9.569404e-01 -2.902846e-01  0.000000e+00
    outer loop
      vertex  1.414181e+00  3.374025e+00  0.000000e+00
      vertex  1.328822e+00  3.092635e+00  1.500000e+00
      vertex  1.328822e+00  3.092635e+00  0.000000e+00
    endloop
  endfacet
  facet normal  9.951847e-01 -9.801750e-02  0.000000e+00
    outer loop
      vertex  1.328822e+00  3.092635e+00  0.000000e+00
      vertex  1.328822e+00  3.092635e+00  1.500000e+00
      vertex  1.300000e+00  2.800000e+00  1.500000e+00
    endloop
  endfacet
  facet normal  9.951847e-01 -9.801750e-02  0.000000e+00
    outer loop
      vertex  1.328822e+00  3.092635e+00  0.000000e+00
      vertex  1.300000e+00  2.800000e+00  1.500000e+00
      vertex  1.300000e+00  2.800000e+00  0.000000e+00
    endloop
  endfacet
  facet normal  9.801831e-02 -9.951847e-01  0.000000e+00
    outer loop
      vertex  2.507365e+00  4.271178e+00  1.500000e+00
      vertex  2.800000e+00  4.300000e+00  0.000000e+00
      vertex  2.800000e+00  4.300000e+00  1.500000e+00
    endloop
  endfacet
  facet normal -9.801831e-02 -9.951847e-01  -0.000000e+00
    outer loop
      vertex  2.800000e+00  4.300000e+00  1.500000e+00
      vertex  2.800000e+00  4.300000e+00  0.000000e+00
      vertex  3.092635e+00  4.271178e+00  0.000000e+00
    endloop
  endfacet
  facet normal -9.801831e-02 -9.951847e-01  0.000000e+00
    outer loop
      vertex  2.800000e+00  4.300000e+00  1.500000e+00
      vertex  3.092635e+00  4.271178e+00  0.000000e+00
      vertex  3.092635e+00  4.271178e+00  1.500000e+00
    endloop
  endfacet
  facet normal -2.902846e-01 -9.569404e-01  -0.000000e+00
    outer loop
      vertex  3.092635e+00  4.271178e+00  1.500000e+00
      vertex  3.092635e+00  4.271178e+00  0.000000e+00
      vertex  3.374025e+00  4.185819e+00  0.000000e+00
    endloop
  endfacet
  facet normal -2.902846e-01 -9.569404e-01  0.000000e+00
    outer loop
      vertex  3.092635e+00  4.271178e+00  1.500000e+00
      vertex  3.374025e+00  4.185819e+00  0.000000e+00
      vertex  3.374025e+00  4.185819e+00  1.500000e+00
    endloop
  endfacet
  facet normal -4.713961e-01 -8.819216e-01  -0.000000e+00
    outer loop
      vertex  3.374025e+00  4.185819e+00  1.500000e+00
      vertex  3.374025e+00  4.185819e+00  0.000000e+00
      vertex  3.633355e+00  4.047204e+00  0.000000e+00
    endloop
  endfacet
  facet normal -4.713961e-01 -8.819216e-01  0.000000e+00
    outer loop
      vertex  3.374025e+00  4.185819e+00  1.500000e+00
      vertex  3.633355e+00  4.047204e+00  0.000000e+00
      vertex  3.633355e+00  4.047204e+00  1.500000e+00
    endloop
  endfacet
  facet normal -6.343939e-01 -7.730100e-01  -0.000000e+00
    outer loop
      vertex  3.633355e+00  4.047204e+00  1.500000e+00
      vertex  3.633355e+00  4.047204e+00  0.000000e+00
      vertex  3.860660e+00  3.860660e+00  0.000000e+00
    endloop
  endfacet
  facet normal -6.343939e-01 -7.730100e-01  0.000000e+00
    outer loop
      vertex  3.633355e+00  4.047204e+00  1.500000e+00
      vertex  3.860660e+00  3.860660e+00  0.000000e+00
      vertex  3.860660e+00  3.860660e+00  1.500000e+00
    endloop
  endfacet
  facet normal -7.730100e-01 -6.343939e-01  -0.000000e+00
    outer loop
      vertex  3.860660e+00  3.860660e+00  1.500000e+00
      vertex  3.860660e+00  3.860660e+00  0.000000e+00
      vertex  4.047204e+00  3.633355e+00  0.000000e+00
    endloop
  endfacet
  facet normal -7.730100e-01 -6.343939e-01  0.000000e+00
    outer loop
      vertex  3.860660e+00  3.860660e+00  1.500000e+00
      vertex  4.047204e+00  3.633355e+00  0.000000e+00
      vertex  4.047204e+00  3.633355e+00  1.500000e+00
    endloop
  endfacet
  facet normal -8.819216e-01 -4.713961e-01  -0.000000e+00
    outer loop
      vertex  4.047204e+00  3.633355e+00  1.500000e+00
      vertex  4.047204e+00  3.633355e+00  0.000000e+00
      vertex  4.185819e+00  3.374025e+00  0.000000e+00
    endloop
  endfacet
  facet normal -8.819216e-01 -4.713961e-01  0.000000e+00
    outer loop
      vertex  4.047204e+00  3.633355e+00  1.500000e+00
      vertex  4.185819e+00  3.374025e+00  0.000000e+00
      vertex  4.185819e+00  3.374025e+00  1.500000e+00
    endloop
  endfacet
  facet normal -9.569404e-01 -2.902846e-01  -0.000000e+00
    outer loop
      vertex  4.185819e+00  3.374025e+00  1.500000e+00
      vertex  4.185819e+00  3.374025e+00  0.000000e+00
      vertex  4.271178e+00  3.092635e+00  0.000000e+00
    endloop
  endfacet
  facet normal -9.569404e-01 -2.902846e-01  0.000000e+00
    outer loop
      vertex  4.185819e+00  3.374025e+00  1.500000e+00
      vertex  4.271178e+00  3.092635e+00  0.000000e+00
      vertex  4.271178e+00  3.092635e+00  1.500000e+00
    endloop
  endfacet
  facet normal -9.951847e-01 -9.801831e-02  -0.000000e+00
    outer loop
      vertex  4.271178e+00  3.092635e+00  1.500000e+00
      vertex  4.271178e+00  3.092635e+00  0.000000e+00
      vertex  4.300000e+00  2.800000e+00  0.000000e+00
    endloop
  endfacet
  facet normal -9.951847e-01 -9.801831e-02  0.000000e+00
    outer loop
      vertex  4.271178e+00  3.092635e+00  1.500000e+00
      vertex  4.300000e+00  2.800000e+00  0.000000e+00
      vertex  4.300000e+00  2.800000e+00  1.500000e+00
    endloop
  endfacet
  facet normal -9.801750e-02  9.951847e-01  0.000000e+00
    outer loop
      vertex  2.800000e+00  1.300000e+00  0.000000e+00
      vertex  3.092635e+00  1.328822e+00  1.500000e+00
      vertex  3.092635e+00  1.328822e+00  0.000000e+00
    endloop
  endfacet
  facet normal -2.902846e-01  9.569404e-01  0.000000e+00
    outer loop
      vertex  3.092635e+00  1.328822e+00  0.000000e+00
      vertex  3.092635e+00  1.328822e+00  1.500000e+00
      vertex  3.374025e+00  1.414181e+00  1.500000e+00
    endloop
  endfacet
  facet normal -2.902846e-01  9.569404e-01  0.000000e+00
    outer loop
      vertex  3.092635e+00  1.328822e+00  0.000000e+00
      vertex  3.374025e+00  1.414181e+00  1.500000e+00
      vertex  3.374025e+00  1.414181e+00  0.000000e+00
    endloop
  endfacet
  facet normal -4.713964e-01  8.819215e-01  0.000000e+00
    outer loop
      vertex  3.374025e+00  1.414181e+00  0.000000e+00
      vertex  3.374025e+00  1.414181e+00  1.500000e+00
      vertex  3.633355e+00  1.552796e+00  1.500000e+00
    endloop
  endfacet
  facet normal -4.713964e-01  8.819215e-01  0.000000e+00
    outer loop
      vertex  3.374025e+00  1.414181e+00  0.000000e+00
      vertex  3.633355e+00  1.552796e+00  1.500000e+00
      vertex  3.633355e+00  1.552796e+00  0.000000e+00
    endloop
  endfacet
  facet normal -6.343936e-01  7.730103e-01  0.000000e+00
    outer loop
      vertex  3.633355e+00  1.552796e+00  0.000000e+00
      vertex  3.633355e+00  1.552796e+00  1.500000e+00
      vertex  3.860660e+00  1.739340e+00  1.500000e+00
    endloop
  endfacet
  facet normal -6.343936e-01  7.730103e-01  0.000000e+00
    outer loop
      vertex  3.633355e+00  1.552796e+00  0.000000e+00
      vertex  3.860660e+00  1.739340e+00  1.500000e+00
      vertex  3.860660e+00  1.739340e+00  0.000000e+00
    endloop
  endfacet
  facet normal -7.730102e-01  6.343936e-01  0.000000e+00
    outer loop
      vertex  3.860660e+00  1.739340e+00  0.000000e+00
      vertex  3.860660e+00  1.739340e+00  1.500000e+00
      vertex  4.047204e+00  1.966645e+00  1.500000e+00
    endloop
  endfacet
  facet normal -7.730102e-01  6.343936e-01  0.000000e+00
    outer loop
      vertex  3.860660e+00  1.739340e+00  0.000000e+00
      vertex  4.047204e+00  1.966645e+00  1.500000e+00
      vertex  4.047204e+00  1.966645e+00  0.000000e+00
    endloop
  endfacet
  facet normal -8.819215e-01  4.713962e-01  0.000000e+00
    outer loop
      vertex  4.047204e+00  1.966645e+00  0.000000e+00
      vertex  4.047204e+00  1.966645e+00  1.500000e+00
      vertex  4.185819e+00  2.225975e+00  1.500000e+00
    endloop
  endfacet
  facet normal -8.819215e-01  4.713962e-01  0.000000e+00
    outer loop
      vertex  4.047204e+00  1.966645e+00  0.000000e+00
      vertex  4.185819e+00  2.225975e+00  1.500000e+00
      vertex  4.185819e+00  2.225975e+00  0.000000e+00
    endloop
  endfacet
  facet normal -9.569404e-01  2.902846e-01  0.000000e+00
    outer loop
      vertex  4.185819e+00  2.225975e+00  0.000000e+00
      vertex  4.185819e+00  2.225975e+00  1.500000e+00
      vertex  4.271178e+00  2.507365e+00  1.500000e+00
    endloop
  endfacet
  facet normal -9.569404e-01  2.902846e-01  0.000000e+00
    outer loop
      vertex  4.185819e+00  2.225975e+00  0.000000e+00
      vertex  4.271178e+00  2.507365e+00  1.500000e+00
      vertex  4.271178e+00  2.507365e+00  0.000000e+00
    endloop
  endfacet
  facet normal -9.951847e-01  9.801831e-02  0.000000e+00
    outer loop
      vertex  4.271178e+00  2.507365e+00  0.000000e+00
      vertex  4.271178e+00  2.507365e+00  1.500000e+00
      vertex  4.300000e+00  2.800000e+00  1.500000e+00
    endloop
  endfacet
  facet normal -9.951847e-01  9.801831e-02  0.000000e+00
    outer loop
      vertex  4.271178e+00  2.507365e+00  0.000000e+00
      vertex  4.300000e+00  2.800000e+00  1.500000e+00
      vertex  4.300000e+00  2.800000e+00  0.000000e+00
    endloop
  endfacet
  facet normal -9.801750e-02  9.951847e-01  0.000000e+00
    outer loop
      vertex  3.092635e+00  1.328822e+00  1.500000e+00
      vertex  2.800000e+00  1.300000e+00  0.000000e+00
      vertex  2.800000e+00  1.300000e+00  1.500000e+00
    endloop
  endfacet
  facet normal  9.801750e-02  9.951847e-01  0.000000e+00
    outer loop
      vertex  2.800000e+00  1.300000e+00  1.500000e+00
      vertex  2.800000e+00  1.300000e+00  0.000000e+00
      vertex  2.507365e+00  1.328822e+00  0.000000e+00
    endloop
  endfacet
  facet normal  9.801750e-02  9.951847e-01  -0.000000e+00
    outer loop
      vertex  2.800000e+00  1.300000e+00  1.500000e+00
      vertex  2.507365e+00  1.328822e+00  0.000000e+00
      vertex  2.507365e+00  1.328822e+00  1.500000e+00
    endloop
  endfacet
  facet normal  2.902846e-01  9.569404e-01  0.000000e+00
    outer loop
      vertex  2.507365e+00  1.328822e+00  1.500000e+00
      vertex  2.507365e+00  1.328822e+00  0.000000e+00
      vertex  2.225975e+00  1.414181e+00  0.000000e+00
    endloop
  endfacet
  facet normal  2.902846e-01  9.569404e-01  -0.000000e+00
    outer loop
      vertex  2.507365e+00  1.328822e+00  1.500000e+00
      vertex  2.225975e+00  1.414181e+00  0.000000e+00
      vertex  2.225975e+00  1.414181e+00  1.500000e+00
    endloop
  endfacet
  facet normal  4.713965e-01  8.819214e-01  0.000000e+00
    outer loop
      vertex  2.225975e+00  1.414181e+00  1.500000e+00
      vertex  2.225975e+00  1.414181e+00  0.000000e+00
      vertex  1.966645e+00  1.552796e+00  0.000000e+00
    endloop
  endfacet
  facet normal  4.713965e-01  8.819214e-01  -0.000000e+00
    outer loop
      vertex  2.225975e+00  1.414181e+00  1.500000e+00
      vertex  1.966645e+00  1.552796e+00  0.000000e+00
      vertex  1.966645e+00  1.552796e+00  1.500000e+00
    endloop
  endfacet
  facet normal  6.343934e-01  7.730103e-01  0.000000e+00
    outer loop
      vertex  1.966645e+00  1.552796e+00  1.500000e+00
      vertex  1.966645e+00  1.552796e+00  0.000000e+00
      vertex  1.739340e+00  1.739340e+00  0.000000e+00
    endloop
  endfacet
  facet normal  6.343934e-01  7.730103e-01  -0.000000e+00
    outer loop
      vertex  1.966645e+00  1.552796e+00  1.500000e+00
      vertex  1.739340e+00  1.739340e+00  0.000000e+00
      vertex  1.739340e+00  1.739340e+00  1.500000e+00
    endloop
  endfacet
  facet normal  7.730103e-01  6.343934e-01  0.000000e+00
    outer loop
      vertex  1.739340e+00  1.739340e+00  1.500000e+00
      vertex  1.739340e+00  1.739340e+00  0.000000e+00
      vertex  1.552796e+00  1.966645e+00  0.000000e+00
    endloop
  endfacet
  facet normal  7.730103e-01  6.343934e-01  -0.000000e+00
    outer loop
      vertex  1.739340e+00  1.739340e+00  1.500000e+00
      vertex  1.552796e+00  1.966645e+00  0.000000e+00
      vertex  1.552796e+00  1.966645e+00  1.500000e+00
    endloop
  endfacet
  facet normal  8.819214e-01  4.713965e-01  0.000000e+00
    outer loop
      vertex  1.552796e+00  1.966645e+00  1.500000e+00
      vertex  1.552796e+00  1.966645e+00  0.000000e+00
      vertex  1.414181e+00  2.225975e+00  0.000000e+00
    endloop
  endfacet
  facet normal  8.819214e-01  4.713965e-01  -0.000000e+00
    outer loop
      vertex  1.552796e+00  1.966645e+00  1.500000e+00
      vertex  1.414181e+00  2.225975e+00  0.000000e+00
      vertex  1.414181e+00  2.225975e+00  1.500000e+00
    endloop
  endfacet
  facet normal  9.569404e-01  2.902846e-01  0.000000e+00
    outer loop
      vertex  1.414181e+00  2.225975e+00  1.500000e+00
      vertex  1.414181e+00  2.225975e+00  0.000000e+00
      vertex  1.328822e+00  2.507365e+00  0.000000e+00
    endloop
  endfacet
  facet normal  9.569404e-01  2.902846e-01  -0.000000e+00
    outer loop
      vertex  1.414181e+00  2.225975e+00  1.500000e+00
      vertex  1.328822e+00  2.507365e+00  0.000000e+00
      vertex  1.328822e+00  2.507365e+00  1.500000e+00
    endloop
  endfacet
  facet normal  9.951847e-01  9.801750e-02  0.000000e+00
    outer loop
      vertex  1.328822e+00  2.507365e+00  1.500000e+00
      vertex  1.328822e+00  2.507365e+00  0.000000e+00
      vertex  1.300000e+00  2.800000e+00  0.000000e+00
    endloop
  endfacet
  facet normal  9.951847e-01  9.801750e-02  -0.000000e+00
    outer loop
      vertex  1.328822e+00  2.507365e+00  1.500000e+00
      vertex  1.300000e+00  2.800000e+00  0.000000e+00
      vertex  1.300000e+00  2.800000e+00  1.500000e+00
    endloop
  endfacet
  facet normal -7.845912e-02 -9.969174e-01  -0.000000e+00
    outer loop
      vertex  2.800000e+00  0.000000e+00  0.000000e+00
      vertex  2.800000e+00  0.000000e+00  1.500000e+00
      vertex  2.361984e+00  3.447265e-02  0.000000e+00
    endloop
  endfacet
  facet normal -7.845912e-02 -9.969174e-01  0.000000e+00
    outer loop
      vertex  2.361984e+00  3.447265e-02  0.000000e+00
      vertex  2.800000e+00  0.000000e+00  1.500000e+00
      vertex  2.361984e+00  3.447265e-02  1.500000e+00
    endloop
  endfacet
  facet normal -2.334454e-01 -9.723699e-01  -0.000000e+00
    outer loop
      vertex  2.361984e+00  3.447265e-02  0.000000e+00
      vertex  2.361984e+00  3.447265e-02  1.500000e+00
      vertex  1.934752e+00  1.370417e-01  0.000000e+00
    endloop
  endfacet
  facet normal -2.334454e-01 -9.723699e-01  0.000000e+00
    outer loop
      vertex  1.934752e+00  1.370417e-01  0.000000e+00
      vertex  2.361984e+00  3.447265e-02  1.500000e+00
      vertex  1.934752e+00  1.370417e-01  1.500000e+00
    endloop
  endfacet
  facet normal -3.826834e-01 -9.238796e-01  -0.000000e+00
    outer loop
      vertex  1.934752e+00  1.370417e-01  0.000000e+00
      vertex  1.934752e+00  1.370417e-01  1.500000e+00
      vertex  1.528827e+00  3.051817e-01  0.000000e+00
    endloop
  endfacet
  facet normal -3.826834e-01 -9.238796e-01  0.000000e+00
    outer loop
      vertex  1.528827e+00  3.051817e-01  0.000000e+00
      vertex  1.934752e+00  1.370417e-01  1.500000e+00
      vertex  1.528827e+00  3.051817e-01  1.500000e+00
    endloop
  endfacet
  facet normal -5.224985e-01 -8.526402e-01  -0.000000e+00
    outer loop
      vertex  1.528827e+00  3.051817e-01  0.000000e+00
      vertex  1.528827e+00  3.051817e-01  1.500000e+00
      vertex  1.154201e+00  5.347524e-01  0.000000e+00
    endloop
  endfacet
  facet normal -5.224985e-01 -8.526402e-01  0.000000e+00
    outer loop
      vertex  1.154201e+00  5.347524e-01  0.000000e+00
      vertex  1.528827e+00  3.051817e-01  1.500000e+00
      vertex  1.154201e+00  5.347524e-01  1.500000e+00
    endloop
  endfacet
  facet normal -6.494480e-01 -7.604059e-01  -0.000000e+00
    outer loop
      vertex  1.154201e+00  5.347524e-01  0.000000e+00
      vertex  1.154201e+00  5.347524e-01  1.500000e+00
      vertex  8.201010e-01  8.201010e-01  0.000000e+00
    endloop
  endfacet
  facet normal -6.494480e-01 -7.604059e-01  0.000000e+00
    outer loop
      vertex  8.201010e-01  8.201010e-01  0.000000e+00
      vertex  1.154201e+00  5.347524e-01  1.500000e+00
      vertex  8.201010e-01  8.201010e-01  1.500000e+00
    endloop
  endfacet
  facet normal -7.604059e-01 -6.494480e-01  -0.000000e+00
    outer loop
      vertex  8.201010e-01  8.201010e-01  0.000000e+00
      vertex  8.201010e-01  8.201010e-01  1.500000e+00
      vertex  5.347524e-01  1.154201e+00  0.000000e+00
    endloop
  endfacet
  facet normal -7.604059e-01 -6.494480e-01  0.000000e+00
    outer loop
      vertex  5.347524e-01  1.154201e+00  0.000000e+00
      vertex  8.201010e-01  8.201010e-01  1.500000e+00
      vertex  5.347524e-01  1.154201e+00  1.500000e+00
    endloop
  endfacet
  facet normal -8.526402e-01 -5.224985e-01  -0.000000e+00
    outer loop
      vertex  5.347524e-01  1.154201e+00  0.000000e+00
      vertex  5.347524e-01  1.154201e+00  1.500000e+00
      vertex  3.051817e-01  1.528827e+00  0.000000e+00
    endloop
  endfacet
  facet normal -8.526402e-01 -5.224985e-01  0.000000e+00
    outer loop
      vertex  3.051817e-01  1.528827e+00  0.000000e+00
      vertex  5.347524e-01  1.154201e+00  1.500000e+00
      vertex  3.051817e-01  1.528827e+00  1.500000e+00
    endloop
  endfacet
  facet normal -9.238796e-01 -3.826834e-01  -0.000000e+00
    outer loop
      vertex  3.051817e-01  1.528827e+00  0.000000e+00
      vertex  3.051817e-01  1.528827e+00  1.500000e+00
      vertex  1.370417e-01  1.934752e+00  0.000000e+00
    endloop
  endfacet
  facet normal -9.238796e-01 -3.826834e-01  0.000000e+00
    outer loop
      vertex  1.370417e-01  1.934752e+00  0.000000e+00
      vertex  3.051817e-01  1.528827e+00  1.500000e+00
      vertex  1.370417e-01  1.934752e+00  1.500000e+00
    endloop
  endfacet
  facet normal -9.723699e-01 -2.334454e-01  -0.000000e+00
    outer loop
      vertex  1.370417e-01  1.934752e+00  0.000000e+00
      vertex  1.370417e-01  1.934752e+00  1.500000e+00
      vertex  3.447265e-02  2.361984e+00  0.000000e+00
    endloop
  endfacet
  facet normal -9.723699e-01 -2.334454e-01  0.000000e+00
    outer loop
      vertex  3.447265e-02  2.361984e+00  0.000000e+00
      vertex  1.370417e-01  1.934752e+00  1.500000e+00
      vertex  3.447265e-02  2.361984e+00  1.500000e+00
    endloop
  endfacet
  facet normal -9.969174e-01 -7.845912e-02  -0.000000e+00
    outer loop
      vertex  3.447265e-02  2.361984e+00  0.000000e+00
      vertex  3.447265e-02  2.361984e+00  1.500000e+00
      vertex  0.000000e+00  2.800000e+00  0.000000e+00
    endloop
  endfacet
  facet normal -9.969174e-01 -7.845912e-02  0.000000e+00
    outer loop
      vertex  0.000000e+00  2.800000e+00  0.000000e+00
      vertex  3.447265e-02  2.361984e+00  1.500000e+00
      vertex  0.000000e+00  2.800000e+00  1.500000e+00
    endloop
  endfacet
  facet normal -1.000000e+00  4.396923e-17  0.000000e+00
    outer loop
      vertex  8.881784e-16  2.300000e+01  1.500000e+00
      vertex  8.881784e-16  2.300000e+01  0.000000e+00
      vertex  0.000000e+00  2.800000e+00  1.500000e+00
    endloop
  endfacet
  facet normal -1.000000e+00  4.396923e-17  0.000000e+00
    outer loop
      vertex  0.000000e+00  2.800000e+00  1.500000e+00
      vertex  8.881784e-16  2.300000e+01  0.000000e+00
      vertex  0.000000e+00  2.800000e+00  0.000000e+00
    endloop
  endfacet
  facet normal -9.969174e-01  7.845904e-02  0.000000e+00
    outer loop
      vertex  8.881784e-16  2.300000e+01  0.000000e+00
      vertex  8.881784e-16  2.300000e+01  1.500000e+00
      vertex  3.447265e-02  2.343802e+01  0.000000e+00
    endloop
  endfacet
  facet normal -9.969174e-01  7.845904e-02  0.000000e+00
    outer loop
      vertex  3.447265e-02  2.343802e+01  0.000000e+00
      vertex  8.881784e-16  2.300000e+01  1.500000e+00
      vertex  3.447265e-02  2.343802e+01  1.500000e+00
    endloop
  endfacet
  facet normal -9.723698e-01  2.334455e-01  0.000000e+00
    outer loop
      vertex  3.447265e-02  2.343802e+01  0.000000e+00
      vertex  3.447265e-02  2.343802e+01  1.500000e+00
      vertex  1.370417e-01  2.386525e+01  0.000000e+00
    endloop
  endfacet
  facet normal -9.723698e-01  2.334455e-01  0.000000e+00
    outer loop
      vertex  1.370417e-01  2.386525e+01  0.000000e+00
      vertex  3.447265e-02  2.343802e+01  1.500000e+00
      vertex  1.370417e-01  2.386525e+01  1.500000e+00
    endloop
  endfacet
  facet normal -9.238794e-01  3.826835e-01  0.000000e+00
    outer loop
      vertex  1.370417e-01  2.386525e+01  0.000000e+00
      vertex  1.370417e-01  2.386525e+01  1.500000e+00
      vertex  3.051817e-01  2.427117e+01  0.000000e+00
    endloop
  endfacet
  facet normal -9.238794e-01  3.826835e-01  0.000000e+00
    outer loop
      vertex  3.051817e-01  2.427117e+01  0.000000e+00
      vertex  1.370417e-01  2.386525e+01  1.500000e+00
      vertex  3.051817e-01  2.427117e+01  1.500000e+00
    endloop
  endfacet
  facet normal -8.526407e-01  5.224977e-01  0.000000e+00
    outer loop
      vertex  3.051817e-01  2.427117e+01  0.000000e+00
      vertex  3.051817e-01  2.427117e+01  1.500000e+00
      vertex  5.347524e-01  2.464580e+01  0.000000e+00
    endloop
  endfacet
  facet normal -8.526407e-01  5.224977e-01  0.000000e+00
    outer loop
      vertex  5.347524e-01  2.464580e+01  0.000000e+00
      vertex  3.051817e-01  2.427117e+01  1.500000e+00
      vertex  5.347524e-01  2.464580e+01  1.500000e+00
    endloop
  endfacet
  facet normal -7.604046e-01  6.494498e-01  0.000000e+00
    outer loop
      vertex  5.347524e-01  2.464580e+01  0.000000e+00
      vertex  5.347524e-01  2.464580e+01  1.500000e+00
      vertex  8.201010e-01  2.497990e+01  0.000000e+00
    endloop
  endfacet
  facet normal -7.604046e-01  6.494498e-01  0.000000e+00
    outer loop
      vertex  8.201010e-01  2.497990e+01  0.000000e+00
      vertex  5.347524e-01  2.464580e+01  1.500000e+00
      vertex  8.201010e-01  2.497990e+01  1.500000e+00
    endloop
  endfacet
  facet normal -6.494485e-01  7.604056e-01  0.000000e+00
    outer loop
      vertex  8.201010e-01  2.497990e+01  0.000000e+00
      vertex  8.201010e-01  2.497990e+01  1.500000e+00
      vertex  1.154201e+00  2.526525e+01  0.000000e+00
    endloop
  endfacet
  facet normal -6.494485e-01  7.604056e-01  0.000000e+00
    outer loop
      vertex  1.154201e+00  2.526525e+01  0.000000e+00
      vertex  8.201010e-01  2.497990e+01  1.500000e+00
      vertex  1.154201e+00  2.526525e+01  1.500000e+00
    endloop
  endfacet
  facet normal -5.224981e-01  8.526405e-01  0.000000e+00
    outer loop
      vertex  1.154201e+00  2.526525e+01  0.000000e+00
      vertex  1.154201e+00  2.526525e+01  1.500000e+00
      vertex  1.528827e+00  2.549482e+01  0.000000e+00
    endloop
  endfacet
  facet normal -5.224981e-01  8.526405e-01  0.000000e+00
    outer loop
      vertex  1.528827e+00  2.549482e+01  0.000000e+00
      vertex  1.154201e+00  2.526525e+01  1.500000e+00
      vertex  1.528827e+00  2.549482e+01  1.500000e+00
    endloop
  endfacet
  facet normal -3.826842e-01  9.238792e-01  0.000000e+00
    outer loop
      vertex  1.528827e+00  2.549482e+01  0.000000e+00
      vertex  1.528827e+00  2.549482e+01  1.500000e+00
      vertex  1.934752e+00  2.566296e+01  0.000000e+00
    endloop
  endfacet
  facet normal -3.826842e-01  9.238792e-01  0.000000e+00
    outer loop
      vertex  1.934752e+00  2.566296e+01  0.000000e+00
      vertex  1.528827e+00  2.549482e+01  1.500000e+00
      vertex  1.934752e+00  2.566296e+01  1.500000e+00
    endloop
  endfacet
  facet normal -2.334464e-01  9.723697e-01  0.000000e+00
    outer loop
      vertex  1.934752e+00  2.566296e+01  0.000000e+00
      vertex  1.934752e+00  2.566296e+01  1.500000e+00
      vertex  2.361984e+00  2.576553e+01  0.000000e+00
    endloop
  endfacet
  facet normal -2.334464e-01  9.723697e-01  0.000000e+00
    outer loop
      vertex  2.361984e+00  2.576553e+01  0.000000e+00
      vertex  1.934752e+00  2.566296e+01  1.500000e+00
      vertex  2.361984e+00  2.576553e+01  1.500000e+00
    endloop
  endfacet
  facet normal -7.845654e-02  9.969175e-01  0.000000e+00
    outer loop
      vertex  2.361984e+00  2.576553e+01  0.000000e+00
      vertex  2.361984e+00  2.576553e+01  1.500000e+00
      vertex  2.800000e+00  2.580000e+01  0.000000e+00
    endloop
  endfacet
  facet normal -7.845654e-02  9.969175e-01  0.000000e+00
    outer loop
      vertex  2.800000e+00  2.580000e+01  0.000000e+00
      vertex  2.361984e+00  2.576553e+01  1.500000e+00
      vertex  2.800000e+00  2.580000e+01  1.500000e+00
    endloop
  endfacet
  facet normal  0.000000e+00  1.000000e+00  -0.000000e+00
    outer loop
      vertex  5.670000e+01  2.580000e+01  1.500000e+00
      vertex  5.670000e+01  2.580000e+01  0.000000e+00
      vertex  2.800000e+00  2.580000e+01  1.500000e+00
    endloop
  endfacet
  facet normal  0.000000e+00  1.000000e+00  0.000000e+00
    outer loop
      vertex  2.800000e+00  2.580000e+01  1.500000e+00
      vertex  5.670000e+01  2.580000e+01  0.000000e+00
      vertex  2.800000e+00  2.580000e+01  0.000000e+00
    endloop
  endfacet
  facet normal  7.845680e-02  9.969175e-01  0.000000e+00
    outer loop
      vertex  5.670000e+01  2.580000e+01  0.000000e+00
      vertex  5.670000e+01  2.580000e+01  1.500000e+00
      vertex  5.713802e+01  2.576553e+01  0.000000e+00
    endloop
  endfacet
  facet normal  7.845680e-02  9.969175e-01  -0.000000e+00
    outer loop
      vertex  5.713802e+01  2.576553e+01  0.000000e+00
      vertex  5.670000e+01  2.580000e+01  1.500000e+00
      vertex  5.713802e+01  2.576553e+01  1.500000e+00
    endloop
  endfacet
  facet normal  2.334465e-01  9.723696e-01  0.000000e+00
    outer loop
      vertex  5.713802e+01  2.576553e+01  0.000000e+00
      vertex  5.713802e+01  2.576553e+01  1.500000e+00
      vertex  5.756525e+01  2.566296e+01  0.000000e+00
    endloop
  endfacet
  facet normal  2.334465e-01  9.723696e-01  -0.000000e+00
    outer loop
      vertex  5.756525e+01  2.566296e+01  0.000000e+00
      vertex  5.713802e+01  2.576553e+01  1.500000e+00
      vertex  5.756525e+01  2.566296e+01  1.500000e+00
    endloop
  endfacet
  facet normal  3.826844e-01  9.238792e-01  0.000000e+00
    outer loop
      vertex  5.756525e+01  2.566296e+01  0.000000e+00
      vertex  5.756525e+01  2.566296e+01  1.500000e+00
      vertex  5.797117e+01  2.549482e+01  0.000000e+00
    endloop
  endfacet
  facet normal  3.826844e-01  9.238792e-01  -0.000000e+00
    outer loop
      vertex  5.797117e+01  2.549482e+01  0.000000e+00
      vertex  5.756525e+01  2.566296e+01  1.500000e+00
      vertex  5.797117e+01  2.549482e+01  1.500000e+00
    endloop
  endfacet
  facet normal  5.224972e-01  8.526410e-01  0.000000e+00
    outer loop
      vertex  5.797117e+01  2.549482e+01  0.000000e+00
      vertex  5.797117e+01  2.549482e+01  1.500000e+00
      vertex  5.834580e+01  2.526525e+01  0.000000e+00
    endloop
  endfacet
  facet normal  5.224972e-01  8.526410e-01  -0.000000e+00
    outer loop
      vertex  5.834580e+01  2.526525e+01  0.000000e+00
      vertex  5.797117e+01  2.549482e+01  1.500000e+00
      vertex  5.834580e+01  2.526525e+01  1.500000e+00
    endloop
  endfacet
  facet normal  6.494501e-01  7.604042e-01  0.000000e+00
    outer loop
      vertex  5.834580e+01  2.526525e+01  0.000000e+00
      vertex  5.834580e+01  2.526525e+01  1.500000e+00
      vertex  5.867990e+01  2.497990e+01  0.000000e+00
    endloop
  endfacet
  facet normal  6.494501e-01  7.604042e-01  -0.000000e+00
    outer loop
      vertex  5.867990e+01  2.497990e+01  0.000000e+00
      vertex  5.834580e+01  2.526525e+01  1.500000e+00
      vertex  5.867990e+01  2.497990e+01  1.500000e+00
    endloop
  endfacet
  facet normal  7.604021e-01  6.494526e-01  0.000000e+00
    outer loop
      vertex  5.867990e+01  2.497990e+01  0.000000e+00
      vertex  5.867990e+01  2.497990e+01  1.500000e+00
      vertex  5.896525e+01  2.464580e+01  0.000000e+00
    endloop
  endfacet
  facet normal  7.604021e-01  6.494526e-01  -0.000000e+00
    outer loop
      vertex  5.896525e+01  2.464580e+01  0.000000e+00
      vertex  5.867990e+01  2.497990e+01  1.500000e+00
      vertex  5.896525e+01  2.464580e+01  1.500000e+00
    endloop
  endfacet
  facet normal  8.526430e-01  5.224941e-01  0.000000e+00
    outer loop
      vertex  5.896525e+01  2.464580e+01  0.000000e+00
      vertex  5.896525e+01  2.464580e+01  1.500000e+00
      vertex  5.919482e+01  2.427117e+01  0.000000e+00
    endloop
  endfacet
  facet normal  8.526430e-01  5.224941e-01  -0.000000e+00
    outer loop
      vertex  5.919482e+01  2.427117e+01  0.000000e+00
      vertex  5.896525e+01  2.464580e+01  1.500000e+00
      vertex  5.919482e+01  2.427117e+01  1.500000e+00
    endloop
  endfacet
  facet normal  9.238792e-01  3.826844e-01  0.000000e+00
    outer loop
      vertex  5.919482e+01  2.427117e+01  0.000000e+00
      vertex  5.919482e+01  2.427117e+01  1.500000e+00
      vertex  5.936296e+01  2.386525e+01  0.000000e+00
    endloop
  endfacet
  facet normal  9.238792e-01  3.826844e-01  -0.000000e+00
    outer loop
      vertex  5.936296e+01  2.386525e+01  0.000000e+00
      vertex  5.919482e+01  2.427117e+01  1.500000e+00
      vertex  5.936296e+01  2.386525e+01  1.500000e+00
    endloop
  endfacet
  facet normal  9.723696e-01  2.334465e-01  0.000000e+00
    outer loop
      vertex  5.936296e+01  2.386525e+01  0.000000e+00
      vertex  5.936296e+01  2.386525e+01  1.500000e+00
      vertex  5.946553e+01  2.343802e+01  0.000000e+00
    endloop
  endfacet
  facet normal  9.723696e-01  2.334465e-01  -0.000000e+00
    outer loop
      vertex  5.946553e+01  2.343802e+01  0.000000e+00
      vertex  5.936296e+01  2.386525e+01  1.500000e+00
      vertex  5.946553e+01  2.343802e+01  1.500000e+00
    endloop
  endfacet
  facet normal  9.969172e-01  7.846077e-02  0.000000e+00
    outer loop
      vertex  5.946553e+01  2.343802e+01  0.000000e+00
      vertex  5.946553e+01  2.343802e+01  1.500000e+00
      vertex  5.950000e+01  2.300000e+01  0.000000e+00
    endloop
  endfacet
  facet normal  9.969172e-01  7.846077e-02  -0.000000e+00
    outer loop
      vertex  5.950000e+01  2.300000e+01  0.000000e+00
      vertex  5.946553e+01  2.343802e+01  1.500000e+00
      vertex  5.950000e+01  2.300000e+01  1.500000e+00
    endloop
  endfacet
  facet normal  9.969172e-01 -7.846086e-02  0.000000e+00
    outer loop
      vertex  5.950000e+01  2.800000e+00  0.000000e+00
      vertex  5.950000e+01  2.800000e+00  1.500000e+00
      vertex  5.946553e+01  2.361984e+00  0.000000e+00
    endloop
  endfacet
  facet normal  9.969172e-01 -7.846086e-02  0.000000e+00
    outer loop
      vertex  5.946553e+01  2.361984e+00  0.000000e+00
      vertex  5.950000e+01  2.800000e+00  1.500000e+00
      vertex  5.946553e+01  2.361984e+00  1.500000e+00
    endloop
  endfacet
  facet normal  9.723697e-01 -2.334464e-01  0.000000e+00
    outer loop
      vertex  5.946553e+01  2.361984e+00  0.000000e+00
      vertex  5.946553e+01  2.361984e+00  1.500000e+00
      vertex  5.936296e+01  1.934752e+00  0.000000e+00
    endloop
  endfacet
  facet normal  9.723697e-01 -2.334464e-01  0.000000e+00
    outer loop
      vertex  5.936296e+01  1.934752e+00  0.000000e+00
      vertex  5.946553e+01  2.361984e+00  1.500000e+00
      vertex  5.936296e+01  1.934752e+00  1.500000e+00
    endloop
  endfacet
  facet normal  9.238792e-01 -3.826842e-01  0.000000e+00
    outer loop
      vertex  5.936296e+01  1.934752e+00  0.000000e+00
      vertex  5.936296e+01  1.934752e+00  1.500000e+00
      vertex  5.919482e+01  1.528827e+00  0.000000e+00
    endloop
  endfacet
  facet normal  9.238792e-01 -3.826842e-01  0.000000e+00
    outer loop
      vertex  5.919482e+01  1.528827e+00  0.000000e+00
      vertex  5.936296e+01  1.934752e+00  1.500000e+00
      vertex  5.919482e+01  1.528827e+00  1.500000e+00
    endloop
  endfacet
  facet normal  8.526425e-01 -5.224949e-01  0.000000e+00
    outer loop
      vertex  5.919482e+01  1.528827e+00  0.000000e+00
      vertex  5.919482e+01  1.528827e+00  1.500000e+00
      vertex  5.896525e+01  1.154201e+00  0.000000e+00
    endloop
  endfacet
  facet normal  8.526425e-01 -5.224949e-01  0.000000e+00
    outer loop
      vertex  5.896525e+01  1.154201e+00  0.000000e+00
      vertex  5.919482e+01  1.528827e+00  1.500000e+00
      vertex  5.896525e+01  1.154201e+00  1.500000e+00
    endloop
  endfacet
  facet normal  7.604035e-01 -6.494510e-01  0.000000e+00
    outer loop
      vertex  5.896525e+01  1.154201e+00  0.000000e+00
      vertex  5.896525e+01  1.154201e+00  1.500000e+00
      vertex  5.867990e+01  8.201010e-01  0.000000e+00
    endloop
  endfacet
  facet normal  7.604035e-01 -6.494510e-01  0.000000e+00
    outer loop
      vertex  5.867990e+01  8.201010e-01  0.000000e+00
      vertex  5.896525e+01  1.154201e+00  1.500000e+00
      vertex  5.867990e+01  8.201010e-01  1.500000e+00
    endloop
  endfacet
  facet normal  6.494498e-01 -7.604046e-01  0.000000e+00
    outer loop
      vertex  5.867990e+01  8.201010e-01  0.000000e+00
      vertex  5.867990e+01  8.201010e-01  1.500000e+00
      vertex  5.834580e+01  5.347524e-01  0.000000e+00
    endloop
  endfacet
  facet normal  6.494498e-01 -7.604046e-01  0.000000e+00
    outer loop
      vertex  5.834580e+01  5.347524e-01  0.000000e+00
      vertex  5.867990e+01  8.201010e-01  1.500000e+00
      vertex  5.834580e+01  5.347524e-01  1.500000e+00
    endloop
  endfacet
  facet normal  5.224977e-01 -8.526407e-01  0.000000e+00
    outer loop
      vertex  5.834580e+01  5.347524e-01  0.000000e+00
      vertex  5.834580e+01  5.347524e-01  1.500000e+00
      vertex  5.797117e+01  3.051817e-01  0.000000e+00
    endloop
  endfacet
  facet normal  5.224977e-01 -8.526407e-01  0.000000e+00
    outer loop
      vertex  5.797117e+01  3.051817e-01  0.000000e+00
      vertex  5.834580e+01  5.347524e-01  1.500000e+00
      vertex  5.797117e+01  3.051817e-01  1.500000e+00
    endloop
  endfacet
  facet normal  3.826835e-01 -9.238794e-01  0.000000e+00
    outer loop
      vertex  5.797117e+01  3.051817e-01  0.000000e+00
      vertex  5.797117e+01  3.051817e-01  1.500000e+00
      vertex  5.756525e+01  1.370417e-01  0.000000e+00
    endloop
  endfacet
  facet normal  3.826835e-01 -9.238794e-01  0.000000e+00
    outer loop
      vertex  5.756525e+01  1.370417e-01  0.000000e+00
      vertex  5.797117e+01  3.051817e-01  1.500000e+00
      vertex  5.756525e+01  1.370417e-01  1.500000e+00
    endloop
  endfacet
  facet normal  2.334455e-01 -9.723698e-01  0.000000e+00
    outer loop
      vertex  5.756525e+01  1.370417e-01  0.000000e+00
      vertex  5.756525e+01  1.370417e-01  1.500000e+00
      vertex  5.713802e+01  3.447265e-02  0.000000e+00
    endloop
  endfacet
  facet normal  2.334455e-01 -9.723698e-01  0.000000e+00
    outer loop
      vertex  5.713802e+01  3.447265e-02  0.000000e+00
      vertex  5.756525e+01  1.370417e-01  1.500000e+00
      vertex  5.713802e+01  3.447265e-02  1.500000e+00
    endloop
  endfacet
  facet normal  7.845937e-02 -9.969174e-01  0.000000e+00
    outer loop
      vertex  5.713802e+01  3.447265e-02  0.000000e+00
      vertex  5.713802e+01  3.447265e-02  1.500000e+00
      vertex  5.670000e+01  0.000000e+00  0.000000e+00
    endloop
  endfacet
  facet normal  7.845937e-02 -9.969174e-01  0.000000e+00
    outer loop
      vertex  5.670000e+01  0.000000e+00  0.000000e+00
      vertex  5.713802e+01  3.447265e-02  1.500000e+00
      vertex  5.670000e+01  0.000000e+00  1.500000e+00
    endloop
  endfacet
  facet normal  0.000000e+00 -1.000000e+00  0.000000e+00
    outer loop
      vertex  2.800000e+00  0.000000e+00  1.500000e+00
      vertex  2.800000e+00  0.000000e+00  0.000000e+00
      vertex  5.670000e+01  0.000000e+00  1.500000e+00
    endloop
  endfacet
  facet normal  0.000000e+00 -1.000000e+00  -0.000000e+00
    outer loop
      vertex  5.670000e+01  0.000000e+00  1.500000e+00
      vertex  2.800000e+00  0.000000e+00  0.000000e+00
      vertex  5.670000e+01  0.000000e+00  0.000000e+00
    endloop
  endfacet
endsolid CATIA STL
