solid CATIA STL
  facet normal  0.000000e+00  1.000000e+00  -0.000000e+00
    outer loop
      vertex  3.240000e+00  3.350000e+01  3.235000e+00
      vertex  3.240000e+00  3.350000e+01 -3.245000e+00
      vertex  2.025322e+00  3.350000e+01  4.028615e-01
    endloop
  endfacet
  facet normal  0.000000e+00  1.000000e+00  -0.000000e+00
    outer loop
      vertex  3.240000e+00  3.350000e+01  3.235000e+00
      vertex  2.025322e+00  3.350000e+01  4.028615e-01
      vertex  1.907811e+00  3.350000e+01  7.902413e-01
    endloop
  endfacet
  facet normal  0.000000e+00  9.999999e-01  -0.000000e+00
    outer loop
      vertex  3.240000e+00  3.350000e+01  3.235000e+00
      vertex  1.907811e+00  3.350000e+01  7.902413e-01
      vertex  1.716985e+00  3.350000e+01  1.147253e+00
    endloop
  endfacet
  facet normal  0.000000e+00  1.000000e+00  -0.000000e+00
    outer loop
      vertex  3.240000e+00  3.350000e+01  3.235000e+00
      vertex  1.716985e+00  3.350000e+01  1.147253e+00
      vertex  1.460176e+00  3.350000e+01  1.460176e+00
    endloop
  endfacet
  facet normal  0.000000e+00  1.000000e+00  -0.000000e+00
    outer loop
      vertex  3.240000e+00  3.350000e+01  3.235000e+00
      vertex  1.460176e+00  3.350000e+01  1.460176e+00
      vertex  1.147253e+00  3.350000e+01  1.716985e+00
    endloop
  endfacet
  facet normal  0.000000e+00  1.000000e+00  -0.000000e+00
    outer loop
      vertex  3.240000e+00  3.350000e+01  3.235000e+00
      vertex  1.147253e+00  3.350000e+01  1.716985e+00
      vertex  7.902413e-01  3.350000e+01  1.907811e+00
    endloop
  endfacet
  facet normal  0.000000e+00  1.000000e+00  -0.000000e+00
    outer loop
      vertex  3.240000e+00  3.350000e+01  3.235000e+00
      vertex  7.902413e-01  3.350000e+01  1.907811e+00
      vertex  4.028615e-01  3.350000e+01  2.025322e+00
    endloop
  endfacet
  facet normal  0.000000e+00  1.000000e+00  -0.000000e+00
    outer loop
      vertex  3.240000e+00  3.350000e+01  3.235000e+00
      vertex  4.028615e-01  3.350000e+01  2.025322e+00
      vertex -1.264448e-16  3.350000e+01  2.065000e+00
    endloop
  endfacet
  facet normal  0.000000e+00  1.000000e+00  -0.000000e+00
    outer loop
      vertex  3.240000e+00  3.350000e+01  3.235000e+00
      vertex -1.264448e-16  3.350000e+01  2.065000e+00
      vertex -3.240000e+00  3.350000e+01  3.235000e+00
    endloop
  endfacet
  facet normal  0.000000e+00  1.000000e+00  0.000000e+00
    outer loop
      vertex  3.240000e+00  3.350000e+01 -3.245000e+00
      vertex -3.240000e+00  3.350000e+01 -3.245000e+00
      vertex  3.793343e-16  3.350000e+01 -2.065000e+00
    endloop
  endfacet
  facet normal  -0.000000e+00  1.000000e+00  0.000000e+00
    outer loop
      vertex  3.240000e+00  3.350000e+01 -3.245000e+00
      vertex  3.793343e-16  3.350000e+01 -2.065000e+00
      vertex  4.028615e-01  3.350000e+01 -2.025322e+00
    endloop
  endfacet
  facet normal  -0.000000e+00  1.000000e+00  0.000000e+00
    outer loop
      vertex  3.240000e+00  3.350000e+01 -3.245000e+00
      vertex  4.028615e-01  3.350000e+01 -2.025322e+00
      vertex  7.902413e-01  3.350000e+01 -1.907811e+00
    endloop
  endfacet
  facet normal  -0.000000e+00  1.000000e+00  0.000000e+00
    outer loop
      vertex  3.240000e+00  3.350000e+01 -3.245000e+00
      vertex  7.902413e-01  3.350000e+01 -1.907811e+00
      vertex  1.147253e+00  3.350000e+01 -1.716985e+00
    endloop
  endfacet
  facet normal  -0.000000e+00  1.000000e+00  0.000000e+00
    outer loop
      vertex  3.240000e+00  3.350000e+01 -3.245000e+00
      vertex  1.147253e+00  3.350000e+01 -1.716985e+00
      vertex  1.460176e+00  3.350000e+01 -1.460176e+00
    endloop
  endfacet
  facet normal  -0.000000e+00  1.000000e+00  0.000000e+00
    outer loop
      vertex  3.240000e+00  3.350000e+01 -3.245000e+00
      vertex  1.460176e+00  3.350000e+01 -1.460176e+00
      vertex  1.716985e+00  3.350000e+01 -1.147253e+00
    endloop
  endfacet
  facet normal  -0.000000e+00  1.000000e+00  0.000000e+00
    outer loop
      vertex  3.240000e+00  3.350000e+01 -3.245000e+00
      vertex  1.716985e+00  3.350000e+01 -1.147253e+00
      vertex  1.907811e+00  3.350000e+01 -7.902413e-01
    endloop
  endfacet
  facet normal  -0.000000e+00  1.000000e+00  0.000000e+00
    outer loop
      vertex  3.240000e+00  3.350000e+01 -3.245000e+00
      vertex  1.907811e+00  3.350000e+01 -7.902413e-01
      vertex  2.025322e+00  3.350000e+01 -4.028615e-01
    endloop
  endfacet
  facet normal  -0.000000e+00  1.000000e+00  0.000000e+00
    outer loop
      vertex  3.240000e+00  3.350000e+01 -3.245000e+00
      vertex  2.025322e+00  3.350000e+01 -4.028615e-01
      vertex  2.065000e+00  3.350000e+01  2.528896e-16
    endloop
  endfacet
  facet normal  -0.000000e+00  9.999999e-01  -0.000000e+00
    outer loop
      vertex  3.240000e+00  3.350000e+01 -3.245000e+00
      vertex  2.065000e+00  3.350000e+01  2.528896e-16
      vertex  2.025322e+00  3.350000e+01  4.028615e-01
    endloop
  endfacet
  facet normal  0.000000e+00  9.999999e-01  0.000000e+00
    outer loop
      vertex -3.240000e+00  3.350000e+01 -3.245000e+00
      vertex -2.025322e+00  3.350000e+01  4.028615e-01
      vertex -2.065000e+00  3.350000e+01  0.000000e+00
    endloop
  endfacet
  facet normal  0.000000e+00  1.000000e+00  0.000000e+00
    outer loop
      vertex -3.240000e+00  3.350000e+01 -3.245000e+00
      vertex -2.065000e+00  3.350000e+01  0.000000e+00
      vertex -2.025322e+00  3.350000e+01 -4.028615e-01
    endloop
  endfacet
  facet normal  0.000000e+00  1.000000e+00  0.000000e+00
    outer loop
      vertex -3.240000e+00  3.350000e+01 -3.245000e+00
      vertex -2.025322e+00  3.350000e+01 -4.028615e-01
      vertex -1.907811e+00  3.350000e+01 -7.902413e-01
    endloop
  endfacet
  facet normal  0.000000e+00  1.000000e+00  0.000000e+00
    outer loop
      vertex -3.240000e+00  3.350000e+01 -3.245000e+00
      vertex -1.907811e+00  3.350000e+01 -7.902413e-01
      vertex -1.716985e+00  3.350000e+01 -1.147253e+00
    endloop
  endfacet
  facet normal  0.000000e+00  1.000000e+00  0.000000e+00
    outer loop
      vertex -3.240000e+00  3.350000e+01 -3.245000e+00
      vertex -1.716985e+00  3.350000e+01 -1.147253e+00
      vertex -1.460176e+00  3.350000e+01 -1.460176e+00
    endloop
  endfacet
  facet normal  0.000000e+00  1.000000e+00  0.000000e+00
    outer loop
      vertex -3.240000e+00  3.350000e+01 -3.245000e+00
      vertex -1.460176e+00  3.350000e+01 -1.460176e+00
      vertex -1.147253e+00  3.350000e+01 -1.716985e+00
    endloop
  endfacet
  facet normal  0.000000e+00  1.000000e+00  0.000000e+00
    outer loop
      vertex -3.240000e+00  3.350000e+01 -3.245000e+00
      vertex -1.147253e+00  3.350000e+01 -1.716985e+00
      vertex -7.902413e-01  3.350000e+01 -1.907811e+00
    endloop
  endfacet
  facet normal  0.000000e+00  1.000000e+00  0.000000e+00
    outer loop
      vertex -3.240000e+00  3.350000e+01 -3.245000e+00
      vertex -7.902413e-01  3.350000e+01 -1.907811e+00
      vertex -4.028615e-01  3.350000e+01 -2.025322e+00
    endloop
  endfacet
  facet normal  0.000000e+00  1.000000e+00  0.000000e+00
    outer loop
      vertex -3.240000e+00  3.350000e+01 -3.245000e+00
      vertex -4.028615e-01  3.350000e+01 -2.025322e+00
      vertex  3.793343e-16  3.350000e+01 -2.065000e+00
    endloop
  endfacet
  facet normal  0.000000e+00  1.000000e+00  0.000000e+00
    outer loop
      vertex -3.240000e+00  3.350000e+01  3.235000e+00
      vertex -1.264448e-16  3.350000e+01  2.065000e+00
      vertex -4.028615e-01  3.350000e+01  2.025322e+00
    endloop
  endfacet
  facet normal  0.000000e+00  1.000000e+00  0.000000e+00
    outer loop
      vertex -3.240000e+00  3.350000e+01  3.235000e+00
      vertex -4.028615e-01  3.350000e+01  2.025322e+00
      vertex -7.902413e-01  3.350000e+01  1.907811e+00
    endloop
  endfacet
  facet normal  0.000000e+00  1.000000e+00  0.000000e+00
    outer loop
      vertex -3.240000e+00  3.350000e+01  3.235000e+00
      vertex -7.902413e-01  3.350000e+01  1.907811e+00
      vertex -1.147253e+00  3.350000e+01  1.716985e+00
    endloop
  endfacet
  facet normal  0.000000e+00  1.000000e+00  0.000000e+00
    outer loop
      vertex -3.240000e+00  3.350000e+01  3.235000e+00
      vertex -1.147253e+00  3.350000e+01  1.716985e+00
      vertex -1.460176e+00  3.350000e+01  1.460176e+00
    endloop
  endfacet
  facet normal  0.000000e+00  1.000000e+00  0.000000e+00
    outer loop
      vertex -3.240000e+00  3.350000e+01  3.235000e+00
      vertex -1.460176e+00  3.350000e+01  1.460176e+00
      vertex -1.716985e+00  3.350000e+01  1.147253e+00
    endloop
  endfacet
  facet normal  0.000000e+00  9.999999e-01  0.000000e+00
    outer loop
      vertex -3.240000e+00  3.350000e+01  3.235000e+00
      vertex -1.716985e+00  3.350000e+01  1.147253e+00
      vertex -1.907811e+00  3.350000e+01  7.902413e-01
    endloop
  endfacet
  facet normal  0.000000e+00  1.000000e+00  0.000000e+00
    outer loop
      vertex -3.240000e+00  3.350000e+01  3.235000e+00
      vertex -1.907811e+00  3.350000e+01  7.902413e-01
      vertex -2.025322e+00  3.350000e+01  4.028615e-01
    endloop
  endfacet
  facet normal  0.000000e+00  9.999999e-01  0.000000e+00
    outer loop
      vertex -3.240000e+00  3.350000e+01  3.235000e+00
      vertex -2.025322e+00  3.350000e+01  4.028615e-01
      vertex -3.240000e+00  3.350000e+01 -3.245000e+00
    endloop
  endfacet
  facet normal -9.951847e-01  -0.000000e+00 -9.801699e-02
    outer loop
      vertex -2.065000e+00  3.350000e+01  0.000000e+00
      vertex -2.065000e+00  4.150000e+01  0.000000e+00
      vertex -2.025322e+00  3.350000e+01 -4.028615e-01
    endloop
  endfacet
  facet normal -9.951847e-01  0.000000e+00 -9.801699e-02
    outer loop
      vertex -2.025322e+00  3.350000e+01 -4.028615e-01
      vertex -2.065000e+00  4.150000e+01  0.000000e+00
      vertex -2.025322e+00  4.150000e+01 -4.028615e-01
    endloop
  endfacet
  facet normal -9.569402e-01  -0.000000e+00 -2.902848e-01
    outer loop
      vertex -2.025322e+00  3.350000e+01 -4.028615e-01
      vertex -2.025322e+00  4.150000e+01 -4.028615e-01
      vertex -1.907811e+00  3.350000e+01 -7.902413e-01
    endloop
  endfacet
  facet normal -9.569402e-01  0.000000e+00 -2.902848e-01
    outer loop
      vertex -1.907811e+00  3.350000e+01 -7.902413e-01
      vertex -2.025322e+00  4.150000e+01 -4.028615e-01
      vertex -1.907811e+00  4.150000e+01 -7.902413e-01
    endloop
  endfacet
  facet normal -8.819212e-01  -0.000000e+00 -4.713968e-01
    outer loop
      vertex -1.907811e+00  3.350000e+01 -7.902413e-01
      vertex -1.907811e+00  4.150000e+01 -7.902413e-01
      vertex -1.716985e+00  3.350000e+01 -1.147253e+00
    endloop
  endfacet
  facet normal -8.819212e-01  0.000000e+00 -4.713968e-01
    outer loop
      vertex -1.716985e+00  3.350000e+01 -1.147253e+00
      vertex -1.907811e+00  4.150000e+01 -7.902413e-01
      vertex -1.716985e+00  4.150000e+01 -1.147253e+00
    endloop
  endfacet
  facet normal -7.730104e-01  -0.000000e+00 -6.343933e-01
    outer loop
      vertex -1.716985e+00  3.350000e+01 -1.147253e+00
      vertex -1.716985e+00  4.150000e+01 -1.147253e+00
      vertex -1.460176e+00  3.350000e+01 -1.460176e+00
    endloop
  endfacet
  facet normal -7.730104e-01  0.000000e+00 -6.343933e-01
    outer loop
      vertex -1.460176e+00  3.350000e+01 -1.460176e+00
      vertex -1.716985e+00  4.150000e+01 -1.147253e+00
      vertex -1.460176e+00  4.150000e+01 -1.460176e+00
    endloop
  endfacet
  facet normal -6.343933e-01  -0.000000e+00 -7.730104e-01
    outer loop
      vertex -1.460176e+00  3.350000e+01 -1.460176e+00
      vertex -1.460176e+00  4.150000e+01 -1.460176e+00
      vertex -1.147253e+00  3.350000e+01 -1.716985e+00
    endloop
  endfacet
  facet normal -6.343933e-01  0.000000e+00 -7.730104e-01
    outer loop
      vertex -1.147253e+00  3.350000e+01 -1.716985e+00
      vertex -1.460176e+00  4.150000e+01 -1.460176e+00
      vertex -1.147253e+00  4.150000e+01 -1.716985e+00
    endloop
  endfacet
  facet normal -4.713968e-01  -0.000000e+00 -8.819212e-01
    outer loop
      vertex -1.147253e+00  3.350000e+01 -1.716985e+00
      vertex -1.147253e+00  4.150000e+01 -1.716985e+00
      vertex -7.902413e-01  3.350000e+01 -1.907811e+00
    endloop
  endfacet
  facet normal -4.713968e-01  0.000000e+00 -8.819212e-01
    outer loop
      vertex -7.902413e-01  3.350000e+01 -1.907811e+00
      vertex -1.147253e+00  4.150000e+01 -1.716985e+00
      vertex -7.902413e-01  4.150000e+01 -1.907811e+00
    endloop
  endfacet
  facet normal -2.902848e-01  -0.000000e+00 -9.569402e-01
    outer loop
      vertex -7.902413e-01  3.350000e+01 -1.907811e+00
      vertex -7.902413e-01  4.150000e+01 -1.907811e+00
      vertex -4.028615e-01  3.350000e+01 -2.025322e+00
    endloop
  endfacet
  facet normal -2.902848e-01  0.000000e+00 -9.569402e-01
    outer loop
      vertex -4.028615e-01  3.350000e+01 -2.025322e+00
      vertex -7.902413e-01  4.150000e+01 -1.907811e+00
      vertex -4.028615e-01  4.150000e+01 -2.025322e+00
    endloop
  endfacet
  facet normal -9.801699e-02  -0.000000e+00 -9.951847e-01
    outer loop
      vertex -4.028615e-01  3.350000e+01 -2.025322e+00
      vertex -4.028615e-01  4.150000e+01 -2.025322e+00
      vertex  3.793343e-16  3.350000e+01 -2.065000e+00
    endloop
  endfacet
  facet normal -9.801699e-02  0.000000e+00 -9.951847e-01
    outer loop
      vertex  3.793343e-16  3.350000e+01 -2.065000e+00
      vertex -4.028615e-01  4.150000e+01 -2.025322e+00
      vertex  3.793343e-16  4.150000e+01 -2.065000e+00
    endloop
  endfacet
  facet normal  9.801699e-02  0.000000e+00 -9.951847e-01
    outer loop
      vertex  3.793343e-16  3.350000e+01 -2.065000e+00
      vertex  3.793343e-16  4.150000e+01 -2.065000e+00
      vertex  4.028615e-01  3.350000e+01 -2.025322e+00
    endloop
  endfacet
  facet normal  9.801699e-02  0.000000e+00 -9.951847e-01
    outer loop
      vertex  4.028615e-01  3.350000e+01 -2.025322e+00
      vertex  3.793343e-16  4.150000e+01 -2.065000e+00
      vertex  4.028615e-01  4.150000e+01 -2.025322e+00
    endloop
  endfacet
  facet normal  2.902848e-01  0.000000e+00 -9.569402e-01
    outer loop
      vertex  4.028615e-01  3.350000e+01 -2.025322e+00
      vertex  4.028615e-01  4.150000e+01 -2.025322e+00
      vertex  7.902413e-01  3.350000e+01 -1.907811e+00
    endloop
  endfacet
  facet normal  2.902848e-01  0.000000e+00 -9.569402e-01
    outer loop
      vertex  7.902413e-01  3.350000e+01 -1.907811e+00
      vertex  4.028615e-01  4.150000e+01 -2.025322e+00
      vertex  7.902413e-01  4.150000e+01 -1.907811e+00
    endloop
  endfacet
  facet normal  4.713968e-01  0.000000e+00 -8.819212e-01
    outer loop
      vertex  7.902413e-01  3.350000e+01 -1.907811e+00
      vertex  7.902413e-01  4.150000e+01 -1.907811e+00
      vertex  1.147253e+00  3.350000e+01 -1.716985e+00
    endloop
  endfacet
  facet normal  4.713968e-01  0.000000e+00 -8.819212e-01
    outer loop
      vertex  1.147253e+00  3.350000e+01 -1.716985e+00
      vertex  7.902413e-01  4.150000e+01 -1.907811e+00
      vertex  1.147253e+00  4.150000e+01 -1.716985e+00
    endloop
  endfacet
  facet normal  6.343933e-01  0.000000e+00 -7.730104e-01
    outer loop
      vertex  1.147253e+00  3.350000e+01 -1.716985e+00
      vertex  1.147253e+00  4.150000e+01 -1.716985e+00
      vertex  1.460176e+00  3.350000e+01 -1.460176e+00
    endloop
  endfacet
  facet normal  6.343933e-01  0.000000e+00 -7.730104e-01
    outer loop
      vertex  1.460176e+00  3.350000e+01 -1.460176e+00
      vertex  1.147253e+00  4.150000e+01 -1.716985e+00
      vertex  1.460176e+00  4.150000e+01 -1.460176e+00
    endloop
  endfacet
  facet normal  7.730104e-01  0.000000e+00 -6.343933e-01
    outer loop
      vertex  1.460176e+00  3.350000e+01 -1.460176e+00
      vertex  1.460176e+00  4.150000e+01 -1.460176e+00
      vertex  1.716985e+00  3.350000e+01 -1.147253e+00
    endloop
  endfacet
  facet normal  7.730104e-01  0.000000e+00 -6.343933e-01
    outer loop
      vertex  1.716985e+00  3.350000e+01 -1.147253e+00
      vertex  1.460176e+00  4.150000e+01 -1.460176e+00
      vertex  1.716985e+00  4.150000e+01 -1.147253e+00
    endloop
  endfacet
  facet normal  8.819212e-01  0.000000e+00 -4.713968e-01
    outer loop
      vertex  1.716985e+00  3.350000e+01 -1.147253e+00
      vertex  1.716985e+00  4.150000e+01 -1.147253e+00
      vertex  1.907811e+00  3.350000e+01 -7.902413e-01
    endloop
  endfacet
  facet normal  8.819212e-01  0.000000e+00 -4.713968e-01
    outer loop
      vertex  1.907811e+00  3.350000e+01 -7.902413e-01
      vertex  1.716985e+00  4.150000e+01 -1.147253e+00
      vertex  1.907811e+00  4.150000e+01 -7.902413e-01
    endloop
  endfacet
  facet normal  9.569402e-01  0.000000e+00 -2.902848e-01
    outer loop
      vertex  1.907811e+00  3.350000e+01 -7.902413e-01
      vertex  1.907811e+00  4.150000e+01 -7.902413e-01
      vertex  2.025322e+00  3.350000e+01 -4.028615e-01
    endloop
  endfacet
  facet normal  9.569402e-01  0.000000e+00 -2.902848e-01
    outer loop
      vertex  2.025322e+00  3.350000e+01 -4.028615e-01
      vertex  1.907811e+00  4.150000e+01 -7.902413e-01
      vertex  2.025322e+00  4.150000e+01 -4.028615e-01
    endloop
  endfacet
  facet normal  9.951847e-01  0.000000e+00 -9.801699e-02
    outer loop
      vertex  2.025322e+00  3.350000e+01 -4.028615e-01
      vertex  2.025322e+00  4.150000e+01 -4.028615e-01
      vertex  2.065000e+00  3.350000e+01  2.528896e-16
    endloop
  endfacet
  facet normal  9.951847e-01  0.000000e+00 -9.801699e-02
    outer loop
      vertex  2.065000e+00  3.350000e+01  2.528896e-16
      vertex  2.025322e+00  4.150000e+01 -4.028615e-01
      vertex  2.065000e+00  4.150000e+01  2.528896e-16
    endloop
  endfacet
  facet normal  9.951847e-01  0.000000e+00  9.801699e-02
    outer loop
      vertex  2.065000e+00  3.350000e+01  2.528896e-16
      vertex  2.065000e+00  4.150000e+01  2.528896e-16
      vertex  2.025322e+00  3.350000e+01  4.028615e-01
    endloop
  endfacet
  facet normal  9.951847e-01  -0.000000e+00  9.801699e-02
    outer loop
      vertex  2.025322e+00  3.350000e+01  4.028615e-01
      vertex  2.065000e+00  4.150000e+01  2.528896e-16
      vertex  2.025322e+00  4.150000e+01  4.028615e-01
    endloop
  endfacet
  facet normal  9.569402e-01  0.000000e+00  2.902848e-01
    outer loop
      vertex  2.025322e+00  3.350000e+01  4.028615e-01
      vertex  2.025322e+00  4.150000e+01  4.028615e-01
      vertex  1.907811e+00  3.350000e+01  7.902413e-01
    endloop
  endfacet
  facet normal  9.569402e-01  -0.000000e+00  2.902848e-01
    outer loop
      vertex  1.907811e+00  3.350000e+01  7.902413e-01
      vertex  2.025322e+00  4.150000e+01  4.028615e-01
      vertex  1.907811e+00  4.150000e+01  7.902413e-01
    endloop
  endfacet
  facet normal  8.819212e-01  0.000000e+00  4.713968e-01
    outer loop
      vertex  1.907811e+00  3.350000e+01  7.902413e-01
      vertex  1.907811e+00  4.150000e+01  7.902413e-01
      vertex  1.716985e+00  3.350000e+01  1.147253e+00
    endloop
  endfacet
  facet normal  8.819212e-01  -0.000000e+00  4.713968e-01
    outer loop
      vertex  1.716985e+00  3.350000e+01  1.147253e+00
      vertex  1.907811e+00  4.150000e+01  7.902413e-01
      vertex  1.716985e+00  4.150000e+01  1.147253e+00
    endloop
  endfacet
  facet normal  7.730104e-01  0.000000e+00  6.343933e-01
    outer loop
      vertex  1.716985e+00  3.350000e+01  1.147253e+00
      vertex  1.716985e+00  4.150000e+01  1.147253e+00
      vertex  1.460176e+00  3.350000e+01  1.460176e+00
    endloop
  endfacet
  facet normal  7.730104e-01  -0.000000e+00  6.343933e-01
    outer loop
      vertex  1.460176e+00  3.350000e+01  1.460176e+00
      vertex  1.716985e+00  4.150000e+01  1.147253e+00
      vertex  1.460176e+00  4.150000e+01  1.460176e+00
    endloop
  endfacet
  facet normal  6.343933e-01  0.000000e+00  7.730104e-01
    outer loop
      vertex  1.460176e+00  3.350000e+01  1.460176e+00
      vertex  1.460176e+00  4.150000e+01  1.460176e+00
      vertex  1.147253e+00  3.350000e+01  1.716985e+00
    endloop
  endfacet
  facet normal  6.343933e-01  -0.000000e+00  7.730104e-01
    outer loop
      vertex  1.147253e+00  3.350000e+01  1.716985e+00
      vertex  1.460176e+00  4.150000e+01  1.460176e+00
      vertex  1.147253e+00  4.150000e+01  1.716985e+00
    endloop
  endfacet
  facet normal  4.713968e-01  0.000000e+00  8.819212e-01
    outer loop
      vertex  1.147253e+00  3.350000e+01  1.716985e+00
      vertex  1.147253e+00  4.150000e+01  1.716985e+00
      vertex  7.902413e-01  3.350000e+01  1.907811e+00
    endloop
  endfacet
  facet normal  4.713968e-01  -0.000000e+00  8.819212e-01
    outer loop
      vertex  7.902413e-01  3.350000e+01  1.907811e+00
      vertex  1.147253e+00  4.150000e+01  1.716985e+00
      vertex  7.902413e-01  4.150000e+01  1.907811e+00
    endloop
  endfacet
  facet normal  2.902848e-01  0.000000e+00  9.569402e-01
    outer loop
      vertex  7.902413e-01  3.350000e+01  1.907811e+00
      vertex  7.902413e-01  4.150000e+01  1.907811e+00
      vertex  4.028615e-01  3.350000e+01  2.025322e+00
    endloop
  endfacet
  facet normal  2.902848e-01  -0.000000e+00  9.569402e-01
    outer loop
      vertex  4.028615e-01  3.350000e+01  2.025322e+00
      vertex  7.902413e-01  4.150000e+01  1.907811e+00
      vertex  4.028615e-01  4.150000e+01  2.025322e+00
    endloop
  endfacet
  facet normal  9.801699e-02  0.000000e+00  9.951847e-01
    outer loop
      vertex  4.028615e-01  3.350000e+01  2.025322e+00
      vertex  4.028615e-01  4.150000e+01  2.025322e+00
      vertex -1.264448e-16  3.350000e+01  2.065000e+00
    endloop
  endfacet
  facet normal  9.801699e-02  -0.000000e+00  9.951847e-01
    outer loop
      vertex -1.264448e-16  3.350000e+01  2.065000e+00
      vertex  4.028615e-01  4.150000e+01  2.025322e+00
      vertex -1.264448e-16  4.150000e+01  2.065000e+00
    endloop
  endfacet
  facet normal -9.801699e-02  0.000000e+00  9.951847e-01
    outer loop
      vertex -1.264448e-16  3.350000e+01  2.065000e+00
      vertex -1.264448e-16  4.150000e+01  2.065000e+00
      vertex -4.028615e-01  3.350000e+01  2.025322e+00
    endloop
  endfacet
  facet normal -9.801699e-02  0.000000e+00  9.951847e-01
    outer loop
      vertex -4.028615e-01  3.350000e+01  2.025322e+00
      vertex -1.264448e-16  4.150000e+01  2.065000e+00
      vertex -4.028615e-01  4.150000e+01  2.025322e+00
    endloop
  endfacet
  facet normal -2.902848e-01  0.000000e+00  9.569402e-01
    outer loop
      vertex -4.028615e-01  3.350000e+01  2.025322e+00
      vertex -4.028615e-01  4.150000e+01  2.025322e+00
      vertex -7.902413e-01  3.350000e+01  1.907811e+00
    endloop
  endfacet
  facet normal -2.902848e-01  0.000000e+00  9.569402e-01
    outer loop
      vertex -7.902413e-01  3.350000e+01  1.907811e+00
      vertex -4.028615e-01  4.150000e+01  2.025322e+00
      vertex -7.902413e-01  4.150000e+01  1.907811e+00
    endloop
  endfacet
  facet normal -4.713968e-01  0.000000e+00  8.819212e-01
    outer loop
      vertex -7.902413e-01  3.350000e+01  1.907811e+00
      vertex -7.902413e-01  4.150000e+01  1.907811e+00
      vertex -1.147253e+00  3.350000e+01  1.716985e+00
    endloop
  endfacet
  facet normal -4.713968e-01  0.000000e+00  8.819212e-01
    outer loop
      vertex -1.147253e+00  3.350000e+01  1.716985e+00
      vertex -7.902413e-01  4.150000e+01  1.907811e+00
      vertex -1.147253e+00  4.150000e+01  1.716985e+00
    endloop
  endfacet
  facet normal -6.343933e-01  0.000000e+00  7.730104e-01
    outer loop
      vertex -1.147253e+00  3.350000e+01  1.716985e+00
      vertex -1.147253e+00  4.150000e+01  1.716985e+00
      vertex -1.460176e+00  3.350000e+01  1.460176e+00
    endloop
  endfacet
  facet normal -6.343933e-01  0.000000e+00  7.730104e-01
    outer loop
      vertex -1.460176e+00  3.350000e+01  1.460176e+00
      vertex -1.147253e+00  4.150000e+01  1.716985e+00
      vertex -1.460176e+00  4.150000e+01  1.460176e+00
    endloop
  endfacet
  facet normal -7.730104e-01  0.000000e+00  6.343933e-01
    outer loop
      vertex -1.460176e+00  3.350000e+01  1.460176e+00
      vertex -1.460176e+00  4.150000e+01  1.460176e+00
      vertex -1.716985e+00  3.350000e+01  1.147253e+00
    endloop
  endfacet
  facet normal -7.730104e-01  0.000000e+00  6.343933e-01
    outer loop
      vertex -1.716985e+00  3.350000e+01  1.147253e+00
      vertex -1.460176e+00  4.150000e+01  1.460176e+00
      vertex -1.716985e+00  4.150000e+01  1.147253e+00
    endloop
  endfacet
  facet normal -8.819212e-01  0.000000e+00  4.713968e-01
    outer loop
      vertex -1.716985e+00  3.350000e+01  1.147253e+00
      vertex -1.716985e+00  4.150000e+01  1.147253e+00
      vertex -1.907811e+00  3.350000e+01  7.902413e-01
    endloop
  endfacet
  facet normal -8.819212e-01  0.000000e+00  4.713968e-01
    outer loop
      vertex -1.907811e+00  3.350000e+01  7.902413e-01
      vertex -1.716985e+00  4.150000e+01  1.147253e+00
      vertex -1.907811e+00  4.150000e+01  7.902413e-01
    endloop
  endfacet
  facet normal -9.569402e-01  0.000000e+00  2.902848e-01
    outer loop
      vertex -1.907811e+00  3.350000e+01  7.902413e-01
      vertex -1.907811e+00  4.150000e+01  7.902413e-01
      vertex -2.025322e+00  3.350000e+01  4.028615e-01
    endloop
  endfacet
  facet normal -9.569402e-01  0.000000e+00  2.902848e-01
    outer loop
      vertex -2.025322e+00  3.350000e+01  4.028615e-01
      vertex -1.907811e+00  4.150000e+01  7.902413e-01
      vertex -2.025322e+00  4.150000e+01  4.028615e-01
    endloop
  endfacet
  facet normal -9.951847e-01  0.000000e+00  9.801699e-02
    outer loop
      vertex -2.025322e+00  3.350000e+01  4.028615e-01
      vertex -2.025322e+00  4.150000e+01  4.028615e-01
      vertex -2.065000e+00  3.350000e+01  0.000000e+00
    endloop
  endfacet
  facet normal -9.951847e-01  0.000000e+00  9.801699e-02
    outer loop
      vertex -2.065000e+00  3.350000e+01  0.000000e+00
      vertex -2.025322e+00  4.150000e+01  4.028615e-01
      vertex -2.065000e+00  4.150000e+01  0.000000e+00
    endloop
  endfacet
  facet normal  0.000000e+00  1.000000e+00  0.000000e+00
    outer loop
      vertex  4.028615e-01  4.150000e+01  2.025322e+00
      vertex -4.028615e-01  4.150000e+01  2.025322e+00
      vertex -1.264448e-16  4.150000e+01  2.065000e+00
    endloop
  endfacet
  facet normal  0.000000e+00  1.000000e+00  0.000000e+00
    outer loop
      vertex -4.028615e-01  4.150000e+01  2.025322e+00
      vertex  4.028615e-01  4.150000e+01  2.025322e+00
      vertex -7.902413e-01  4.150000e+01  1.907811e+00
    endloop
  endfacet
  facet normal  0.000000e+00  1.000000e+00  0.000000e+00
    outer loop
      vertex -7.902413e-01  4.150000e+01  1.907811e+00
      vertex  4.028615e-01  4.150000e+01  2.025322e+00
      vertex  7.902413e-01  4.150000e+01  1.907811e+00
    endloop
  endfacet
  facet normal  0.000000e+00  1.000000e+00  0.000000e+00
    outer loop
      vertex -7.902413e-01  4.150000e+01  1.907811e+00
      vertex  7.902413e-01  4.150000e+01  1.907811e+00
      vertex -1.147253e+00  4.150000e+01  1.716985e+00
    endloop
  endfacet
  facet normal  0.000000e+00  1.000000e+00  0.000000e+00
    outer loop
      vertex -1.147253e+00  4.150000e+01  1.716985e+00
      vertex  7.902413e-01  4.150000e+01  1.907811e+00
      vertex  1.147253e+00  4.150000e+01  1.716985e+00
    endloop
  endfacet
  facet normal  0.000000e+00  1.000000e+00  0.000000e+00
    outer loop
      vertex -1.147253e+00  4.150000e+01  1.716985e+00
      vertex  1.147253e+00  4.150000e+01  1.716985e+00
      vertex -1.460176e+00  4.150000e+01  1.460176e+00
    endloop
  endfacet
  facet normal  0.000000e+00  1.000000e+00  0.000000e+00
    outer loop
      vertex -1.460176e+00  4.150000e+01  1.460176e+00
      vertex  1.147253e+00  4.150000e+01  1.716985e+00
      vertex  1.460176e+00  4.150000e+01  1.460176e+00
    endloop
  endfacet
  facet normal  0.000000e+00  1.000000e+00  0.000000e+00
    outer loop
      vertex -1.460176e+00  4.150000e+01  1.460176e+00
      vertex  1.460176e+00  4.150000e+01  1.460176e+00
      vertex -1.716985e+00  4.150000e+01  1.147253e+00
    endloop
  endfacet
  facet normal  0.000000e+00  1.000000e+00  0.000000e+00
    outer loop
      vertex -1.716985e+00  4.150000e+01  1.147253e+00
      vertex  1.460176e+00  4.150000e+01  1.460176e+00
      vertex  1.716985e+00  4.150000e+01  1.147253e+00
    endloop
  endfacet
  facet normal  0.000000e+00  1.000000e+00  0.000000e+00
    outer loop
      vertex -1.716985e+00  4.150000e+01  1.147253e+00
      vertex  1.716985e+00  4.150000e+01  1.147253e+00
      vertex -1.907811e+00  4.150000e+01  7.902413e-01
    endloop
  endfacet
  facet normal  0.000000e+00  1.000000e+00  0.000000e+00
    outer loop
      vertex -1.907811e+00  4.150000e+01  7.902413e-01
      vertex  1.716985e+00  4.150000e+01  1.147253e+00
      vertex  1.907811e+00  4.150000e+01  7.902413e-01
    endloop
  endfacet
  facet normal  0.000000e+00  9.999999e-01  0.000000e+00
    outer loop
      vertex -1.907811e+00  4.150000e+01  7.902413e-01
      vertex  1.907811e+00  4.150000e+01  7.902413e-01
      vertex -2.025322e+00  4.150000e+01  4.028615e-01
    endloop
  endfacet
  facet normal  0.000000e+00  1.000000e+00  0.000000e+00
    outer loop
      vertex -2.025322e+00  4.150000e+01  4.028615e-01
      vertex  1.907811e+00  4.150000e+01  7.902413e-01
      vertex  2.025322e+00  4.150000e+01  4.028615e-01
    endloop
  endfacet
  facet normal  0.000000e+00  1.000000e+00  0.000000e+00
    outer loop
      vertex -2.025322e+00  4.150000e+01  4.028615e-01
      vertex  2.025322e+00  4.150000e+01  4.028615e-01
      vertex -2.065000e+00  4.150000e+01  0.000000e+00
    endloop
  endfacet
  facet normal  0.000000e+00  1.000000e+00  0.000000e+00
    outer loop
      vertex -2.065000e+00  4.150000e+01  0.000000e+00
      vertex  2.025322e+00  4.150000e+01  4.028615e-01
      vertex  2.065000e+00  4.150000e+01  2.528896e-16
    endloop
  endfacet
  facet normal  0.000000e+00  1.000000e+00  0.000000e+00
    outer loop
      vertex -2.065000e+00  4.150000e+01  0.000000e+00
      vertex  2.065000e+00  4.150000e+01  2.528896e-16
      vertex -2.025322e+00  4.150000e+01 -4.028615e-01
    endloop
  endfacet
  facet normal  0.000000e+00  1.000000e+00  0.000000e+00
    outer loop
      vertex -2.025322e+00  4.150000e+01 -4.028615e-01
      vertex  2.065000e+00  4.150000e+01  2.528896e-16
      vertex  2.025322e+00  4.150000e+01 -4.028615e-01
    endloop
  endfacet
  facet normal  0.000000e+00  1.000000e+00  0.000000e+00
    outer loop
      vertex -2.025322e+00  4.150000e+01 -4.028615e-01
      vertex  2.025322e+00  4.150000e+01 -4.028615e-01
      vertex -1.907811e+00  4.150000e+01 -7.902413e-01
    endloop
  endfacet
  facet normal  0.000000e+00  9.999999e-01  0.000000e+00
    outer loop
      vertex -1.907811e+00  4.150000e+01 -7.902413e-01
      vertex  2.025322e+00  4.150000e+01 -4.028615e-01
      vertex  1.907811e+00  4.150000e+01 -7.902413e-01
    endloop
  endfacet
  facet normal  0.000000e+00  1.000000e+00  0.000000e+00
    outer loop
      vertex -1.907811e+00  4.150000e+01 -7.902413e-01
      vertex  1.907811e+00  4.150000e+01 -7.902413e-01
      vertex -1.716985e+00  4.150000e+01 -1.147253e+00
    endloop
  endfacet
  facet normal  0.000000e+00  1.000000e+00  0.000000e+00
    outer loop
      vertex -1.716985e+00  4.150000e+01 -1.147253e+00
      vertex  1.907811e+00  4.150000e+01 -7.902413e-01
      vertex  1.716985e+00  4.150000e+01 -1.147253e+00
    endloop
  endfacet
  facet normal  0.000000e+00  1.000000e+00  0.000000e+00
    outer loop
      vertex -1.716985e+00  4.150000e+01 -1.147253e+00
      vertex  1.716985e+00  4.150000e+01 -1.147253e+00
      vertex -1.460176e+00  4.150000e+01 -1.460176e+00
    endloop
  endfacet
  facet normal  0.000000e+00  1.000000e+00  0.000000e+00
    outer loop
      vertex -1.460176e+00  4.150000e+01 -1.460176e+00
      vertex  1.716985e+00  4.150000e+01 -1.147253e+00
      vertex  1.460176e+00  4.150000e+01 -1.460176e+00
    endloop
  endfacet
  facet normal  0.000000e+00  1.000000e+00  0.000000e+00
    outer loop
      vertex -1.460176e+00  4.150000e+01 -1.460176e+00
      vertex  1.460176e+00  4.150000e+01 -1.460176e+00
      vertex -1.147253e+00  4.150000e+01 -1.716985e+00
    endloop
  endfacet
  facet normal  0.000000e+00  1.000000e+00  0.000000e+00
    outer loop
      vertex -1.147253e+00  4.150000e+01 -1.716985e+00
      vertex  1.460176e+00  4.150000e+01 -1.460176e+00
      vertex  1.147253e+00  4.150000e+01 -1.716985e+00
    endloop
  endfacet
  facet normal  0.000000e+00  1.000000e+00  0.000000e+00
    outer loop
      vertex -1.147253e+00  4.150000e+01 -1.716985e+00
      vertex  1.147253e+00  4.150000e+01 -1.716985e+00
      vertex -7.902413e-01  4.150000e+01 -1.907811e+00
    endloop
  endfacet
  facet normal  0.000000e+00  1.000000e+00  0.000000e+00
    outer loop
      vertex -7.902413e-01  4.150000e+01 -1.907811e+00
      vertex  1.147253e+00  4.150000e+01 -1.716985e+00
      vertex  7.902413e-01  4.150000e+01 -1.907811e+00
    endloop
  endfacet
  facet normal  0.000000e+00  1.000000e+00  0.000000e+00
    outer loop
      vertex -7.902413e-01  4.150000e+01 -1.907811e+00
      vertex  7.902413e-01  4.150000e+01 -1.907811e+00
      vertex -4.028615e-01  4.150000e+01 -2.025322e+00
    endloop
  endfacet
  facet normal  0.000000e+00  1.000000e+00  0.000000e+00
    outer loop
      vertex -4.028615e-01  4.150000e+01 -2.025322e+00
      vertex  7.902413e-01  4.150000e+01 -1.907811e+00
      vertex  4.028615e-01  4.150000e+01 -2.025322e+00
    endloop
  endfacet
  facet normal  0.000000e+00  1.000000e+00  0.000000e+00
    outer loop
      vertex -4.028615e-01  4.150000e+01 -2.025322e+00
      vertex  4.028615e-01  4.150000e+01 -2.025322e+00
      vertex  3.793343e-16  4.150000e+01 -2.065000e+00
    endloop
  endfacet
  facet normal  0.000000e+00  1.000000e+00  0.000000e+00
    outer loop
      vertex  3.240000e+00  3.200000e+01  1.500000e+00
      vertex  1.400000e+01  3.200000e+01  1.500000e+00
      vertex  3.240000e+00  3.200000e+01 -2.220446e-16
    endloop
  endfacet
  facet normal  0.000000e+00  1.000000e+00  0.000000e+00
    outer loop
      vertex  3.240000e+00  3.200000e+01 -2.220446e-16
      vertex  1.400000e+01  3.200000e+01  1.500000e+00
      vertex  1.400000e+01  3.200000e+01  0.000000e+00
    endloop
  endfacet
  facet normal  0.000000e+00  1.000000e+00  0.000000e+00
    outer loop
      vertex -1.400000e+01  3.200000e+01  1.500000e+00
      vertex -3.240000e+00  3.200000e+01  1.500000e+00
      vertex -1.400000e+01  3.200000e+01  0.000000e+00
    endloop
  endfacet
  facet normal  -0.000000e+00  1.000000e+00  0.000000e+00
    outer loop
      vertex -1.400000e+01  3.200000e+01  0.000000e+00
      vertex -3.240000e+00  3.200000e+01  1.500000e+00
      vertex -3.240000e+00  3.200000e+01 -4.440892e-16
    endloop
  endfacet
  facet normal  0.000000e+00 -1.000000e+00  0.000000e+00
    outer loop
      vertex -3.240000e+00  3.200000e+01  3.235000e+00
      vertex -3.240000e+00  3.200000e+01  1.500000e+00
      vertex  3.240000e+00  3.200000e+01  3.235000e+00
    endloop
  endfacet
  facet normal  0.000000e+00 -1.000000e+00  -0.000000e+00
    outer loop
      vertex  3.240000e+00  3.200000e+01  3.235000e+00
      vertex -3.240000e+00  3.200000e+01  1.500000e+00
      vertex  3.240000e+00  3.200000e+01  1.500000e+00
    endloop
  endfacet
  facet normal  0.000000e+00 -1.000000e+00  0.000000e+00
    outer loop
      vertex -3.240000e+00  3.200000e+01 -4.440892e-16
      vertex -3.240000e+00  3.200000e+01 -3.245000e+00
      vertex  3.240000e+00  3.200000e+01 -2.220446e-16
    endloop
  endfacet
  facet normal  0.000000e+00 -1.000000e+00  -0.000000e+00
    outer loop
      vertex  3.240000e+00  3.200000e+01 -2.220446e-16
      vertex -3.240000e+00  3.200000e+01 -3.245000e+00
      vertex  3.240000e+00  3.200000e+01 -3.245000e+00
    endloop
  endfacet
  facet normal -1.000000e+00  0.000000e+00  0.000000e+00
    outer loop
      vertex -3.240000e+00  3.350000e+01  3.235000e+00
      vertex -3.240000e+00  3.350000e+01 -3.245000e+00
      vertex -3.240000e+00  3.200000e+01 -3.245000e+00
    endloop
  endfacet
  facet normal -1.000000e+00  0.000000e+00  0.000000e+00
    outer loop
      vertex -3.240000e+00  3.350000e+01  3.235000e+00
      vertex -3.240000e+00  3.200000e+01 -3.245000e+00
      vertex -3.240000e+00  3.200000e+01 -4.440892e-16
    endloop
  endfacet
  facet normal -1.000000e+00  0.000000e+00  0.000000e+00
    outer loop
      vertex -3.240000e+00  3.350000e+01  3.235000e+00
      vertex -3.240000e+00  3.200000e+01 -4.440892e-16
      vertex -3.240000e+00  3.200000e+01  1.500000e+00
    endloop
  endfacet
  facet normal -1.000000e+00  0.000000e+00  0.000000e+00
    outer loop
      vertex -3.240000e+00  3.350000e+01  3.235000e+00
      vertex -3.240000e+00  3.200000e+01  1.500000e+00
      vertex -3.240000e+00  3.200000e+01  3.235000e+00
    endloop
  endfacet
  facet normal  1.000000e+00  0.000000e+00  0.000000e+00
    outer loop
      vertex  3.240000e+00  3.350000e+01 -3.245000e+00
      vertex  3.240000e+00  3.350000e+01  3.235000e+00
      vertex  3.240000e+00  3.200000e+01  3.235000e+00
    endloop
  endfacet
  facet normal  1.000000e+00  0.000000e+00  0.000000e+00
    outer loop
      vertex  3.240000e+00  3.350000e+01 -3.245000e+00
      vertex  3.240000e+00  3.200000e+01  3.235000e+00
      vertex  3.240000e+00  3.200000e+01  1.500000e+00
    endloop
  endfacet
  facet normal  1.000000e+00  0.000000e+00  0.000000e+00
    outer loop
      vertex  3.240000e+00  3.350000e+01 -3.245000e+00
      vertex  3.240000e+00  3.200000e+01  1.500000e+00
      vertex  3.240000e+00  3.200000e+01 -2.220446e-16
    endloop
  endfacet
  facet normal  1.000000e+00  0.000000e+00  0.000000e+00
    outer loop
      vertex  3.240000e+00  3.350000e+01 -3.245000e+00
      vertex  3.240000e+00  3.200000e+01 -2.220446e-16
      vertex  3.240000e+00  3.200000e+01 -3.245000e+00
    endloop
  endfacet
  facet normal  -0.000000e+00  0.000000e+00 -1.000000e+00
    outer loop
      vertex -1.190199e+01  2.814046e+01  0.000000e+00
      vertex -1.296265e+01 -2.857980e+01  0.000000e+00
      vertex -1.314920e+01 -2.880710e+01  0.000000e+00
    endloop
  endfacet
  facet normal  -0.000000e+00  0.000000e+00 -1.000000e+00
    outer loop
      vertex -1.190199e+01  2.814046e+01  0.000000e+00
      vertex -1.273535e+01 -2.839325e+01  0.000000e+00
      vertex -1.296265e+01 -2.857980e+01  0.000000e+00
    endloop
  endfacet
  facet normal  -0.000000e+00  0.000000e+00 -9.999999e-01
    outer loop
      vertex -1.190199e+01  2.814046e+01  0.000000e+00
      vertex -1.247602e+01 -2.825464e+01  0.000000e+00
      vertex -1.273535e+01 -2.839325e+01  0.000000e+00
    endloop
  endfacet
  facet normal  -0.000000e+00  0.000000e+00 -1.000000e+00
    outer loop
      vertex -1.190199e+01  2.814046e+01  0.000000e+00
      vertex -1.219463e+01 -2.816928e+01  0.000000e+00
      vertex -1.247602e+01 -2.825464e+01  0.000000e+00
    endloop
  endfacet
  facet normal  -0.000000e+00  0.000000e+00 -1.000000e+00
    outer loop
      vertex -1.190199e+01  2.814046e+01  0.000000e+00
      vertex -1.190199e+01 -2.814046e+01  0.000000e+00
      vertex -1.219463e+01 -2.816928e+01  0.000000e+00
    endloop
  endfacet
  facet normal  0.000000e+00  0.000000e+00 -1.000000e+00
    outer loop
      vertex  1.296265e+01 -2.857980e+01  0.000000e+00
      vertex  1.190199e+01  2.814046e+01  0.000000e+00
      vertex  1.314920e+01 -2.880710e+01  0.000000e+00
    endloop
  endfacet
  facet normal  0.000000e+00  0.000000e+00 -1.000000e+00
    outer loop
      vertex  1.273535e+01 -2.839325e+01  0.000000e+00
      vertex  1.190199e+01  2.814046e+01  0.000000e+00
      vertex  1.296265e+01 -2.857980e+01  0.000000e+00
    endloop
  endfacet
  facet normal  0.000000e+00  0.000000e+00 -9.999999e-01
    outer loop
      vertex  1.247602e+01 -2.825464e+01  0.000000e+00
      vertex  1.190199e+01  2.814046e+01  0.000000e+00
      vertex  1.273535e+01 -2.839325e+01  0.000000e+00
    endloop
  endfacet
  facet normal  0.000000e+00  0.000000e+00 -1.000000e+00
    outer loop
      vertex  1.219463e+01 -2.816928e+01  0.000000e+00
      vertex  1.190199e+01  2.814046e+01  0.000000e+00
      vertex  1.247602e+01 -2.825464e+01  0.000000e+00
    endloop
  endfacet
  facet normal  0.000000e+00  0.000000e+00 -1.000000e+00
    outer loop
      vertex  1.190199e+01 -2.814046e+01  0.000000e+00
      vertex  1.190199e+01  2.814046e+01  0.000000e+00
      vertex  1.219463e+01 -2.816928e+01  0.000000e+00
    endloop
  endfacet
  facet normal  0.000000e+00  0.000000e+00 -1.000000e+00
    outer loop
      vertex  1.500000e+01  3.100000e+01  0.000000e+00
      vertex  1.500000e+01 -3.100000e+01  0.000000e+00
      vertex  1.340199e+01  2.964046e+01  0.000000e+00
    endloop
  endfacet
  facet normal  0.000000e+00  0.000000e+00 -1.000000e+00
    outer loop
      vertex  1.500000e+01  3.100000e+01  0.000000e+00
      vertex  1.340199e+01  2.964046e+01  0.000000e+00
      vertex  1.337317e+01  2.993309e+01  0.000000e+00
    endloop
  endfacet
  facet normal  0.000000e+00  0.000000e+00 -1.000000e+00
    outer loop
      vertex  1.500000e+01  3.100000e+01  0.000000e+00
      vertex  1.337317e+01  2.993309e+01  0.000000e+00
      vertex  1.328781e+01  3.021448e+01  0.000000e+00
    endloop
  endfacet
  facet normal  0.000000e+00  0.000000e+00 -1.000000e+00
    outer loop
      vertex  1.500000e+01  3.100000e+01  0.000000e+00
      vertex  1.328781e+01  3.021448e+01  0.000000e+00
      vertex  1.314920e+01  3.047381e+01  0.000000e+00
    endloop
  endfacet
  facet normal  0.000000e+00  0.000000e+00 -1.000000e+00
    outer loop
      vertex  1.500000e+01  3.100000e+01  0.000000e+00
      vertex  1.314920e+01  3.047381e+01  0.000000e+00
      vertex  1.296265e+01  3.070112e+01  0.000000e+00
    endloop
  endfacet
  facet normal  0.000000e+00  0.000000e+00 -9.999999e-01
    outer loop
      vertex  1.500000e+01  3.100000e+01  0.000000e+00
      vertex  1.296265e+01  3.070112e+01  0.000000e+00
      vertex  1.273535e+01  3.088766e+01  0.000000e+00
    endloop
  endfacet
  facet normal  0.000000e+00  0.000000e+00 -1.000000e+00
    outer loop
      vertex  1.500000e+01  3.100000e+01  0.000000e+00
      vertex  1.273535e+01  3.088766e+01  0.000000e+00
      vertex  1.247602e+01  3.102628e+01  0.000000e+00
    endloop
  endfacet
  facet normal  0.000000e+00  0.000000e+00 -1.000000e+00
    outer loop
      vertex  1.500000e+01  3.100000e+01  0.000000e+00
      vertex  1.247602e+01  3.102628e+01  0.000000e+00
      vertex  1.219463e+01  3.111164e+01  0.000000e+00
    endloop
  endfacet
  facet normal  0.000000e+00  0.000000e+00 -1.000000e+00
    outer loop
      vertex  1.500000e+01  3.100000e+01  0.000000e+00
      vertex  1.219463e+01  3.111164e+01  0.000000e+00
      vertex  1.190199e+01  3.114046e+01  0.000000e+00
    endloop
  endfacet
  facet normal  0.000000e+00  0.000000e+00 -1.000000e+00
    outer loop
      vertex  1.500000e+01  3.100000e+01  0.000000e+00
      vertex  1.190199e+01  3.114046e+01  0.000000e+00
      vertex  1.498079e+01  3.119509e+01  0.000000e+00
    endloop
  endfacet
  facet normal  0.000000e+00  0.000000e+00 -9.999999e-01
    outer loop
      vertex -1.498079e+01 -3.119509e+01  0.000000e+00
      vertex -1.500000e+01 -3.100000e+01  0.000000e+00
      vertex -1.247602e+01 -3.102628e+01  0.000000e+00
    endloop
  endfacet
  facet normal  0.000000e+00  -0.000000e+00 -1.000000e+00
    outer loop
      vertex -1.498079e+01 -3.119509e+01  0.000000e+00
      vertex -1.247602e+01 -3.102628e+01  0.000000e+00
      vertex -1.219463e+01 -3.111164e+01  0.000000e+00
    endloop
  endfacet
  facet normal  0.000000e+00  -0.000000e+00 -9.999999e-01
    outer loop
      vertex -1.498079e+01 -3.119509e+01  0.000000e+00
      vertex -1.219463e+01 -3.111164e+01  0.000000e+00
      vertex -1.190199e+01 -3.114046e+01  0.000000e+00
    endloop
  endfacet
  facet normal  0.000000e+00  -0.000000e+00 -1.000000e+00
    outer loop
      vertex -1.498079e+01 -3.119509e+01  0.000000e+00
      vertex -1.190199e+01 -3.114046e+01  0.000000e+00
      vertex -4.150000e+00 -3.200000e+01  0.000000e+00
    endloop
  endfacet
  facet normal  0.000000e+00  0.000000e+00 -1.000000e+00
    outer loop
      vertex -1.498079e+01 -3.119509e+01  0.000000e+00
      vertex -4.150000e+00 -3.200000e+01  0.000000e+00
      vertex -1.400000e+01 -3.200000e+01  0.000000e+00
    endloop
  endfacet
  facet normal  0.000000e+00  0.000000e+00 -1.000000e+00
    outer loop
      vertex -1.498079e+01 -3.119509e+01  0.000000e+00
      vertex -1.400000e+01 -3.200000e+01  0.000000e+00
      vertex -1.419509e+01 -3.198079e+01  0.000000e+00
    endloop
  endfacet
  facet normal  0.000000e+00  0.000000e+00 -1.000000e+00
    outer loop
      vertex -1.498079e+01 -3.119509e+01  0.000000e+00
      vertex -1.419509e+01 -3.198079e+01  0.000000e+00
      vertex -1.438268e+01 -3.192388e+01  0.000000e+00
    endloop
  endfacet
  facet normal  0.000000e+00  0.000000e+00 -1.000000e+00
    outer loop
      vertex -1.498079e+01 -3.119509e+01  0.000000e+00
      vertex -1.438268e+01 -3.192388e+01  0.000000e+00
      vertex -1.455557e+01 -3.183147e+01  0.000000e+00
    endloop
  endfacet
  facet normal  0.000000e+00  0.000000e+00 -1.000000e+00
    outer loop
      vertex -1.498079e+01 -3.119509e+01  0.000000e+00
      vertex -1.455557e+01 -3.183147e+01  0.000000e+00
      vertex -1.470711e+01 -3.170711e+01  0.000000e+00
    endloop
  endfacet
  facet normal  0.000000e+00  0.000000e+00 -1.000000e+00
    outer loop
      vertex -1.498079e+01 -3.119509e+01  0.000000e+00
      vertex -1.470711e+01 -3.170711e+01  0.000000e+00
      vertex -1.483147e+01 -3.155557e+01  0.000000e+00
    endloop
  endfacet
  facet normal  0.000000e+00  0.000000e+00 -1.000000e+00
    outer loop
      vertex -1.498079e+01 -3.119509e+01  0.000000e+00
      vertex -1.483147e+01 -3.155557e+01  0.000000e+00
      vertex -1.492388e+01 -3.138268e+01  0.000000e+00
    endloop
  endfacet
  facet normal  0.000000e+00  -0.000000e+00 -9.999999e-01
    outer loop
      vertex  1.190199e+01 -3.114046e+01  0.000000e+00
      vertex  1.219463e+01 -3.111164e+01  0.000000e+00
      vertex  1.498079e+01 -3.119509e+01  0.000000e+00
    endloop
  endfacet
  facet normal  -0.000000e+00  0.000000e+00 -1.000000e+00
    outer loop
      vertex  1.190199e+01 -3.114046e+01  0.000000e+00
      vertex  1.498079e+01 -3.119509e+01  0.000000e+00
      vertex  1.492388e+01 -3.138268e+01  0.000000e+00
    endloop
  endfacet
  facet normal  -0.000000e+00  0.000000e+00 -1.000000e+00
    outer loop
      vertex  1.190199e+01 -3.114046e+01  0.000000e+00
      vertex  1.492388e+01 -3.138268e+01  0.000000e+00
      vertex  1.483147e+01 -3.155557e+01  0.000000e+00
    endloop
  endfacet
  facet normal  -0.000000e+00  0.000000e+00 -1.000000e+00
    outer loop
      vertex  1.190199e+01 -3.114046e+01  0.000000e+00
      vertex  1.483147e+01 -3.155557e+01  0.000000e+00
      vertex  1.470711e+01 -3.170711e+01  0.000000e+00
    endloop
  endfacet
  facet normal  -0.000000e+00  0.000000e+00 -1.000000e+00
    outer loop
      vertex  1.190199e+01 -3.114046e+01  0.000000e+00
      vertex  1.470711e+01 -3.170711e+01  0.000000e+00
      vertex  1.455557e+01 -3.183147e+01  0.000000e+00
    endloop
  endfacet
  facet normal  -0.000000e+00  0.000000e+00 -1.000000e+00
    outer loop
      vertex  1.190199e+01 -3.114046e+01  0.000000e+00
      vertex  1.455557e+01 -3.183147e+01  0.000000e+00
      vertex  1.438268e+01 -3.192388e+01  0.000000e+00
    endloop
  endfacet
  facet normal  -0.000000e+00  0.000000e+00 -1.000000e+00
    outer loop
      vertex  1.190199e+01 -3.114046e+01  0.000000e+00
      vertex  1.438268e+01 -3.192388e+01  0.000000e+00
      vertex  1.419509e+01 -3.198079e+01  0.000000e+00
    endloop
  endfacet
  facet normal  -0.000000e+00  0.000000e+00 -1.000000e+00
    outer loop
      vertex  1.190199e+01 -3.114046e+01  0.000000e+00
      vertex  1.419509e+01 -3.198079e+01  0.000000e+00
      vertex  1.400000e+01 -3.200000e+01  0.000000e+00
    endloop
  endfacet
  facet normal  0.000000e+00  0.000000e+00 -1.000000e+00
    outer loop
      vertex  1.190199e+01 -3.114046e+01  0.000000e+00
      vertex  1.400000e+01 -3.200000e+01  0.000000e+00
      vertex  4.150000e+00 -3.200000e+01  0.000000e+00
    endloop
  endfacet
  facet normal  0.000000e+00  0.000000e+00 -1.000000e+00
    outer loop
      vertex -1.190199e+01  3.114046e+01  0.000000e+00
      vertex -1.498079e+01  3.119509e+01  0.000000e+00
      vertex -1.492388e+01  3.138268e+01  0.000000e+00
    endloop
  endfacet
  facet normal  0.000000e+00  0.000000e+00 -1.000000e+00
    outer loop
      vertex -1.190199e+01  3.114046e+01  0.000000e+00
      vertex -1.492388e+01  3.138268e+01  0.000000e+00
      vertex -1.483147e+01  3.155557e+01  0.000000e+00
    endloop
  endfacet
  facet normal  0.000000e+00  0.000000e+00 -1.000000e+00
    outer loop
      vertex -1.190199e+01  3.114046e+01  0.000000e+00
      vertex -1.483147e+01  3.155557e+01  0.000000e+00
      vertex -1.470711e+01  3.170711e+01  0.000000e+00
    endloop
  endfacet
  facet normal  0.000000e+00  0.000000e+00 -1.000000e+00
    outer loop
      vertex -1.190199e+01  3.114046e+01  0.000000e+00
      vertex -1.470711e+01  3.170711e+01  0.000000e+00
      vertex -1.455557e+01  3.183147e+01  0.000000e+00
    endloop
  endfacet
  facet normal  0.000000e+00  0.000000e+00 -1.000000e+00
    outer loop
      vertex -1.190199e+01  3.114046e+01  0.000000e+00
      vertex -1.455557e+01  3.183147e+01  0.000000e+00
      vertex -1.438268e+01  3.192388e+01  0.000000e+00
    endloop
  endfacet
  facet normal  0.000000e+00  0.000000e+00 -1.000000e+00
    outer loop
      vertex -1.190199e+01  3.114046e+01  0.000000e+00
      vertex -1.438268e+01  3.192388e+01  0.000000e+00
      vertex -1.419509e+01  3.198079e+01  0.000000e+00
    endloop
  endfacet
  facet normal  0.000000e+00  0.000000e+00 -1.000000e+00
    outer loop
      vertex -1.190199e+01  3.114046e+01  0.000000e+00
      vertex -1.419509e+01  3.198079e+01  0.000000e+00
      vertex -1.400000e+01  3.200000e+01  0.000000e+00
    endloop
  endfacet
  facet normal -4.127223e-17 -1.007390e-16 -1.000000e+00
    outer loop
      vertex -1.190199e+01  3.114046e+01  0.000000e+00
      vertex -1.400000e+01  3.200000e+01  0.000000e+00
      vertex -3.240000e+00  3.200000e+01 -4.440892e-16
    endloop
  endfacet
  facet normal  3.426614e-17 -8.619724e-16 -9.999999e-01
    outer loop
      vertex -1.190199e+01  3.114046e+01  0.000000e+00
      vertex -3.240000e+00  3.200000e+01 -4.440892e-16
      vertex  3.240000e+00  3.200000e+01 -2.220446e-16
    endloop
  endfacet
  facet normal  2.063612e-17 -6.218614e-16 -1.000000e+00
    outer loop
      vertex -1.190199e+01  3.114046e+01  0.000000e+00
      vertex  3.240000e+00  3.200000e+01 -2.220446e-16
      vertex  1.400000e+01  3.200000e+01  0.000000e+00
    endloop
  endfacet
  facet normal  0.000000e+00  0.000000e+00 -1.000000e+00
    outer loop
      vertex -1.190199e+01  3.114046e+01  0.000000e+00
      vertex  1.400000e+01  3.200000e+01  0.000000e+00
      vertex  1.190199e+01  3.114046e+01  0.000000e+00
    endloop
  endfacet
  facet normal  -0.000000e+00  0.000000e+00 -1.000000e+00
    outer loop
      vertex -1.190199e+01  3.114046e+01  0.000000e+00
      vertex  1.190199e+01  3.114046e+01  0.000000e+00
      vertex  1.160935e+01  3.111164e+01  0.000000e+00
    endloop
  endfacet
  facet normal  0.000000e+00  0.000000e+00 -9.999999e-01
    outer loop
      vertex -1.190199e+01  3.114046e+01  0.000000e+00
      vertex  1.160935e+01  3.111164e+01  0.000000e+00
      vertex -1.160935e+01  3.111164e+01  0.000000e+00
    endloop
  endfacet
  facet normal  0.000000e+00  -0.000000e+00 -1.000000e+00
    outer loop
      vertex -1.500000e+01  3.100000e+01  0.000000e+00
      vertex -1.498079e+01  3.119509e+01  0.000000e+00
      vertex -1.190199e+01  3.114046e+01  0.000000e+00
    endloop
  endfacet
  facet normal  0.000000e+00  0.000000e+00 -1.000000e+00
    outer loop
      vertex -1.500000e+01  3.100000e+01  0.000000e+00
      vertex -1.190199e+01  3.114046e+01  0.000000e+00
      vertex -1.219463e+01  3.111164e+01  0.000000e+00
    endloop
  endfacet
  facet normal  0.000000e+00  0.000000e+00 -1.000000e+00
    outer loop
      vertex -1.500000e+01  3.100000e+01  0.000000e+00
      vertex -1.219463e+01  3.111164e+01  0.000000e+00
      vertex -1.247602e+01  3.102628e+01  0.000000e+00
    endloop
  endfacet
  facet normal  0.000000e+00  0.000000e+00 -1.000000e+00
    outer loop
      vertex -1.500000e+01  3.100000e+01  0.000000e+00
      vertex -1.247602e+01  3.102628e+01  0.000000e+00
      vertex -1.273535e+01  3.088766e+01  0.000000e+00
    endloop
  endfacet
  facet normal  -0.000000e+00  0.000000e+00 -9.999999e-01
    outer loop
      vertex -1.500000e+01  3.100000e+01  0.000000e+00
      vertex -1.273535e+01  3.088766e+01  0.000000e+00
      vertex -1.296265e+01  3.070112e+01  0.000000e+00
    endloop
  endfacet
  facet normal  -0.000000e+00  0.000000e+00 -1.000000e+00
    outer loop
      vertex -1.500000e+01  3.100000e+01  0.000000e+00
      vertex -1.296265e+01  3.070112e+01  0.000000e+00
      vertex -1.314920e+01  3.047381e+01  0.000000e+00
    endloop
  endfacet
  facet normal  -0.000000e+00  0.000000e+00 -1.000000e+00
    outer loop
      vertex -1.500000e+01  3.100000e+01  0.000000e+00
      vertex -1.314920e+01  3.047381e+01  0.000000e+00
      vertex -1.328781e+01  3.021448e+01  0.000000e+00
    endloop
  endfacet
  facet normal  -0.000000e+00  0.000000e+00 -1.000000e+00
    outer loop
      vertex -1.500000e+01  3.100000e+01  0.000000e+00
      vertex -1.328781e+01  3.021448e+01  0.000000e+00
      vertex -1.337317e+01  2.993309e+01  0.000000e+00
    endloop
  endfacet
  facet normal  -0.000000e+00  0.000000e+00 -1.000000e+00
    outer loop
      vertex -1.500000e+01  3.100000e+01  0.000000e+00
      vertex -1.337317e+01  2.993309e+01  0.000000e+00
      vertex -1.340199e+01  2.964046e+01  0.000000e+00
    endloop
  endfacet
  facet normal  -0.000000e+00  0.000000e+00 -1.000000e+00
    outer loop
      vertex -1.500000e+01  3.100000e+01  0.000000e+00
      vertex -1.340199e+01  2.964046e+01  0.000000e+00
      vertex -1.500000e+01 -3.100000e+01  0.000000e+00
    endloop
  endfacet
  facet normal  0.000000e+00  -0.000000e+00 -1.000000e+00
    outer loop
      vertex -1.500000e+01 -3.100000e+01  0.000000e+00
      vertex -1.340199e+01  2.964046e+01  0.000000e+00
      vertex -1.337317e+01  2.934782e+01  0.000000e+00
    endloop
  endfacet
  facet normal  0.000000e+00  -0.000000e+00 -1.000000e+00
    outer loop
      vertex -1.500000e+01 -3.100000e+01  0.000000e+00
      vertex -1.337317e+01  2.934782e+01  0.000000e+00
      vertex -1.328781e+01  2.906643e+01  0.000000e+00
    endloop
  endfacet
  facet normal  0.000000e+00  -0.000000e+00 -1.000000e+00
    outer loop
      vertex -1.500000e+01 -3.100000e+01  0.000000e+00
      vertex -1.328781e+01  2.906643e+01  0.000000e+00
      vertex -1.314920e+01  2.880710e+01  0.000000e+00
    endloop
  endfacet
  facet normal  0.000000e+00  -0.000000e+00 -1.000000e+00
    outer loop
      vertex -1.500000e+01 -3.100000e+01  0.000000e+00
      vertex -1.314920e+01  2.880710e+01  0.000000e+00
      vertex -1.296265e+01  2.857980e+01  0.000000e+00
    endloop
  endfacet
  facet normal  0.000000e+00  -0.000000e+00 -1.000000e+00
    outer loop
      vertex -1.500000e+01 -3.100000e+01  0.000000e+00
      vertex -1.296265e+01  2.857980e+01  0.000000e+00
      vertex -1.273535e+01  2.839325e+01  0.000000e+00
    endloop
  endfacet
  facet normal  0.000000e+00  -0.000000e+00 -9.999999e-01
    outer loop
      vertex -1.500000e+01 -3.100000e+01  0.000000e+00
      vertex -1.273535e+01  2.839325e+01  0.000000e+00
      vertex -1.247602e+01  2.825464e+01  0.000000e+00
    endloop
  endfacet
  facet normal  0.000000e+00  -0.000000e+00 -9.999999e-01
    outer loop
      vertex -1.500000e+01 -3.100000e+01  0.000000e+00
      vertex -1.247602e+01  2.825464e+01  0.000000e+00
      vertex -1.219463e+01  2.816928e+01  0.000000e+00
    endloop
  endfacet
  facet normal  0.000000e+00  -0.000000e+00 -1.000000e+00
    outer loop
      vertex -1.500000e+01 -3.100000e+01  0.000000e+00
      vertex -1.219463e+01  2.816928e+01  0.000000e+00
      vertex -1.190199e+01  2.814046e+01  0.000000e+00
    endloop
  endfacet
  facet normal  0.000000e+00  0.000000e+00 -1.000000e+00
    outer loop
      vertex -1.500000e+01 -3.100000e+01  0.000000e+00
      vertex -1.190199e+01  2.814046e+01  0.000000e+00
      vertex -1.314920e+01 -2.880710e+01  0.000000e+00
    endloop
  endfacet
  facet normal  0.000000e+00  0.000000e+00 -1.000000e+00
    outer loop
      vertex -1.500000e+01 -3.100000e+01  0.000000e+00
      vertex -1.314920e+01 -2.880710e+01  0.000000e+00
      vertex -1.328781e+01 -2.906643e+01  0.000000e+00
    endloop
  endfacet
  facet normal  0.000000e+00  0.000000e+00 -1.000000e+00
    outer loop
      vertex -1.500000e+01 -3.100000e+01  0.000000e+00
      vertex -1.328781e+01 -2.906643e+01  0.000000e+00
      vertex -1.337317e+01 -2.934782e+01  0.000000e+00
    endloop
  endfacet
  facet normal  0.000000e+00  0.000000e+00 -1.000000e+00
    outer loop
      vertex -1.500000e+01 -3.100000e+01  0.000000e+00
      vertex -1.337317e+01 -2.934782e+01  0.000000e+00
      vertex -1.340199e+01 -2.964046e+01  0.000000e+00
    endloop
  endfacet
  facet normal  0.000000e+00  -0.000000e+00 -1.000000e+00
    outer loop
      vertex -1.500000e+01 -3.100000e+01  0.000000e+00
      vertex -1.340199e+01 -2.964046e+01  0.000000e+00
      vertex -1.337317e+01 -2.993309e+01  0.000000e+00
    endloop
  endfacet
  facet normal  0.000000e+00  -0.000000e+00 -1.000000e+00
    outer loop
      vertex -1.500000e+01 -3.100000e+01  0.000000e+00
      vertex -1.337317e+01 -2.993309e+01  0.000000e+00
      vertex -1.328781e+01 -3.021448e+01  0.000000e+00
    endloop
  endfacet
  facet normal  0.000000e+00  -0.000000e+00 -1.000000e+00
    outer loop
      vertex -1.500000e+01 -3.100000e+01  0.000000e+00
      vertex -1.328781e+01 -3.021448e+01  0.000000e+00
      vertex -1.314920e+01 -3.047381e+01  0.000000e+00
    endloop
  endfacet
  facet normal  0.000000e+00  -0.000000e+00 -1.000000e+00
    outer loop
      vertex -1.500000e+01 -3.100000e+01  0.000000e+00
      vertex -1.314920e+01 -3.047381e+01  0.000000e+00
      vertex -1.296265e+01 -3.070112e+01  0.000000e+00
    endloop
  endfacet
  facet normal  0.000000e+00  -0.000000e+00 -9.999999e-01
    outer loop
      vertex -1.500000e+01 -3.100000e+01  0.000000e+00
      vertex -1.296265e+01 -3.070112e+01  0.000000e+00
      vertex -1.273535e+01 -3.088766e+01  0.000000e+00
    endloop
  endfacet
  facet normal  0.000000e+00  -0.000000e+00 -1.000000e+00
    outer loop
      vertex -1.500000e+01 -3.100000e+01  0.000000e+00
      vertex -1.273535e+01 -3.088766e+01  0.000000e+00
      vertex -1.247602e+01 -3.102628e+01  0.000000e+00
    endloop
  endfacet
  facet normal  0.000000e+00  0.000000e+00 -1.000000e+00
    outer loop
      vertex -4.150000e+00 -3.200000e+01  0.000000e+00
      vertex -1.190199e+01 -3.114046e+01  0.000000e+00
      vertex -1.160935e+01 -3.111164e+01  0.000000e+00
    endloop
  endfacet
  facet normal  0.000000e+00  0.000000e+00 -1.000000e+00
    outer loop
      vertex -4.150000e+00 -3.200000e+01  0.000000e+00
      vertex -1.160935e+01 -3.111164e+01  0.000000e+00
      vertex -1.132797e+01 -3.102628e+01  0.000000e+00
    endloop
  endfacet
  facet normal  0.000000e+00  0.000000e+00 -1.000000e+00
    outer loop
      vertex -4.150000e+00 -3.200000e+01  0.000000e+00
      vertex -1.132797e+01 -3.102628e+01  0.000000e+00
      vertex -1.106864e+01 -3.088766e+01  0.000000e+00
    endloop
  endfacet
  facet normal  0.000000e+00  0.000000e+00 -1.000000e+00
    outer loop
      vertex -4.150000e+00 -3.200000e+01  0.000000e+00
      vertex -1.106864e+01 -3.088766e+01  0.000000e+00
      vertex -1.084133e+01 -3.070112e+01  0.000000e+00
    endloop
  endfacet
  facet normal  0.000000e+00  0.000000e+00 -1.000000e+00
    outer loop
      vertex -4.150000e+00 -3.200000e+01  0.000000e+00
      vertex -1.084133e+01 -3.070112e+01  0.000000e+00
      vertex -1.065479e+01 -3.047381e+01  0.000000e+00
    endloop
  endfacet
  facet normal  0.000000e+00  0.000000e+00 -1.000000e+00
    outer loop
      vertex -4.150000e+00 -3.200000e+01  0.000000e+00
      vertex -1.065479e+01 -3.047381e+01  0.000000e+00
      vertex -1.051617e+01 -3.021448e+01  0.000000e+00
    endloop
  endfacet
  facet normal  0.000000e+00  0.000000e+00 -9.999999e-01
    outer loop
      vertex -4.150000e+00 -3.200000e+01  0.000000e+00
      vertex -1.051617e+01 -3.021448e+01  0.000000e+00
      vertex -1.043081e+01 -2.993309e+01  0.000000e+00
    endloop
  endfacet
  facet normal  0.000000e+00  0.000000e+00 -1.000000e+00
    outer loop
      vertex -4.150000e+00 -3.200000e+01  0.000000e+00
      vertex -1.043081e+01 -2.993309e+01  0.000000e+00
      vertex -1.040199e+01 -2.964046e+01  0.000000e+00
    endloop
  endfacet
  facet normal  0.000000e+00  0.000000e+00 -9.999999e-01
    outer loop
      vertex -4.150000e+00 -3.200000e+01  0.000000e+00
      vertex -1.040199e+01 -2.964046e+01  0.000000e+00
      vertex -1.043081e+01 -2.934782e+01  0.000000e+00
    endloop
  endfacet
  facet normal  0.000000e+00  0.000000e+00 -9.999999e-01
    outer loop
      vertex -4.150000e+00 -3.200000e+01  0.000000e+00
      vertex -1.043081e+01 -2.934782e+01  0.000000e+00
      vertex -1.051617e+01 -2.906643e+01  0.000000e+00
    endloop
  endfacet
  facet normal  0.000000e+00  0.000000e+00 -1.000000e+00
    outer loop
      vertex -4.150000e+00 -3.200000e+01  0.000000e+00
      vertex -1.051617e+01 -2.906643e+01  0.000000e+00
      vertex -1.065479e+01 -2.880710e+01  0.000000e+00
    endloop
  endfacet
  facet normal  0.000000e+00  0.000000e+00 -1.000000e+00
    outer loop
      vertex -4.150000e+00 -3.200000e+01  0.000000e+00
      vertex -1.065479e+01 -2.880710e+01  0.000000e+00
      vertex -1.084133e+01 -2.857980e+01  0.000000e+00
    endloop
  endfacet
  facet normal  0.000000e+00  0.000000e+00 -9.999999e-01
    outer loop
      vertex -4.150000e+00 -3.200000e+01  0.000000e+00
      vertex -1.084133e+01 -2.857980e+01  0.000000e+00
      vertex -1.106864e+01 -2.839325e+01  0.000000e+00
    endloop
  endfacet
  facet normal  0.000000e+00  0.000000e+00 -9.999999e-01
    outer loop
      vertex -4.150000e+00 -2.370000e+01  0.000000e+00
      vertex -4.150000e+00 -3.200000e+01  0.000000e+00
      vertex -1.106864e+01 -2.839325e+01  0.000000e+00
    endloop
  endfacet
  facet normal  0.000000e+00  0.000000e+00 -1.000000e+00
    outer loop
      vertex -4.150000e+00 -2.370000e+01  0.000000e+00
      vertex -1.106864e+01 -2.839325e+01  0.000000e+00
      vertex -1.132797e+01 -2.825464e+01  0.000000e+00
    endloop
  endfacet
  facet normal  0.000000e+00  0.000000e+00 -1.000000e+00
    outer loop
      vertex -4.150000e+00 -2.370000e+01  0.000000e+00
      vertex -1.132797e+01 -2.825464e+01  0.000000e+00
      vertex -1.160935e+01 -2.816928e+01  0.000000e+00
    endloop
  endfacet
  facet normal  0.000000e+00  0.000000e+00 -1.000000e+00
    outer loop
      vertex -4.150000e+00 -2.370000e+01  0.000000e+00
      vertex -1.160935e+01 -2.816928e+01  0.000000e+00
      vertex -1.190199e+01 -2.814046e+01  0.000000e+00
    endloop
  endfacet
  facet normal  0.000000e+00  0.000000e+00 -9.999999e-01
    outer loop
      vertex -4.150000e+00 -2.370000e+01  0.000000e+00
      vertex -1.190199e+01 -2.814046e+01  0.000000e+00
      vertex -1.190199e+01  2.814046e+01  0.000000e+00
    endloop
  endfacet
  facet normal  0.000000e+00  0.000000e+00 -1.000000e+00
    outer loop
      vertex -4.150000e+00 -2.370000e+01  0.000000e+00
      vertex -1.190199e+01  2.814046e+01  0.000000e+00
      vertex  1.190199e+01  2.814046e+01  0.000000e+00
    endloop
  endfacet
  facet normal  0.000000e+00  0.000000e+00 -1.000000e+00
    outer loop
      vertex -4.150000e+00 -2.370000e+01  0.000000e+00
      vertex  1.190199e+01  2.814046e+01  0.000000e+00
      vertex  4.150000e+00 -2.370000e+01  0.000000e+00
    endloop
  endfacet
  facet normal  0.000000e+00  0.000000e+00 -1.000000e+00
    outer loop
      vertex  4.150000e+00 -3.200000e+01  0.000000e+00
      vertex  1.106864e+01 -2.839325e+01  0.000000e+00
      vertex  1.084133e+01 -2.857980e+01  0.000000e+00
    endloop
  endfacet
  facet normal  0.000000e+00  0.000000e+00 -1.000000e+00
    outer loop
      vertex  4.150000e+00 -3.200000e+01  0.000000e+00
      vertex  1.084133e+01 -2.857980e+01  0.000000e+00
      vertex  1.065479e+01 -2.880710e+01  0.000000e+00
    endloop
  endfacet
  facet normal  0.000000e+00  0.000000e+00 -9.999999e-01
    outer loop
      vertex  4.150000e+00 -3.200000e+01  0.000000e+00
      vertex  1.065479e+01 -2.880710e+01  0.000000e+00
      vertex  1.051617e+01 -2.906643e+01  0.000000e+00
    endloop
  endfacet
  facet normal  0.000000e+00  0.000000e+00 -9.999999e-01
    outer loop
      vertex  4.150000e+00 -3.200000e+01  0.000000e+00
      vertex  1.051617e+01 -2.906643e+01  0.000000e+00
      vertex  1.043081e+01 -2.934782e+01  0.000000e+00
    endloop
  endfacet
  facet normal  0.000000e+00  0.000000e+00 -9.999999e-01
    outer loop
      vertex  4.150000e+00 -3.200000e+01  0.000000e+00
      vertex  1.043081e+01 -2.934782e+01  0.000000e+00
      vertex  1.040199e+01 -2.964046e+01  0.000000e+00
    endloop
  endfacet
  facet normal  0.000000e+00  -0.000000e+00 -1.000000e+00
    outer loop
      vertex  4.150000e+00 -3.200000e+01  0.000000e+00
      vertex  1.040199e+01 -2.964046e+01  0.000000e+00
      vertex  1.043081e+01 -2.993309e+01  0.000000e+00
    endloop
  endfacet
  facet normal  0.000000e+00  -0.000000e+00 -9.999999e-01
    outer loop
      vertex  4.150000e+00 -3.200000e+01  0.000000e+00
      vertex  1.043081e+01 -2.993309e+01  0.000000e+00
      vertex  1.051617e+01 -3.021448e+01  0.000000e+00
    endloop
  endfacet
  facet normal  0.000000e+00  -0.000000e+00 -1.000000e+00
    outer loop
      vertex  4.150000e+00 -3.200000e+01  0.000000e+00
      vertex  1.051617e+01 -3.021448e+01  0.000000e+00
      vertex  1.065479e+01 -3.047381e+01  0.000000e+00
    endloop
  endfacet
  facet normal  0.000000e+00  -0.000000e+00 -1.000000e+00
    outer loop
      vertex  4.150000e+00 -3.200000e+01  0.000000e+00
      vertex  1.065479e+01 -3.047381e+01  0.000000e+00
      vertex  1.084133e+01 -3.070112e+01  0.000000e+00
    endloop
  endfacet
  facet normal  0.000000e+00  -0.000000e+00 -9.999999e-01
    outer loop
      vertex  4.150000e+00 -3.200000e+01  0.000000e+00
      vertex  1.084133e+01 -3.070112e+01  0.000000e+00
      vertex  1.106864e+01 -3.088766e+01  0.000000e+00
    endloop
  endfacet
  facet normal  0.000000e+00  -0.000000e+00 -1.000000e+00
    outer loop
      vertex  4.150000e+00 -3.200000e+01  0.000000e+00
      vertex  1.106864e+01 -3.088766e+01  0.000000e+00
      vertex  1.132797e+01 -3.102628e+01  0.000000e+00
    endloop
  endfacet
  facet normal  0.000000e+00  -0.000000e+00 -1.000000e+00
    outer loop
      vertex  4.150000e+00 -3.200000e+01  0.000000e+00
      vertex  1.132797e+01 -3.102628e+01  0.000000e+00
      vertex  1.160935e+01 -3.111164e+01  0.000000e+00
    endloop
  endfacet
  facet normal  0.000000e+00  -0.000000e+00 -1.000000e+00
    outer loop
      vertex  4.150000e+00 -3.200000e+01  0.000000e+00
      vertex  1.160935e+01 -3.111164e+01  0.000000e+00
      vertex  1.190199e+01 -3.114046e+01  0.000000e+00
    endloop
  endfacet
  facet normal  0.000000e+00  -0.000000e+00 -9.999999e-01
    outer loop
      vertex  4.150000e+00 -2.370000e+01  0.000000e+00
      vertex  1.190199e+01  2.814046e+01  0.000000e+00
      vertex  1.190199e+01 -2.814046e+01  0.000000e+00
    endloop
  endfacet
  facet normal  -0.000000e+00  0.000000e+00 -1.000000e+00
    outer loop
      vertex  4.150000e+00 -2.370000e+01  0.000000e+00
      vertex  1.190199e+01 -2.814046e+01  0.000000e+00
      vertex  1.160935e+01 -2.816928e+01  0.000000e+00
    endloop
  endfacet
  facet normal  -0.000000e+00  0.000000e+00 -1.000000e+00
    outer loop
      vertex  4.150000e+00 -2.370000e+01  0.000000e+00
      vertex  1.160935e+01 -2.816928e+01  0.000000e+00
      vertex  1.132797e+01 -2.825464e+01  0.000000e+00
    endloop
  endfacet
  facet normal  -0.000000e+00  0.000000e+00 -1.000000e+00
    outer loop
      vertex  4.150000e+00 -2.370000e+01  0.000000e+00
      vertex  1.132797e+01 -2.825464e+01  0.000000e+00
      vertex  1.106864e+01 -2.839325e+01  0.000000e+00
    endloop
  endfacet
  facet normal  -0.000000e+00  0.000000e+00 -1.000000e+00
    outer loop
      vertex  4.150000e+00 -2.370000e+01  0.000000e+00
      vertex  1.106864e+01 -2.839325e+01  0.000000e+00
      vertex  4.150000e+00 -3.200000e+01  0.000000e+00
    endloop
  endfacet
  facet normal  0.000000e+00  -0.000000e+00 -1.000000e+00
    outer loop
      vertex  1.190199e+01  3.114046e+01  0.000000e+00
      vertex  1.400000e+01  3.200000e+01  0.000000e+00
      vertex  1.419509e+01  3.198079e+01  0.000000e+00
    endloop
  endfacet
  facet normal  0.000000e+00  -0.000000e+00 -1.000000e+00
    outer loop
      vertex  1.190199e+01  3.114046e+01  0.000000e+00
      vertex  1.419509e+01  3.198079e+01  0.000000e+00
      vertex  1.438268e+01  3.192388e+01  0.000000e+00
    endloop
  endfacet
  facet normal  0.000000e+00  -0.000000e+00 -1.000000e+00
    outer loop
      vertex  1.190199e+01  3.114046e+01  0.000000e+00
      vertex  1.438268e+01  3.192388e+01  0.000000e+00
      vertex  1.455557e+01  3.183147e+01  0.000000e+00
    endloop
  endfacet
  facet normal  0.000000e+00  -0.000000e+00 -9.999999e-01
    outer loop
      vertex  1.190199e+01  3.114046e+01  0.000000e+00
      vertex  1.455557e+01  3.183147e+01  0.000000e+00
      vertex  1.470711e+01  3.170711e+01  0.000000e+00
    endloop
  endfacet
  facet normal  0.000000e+00  -0.000000e+00 -1.000000e+00
    outer loop
      vertex  1.190199e+01  3.114046e+01  0.000000e+00
      vertex  1.470711e+01  3.170711e+01  0.000000e+00
      vertex  1.483147e+01  3.155557e+01  0.000000e+00
    endloop
  endfacet
  facet normal  0.000000e+00  -0.000000e+00 -1.000000e+00
    outer loop
      vertex  1.190199e+01  3.114046e+01  0.000000e+00
      vertex  1.483147e+01  3.155557e+01  0.000000e+00
      vertex  1.492388e+01  3.138268e+01  0.000000e+00
    endloop
  endfacet
  facet normal  0.000000e+00  -0.000000e+00 -1.000000e+00
    outer loop
      vertex  1.190199e+01  3.114046e+01  0.000000e+00
      vertex  1.492388e+01  3.138268e+01  0.000000e+00
      vertex  1.498079e+01  3.119509e+01  0.000000e+00
    endloop
  endfacet
  facet normal  0.000000e+00  0.000000e+00 -1.000000e+00
    outer loop
      vertex  1.500000e+01 -3.100000e+01  0.000000e+00
      vertex  1.498079e+01 -3.119509e+01  0.000000e+00
      vertex  1.219463e+01 -3.111164e+01  0.000000e+00
    endloop
  endfacet
  facet normal  0.000000e+00  0.000000e+00 -1.000000e+00
    outer loop
      vertex  1.500000e+01 -3.100000e+01  0.000000e+00
      vertex  1.219463e+01 -3.111164e+01  0.000000e+00
      vertex  1.247602e+01 -3.102628e+01  0.000000e+00
    endloop
  endfacet
  facet normal  0.000000e+00  0.000000e+00 -1.000000e+00
    outer loop
      vertex  1.500000e+01 -3.100000e+01  0.000000e+00
      vertex  1.247602e+01 -3.102628e+01  0.000000e+00
      vertex  1.273535e+01 -3.088766e+01  0.000000e+00
    endloop
  endfacet
  facet normal  0.000000e+00  0.000000e+00 -9.999999e-01
    outer loop
      vertex  1.500000e+01 -3.100000e+01  0.000000e+00
      vertex  1.273535e+01 -3.088766e+01  0.000000e+00
      vertex  1.296265e+01 -3.070112e+01  0.000000e+00
    endloop
  endfacet
  facet normal  0.000000e+00  0.000000e+00 -1.000000e+00
    outer loop
      vertex  1.500000e+01 -3.100000e+01  0.000000e+00
      vertex  1.296265e+01 -3.070112e+01  0.000000e+00
      vertex  1.314920e+01 -3.047381e+01  0.000000e+00
    endloop
  endfacet
  facet normal  0.000000e+00  0.000000e+00 -1.000000e+00
    outer loop
      vertex  1.500000e+01 -3.100000e+01  0.000000e+00
      vertex  1.314920e+01 -3.047381e+01  0.000000e+00
      vertex  1.328781e+01 -3.021448e+01  0.000000e+00
    endloop
  endfacet
  facet normal  0.000000e+00  0.000000e+00 -1.000000e+00
    outer loop
      vertex  1.500000e+01 -3.100000e+01  0.000000e+00
      vertex  1.328781e+01 -3.021448e+01  0.000000e+00
      vertex  1.337317e+01 -2.993309e+01  0.000000e+00
    endloop
  endfacet
  facet normal  0.000000e+00  0.000000e+00 -1.000000e+00
    outer loop
      vertex  1.500000e+01 -3.100000e+01  0.000000e+00
      vertex  1.337317e+01 -2.993309e+01  0.000000e+00
      vertex  1.340199e+01 -2.964046e+01  0.000000e+00
    endloop
  endfacet
  facet normal  0.000000e+00  0.000000e+00 -1.000000e+00
    outer loop
      vertex  1.500000e+01 -3.100000e+01  0.000000e+00
      vertex  1.340199e+01 -2.964046e+01  0.000000e+00
      vertex  1.337317e+01 -2.934782e+01  0.000000e+00
    endloop
  endfacet
  facet normal  0.000000e+00  0.000000e+00 -1.000000e+00
    outer loop
      vertex  1.500000e+01 -3.100000e+01  0.000000e+00
      vertex  1.337317e+01 -2.934782e+01  0.000000e+00
      vertex  1.328781e+01 -2.906643e+01  0.000000e+00
    endloop
  endfacet
  facet normal  0.000000e+00  0.000000e+00 -1.000000e+00
    outer loop
      vertex  1.500000e+01 -3.100000e+01  0.000000e+00
      vertex  1.328781e+01 -2.906643e+01  0.000000e+00
      vertex  1.314920e+01 -2.880710e+01  0.000000e+00
    endloop
  endfacet
  facet normal  0.000000e+00  0.000000e+00 -1.000000e+00
    outer loop
      vertex  1.500000e+01 -3.100000e+01  0.000000e+00
      vertex  1.314920e+01 -2.880710e+01  0.000000e+00
      vertex  1.190199e+01  2.814046e+01  0.000000e+00
    endloop
  endfacet
  facet normal  0.000000e+00  0.000000e+00 -1.000000e+00
    outer loop
      vertex  1.500000e+01 -3.100000e+01  0.000000e+00
      vertex  1.190199e+01  2.814046e+01  0.000000e+00
      vertex  1.219463e+01  2.816928e+01  0.000000e+00
    endloop
  endfacet
  facet normal  0.000000e+00  0.000000e+00 -9.999999e-01
    outer loop
      vertex  1.500000e+01 -3.100000e+01  0.000000e+00
      vertex  1.219463e+01  2.816928e+01  0.000000e+00
      vertex  1.247602e+01  2.825464e+01  0.000000e+00
    endloop
  endfacet
  facet normal  0.000000e+00  0.000000e+00 -1.000000e+00
    outer loop
      vertex  1.500000e+01 -3.100000e+01  0.000000e+00
      vertex  1.247602e+01  2.825464e+01  0.000000e+00
      vertex  1.273535e+01  2.839325e+01  0.000000e+00
    endloop
  endfacet
  facet normal  0.000000e+00  0.000000e+00 -9.999999e-01
    outer loop
      vertex  1.500000e+01 -3.100000e+01  0.000000e+00
      vertex  1.273535e+01  2.839325e+01  0.000000e+00
      vertex  1.296265e+01  2.857980e+01  0.000000e+00
    endloop
  endfacet
  facet normal  0.000000e+00  0.000000e+00 -1.000000e+00
    outer loop
      vertex  1.500000e+01 -3.100000e+01  0.000000e+00
      vertex  1.296265e+01  2.857980e+01  0.000000e+00
      vertex  1.314920e+01  2.880710e+01  0.000000e+00
    endloop
  endfacet
  facet normal  0.000000e+00  0.000000e+00 -1.000000e+00
    outer loop
      vertex  1.500000e+01 -3.100000e+01  0.000000e+00
      vertex  1.314920e+01  2.880710e+01  0.000000e+00
      vertex  1.328781e+01  2.906643e+01  0.000000e+00
    endloop
  endfacet
  facet normal  0.000000e+00  0.000000e+00 -1.000000e+00
    outer loop
      vertex  1.500000e+01 -3.100000e+01  0.000000e+00
      vertex  1.328781e+01  2.906643e+01  0.000000e+00
      vertex  1.337317e+01  2.934782e+01  0.000000e+00
    endloop
  endfacet
  facet normal  0.000000e+00  0.000000e+00 -1.000000e+00
    outer loop
      vertex  1.500000e+01 -3.100000e+01  0.000000e+00
      vertex  1.337317e+01  2.934782e+01  0.000000e+00
      vertex  1.340199e+01  2.964046e+01  0.000000e+00
    endloop
  endfacet
  facet normal  0.000000e+00  0.000000e+00 -1.000000e+00
    outer loop
      vertex  1.040199e+01  2.964046e+01  0.000000e+00
      vertex -1.043081e+01  2.993309e+01  0.000000e+00
      vertex  1.043081e+01  2.993309e+01  0.000000e+00
    endloop
  endfacet
  facet normal  0.000000e+00  0.000000e+00 -1.000000e+00
    outer loop
      vertex  1.043081e+01  2.993309e+01  0.000000e+00
      vertex -1.043081e+01  2.993309e+01  0.000000e+00
      vertex -1.051617e+01  3.021448e+01  0.000000e+00
    endloop
  endfacet
  facet normal  0.000000e+00  0.000000e+00 -1.000000e+00
    outer loop
      vertex  1.043081e+01  2.993309e+01  0.000000e+00
      vertex -1.051617e+01  3.021448e+01  0.000000e+00
      vertex  1.051617e+01  3.021448e+01  0.000000e+00
    endloop
  endfacet
  facet normal  0.000000e+00  0.000000e+00 -1.000000e+00
    outer loop
      vertex  1.051617e+01  3.021448e+01  0.000000e+00
      vertex -1.051617e+01  3.021448e+01  0.000000e+00
      vertex -1.065479e+01  3.047381e+01  0.000000e+00
    endloop
  endfacet
  facet normal  0.000000e+00  0.000000e+00 -1.000000e+00
    outer loop
      vertex  1.051617e+01  3.021448e+01  0.000000e+00
      vertex -1.065479e+01  3.047381e+01  0.000000e+00
      vertex  1.065479e+01  3.047381e+01  0.000000e+00
    endloop
  endfacet
  facet normal  0.000000e+00  0.000000e+00 -1.000000e+00
    outer loop
      vertex  1.065479e+01  3.047381e+01  0.000000e+00
      vertex -1.065479e+01  3.047381e+01  0.000000e+00
      vertex -1.084133e+01  3.070112e+01  0.000000e+00
    endloop
  endfacet
  facet normal  0.000000e+00  0.000000e+00 -1.000000e+00
    outer loop
      vertex  1.065479e+01  3.047381e+01  0.000000e+00
      vertex -1.084133e+01  3.070112e+01  0.000000e+00
      vertex  1.084133e+01  3.070112e+01  0.000000e+00
    endloop
  endfacet
  facet normal  0.000000e+00  0.000000e+00 -1.000000e+00
    outer loop
      vertex  1.084133e+01  3.070112e+01  0.000000e+00
      vertex -1.084133e+01  3.070112e+01  0.000000e+00
      vertex -1.106864e+01  3.088766e+01  0.000000e+00
    endloop
  endfacet
  facet normal  0.000000e+00  0.000000e+00 -1.000000e+00
    outer loop
      vertex  1.084133e+01  3.070112e+01  0.000000e+00
      vertex -1.106864e+01  3.088766e+01  0.000000e+00
      vertex  1.106864e+01  3.088766e+01  0.000000e+00
    endloop
  endfacet
  facet normal  0.000000e+00  0.000000e+00 -1.000000e+00
    outer loop
      vertex  1.106864e+01  3.088766e+01  0.000000e+00
      vertex -1.106864e+01  3.088766e+01  0.000000e+00
      vertex -1.132797e+01  3.102628e+01  0.000000e+00
    endloop
  endfacet
  facet normal  0.000000e+00  0.000000e+00 -1.000000e+00
    outer loop
      vertex  1.106864e+01  3.088766e+01  0.000000e+00
      vertex -1.132797e+01  3.102628e+01  0.000000e+00
      vertex  1.132797e+01  3.102628e+01  0.000000e+00
    endloop
  endfacet
  facet normal  0.000000e+00  0.000000e+00 -1.000000e+00
    outer loop
      vertex  1.132797e+01  3.102628e+01  0.000000e+00
      vertex -1.132797e+01  3.102628e+01  0.000000e+00
      vertex -1.160935e+01  3.111164e+01  0.000000e+00
    endloop
  endfacet
  facet normal  0.000000e+00  0.000000e+00 -1.000000e+00
    outer loop
      vertex  1.132797e+01  3.102628e+01  0.000000e+00
      vertex -1.160935e+01  3.111164e+01  0.000000e+00
      vertex  1.160935e+01  3.111164e+01  0.000000e+00
    endloop
  endfacet
  facet normal  0.000000e+00  0.000000e+00 -1.000000e+00
    outer loop
      vertex -1.043081e+01  2.993309e+01  0.000000e+00
      vertex  1.040199e+01  2.964046e+01  0.000000e+00
      vertex -1.040199e+01  2.964046e+01  0.000000e+00
    endloop
  endfacet
  facet normal  0.000000e+00  0.000000e+00 -1.000000e+00
    outer loop
      vertex -1.040199e+01  2.964046e+01  0.000000e+00
      vertex  1.040199e+01  2.964046e+01  0.000000e+00
      vertex  1.043081e+01  2.934782e+01  0.000000e+00
    endloop
  endfacet
  facet normal  0.000000e+00  0.000000e+00 -1.000000e+00
    outer loop
      vertex -1.040199e+01  2.964046e+01  0.000000e+00
      vertex  1.043081e+01  2.934782e+01  0.000000e+00
      vertex -1.043081e+01  2.934782e+01  0.000000e+00
    endloop
  endfacet
  facet normal  0.000000e+00  0.000000e+00 -1.000000e+00
    outer loop
      vertex -1.043081e+01  2.934782e+01  0.000000e+00
      vertex  1.043081e+01  2.934782e+01  0.000000e+00
      vertex  1.051617e+01  2.906643e+01  0.000000e+00
    endloop
  endfacet
  facet normal  0.000000e+00  0.000000e+00 -1.000000e+00
    outer loop
      vertex -1.043081e+01  2.934782e+01  0.000000e+00
      vertex  1.051617e+01  2.906643e+01  0.000000e+00
      vertex -1.051617e+01  2.906643e+01  0.000000e+00
    endloop
  endfacet
  facet normal  0.000000e+00  0.000000e+00 -1.000000e+00
    outer loop
      vertex -1.051617e+01  2.906643e+01  0.000000e+00
      vertex  1.051617e+01  2.906643e+01  0.000000e+00
      vertex  1.065479e+01  2.880710e+01  0.000000e+00
    endloop
  endfacet
  facet normal  0.000000e+00  0.000000e+00 -1.000000e+00
    outer loop
      vertex -1.051617e+01  2.906643e+01  0.000000e+00
      vertex  1.065479e+01  2.880710e+01  0.000000e+00
      vertex -1.065479e+01  2.880710e+01  0.000000e+00
    endloop
  endfacet
  facet normal  0.000000e+00  0.000000e+00 -1.000000e+00
    outer loop
      vertex -1.065479e+01  2.880710e+01  0.000000e+00
      vertex  1.065479e+01  2.880710e+01  0.000000e+00
      vertex  1.084133e+01  2.857980e+01  0.000000e+00
    endloop
  endfacet
  facet normal  0.000000e+00  0.000000e+00 -1.000000e+00
    outer loop
      vertex -1.065479e+01  2.880710e+01  0.000000e+00
      vertex  1.084133e+01  2.857980e+01  0.000000e+00
      vertex -1.084133e+01  2.857980e+01  0.000000e+00
    endloop
  endfacet
  facet normal  0.000000e+00  0.000000e+00 -1.000000e+00
    outer loop
      vertex -1.084133e+01  2.857980e+01  0.000000e+00
      vertex  1.084133e+01  2.857980e+01  0.000000e+00
      vertex  1.106864e+01  2.839325e+01  0.000000e+00
    endloop
  endfacet
  facet normal  0.000000e+00  0.000000e+00 -1.000000e+00
    outer loop
      vertex -1.084133e+01  2.857980e+01  0.000000e+00
      vertex  1.106864e+01  2.839325e+01  0.000000e+00
      vertex -1.106864e+01  2.839325e+01  0.000000e+00
    endloop
  endfacet
  facet normal  0.000000e+00  0.000000e+00 -1.000000e+00
    outer loop
      vertex -1.106864e+01  2.839325e+01  0.000000e+00
      vertex  1.106864e+01  2.839325e+01  0.000000e+00
      vertex  1.132797e+01  2.825464e+01  0.000000e+00
    endloop
  endfacet
  facet normal  0.000000e+00  0.000000e+00 -1.000000e+00
    outer loop
      vertex -1.106864e+01  2.839325e+01  0.000000e+00
      vertex  1.132797e+01  2.825464e+01  0.000000e+00
      vertex -1.132797e+01  2.825464e+01  0.000000e+00
    endloop
  endfacet
  facet normal  0.000000e+00  0.000000e+00 -9.999999e-01
    outer loop
      vertex -1.132797e+01  2.825464e+01  0.000000e+00
      vertex  1.132797e+01  2.825464e+01  0.000000e+00
      vertex  1.160935e+01  2.816928e+01  0.000000e+00
    endloop
  endfacet
  facet normal  0.000000e+00  0.000000e+00 -1.000000e+00
    outer loop
      vertex -1.132797e+01  2.825464e+01  0.000000e+00
      vertex  1.160935e+01  2.816928e+01  0.000000e+00
      vertex -1.160935e+01  2.816928e+01  0.000000e+00
    endloop
  endfacet
  facet normal  0.000000e+00  0.000000e+00 -9.999999e-01
    outer loop
      vertex -1.160935e+01  2.816928e+01  0.000000e+00
      vertex  1.160935e+01  2.816928e+01  0.000000e+00
      vertex  1.190199e+01  2.814046e+01  0.000000e+00
    endloop
  endfacet
  facet normal  0.000000e+00  0.000000e+00 -1.000000e+00
    outer loop
      vertex -1.160935e+01  2.816928e+01  0.000000e+00
      vertex  1.190199e+01  2.814046e+01  0.000000e+00
      vertex -1.190199e+01  2.814046e+01  0.000000e+00
    endloop
  endfacet
  facet normal  0.000000e+00  -0.000000e+00  1.000000e+00
    outer loop
      vertex -1.314920e+01 -2.880710e+01  1.500000e+00
      vertex -1.296265e+01 -2.857980e+01  1.500000e+00
      vertex -1.190199e+01  2.814046e+01  1.500000e+00
    endloop
  endfacet
  facet normal  0.000000e+00  -0.000000e+00  1.000000e+00
    outer loop
      vertex -1.296265e+01 -2.857980e+01  1.500000e+00
      vertex -1.273535e+01 -2.839325e+01  1.500000e+00
      vertex -1.190199e+01  2.814046e+01  1.500000e+00
    endloop
  endfacet
  facet normal  0.000000e+00  -0.000000e+00  9.999999e-01
    outer loop
      vertex -1.273535e+01 -2.839325e+01  1.500000e+00
      vertex -1.247602e+01 -2.825464e+01  1.500000e+00
      vertex -1.190199e+01  2.814046e+01  1.500000e+00
    endloop
  endfacet
  facet normal  0.000000e+00  -0.000000e+00  1.000000e+00
    outer loop
      vertex -1.247602e+01 -2.825464e+01  1.500000e+00
      vertex -1.219463e+01 -2.816928e+01  1.500000e+00
      vertex -1.190199e+01  2.814046e+01  1.500000e+00
    endloop
  endfacet
  facet normal  0.000000e+00  -0.000000e+00  1.000000e+00
    outer loop
      vertex -1.219463e+01 -2.816928e+01  1.500000e+00
      vertex -1.190199e+01 -2.814046e+01  1.500000e+00
      vertex -1.190199e+01  2.814046e+01  1.500000e+00
    endloop
  endfacet
  facet normal  0.000000e+00  0.000000e+00  1.000000e+00
    outer loop
      vertex  1.314920e+01 -2.880710e+01  1.500000e+00
      vertex  1.190199e+01  2.814046e+01  1.500000e+00
      vertex  1.296265e+01 -2.857980e+01  1.500000e+00
    endloop
  endfacet
  facet normal  0.000000e+00  0.000000e+00  1.000000e+00
    outer loop
      vertex  1.296265e+01 -2.857980e+01  1.500000e+00
      vertex  1.190199e+01  2.814046e+01  1.500000e+00
      vertex  1.273535e+01 -2.839325e+01  1.500000e+00
    endloop
  endfacet
  facet normal  0.000000e+00  0.000000e+00  9.999999e-01
    outer loop
      vertex  1.273535e+01 -2.839325e+01  1.500000e+00
      vertex  1.190199e+01  2.814046e+01  1.500000e+00
      vertex  1.247602e+01 -2.825464e+01  1.500000e+00
    endloop
  endfacet
  facet normal  0.000000e+00  0.000000e+00  1.000000e+00
    outer loop
      vertex  1.247602e+01 -2.825464e+01  1.500000e+00
      vertex  1.190199e+01  2.814046e+01  1.500000e+00
      vertex  1.219463e+01 -2.816928e+01  1.500000e+00
    endloop
  endfacet
  facet normal  0.000000e+00  0.000000e+00  1.000000e+00
    outer loop
      vertex  1.219463e+01 -2.816928e+01  1.500000e+00
      vertex  1.190199e+01  2.814046e+01  1.500000e+00
      vertex  1.190199e+01 -2.814046e+01  1.500000e+00
    endloop
  endfacet
  facet normal  0.000000e+00  0.000000e+00  1.000000e+00
    outer loop
      vertex  1.500000e+01  3.100000e+01  1.500000e+00
      vertex  1.498079e+01  3.119509e+01  1.500000e+00
      vertex  1.190199e+01  3.114046e+01  1.500000e+00
    endloop
  endfacet
  facet normal  0.000000e+00  0.000000e+00  1.000000e+00
    outer loop
      vertex  1.500000e+01  3.100000e+01  1.500000e+00
      vertex  1.190199e+01  3.114046e+01  1.500000e+00
      vertex  1.219463e+01  3.111164e+01  1.500000e+00
    endloop
  endfacet
  facet normal  0.000000e+00  0.000000e+00  1.000000e+00
    outer loop
      vertex  1.500000e+01  3.100000e+01  1.500000e+00
      vertex  1.219463e+01  3.111164e+01  1.500000e+00
      vertex  1.247602e+01  3.102628e+01  1.500000e+00
    endloop
  endfacet
  facet normal  0.000000e+00  0.000000e+00  1.000000e+00
    outer loop
      vertex  1.500000e+01  3.100000e+01  1.500000e+00
      vertex  1.247602e+01  3.102628e+01  1.500000e+00
      vertex  1.273535e+01  3.088766e+01  1.500000e+00
    endloop
  endfacet
  facet normal  -0.000000e+00  0.000000e+00  9.999999e-01
    outer loop
      vertex  1.500000e+01  3.100000e+01  1.500000e+00
      vertex  1.273535e+01  3.088766e+01  1.500000e+00
      vertex  1.296265e+01  3.070112e+01  1.500000e+00
    endloop
  endfacet
  facet normal  -0.000000e+00  0.000000e+00  1.000000e+00
    outer loop
      vertex  1.500000e+01  3.100000e+01  1.500000e+00
      vertex  1.296265e+01  3.070112e+01  1.500000e+00
      vertex  1.314920e+01  3.047381e+01  1.500000e+00
    endloop
  endfacet
  facet normal  -0.000000e+00  0.000000e+00  1.000000e+00
    outer loop
      vertex  1.500000e+01  3.100000e+01  1.500000e+00
      vertex  1.314920e+01  3.047381e+01  1.500000e+00
      vertex  1.328781e+01  3.021448e+01  1.500000e+00
    endloop
  endfacet
  facet normal  -0.000000e+00  0.000000e+00  1.000000e+00
    outer loop
      vertex  1.500000e+01  3.100000e+01  1.500000e+00
      vertex  1.328781e+01  3.021448e+01  1.500000e+00
      vertex  1.337317e+01  2.993309e+01  1.500000e+00
    endloop
  endfacet
  facet normal  -0.000000e+00  0.000000e+00  1.000000e+00
    outer loop
      vertex  1.500000e+01  3.100000e+01  1.500000e+00
      vertex  1.337317e+01  2.993309e+01  1.500000e+00
      vertex  1.340199e+01  2.964046e+01  1.500000e+00
    endloop
  endfacet
  facet normal  -0.000000e+00  0.000000e+00  1.000000e+00
    outer loop
      vertex  1.500000e+01  3.100000e+01  1.500000e+00
      vertex  1.340199e+01  2.964046e+01  1.500000e+00
      vertex  1.500000e+01 -3.100000e+01  1.500000e+00
    endloop
  endfacet
  facet normal  -0.000000e+00  -0.000000e+00  1.000000e+00
    outer loop
      vertex -1.498079e+01 -3.119509e+01  1.500000e+00
      vertex -1.492388e+01 -3.138268e+01  1.500000e+00
      vertex -1.483147e+01 -3.155557e+01  1.500000e+00
    endloop
  endfacet
  facet normal  -0.000000e+00  -0.000000e+00  1.000000e+00
    outer loop
      vertex -1.498079e+01 -3.119509e+01  1.500000e+00
      vertex -1.483147e+01 -3.155557e+01  1.500000e+00
      vertex -1.470711e+01 -3.170711e+01  1.500000e+00
    endloop
  endfacet
  facet normal  -0.000000e+00  -0.000000e+00  1.000000e+00
    outer loop
      vertex -1.498079e+01 -3.119509e+01  1.500000e+00
      vertex -1.470711e+01 -3.170711e+01  1.500000e+00
      vertex -1.455557e+01 -3.183147e+01  1.500000e+00
    endloop
  endfacet
  facet normal  -0.000000e+00  -0.000000e+00  1.000000e+00
    outer loop
      vertex -1.498079e+01 -3.119509e+01  1.500000e+00
      vertex -1.455557e+01 -3.183147e+01  1.500000e+00
      vertex -1.438268e+01 -3.192388e+01  1.500000e+00
    endloop
  endfacet
  facet normal  -0.000000e+00  -0.000000e+00  1.000000e+00
    outer loop
      vertex -1.498079e+01 -3.119509e+01  1.500000e+00
      vertex -1.438268e+01 -3.192388e+01  1.500000e+00
      vertex -1.419509e+01 -3.198079e+01  1.500000e+00
    endloop
  endfacet
  facet normal  -0.000000e+00  -0.000000e+00  1.000000e+00
    outer loop
      vertex -1.498079e+01 -3.119509e+01  1.500000e+00
      vertex -1.419509e+01 -3.198079e+01  1.500000e+00
      vertex -1.400000e+01 -3.200000e+01  1.500000e+00
    endloop
  endfacet
  facet normal  0.000000e+00  -0.000000e+00  1.000000e+00
    outer loop
      vertex -1.498079e+01 -3.119509e+01  1.500000e+00
      vertex -1.400000e+01 -3.200000e+01  1.500000e+00
      vertex -1.190199e+01 -3.114046e+01  1.500000e+00
    endloop
  endfacet
  facet normal  0.000000e+00  0.000000e+00  1.000000e+00
    outer loop
      vertex -1.498079e+01 -3.119509e+01  1.500000e+00
      vertex -1.190199e+01 -3.114046e+01  1.500000e+00
      vertex -1.219463e+01 -3.111164e+01  1.500000e+00
    endloop
  endfacet
  facet normal  0.000000e+00  0.000000e+00  1.000000e+00
    outer loop
      vertex -1.498079e+01 -3.119509e+01  1.500000e+00
      vertex -1.219463e+01 -3.111164e+01  1.500000e+00
      vertex -1.247602e+01 -3.102628e+01  1.500000e+00
    endloop
  endfacet
  facet normal  0.000000e+00  0.000000e+00  9.999999e-01
    outer loop
      vertex -1.498079e+01 -3.119509e+01  1.500000e+00
      vertex -1.247602e+01 -3.102628e+01  1.500000e+00
      vertex -1.500000e+01 -3.100000e+01  1.500000e+00
    endloop
  endfacet
  facet normal  0.000000e+00  0.000000e+00  9.999999e-01
    outer loop
      vertex  1.190199e+01 -3.114046e+01  1.500000e+00
      vertex  1.160935e+01 -3.111164e+01  1.500000e+00
      vertex -1.160935e+01 -3.111164e+01  1.500000e+00
    endloop
  endfacet
  facet normal  0.000000e+00  0.000000e+00  1.000000e+00
    outer loop
      vertex  1.190199e+01 -3.114046e+01  1.500000e+00
      vertex -1.160935e+01 -3.111164e+01  1.500000e+00
      vertex -1.190199e+01 -3.114046e+01  1.500000e+00
    endloop
  endfacet
  facet normal  -0.000000e+00  0.000000e+00  1.000000e+00
    outer loop
      vertex  1.190199e+01 -3.114046e+01  1.500000e+00
      vertex -1.190199e+01 -3.114046e+01  1.500000e+00
      vertex -1.400000e+01 -3.200000e+01  1.500000e+00
    endloop
  endfacet
  facet normal  0.000000e+00  0.000000e+00  1.000000e+00
    outer loop
      vertex  1.190199e+01 -3.114046e+01  1.500000e+00
      vertex -1.400000e+01 -3.200000e+01  1.500000e+00
      vertex  1.400000e+01 -3.200000e+01  1.500000e+00
    endloop
  endfacet
  facet normal  0.000000e+00  -0.000000e+00  1.000000e+00
    outer loop
      vertex  1.190199e+01 -3.114046e+01  1.500000e+00
      vertex  1.400000e+01 -3.200000e+01  1.500000e+00
      vertex  1.419509e+01 -3.198079e+01  1.500000e+00
    endloop
  endfacet
  facet normal  0.000000e+00  -0.000000e+00  1.000000e+00
    outer loop
      vertex  1.190199e+01 -3.114046e+01  1.500000e+00
      vertex  1.419509e+01 -3.198079e+01  1.500000e+00
      vertex  1.438268e+01 -3.192388e+01  1.500000e+00
    endloop
  endfacet
  facet normal  0.000000e+00  -0.000000e+00  1.000000e+00
    outer loop
      vertex  1.190199e+01 -3.114046e+01  1.500000e+00
      vertex  1.438268e+01 -3.192388e+01  1.500000e+00
      vertex  1.455557e+01 -3.183147e+01  1.500000e+00
    endloop
  endfacet
  facet normal  0.000000e+00  -0.000000e+00  9.999999e-01
    outer loop
      vertex  1.190199e+01 -3.114046e+01  1.500000e+00
      vertex  1.455557e+01 -3.183147e+01  1.500000e+00
      vertex  1.470711e+01 -3.170711e+01  1.500000e+00
    endloop
  endfacet
  facet normal  0.000000e+00  -0.000000e+00  1.000000e+00
    outer loop
      vertex  1.190199e+01 -3.114046e+01  1.500000e+00
      vertex  1.470711e+01 -3.170711e+01  1.500000e+00
      vertex  1.483147e+01 -3.155557e+01  1.500000e+00
    endloop
  endfacet
  facet normal  0.000000e+00  -0.000000e+00  1.000000e+00
    outer loop
      vertex  1.190199e+01 -3.114046e+01  1.500000e+00
      vertex  1.483147e+01 -3.155557e+01  1.500000e+00
      vertex  1.492388e+01 -3.138268e+01  1.500000e+00
    endloop
  endfacet
  facet normal  0.000000e+00  -0.000000e+00  1.000000e+00
    outer loop
      vertex  1.190199e+01 -3.114046e+01  1.500000e+00
      vertex  1.492388e+01 -3.138268e+01  1.500000e+00
      vertex  1.498079e+01 -3.119509e+01  1.500000e+00
    endloop
  endfacet
  facet normal  0.000000e+00  0.000000e+00  1.000000e+00
    outer loop
      vertex  1.190199e+01 -3.114046e+01  1.500000e+00
      vertex  1.498079e+01 -3.119509e+01  1.500000e+00
      vertex  1.219463e+01 -3.111164e+01  1.500000e+00
    endloop
  endfacet
  facet normal  0.000000e+00  -0.000000e+00  9.999999e-01
    outer loop
      vertex -1.190199e+01  3.114046e+01  1.500000e+00
      vertex -1.160935e+01  3.111164e+01  1.500000e+00
      vertex  1.160935e+01  3.111164e+01  1.500000e+00
    endloop
  endfacet
  facet normal  0.000000e+00  -0.000000e+00  1.000000e+00
    outer loop
      vertex -1.190199e+01  3.114046e+01  1.500000e+00
      vertex  1.160935e+01  3.111164e+01  1.500000e+00
      vertex  1.190199e+01  3.114046e+01  1.500000e+00
    endloop
  endfacet
  facet normal  0.000000e+00  -0.000000e+00  1.000000e+00
    outer loop
      vertex -1.190199e+01  3.114046e+01  1.500000e+00
      vertex  1.190199e+01  3.114046e+01  1.500000e+00
      vertex  1.400000e+01  3.200000e+01  1.500000e+00
    endloop
  endfacet
  facet normal  0.000000e+00  0.000000e+00  1.000000e+00
    outer loop
      vertex -1.190199e+01  3.114046e+01  1.500000e+00
      vertex  1.400000e+01  3.200000e+01  1.500000e+00
      vertex  3.240000e+00  3.200000e+01  1.500000e+00
    endloop
  endfacet
  facet normal  0.000000e+00  0.000000e+00  9.999999e-01
    outer loop
      vertex -1.190199e+01  3.114046e+01  1.500000e+00
      vertex  3.240000e+00  3.200000e+01  1.500000e+00
      vertex -3.240000e+00  3.200000e+01  1.500000e+00
    endloop
  endfacet
  facet normal  0.000000e+00  0.000000e+00  1.000000e+00
    outer loop
      vertex -1.190199e+01  3.114046e+01  1.500000e+00
      vertex -3.240000e+00  3.200000e+01  1.500000e+00
      vertex -1.400000e+01  3.200000e+01  1.500000e+00
    endloop
  endfacet
  facet normal  0.000000e+00  0.000000e+00  1.000000e+00
    outer loop
      vertex -1.190199e+01  3.114046e+01  1.500000e+00
      vertex -1.400000e+01  3.200000e+01  1.500000e+00
      vertex -1.419509e+01  3.198079e+01  1.500000e+00
    endloop
  endfacet
  facet normal  0.000000e+00  0.000000e+00  1.000000e+00
    outer loop
      vertex -1.190199e+01  3.114046e+01  1.500000e+00
      vertex -1.419509e+01  3.198079e+01  1.500000e+00
      vertex -1.438268e+01  3.192388e+01  1.500000e+00
    endloop
  endfacet
  facet normal  0.000000e+00  0.000000e+00  1.000000e+00
    outer loop
      vertex -1.190199e+01  3.114046e+01  1.500000e+00
      vertex -1.438268e+01  3.192388e+01  1.500000e+00
      vertex -1.455557e+01  3.183147e+01  1.500000e+00
    endloop
  endfacet
  facet normal  0.000000e+00  0.000000e+00  9.999999e-01
    outer loop
      vertex -1.190199e+01  3.114046e+01  1.500000e+00
      vertex -1.455557e+01  3.183147e+01  1.500000e+00
      vertex -1.470711e+01  3.170711e+01  1.500000e+00
    endloop
  endfacet
  facet normal  0.000000e+00  0.000000e+00  1.000000e+00
    outer loop
      vertex -1.190199e+01  3.114046e+01  1.500000e+00
      vertex -1.470711e+01  3.170711e+01  1.500000e+00
      vertex -1.483147e+01  3.155557e+01  1.500000e+00
    endloop
  endfacet
  facet normal  0.000000e+00  0.000000e+00  1.000000e+00
    outer loop
      vertex -1.190199e+01  3.114046e+01  1.500000e+00
      vertex -1.483147e+01  3.155557e+01  1.500000e+00
      vertex -1.492388e+01  3.138268e+01  1.500000e+00
    endloop
  endfacet
  facet normal  0.000000e+00  0.000000e+00  1.000000e+00
    outer loop
      vertex -1.190199e+01  3.114046e+01  1.500000e+00
      vertex -1.492388e+01  3.138268e+01  1.500000e+00
      vertex -1.498079e+01  3.119509e+01  1.500000e+00
    endloop
  endfacet
  facet normal  0.000000e+00  0.000000e+00  1.000000e+00
    outer loop
      vertex -1.500000e+01  3.100000e+01  1.500000e+00
      vertex -1.500000e+01 -3.100000e+01  1.500000e+00
      vertex -1.340199e+01  2.964046e+01  1.500000e+00
    endloop
  endfacet
  facet normal  0.000000e+00  -0.000000e+00  1.000000e+00
    outer loop
      vertex -1.500000e+01  3.100000e+01  1.500000e+00
      vertex -1.340199e+01  2.964046e+01  1.500000e+00
      vertex -1.337317e+01  2.993309e+01  1.500000e+00
    endloop
  endfacet
  facet normal  0.000000e+00  -0.000000e+00  1.000000e+00
    outer loop
      vertex -1.500000e+01  3.100000e+01  1.500000e+00
      vertex -1.337317e+01  2.993309e+01  1.500000e+00
      vertex -1.328781e+01  3.021448e+01  1.500000e+00
    endloop
  endfacet
  facet normal  0.000000e+00  -0.000000e+00  1.000000e+00
    outer loop
      vertex -1.500000e+01  3.100000e+01  1.500000e+00
      vertex -1.328781e+01  3.021448e+01  1.500000e+00
      vertex -1.314920e+01  3.047381e+01  1.500000e+00
    endloop
  endfacet
  facet normal  0.000000e+00  -0.000000e+00  1.000000e+00
    outer loop
      vertex -1.500000e+01  3.100000e+01  1.500000e+00
      vertex -1.314920e+01  3.047381e+01  1.500000e+00
      vertex -1.296265e+01  3.070112e+01  1.500000e+00
    endloop
  endfacet
  facet normal  0.000000e+00  -0.000000e+00  9.999999e-01
    outer loop
      vertex -1.500000e+01  3.100000e+01  1.500000e+00
      vertex -1.296265e+01  3.070112e+01  1.500000e+00
      vertex -1.273535e+01  3.088766e+01  1.500000e+00
    endloop
  endfacet
  facet normal  0.000000e+00  -0.000000e+00  1.000000e+00
    outer loop
      vertex -1.500000e+01  3.100000e+01  1.500000e+00
      vertex -1.273535e+01  3.088766e+01  1.500000e+00
      vertex -1.247602e+01  3.102628e+01  1.500000e+00
    endloop
  endfacet
  facet normal  0.000000e+00  -0.000000e+00  1.000000e+00
    outer loop
      vertex -1.500000e+01  3.100000e+01  1.500000e+00
      vertex -1.247602e+01  3.102628e+01  1.500000e+00
      vertex -1.219463e+01  3.111164e+01  1.500000e+00
    endloop
  endfacet
  facet normal  0.000000e+00  -0.000000e+00  1.000000e+00
    outer loop
      vertex -1.500000e+01  3.100000e+01  1.500000e+00
      vertex -1.219463e+01  3.111164e+01  1.500000e+00
      vertex -1.190199e+01  3.114046e+01  1.500000e+00
    endloop
  endfacet
  facet normal  0.000000e+00  0.000000e+00  1.000000e+00
    outer loop
      vertex -1.500000e+01  3.100000e+01  1.500000e+00
      vertex -1.190199e+01  3.114046e+01  1.500000e+00
      vertex -1.498079e+01  3.119509e+01  1.500000e+00
    endloop
  endfacet
  facet normal  0.000000e+00  0.000000e+00  1.000000e+00
    outer loop
      vertex -1.500000e+01 -3.100000e+01  1.500000e+00
      vertex -1.247602e+01 -3.102628e+01  1.500000e+00
      vertex -1.273535e+01 -3.088766e+01  1.500000e+00
    endloop
  endfacet
  facet normal  0.000000e+00  0.000000e+00  9.999999e-01
    outer loop
      vertex -1.500000e+01 -3.100000e+01  1.500000e+00
      vertex -1.273535e+01 -3.088766e+01  1.500000e+00
      vertex -1.296265e+01 -3.070112e+01  1.500000e+00
    endloop
  endfacet
  facet normal  0.000000e+00  0.000000e+00  1.000000e+00
    outer loop
      vertex -1.500000e+01 -3.100000e+01  1.500000e+00
      vertex -1.296265e+01 -3.070112e+01  1.500000e+00
      vertex -1.314920e+01 -3.047381e+01  1.500000e+00
    endloop
  endfacet
  facet normal  0.000000e+00  0.000000e+00  1.000000e+00
    outer loop
      vertex -1.500000e+01 -3.100000e+01  1.500000e+00
      vertex -1.314920e+01 -3.047381e+01  1.500000e+00
      vertex -1.328781e+01 -3.021448e+01  1.500000e+00
    endloop
  endfacet
  facet normal  0.000000e+00  0.000000e+00  1.000000e+00
    outer loop
      vertex -1.500000e+01 -3.100000e+01  1.500000e+00
      vertex -1.328781e+01 -3.021448e+01  1.500000e+00
      vertex -1.337317e+01 -2.993309e+01  1.500000e+00
    endloop
  endfacet
  facet normal  0.000000e+00  0.000000e+00  1.000000e+00
    outer loop
      vertex -1.500000e+01 -3.100000e+01  1.500000e+00
      vertex -1.337317e+01 -2.993309e+01  1.500000e+00
      vertex -1.340199e+01 -2.964046e+01  1.500000e+00
    endloop
  endfacet
  facet normal  0.000000e+00  -0.000000e+00  1.000000e+00
    outer loop
      vertex -1.500000e+01 -3.100000e+01  1.500000e+00
      vertex -1.340199e+01 -2.964046e+01  1.500000e+00
      vertex -1.337317e+01 -2.934782e+01  1.500000e+00
    endloop
  endfacet
  facet normal  0.000000e+00  -0.000000e+00  1.000000e+00
    outer loop
      vertex -1.500000e+01 -3.100000e+01  1.500000e+00
      vertex -1.337317e+01 -2.934782e+01  1.500000e+00
      vertex -1.328781e+01 -2.906643e+01  1.500000e+00
    endloop
  endfacet
  facet normal  0.000000e+00  -0.000000e+00  1.000000e+00
    outer loop
      vertex -1.500000e+01 -3.100000e+01  1.500000e+00
      vertex -1.328781e+01 -2.906643e+01  1.500000e+00
      vertex -1.314920e+01 -2.880710e+01  1.500000e+00
    endloop
  endfacet
  facet normal  0.000000e+00  -0.000000e+00  1.000000e+00
    outer loop
      vertex -1.500000e+01 -3.100000e+01  1.500000e+00
      vertex -1.314920e+01 -2.880710e+01  1.500000e+00
      vertex -1.190199e+01  2.814046e+01  1.500000e+00
    endloop
  endfacet
  facet normal  0.000000e+00  0.000000e+00  1.000000e+00
    outer loop
      vertex -1.500000e+01 -3.100000e+01  1.500000e+00
      vertex -1.190199e+01  2.814046e+01  1.500000e+00
      vertex -1.219463e+01  2.816928e+01  1.500000e+00
    endloop
  endfacet
  facet normal  0.000000e+00  0.000000e+00  9.999999e-01
    outer loop
      vertex -1.500000e+01 -3.100000e+01  1.500000e+00
      vertex -1.219463e+01  2.816928e+01  1.500000e+00
      vertex -1.247602e+01  2.825464e+01  1.500000e+00
    endloop
  endfacet
  facet normal  0.000000e+00  0.000000e+00  1.000000e+00
    outer loop
      vertex -1.500000e+01 -3.100000e+01  1.500000e+00
      vertex -1.247602e+01  2.825464e+01  1.500000e+00
      vertex -1.273535e+01  2.839325e+01  1.500000e+00
    endloop
  endfacet
  facet normal  0.000000e+00  0.000000e+00  9.999999e-01
    outer loop
      vertex -1.500000e+01 -3.100000e+01  1.500000e+00
      vertex -1.273535e+01  2.839325e+01  1.500000e+00
      vertex -1.296265e+01  2.857980e+01  1.500000e+00
    endloop
  endfacet
  facet normal  0.000000e+00  0.000000e+00  1.000000e+00
    outer loop
      vertex -1.500000e+01 -3.100000e+01  1.500000e+00
      vertex -1.296265e+01  2.857980e+01  1.500000e+00
      vertex -1.314920e+01  2.880710e+01  1.500000e+00
    endloop
  endfacet
  facet normal  0.000000e+00  0.000000e+00  1.000000e+00
    outer loop
      vertex -1.500000e+01 -3.100000e+01  1.500000e+00
      vertex -1.314920e+01  2.880710e+01  1.500000e+00
      vertex -1.328781e+01  2.906643e+01  1.500000e+00
    endloop
  endfacet
  facet normal  0.000000e+00  0.000000e+00  1.000000e+00
    outer loop
      vertex -1.500000e+01 -3.100000e+01  1.500000e+00
      vertex -1.328781e+01  2.906643e+01  1.500000e+00
      vertex -1.337317e+01  2.934782e+01  1.500000e+00
    endloop
  endfacet
  facet normal  0.000000e+00  0.000000e+00  1.000000e+00
    outer loop
      vertex -1.500000e+01 -3.100000e+01  1.500000e+00
      vertex -1.337317e+01  2.934782e+01  1.500000e+00
      vertex -1.340199e+01  2.964046e+01  1.500000e+00
    endloop
  endfacet
  facet normal  0.000000e+00  0.000000e+00  1.000000e+00
    outer loop
      vertex  1.190199e+01  3.114046e+01  1.500000e+00
      vertex  1.498079e+01  3.119509e+01  1.500000e+00
      vertex  1.492388e+01  3.138268e+01  1.500000e+00
    endloop
  endfacet
  facet normal  0.000000e+00  0.000000e+00  1.000000e+00
    outer loop
      vertex  1.190199e+01  3.114046e+01  1.500000e+00
      vertex  1.492388e+01  3.138268e+01  1.500000e+00
      vertex  1.483147e+01  3.155557e+01  1.500000e+00
    endloop
  endfacet
  facet normal  0.000000e+00  0.000000e+00  1.000000e+00
    outer loop
      vertex  1.190199e+01  3.114046e+01  1.500000e+00
      vertex  1.483147e+01  3.155557e+01  1.500000e+00
      vertex  1.470711e+01  3.170711e+01  1.500000e+00
    endloop
  endfacet
  facet normal  0.000000e+00  0.000000e+00  1.000000e+00
    outer loop
      vertex  1.190199e+01  3.114046e+01  1.500000e+00
      vertex  1.470711e+01  3.170711e+01  1.500000e+00
      vertex  1.455557e+01  3.183147e+01  1.500000e+00
    endloop
  endfacet
  facet normal  0.000000e+00  0.000000e+00  1.000000e+00
    outer loop
      vertex  1.190199e+01  3.114046e+01  1.500000e+00
      vertex  1.455557e+01  3.183147e+01  1.500000e+00
      vertex  1.438268e+01  3.192388e+01  1.500000e+00
    endloop
  endfacet
  facet normal  0.000000e+00  0.000000e+00  1.000000e+00
    outer loop
      vertex  1.190199e+01  3.114046e+01  1.500000e+00
      vertex  1.438268e+01  3.192388e+01  1.500000e+00
      vertex  1.419509e+01  3.198079e+01  1.500000e+00
    endloop
  endfacet
  facet normal  0.000000e+00  0.000000e+00  1.000000e+00
    outer loop
      vertex  1.190199e+01  3.114046e+01  1.500000e+00
      vertex  1.419509e+01  3.198079e+01  1.500000e+00
      vertex  1.400000e+01  3.200000e+01  1.500000e+00
    endloop
  endfacet
  facet normal  0.000000e+00  0.000000e+00  1.000000e+00
    outer loop
      vertex  1.500000e+01 -3.100000e+01  1.500000e+00
      vertex  1.340199e+01  2.964046e+01  1.500000e+00
      vertex  1.337317e+01  2.934782e+01  1.500000e+00
    endloop
  endfacet
  facet normal  0.000000e+00  0.000000e+00  1.000000e+00
    outer loop
      vertex  1.500000e+01 -3.100000e+01  1.500000e+00
      vertex  1.337317e+01  2.934782e+01  1.500000e+00
      vertex  1.328781e+01  2.906643e+01  1.500000e+00
    endloop
  endfacet
  facet normal  0.000000e+00  0.000000e+00  1.000000e+00
    outer loop
      vertex  1.500000e+01 -3.100000e+01  1.500000e+00
      vertex  1.328781e+01  2.906643e+01  1.500000e+00
      vertex  1.314920e+01  2.880710e+01  1.500000e+00
    endloop
  endfacet
  facet normal  0.000000e+00  0.000000e+00  1.000000e+00
    outer loop
      vertex  1.500000e+01 -3.100000e+01  1.500000e+00
      vertex  1.314920e+01  2.880710e+01  1.500000e+00
      vertex  1.296265e+01  2.857980e+01  1.500000e+00
    endloop
  endfacet
  facet normal  0.000000e+00  0.000000e+00  1.000000e+00
    outer loop
      vertex  1.500000e+01 -3.100000e+01  1.500000e+00
      vertex  1.296265e+01  2.857980e+01  1.500000e+00
      vertex  1.273535e+01  2.839325e+01  1.500000e+00
    endloop
  endfacet
  facet normal  0.000000e+00  0.000000e+00  9.999999e-01
    outer loop
      vertex  1.500000e+01 -3.100000e+01  1.500000e+00
      vertex  1.273535e+01  2.839325e+01  1.500000e+00
      vertex  1.247602e+01  2.825464e+01  1.500000e+00
    endloop
  endfacet
  facet normal  0.000000e+00  0.000000e+00  9.999999e-01
    outer loop
      vertex  1.500000e+01 -3.100000e+01  1.500000e+00
      vertex  1.247602e+01  2.825464e+01  1.500000e+00
      vertex  1.219463e+01  2.816928e+01  1.500000e+00
    endloop
  endfacet
  facet normal  0.000000e+00  0.000000e+00  1.000000e+00
    outer loop
      vertex  1.500000e+01 -3.100000e+01  1.500000e+00
      vertex  1.219463e+01  2.816928e+01  1.500000e+00
      vertex  1.190199e+01  2.814046e+01  1.500000e+00
    endloop
  endfacet
  facet normal  0.000000e+00  0.000000e+00  1.000000e+00
    outer loop
      vertex  1.500000e+01 -3.100000e+01  1.500000e+00
      vertex  1.190199e+01  2.814046e+01  1.500000e+00
      vertex  1.314920e+01 -2.880710e+01  1.500000e+00
    endloop
  endfacet
  facet normal  0.000000e+00  0.000000e+00  1.000000e+00
    outer loop
      vertex  1.500000e+01 -3.100000e+01  1.500000e+00
      vertex  1.314920e+01 -2.880710e+01  1.500000e+00
      vertex  1.328781e+01 -2.906643e+01  1.500000e+00
    endloop
  endfacet
  facet normal  0.000000e+00  0.000000e+00  1.000000e+00
    outer loop
      vertex  1.500000e+01 -3.100000e+01  1.500000e+00
      vertex  1.328781e+01 -2.906643e+01  1.500000e+00
      vertex  1.337317e+01 -2.934782e+01  1.500000e+00
    endloop
  endfacet
  facet normal  0.000000e+00  0.000000e+00  1.000000e+00
    outer loop
      vertex  1.500000e+01 -3.100000e+01  1.500000e+00
      vertex  1.337317e+01 -2.934782e+01  1.500000e+00
      vertex  1.340199e+01 -2.964046e+01  1.500000e+00
    endloop
  endfacet
  facet normal  0.000000e+00  0.000000e+00  1.000000e+00
    outer loop
      vertex  1.500000e+01 -3.100000e+01  1.500000e+00
      vertex  1.340199e+01 -2.964046e+01  1.500000e+00
      vertex  1.337317e+01 -2.993309e+01  1.500000e+00
    endloop
  endfacet
  facet normal  0.000000e+00  0.000000e+00  1.000000e+00
    outer loop
      vertex  1.500000e+01 -3.100000e+01  1.500000e+00
      vertex  1.337317e+01 -2.993309e+01  1.500000e+00
      vertex  1.328781e+01 -3.021448e+01  1.500000e+00
    endloop
  endfacet
  facet normal  0.000000e+00  0.000000e+00  1.000000e+00
    outer loop
      vertex  1.500000e+01 -3.100000e+01  1.500000e+00
      vertex  1.328781e+01 -3.021448e+01  1.500000e+00
      vertex  1.314920e+01 -3.047381e+01  1.500000e+00
    endloop
  endfacet
  facet normal  0.000000e+00  0.000000e+00  1.000000e+00
    outer loop
      vertex  1.500000e+01 -3.100000e+01  1.500000e+00
      vertex  1.314920e+01 -3.047381e+01  1.500000e+00
      vertex  1.296265e+01 -3.070112e+01  1.500000e+00
    endloop
  endfacet
  facet normal  0.000000e+00  0.000000e+00  9.999999e-01
    outer loop
      vertex  1.500000e+01 -3.100000e+01  1.500000e+00
      vertex  1.296265e+01 -3.070112e+01  1.500000e+00
      vertex  1.273535e+01 -3.088766e+01  1.500000e+00
    endloop
  endfacet
  facet normal  0.000000e+00  0.000000e+00  1.000000e+00
    outer loop
      vertex  1.500000e+01 -3.100000e+01  1.500000e+00
      vertex  1.273535e+01 -3.088766e+01  1.500000e+00
      vertex  1.247602e+01 -3.102628e+01  1.500000e+00
    endloop
  endfacet
  facet normal  -0.000000e+00  0.000000e+00  1.000000e+00
    outer loop
      vertex  1.500000e+01 -3.100000e+01  1.500000e+00
      vertex  1.247602e+01 -3.102628e+01  1.500000e+00
      vertex  1.219463e+01 -3.111164e+01  1.500000e+00
    endloop
  endfacet
  facet normal  -0.000000e+00  0.000000e+00  1.000000e+00
    outer loop
      vertex  1.500000e+01 -3.100000e+01  1.500000e+00
      vertex  1.219463e+01 -3.111164e+01  1.500000e+00
      vertex  1.498079e+01 -3.119509e+01  1.500000e+00
    endloop
  endfacet
  facet normal  -0.000000e+00  0.000000e+00  1.000000e+00
    outer loop
      vertex  1.160935e+01  3.111164e+01  1.500000e+00
      vertex -1.160935e+01  3.111164e+01  1.500000e+00
      vertex  1.132797e+01  3.102628e+01  1.500000e+00
    endloop
  endfacet
  facet normal  0.000000e+00  0.000000e+00  1.000000e+00
    outer loop
      vertex  1.132797e+01  3.102628e+01  1.500000e+00
      vertex -1.160935e+01  3.111164e+01  1.500000e+00
      vertex -1.132797e+01  3.102628e+01  1.500000e+00
    endloop
  endfacet
  facet normal  -0.000000e+00  0.000000e+00  1.000000e+00
    outer loop
      vertex  1.132797e+01  3.102628e+01  1.500000e+00
      vertex -1.132797e+01  3.102628e+01  1.500000e+00
      vertex  1.106864e+01  3.088766e+01  1.500000e+00
    endloop
  endfacet
  facet normal  0.000000e+00  0.000000e+00  1.000000e+00
    outer loop
      vertex  1.106864e+01  3.088766e+01  1.500000e+00
      vertex -1.132797e+01  3.102628e+01  1.500000e+00
      vertex -1.106864e+01  3.088766e+01  1.500000e+00
    endloop
  endfacet
  facet normal  -0.000000e+00  0.000000e+00  1.000000e+00
    outer loop
      vertex  1.106864e+01  3.088766e+01  1.500000e+00
      vertex -1.106864e+01  3.088766e+01  1.500000e+00
      vertex  1.084133e+01  3.070112e+01  1.500000e+00
    endloop
  endfacet
  facet normal  0.000000e+00  0.000000e+00  1.000000e+00
    outer loop
      vertex  1.084133e+01  3.070112e+01  1.500000e+00
      vertex -1.106864e+01  3.088766e+01  1.500000e+00
      vertex -1.084133e+01  3.070112e+01  1.500000e+00
    endloop
  endfacet
  facet normal  -0.000000e+00  0.000000e+00  1.000000e+00
    outer loop
      vertex  1.084133e+01  3.070112e+01  1.500000e+00
      vertex -1.084133e+01  3.070112e+01  1.500000e+00
      vertex  1.065479e+01  3.047381e+01  1.500000e+00
    endloop
  endfacet
  facet normal  0.000000e+00  0.000000e+00  1.000000e+00
    outer loop
      vertex  1.065479e+01  3.047381e+01  1.500000e+00
      vertex -1.084133e+01  3.070112e+01  1.500000e+00
      vertex -1.065479e+01  3.047381e+01  1.500000e+00
    endloop
  endfacet
  facet normal  -0.000000e+00  0.000000e+00  1.000000e+00
    outer loop
      vertex  1.065479e+01  3.047381e+01  1.500000e+00
      vertex -1.065479e+01  3.047381e+01  1.500000e+00
      vertex  1.051617e+01  3.021448e+01  1.500000e+00
    endloop
  endfacet
  facet normal  0.000000e+00  0.000000e+00  1.000000e+00
    outer loop
      vertex  1.051617e+01  3.021448e+01  1.500000e+00
      vertex -1.065479e+01  3.047381e+01  1.500000e+00
      vertex -1.051617e+01  3.021448e+01  1.500000e+00
    endloop
  endfacet
  facet normal  -0.000000e+00  0.000000e+00  1.000000e+00
    outer loop
      vertex  1.051617e+01  3.021448e+01  1.500000e+00
      vertex -1.051617e+01  3.021448e+01  1.500000e+00
      vertex  1.043081e+01  2.993309e+01  1.500000e+00
    endloop
  endfacet
  facet normal  0.000000e+00  0.000000e+00  1.000000e+00
    outer loop
      vertex  1.043081e+01  2.993309e+01  1.500000e+00
      vertex -1.051617e+01  3.021448e+01  1.500000e+00
      vertex -1.043081e+01  2.993309e+01  1.500000e+00
    endloop
  endfacet
  facet normal  -0.000000e+00  0.000000e+00  1.000000e+00
    outer loop
      vertex  1.043081e+01  2.993309e+01  1.500000e+00
      vertex -1.043081e+01  2.993309e+01  1.500000e+00
      vertex  1.040199e+01  2.964046e+01  1.500000e+00
    endloop
  endfacet
  facet normal  0.000000e+00  0.000000e+00  1.000000e+00
    outer loop
      vertex  1.040199e+01  2.964046e+01  1.500000e+00
      vertex -1.043081e+01  2.993309e+01  1.500000e+00
      vertex -1.040199e+01  2.964046e+01  1.500000e+00
    endloop
  endfacet
  facet normal  -0.000000e+00  0.000000e+00  1.000000e+00
    outer loop
      vertex  1.040199e+01  2.964046e+01  1.500000e+00
      vertex -1.040199e+01  2.964046e+01  1.500000e+00
      vertex  1.043081e+01  2.934782e+01  1.500000e+00
    endloop
  endfacet
  facet normal  0.000000e+00  0.000000e+00  1.000000e+00
    outer loop
      vertex  1.043081e+01  2.934782e+01  1.500000e+00
      vertex -1.040199e+01  2.964046e+01  1.500000e+00
      vertex -1.043081e+01  2.934782e+01  1.500000e+00
    endloop
  endfacet
  facet normal  -0.000000e+00  0.000000e+00  1.000000e+00
    outer loop
      vertex  1.043081e+01  2.934782e+01  1.500000e+00
      vertex -1.043081e+01  2.934782e+01  1.500000e+00
      vertex  1.051617e+01  2.906643e+01  1.500000e+00
    endloop
  endfacet
  facet normal  0.000000e+00  0.000000e+00  1.000000e+00
    outer loop
      vertex  1.051617e+01  2.906643e+01  1.500000e+00
      vertex -1.043081e+01  2.934782e+01  1.500000e+00
      vertex -1.051617e+01  2.906643e+01  1.500000e+00
    endloop
  endfacet
  facet normal  -0.000000e+00  0.000000e+00  1.000000e+00
    outer loop
      vertex  1.051617e+01  2.906643e+01  1.500000e+00
      vertex -1.051617e+01  2.906643e+01  1.500000e+00
      vertex  1.065479e+01  2.880710e+01  1.500000e+00
    endloop
  endfacet
  facet normal  0.000000e+00  0.000000e+00  1.000000e+00
    outer loop
      vertex  1.065479e+01  2.880710e+01  1.500000e+00
      vertex -1.051617e+01  2.906643e+01  1.500000e+00
      vertex -1.065479e+01  2.880710e+01  1.500000e+00
    endloop
  endfacet
  facet normal  -0.000000e+00  0.000000e+00  1.000000e+00
    outer loop
      vertex  1.065479e+01  2.880710e+01  1.500000e+00
      vertex -1.065479e+01  2.880710e+01  1.500000e+00
      vertex  1.084133e+01  2.857980e+01  1.500000e+00
    endloop
  endfacet
  facet normal  0.000000e+00  0.000000e+00  1.000000e+00
    outer loop
      vertex  1.084133e+01  2.857980e+01  1.500000e+00
      vertex -1.065479e+01  2.880710e+01  1.500000e+00
      vertex -1.084133e+01  2.857980e+01  1.500000e+00
    endloop
  endfacet
  facet normal  -0.000000e+00  0.000000e+00  1.000000e+00
    outer loop
      vertex  1.084133e+01  2.857980e+01  1.500000e+00
      vertex -1.084133e+01  2.857980e+01  1.500000e+00
      vertex  1.106864e+01  2.839325e+01  1.500000e+00
    endloop
  endfacet
  facet normal  0.000000e+00  0.000000e+00  1.000000e+00
    outer loop
      vertex  1.106864e+01  2.839325e+01  1.500000e+00
      vertex -1.084133e+01  2.857980e+01  1.500000e+00
      vertex -1.106864e+01  2.839325e+01  1.500000e+00
    endloop
  endfacet
  facet normal  -0.000000e+00  0.000000e+00  1.000000e+00
    outer loop
      vertex  1.106864e+01  2.839325e+01  1.500000e+00
      vertex -1.106864e+01  2.839325e+01  1.500000e+00
      vertex  1.132797e+01  2.825464e+01  1.500000e+00
    endloop
  endfacet
  facet normal  0.000000e+00  0.000000e+00  1.000000e+00
    outer loop
      vertex  1.132797e+01  2.825464e+01  1.500000e+00
      vertex -1.106864e+01  2.839325e+01  1.500000e+00
      vertex -1.132797e+01  2.825464e+01  1.500000e+00
    endloop
  endfacet
  facet normal  -0.000000e+00  0.000000e+00  9.999999e-01
    outer loop
      vertex  1.132797e+01  2.825464e+01  1.500000e+00
      vertex -1.132797e+01  2.825464e+01  1.500000e+00
      vertex  1.160935e+01  2.816928e+01  1.500000e+00
    endloop
  endfacet
  facet normal  0.000000e+00  0.000000e+00  1.000000e+00
    outer loop
      vertex  1.160935e+01  2.816928e+01  1.500000e+00
      vertex -1.132797e+01  2.825464e+01  1.500000e+00
      vertex -1.160935e+01  2.816928e+01  1.500000e+00
    endloop
  endfacet
  facet normal  -0.000000e+00  0.000000e+00  9.999999e-01
    outer loop
      vertex  1.160935e+01  2.816928e+01  1.500000e+00
      vertex -1.160935e+01  2.816928e+01  1.500000e+00
      vertex  1.190199e+01  2.814046e+01  1.500000e+00
    endloop
  endfacet
  facet normal  0.000000e+00  0.000000e+00  1.000000e+00
    outer loop
      vertex  1.190199e+01  2.814046e+01  1.500000e+00
      vertex -1.160935e+01  2.816928e+01  1.500000e+00
      vertex -1.190199e+01  2.814046e+01  1.500000e+00
    endloop
  endfacet
  facet normal  -0.000000e+00  0.000000e+00  1.000000e+00
    outer loop
      vertex  1.190199e+01  2.814046e+01  1.500000e+00
      vertex -1.190199e+01  2.814046e+01  1.500000e+00
      vertex  1.190199e+01 -2.814046e+01  1.500000e+00
    endloop
  endfacet
  facet normal  0.000000e+00  0.000000e+00  1.000000e+00
    outer loop
      vertex  1.190199e+01 -2.814046e+01  1.500000e+00
      vertex -1.190199e+01  2.814046e+01  1.500000e+00
      vertex -1.190199e+01 -2.814046e+01  1.500000e+00
    endloop
  endfacet
  facet normal  -0.000000e+00  0.000000e+00  1.000000e+00
    outer loop
      vertex  1.190199e+01 -2.814046e+01  1.500000e+00
      vertex -1.190199e+01 -2.814046e+01  1.500000e+00
      vertex  1.160935e+01 -2.816928e+01  1.500000e+00
    endloop
  endfacet
  facet normal  0.000000e+00  0.000000e+00  9.999999e-01
    outer loop
      vertex  1.160935e+01 -2.816928e+01  1.500000e+00
      vertex -1.190199e+01 -2.814046e+01  1.500000e+00
      vertex -1.160935e+01 -2.816928e+01  1.500000e+00
    endloop
  endfacet
  facet normal  -0.000000e+00  0.000000e+00  1.000000e+00
    outer loop
      vertex  1.160935e+01 -2.816928e+01  1.500000e+00
      vertex -1.160935e+01 -2.816928e+01  1.500000e+00
      vertex  1.132797e+01 -2.825464e+01  1.500000e+00
    endloop
  endfacet
  facet normal  0.000000e+00  0.000000e+00  9.999999e-01
    outer loop
      vertex  1.132797e+01 -2.825464e+01  1.500000e+00
      vertex -1.160935e+01 -2.816928e+01  1.500000e+00
      vertex -1.132797e+01 -2.825464e+01  1.500000e+00
    endloop
  endfacet
  facet normal  -0.000000e+00  0.000000e+00  1.000000e+00
    outer loop
      vertex  1.132797e+01 -2.825464e+01  1.500000e+00
      vertex -1.132797e+01 -2.825464e+01  1.500000e+00
      vertex  1.106864e+01 -2.839325e+01  1.500000e+00
    endloop
  endfacet
  facet normal  0.000000e+00  0.000000e+00  1.000000e+00
    outer loop
      vertex  1.106864e+01 -2.839325e+01  1.500000e+00
      vertex -1.132797e+01 -2.825464e+01  1.500000e+00
      vertex -1.106864e+01 -2.839325e+01  1.500000e+00
    endloop
  endfacet
  facet normal  -0.000000e+00  0.000000e+00  1.000000e+00
    outer loop
      vertex  1.106864e+01 -2.839325e+01  1.500000e+00
      vertex -1.106864e+01 -2.839325e+01  1.500000e+00
      vertex  1.084133e+01 -2.857980e+01  1.500000e+00
    endloop
  endfacet
  facet normal  0.000000e+00  0.000000e+00  1.000000e+00
    outer loop
      vertex  1.084133e+01 -2.857980e+01  1.500000e+00
      vertex -1.106864e+01 -2.839325e+01  1.500000e+00
      vertex -1.084133e+01 -2.857980e+01  1.500000e+00
    endloop
  endfacet
  facet normal  -0.000000e+00  0.000000e+00  1.000000e+00
    outer loop
      vertex  1.084133e+01 -2.857980e+01  1.500000e+00
      vertex -1.084133e+01 -2.857980e+01  1.500000e+00
      vertex  1.065479e+01 -2.880710e+01  1.500000e+00
    endloop
  endfacet
  facet normal  0.000000e+00  0.000000e+00  1.000000e+00
    outer loop
      vertex  1.065479e+01 -2.880710e+01  1.500000e+00
      vertex -1.084133e+01 -2.857980e+01  1.500000e+00
      vertex -1.065479e+01 -2.880710e+01  1.500000e+00
    endloop
  endfacet
  facet normal  -0.000000e+00  0.000000e+00  1.000000e+00
    outer loop
      vertex  1.065479e+01 -2.880710e+01  1.500000e+00
      vertex -1.065479e+01 -2.880710e+01  1.500000e+00
      vertex  1.051617e+01 -2.906643e+01  1.500000e+00
    endloop
  endfacet
  facet normal  0.000000e+00  0.000000e+00  1.000000e+00
    outer loop
      vertex  1.051617e+01 -2.906643e+01  1.500000e+00
      vertex -1.065479e+01 -2.880710e+01  1.500000e+00
      vertex -1.051617e+01 -2.906643e+01  1.500000e+00
    endloop
  endfacet
  facet normal  -0.000000e+00  0.000000e+00  1.000000e+00
    outer loop
      vertex  1.051617e+01 -2.906643e+01  1.500000e+00
      vertex -1.051617e+01 -2.906643e+01  1.500000e+00
      vertex  1.043081e+01 -2.934782e+01  1.500000e+00
    endloop
  endfacet
  facet normal  0.000000e+00  0.000000e+00  1.000000e+00
    outer loop
      vertex  1.043081e+01 -2.934782e+01  1.500000e+00
      vertex -1.051617e+01 -2.906643e+01  1.500000e+00
      vertex -1.043081e+01 -2.934782e+01  1.500000e+00
    endloop
  endfacet
  facet normal  -0.000000e+00  0.000000e+00  1.000000e+00
    outer loop
      vertex  1.043081e+01 -2.934782e+01  1.500000e+00
      vertex -1.043081e+01 -2.934782e+01  1.500000e+00
      vertex  1.040199e+01 -2.964046e+01  1.500000e+00
    endloop
  endfacet
  facet normal  0.000000e+00  0.000000e+00  1.000000e+00
    outer loop
      vertex  1.040199e+01 -2.964046e+01  1.500000e+00
      vertex -1.043081e+01 -2.934782e+01  1.500000e+00
      vertex -1.040199e+01 -2.964046e+01  1.500000e+00
    endloop
  endfacet
  facet normal  -0.000000e+00  0.000000e+00  1.000000e+00
    outer loop
      vertex  1.040199e+01 -2.964046e+01  1.500000e+00
      vertex -1.040199e+01 -2.964046e+01  1.500000e+00
      vertex  1.043081e+01 -2.993309e+01  1.500000e+00
    endloop
  endfacet
  facet normal  0.000000e+00  0.000000e+00  1.000000e+00
    outer loop
      vertex  1.043081e+01 -2.993309e+01  1.500000e+00
      vertex -1.040199e+01 -2.964046e+01  1.500000e+00
      vertex -1.043081e+01 -2.993309e+01  1.500000e+00
    endloop
  endfacet
  facet normal  -0.000000e+00  0.000000e+00  1.000000e+00
    outer loop
      vertex  1.043081e+01 -2.993309e+01  1.500000e+00
      vertex -1.043081e+01 -2.993309e+01  1.500000e+00
      vertex  1.051617e+01 -3.021448e+01  1.500000e+00
    endloop
  endfacet
  facet normal  0.000000e+00  0.000000e+00  1.000000e+00
    outer loop
      vertex  1.051617e+01 -3.021448e+01  1.500000e+00
      vertex -1.043081e+01 -2.993309e+01  1.500000e+00
      vertex -1.051617e+01 -3.021448e+01  1.500000e+00
    endloop
  endfacet
  facet normal  -0.000000e+00  0.000000e+00  1.000000e+00
    outer loop
      vertex  1.051617e+01 -3.021448e+01  1.500000e+00
      vertex -1.051617e+01 -3.021448e+01  1.500000e+00
      vertex  1.065479e+01 -3.047381e+01  1.500000e+00
    endloop
  endfacet
  facet normal  0.000000e+00  0.000000e+00  1.000000e+00
    outer loop
      vertex  1.065479e+01 -3.047381e+01  1.500000e+00
      vertex -1.051617e+01 -3.021448e+01  1.500000e+00
      vertex -1.065479e+01 -3.047381e+01  1.500000e+00
    endloop
  endfacet
  facet normal  -0.000000e+00  0.000000e+00  1.000000e+00
    outer loop
      vertex  1.065479e+01 -3.047381e+01  1.500000e+00
      vertex -1.065479e+01 -3.047381e+01  1.500000e+00
      vertex  1.084133e+01 -3.070112e+01  1.500000e+00
    endloop
  endfacet
  facet normal  0.000000e+00  0.000000e+00  1.000000e+00
    outer loop
      vertex  1.084133e+01 -3.070112e+01  1.500000e+00
      vertex -1.065479e+01 -3.047381e+01  1.500000e+00
      vertex -1.084133e+01 -3.070112e+01  1.500000e+00
    endloop
  endfacet
  facet normal  -0.000000e+00  0.000000e+00  1.000000e+00
    outer loop
      vertex  1.084133e+01 -3.070112e+01  1.500000e+00
      vertex -1.084133e+01 -3.070112e+01  1.500000e+00
      vertex  1.106864e+01 -3.088766e+01  1.500000e+00
    endloop
  endfacet
  facet normal  0.000000e+00  0.000000e+00  1.000000e+00
    outer loop
      vertex  1.106864e+01 -3.088766e+01  1.500000e+00
      vertex -1.084133e+01 -3.070112e+01  1.500000e+00
      vertex -1.106864e+01 -3.088766e+01  1.500000e+00
    endloop
  endfacet
  facet normal  -0.000000e+00  0.000000e+00  1.000000e+00
    outer loop
      vertex  1.106864e+01 -3.088766e+01  1.500000e+00
      vertex -1.106864e+01 -3.088766e+01  1.500000e+00
      vertex  1.132797e+01 -3.102628e+01  1.500000e+00
    endloop
  endfacet
  facet normal  0.000000e+00  0.000000e+00  1.000000e+00
    outer loop
      vertex  1.132797e+01 -3.102628e+01  1.500000e+00
      vertex -1.106864e+01 -3.088766e+01  1.500000e+00
      vertex -1.132797e+01 -3.102628e+01  1.500000e+00
    endloop
  endfacet
  facet normal  -0.000000e+00  0.000000e+00  1.000000e+00
    outer loop
      vertex  1.132797e+01 -3.102628e+01  1.500000e+00
      vertex -1.132797e+01 -3.102628e+01  1.500000e+00
      vertex  1.160935e+01 -3.111164e+01  1.500000e+00
    endloop
  endfacet
  facet normal  0.000000e+00  0.000000e+00  1.000000e+00
    outer loop
      vertex  1.160935e+01 -3.111164e+01  1.500000e+00
      vertex -1.132797e+01 -3.102628e+01  1.500000e+00
      vertex -1.160935e+01 -3.111164e+01  1.500000e+00
    endloop
  endfacet
  facet normal  -0.000000e+00  0.000000e+00 -1.000000e+00
    outer loop
      vertex -3.240000e+00  3.350000e+01 -3.245000e+00
      vertex  3.240000e+00  3.350000e+01 -3.245000e+00
      vertex -3.240000e+00  3.200000e+01 -3.245000e+00
    endloop
  endfacet
  facet normal  0.000000e+00  0.000000e+00 -1.000000e+00
    outer loop
      vertex -3.240000e+00  3.200000e+01 -3.245000e+00
      vertex  3.240000e+00  3.350000e+01 -3.245000e+00
      vertex  3.240000e+00  3.200000e+01 -3.245000e+00
    endloop
  endfacet
  facet normal  -0.000000e+00  0.000000e+00  1.000000e+00
    outer loop
      vertex  3.240000e+00  3.350000e+01  3.235000e+00
      vertex -3.240000e+00  3.350000e+01  3.235000e+00
      vertex  3.240000e+00  3.200000e+01  3.235000e+00
    endloop
  endfacet
  facet normal  0.000000e+00  0.000000e+00  1.000000e+00
    outer loop
      vertex  3.240000e+00  3.200000e+01  3.235000e+00
      vertex -3.240000e+00  3.350000e+01  3.235000e+00
      vertex -3.240000e+00  3.200000e+01  3.235000e+00
    endloop
  endfacet
  facet normal  -0.000000e+00 -1.000000e+00  0.000000e+00
    outer loop
      vertex -3.345090e+00 -3.200000e+01 -2.480785e+00
      vertex -3.341257e+00 -3.200000e+01 -1.922403e+00
      vertex -3.427700e+00 -3.200000e+01 -1.876198e+00
    endloop
  endfacet
  facet normal  -0.000000e+00 -1.000000e+00  -0.000000e+00
    outer loop
      vertex -3.649915e+00 -3.200000e+01 -1.460463e+00
      vertex -3.649915e+00 -3.200000e+01 -2.603043e-01
      vertex -4.150000e+00 -3.200000e+01  0.000000e+00
    endloop
  endfacet
  facet normal  0.000000e+00 -1.000000e+00  0.000000e+00
    outer loop
      vertex -3.649915e+00 -3.200000e+01 -1.460463e+00
      vertex -4.150000e+00 -3.200000e+01  0.000000e+00
      vertex -4.150000e+00 -3.200000e+01 -1.500000e+00
    endloop
  endfacet
  facet normal  0.000000e+00 -1.000000e+00  0.000000e+00
    outer loop
      vertex -3.649915e+00 -3.200000e+01 -1.460463e+00
      vertex -4.150000e+00 -3.200000e+01 -1.500000e+00
      vertex -3.705570e+00 -3.200000e+01 -2.331470e+00
    endloop
  endfacet
  facet normal  0.000000e+00 -1.000000e+00  0.000000e+00
    outer loop
      vertex -3.649915e+00 -3.200000e+01 -1.460463e+00
      vertex -3.705570e+00 -3.200000e+01 -2.331470e+00
      vertex -3.640308e+00 -3.200000e+01 -1.558008e+00
    endloop
  endfacet
  facet normal  0.000000e+00 -1.000000e+00  0.000000e+00
    outer loop
      vertex -4.150000e+00 -3.200000e+01  0.000000e+00
      vertex -3.649915e+00 -3.200000e+01 -2.603043e-01
      vertex  4.150000e+00 -3.200000e+01  0.000000e+00
    endloop
  endfacet
  facet normal  0.000000e+00 -1.000000e+00  0.000000e+00
    outer loop
      vertex -4.150000e+00 -3.200000e+01  0.000000e+00
      vertex  4.150000e+00 -3.200000e+01  0.000000e+00
      vertex -1.400000e+01 -3.200000e+01  1.500000e+00
    endloop
  endfacet
  facet normal  0.000000e+00 -1.000000e+00  0.000000e+00
    outer loop
      vertex -4.150000e+00 -3.200000e+01  0.000000e+00
      vertex -1.400000e+01 -3.200000e+01  1.500000e+00
      vertex -1.400000e+01 -3.200000e+01  0.000000e+00
    endloop
  endfacet
  facet normal  0.000000e+00 -1.000000e+00  0.000000e+00
    outer loop
      vertex -3.705570e+00 -3.200000e+01 -2.331470e+00
      vertex -4.150000e+00 -3.200000e+01 -1.500000e+00
      vertex -4.130785e+00 -3.200000e+01 -1.695090e+00
    endloop
  endfacet
  facet normal  0.000000e+00 -1.000000e+00  0.000000e+00
    outer loop
      vertex -3.705570e+00 -3.200000e+01 -2.331470e+00
      vertex -4.130785e+00 -3.200000e+01 -1.695090e+00
      vertex -4.073880e+00 -3.200000e+01 -1.882683e+00
    endloop
  endfacet
  facet normal  0.000000e+00 -1.000000e+00  0.000000e+00
    outer loop
      vertex -3.705570e+00 -3.200000e+01 -2.331470e+00
      vertex -4.073880e+00 -3.200000e+01 -1.882683e+00
      vertex -3.981470e+00 -3.200000e+01 -2.055570e+00
    endloop
  endfacet
  facet normal  0.000000e+00 -1.000000e+00  0.000000e+00
    outer loop
      vertex -3.705570e+00 -3.200000e+01 -2.331470e+00
      vertex -3.981470e+00 -3.200000e+01 -2.055570e+00
      vertex -3.857107e+00 -3.200000e+01 -2.207107e+00
    endloop
  endfacet
  facet normal  -0.000000e+00 -1.000000e+00  0.000000e+00
    outer loop
      vertex  3.705570e+00 -3.200000e+01 -2.331470e+00
      vertex  3.857107e+00 -3.200000e+01 -2.207107e+00
      vertex  3.981470e+00 -3.200000e+01 -2.055570e+00
    endloop
  endfacet
  facet normal  -0.000000e+00 -1.000000e+00  0.000000e+00
    outer loop
      vertex  3.705570e+00 -3.200000e+01 -2.331470e+00
      vertex  3.981470e+00 -3.200000e+01 -2.055570e+00
      vertex  4.073880e+00 -3.200000e+01 -1.882683e+00
    endloop
  endfacet
  facet normal  -0.000000e+00 -1.000000e+00  0.000000e+00
    outer loop
      vertex  3.705570e+00 -3.200000e+01 -2.331470e+00
      vertex  4.073880e+00 -3.200000e+01 -1.882683e+00
      vertex  4.130785e+00 -3.200000e+01 -1.695090e+00
    endloop
  endfacet
  facet normal  -0.000000e+00 -1.000000e+00  0.000000e+00
    outer loop
      vertex  3.705570e+00 -3.200000e+01 -2.331470e+00
      vertex  4.130785e+00 -3.200000e+01 -1.695090e+00
      vertex  4.150000e+00 -3.200000e+01 -1.500000e+00
    endloop
  endfacet
  facet normal  -0.000000e+00 -1.000000e+00  0.000000e+00
    outer loop
      vertex  3.705570e+00 -3.200000e+01 -2.331470e+00
      vertex  4.150000e+00 -3.200000e+01 -1.500000e+00
      vertex  3.649915e+00 -3.200000e+01 -1.460463e+00
    endloop
  endfacet
  facet normal  0.000000e+00 -1.000000e+00  -0.000000e+00
    outer loop
      vertex  3.705570e+00 -3.200000e+01 -2.331470e+00
      vertex  3.649915e+00 -3.200000e+01 -1.460463e+00
      vertex  3.640308e+00 -3.200000e+01 -1.558008e+00
    endloop
  endfacet
  facet normal  0.000000e+00 -9.999999e-01  -0.000000e+00
    outer loop
      vertex  3.705570e+00 -3.200000e+01 -2.331470e+00
      vertex  3.640308e+00 -3.200000e+01 -1.558008e+00
      vertex  3.611855e+00 -3.200000e+01 -1.651805e+00
    endloop
  endfacet
  facet normal  0.000000e+00 -1.000000e+00  -0.000000e+00
    outer loop
      vertex  3.705570e+00 -3.200000e+01 -2.331470e+00
      vertex  3.611855e+00 -3.200000e+01 -1.651805e+00
      vertex  3.565650e+00 -3.200000e+01 -1.738248e+00
    endloop
  endfacet
  facet normal  0.000000e+00 -1.000000e+00  -0.000000e+00
    outer loop
      vertex  3.705570e+00 -3.200000e+01 -2.331470e+00
      vertex  3.565650e+00 -3.200000e+01 -1.738248e+00
      vertex  3.503469e+00 -3.200000e+01 -1.814016e+00
    endloop
  endfacet
  facet normal  0.000000e+00 -1.000000e+00  0.000000e+00
    outer loop
      vertex  3.705570e+00 -3.200000e+01 -2.331470e+00
      vertex  3.503469e+00 -3.200000e+01 -1.814016e+00
      vertex  3.532683e+00 -3.200000e+01 -2.423880e+00
    endloop
  endfacet
  facet normal  0.000000e+00 -1.000000e+00  0.000000e+00
    outer loop
      vertex -3.649915e+00 -3.200000e+01 -2.603043e-01
      vertex  3.649915e+00 -3.200000e+01 -2.603043e-01
      vertex  4.150000e+00 -3.200000e+01  0.000000e+00
    endloop
  endfacet
  facet normal  0.000000e+00 -1.000000e+00  0.000000e+00
    outer loop
      vertex  4.150000e+00 -3.200000e+01  0.000000e+00
      vertex  3.649915e+00 -3.200000e+01 -2.603043e-01
      vertex  3.649915e+00 -3.200000e+01 -1.460463e+00
    endloop
  endfacet
  facet normal  0.000000e+00 -1.000000e+00  0.000000e+00
    outer loop
      vertex  4.150000e+00 -3.200000e+01  0.000000e+00
      vertex  3.649915e+00 -3.200000e+01 -1.460463e+00
      vertex  4.150000e+00 -3.200000e+01 -1.500000e+00
    endloop
  endfacet
  facet normal  0.000000e+00 -1.000000e+00  0.000000e+00
    outer loop
      vertex -3.565650e+00 -3.200000e+01 -1.738248e+00
      vertex -3.611855e+00 -3.200000e+01 -1.651805e+00
      vertex -3.532683e+00 -3.200000e+01 -2.423880e+00
    endloop
  endfacet
  facet normal  0.000000e+00 -9.999999e-01  0.000000e+00
    outer loop
      vertex -3.532683e+00 -3.200000e+01 -2.423880e+00
      vertex -3.611855e+00 -3.200000e+01 -1.651805e+00
      vertex -3.640308e+00 -3.200000e+01 -1.558008e+00
    endloop
  endfacet
  facet normal  0.000000e+00 -1.000000e+00  -0.000000e+00
    outer loop
      vertex -3.532683e+00 -3.200000e+01 -2.423880e+00
      vertex -3.640308e+00 -3.200000e+01 -1.558008e+00
      vertex -3.705570e+00 -3.200000e+01 -2.331470e+00
    endloop
  endfacet
  facet normal  0.000000e+00 -1.000000e+00  0.000000e+00
    outer loop
      vertex -3.565650e+00 -3.200000e+01 -1.738248e+00
      vertex -3.532683e+00 -3.200000e+01 -2.423880e+00
      vertex -3.503469e+00 -3.200000e+01 -1.814016e+00
    endloop
  endfacet
  facet normal  0.000000e+00 -9.999999e-01  -0.000000e+00
    outer loop
      vertex -3.503469e+00 -3.200000e+01 -1.814016e+00
      vertex -3.532683e+00 -3.200000e+01 -2.423880e+00
      vertex -3.345090e+00 -3.200000e+01 -2.480785e+00
    endloop
  endfacet
  facet normal  0.000000e+00 -1.000000e+00  0.000000e+00
    outer loop
      vertex -3.503469e+00 -3.200000e+01 -1.814016e+00
      vertex -3.345090e+00 -3.200000e+01 -2.480785e+00
      vertex -3.427700e+00 -3.200000e+01 -1.876198e+00
    endloop
  endfacet
  facet normal  0.000000e+00 -1.000000e+00  0.000000e+00
    outer loop
      vertex -3.149915e+00 -3.200000e+01 -1.960463e+00
      vertex -3.247460e+00 -3.200000e+01 -1.950856e+00
      vertex -3.150000e+00 -3.200000e+01 -2.500000e+00
    endloop
  endfacet
  facet normal  0.000000e+00 -1.000000e+00  0.000000e+00
    outer loop
      vertex -3.150000e+00 -3.200000e+01 -2.500000e+00
      vertex -3.247460e+00 -3.200000e+01 -1.950856e+00
      vertex -3.341257e+00 -3.200000e+01 -1.922403e+00
    endloop
  endfacet
  facet normal  0.000000e+00 -1.000000e+00  -0.000000e+00
    outer loop
      vertex -3.150000e+00 -3.200000e+01 -2.500000e+00
      vertex -3.341257e+00 -3.200000e+01 -1.922403e+00
      vertex -3.345090e+00 -3.200000e+01 -2.480785e+00
    endloop
  endfacet
  facet normal  0.000000e+00 -1.000000e+00  0.000000e+00
    outer loop
      vertex  3.341257e+00 -3.200000e+01 -1.922403e+00
      vertex  3.247460e+00 -3.200000e+01 -1.950856e+00
      vertex  3.345090e+00 -3.200000e+01 -2.480785e+00
    endloop
  endfacet
  facet normal  0.000000e+00 -1.000000e+00  0.000000e+00
    outer loop
      vertex  3.345090e+00 -3.200000e+01 -2.480785e+00
      vertex  3.247460e+00 -3.200000e+01 -1.950856e+00
      vertex  3.149915e+00 -3.200000e+01 -1.960463e+00
    endloop
  endfacet
  facet normal  0.000000e+00 -1.000000e+00  0.000000e+00
    outer loop
      vertex  3.345090e+00 -3.200000e+01 -2.480785e+00
      vertex  3.149915e+00 -3.200000e+01 -1.960463e+00
      vertex  3.150000e+00 -3.200000e+01 -2.500000e+00
    endloop
  endfacet
  facet normal  0.000000e+00 -1.000000e+00  0.000000e+00
    outer loop
      vertex  3.150000e+00 -3.200000e+01 -2.500000e+00
      vertex  3.149915e+00 -3.200000e+01 -1.960463e+00
      vertex -3.149915e+00 -3.200000e+01 -1.960463e+00
    endloop
  endfacet
  facet normal  0.000000e+00 -1.000000e+00  -0.000000e+00
    outer loop
      vertex  3.150000e+00 -3.200000e+01 -2.500000e+00
      vertex -3.149915e+00 -3.200000e+01 -1.960463e+00
      vertex -3.150000e+00 -3.200000e+01 -2.500000e+00
    endloop
  endfacet
  facet normal  0.000000e+00 -1.000000e+00  0.000000e+00
    outer loop
      vertex  3.503469e+00 -3.200000e+01 -1.814016e+00
      vertex  3.427700e+00 -3.200000e+01 -1.876198e+00
      vertex  3.532683e+00 -3.200000e+01 -2.423880e+00
    endloop
  endfacet
  facet normal  0.000000e+00 -1.000000e+00  0.000000e+00
    outer loop
      vertex  3.532683e+00 -3.200000e+01 -2.423880e+00
      vertex  3.427700e+00 -3.200000e+01 -1.876198e+00
      vertex  3.341257e+00 -3.200000e+01 -1.922403e+00
    endloop
  endfacet
  facet normal  0.000000e+00 -1.000000e+00  0.000000e+00
    outer loop
      vertex  3.532683e+00 -3.200000e+01 -2.423880e+00
      vertex  3.341257e+00 -3.200000e+01 -1.922403e+00
      vertex  3.345090e+00 -3.200000e+01 -2.480785e+00
    endloop
  endfacet
  facet normal  0.000000e+00 -1.000000e+00  0.000000e+00
    outer loop
      vertex  1.400000e+01 -3.200000e+01  1.500000e+00
      vertex -1.400000e+01 -3.200000e+01  1.500000e+00
      vertex  1.400000e+01 -3.200000e+01  0.000000e+00
    endloop
  endfacet
  facet normal  0.000000e+00 -1.000000e+00  0.000000e+00
    outer loop
      vertex  1.400000e+01 -3.200000e+01  0.000000e+00
      vertex -1.400000e+01 -3.200000e+01  1.500000e+00
      vertex  4.150000e+00 -3.200000e+01  0.000000e+00
    endloop
  endfacet
  facet normal -1.000000e+00  -0.000000e+00  0.000000e+00
    outer loop
      vertex  3.649915e+00 -3.200000e+01 -2.603043e-01
      vertex  3.649915e+00 -2.570000e+01 -2.603043e-01
      vertex  3.649915e+00 -3.200000e+01 -1.460463e+00
    endloop
  endfacet
  facet normal -1.000000e+00  0.000000e+00  0.000000e+00
    outer loop
      vertex  3.649915e+00 -3.200000e+01 -1.460463e+00
      vertex  3.649915e+00 -2.570000e+01 -2.603043e-01
      vertex  3.649915e+00 -2.570000e+01 -1.460463e+00
    endloop
  endfacet
  facet normal -7.730100e-01  0.000000e+00  6.343939e-01
    outer loop
      vertex  3.503469e+00 -2.570000e+01 -1.814016e+00
      vertex  3.565650e+00 -3.200000e+01 -1.738248e+00
      vertex  3.565650e+00 -2.570000e+01 -1.738248e+00
    endloop
  endfacet
  facet normal -8.819210e-01  0.000000e+00  4.713973e-01
    outer loop
      vertex  3.565650e+00 -2.570000e+01 -1.738248e+00
      vertex  3.565650e+00 -3.200000e+01 -1.738248e+00
      vertex  3.611855e+00 -3.200000e+01 -1.651805e+00
    endloop
  endfacet
  facet normal -8.819210e-01  0.000000e+00  4.713973e-01
    outer loop
      vertex  3.565650e+00 -2.570000e+01 -1.738248e+00
      vertex  3.611855e+00 -3.200000e+01 -1.651805e+00
      vertex  3.611855e+00 -2.570000e+01 -1.651805e+00
    endloop
  endfacet
  facet normal -9.569403e-01  0.000000e+00  2.902849e-01
    outer loop
      vertex  3.611855e+00 -2.570000e+01 -1.651805e+00
      vertex  3.611855e+00 -3.200000e+01 -1.651805e+00
      vertex  3.640308e+00 -3.200000e+01 -1.558008e+00
    endloop
  endfacet
  facet normal -9.569403e-01  0.000000e+00  2.902849e-01
    outer loop
      vertex  3.611855e+00 -2.570000e+01 -1.651805e+00
      vertex  3.640308e+00 -3.200000e+01 -1.558008e+00
      vertex  3.640308e+00 -2.570000e+01 -1.558008e+00
    endloop
  endfacet
  facet normal -9.951848e-01  0.000000e+00  9.801659e-02
    outer loop
      vertex  3.640308e+00 -2.570000e+01 -1.558008e+00
      vertex  3.640308e+00 -3.200000e+01 -1.558008e+00
      vertex  3.649915e+00 -3.200000e+01 -1.460463e+00
    endloop
  endfacet
  facet normal -9.951848e-01  0.000000e+00  9.801659e-02
    outer loop
      vertex  3.640308e+00 -2.570000e+01 -1.558008e+00
      vertex  3.649915e+00 -3.200000e+01 -1.460463e+00
      vertex  3.649915e+00 -2.570000e+01 -1.460463e+00
    endloop
  endfacet
  facet normal -7.730100e-01  0.000000e+00  6.343939e-01
    outer loop
      vertex  3.565650e+00 -3.200000e+01 -1.738248e+00
      vertex  3.503469e+00 -2.570000e+01 -1.814016e+00
      vertex  3.503469e+00 -3.200000e+01 -1.814016e+00
    endloop
  endfacet
  facet normal -6.343939e-01  0.000000e+00  7.730100e-01
    outer loop
      vertex  3.503469e+00 -3.200000e+01 -1.814016e+00
      vertex  3.503469e+00 -2.570000e+01 -1.814016e+00
      vertex  3.427700e+00 -2.570000e+01 -1.876198e+00
    endloop
  endfacet
  facet normal -6.343939e-01  0.000000e+00  7.730100e-01
    outer loop
      vertex  3.503469e+00 -3.200000e+01 -1.814016e+00
      vertex  3.427700e+00 -2.570000e+01 -1.876198e+00
      vertex  3.427700e+00 -3.200000e+01 -1.876198e+00
    endloop
  endfacet
  facet normal -4.713964e-01  0.000000e+00  8.819215e-01
    outer loop
      vertex  3.427700e+00 -3.200000e+01 -1.876198e+00
      vertex  3.427700e+00 -2.570000e+01 -1.876198e+00
      vertex  3.341257e+00 -2.570000e+01 -1.922403e+00
    endloop
  endfacet
  facet normal -4.713964e-01  0.000000e+00  8.819215e-01
    outer loop
      vertex  3.427700e+00 -3.200000e+01 -1.876198e+00
      vertex  3.341257e+00 -2.570000e+01 -1.922403e+00
      vertex  3.341257e+00 -3.200000e+01 -1.922403e+00
    endloop
  endfacet
  facet normal -2.902849e-01  0.000000e+00  9.569403e-01
    outer loop
      vertex  3.341257e+00 -3.200000e+01 -1.922403e+00
      vertex  3.341257e+00 -2.570000e+01 -1.922403e+00
      vertex  3.247460e+00 -2.570000e+01 -1.950856e+00
    endloop
  endfacet
  facet normal -2.902849e-01  0.000000e+00  9.569403e-01
    outer loop
      vertex  3.341257e+00 -3.200000e+01 -1.922403e+00
      vertex  3.247460e+00 -2.570000e+01 -1.950856e+00
      vertex  3.247460e+00 -3.200000e+01 -1.950856e+00
    endloop
  endfacet
  facet normal -9.801669e-02  0.000000e+00  9.951848e-01
    outer loop
      vertex  3.247460e+00 -3.200000e+01 -1.950856e+00
      vertex  3.247460e+00 -2.570000e+01 -1.950856e+00
      vertex  3.149915e+00 -2.570000e+01 -1.960463e+00
    endloop
  endfacet
  facet normal -9.801669e-02  0.000000e+00  9.951848e-01
    outer loop
      vertex  3.247460e+00 -3.200000e+01 -1.950856e+00
      vertex  3.149915e+00 -2.570000e+01 -1.960463e+00
      vertex  3.149915e+00 -3.200000e+01 -1.960463e+00
    endloop
  endfacet
  facet normal  0.000000e+00  0.000000e+00  1.000000e+00
    outer loop
      vertex  3.149915e+00 -3.200000e+01 -1.960463e+00
      vertex  3.149915e+00 -2.570000e+01 -1.960463e+00
      vertex -3.149915e+00 -3.200000e+01 -1.960463e+00
    endloop
  endfacet
  facet normal  0.000000e+00  0.000000e+00  1.000000e+00
    outer loop
      vertex -3.149915e+00 -3.200000e+01 -1.960463e+00
      vertex  3.149915e+00 -2.570000e+01 -1.960463e+00
      vertex -3.149915e+00 -2.570000e+01 -1.960463e+00
    endloop
  endfacet
  facet normal  6.343939e-01  -0.000000e+00  7.730100e-01
    outer loop
      vertex -3.503469e+00 -2.570000e+01 -1.814016e+00
      vertex -3.427700e+00 -3.200000e+01 -1.876198e+00
      vertex -3.427700e+00 -2.570000e+01 -1.876198e+00
    endloop
  endfacet
  facet normal  4.713964e-01  0.000000e+00  8.819215e-01
    outer loop
      vertex -3.427700e+00 -2.570000e+01 -1.876198e+00
      vertex -3.427700e+00 -3.200000e+01 -1.876198e+00
      vertex -3.341257e+00 -3.200000e+01 -1.922403e+00
    endloop
  endfacet
  facet normal  4.713964e-01  -0.000000e+00  8.819215e-01
    outer loop
      vertex -3.427700e+00 -2.570000e+01 -1.876198e+00
      vertex -3.341257e+00 -3.200000e+01 -1.922403e+00
      vertex -3.341257e+00 -2.570000e+01 -1.922403e+00
    endloop
  endfacet
  facet normal  2.902849e-01  0.000000e+00  9.569403e-01
    outer loop
      vertex -3.341257e+00 -2.570000e+01 -1.922403e+00
      vertex -3.341257e+00 -3.200000e+01 -1.922403e+00
      vertex -3.247460e+00 -3.200000e+01 -1.950856e+00
    endloop
  endfacet
  facet normal  2.902849e-01  -0.000000e+00  9.569403e-01
    outer loop
      vertex -3.341257e+00 -2.570000e+01 -1.922403e+00
      vertex -3.247460e+00 -3.200000e+01 -1.950856e+00
      vertex -3.247460e+00 -2.570000e+01 -1.950856e+00
    endloop
  endfacet
  facet normal  9.801669e-02  0.000000e+00  9.951848e-01
    outer loop
      vertex -3.247460e+00 -2.570000e+01 -1.950856e+00
      vertex -3.247460e+00 -3.200000e+01 -1.950856e+00
      vertex -3.149915e+00 -3.200000e+01 -1.960463e+00
    endloop
  endfacet
  facet normal  9.801669e-02  -0.000000e+00  9.951848e-01
    outer loop
      vertex -3.247460e+00 -2.570000e+01 -1.950856e+00
      vertex -3.149915e+00 -3.200000e+01 -1.960463e+00
      vertex -3.149915e+00 -2.570000e+01 -1.960463e+00
    endloop
  endfacet
  facet normal  6.343939e-01  0.000000e+00  7.730100e-01
    outer loop
      vertex -3.427700e+00 -3.200000e+01 -1.876198e+00
      vertex -3.503469e+00 -2.570000e+01 -1.814016e+00
      vertex -3.503469e+00 -3.200000e+01 -1.814016e+00
    endloop
  endfacet
  facet normal  7.730100e-01  -0.000000e+00  6.343939e-01
    outer loop
      vertex -3.503469e+00 -3.200000e+01 -1.814016e+00
      vertex -3.503469e+00 -2.570000e+01 -1.814016e+00
      vertex -3.565650e+00 -2.570000e+01 -1.738248e+00
    endloop
  endfacet
  facet normal  7.730100e-01  0.000000e+00  6.343939e-01
    outer loop
      vertex -3.503469e+00 -3.200000e+01 -1.814016e+00
      vertex -3.565650e+00 -2.570000e+01 -1.738248e+00
      vertex -3.565650e+00 -3.200000e+01 -1.738248e+00
    endloop
  endfacet
  facet normal  8.819210e-01  -0.000000e+00  4.713973e-01
    outer loop
      vertex -3.565650e+00 -3.200000e+01 -1.738248e+00
      vertex -3.565650e+00 -2.570000e+01 -1.738248e+00
      vertex -3.611855e+00 -2.570000e+01 -1.651805e+00
    endloop
  endfacet
  facet normal  8.819210e-01  0.000000e+00  4.713973e-01
    outer loop
      vertex -3.565650e+00 -3.200000e+01 -1.738248e+00
      vertex -3.611855e+00 -2.570000e+01 -1.651805e+00
      vertex -3.611855e+00 -3.200000e+01 -1.651805e+00
    endloop
  endfacet
  facet normal  9.569403e-01  -0.000000e+00  2.902849e-01
    outer loop
      vertex -3.611855e+00 -3.200000e+01 -1.651805e+00
      vertex -3.611855e+00 -2.570000e+01 -1.651805e+00
      vertex -3.640308e+00 -2.570000e+01 -1.558008e+00
    endloop
  endfacet
  facet normal  9.569403e-01  0.000000e+00  2.902849e-01
    outer loop
      vertex -3.611855e+00 -3.200000e+01 -1.651805e+00
      vertex -3.640308e+00 -2.570000e+01 -1.558008e+00
      vertex -3.640308e+00 -3.200000e+01 -1.558008e+00
    endloop
  endfacet
  facet normal  9.951848e-01  -0.000000e+00  9.801659e-02
    outer loop
      vertex -3.640308e+00 -3.200000e+01 -1.558008e+00
      vertex -3.640308e+00 -2.570000e+01 -1.558008e+00
      vertex -3.649915e+00 -2.570000e+01 -1.460463e+00
    endloop
  endfacet
  facet normal  9.951848e-01  0.000000e+00  9.801659e-02
    outer loop
      vertex -3.640308e+00 -3.200000e+01 -1.558008e+00
      vertex -3.649915e+00 -2.570000e+01 -1.460463e+00
      vertex -3.649915e+00 -3.200000e+01 -1.460463e+00
    endloop
  endfacet
  facet normal  1.000000e+00  0.000000e+00  0.000000e+00
    outer loop
      vertex -3.649915e+00 -3.200000e+01 -1.460463e+00
      vertex -3.649915e+00 -2.570000e+01 -1.460463e+00
      vertex -3.649915e+00 -3.200000e+01 -2.603043e-01
    endloop
  endfacet
  facet normal  1.000000e+00  -0.000000e+00  0.000000e+00
    outer loop
      vertex -3.649915e+00 -3.200000e+01 -2.603043e-01
      vertex -3.649915e+00 -2.570000e+01 -1.460463e+00
      vertex -3.649915e+00 -2.570000e+01 -2.603043e-01
    endloop
  endfacet
  facet normal  0.000000e+00  0.000000e+00 -1.000000e+00
    outer loop
      vertex -3.649915e+00 -3.200000e+01 -2.603043e-01
      vertex -3.649915e+00 -2.570000e+01 -2.603043e-01
      vertex  3.649915e+00 -3.200000e+01 -2.603043e-01
    endloop
  endfacet
  facet normal  0.000000e+00  0.000000e+00 -1.000000e+00
    outer loop
      vertex  3.649915e+00 -3.200000e+01 -2.603043e-01
      vertex -3.649915e+00 -2.570000e+01 -2.603043e-01
      vertex  3.649915e+00 -2.570000e+01 -2.603043e-01
    endloop
  endfacet
  facet normal  0.000000e+00 -1.000000e+00  0.000000e+00
    outer loop
      vertex  3.649915e+00 -2.570000e+01 -2.603043e-01
      vertex -3.649915e+00 -2.570000e+01 -2.603043e-01
      vertex -3.149915e+00 -2.570000e+01 -1.960463e+00
    endloop
  endfacet
  facet normal  0.000000e+00 -9.999999e-01  0.000000e+00
    outer loop
      vertex  3.649915e+00 -2.570000e+01 -2.603043e-01
      vertex -3.149915e+00 -2.570000e+01 -1.960463e+00
      vertex  3.149915e+00 -2.570000e+01 -1.960463e+00
    endloop
  endfacet
  facet normal  0.000000e+00 -1.000000e+00  0.000000e+00
    outer loop
      vertex  3.649915e+00 -2.570000e+01 -2.603043e-01
      vertex  3.149915e+00 -2.570000e+01 -1.960463e+00
      vertex  3.247460e+00 -2.570000e+01 -1.950856e+00
    endloop
  endfacet
  facet normal  0.000000e+00 -1.000000e+00  0.000000e+00
    outer loop
      vertex  3.649915e+00 -2.570000e+01 -2.603043e-01
      vertex  3.247460e+00 -2.570000e+01 -1.950856e+00
      vertex  3.341257e+00 -2.570000e+01 -1.922403e+00
    endloop
  endfacet
  facet normal  0.000000e+00 -1.000000e+00  0.000000e+00
    outer loop
      vertex  3.649915e+00 -2.570000e+01 -2.603043e-01
      vertex  3.341257e+00 -2.570000e+01 -1.922403e+00
      vertex  3.427700e+00 -2.570000e+01 -1.876198e+00
    endloop
  endfacet
  facet normal  0.000000e+00 -1.000000e+00  0.000000e+00
    outer loop
      vertex  3.649915e+00 -2.570000e+01 -2.603043e-01
      vertex  3.427700e+00 -2.570000e+01 -1.876198e+00
      vertex  3.503469e+00 -2.570000e+01 -1.814016e+00
    endloop
  endfacet
  facet normal  0.000000e+00 -1.000000e+00  0.000000e+00
    outer loop
      vertex  3.649915e+00 -2.570000e+01 -2.603043e-01
      vertex  3.503469e+00 -2.570000e+01 -1.814016e+00
      vertex  3.565650e+00 -2.570000e+01 -1.738248e+00
    endloop
  endfacet
  facet normal  0.000000e+00 -1.000000e+00  0.000000e+00
    outer loop
      vertex  3.649915e+00 -2.570000e+01 -2.603043e-01
      vertex  3.565650e+00 -2.570000e+01 -1.738248e+00
      vertex  3.611855e+00 -2.570000e+01 -1.651805e+00
    endloop
  endfacet
  facet normal  0.000000e+00 -1.000000e+00  0.000000e+00
    outer loop
      vertex  3.649915e+00 -2.570000e+01 -2.603043e-01
      vertex  3.611855e+00 -2.570000e+01 -1.651805e+00
      vertex  3.640308e+00 -2.570000e+01 -1.558008e+00
    endloop
  endfacet
  facet normal  0.000000e+00 -1.000000e+00  0.000000e+00
    outer loop
      vertex  3.649915e+00 -2.570000e+01 -2.603043e-01
      vertex  3.640308e+00 -2.570000e+01 -1.558008e+00
      vertex  3.649915e+00 -2.570000e+01 -1.460463e+00
    endloop
  endfacet
  facet normal  0.000000e+00 -1.000000e+00  0.000000e+00
    outer loop
      vertex -3.649915e+00 -2.570000e+01 -2.603043e-01
      vertex -3.649915e+00 -2.570000e+01 -1.460463e+00
      vertex -3.640308e+00 -2.570000e+01 -1.558008e+00
    endloop
  endfacet
  facet normal  0.000000e+00 -1.000000e+00  0.000000e+00
    outer loop
      vertex -3.649915e+00 -2.570000e+01 -2.603043e-01
      vertex -3.640308e+00 -2.570000e+01 -1.558008e+00
      vertex -3.611855e+00 -2.570000e+01 -1.651805e+00
    endloop
  endfacet
  facet normal  0.000000e+00 -1.000000e+00  0.000000e+00
    outer loop
      vertex -3.649915e+00 -2.570000e+01 -2.603043e-01
      vertex -3.611855e+00 -2.570000e+01 -1.651805e+00
      vertex -3.565650e+00 -2.570000e+01 -1.738248e+00
    endloop
  endfacet
  facet normal  0.000000e+00 -1.000000e+00  0.000000e+00
    outer loop
      vertex -3.649915e+00 -2.570000e+01 -2.603043e-01
      vertex -3.565650e+00 -2.570000e+01 -1.738248e+00
      vertex -3.503469e+00 -2.570000e+01 -1.814016e+00
    endloop
  endfacet
  facet normal  0.000000e+00 -1.000000e+00  0.000000e+00
    outer loop
      vertex -3.649915e+00 -2.570000e+01 -2.603043e-01
      vertex -3.503469e+00 -2.570000e+01 -1.814016e+00
      vertex -3.427700e+00 -2.570000e+01 -1.876198e+00
    endloop
  endfacet
  facet normal  0.000000e+00 -1.000000e+00  0.000000e+00
    outer loop
      vertex -3.649915e+00 -2.570000e+01 -2.603043e-01
      vertex -3.427700e+00 -2.570000e+01 -1.876198e+00
      vertex -3.341257e+00 -2.570000e+01 -1.922403e+00
    endloop
  endfacet
  facet normal  0.000000e+00 -1.000000e+00  0.000000e+00
    outer loop
      vertex -3.649915e+00 -2.570000e+01 -2.603043e-01
      vertex -3.341257e+00 -2.570000e+01 -1.922403e+00
      vertex -3.247460e+00 -2.570000e+01 -1.950856e+00
    endloop
  endfacet
  facet normal  0.000000e+00 -1.000000e+00  0.000000e+00
    outer loop
      vertex -3.649915e+00 -2.570000e+01 -2.603043e-01
      vertex -3.247460e+00 -2.570000e+01 -1.950856e+00
      vertex -3.149915e+00 -2.570000e+01 -1.960463e+00
    endloop
  endfacet
  facet normal  0.000000e+00  0.000000e+00 -1.000000e+00
    outer loop
      vertex  3.150000e+00 -3.200000e+01 -2.500000e+00
      vertex -3.150000e+00 -3.200000e+01 -2.500000e+00
      vertex  3.150000e+00 -2.370000e+01 -2.500000e+00
    endloop
  endfacet
  facet normal  -0.000000e+00  0.000000e+00 -1.000000e+00
    outer loop
      vertex  3.150000e+00 -2.370000e+01 -2.500000e+00
      vertex -3.150000e+00 -3.200000e+01 -2.500000e+00
      vertex -3.150000e+00 -2.370000e+01 -2.500000e+00
    endloop
  endfacet
  facet normal  -0.000000e+00  9.999999e-01  0.000000e+00
    outer loop
      vertex  3.981470e+00 -2.370000e+01 -2.055570e+00
      vertex -4.073880e+00 -2.370000e+01 -1.882683e+00
      vertex  4.073880e+00 -2.370000e+01 -1.882683e+00
    endloop
  endfacet
  facet normal  0.000000e+00  1.000000e+00  0.000000e+00
    outer loop
      vertex  4.073880e+00 -2.370000e+01 -1.882683e+00
      vertex -4.073880e+00 -2.370000e+01 -1.882683e+00
      vertex -4.130785e+00 -2.370000e+01 -1.695090e+00
    endloop
  endfacet
  facet normal  -0.000000e+00  1.000000e+00  0.000000e+00
    outer loop
      vertex  4.073880e+00 -2.370000e+01 -1.882683e+00
      vertex -4.130785e+00 -2.370000e+01 -1.695090e+00
      vertex  4.130785e+00 -2.370000e+01 -1.695090e+00
    endloop
  endfacet
  facet normal  0.000000e+00  1.000000e+00  0.000000e+00
    outer loop
      vertex  4.130785e+00 -2.370000e+01 -1.695090e+00
      vertex -4.130785e+00 -2.370000e+01 -1.695090e+00
      vertex -4.150000e+00 -2.370000e+01 -1.500000e+00
    endloop
  endfacet
  facet normal  -0.000000e+00  9.999999e-01  0.000000e+00
    outer loop
      vertex  4.130785e+00 -2.370000e+01 -1.695090e+00
      vertex -4.150000e+00 -2.370000e+01 -1.500000e+00
      vertex  4.150000e+00 -2.370000e+01 -1.500000e+00
    endloop
  endfacet
  facet normal  0.000000e+00  1.000000e+00  0.000000e+00
    outer loop
      vertex  4.150000e+00 -2.370000e+01 -1.500000e+00
      vertex -4.150000e+00 -2.370000e+01 -1.500000e+00
      vertex -4.150000e+00 -2.370000e+01  0.000000e+00
    endloop
  endfacet
  facet normal  -0.000000e+00  1.000000e+00  0.000000e+00
    outer loop
      vertex  4.150000e+00 -2.370000e+01 -1.500000e+00
      vertex -4.150000e+00 -2.370000e+01  0.000000e+00
      vertex  4.150000e+00 -2.370000e+01  0.000000e+00
    endloop
  endfacet
  facet normal  0.000000e+00  9.999999e-01  0.000000e+00
    outer loop
      vertex -4.073880e+00 -2.370000e+01 -1.882683e+00
      vertex  3.981470e+00 -2.370000e+01 -2.055570e+00
      vertex -3.981470e+00 -2.370000e+01 -2.055570e+00
    endloop
  endfacet
  facet normal  -0.000000e+00  1.000000e+00  0.000000e+00
    outer loop
      vertex -3.981470e+00 -2.370000e+01 -2.055570e+00
      vertex  3.981470e+00 -2.370000e+01 -2.055570e+00
      vertex  3.857107e+00 -2.370000e+01 -2.207107e+00
    endloop
  endfacet
  facet normal  0.000000e+00  1.000000e+00  0.000000e+00
    outer loop
      vertex -3.981470e+00 -2.370000e+01 -2.055570e+00
      vertex  3.857107e+00 -2.370000e+01 -2.207107e+00
      vertex -3.857107e+00 -2.370000e+01 -2.207107e+00
    endloop
  endfacet
  facet normal  -0.000000e+00  9.999999e-01  0.000000e+00
    outer loop
      vertex -3.857107e+00 -2.370000e+01 -2.207107e+00
      vertex  3.857107e+00 -2.370000e+01 -2.207107e+00
      vertex  3.705570e+00 -2.370000e+01 -2.331470e+00
    endloop
  endfacet
  facet normal  0.000000e+00  1.000000e+00  0.000000e+00
    outer loop
      vertex -3.857107e+00 -2.370000e+01 -2.207107e+00
      vertex  3.705570e+00 -2.370000e+01 -2.331470e+00
      vertex -3.705570e+00 -2.370000e+01 -2.331470e+00
    endloop
  endfacet
  facet normal  -0.000000e+00  1.000000e+00  0.000000e+00
    outer loop
      vertex -3.705570e+00 -2.370000e+01 -2.331470e+00
      vertex  3.705570e+00 -2.370000e+01 -2.331470e+00
      vertex  3.532683e+00 -2.370000e+01 -2.423880e+00
    endloop
  endfacet
  facet normal  0.000000e+00  1.000000e+00  0.000000e+00
    outer loop
      vertex -3.705570e+00 -2.370000e+01 -2.331470e+00
      vertex  3.532683e+00 -2.370000e+01 -2.423880e+00
      vertex -3.532683e+00 -2.370000e+01 -2.423880e+00
    endloop
  endfacet
  facet normal  -0.000000e+00  1.000000e+00  0.000000e+00
    outer loop
      vertex -3.532683e+00 -2.370000e+01 -2.423880e+00
      vertex  3.532683e+00 -2.370000e+01 -2.423880e+00
      vertex  3.345090e+00 -2.370000e+01 -2.480785e+00
    endloop
  endfacet
  facet normal  0.000000e+00  1.000000e+00  0.000000e+00
    outer loop
      vertex -3.532683e+00 -2.370000e+01 -2.423880e+00
      vertex  3.345090e+00 -2.370000e+01 -2.480785e+00
      vertex -3.345090e+00 -2.370000e+01 -2.480785e+00
    endloop
  endfacet
  facet normal  -0.000000e+00  1.000000e+00  0.000000e+00
    outer loop
      vertex -3.345090e+00 -2.370000e+01 -2.480785e+00
      vertex  3.345090e+00 -2.370000e+01 -2.480785e+00
      vertex  3.150000e+00 -2.370000e+01 -2.500000e+00
    endloop
  endfacet
  facet normal  0.000000e+00  1.000000e+00  0.000000e+00
    outer loop
      vertex -3.345090e+00 -2.370000e+01 -2.480785e+00
      vertex  3.150000e+00 -2.370000e+01 -2.500000e+00
      vertex -3.150000e+00 -2.370000e+01 -2.500000e+00
    endloop
  endfacet
  facet normal  9.999999e-01  0.000000e+00  0.000000e+00
    outer loop
      vertex  4.150000e+00 -3.200000e+01  0.000000e+00
      vertex  4.150000e+00 -3.200000e+01 -1.500000e+00
      vertex  4.150000e+00 -2.370000e+01  0.000000e+00
    endloop
  endfacet
  facet normal  9.999999e-01  0.000000e+00  0.000000e+00
    outer loop
      vertex  4.150000e+00 -2.370000e+01  0.000000e+00
      vertex  4.150000e+00 -3.200000e+01 -1.500000e+00
      vertex  4.150000e+00 -2.370000e+01 -1.500000e+00
    endloop
  endfacet
  facet normal  9.801670e-02  0.000000e+00 -9.951848e-01
    outer loop
      vertex  3.150000e+00 -3.200000e+01 -2.500000e+00
      vertex  3.150000e+00 -2.370000e+01 -2.500000e+00
      vertex  3.345090e+00 -3.200000e+01 -2.480785e+00
    endloop
  endfacet
  facet normal  9.801670e-02  0.000000e+00 -9.951848e-01
    outer loop
      vertex  3.345090e+00 -3.200000e+01 -2.480785e+00
      vertex  3.150000e+00 -2.370000e+01 -2.500000e+00
      vertex  3.345090e+00 -2.370000e+01 -2.480785e+00
    endloop
  endfacet
  facet normal  2.902849e-01  0.000000e+00 -9.569403e-01
    outer loop
      vertex  3.345090e+00 -3.200000e+01 -2.480785e+00
      vertex  3.345090e+00 -2.370000e+01 -2.480785e+00
      vertex  3.532683e+00 -3.200000e+01 -2.423880e+00
    endloop
  endfacet
  facet normal  2.902849e-01  0.000000e+00 -9.569403e-01
    outer loop
      vertex  3.532683e+00 -3.200000e+01 -2.423880e+00
      vertex  3.345090e+00 -2.370000e+01 -2.480785e+00
      vertex  3.532683e+00 -2.370000e+01 -2.423880e+00
    endloop
  endfacet
  facet normal  4.713973e-01  0.000000e+00 -8.819209e-01
    outer loop
      vertex  3.532683e+00 -3.200000e+01 -2.423880e+00
      vertex  3.532683e+00 -2.370000e+01 -2.423880e+00
      vertex  3.705570e+00 -3.200000e+01 -2.331470e+00
    endloop
  endfacet
  facet normal  4.713973e-01  0.000000e+00 -8.819209e-01
    outer loop
      vertex  3.705570e+00 -3.200000e+01 -2.331470e+00
      vertex  3.532683e+00 -2.370000e+01 -2.423880e+00
      vertex  3.705570e+00 -2.370000e+01 -2.331470e+00
    endloop
  endfacet
  facet normal  6.343931e-01  0.000000e+00 -7.730106e-01
    outer loop
      vertex  3.705570e+00 -3.200000e+01 -2.331470e+00
      vertex  3.705570e+00 -2.370000e+01 -2.331470e+00
      vertex  3.857107e+00 -3.200000e+01 -2.207107e+00
    endloop
  endfacet
  facet normal  6.343931e-01  0.000000e+00 -7.730106e-01
    outer loop
      vertex  3.857107e+00 -3.200000e+01 -2.207107e+00
      vertex  3.705570e+00 -2.370000e+01 -2.331470e+00
      vertex  3.857107e+00 -2.370000e+01 -2.207107e+00
    endloop
  endfacet
  facet normal  7.730105e-01  0.000000e+00 -6.343932e-01
    outer loop
      vertex  3.857107e+00 -3.200000e+01 -2.207107e+00
      vertex  3.857107e+00 -2.370000e+01 -2.207107e+00
      vertex  3.981470e+00 -3.200000e+01 -2.055570e+00
    endloop
  endfacet
  facet normal  7.730105e-01  0.000000e+00 -6.343932e-01
    outer loop
      vertex  3.981470e+00 -3.200000e+01 -2.055570e+00
      vertex  3.857107e+00 -2.370000e+01 -2.207107e+00
      vertex  3.981470e+00 -2.370000e+01 -2.055570e+00
    endloop
  endfacet
  facet normal  8.819208e-01  0.000000e+00 -4.713975e-01
    outer loop
      vertex  3.981470e+00 -3.200000e+01 -2.055570e+00
      vertex  3.981470e+00 -2.370000e+01 -2.055570e+00
      vertex  4.073880e+00 -3.200000e+01 -1.882683e+00
    endloop
  endfacet
  facet normal  8.819208e-01  0.000000e+00 -4.713975e-01
    outer loop
      vertex  4.073880e+00 -3.200000e+01 -1.882683e+00
      vertex  3.981470e+00 -2.370000e+01 -2.055570e+00
      vertex  4.073880e+00 -2.370000e+01 -1.882683e+00
    endloop
  endfacet
  facet normal  9.569403e-01  0.000000e+00 -2.902847e-01
    outer loop
      vertex  4.073880e+00 -3.200000e+01 -1.882683e+00
      vertex  4.073880e+00 -2.370000e+01 -1.882683e+00
      vertex  4.130785e+00 -3.200000e+01 -1.695090e+00
    endloop
  endfacet
  facet normal  9.569403e-01  0.000000e+00 -2.902847e-01
    outer loop
      vertex  4.130785e+00 -3.200000e+01 -1.695090e+00
      vertex  4.073880e+00 -2.370000e+01 -1.882683e+00
      vertex  4.130785e+00 -2.370000e+01 -1.695090e+00
    endloop
  endfacet
  facet normal  9.951848e-01  0.000000e+00 -9.801670e-02
    outer loop
      vertex  4.130785e+00 -3.200000e+01 -1.695090e+00
      vertex  4.130785e+00 -2.370000e+01 -1.695090e+00
      vertex  4.150000e+00 -3.200000e+01 -1.500000e+00
    endloop
  endfacet
  facet normal  9.951848e-01  0.000000e+00 -9.801670e-02
    outer loop
      vertex  4.150000e+00 -3.200000e+01 -1.500000e+00
      vertex  4.130785e+00 -2.370000e+01 -1.695090e+00
      vertex  4.150000e+00 -2.370000e+01 -1.500000e+00
    endloop
  endfacet
  facet normal -9.999999e-01  0.000000e+00  0.000000e+00
    outer loop
      vertex -4.150000e+00 -3.200000e+01 -1.500000e+00
      vertex -4.150000e+00 -3.200000e+01  0.000000e+00
      vertex -4.150000e+00 -2.370000e+01 -1.500000e+00
    endloop
  endfacet
  facet normal -9.999999e-01  0.000000e+00  0.000000e+00
    outer loop
      vertex -4.150000e+00 -2.370000e+01 -1.500000e+00
      vertex -4.150000e+00 -3.200000e+01  0.000000e+00
      vertex -4.150000e+00 -2.370000e+01  0.000000e+00
    endloop
  endfacet
  facet normal -9.951848e-01  -0.000000e+00 -9.801670e-02
    outer loop
      vertex -4.150000e+00 -3.200000e+01 -1.500000e+00
      vertex -4.150000e+00 -2.370000e+01 -1.500000e+00
      vertex -4.130785e+00 -3.200000e+01 -1.695090e+00
    endloop
  endfacet
  facet normal -9.951848e-01  0.000000e+00 -9.801670e-02
    outer loop
      vertex -4.130785e+00 -3.200000e+01 -1.695090e+00
      vertex -4.150000e+00 -2.370000e+01 -1.500000e+00
      vertex -4.130785e+00 -2.370000e+01 -1.695090e+00
    endloop
  endfacet
  facet normal -9.569403e-01  -0.000000e+00 -2.902847e-01
    outer loop
      vertex -4.130785e+00 -3.200000e+01 -1.695090e+00
      vertex -4.130785e+00 -2.370000e+01 -1.695090e+00
      vertex -4.073880e+00 -3.200000e+01 -1.882683e+00
    endloop
  endfacet
  facet normal -9.569403e-01  0.000000e+00 -2.902847e-01
    outer loop
      vertex -4.073880e+00 -3.200000e+01 -1.882683e+00
      vertex -4.130785e+00 -2.370000e+01 -1.695090e+00
      vertex -4.073880e+00 -2.370000e+01 -1.882683e+00
    endloop
  endfacet
  facet normal -8.819208e-01  -0.000000e+00 -4.713975e-01
    outer loop
      vertex -4.073880e+00 -3.200000e+01 -1.882683e+00
      vertex -4.073880e+00 -2.370000e+01 -1.882683e+00
      vertex -3.981470e+00 -3.200000e+01 -2.055570e+00
    endloop
  endfacet
  facet normal -8.819208e-01  0.000000e+00 -4.713975e-01
    outer loop
      vertex -3.981470e+00 -3.200000e+01 -2.055570e+00
      vertex -4.073880e+00 -2.370000e+01 -1.882683e+00
      vertex -3.981470e+00 -2.370000e+01 -2.055570e+00
    endloop
  endfacet
  facet normal -7.730105e-01  -0.000000e+00 -6.343932e-01
    outer loop
      vertex -3.981470e+00 -3.200000e+01 -2.055570e+00
      vertex -3.981470e+00 -2.370000e+01 -2.055570e+00
      vertex -3.857107e+00 -3.200000e+01 -2.207107e+00
    endloop
  endfacet
  facet normal -7.730105e-01  0.000000e+00 -6.343932e-01
    outer loop
      vertex -3.857107e+00 -3.200000e+01 -2.207107e+00
      vertex -3.981470e+00 -2.370000e+01 -2.055570e+00
      vertex -3.857107e+00 -2.370000e+01 -2.207107e+00
    endloop
  endfacet
  facet normal -6.343931e-01  -0.000000e+00 -7.730106e-01
    outer loop
      vertex -3.857107e+00 -3.200000e+01 -2.207107e+00
      vertex -3.857107e+00 -2.370000e+01 -2.207107e+00
      vertex -3.705570e+00 -3.200000e+01 -2.331470e+00
    endloop
  endfacet
  facet normal -6.343931e-01  0.000000e+00 -7.730106e-01
    outer loop
      vertex -3.705570e+00 -3.200000e+01 -2.331470e+00
      vertex -3.857107e+00 -2.370000e+01 -2.207107e+00
      vertex -3.705570e+00 -2.370000e+01 -2.331470e+00
    endloop
  endfacet
  facet normal -4.713973e-01  -0.000000e+00 -8.819209e-01
    outer loop
      vertex -3.705570e+00 -3.200000e+01 -2.331470e+00
      vertex -3.705570e+00 -2.370000e+01 -2.331470e+00
      vertex -3.532683e+00 -3.200000e+01 -2.423880e+00
    endloop
  endfacet
  facet normal -4.713973e-01  0.000000e+00 -8.819209e-01
    outer loop
      vertex -3.532683e+00 -3.200000e+01 -2.423880e+00
      vertex -3.705570e+00 -2.370000e+01 -2.331470e+00
      vertex -3.532683e+00 -2.370000e+01 -2.423880e+00
    endloop
  endfacet
  facet normal -2.902849e-01  -0.000000e+00 -9.569403e-01
    outer loop
      vertex -3.532683e+00 -3.200000e+01 -2.423880e+00
      vertex -3.532683e+00 -2.370000e+01 -2.423880e+00
      vertex -3.345090e+00 -3.200000e+01 -2.480785e+00
    endloop
  endfacet
  facet normal -2.902849e-01  0.000000e+00 -9.569403e-01
    outer loop
      vertex -3.345090e+00 -3.200000e+01 -2.480785e+00
      vertex -3.532683e+00 -2.370000e+01 -2.423880e+00
      vertex -3.345090e+00 -2.370000e+01 -2.480785e+00
    endloop
  endfacet
  facet normal -9.801670e-02  -0.000000e+00 -9.951848e-01
    outer loop
      vertex -3.345090e+00 -3.200000e+01 -2.480785e+00
      vertex -3.345090e+00 -2.370000e+01 -2.480785e+00
      vertex -3.150000e+00 -3.200000e+01 -2.500000e+00
    endloop
  endfacet
  facet normal -9.801670e-02  0.000000e+00 -9.951848e-01
    outer loop
      vertex -3.150000e+00 -3.200000e+01 -2.500000e+00
      vertex -3.345090e+00 -2.370000e+01 -2.480785e+00
      vertex -3.150000e+00 -2.370000e+01 -2.500000e+00
    endloop
  endfacet
  facet normal  9.801655e-02 -9.951848e-01  0.000000e+00
    outer loop
      vertex -1.190199e+01 -2.814046e+01  0.000000e+00
      vertex -1.219463e+01 -2.816928e+01  1.500000e+00
      vertex -1.219463e+01 -2.816928e+01  0.000000e+00
    endloop
  endfacet
  facet normal  2.902821e-01 -9.569411e-01  0.000000e+00
    outer loop
      vertex -1.219463e+01 -2.816928e+01  0.000000e+00
      vertex -1.219463e+01 -2.816928e+01  1.500000e+00
      vertex -1.247602e+01 -2.825464e+01  1.500000e+00
    endloop
  endfacet
  facet normal  2.902821e-01 -9.569411e-01  0.000000e+00
    outer loop
      vertex -1.219463e+01 -2.816928e+01  0.000000e+00
      vertex -1.247602e+01 -2.825464e+01  1.500000e+00
      vertex -1.247602e+01 -2.825464e+01  0.000000e+00
    endloop
  endfacet
  facet normal  4.713967e-01 -8.819212e-01  0.000000e+00
    outer loop
      vertex -1.247602e+01 -2.825464e+01  0.000000e+00
      vertex -1.247602e+01 -2.825464e+01  1.500000e+00
      vertex -1.273535e+01 -2.839325e+01  1.500000e+00
    endloop
  endfacet
  facet normal  4.713967e-01 -8.819212e-01  0.000000e+00
    outer loop
      vertex -1.247602e+01 -2.825464e+01  0.000000e+00
      vertex -1.273535e+01 -2.839325e+01  1.500000e+00
      vertex -1.273535e+01 -2.839325e+01  0.000000e+00
    endloop
  endfacet
  facet normal  6.343927e-01 -7.730110e-01  0.000000e+00
    outer loop
      vertex -1.273535e+01 -2.839325e+01  0.000000e+00
      vertex -1.273535e+01 -2.839325e+01  1.500000e+00
      vertex -1.296265e+01 -2.857980e+01  1.500000e+00
    endloop
  endfacet
  facet normal  6.343927e-01 -7.730110e-01  0.000000e+00
    outer loop
      vertex -1.273535e+01 -2.839325e+01  0.000000e+00
      vertex -1.296265e+01 -2.857980e+01  1.500000e+00
      vertex -1.296265e+01 -2.857980e+01  0.000000e+00
    endloop
  endfacet
  facet normal  7.730123e-01 -6.343911e-01  0.000000e+00
    outer loop
      vertex -1.296265e+01 -2.857980e+01  0.000000e+00
      vertex -1.296265e+01 -2.857980e+01  1.500000e+00
      vertex -1.314920e+01 -2.880710e+01  1.500000e+00
    endloop
  endfacet
  facet normal  7.730123e-01 -6.343911e-01  0.000000e+00
    outer loop
      vertex -1.296265e+01 -2.857980e+01  0.000000e+00
      vertex -1.314920e+01 -2.880710e+01  1.500000e+00
      vertex -1.314920e+01 -2.880710e+01  0.000000e+00
    endloop
  endfacet
  facet normal  8.819205e-01 -4.713980e-01  0.000000e+00
    outer loop
      vertex -1.314920e+01 -2.880710e+01  0.000000e+00
      vertex -1.314920e+01 -2.880710e+01  1.500000e+00
      vertex -1.328781e+01 -2.906643e+01  1.500000e+00
    endloop
  endfacet
  facet normal  8.819205e-01 -4.713980e-01  0.000000e+00
    outer loop
      vertex -1.314920e+01 -2.880710e+01  0.000000e+00
      vertex -1.328781e+01 -2.906643e+01  1.500000e+00
      vertex -1.328781e+01 -2.906643e+01  0.000000e+00
    endloop
  endfacet
  facet normal  9.569407e-01 -2.902833e-01  0.000000e+00
    outer loop
      vertex -1.328781e+01 -2.906643e+01  0.000000e+00
      vertex -1.328781e+01 -2.906643e+01  1.500000e+00
      vertex -1.337317e+01 -2.934782e+01  1.500000e+00
    endloop
  endfacet
  facet normal  9.569407e-01 -2.902833e-01  0.000000e+00
    outer loop
      vertex -1.328781e+01 -2.906643e+01  0.000000e+00
      vertex -1.337317e+01 -2.934782e+01  1.500000e+00
      vertex -1.337317e+01 -2.934782e+01  0.000000e+00
    endloop
  endfacet
  facet normal  9.951847e-01 -9.801686e-02  0.000000e+00
    outer loop
      vertex -1.337317e+01 -2.934782e+01  0.000000e+00
      vertex -1.337317e+01 -2.934782e+01  1.500000e+00
      vertex -1.340199e+01 -2.964046e+01  1.500000e+00
    endloop
  endfacet
  facet normal  9.951847e-01 -9.801686e-02  0.000000e+00
    outer loop
      vertex -1.337317e+01 -2.934782e+01  0.000000e+00
      vertex -1.340199e+01 -2.964046e+01  1.500000e+00
      vertex -1.340199e+01 -2.964046e+01  0.000000e+00
    endloop
  endfacet
  facet normal  9.801655e-02 -9.951848e-01  0.000000e+00
    outer loop
      vertex -1.219463e+01 -2.816928e+01  1.500000e+00
      vertex -1.190199e+01 -2.814046e+01  0.000000e+00
      vertex -1.190199e+01 -2.814046e+01  1.500000e+00
    endloop
  endfacet
  facet normal -9.801655e-02 -9.951848e-01  -0.000000e+00
    outer loop
      vertex -1.190199e+01 -2.814046e+01  1.500000e+00
      vertex -1.190199e+01 -2.814046e+01  0.000000e+00
      vertex -1.160935e+01 -2.816928e+01  0.000000e+00
    endloop
  endfacet
  facet normal -9.801655e-02 -9.951848e-01  0.000000e+00
    outer loop
      vertex -1.190199e+01 -2.814046e+01  1.500000e+00
      vertex -1.160935e+01 -2.816928e+01  0.000000e+00
      vertex -1.160935e+01 -2.816928e+01  1.500000e+00
    endloop
  endfacet
  facet normal -2.902821e-01 -9.569411e-01  -0.000000e+00
    outer loop
      vertex -1.160935e+01 -2.816928e+01  1.500000e+00
      vertex -1.160935e+01 -2.816928e+01  0.000000e+00
      vertex -1.132797e+01 -2.825464e+01  0.000000e+00
    endloop
  endfacet
  facet normal -2.902821e-01 -9.569411e-01  0.000000e+00
    outer loop
      vertex -1.160935e+01 -2.816928e+01  1.500000e+00
      vertex -1.132797e+01 -2.825464e+01  0.000000e+00
      vertex -1.132797e+01 -2.825464e+01  1.500000e+00
    endloop
  endfacet
  facet normal -4.713967e-01 -8.819212e-01  -0.000000e+00
    outer loop
      vertex -1.132797e+01 -2.825464e+01  1.500000e+00
      vertex -1.132797e+01 -2.825464e+01  0.000000e+00
      vertex -1.106864e+01 -2.839325e+01  0.000000e+00
    endloop
  endfacet
  facet normal -4.713967e-01 -8.819212e-01  0.000000e+00
    outer loop
      vertex -1.132797e+01 -2.825464e+01  1.500000e+00
      vertex -1.106864e+01 -2.839325e+01  0.000000e+00
      vertex -1.106864e+01 -2.839325e+01  1.500000e+00
    endloop
  endfacet
  facet normal -6.343927e-01 -7.730110e-01  -0.000000e+00
    outer loop
      vertex -1.106864e+01 -2.839325e+01  1.500000e+00
      vertex -1.106864e+01 -2.839325e+01  0.000000e+00
      vertex -1.084133e+01 -2.857980e+01  0.000000e+00
    endloop
  endfacet
  facet normal -6.343927e-01 -7.730110e-01  0.000000e+00
    outer loop
      vertex -1.106864e+01 -2.839325e+01  1.500000e+00
      vertex -1.084133e+01 -2.857980e+01  0.000000e+00
      vertex -1.084133e+01 -2.857980e+01  1.500000e+00
    endloop
  endfacet
  facet normal -7.730123e-01 -6.343911e-01  -0.000000e+00
    outer loop
      vertex -1.084133e+01 -2.857980e+01  1.500000e+00
      vertex -1.084133e+01 -2.857980e+01  0.000000e+00
      vertex -1.065479e+01 -2.880710e+01  0.000000e+00
    endloop
  endfacet
  facet normal -7.730123e-01 -6.343911e-01  0.000000e+00
    outer loop
      vertex -1.084133e+01 -2.857980e+01  1.500000e+00
      vertex -1.065479e+01 -2.880710e+01  0.000000e+00
      vertex -1.065479e+01 -2.880710e+01  1.500000e+00
    endloop
  endfacet
  facet normal -8.819205e-01 -4.713980e-01  -0.000000e+00
    outer loop
      vertex -1.065479e+01 -2.880710e+01  1.500000e+00
      vertex -1.065479e+01 -2.880710e+01  0.000000e+00
      vertex -1.051617e+01 -2.906643e+01  0.000000e+00
    endloop
  endfacet
  facet normal -8.819205e-01 -4.713980e-01  0.000000e+00
    outer loop
      vertex -1.065479e+01 -2.880710e+01  1.500000e+00
      vertex -1.051617e+01 -2.906643e+01  0.000000e+00
      vertex -1.051617e+01 -2.906643e+01  1.500000e+00
    endloop
  endfacet
  facet normal -9.569407e-01 -2.902833e-01  -0.000000e+00
    outer loop
      vertex -1.051617e+01 -2.906643e+01  1.500000e+00
      vertex -1.051617e+01 -2.906643e+01  0.000000e+00
      vertex -1.043081e+01 -2.934782e+01  0.000000e+00
    endloop
  endfacet
  facet normal -9.569407e-01 -2.902833e-01  0.000000e+00
    outer loop
      vertex -1.051617e+01 -2.906643e+01  1.500000e+00
      vertex -1.043081e+01 -2.934782e+01  0.000000e+00
      vertex -1.043081e+01 -2.934782e+01  1.500000e+00
    endloop
  endfacet
  facet normal -9.951847e-01 -9.801686e-02  -0.000000e+00
    outer loop
      vertex -1.043081e+01 -2.934782e+01  1.500000e+00
      vertex -1.043081e+01 -2.934782e+01  0.000000e+00
      vertex -1.040199e+01 -2.964046e+01  0.000000e+00
    endloop
  endfacet
  facet normal -9.951847e-01 -9.801686e-02  0.000000e+00
    outer loop
      vertex -1.043081e+01 -2.934782e+01  1.500000e+00
      vertex -1.040199e+01 -2.964046e+01  0.000000e+00
      vertex -1.040199e+01 -2.964046e+01  1.500000e+00
    endloop
  endfacet
  facet normal -9.801655e-02  9.951848e-01  0.000000e+00
    outer loop
      vertex -1.190199e+01 -3.114046e+01  0.000000e+00
      vertex -1.160935e+01 -3.111164e+01  1.500000e+00
      vertex -1.160935e+01 -3.111164e+01  0.000000e+00
    endloop
  endfacet
  facet normal -2.902880e-01  9.569393e-01  0.000000e+00
    outer loop
      vertex -1.160935e+01 -3.111164e+01  0.000000e+00
      vertex -1.160935e+01 -3.111164e+01  1.500000e+00
      vertex -1.132797e+01 -3.102628e+01  1.500000e+00
    endloop
  endfacet
  facet normal -2.902880e-01  9.569393e-01  0.000000e+00
    outer loop
      vertex -1.160935e+01 -3.111164e+01  0.000000e+00
      vertex -1.132797e+01 -3.102628e+01  1.500000e+00
      vertex -1.132797e+01 -3.102628e+01  0.000000e+00
    endloop
  endfacet
  facet normal -4.713967e-01  8.819212e-01  0.000000e+00
    outer loop
      vertex -1.132797e+01 -3.102628e+01  0.000000e+00
      vertex -1.132797e+01 -3.102628e+01  1.500000e+00
      vertex -1.106864e+01 -3.088766e+01  1.500000e+00
    endloop
  endfacet
  facet normal -4.713967e-01  8.819212e-01  0.000000e+00
    outer loop
      vertex -1.132797e+01 -3.102628e+01  0.000000e+00
      vertex -1.106864e+01 -3.088766e+01  1.500000e+00
      vertex -1.106864e+01 -3.088766e+01  0.000000e+00
    endloop
  endfacet
  facet normal -6.343927e-01  7.730110e-01  0.000000e+00
    outer loop
      vertex -1.106864e+01 -3.088766e+01  0.000000e+00
      vertex -1.106864e+01 -3.088766e+01  1.500000e+00
      vertex -1.084133e+01 -3.070112e+01  1.500000e+00
    endloop
  endfacet
  facet normal -6.343927e-01  7.730110e-01  0.000000e+00
    outer loop
      vertex -1.106864e+01 -3.088766e+01  0.000000e+00
      vertex -1.084133e+01 -3.070112e+01  1.500000e+00
      vertex -1.084133e+01 -3.070112e+01  0.000000e+00
    endloop
  endfacet
  facet normal -7.730097e-01  6.343942e-01  0.000000e+00
    outer loop
      vertex -1.084133e+01 -3.070112e+01  0.000000e+00
      vertex -1.084133e+01 -3.070112e+01  1.500000e+00
      vertex -1.065479e+01 -3.047381e+01  1.500000e+00
    endloop
  endfacet
  facet normal -7.730097e-01  6.343942e-01  0.000000e+00
    outer loop
      vertex -1.084133e+01 -3.070112e+01  0.000000e+00
      vertex -1.065479e+01 -3.047381e+01  1.500000e+00
      vertex -1.065479e+01 -3.047381e+01  0.000000e+00
    endloop
  endfacet
  facet normal -8.819220e-01  4.713954e-01  0.000000e+00
    outer loop
      vertex -1.065479e+01 -3.047381e+01  0.000000e+00
      vertex -1.065479e+01 -3.047381e+01  1.500000e+00
      vertex -1.051617e+01 -3.021448e+01  1.500000e+00
    endloop
  endfacet
  facet normal -8.819220e-01  4.713954e-01  0.000000e+00
    outer loop
      vertex -1.065479e+01 -3.047381e+01  0.000000e+00
      vertex -1.051617e+01 -3.021448e+01  1.500000e+00
      vertex -1.051617e+01 -3.021448e+01  0.000000e+00
    endloop
  endfacet
  facet normal -9.569402e-01  2.902851e-01  0.000000e+00
    outer loop
      vertex -1.051617e+01 -3.021448e+01  0.000000e+00
      vertex -1.051617e+01 -3.021448e+01  1.500000e+00
      vertex -1.043081e+01 -2.993309e+01  1.500000e+00
    endloop
  endfacet
  facet normal -9.569402e-01  2.902851e-01  0.000000e+00
    outer loop
      vertex -1.051617e+01 -3.021448e+01  0.000000e+00
      vertex -1.043081e+01 -2.993309e+01  1.500000e+00
      vertex -1.043081e+01 -2.993309e+01  0.000000e+00
    endloop
  endfacet
  facet normal -9.951847e-01  9.801686e-02  0.000000e+00
    outer loop
      vertex -1.043081e+01 -2.993309e+01  0.000000e+00
      vertex -1.043081e+01 -2.993309e+01  1.500000e+00
      vertex -1.040199e+01 -2.964046e+01  1.500000e+00
    endloop
  endfacet
  facet normal -9.951847e-01  9.801686e-02  0.000000e+00
    outer loop
      vertex -1.043081e+01 -2.993309e+01  0.000000e+00
      vertex -1.040199e+01 -2.964046e+01  1.500000e+00
      vertex -1.040199e+01 -2.964046e+01  0.000000e+00
    endloop
  endfacet
  facet normal -9.801655e-02  9.951848e-01  0.000000e+00
    outer loop
      vertex -1.160935e+01 -3.111164e+01  1.500000e+00
      vertex -1.190199e+01 -3.114046e+01  0.000000e+00
      vertex -1.190199e+01 -3.114046e+01  1.500000e+00
    endloop
  endfacet
  facet normal  9.801655e-02  9.951848e-01  0.000000e+00
    outer loop
      vertex -1.190199e+01 -3.114046e+01  1.500000e+00
      vertex -1.190199e+01 -3.114046e+01  0.000000e+00
      vertex -1.219463e+01 -3.111164e+01  0.000000e+00
    endloop
  endfacet
  facet normal  9.801655e-02  9.951848e-01  -0.000000e+00
    outer loop
      vertex -1.190199e+01 -3.114046e+01  1.500000e+00
      vertex -1.219463e+01 -3.111164e+01  0.000000e+00
      vertex -1.219463e+01 -3.111164e+01  1.500000e+00
    endloop
  endfacet
  facet normal  2.902880e-01  9.569393e-01  0.000000e+00
    outer loop
      vertex -1.219463e+01 -3.111164e+01  1.500000e+00
      vertex -1.219463e+01 -3.111164e+01  0.000000e+00
      vertex -1.247602e+01 -3.102628e+01  0.000000e+00
    endloop
  endfacet
  facet normal  2.902880e-01  9.569393e-01  -0.000000e+00
    outer loop
      vertex -1.219463e+01 -3.111164e+01  1.500000e+00
      vertex -1.247602e+01 -3.102628e+01  0.000000e+00
      vertex -1.247602e+01 -3.102628e+01  1.500000e+00
    endloop
  endfacet
  facet normal  4.713967e-01  8.819212e-01  0.000000e+00
    outer loop
      vertex -1.247602e+01 -3.102628e+01  1.500000e+00
      vertex -1.247602e+01 -3.102628e+01  0.000000e+00
      vertex -1.273535e+01 -3.088766e+01  0.000000e+00
    endloop
  endfacet
  facet normal  4.713967e-01  8.819212e-01  -0.000000e+00
    outer loop
      vertex -1.247602e+01 -3.102628e+01  1.500000e+00
      vertex -1.273535e+01 -3.088766e+01  0.000000e+00
      vertex -1.273535e+01 -3.088766e+01  1.500000e+00
    endloop
  endfacet
  facet normal  6.343927e-01  7.730110e-01  0.000000e+00
    outer loop
      vertex -1.273535e+01 -3.088766e+01  1.500000e+00
      vertex -1.273535e+01 -3.088766e+01  0.000000e+00
      vertex -1.296265e+01 -3.070112e+01  0.000000e+00
    endloop
  endfacet
  facet normal  6.343927e-01  7.730110e-01  -0.000000e+00
    outer loop
      vertex -1.273535e+01 -3.088766e+01  1.500000e+00
      vertex -1.296265e+01 -3.070112e+01  0.000000e+00
      vertex -1.296265e+01 -3.070112e+01  1.500000e+00
    endloop
  endfacet
  facet normal  7.730097e-01  6.343942e-01  0.000000e+00
    outer loop
      vertex -1.296265e+01 -3.070112e+01  1.500000e+00
      vertex -1.296265e+01 -3.070112e+01  0.000000e+00
      vertex -1.314920e+01 -3.047381e+01  0.000000e+00
    endloop
  endfacet
  facet normal  7.730097e-01  6.343942e-01  -0.000000e+00
    outer loop
      vertex -1.296265e+01 -3.070112e+01  1.500000e+00
      vertex -1.314920e+01 -3.047381e+01  0.000000e+00
      vertex -1.314920e+01 -3.047381e+01  1.500000e+00
    endloop
  endfacet
  facet normal  8.819220e-01  4.713954e-01  0.000000e+00
    outer loop
      vertex -1.314920e+01 -3.047381e+01  1.500000e+00
      vertex -1.314920e+01 -3.047381e+01  0.000000e+00
      vertex -1.328781e+01 -3.021448e+01  0.000000e+00
    endloop
  endfacet
  facet normal  8.819220e-01  4.713954e-01  -0.000000e+00
    outer loop
      vertex -1.314920e+01 -3.047381e+01  1.500000e+00
      vertex -1.328781e+01 -3.021448e+01  0.000000e+00
      vertex -1.328781e+01 -3.021448e+01  1.500000e+00
    endloop
  endfacet
  facet normal  9.569402e-01  2.902851e-01  0.000000e+00
    outer loop
      vertex -1.328781e+01 -3.021448e+01  1.500000e+00
      vertex -1.328781e+01 -3.021448e+01  0.000000e+00
      vertex -1.337317e+01 -2.993309e+01  0.000000e+00
    endloop
  endfacet
  facet normal  9.569402e-01  2.902851e-01  -0.000000e+00
    outer loop
      vertex -1.328781e+01 -3.021448e+01  1.500000e+00
      vertex -1.337317e+01 -2.993309e+01  0.000000e+00
      vertex -1.337317e+01 -2.993309e+01  1.500000e+00
    endloop
  endfacet
  facet normal  9.951847e-01  9.801686e-02  0.000000e+00
    outer loop
      vertex -1.337317e+01 -2.993309e+01  1.500000e+00
      vertex -1.337317e+01 -2.993309e+01  0.000000e+00
      vertex -1.340199e+01 -2.964046e+01  0.000000e+00
    endloop
  endfacet
  facet normal  9.951847e-01  9.801686e-02  -0.000000e+00
    outer loop
      vertex -1.337317e+01 -2.993309e+01  1.500000e+00
      vertex -1.340199e+01 -2.964046e+01  0.000000e+00
      vertex -1.340199e+01 -2.964046e+01  1.500000e+00
    endloop
  endfacet
  facet normal -9.801655e-02  9.951848e-01  0.000000e+00
    outer loop
      vertex  1.190199e+01 -3.114046e+01  0.000000e+00
      vertex  1.219463e+01 -3.111164e+01  1.500000e+00
      vertex  1.219463e+01 -3.111164e+01  0.000000e+00
    endloop
  endfacet
  facet normal -2.902880e-01  9.569393e-01  0.000000e+00
    outer loop
      vertex  1.219463e+01 -3.111164e+01  0.000000e+00
      vertex  1.219463e+01 -3.111164e+01  1.500000e+00
      vertex  1.247602e+01 -3.102628e+01  1.500000e+00
    endloop
  endfacet
  facet normal -2.902880e-01  9.569393e-01  0.000000e+00
    outer loop
      vertex  1.219463e+01 -3.111164e+01  0.000000e+00
      vertex  1.247602e+01 -3.102628e+01  1.500000e+00
      vertex  1.247602e+01 -3.102628e+01  0.000000e+00
    endloop
  endfacet
  facet normal -4.713967e-01  8.819212e-01  0.000000e+00
    outer loop
      vertex  1.247602e+01 -3.102628e+01  0.000000e+00
      vertex  1.247602e+01 -3.102628e+01  1.500000e+00
      vertex  1.273535e+01 -3.088766e+01  1.500000e+00
    endloop
  endfacet
  facet normal -4.713967e-01  8.819212e-01  0.000000e+00
    outer loop
      vertex  1.247602e+01 -3.102628e+01  0.000000e+00
      vertex  1.273535e+01 -3.088766e+01  1.500000e+00
      vertex  1.273535e+01 -3.088766e+01  0.000000e+00
    endloop
  endfacet
  facet normal -6.343927e-01  7.730110e-01  0.000000e+00
    outer loop
      vertex  1.273535e+01 -3.088766e+01  0.000000e+00
      vertex  1.273535e+01 -3.088766e+01  1.500000e+00
      vertex  1.296265e+01 -3.070112e+01  1.500000e+00
    endloop
  endfacet
  facet normal -6.343927e-01  7.730110e-01  0.000000e+00
    outer loop
      vertex  1.273535e+01 -3.088766e+01  0.000000e+00
      vertex  1.296265e+01 -3.070112e+01  1.500000e+00
      vertex  1.296265e+01 -3.070112e+01  0.000000e+00
    endloop
  endfacet
  facet normal -7.730097e-01  6.343942e-01  0.000000e+00
    outer loop
      vertex  1.296265e+01 -3.070112e+01  0.000000e+00
      vertex  1.296265e+01 -3.070112e+01  1.500000e+00
      vertex  1.314920e+01 -3.047381e+01  1.500000e+00
    endloop
  endfacet
  facet normal -7.730097e-01  6.343942e-01  0.000000e+00
    outer loop
      vertex  1.296265e+01 -3.070112e+01  0.000000e+00
      vertex  1.314920e+01 -3.047381e+01  1.500000e+00
      vertex  1.314920e+01 -3.047381e+01  0.000000e+00
    endloop
  endfacet
  facet normal -8.819220e-01  4.713954e-01  0.000000e+00
    outer loop
      vertex  1.314920e+01 -3.047381e+01  0.000000e+00
      vertex  1.314920e+01 -3.047381e+01  1.500000e+00
      vertex  1.328781e+01 -3.021448e+01  1.500000e+00
    endloop
  endfacet
  facet normal -8.819220e-01  4.713954e-01  0.000000e+00
    outer loop
      vertex  1.314920e+01 -3.047381e+01  0.000000e+00
      vertex  1.328781e+01 -3.021448e+01  1.500000e+00
      vertex  1.328781e+01 -3.021448e+01  0.000000e+00
    endloop
  endfacet
  facet normal -9.569402e-01  2.902851e-01  0.000000e+00
    outer loop
      vertex  1.328781e+01 -3.021448e+01  0.000000e+00
      vertex  1.328781e+01 -3.021448e+01  1.500000e+00
      vertex  1.337317e+01 -2.993309e+01  1.500000e+00
    endloop
  endfacet
  facet normal -9.569402e-01  2.902851e-01  0.000000e+00
    outer loop
      vertex  1.328781e+01 -3.021448e+01  0.000000e+00
      vertex  1.337317e+01 -2.993309e+01  1.500000e+00
      vertex  1.337317e+01 -2.993309e+01  0.000000e+00
    endloop
  endfacet
  facet normal -9.951847e-01  9.801686e-02  0.000000e+00
    outer loop
      vertex  1.337317e+01 -2.993309e+01  0.000000e+00
      vertex  1.337317e+01 -2.993309e+01  1.500000e+00
      vertex  1.340199e+01 -2.964046e+01  1.500000e+00
    endloop
  endfacet
  facet normal -9.951847e-01  9.801686e-02  0.000000e+00
    outer loop
      vertex  1.337317e+01 -2.993309e+01  0.000000e+00
      vertex  1.340199e+01 -2.964046e+01  1.500000e+00
      vertex  1.340199e+01 -2.964046e+01  0.000000e+00
    endloop
  endfacet
  facet normal -9.801655e-02  9.951848e-01  0.000000e+00
    outer loop
      vertex  1.219463e+01 -3.111164e+01  1.500000e+00
      vertex  1.190199e+01 -3.114046e+01  0.000000e+00
      vertex  1.190199e+01 -3.114046e+01  1.500000e+00
    endloop
  endfacet
  facet normal  9.801655e-02  9.951848e-01  0.000000e+00
    outer loop
      vertex  1.190199e+01 -3.114046e+01  1.500000e+00
      vertex  1.190199e+01 -3.114046e+01  0.000000e+00
      vertex  1.160935e+01 -3.111164e+01  0.000000e+00
    endloop
  endfacet
  facet normal  9.801655e-02  9.951848e-01  -0.000000e+00
    outer loop
      vertex  1.190199e+01 -3.114046e+01  1.500000e+00
      vertex  1.160935e+01 -3.111164e+01  0.000000e+00
      vertex  1.160935e+01 -3.111164e+01  1.500000e+00
    endloop
  endfacet
  facet normal  2.902880e-01  9.569393e-01  0.000000e+00
    outer loop
      vertex  1.160935e+01 -3.111164e+01  1.500000e+00
      vertex  1.160935e+01 -3.111164e+01  0.000000e+00
      vertex  1.132797e+01 -3.102628e+01  0.000000e+00
    endloop
  endfacet
  facet normal  2.902880e-01  9.569393e-01  -0.000000e+00
    outer loop
      vertex  1.160935e+01 -3.111164e+01  1.500000e+00
      vertex  1.132797e+01 -3.102628e+01  0.000000e+00
      vertex  1.132797e+01 -3.102628e+01  1.500000e+00
    endloop
  endfacet
  facet normal  4.713967e-01  8.819212e-01  0.000000e+00
    outer loop
      vertex  1.132797e+01 -3.102628e+01  1.500000e+00
      vertex  1.132797e+01 -3.102628e+01  0.000000e+00
      vertex  1.106864e+01 -3.088766e+01  0.000000e+00
    endloop
  endfacet
  facet normal  4.713967e-01  8.819212e-01  -0.000000e+00
    outer loop
      vertex  1.132797e+01 -3.102628e+01  1.500000e+00
      vertex  1.106864e+01 -3.088766e+01  0.000000e+00
      vertex  1.106864e+01 -3.088766e+01  1.500000e+00
    endloop
  endfacet
  facet normal  6.343927e-01  7.730110e-01  0.000000e+00
    outer loop
      vertex  1.106864e+01 -3.088766e+01  1.500000e+00
      vertex  1.106864e+01 -3.088766e+01  0.000000e+00
      vertex  1.084133e+01 -3.070112e+01  0.000000e+00
    endloop
  endfacet
  facet normal  6.343927e-01  7.730110e-01  -0.000000e+00
    outer loop
      vertex  1.106864e+01 -3.088766e+01  1.500000e+00
      vertex  1.084133e+01 -3.070112e+01  0.000000e+00
      vertex  1.084133e+01 -3.070112e+01  1.500000e+00
    endloop
  endfacet
  facet normal  7.730097e-01  6.343942e-01  0.000000e+00
    outer loop
      vertex  1.084133e+01 -3.070112e+01  1.500000e+00
      vertex  1.084133e+01 -3.070112e+01  0.000000e+00
      vertex  1.065479e+01 -3.047381e+01  0.000000e+00
    endloop
  endfacet
  facet normal  7.730097e-01  6.343942e-01  -0.000000e+00
    outer loop
      vertex  1.084133e+01 -3.070112e+01  1.500000e+00
      vertex  1.065479e+01 -3.047381e+01  0.000000e+00
      vertex  1.065479e+01 -3.047381e+01  1.500000e+00
    endloop
  endfacet
  facet normal  8.819220e-01  4.713954e-01  0.000000e+00
    outer loop
      vertex  1.065479e+01 -3.047381e+01  1.500000e+00
      vertex  1.065479e+01 -3.047381e+01  0.000000e+00
      vertex  1.051617e+01 -3.021448e+01  0.000000e+00
    endloop
  endfacet
  facet normal  8.819220e-01  4.713954e-01  -0.000000e+00
    outer loop
      vertex  1.065479e+01 -3.047381e+01  1.500000e+00
      vertex  1.051617e+01 -3.021448e+01  0.000000e+00
      vertex  1.051617e+01 -3.021448e+01  1.500000e+00
    endloop
  endfacet
  facet normal  9.569402e-01  2.902851e-01  0.000000e+00
    outer loop
      vertex  1.051617e+01 -3.021448e+01  1.500000e+00
      vertex  1.051617e+01 -3.021448e+01  0.000000e+00
      vertex  1.043081e+01 -2.993309e+01  0.000000e+00
    endloop
  endfacet
  facet normal  9.569402e-01  2.902851e-01  -0.000000e+00
    outer loop
      vertex  1.051617e+01 -3.021448e+01  1.500000e+00
      vertex  1.043081e+01 -2.993309e+01  0.000000e+00
      vertex  1.043081e+01 -2.993309e+01  1.500000e+00
    endloop
  endfacet
  facet normal  9.951847e-01  9.801686e-02  0.000000e+00
    outer loop
      vertex  1.043081e+01 -2.993309e+01  1.500000e+00
      vertex  1.043081e+01 -2.993309e+01  0.000000e+00
      vertex  1.040199e+01 -2.964046e+01  0.000000e+00
    endloop
  endfacet
  facet normal  9.951847e-01  9.801686e-02  -0.000000e+00
    outer loop
      vertex  1.043081e+01 -2.993309e+01  1.500000e+00
      vertex  1.040199e+01 -2.964046e+01  0.000000e+00
      vertex  1.040199e+01 -2.964046e+01  1.500000e+00
    endloop
  endfacet
  facet normal  9.801655e-02 -9.951848e-01  0.000000e+00
    outer loop
      vertex  1.190199e+01 -2.814046e+01  0.000000e+00
      vertex  1.160935e+01 -2.816928e+01  1.500000e+00
      vertex  1.160935e+01 -2.816928e+01  0.000000e+00
    endloop
  endfacet
  facet normal  2.902821e-01 -9.569411e-01  0.000000e+00
    outer loop
      vertex  1.160935e+01 -2.816928e+01  0.000000e+00
      vertex  1.160935e+01 -2.816928e+01  1.500000e+00
      vertex  1.132797e+01 -2.825464e+01  1.500000e+00
    endloop
  endfacet
  facet normal  2.902821e-01 -9.569411e-01  0.000000e+00
    outer loop
      vertex  1.160935e+01 -2.816928e+01  0.000000e+00
      vertex  1.132797e+01 -2.825464e+01  1.500000e+00
      vertex  1.132797e+01 -2.825464e+01  0.000000e+00
    endloop
  endfacet
  facet normal  4.713967e-01 -8.819212e-01  0.000000e+00
    outer loop
      vertex  1.132797e+01 -2.825464e+01  0.000000e+00
      vertex  1.132797e+01 -2.825464e+01  1.500000e+00
      vertex  1.106864e+01 -2.839325e+01  1.500000e+00
    endloop
  endfacet
  facet normal  4.713967e-01 -8.819212e-01  0.000000e+00
    outer loop
      vertex  1.132797e+01 -2.825464e+01  0.000000e+00
      vertex  1.106864e+01 -2.839325e+01  1.500000e+00
      vertex  1.106864e+01 -2.839325e+01  0.000000e+00
    endloop
  endfacet
  facet normal  6.343927e-01 -7.730110e-01  0.000000e+00
    outer loop
      vertex  1.106864e+01 -2.839325e+01  0.000000e+00
      vertex  1.106864e+01 -2.839325e+01  1.500000e+00
      vertex  1.084133e+01 -2.857980e+01  1.500000e+00
    endloop
  endfacet
  facet normal  6.343927e-01 -7.730110e-01  0.000000e+00
    outer loop
      vertex  1.106864e+01 -2.839325e+01  0.000000e+00
      vertex  1.084133e+01 -2.857980e+01  1.500000e+00
      vertex  1.084133e+01 -2.857980e+01  0.000000e+00
    endloop
  endfacet
  facet normal  7.730123e-01 -6.343911e-01  0.000000e+00
    outer loop
      vertex  1.084133e+01 -2.857980e+01  0.000000e+00
      vertex  1.084133e+01 -2.857980e+01  1.500000e+00
      vertex  1.065479e+01 -2.880710e+01  1.500000e+00
    endloop
  endfacet
  facet normal  7.730123e-01 -6.343911e-01  0.000000e+00
    outer loop
      vertex  1.084133e+01 -2.857980e+01  0.000000e+00
      vertex  1.065479e+01 -2.880710e+01  1.500000e+00
      vertex  1.065479e+01 -2.880710e+01  0.000000e+00
    endloop
  endfacet
  facet normal  8.819205e-01 -4.713980e-01  0.000000e+00
    outer loop
      vertex  1.065479e+01 -2.880710e+01  0.000000e+00
      vertex  1.065479e+01 -2.880710e+01  1.500000e+00
      vertex  1.051617e+01 -2.906643e+01  1.500000e+00
    endloop
  endfacet
  facet normal  8.819205e-01 -4.713980e-01  0.000000e+00
    outer loop
      vertex  1.065479e+01 -2.880710e+01  0.000000e+00
      vertex  1.051617e+01 -2.906643e+01  1.500000e+00
      vertex  1.051617e+01 -2.906643e+01  0.000000e+00
    endloop
  endfacet
  facet normal  9.569407e-01 -2.902833e-01  0.000000e+00
    outer loop
      vertex  1.051617e+01 -2.906643e+01  0.000000e+00
      vertex  1.051617e+01 -2.906643e+01  1.500000e+00
      vertex  1.043081e+01 -2.934782e+01  1.500000e+00
    endloop
  endfacet
  facet normal  9.569407e-01 -2.902833e-01  0.000000e+00
    outer loop
      vertex  1.051617e+01 -2.906643e+01  0.000000e+00
      vertex  1.043081e+01 -2.934782e+01  1.500000e+00
      vertex  1.043081e+01 -2.934782e+01  0.000000e+00
    endloop
  endfacet
  facet normal  9.951847e-01 -9.801686e-02  0.000000e+00
    outer loop
      vertex  1.043081e+01 -2.934782e+01  0.000000e+00
      vertex  1.043081e+01 -2.934782e+01  1.500000e+00
      vertex  1.040199e+01 -2.964046e+01  1.500000e+00
    endloop
  endfacet
  facet normal  9.951847e-01 -9.801686e-02  0.000000e+00
    outer loop
      vertex  1.043081e+01 -2.934782e+01  0.000000e+00
      vertex  1.040199e+01 -2.964046e+01  1.500000e+00
      vertex  1.040199e+01 -2.964046e+01  0.000000e+00
    endloop
  endfacet
  facet normal  9.801655e-02 -9.951848e-01  0.000000e+00
    outer loop
      vertex  1.160935e+01 -2.816928e+01  1.500000e+00
      vertex  1.190199e+01 -2.814046e+01  0.000000e+00
      vertex  1.190199e+01 -2.814046e+01  1.500000e+00
    endloop
  endfacet
  facet normal -9.801655e-02 -9.951848e-01  -0.000000e+00
    outer loop
      vertex  1.190199e+01 -2.814046e+01  1.500000e+00
      vertex  1.190199e+01 -2.814046e+01  0.000000e+00
      vertex  1.219463e+01 -2.816928e+01  0.000000e+00
    endloop
  endfacet
  facet normal -9.801655e-02 -9.951848e-01  0.000000e+00
    outer loop
      vertex  1.190199e+01 -2.814046e+01  1.500000e+00
      vertex  1.219463e+01 -2.816928e+01  0.000000e+00
      vertex  1.219463e+01 -2.816928e+01  1.500000e+00
    endloop
  endfacet
  facet normal -2.902821e-01 -9.569411e-01  -0.000000e+00
    outer loop
      vertex  1.219463e+01 -2.816928e+01  1.500000e+00
      vertex  1.219463e+01 -2.816928e+01  0.000000e+00
      vertex  1.247602e+01 -2.825464e+01  0.000000e+00
    endloop
  endfacet
  facet normal -2.902821e-01 -9.569411e-01  0.000000e+00
    outer loop
      vertex  1.219463e+01 -2.816928e+01  1.500000e+00
      vertex  1.247602e+01 -2.825464e+01  0.000000e+00
      vertex  1.247602e+01 -2.825464e+01  1.500000e+00
    endloop
  endfacet
  facet normal -4.713967e-01 -8.819212e-01  -0.000000e+00
    outer loop
      vertex  1.247602e+01 -2.825464e+01  1.500000e+00
      vertex  1.247602e+01 -2.825464e+01  0.000000e+00
      vertex  1.273535e+01 -2.839325e+01  0.000000e+00
    endloop
  endfacet
  facet normal -4.713967e-01 -8.819212e-01  0.000000e+00
    outer loop
      vertex  1.247602e+01 -2.825464e+01  1.500000e+00
      vertex  1.273535e+01 -2.839325e+01  0.000000e+00
      vertex  1.273535e+01 -2.839325e+01  1.500000e+00
    endloop
  endfacet
  facet normal -6.343927e-01 -7.730110e-01  -0.000000e+00
    outer loop
      vertex  1.273535e+01 -2.839325e+01  1.500000e+00
      vertex  1.273535e+01 -2.839325e+01  0.000000e+00
      vertex  1.296265e+01 -2.857980e+01  0.000000e+00
    endloop
  endfacet
  facet normal -6.343927e-01 -7.730110e-01  0.000000e+00
    outer loop
      vertex  1.273535e+01 -2.839325e+01  1.500000e+00
      vertex  1.296265e+01 -2.857980e+01  0.000000e+00
      vertex  1.296265e+01 -2.857980e+01  1.500000e+00
    endloop
  endfacet
  facet normal -7.730123e-01 -6.343911e-01  -0.000000e+00
    outer loop
      vertex  1.296265e+01 -2.857980e+01  1.500000e+00
      vertex  1.296265e+01 -2.857980e+01  0.000000e+00
      vertex  1.314920e+01 -2.880710e+01  0.000000e+00
    endloop
  endfacet
  facet normal -7.730123e-01 -6.343911e-01  0.000000e+00
    outer loop
      vertex  1.296265e+01 -2.857980e+01  1.500000e+00
      vertex  1.314920e+01 -2.880710e+01  0.000000e+00
      vertex  1.314920e+01 -2.880710e+01  1.500000e+00
    endloop
  endfacet
  facet normal -8.819205e-01 -4.713980e-01  -0.000000e+00
    outer loop
      vertex  1.314920e+01 -2.880710e+01  1.500000e+00
      vertex  1.314920e+01 -2.880710e+01  0.000000e+00
      vertex  1.328781e+01 -2.906643e+01  0.000000e+00
    endloop
  endfacet
  facet normal -8.819205e-01 -4.713980e-01  0.000000e+00
    outer loop
      vertex  1.314920e+01 -2.880710e+01  1.500000e+00
      vertex  1.328781e+01 -2.906643e+01  0.000000e+00
      vertex  1.328781e+01 -2.906643e+01  1.500000e+00
    endloop
  endfacet
  facet normal -9.569407e-01 -2.902833e-01  -0.000000e+00
    outer loop
      vertex  1.328781e+01 -2.906643e+01  1.500000e+00
      vertex  1.328781e+01 -2.906643e+01  0.000000e+00
      vertex  1.337317e+01 -2.934782e+01  0.000000e+00
    endloop
  endfacet
  facet normal -9.569407e-01 -2.902833e-01  0.000000e+00
    outer loop
      vertex  1.328781e+01 -2.906643e+01  1.500000e+00
      vertex  1.337317e+01 -2.934782e+01  0.000000e+00
      vertex  1.337317e+01 -2.934782e+01  1.500000e+00
    endloop
  endfacet
  facet normal -9.951847e-01 -9.801686e-02  -0.000000e+00
    outer loop
      vertex  1.337317e+01 -2.934782e+01  1.500000e+00
      vertex  1.337317e+01 -2.934782e+01  0.000000e+00
      vertex  1.340199e+01 -2.964046e+01  0.000000e+00
    endloop
  endfacet
  facet normal -9.951847e-01 -9.801686e-02  0.000000e+00
    outer loop
      vertex  1.337317e+01 -2.934782e+01  1.500000e+00
      vertex  1.340199e+01 -2.964046e+01  0.000000e+00
      vertex  1.340199e+01 -2.964046e+01  1.500000e+00
    endloop
  endfacet
  facet normal -9.801655e-02  9.951848e-01  0.000000e+00
    outer loop
      vertex  1.190199e+01  2.814046e+01  0.000000e+00
      vertex  1.219463e+01  2.816928e+01  1.500000e+00
      vertex  1.219463e+01  2.816928e+01  0.000000e+00
    endloop
  endfacet
  facet normal -2.902821e-01  9.569411e-01  0.000000e+00
    outer loop
      vertex  1.219463e+01  2.816928e+01  0.000000e+00
      vertex  1.219463e+01  2.816928e+01  1.500000e+00
      vertex  1.247602e+01  2.825464e+01  1.500000e+00
    endloop
  endfacet
  facet normal -2.902821e-01  9.569411e-01  0.000000e+00
    outer loop
      vertex  1.219463e+01  2.816928e+01  0.000000e+00
      vertex  1.247602e+01  2.825464e+01  1.500000e+00
      vertex  1.247602e+01  2.825464e+01  0.000000e+00
    endloop
  endfacet
  facet normal -4.713967e-01  8.819212e-01  0.000000e+00
    outer loop
      vertex  1.247602e+01  2.825464e+01  0.000000e+00
      vertex  1.247602e+01  2.825464e+01  1.500000e+00
      vertex  1.273535e+01  2.839325e+01  1.500000e+00
    endloop
  endfacet
  facet normal -4.713967e-01  8.819212e-01  0.000000e+00
    outer loop
      vertex  1.247602e+01  2.825464e+01  0.000000e+00
      vertex  1.273535e+01  2.839325e+01  1.500000e+00
      vertex  1.273535e+01  2.839325e+01  0.000000e+00
    endloop
  endfacet
  facet normal -6.343927e-01  7.730110e-01  0.000000e+00
    outer loop
      vertex  1.273535e+01  2.839325e+01  0.000000e+00
      vertex  1.273535e+01  2.839325e+01  1.500000e+00
      vertex  1.296265e+01  2.857980e+01  1.500000e+00
    endloop
  endfacet
  facet normal -6.343927e-01  7.730110e-01  0.000000e+00
    outer loop
      vertex  1.273535e+01  2.839325e+01  0.000000e+00
      vertex  1.296265e+01  2.857980e+01  1.500000e+00
      vertex  1.296265e+01  2.857980e+01  0.000000e+00
    endloop
  endfacet
  facet normal -7.730123e-01  6.343911e-01  0.000000e+00
    outer loop
      vertex  1.296265e+01  2.857980e+01  0.000000e+00
      vertex  1.296265e+01  2.857980e+01  1.500000e+00
      vertex  1.314920e+01  2.880710e+01  1.500000e+00
    endloop
  endfacet
  facet normal -7.730123e-01  6.343911e-01  0.000000e+00
    outer loop
      vertex  1.296265e+01  2.857980e+01  0.000000e+00
      vertex  1.314920e+01  2.880710e+01  1.500000e+00
      vertex  1.314920e+01  2.880710e+01  0.000000e+00
    endloop
  endfacet
  facet normal -8.819205e-01  4.713980e-01  0.000000e+00
    outer loop
      vertex  1.314920e+01  2.880710e+01  0.000000e+00
      vertex  1.314920e+01  2.880710e+01  1.500000e+00
      vertex  1.328781e+01  2.906643e+01  1.500000e+00
    endloop
  endfacet
  facet normal -8.819205e-01  4.713980e-01  0.000000e+00
    outer loop
      vertex  1.314920e+01  2.880710e+01  0.000000e+00
      vertex  1.328781e+01  2.906643e+01  1.500000e+00
      vertex  1.328781e+01  2.906643e+01  0.000000e+00
    endloop
  endfacet
  facet normal -9.569407e-01  2.902833e-01  0.000000e+00
    outer loop
      vertex  1.328781e+01  2.906643e+01  0.000000e+00
      vertex  1.328781e+01  2.906643e+01  1.500000e+00
      vertex  1.337317e+01  2.934782e+01  1.500000e+00
    endloop
  endfacet
  facet normal -9.569407e-01  2.902833e-01  0.000000e+00
    outer loop
      vertex  1.328781e+01  2.906643e+01  0.000000e+00
      vertex  1.337317e+01  2.934782e+01  1.500000e+00
      vertex  1.337317e+01  2.934782e+01  0.000000e+00
    endloop
  endfacet
  facet normal -9.951847e-01  9.801686e-02  0.000000e+00
    outer loop
      vertex  1.337317e+01  2.934782e+01  0.000000e+00
      vertex  1.337317e+01  2.934782e+01  1.500000e+00
      vertex  1.340199e+01  2.964046e+01  1.500000e+00
    endloop
  endfacet
  facet normal -9.951847e-01  9.801686e-02  0.000000e+00
    outer loop
      vertex  1.337317e+01  2.934782e+01  0.000000e+00
      vertex  1.340199e+01  2.964046e+01  1.500000e+00
      vertex  1.340199e+01  2.964046e+01  0.000000e+00
    endloop
  endfacet
  facet normal -9.801655e-02  9.951848e-01  0.000000e+00
    outer loop
      vertex  1.219463e+01  2.816928e+01  1.500000e+00
      vertex  1.190199e+01  2.814046e+01  0.000000e+00
      vertex  1.190199e+01  2.814046e+01  1.500000e+00
    endloop
  endfacet
  facet normal  9.801655e-02  9.951848e-01  0.000000e+00
    outer loop
      vertex  1.190199e+01  2.814046e+01  1.500000e+00
      vertex  1.190199e+01  2.814046e+01  0.000000e+00
      vertex  1.160935e+01  2.816928e+01  0.000000e+00
    endloop
  endfacet
  facet normal  9.801655e-02  9.951848e-01  -0.000000e+00
    outer loop
      vertex  1.190199e+01  2.814046e+01  1.500000e+00
      vertex  1.160935e+01  2.816928e+01  0.000000e+00
      vertex  1.160935e+01  2.816928e+01  1.500000e+00
    endloop
  endfacet
  facet normal  2.902821e-01  9.569411e-01  0.000000e+00
    outer loop
      vertex  1.160935e+01  2.816928e+01  1.500000e+00
      vertex  1.160935e+01  2.816928e+01  0.000000e+00
      vertex  1.132797e+01  2.825464e+01  0.000000e+00
    endloop
  endfacet
  facet normal  2.902821e-01  9.569411e-01  -0.000000e+00
    outer loop
      vertex  1.160935e+01  2.816928e+01  1.500000e+00
      vertex  1.132797e+01  2.825464e+01  0.000000e+00
      vertex  1.132797e+01  2.825464e+01  1.500000e+00
    endloop
  endfacet
  facet normal  4.713967e-01  8.819212e-01  0.000000e+00
    outer loop
      vertex  1.132797e+01  2.825464e+01  1.500000e+00
      vertex  1.132797e+01  2.825464e+01  0.000000e+00
      vertex  1.106864e+01  2.839325e+01  0.000000e+00
    endloop
  endfacet
  facet normal  4.713967e-01  8.819212e-01  -0.000000e+00
    outer loop
      vertex  1.132797e+01  2.825464e+01  1.500000e+00
      vertex  1.106864e+01  2.839325e+01  0.000000e+00
      vertex  1.106864e+01  2.839325e+01  1.500000e+00
    endloop
  endfacet
  facet normal  6.343927e-01  7.730110e-01  0.000000e+00
    outer loop
      vertex  1.106864e+01  2.839325e+01  1.500000e+00
      vertex  1.106864e+01  2.839325e+01  0.000000e+00
      vertex  1.084133e+01  2.857980e+01  0.000000e+00
    endloop
  endfacet
  facet normal  6.343927e-01  7.730110e-01  -0.000000e+00
    outer loop
      vertex  1.106864e+01  2.839325e+01  1.500000e+00
      vertex  1.084133e+01  2.857980e+01  0.000000e+00
      vertex  1.084133e+01  2.857980e+01  1.500000e+00
    endloop
  endfacet
  facet normal  7.730123e-01  6.343911e-01  0.000000e+00
    outer loop
      vertex  1.084133e+01  2.857980e+01  1.500000e+00
      vertex  1.084133e+01  2.857980e+01  0.000000e+00
      vertex  1.065479e+01  2.880710e+01  0.000000e+00
    endloop
  endfacet
  facet normal  7.730123e-01  6.343911e-01  -0.000000e+00
    outer loop
      vertex  1.084133e+01  2.857980e+01  1.500000e+00
      vertex  1.065479e+01  2.880710e+01  0.000000e+00
      vertex  1.065479e+01  2.880710e+01  1.500000e+00
    endloop
  endfacet
  facet normal  8.819205e-01  4.713980e-01  0.000000e+00
    outer loop
      vertex  1.065479e+01  2.880710e+01  1.500000e+00
      vertex  1.065479e+01  2.880710e+01  0.000000e+00
      vertex  1.051617e+01  2.906643e+01  0.000000e+00
    endloop
  endfacet
  facet normal  8.819205e-01  4.713980e-01  -0.000000e+00
    outer loop
      vertex  1.065479e+01  2.880710e+01  1.500000e+00
      vertex  1.051617e+01  2.906643e+01  0.000000e+00
      vertex  1.051617e+01  2.906643e+01  1.500000e+00
    endloop
  endfacet
  facet normal  9.569407e-01  2.902833e-01  0.000000e+00
    outer loop
      vertex  1.051617e+01  2.906643e+01  1.500000e+00
      vertex  1.051617e+01  2.906643e+01  0.000000e+00
      vertex  1.043081e+01  2.934782e+01  0.000000e+00
    endloop
  endfacet
  facet normal  9.569407e-01  2.902833e-01  -0.000000e+00
    outer loop
      vertex  1.051617e+01  2.906643e+01  1.500000e+00
      vertex  1.043081e+01  2.934782e+01  0.000000e+00
      vertex  1.043081e+01  2.934782e+01  1.500000e+00
    endloop
  endfacet
  facet normal  9.951847e-01  9.801686e-02  0.000000e+00
    outer loop
      vertex  1.043081e+01  2.934782e+01  1.500000e+00
      vertex  1.043081e+01  2.934782e+01  0.000000e+00
      vertex  1.040199e+01  2.964046e+01  0.000000e+00
    endloop
  endfacet
  facet normal  9.951847e-01  9.801686e-02  -0.000000e+00
    outer loop
      vertex  1.043081e+01  2.934782e+01  1.500000e+00
      vertex  1.040199e+01  2.964046e+01  0.000000e+00
      vertex  1.040199e+01  2.964046e+01  1.500000e+00
    endloop
  endfacet
  facet normal  9.801655e-02 -9.951848e-01  0.000000e+00
    outer loop
      vertex  1.190199e+01  3.114046e+01  0.000000e+00
      vertex  1.160935e+01  3.111164e+01  1.500000e+00
      vertex  1.160935e+01  3.111164e+01  0.000000e+00
    endloop
  endfacet
  facet normal  2.902880e-01 -9.569393e-01  0.000000e+00
    outer loop
      vertex  1.160935e+01  3.111164e+01  0.000000e+00
      vertex  1.160935e+01  3.111164e+01  1.500000e+00
      vertex  1.132797e+01  3.102628e+01  1.500000e+00
    endloop
  endfacet
  facet normal  2.902880e-01 -9.569393e-01  0.000000e+00
    outer loop
      vertex  1.160935e+01  3.111164e+01  0.000000e+00
      vertex  1.132797e+01  3.102628e+01  1.500000e+00
      vertex  1.132797e+01  3.102628e+01  0.000000e+00
    endloop
  endfacet
  facet normal  4.713967e-01 -8.819212e-01  0.000000e+00
    outer loop
      vertex  1.132797e+01  3.102628e+01  0.000000e+00
      vertex  1.132797e+01  3.102628e+01  1.500000e+00
      vertex  1.106864e+01  3.088766e+01  1.500000e+00
    endloop
  endfacet
  facet normal  4.713967e-01 -8.819212e-01  0.000000e+00
    outer loop
      vertex  1.132797e+01  3.102628e+01  0.000000e+00
      vertex  1.106864e+01  3.088766e+01  1.500000e+00
      vertex  1.106864e+01  3.088766e+01  0.000000e+00
    endloop
  endfacet
  facet normal  6.343927e-01 -7.730110e-01  0.000000e+00
    outer loop
      vertex  1.106864e+01  3.088766e+01  0.000000e+00
      vertex  1.106864e+01  3.088766e+01  1.500000e+00
      vertex  1.084133e+01  3.070112e+01  1.500000e+00
    endloop
  endfacet
  facet normal  6.343927e-01 -7.730110e-01  0.000000e+00
    outer loop
      vertex  1.106864e+01  3.088766e+01  0.000000e+00
      vertex  1.084133e+01  3.070112e+01  1.500000e+00
      vertex  1.084133e+01  3.070112e+01  0.000000e+00
    endloop
  endfacet
  facet normal  7.730097e-01 -6.343942e-01  0.000000e+00
    outer loop
      vertex  1.084133e+01  3.070112e+01  0.000000e+00
      vertex  1.084133e+01  3.070112e+01  1.500000e+00
      vertex  1.065479e+01  3.047381e+01  1.500000e+00
    endloop
  endfacet
  facet normal  7.730097e-01 -6.343942e-01  0.000000e+00
    outer loop
      vertex  1.084133e+01  3.070112e+01  0.000000e+00
      vertex  1.065479e+01  3.047381e+01  1.500000e+00
      vertex  1.065479e+01  3.047381e+01  0.000000e+00
    endloop
  endfacet
  facet normal  8.819220e-01 -4.713954e-01  0.000000e+00
    outer loop
      vertex  1.065479e+01  3.047381e+01  0.000000e+00
      vertex  1.065479e+01  3.047381e+01  1.500000e+00
      vertex  1.051617e+01  3.021448e+01  1.500000e+00
    endloop
  endfacet
  facet normal  8.819220e-01 -4.713954e-01  0.000000e+00
    outer loop
      vertex  1.065479e+01  3.047381e+01  0.000000e+00
      vertex  1.051617e+01  3.021448e+01  1.500000e+00
      vertex  1.051617e+01  3.021448e+01  0.000000e+00
    endloop
  endfacet
  facet normal  9.569402e-01 -2.902851e-01  0.000000e+00
    outer loop
      vertex  1.051617e+01  3.021448e+01  0.000000e+00
      vertex  1.051617e+01  3.021448e+01  1.500000e+00
      vertex  1.043081e+01  2.993309e+01  1.500000e+00
    endloop
  endfacet
  facet normal  9.569402e-01 -2.902851e-01  0.000000e+00
    outer loop
      vertex  1.051617e+01  3.021448e+01  0.000000e+00
      vertex  1.043081e+01  2.993309e+01  1.500000e+00
      vertex  1.043081e+01  2.993309e+01  0.000000e+00
    endloop
  endfacet
  facet normal  9.951847e-01 -9.801686e-02  0.000000e+00
    outer loop
      vertex  1.043081e+01  2.993309e+01  0.000000e+00
      vertex  1.043081e+01  2.993309e+01  1.500000e+00
      vertex  1.040199e+01  2.964046e+01  1.500000e+00
    endloop
  endfacet
  facet normal  9.951847e-01 -9.801686e-02  0.000000e+00
    outer loop
      vertex  1.043081e+01  2.993309e+01  0.000000e+00
      vertex  1.040199e+01  2.964046e+01  1.500000e+00
      vertex  1.040199e+01  2.964046e+01  0.000000e+00
    endloop
  endfacet
  facet normal  9.801655e-02 -9.951848e-01  0.000000e+00
    outer loop
      vertex  1.160935e+01  3.111164e+01  1.500000e+00
      vertex  1.190199e+01  3.114046e+01  0.000000e+00
      vertex  1.190199e+01  3.114046e+01  1.500000e+00
    endloop
  endfacet
  facet normal -9.801655e-02 -9.951848e-01  -0.000000e+00
    outer loop
      vertex  1.190199e+01  3.114046e+01  1.500000e+00
      vertex  1.190199e+01  3.114046e+01  0.000000e+00
      vertex  1.219463e+01  3.111164e+01  0.000000e+00
    endloop
  endfacet
  facet normal -9.801655e-02 -9.951848e-01  0.000000e+00
    outer loop
      vertex  1.190199e+01  3.114046e+01  1.500000e+00
      vertex  1.219463e+01  3.111164e+01  0.000000e+00
      vertex  1.219463e+01  3.111164e+01  1.500000e+00
    endloop
  endfacet
  facet normal -2.902880e-01 -9.569393e-01  -0.000000e+00
    outer loop
      vertex  1.219463e+01  3.111164e+01  1.500000e+00
      vertex  1.219463e+01  3.111164e+01  0.000000e+00
      vertex  1.247602e+01  3.102628e+01  0.000000e+00
    endloop
  endfacet
  facet normal -2.902880e-01 -9.569393e-01  0.000000e+00
    outer loop
      vertex  1.219463e+01  3.111164e+01  1.500000e+00
      vertex  1.247602e+01  3.102628e+01  0.000000e+00
      vertex  1.247602e+01  3.102628e+01  1.500000e+00
    endloop
  endfacet
  facet normal -4.713967e-01 -8.819212e-01  -0.000000e+00
    outer loop
      vertex  1.247602e+01  3.102628e+01  1.500000e+00
      vertex  1.247602e+01  3.102628e+01  0.000000e+00
      vertex  1.273535e+01  3.088766e+01  0.000000e+00
    endloop
  endfacet
  facet normal -4.713967e-01 -8.819212e-01  0.000000e+00
    outer loop
      vertex  1.247602e+01  3.102628e+01  1.500000e+00
      vertex  1.273535e+01  3.088766e+01  0.000000e+00
      vertex  1.273535e+01  3.088766e+01  1.500000e+00
    endloop
  endfacet
  facet normal -6.343927e-01 -7.730110e-01  -0.000000e+00
    outer loop
      vertex  1.273535e+01  3.088766e+01  1.500000e+00
      vertex  1.273535e+01  3.088766e+01  0.000000e+00
      vertex  1.296265e+01  3.070112e+01  0.000000e+00
    endloop
  endfacet
  facet normal -6.343927e-01 -7.730110e-01  0.000000e+00
    outer loop
      vertex  1.273535e+01  3.088766e+01  1.500000e+00
      vertex  1.296265e+01  3.070112e+01  0.000000e+00
      vertex  1.296265e+01  3.070112e+01  1.500000e+00
    endloop
  endfacet
  facet normal -7.730097e-01 -6.343942e-01  -0.000000e+00
    outer loop
      vertex  1.296265e+01  3.070112e+01  1.500000e+00
      vertex  1.296265e+01  3.070112e+01  0.000000e+00
      vertex  1.314920e+01  3.047381e+01  0.000000e+00
    endloop
  endfacet
  facet normal -7.730097e-01 -6.343942e-01  0.000000e+00
    outer loop
      vertex  1.296265e+01  3.070112e+01  1.500000e+00
      vertex  1.314920e+01  3.047381e+01  0.000000e+00
      vertex  1.314920e+01  3.047381e+01  1.500000e+00
    endloop
  endfacet
  facet normal -8.819220e-01 -4.713954e-01  -0.000000e+00
    outer loop
      vertex  1.314920e+01  3.047381e+01  1.500000e+00
      vertex  1.314920e+01  3.047381e+01  0.000000e+00
      vertex  1.328781e+01  3.021448e+01  0.000000e+00
    endloop
  endfacet
  facet normal -8.819220e-01 -4.713954e-01  0.000000e+00
    outer loop
      vertex  1.314920e+01  3.047381e+01  1.500000e+00
      vertex  1.328781e+01  3.021448e+01  0.000000e+00
      vertex  1.328781e+01  3.021448e+01  1.500000e+00
    endloop
  endfacet
  facet normal -9.569402e-01 -2.902851e-01  -0.000000e+00
    outer loop
      vertex  1.328781e+01  3.021448e+01  1.500000e+00
      vertex  1.328781e+01  3.021448e+01  0.000000e+00
      vertex  1.337317e+01  2.993309e+01  0.000000e+00
    endloop
  endfacet
  facet normal -9.569402e-01 -2.902851e-01  0.000000e+00
    outer loop
      vertex  1.328781e+01  3.021448e+01  1.500000e+00
      vertex  1.337317e+01  2.993309e+01  0.000000e+00
      vertex  1.337317e+01  2.993309e+01  1.500000e+00
    endloop
  endfacet
  facet normal -9.951847e-01 -9.801686e-02  -0.000000e+00
    outer loop
      vertex  1.337317e+01  2.993309e+01  1.500000e+00
      vertex  1.337317e+01  2.993309e+01  0.000000e+00
      vertex  1.340199e+01  2.964046e+01  0.000000e+00
    endloop
  endfacet
  facet normal -9.951847e-01 -9.801686e-02  0.000000e+00
    outer loop
      vertex  1.337317e+01  2.993309e+01  1.500000e+00
      vertex  1.340199e+01  2.964046e+01  0.000000e+00
      vertex  1.340199e+01  2.964046e+01  1.500000e+00
    endloop
  endfacet
  facet normal  9.801655e-02 -9.951848e-01  0.000000e+00
    outer loop
      vertex -1.190199e+01  3.114046e+01  0.000000e+00
      vertex -1.219463e+01  3.111164e+01  1.500000e+00
      vertex -1.219463e+01  3.111164e+01  0.000000e+00
    endloop
  endfacet
  facet normal  2.902880e-01 -9.569393e-01  0.000000e+00
    outer loop
      vertex -1.219463e+01  3.111164e+01  0.000000e+00
      vertex -1.219463e+01  3.111164e+01  1.500000e+00
      vertex -1.247602e+01  3.102628e+01  1.500000e+00
    endloop
  endfacet
  facet normal  2.902880e-01 -9.569393e-01  0.000000e+00
    outer loop
      vertex -1.219463e+01  3.111164e+01  0.000000e+00
      vertex -1.247602e+01  3.102628e+01  1.500000e+00
      vertex -1.247602e+01  3.102628e+01  0.000000e+00
    endloop
  endfacet
  facet normal  4.713967e-01 -8.819212e-01  0.000000e+00
    outer loop
      vertex -1.247602e+01  3.102628e+01  0.000000e+00
      vertex -1.247602e+01  3.102628e+01  1.500000e+00
      vertex -1.273535e+01  3.088766e+01  1.500000e+00
    endloop
  endfacet
  facet normal  4.713967e-01 -8.819212e-01  0.000000e+00
    outer loop
      vertex -1.247602e+01  3.102628e+01  0.000000e+00
      vertex -1.273535e+01  3.088766e+01  1.500000e+00
      vertex -1.273535e+01  3.088766e+01  0.000000e+00
    endloop
  endfacet
  facet normal  6.343927e-01 -7.730110e-01  0.000000e+00
    outer loop
      vertex -1.273535e+01  3.088766e+01  0.000000e+00
      vertex -1.273535e+01  3.088766e+01  1.500000e+00
      vertex -1.296265e+01  3.070112e+01  1.500000e+00
    endloop
  endfacet
  facet normal  6.343927e-01 -7.730110e-01  0.000000e+00
    outer loop
      vertex -1.273535e+01  3.088766e+01  0.000000e+00
      vertex -1.296265e+01  3.070112e+01  1.500000e+00
      vertex -1.296265e+01  3.070112e+01  0.000000e+00
    endloop
  endfacet
  facet normal  7.730097e-01 -6.343942e-01  0.000000e+00
    outer loop
      vertex -1.296265e+01  3.070112e+01  0.000000e+00
      vertex -1.296265e+01  3.070112e+01  1.500000e+00
      vertex -1.314920e+01  3.047381e+01  1.500000e+00
    endloop
  endfacet
  facet normal  7.730097e-01 -6.343942e-01  0.000000e+00
    outer loop
      vertex -1.296265e+01  3.070112e+01  0.000000e+00
      vertex -1.314920e+01  3.047381e+01  1.500000e+00
      vertex -1.314920e+01  3.047381e+01  0.000000e+00
    endloop
  endfacet
  facet normal  8.819220e-01 -4.713954e-01  0.000000e+00
    outer loop
      vertex -1.314920e+01  3.047381e+01  0.000000e+00
      vertex -1.314920e+01  3.047381e+01  1.500000e+00
      vertex -1.328781e+01  3.021448e+01  1.500000e+00
    endloop
  endfacet
  facet normal  8.819220e-01 -4.713954e-01  0.000000e+00
    outer loop
      vertex -1.314920e+01  3.047381e+01  0.000000e+00
      vertex -1.328781e+01  3.021448e+01  1.500000e+00
      vertex -1.328781e+01  3.021448e+01  0.000000e+00
    endloop
  endfacet
  facet normal  9.569402e-01 -2.902851e-01  0.000000e+00
    outer loop
      vertex -1.328781e+01  3.021448e+01  0.000000e+00
      vertex -1.328781e+01  3.021448e+01  1.500000e+00
      vertex -1.337317e+01  2.993309e+01  1.500000e+00
    endloop
  endfacet
  facet normal  9.569402e-01 -2.902851e-01  0.000000e+00
    outer loop
      vertex -1.328781e+01  3.021448e+01  0.000000e+00
      vertex -1.337317e+01  2.993309e+01  1.500000e+00
      vertex -1.337317e+01  2.993309e+01  0.000000e+00
    endloop
  endfacet
  facet normal  9.951847e-01 -9.801686e-02  0.000000e+00
    outer loop
      vertex -1.337317e+01  2.993309e+01  0.000000e+00
      vertex -1.337317e+01  2.993309e+01  1.500000e+00
      vertex -1.340199e+01  2.964046e+01  1.500000e+00
    endloop
  endfacet
  facet normal  9.951847e-01 -9.801686e-02  0.000000e+00
    outer loop
      vertex -1.337317e+01  2.993309e+01  0.000000e+00
      vertex -1.340199e+01  2.964046e+01  1.500000e+00
      vertex -1.340199e+01  2.964046e+01  0.000000e+00
    endloop
  endfacet
  facet normal  9.801655e-02 -9.951848e-01  0.000000e+00
    outer loop
      vertex -1.219463e+01  3.111164e+01  1.500000e+00
      vertex -1.190199e+01  3.114046e+01  0.000000e+00
      vertex -1.190199e+01  3.114046e+01  1.500000e+00
    endloop
  endfacet
  facet normal -9.801655e-02 -9.951848e-01  -0.000000e+00
    outer loop
      vertex -1.190199e+01  3.114046e+01  1.500000e+00
      vertex -1.190199e+01  3.114046e+01  0.000000e+00
      vertex -1.160935e+01  3.111164e+01  0.000000e+00
    endloop
  endfacet
  facet normal -9.801655e-02 -9.951848e-01  0.000000e+00
    outer loop
      vertex -1.190199e+01  3.114046e+01  1.500000e+00
      vertex -1.160935e+01  3.111164e+01  0.000000e+00
      vertex -1.160935e+01  3.111164e+01  1.500000e+00
    endloop
  endfacet
  facet normal -2.902880e-01 -9.569393e-01  -0.000000e+00
    outer loop
      vertex -1.160935e+01  3.111164e+01  1.500000e+00
      vertex -1.160935e+01  3.111164e+01  0.000000e+00
      vertex -1.132797e+01  3.102628e+01  0.000000e+00
    endloop
  endfacet
  facet normal -2.902880e-01 -9.569393e-01  0.000000e+00
    outer loop
      vertex -1.160935e+01  3.111164e+01  1.500000e+00
      vertex -1.132797e+01  3.102628e+01  0.000000e+00
      vertex -1.132797e+01  3.102628e+01  1.500000e+00
    endloop
  endfacet
  facet normal -4.713967e-01 -8.819212e-01  -0.000000e+00
    outer loop
      vertex -1.132797e+01  3.102628e+01  1.500000e+00
      vertex -1.132797e+01  3.102628e+01  0.000000e+00
      vertex -1.106864e+01  3.088766e+01  0.000000e+00
    endloop
  endfacet
  facet normal -4.713967e-01 -8.819212e-01  0.000000e+00
    outer loop
      vertex -1.132797e+01  3.102628e+01  1.500000e+00
      vertex -1.106864e+01  3.088766e+01  0.000000e+00
      vertex -1.106864e+01  3.088766e+01  1.500000e+00
    endloop
  endfacet
  facet normal -6.343927e-01 -7.730110e-01  -0.000000e+00
    outer loop
      vertex -1.106864e+01  3.088766e+01  1.500000e+00
      vertex -1.106864e+01  3.088766e+01  0.000000e+00
      vertex -1.084133e+01  3.070112e+01  0.000000e+00
    endloop
  endfacet
  facet normal -6.343927e-01 -7.730110e-01  0.000000e+00
    outer loop
      vertex -1.106864e+01  3.088766e+01  1.500000e+00
      vertex -1.084133e+01  3.070112e+01  0.000000e+00
      vertex -1.084133e+01  3.070112e+01  1.500000e+00
    endloop
  endfacet
  facet normal -7.730097e-01 -6.343942e-01  -0.000000e+00
    outer loop
      vertex -1.084133e+01  3.070112e+01  1.500000e+00
      vertex -1.084133e+01  3.070112e+01  0.000000e+00
      vertex -1.065479e+01  3.047381e+01  0.000000e+00
    endloop
  endfacet
  facet normal -7.730097e-01 -6.343942e-01  0.000000e+00
    outer loop
      vertex -1.084133e+01  3.070112e+01  1.500000e+00
      vertex -1.065479e+01  3.047381e+01  0.000000e+00
      vertex -1.065479e+01  3.047381e+01  1.500000e+00
    endloop
  endfacet
  facet normal -8.819220e-01 -4.713954e-01  -0.000000e+00
    outer loop
      vertex -1.065479e+01  3.047381e+01  1.500000e+00
      vertex -1.065479e+01  3.047381e+01  0.000000e+00
      vertex -1.051617e+01  3.021448e+01  0.000000e+00
    endloop
  endfacet
  facet normal -8.819220e-01 -4.713954e-01  0.000000e+00
    outer loop
      vertex -1.065479e+01  3.047381e+01  1.500000e+00
      vertex -1.051617e+01  3.021448e+01  0.000000e+00
      vertex -1.051617e+01  3.021448e+01  1.500000e+00
    endloop
  endfacet
  facet normal -9.569402e-01 -2.902851e-01  -0.000000e+00
    outer loop
      vertex -1.051617e+01  3.021448e+01  1.500000e+00
      vertex -1.051617e+01  3.021448e+01  0.000000e+00
      vertex -1.043081e+01  2.993309e+01  0.000000e+00
    endloop
  endfacet
  facet normal -9.569402e-01 -2.902851e-01  0.000000e+00
    outer loop
      vertex -1.051617e+01  3.021448e+01  1.500000e+00
      vertex -1.043081e+01  2.993309e+01  0.000000e+00
      vertex -1.043081e+01  2.993309e+01  1.500000e+00
    endloop
  endfacet
  facet normal -9.951847e-01 -9.801686e-02  -0.000000e+00
    outer loop
      vertex -1.043081e+01  2.993309e+01  1.500000e+00
      vertex -1.043081e+01  2.993309e+01  0.000000e+00
      vertex -1.040199e+01  2.964046e+01  0.000000e+00
    endloop
  endfacet
  facet normal -9.951847e-01 -9.801686e-02  0.000000e+00
    outer loop
      vertex -1.043081e+01  2.993309e+01  1.500000e+00
      vertex -1.040199e+01  2.964046e+01  0.000000e+00
      vertex -1.040199e+01  2.964046e+01  1.500000e+00
    endloop
  endfacet
  facet normal -9.801655e-02  9.951848e-01  0.000000e+00
    outer loop
      vertex -1.190199e+01  2.814046e+01  0.000000e+00
      vertex -1.160935e+01  2.816928e+01  1.500000e+00
      vertex -1.160935e+01  2.816928e+01  0.000000e+00
    endloop
  endfacet
  facet normal -2.902821e-01  9.569411e-01  0.000000e+00
    outer loop
      vertex -1.160935e+01  2.816928e+01  0.000000e+00
      vertex -1.160935e+01  2.816928e+01  1.500000e+00
      vertex -1.132797e+01  2.825464e+01  1.500000e+00
    endloop
  endfacet
  facet normal -2.902821e-01  9.569411e-01  0.000000e+00
    outer loop
      vertex -1.160935e+01  2.816928e+01  0.000000e+00
      vertex -1.132797e+01  2.825464e+01  1.500000e+00
      vertex -1.132797e+01  2.825464e+01  0.000000e+00
    endloop
  endfacet
  facet normal -4.713967e-01  8.819212e-01  0.000000e+00
    outer loop
      vertex -1.132797e+01  2.825464e+01  0.000000e+00
      vertex -1.132797e+01  2.825464e+01  1.500000e+00
      vertex -1.106864e+01  2.839325e+01  1.500000e+00
    endloop
  endfacet
  facet normal -4.713967e-01  8.819212e-01  0.000000e+00
    outer loop
      vertex -1.132797e+01  2.825464e+01  0.000000e+00
      vertex -1.106864e+01  2.839325e+01  1.500000e+00
      vertex -1.106864e+01  2.839325e+01  0.000000e+00
    endloop
  endfacet
  facet normal -6.343927e-01  7.730110e-01  0.000000e+00
    outer loop
      vertex -1.106864e+01  2.839325e+01  0.000000e+00
      vertex -1.106864e+01  2.839325e+01  1.500000e+00
      vertex -1.084133e+01  2.857980e+01  1.500000e+00
    endloop
  endfacet
  facet normal -6.343927e-01  7.730110e-01  0.000000e+00
    outer loop
      vertex -1.106864e+01  2.839325e+01  0.000000e+00
      vertex -1.084133e+01  2.857980e+01  1.500000e+00
      vertex -1.084133e+01  2.857980e+01  0.000000e+00
    endloop
  endfacet
  facet normal -7.730123e-01  6.343911e-01  0.000000e+00
    outer loop
      vertex -1.084133e+01  2.857980e+01  0.000000e+00
      vertex -1.084133e+01  2.857980e+01  1.500000e+00
      vertex -1.065479e+01  2.880710e+01  1.500000e+00
    endloop
  endfacet
  facet normal -7.730123e-01  6.343911e-01  0.000000e+00
    outer loop
      vertex -1.084133e+01  2.857980e+01  0.000000e+00
      vertex -1.065479e+01  2.880710e+01  1.500000e+00
      vertex -1.065479e+01  2.880710e+01  0.000000e+00
    endloop
  endfacet
  facet normal -8.819205e-01  4.713980e-01  0.000000e+00
    outer loop
      vertex -1.065479e+01  2.880710e+01  0.000000e+00
      vertex -1.065479e+01  2.880710e+01  1.500000e+00
      vertex -1.051617e+01  2.906643e+01  1.500000e+00
    endloop
  endfacet
  facet normal -8.819205e-01  4.713980e-01  0.000000e+00
    outer loop
      vertex -1.065479e+01  2.880710e+01  0.000000e+00
      vertex -1.051617e+01  2.906643e+01  1.500000e+00
      vertex -1.051617e+01  2.906643e+01  0.000000e+00
    endloop
  endfacet
  facet normal -9.569407e-01  2.902833e-01  0.000000e+00
    outer loop
      vertex -1.051617e+01  2.906643e+01  0.000000e+00
      vertex -1.051617e+01  2.906643e+01  1.500000e+00
      vertex -1.043081e+01  2.934782e+01  1.500000e+00
    endloop
  endfacet
  facet normal -9.569407e-01  2.902833e-01  0.000000e+00
    outer loop
      vertex -1.051617e+01  2.906643e+01  0.000000e+00
      vertex -1.043081e+01  2.934782e+01  1.500000e+00
      vertex -1.043081e+01  2.934782e+01  0.000000e+00
    endloop
  endfacet
  facet normal -9.951847e-01  9.801686e-02  0.000000e+00
    outer loop
      vertex -1.043081e+01  2.934782e+01  0.000000e+00
      vertex -1.043081e+01  2.934782e+01  1.500000e+00
      vertex -1.040199e+01  2.964046e+01  1.500000e+00
    endloop
  endfacet
  facet normal -9.951847e-01  9.801686e-02  0.000000e+00
    outer loop
      vertex -1.043081e+01  2.934782e+01  0.000000e+00
      vertex -1.040199e+01  2.964046e+01  1.500000e+00
      vertex -1.040199e+01  2.964046e+01  0.000000e+00
    endloop
  endfacet
  facet normal -9.801655e-02  9.951848e-01  0.000000e+00
    outer loop
      vertex -1.160935e+01  2.816928e+01  1.500000e+00
      vertex -1.190199e+01  2.814046e+01  0.000000e+00
      vertex -1.190199e+01  2.814046e+01  1.500000e+00
    endloop
  endfacet
  facet normal  9.801655e-02  9.951848e-01  0.000000e+00
    outer loop
      vertex -1.190199e+01  2.814046e+01  1.500000e+00
      vertex -1.190199e+01  2.814046e+01  0.000000e+00
      vertex -1.219463e+01  2.816928e+01  0.000000e+00
    endloop
  endfacet
  facet normal  9.801655e-02  9.951848e-01  -0.000000e+00
    outer loop
      vertex -1.190199e+01  2.814046e+01  1.500000e+00
      vertex -1.219463e+01  2.816928e+01  0.000000e+00
      vertex -1.219463e+01  2.816928e+01  1.500000e+00
    endloop
  endfacet
  facet normal  2.902821e-01  9.569411e-01  0.000000e+00
    outer loop
      vertex -1.219463e+01  2.816928e+01  1.500000e+00
      vertex -1.219463e+01  2.816928e+01  0.000000e+00
      vertex -1.247602e+01  2.825464e+01  0.000000e+00
    endloop
  endfacet
  facet normal  2.902821e-01  9.569411e-01  -0.000000e+00
    outer loop
      vertex -1.219463e+01  2.816928e+01  1.500000e+00
      vertex -1.247602e+01  2.825464e+01  0.000000e+00
      vertex -1.247602e+01  2.825464e+01  1.500000e+00
    endloop
  endfacet
  facet normal  4.713967e-01  8.819212e-01  0.000000e+00
    outer loop
      vertex -1.247602e+01  2.825464e+01  1.500000e+00
      vertex -1.247602e+01  2.825464e+01  0.000000e+00
      vertex -1.273535e+01  2.839325e+01  0.000000e+00
    endloop
  endfacet
  facet normal  4.713967e-01  8.819212e-01  -0.000000e+00
    outer loop
      vertex -1.247602e+01  2.825464e+01  1.500000e+00
      vertex -1.273535e+01  2.839325e+01  0.000000e+00
      vertex -1.273535e+01  2.839325e+01  1.500000e+00
    endloop
  endfacet
  facet normal  6.343927e-01  7.730110e-01  0.000000e+00
    outer loop
      vertex -1.273535e+01  2.839325e+01  1.500000e+00
      vertex -1.273535e+01  2.839325e+01  0.000000e+00
      vertex -1.296265e+01  2.857980e+01  0.000000e+00
    endloop
  endfacet
  facet normal  6.343927e-01  7.730110e-01  -0.000000e+00
    outer loop
      vertex -1.273535e+01  2.839325e+01  1.500000e+00
      vertex -1.296265e+01  2.857980e+01  0.000000e+00
      vertex -1.296265e+01  2.857980e+01  1.500000e+00
    endloop
  endfacet
  facet normal  7.730123e-01  6.343911e-01  0.000000e+00
    outer loop
      vertex -1.296265e+01  2.857980e+01  1.500000e+00
      vertex -1.296265e+01  2.857980e+01  0.000000e+00
      vertex -1.314920e+01  2.880710e+01  0.000000e+00
    endloop
  endfacet
  facet normal  7.730123e-01  6.343911e-01  -0.000000e+00
    outer loop
      vertex -1.296265e+01  2.857980e+01  1.500000e+00
      vertex -1.314920e+01  2.880710e+01  0.000000e+00
      vertex -1.314920e+01  2.880710e+01  1.500000e+00
    endloop
  endfacet
  facet normal  8.819205e-01  4.713980e-01  0.000000e+00
    outer loop
      vertex -1.314920e+01  2.880710e+01  1.500000e+00
      vertex -1.314920e+01  2.880710e+01  0.000000e+00
      vertex -1.328781e+01  2.906643e+01  0.000000e+00
    endloop
  endfacet
  facet normal  8.819205e-01  4.713980e-01  -0.000000e+00
    outer loop
      vertex -1.314920e+01  2.880710e+01  1.500000e+00
      vertex -1.328781e+01  2.906643e+01  0.000000e+00
      vertex -1.328781e+01  2.906643e+01  1.500000e+00
    endloop
  endfacet
  facet normal  9.569407e-01  2.902833e-01  0.000000e+00
    outer loop
      vertex -1.328781e+01  2.906643e+01  1.500000e+00
      vertex -1.328781e+01  2.906643e+01  0.000000e+00
      vertex -1.337317e+01  2.934782e+01  0.000000e+00
    endloop
  endfacet
  facet normal  9.569407e-01  2.902833e-01  -0.000000e+00
    outer loop
      vertex -1.328781e+01  2.906643e+01  1.500000e+00
      vertex -1.337317e+01  2.934782e+01  0.000000e+00
      vertex -1.337317e+01  2.934782e+01  1.500000e+00
    endloop
  endfacet
  facet normal  9.951847e-01  9.801686e-02  0.000000e+00
    outer loop
      vertex -1.337317e+01  2.934782e+01  1.500000e+00
      vertex -1.337317e+01  2.934782e+01  0.000000e+00
      vertex -1.340199e+01  2.964046e+01  0.000000e+00
    endloop
  endfacet
  facet normal  9.951847e-01  9.801686e-02  -0.000000e+00
    outer loop
      vertex -1.337317e+01  2.934782e+01  1.500000e+00
      vertex -1.340199e+01  2.964046e+01  0.000000e+00
      vertex -1.340199e+01  2.964046e+01  1.500000e+00
    endloop
  endfacet
  facet normal  1.000000e+00  -0.000000e+00  0.000000e+00
    outer loop
      vertex  1.500000e+01  3.100000e+01  1.500000e+00
      vertex  1.500000e+01 -3.100000e+01  1.500000e+00
      vertex  1.500000e+01  3.100000e+01  0.000000e+00
    endloop
  endfacet
  facet normal  1.000000e+00  0.000000e+00  0.000000e+00
    outer loop
      vertex  1.500000e+01  3.100000e+01  0.000000e+00
      vertex  1.500000e+01 -3.100000e+01  1.500000e+00
      vertex  1.500000e+01 -3.100000e+01  0.000000e+00
    endloop
  endfacet
  facet normal  9.951848e-01 -9.801622e-02  0.000000e+00
    outer loop
      vertex  1.500000e+01 -3.100000e+01  0.000000e+00
      vertex  1.500000e+01 -3.100000e+01  1.500000e+00
      vertex  1.498079e+01 -3.119509e+01  0.000000e+00
    endloop
  endfacet
  facet normal  9.951848e-01 -9.801622e-02  0.000000e+00
    outer loop
      vertex  1.498079e+01 -3.119509e+01  0.000000e+00
      vertex  1.500000e+01 -3.100000e+01  1.500000e+00
      vertex  1.498079e+01 -3.119509e+01  1.500000e+00
    endloop
  endfacet
  facet normal  9.569396e-01 -2.902869e-01  0.000000e+00
    outer loop
      vertex  1.498079e+01 -3.119509e+01  0.000000e+00
      vertex  1.498079e+01 -3.119509e+01  1.500000e+00
      vertex  1.492388e+01 -3.138268e+01  0.000000e+00
    endloop
  endfacet
  facet normal  9.569396e-01 -2.902869e-01  0.000000e+00
    outer loop
      vertex  1.492388e+01 -3.138268e+01  0.000000e+00
      vertex  1.498079e+01 -3.119509e+01  1.500000e+00
      vertex  1.492388e+01 -3.138268e+01  1.500000e+00
    endloop
  endfacet
  facet normal  8.819220e-01 -4.713953e-01  0.000000e+00
    outer loop
      vertex  1.492388e+01 -3.138268e+01  0.000000e+00
      vertex  1.492388e+01 -3.138268e+01  1.500000e+00
      vertex  1.483147e+01 -3.155557e+01  0.000000e+00
    endloop
  endfacet
  facet normal  8.819220e-01 -4.713953e-01  0.000000e+00
    outer loop
      vertex  1.483147e+01 -3.155557e+01  0.000000e+00
      vertex  1.492388e+01 -3.138268e+01  1.500000e+00
      vertex  1.483147e+01 -3.155557e+01  1.500000e+00
    endloop
  endfacet
  facet normal  7.730110e-01 -6.343927e-01  0.000000e+00
    outer loop
      vertex  1.483147e+01 -3.155557e+01  0.000000e+00
      vertex  1.483147e+01 -3.155557e+01  1.500000e+00
      vertex  1.470711e+01 -3.170711e+01  0.000000e+00
    endloop
  endfacet
  facet normal  7.730110e-01 -6.343927e-01  0.000000e+00
    outer loop
      vertex  1.470711e+01 -3.170711e+01  0.000000e+00
      vertex  1.483147e+01 -3.155557e+01  1.500000e+00
      vertex  1.470711e+01 -3.170711e+01  1.500000e+00
    endloop
  endfacet
  facet normal  6.343950e-01 -7.730090e-01  0.000000e+00
    outer loop
      vertex  1.470711e+01 -3.170711e+01  0.000000e+00
      vertex  1.470711e+01 -3.170711e+01  1.500000e+00
      vertex  1.455557e+01 -3.183147e+01  0.000000e+00
    endloop
  endfacet
  facet normal  6.343950e-01 -7.730090e-01  0.000000e+00
    outer loop
      vertex  1.455557e+01 -3.183147e+01  0.000000e+00
      vertex  1.470711e+01 -3.170711e+01  1.500000e+00
      vertex  1.455557e+01 -3.183147e+01  1.500000e+00
    endloop
  endfacet
  facet normal  4.713935e-01 -8.819230e-01  0.000000e+00
    outer loop
      vertex  1.455557e+01 -3.183147e+01  0.000000e+00
      vertex  1.455557e+01 -3.183147e+01  1.500000e+00
      vertex  1.438268e+01 -3.192388e+01  0.000000e+00
    endloop
  endfacet
  facet normal  4.713935e-01 -8.819230e-01  0.000000e+00
    outer loop
      vertex  1.438268e+01 -3.192388e+01  0.000000e+00
      vertex  1.455557e+01 -3.183147e+01  1.500000e+00
      vertex  1.438268e+01 -3.192388e+01  1.500000e+00
    endloop
  endfacet
  facet normal  2.902842e-01 -9.569405e-01  0.000000e+00
    outer loop
      vertex  1.438268e+01 -3.192388e+01  0.000000e+00
      vertex  1.438268e+01 -3.192388e+01  1.500000e+00
      vertex  1.419509e+01 -3.198079e+01  0.000000e+00
    endloop
  endfacet
  facet normal  2.902842e-01 -9.569405e-01  0.000000e+00
    outer loop
      vertex  1.419509e+01 -3.198079e+01  0.000000e+00
      vertex  1.438268e+01 -3.192388e+01  1.500000e+00
      vertex  1.419509e+01 -3.198079e+01  1.500000e+00
    endloop
  endfacet
  facet normal  9.801671e-02 -9.951848e-01  0.000000e+00
    outer loop
      vertex  1.419509e+01 -3.198079e+01  0.000000e+00
      vertex  1.419509e+01 -3.198079e+01  1.500000e+00
      vertex  1.400000e+01 -3.200000e+01  0.000000e+00
    endloop
  endfacet
  facet normal  9.801671e-02 -9.951848e-01  0.000000e+00
    outer loop
      vertex  1.400000e+01 -3.200000e+01  0.000000e+00
      vertex  1.419509e+01 -3.198079e+01  1.500000e+00
      vertex  1.400000e+01 -3.200000e+01  1.500000e+00
    endloop
  endfacet
  facet normal -9.801671e-02 -9.951848e-01  -0.000000e+00
    outer loop
      vertex -1.400000e+01 -3.200000e+01  0.000000e+00
      vertex -1.400000e+01 -3.200000e+01  1.500000e+00
      vertex -1.419509e+01 -3.198079e+01  0.000000e+00
    endloop
  endfacet
  facet normal -9.801671e-02 -9.951848e-01  0.000000e+00
    outer loop
      vertex -1.419509e+01 -3.198079e+01  0.000000e+00
      vertex -1.400000e+01 -3.200000e+01  1.500000e+00
      vertex -1.419509e+01 -3.198079e+01  1.500000e+00
    endloop
  endfacet
  facet normal -2.902842e-01 -9.569405e-01  -0.000000e+00
    outer loop
      vertex -1.419509e+01 -3.198079e+01  0.000000e+00
      vertex -1.419509e+01 -3.198079e+01  1.500000e+00
      vertex -1.438268e+01 -3.192388e+01  0.000000e+00
    endloop
  endfacet
  facet normal -2.902842e-01 -9.569405e-01  0.000000e+00
    outer loop
      vertex -1.438268e+01 -3.192388e+01  0.000000e+00
      vertex -1.419509e+01 -3.198079e+01  1.500000e+00
      vertex -1.438268e+01 -3.192388e+01  1.500000e+00
    endloop
  endfacet
  facet normal -4.713935e-01 -8.819230e-01  -0.000000e+00
    outer loop
      vertex -1.438268e+01 -3.192388e+01  0.000000e+00
      vertex -1.438268e+01 -3.192388e+01  1.500000e+00
      vertex -1.455557e+01 -3.183147e+01  0.000000e+00
    endloop
  endfacet
  facet normal -4.713935e-01 -8.819230e-01  0.000000e+00
    outer loop
      vertex -1.455557e+01 -3.183147e+01  0.000000e+00
      vertex -1.438268e+01 -3.192388e+01  1.500000e+00
      vertex -1.455557e+01 -3.183147e+01  1.500000e+00
    endloop
  endfacet
  facet normal -6.343950e-01 -7.730090e-01  -0.000000e+00
    outer loop
      vertex -1.455557e+01 -3.183147e+01  0.000000e+00
      vertex -1.455557e+01 -3.183147e+01  1.500000e+00
      vertex -1.470711e+01 -3.170711e+01  0.000000e+00
    endloop
  endfacet
  facet normal -6.343950e-01 -7.730090e-01  0.000000e+00
    outer loop
      vertex -1.470711e+01 -3.170711e+01  0.000000e+00
      vertex -1.455557e+01 -3.183147e+01  1.500000e+00
      vertex -1.470711e+01 -3.170711e+01  1.500000e+00
    endloop
  endfacet
  facet normal -7.730110e-01 -6.343927e-01  -0.000000e+00
    outer loop
      vertex -1.470711e+01 -3.170711e+01  0.000000e+00
      vertex -1.470711e+01 -3.170711e+01  1.500000e+00
      vertex -1.483147e+01 -3.155557e+01  0.000000e+00
    endloop
  endfacet
  facet normal -7.730110e-01 -6.343927e-01  0.000000e+00
    outer loop
      vertex -1.483147e+01 -3.155557e+01  0.000000e+00
      vertex -1.470711e+01 -3.170711e+01  1.500000e+00
      vertex -1.483147e+01 -3.155557e+01  1.500000e+00
    endloop
  endfacet
  facet normal -8.819220e-01 -4.713953e-01  -0.000000e+00
    outer loop
      vertex -1.483147e+01 -3.155557e+01  0.000000e+00
      vertex -1.483147e+01 -3.155557e+01  1.500000e+00
      vertex -1.492388e+01 -3.138268e+01  0.000000e+00
    endloop
  endfacet
  facet normal -8.819220e-01 -4.713953e-01  0.000000e+00
    outer loop
      vertex -1.492388e+01 -3.138268e+01  0.000000e+00
      vertex -1.483147e+01 -3.155557e+01  1.500000e+00
      vertex -1.492388e+01 -3.138268e+01  1.500000e+00
    endloop
  endfacet
  facet normal -9.569396e-01 -2.902869e-01  -0.000000e+00
    outer loop
      vertex -1.492388e+01 -3.138268e+01  0.000000e+00
      vertex -1.492388e+01 -3.138268e+01  1.500000e+00
      vertex -1.498079e+01 -3.119509e+01  0.000000e+00
    endloop
  endfacet
  facet normal -9.569396e-01 -2.902869e-01  0.000000e+00
    outer loop
      vertex -1.498079e+01 -3.119509e+01  0.000000e+00
      vertex -1.492388e+01 -3.138268e+01  1.500000e+00
      vertex -1.498079e+01 -3.119509e+01  1.500000e+00
    endloop
  endfacet
  facet normal -9.951848e-01 -9.801622e-02  -0.000000e+00
    outer loop
      vertex -1.498079e+01 -3.119509e+01  0.000000e+00
      vertex -1.498079e+01 -3.119509e+01  1.500000e+00
      vertex -1.500000e+01 -3.100000e+01  0.000000e+00
    endloop
  endfacet
  facet normal -9.951848e-01 -9.801622e-02  0.000000e+00
    outer loop
      vertex -1.500000e+01 -3.100000e+01  0.000000e+00
      vertex -1.498079e+01 -3.119509e+01  1.500000e+00
      vertex -1.500000e+01 -3.100000e+01  1.500000e+00
    endloop
  endfacet
  facet normal -1.000000e+00  -0.000000e+00  0.000000e+00
    outer loop
      vertex -1.500000e+01 -3.100000e+01  1.500000e+00
      vertex -1.500000e+01  3.100000e+01  1.500000e+00
      vertex -1.500000e+01 -3.100000e+01  0.000000e+00
    endloop
  endfacet
  facet normal -1.000000e+00  0.000000e+00  0.000000e+00
    outer loop
      vertex -1.500000e+01 -3.100000e+01  0.000000e+00
      vertex -1.500000e+01  3.100000e+01  1.500000e+00
      vertex -1.500000e+01  3.100000e+01  0.000000e+00
    endloop
  endfacet
  facet normal -9.951848e-01  9.801622e-02  0.000000e+00
    outer loop
      vertex -1.500000e+01  3.100000e+01  0.000000e+00
      vertex -1.500000e+01  3.100000e+01  1.500000e+00
      vertex -1.498079e+01  3.119509e+01  0.000000e+00
    endloop
  endfacet
  facet normal -9.951848e-01  9.801622e-02  0.000000e+00
    outer loop
      vertex -1.498079e+01  3.119509e+01  0.000000e+00
      vertex -1.500000e+01  3.100000e+01  1.500000e+00
      vertex -1.498079e+01  3.119509e+01  1.500000e+00
    endloop
  endfacet
  facet normal -9.569396e-01  2.902869e-01  0.000000e+00
    outer loop
      vertex -1.498079e+01  3.119509e+01  0.000000e+00
      vertex -1.498079e+01  3.119509e+01  1.500000e+00
      vertex -1.492388e+01  3.138268e+01  0.000000e+00
    endloop
  endfacet
  facet normal -9.569396e-01  2.902869e-01  0.000000e+00
    outer loop
      vertex -1.492388e+01  3.138268e+01  0.000000e+00
      vertex -1.498079e+01  3.119509e+01  1.500000e+00
      vertex -1.492388e+01  3.138268e+01  1.500000e+00
    endloop
  endfacet
  facet normal -8.819220e-01  4.713953e-01  0.000000e+00
    outer loop
      vertex -1.492388e+01  3.138268e+01  0.000000e+00
      vertex -1.492388e+01  3.138268e+01  1.500000e+00
      vertex -1.483147e+01  3.155557e+01  0.000000e+00
    endloop
  endfacet
  facet normal -8.819220e-01  4.713953e-01  0.000000e+00
    outer loop
      vertex -1.483147e+01  3.155557e+01  0.000000e+00
      vertex -1.492388e+01  3.138268e+01  1.500000e+00
      vertex -1.483147e+01  3.155557e+01  1.500000e+00
    endloop
  endfacet
  facet normal -7.730110e-01  6.343927e-01  0.000000e+00
    outer loop
      vertex -1.483147e+01  3.155557e+01  0.000000e+00
      vertex -1.483147e+01  3.155557e+01  1.500000e+00
      vertex -1.470711e+01  3.170711e+01  0.000000e+00
    endloop
  endfacet
  facet normal -7.730110e-01  6.343927e-01  0.000000e+00
    outer loop
      vertex -1.470711e+01  3.170711e+01  0.000000e+00
      vertex -1.483147e+01  3.155557e+01  1.500000e+00
      vertex -1.470711e+01  3.170711e+01  1.500000e+00
    endloop
  endfacet
  facet normal -6.343950e-01  7.730090e-01  0.000000e+00
    outer loop
      vertex -1.470711e+01  3.170711e+01  0.000000e+00
      vertex -1.470711e+01  3.170711e+01  1.500000e+00
      vertex -1.455557e+01  3.183147e+01  0.000000e+00
    endloop
  endfacet
  facet normal -6.343950e-01  7.730090e-01  0.000000e+00
    outer loop
      vertex -1.455557e+01  3.183147e+01  0.000000e+00
      vertex -1.470711e+01  3.170711e+01  1.500000e+00
      vertex -1.455557e+01  3.183147e+01  1.500000e+00
    endloop
  endfacet
  facet normal -4.713935e-01  8.819230e-01  0.000000e+00
    outer loop
      vertex -1.455557e+01  3.183147e+01  0.000000e+00
      vertex -1.455557e+01  3.183147e+01  1.500000e+00
      vertex -1.438268e+01  3.192388e+01  0.000000e+00
    endloop
  endfacet
  facet normal -4.713935e-01  8.819230e-01  0.000000e+00
    outer loop
      vertex -1.438268e+01  3.192388e+01  0.000000e+00
      vertex -1.455557e+01  3.183147e+01  1.500000e+00
      vertex -1.438268e+01  3.192388e+01  1.500000e+00
    endloop
  endfacet
  facet normal -2.902842e-01  9.569405e-01  0.000000e+00
    outer loop
      vertex -1.438268e+01  3.192388e+01  0.000000e+00
      vertex -1.438268e+01  3.192388e+01  1.500000e+00
      vertex -1.419509e+01  3.198079e+01  0.000000e+00
    endloop
  endfacet
  facet normal -2.902842e-01  9.569405e-01  0.000000e+00
    outer loop
      vertex -1.419509e+01  3.198079e+01  0.000000e+00
      vertex -1.438268e+01  3.192388e+01  1.500000e+00
      vertex -1.419509e+01  3.198079e+01  1.500000e+00
    endloop
  endfacet
  facet normal -9.801671e-02  9.951848e-01  0.000000e+00
    outer loop
      vertex -1.419509e+01  3.198079e+01  0.000000e+00
      vertex -1.419509e+01  3.198079e+01  1.500000e+00
      vertex -1.400000e+01  3.200000e+01  0.000000e+00
    endloop
  endfacet
  facet normal -9.801671e-02  9.951848e-01  0.000000e+00
    outer loop
      vertex -1.400000e+01  3.200000e+01  0.000000e+00
      vertex -1.419509e+01  3.198079e+01  1.500000e+00
      vertex -1.400000e+01  3.200000e+01  1.500000e+00
    endloop
  endfacet
  facet normal  9.801671e-02  9.951848e-01  0.000000e+00
    outer loop
      vertex  1.400000e+01  3.200000e+01  0.000000e+00
      vertex  1.400000e+01  3.200000e+01  1.500000e+00
      vertex  1.419509e+01  3.198079e+01  0.000000e+00
    endloop
  endfacet
  facet normal  9.801671e-02  9.951848e-01  -0.000000e+00
    outer loop
      vertex  1.419509e+01  3.198079e+01  0.000000e+00
      vertex  1.400000e+01  3.200000e+01  1.500000e+00
      vertex  1.419509e+01  3.198079e+01  1.500000e+00
    endloop
  endfacet
  facet normal  2.902842e-01  9.569405e-01  0.000000e+00
    outer loop
      vertex  1.419509e+01  3.198079e+01  0.000000e+00
      vertex  1.419509e+01  3.198079e+01  1.500000e+00
      vertex  1.438268e+01  3.192388e+01  0.000000e+00
    endloop
  endfacet
  facet normal  2.902842e-01  9.569405e-01  -0.000000e+00
    outer loop
      vertex  1.438268e+01  3.192388e+01  0.000000e+00
      vertex  1.419509e+01  3.198079e+01  1.500000e+00
      vertex  1.438268e+01  3.192388e+01  1.500000e+00
    endloop
  endfacet
  facet normal  4.713935e-01  8.819230e-01  0.000000e+00
    outer loop
      vertex  1.438268e+01  3.192388e+01  0.000000e+00
      vertex  1.438268e+01  3.192388e+01  1.500000e+00
      vertex  1.455557e+01  3.183147e+01  0.000000e+00
    endloop
  endfacet
  facet normal  4.713935e-01  8.819230e-01  -0.000000e+00
    outer loop
      vertex  1.455557e+01  3.183147e+01  0.000000e+00
      vertex  1.438268e+01  3.192388e+01  1.500000e+00
      vertex  1.455557e+01  3.183147e+01  1.500000e+00
    endloop
  endfacet
  facet normal  6.343950e-01  7.730090e-01  0.000000e+00
    outer loop
      vertex  1.455557e+01  3.183147e+01  0.000000e+00
      vertex  1.455557e+01  3.183147e+01  1.500000e+00
      vertex  1.470711e+01  3.170711e+01  0.000000e+00
    endloop
  endfacet
  facet normal  6.343950e-01  7.730090e-01  -0.000000e+00
    outer loop
      vertex  1.470711e+01  3.170711e+01  0.000000e+00
      vertex  1.455557e+01  3.183147e+01  1.500000e+00
      vertex  1.470711e+01  3.170711e+01  1.500000e+00
    endloop
  endfacet
  facet normal  7.730110e-01  6.343927e-01  0.000000e+00
    outer loop
      vertex  1.470711e+01  3.170711e+01  0.000000e+00
      vertex  1.470711e+01  3.170711e+01  1.500000e+00
      vertex  1.483147e+01  3.155557e+01  0.000000e+00
    endloop
  endfacet
  facet normal  7.730110e-01  6.343927e-01  -0.000000e+00
    outer loop
      vertex  1.483147e+01  3.155557e+01  0.000000e+00
      vertex  1.470711e+01  3.170711e+01  1.500000e+00
      vertex  1.483147e+01  3.155557e+01  1.500000e+00
    endloop
  endfacet
  facet normal  8.819220e-01  4.713953e-01  0.000000e+00
    outer loop
      vertex  1.483147e+01  3.155557e+01  0.000000e+00
      vertex  1.483147e+01  3.155557e+01  1.500000e+00
      vertex  1.492388e+01  3.138268e+01  0.000000e+00
    endloop
  endfacet
  facet normal  8.819220e-01  4.713953e-01  -0.000000e+00
    outer loop
      vertex  1.492388e+01  3.138268e+01  0.000000e+00
      vertex  1.483147e+01  3.155557e+01  1.500000e+00
      vertex  1.492388e+01  3.138268e+01  1.500000e+00
    endloop
  endfacet
  facet normal  9.569396e-01  2.902869e-01  0.000000e+00
    outer loop
      vertex  1.492388e+01  3.138268e+01  0.000000e+00
      vertex  1.492388e+01  3.138268e+01  1.500000e+00
      vertex  1.498079e+01  3.119509e+01  0.000000e+00
    endloop
  endfacet
  facet normal  9.569396e-01  2.902869e-01  -0.000000e+00
    outer loop
      vertex  1.498079e+01  3.119509e+01  0.000000e+00
      vertex  1.492388e+01  3.138268e+01  1.500000e+00
      vertex  1.498079e+01  3.119509e+01  1.500000e+00
    endloop
  endfacet
  facet normal  9.951848e-01  9.801622e-02  0.000000e+00
    outer loop
      vertex  1.498079e+01  3.119509e+01  0.000000e+00
      vertex  1.498079e+01  3.119509e+01  1.500000e+00
      vertex  1.500000e+01  3.100000e+01  0.000000e+00
    endloop
  endfacet
  facet normal  9.951848e-01  9.801622e-02  -0.000000e+00
    outer loop
      vertex  1.500000e+01  3.100000e+01  0.000000e+00
      vertex  1.498079e+01  3.119509e+01  1.500000e+00
      vertex  1.500000e+01  3.100000e+01  1.500000e+00
    endloop
  endfacet
endsolid CATIA STL
