solid CATIA STL
  facet normal  1.645948e-01 -9.863612e-01  0.000000e+00
    outer loop
      vertex -1.623122e+01  2.790437e+00  3.200000e+00
      vertex -1.668736e+01  2.714321e+00  9.400000e+00
      vertex -1.668736e+01  2.714321e+00  3.200000e+00
    endloop
  endfacet
  facet normal  3.246995e-01 -9.458172e-01  0.000000e+00
    outer loop
      vertex -1.668736e+01  2.714321e+00  3.200000e+00
      vertex -1.668736e+01  2.714321e+00  9.400000e+00
      vertex -1.712475e+01  2.564165e+00  9.400000e+00
    endloop
  endfacet
  facet normal  3.246995e-01 -9.458172e-01  0.000000e+00
    outer loop
      vertex -1.668736e+01  2.714321e+00  3.200000e+00
      vertex -1.712475e+01  2.564165e+00  9.400000e+00
      vertex -1.712475e+01  2.564165e+00  3.200000e+00
    endloop
  endfacet
  facet normal  4.759474e-01 -8.794738e-01  0.000000e+00
    outer loop
      vertex -1.712475e+01  2.564165e+00  3.200000e+00
      vertex -1.712475e+01  2.564165e+00  9.400000e+00
      vertex -1.753145e+01  2.344066e+00  9.400000e+00
    endloop
  endfacet
  facet normal  4.759474e-01 -8.794738e-01  0.000000e+00
    outer loop
      vertex -1.712475e+01  2.564165e+00  3.200000e+00
      vertex -1.753145e+01  2.344066e+00  9.400000e+00
      vertex -1.753145e+01  2.344066e+00  3.200000e+00
    endloop
  endfacet
  facet normal  6.142114e-01 -7.891415e-01  0.000000e+00
    outer loop
      vertex -1.753145e+01  2.344066e+00  3.200000e+00
      vertex -1.753145e+01  2.344066e+00  9.400000e+00
      vertex -1.789639e+01  2.060027e+00  9.400000e+00
    endloop
  endfacet
  facet normal  6.142114e-01 -7.891415e-01  0.000000e+00
    outer loop
      vertex -1.753145e+01  2.344066e+00  3.200000e+00
      vertex -1.789639e+01  2.060027e+00  9.400000e+00
      vertex -1.789639e+01  2.060027e+00  3.200000e+00
    endloop
  endfacet
  facet normal  7.357252e-01 -6.772802e-01  0.000000e+00
    outer loop
      vertex -1.789639e+01  2.060027e+00  3.200000e+00
      vertex -1.789639e+01  2.060027e+00  9.400000e+00
      vertex -1.820959e+01  1.719796e+00  9.400000e+00
    endloop
  endfacet
  facet normal  7.357252e-01 -6.772802e-01  0.000000e+00
    outer loop
      vertex -1.789639e+01  2.060027e+00  3.200000e+00
      vertex -1.820959e+01  1.719796e+00  9.400000e+00
      vertex -1.820959e+01  1.719796e+00  3.200000e+00
    endloop
  endfacet
  facet normal  8.371661e-01 -5.469489e-01  0.000000e+00
    outer loop
      vertex -1.820959e+01  1.719796e+00  3.200000e+00
      vertex -1.820959e+01  1.719796e+00  9.400000e+00
      vertex -1.846253e+01  1.332653e+00  9.400000e+00
    endloop
  endfacet
  facet normal  8.371661e-01 -5.469489e-01  0.000000e+00
    outer loop
      vertex -1.820959e+01  1.719796e+00  3.200000e+00
      vertex -1.846253e+01  1.332653e+00  9.400000e+00
      vertex -1.846253e+01  1.332653e+00  3.200000e+00
    endloop
  endfacet
  facet normal  9.157729e-01 -4.016966e-01  0.000000e+00
    outer loop
      vertex -1.846253e+01  1.332653e+00  3.200000e+00
      vertex -1.846253e+01  1.332653e+00  9.400000e+00
      vertex -1.864829e+01  9.091585e-01  9.400000e+00
    endloop
  endfacet
  facet normal  9.157729e-01 -4.016966e-01  0.000000e+00
    outer loop
      vertex -1.846253e+01  1.332653e+00  3.200000e+00
      vertex -1.864829e+01  9.091585e-01  9.400000e+00
      vertex -1.864829e+01  9.091585e-01  3.200000e+00
    endloop
  endfacet
  facet normal  9.694002e-01 -2.454857e-01  0.000000e+00
    outer loop
      vertex -1.864829e+01  9.091585e-01  3.200000e+00
      vertex -1.864829e+01  9.091585e-01  9.400000e+00
      vertex -1.876181e+01  4.608648e-01  9.400000e+00
    endloop
  endfacet
  facet normal  9.694002e-01 -2.454857e-01  0.000000e+00
    outer loop
      vertex -1.864829e+01  9.091585e-01  3.200000e+00
      vertex -1.876181e+01  4.608648e-01  9.400000e+00
      vertex -1.876181e+01  4.608648e-01  3.200000e+00
    endloop
  endfacet
  facet normal  9.965847e-01 -8.257650e-02  0.000000e+00
    outer loop
      vertex -1.876181e+01  4.608648e-01  3.200000e+00
      vertex -1.876181e+01  4.608648e-01  9.400000e+00
      vertex -1.880000e+01  3.429011e-16  9.400000e+00
    endloop
  endfacet
  facet normal  9.965847e-01 -8.257650e-02  0.000000e+00
    outer loop
      vertex -1.876181e+01  4.608648e-01  3.200000e+00
      vertex -1.880000e+01  3.429011e-16  9.400000e+00
      vertex -1.880000e+01  3.429011e-16  3.200000e+00
    endloop
  endfacet
  facet normal  1.645948e-01 -9.863612e-01  0.000000e+00
    outer loop
      vertex -1.668736e+01  2.714321e+00  9.400000e+00
      vertex -1.623122e+01  2.790437e+00  3.200000e+00
      vertex -1.623122e+01  2.790437e+00  9.400000e+00
    endloop
  endfacet
  facet normal  0.000000e+00 -9.999999e-01  0.000000e+00
    outer loop
      vertex -1.623122e+01  2.790437e+00  9.400000e+00
      vertex -1.623122e+01  2.790437e+00  3.200000e+00
      vertex -1.576878e+01  2.790437e+00  3.200000e+00
    endloop
  endfacet
  facet normal  0.000000e+00 -9.999999e-01  0.000000e+00
    outer loop
      vertex -1.623122e+01  2.790437e+00  9.400000e+00
      vertex -1.576878e+01  2.790437e+00  3.200000e+00
      vertex -1.576878e+01  2.790437e+00  9.400000e+00
    endloop
  endfacet
  facet normal -1.645944e-01 -9.863613e-01  -0.000000e+00
    outer loop
      vertex -1.576878e+01  2.790437e+00  9.400000e+00
      vertex -1.576878e+01  2.790437e+00  3.200000e+00
      vertex -1.531264e+01  2.714321e+00  3.200000e+00
    endloop
  endfacet
  facet normal -1.645944e-01 -9.863613e-01  0.000000e+00
    outer loop
      vertex -1.576878e+01  2.790437e+00  9.400000e+00
      vertex -1.531264e+01  2.714321e+00  3.200000e+00
      vertex -1.531264e+01  2.714321e+00  9.400000e+00
    endloop
  endfacet
  facet normal -3.246995e-01 -9.458172e-01  -0.000000e+00
    outer loop
      vertex -1.531264e+01  2.714321e+00  9.400000e+00
      vertex -1.531264e+01  2.714321e+00  3.200000e+00
      vertex -1.487525e+01  2.564165e+00  3.200000e+00
    endloop
  endfacet
  facet normal -3.246995e-01 -9.458172e-01  0.000000e+00
    outer loop
      vertex -1.531264e+01  2.714321e+00  9.400000e+00
      vertex -1.487525e+01  2.564165e+00  3.200000e+00
      vertex -1.487525e+01  2.564165e+00  9.400000e+00
    endloop
  endfacet
  facet normal -4.759474e-01 -8.794738e-01  -0.000000e+00
    outer loop
      vertex -1.487525e+01  2.564165e+00  9.400000e+00
      vertex -1.487525e+01  2.564165e+00  3.200000e+00
      vertex -1.446854e+01  2.344066e+00  3.200000e+00
    endloop
  endfacet
  facet normal -4.759474e-01 -8.794738e-01  0.000000e+00
    outer loop
      vertex -1.487525e+01  2.564165e+00  9.400000e+00
      vertex -1.446854e+01  2.344066e+00  3.200000e+00
      vertex -1.446854e+01  2.344066e+00  9.400000e+00
    endloop
  endfacet
  facet normal -6.142133e-01 -7.891400e-01  -0.000000e+00
    outer loop
      vertex -1.446854e+01  2.344066e+00  9.400000e+00
      vertex -1.446854e+01  2.344066e+00  3.200000e+00
      vertex -1.410361e+01  2.060027e+00  3.200000e+00
    endloop
  endfacet
  facet normal -6.142133e-01 -7.891400e-01  0.000000e+00
    outer loop
      vertex -1.446854e+01  2.344066e+00  9.400000e+00
      vertex -1.410361e+01  2.060027e+00  3.200000e+00
      vertex -1.410361e+01  2.060027e+00  9.400000e+00
    endloop
  endfacet
  facet normal -7.357231e-01 -6.772825e-01  -0.000000e+00
    outer loop
      vertex -1.410361e+01  2.060027e+00  9.400000e+00
      vertex -1.410361e+01  2.060027e+00  3.200000e+00
      vertex -1.379041e+01  1.719796e+00  3.200000e+00
    endloop
  endfacet
  facet normal -7.357231e-01 -6.772825e-01  0.000000e+00
    outer loop
      vertex -1.410361e+01  2.060027e+00  9.400000e+00
      vertex -1.379041e+01  1.719796e+00  3.200000e+00
      vertex -1.379041e+01  1.719796e+00  9.400000e+00
    endloop
  endfacet
  facet normal -8.371670e-01 -5.469473e-01  -0.000000e+00
    outer loop
      vertex -1.379041e+01  1.719796e+00  9.400000e+00
      vertex -1.379041e+01  1.719796e+00  3.200000e+00
      vertex -1.353747e+01  1.332653e+00  3.200000e+00
    endloop
  endfacet
  facet normal -8.371670e-01 -5.469473e-01  0.000000e+00
    outer loop
      vertex -1.379041e+01  1.719796e+00  9.400000e+00
      vertex -1.353747e+01  1.332653e+00  3.200000e+00
      vertex -1.353747e+01  1.332653e+00  9.400000e+00
    endloop
  endfacet
  facet normal -9.157729e-01 -4.016966e-01  -0.000000e+00
    outer loop
      vertex -1.353747e+01  1.332653e+00  9.400000e+00
      vertex -1.353747e+01  1.332653e+00  3.200000e+00
      vertex -1.335171e+01  9.091585e-01  3.200000e+00
    endloop
  endfacet
  facet normal -9.157729e-01 -4.016966e-01  0.000000e+00
    outer loop
      vertex -1.353747e+01  1.332653e+00  9.400000e+00
      vertex -1.335171e+01  9.091585e-01  3.200000e+00
      vertex -1.335171e+01  9.091585e-01  9.400000e+00
    endloop
  endfacet
  facet normal -9.694007e-01 -2.454838e-01  -0.000000e+00
    outer loop
      vertex -1.335171e+01  9.091585e-01  9.400000e+00
      vertex -1.335171e+01  9.091585e-01  3.200000e+00
      vertex -1.323819e+01  4.608648e-01  3.200000e+00
    endloop
  endfacet
  facet normal -9.694007e-01 -2.454838e-01  0.000000e+00
    outer loop
      vertex -1.335171e+01  9.091585e-01  9.400000e+00
      vertex -1.323819e+01  4.608648e-01  3.200000e+00
      vertex -1.323819e+01  4.608648e-01  9.400000e+00
    endloop
  endfacet
  facet normal -9.965845e-01 -8.258060e-02  -0.000000e+00
    outer loop
      vertex -1.323819e+01  4.608648e-01  9.400000e+00
      vertex -1.323819e+01  4.608648e-01  3.200000e+00
      vertex -1.320000e+01  0.000000e+00  3.200000e+00
    endloop
  endfacet
  facet normal -9.965845e-01 -8.258060e-02  0.000000e+00
    outer loop
      vertex -1.323819e+01  4.608648e-01  9.400000e+00
      vertex -1.320000e+01  0.000000e+00  3.200000e+00
      vertex -1.320000e+01  0.000000e+00  9.400000e+00
    endloop
  endfacet
  facet normal -1.645944e-01  9.863613e-01  0.000000e+00
    outer loop
      vertex -1.576878e+01 -2.790437e+00  3.200000e+00
      vertex -1.531264e+01 -2.714321e+00  9.400000e+00
      vertex -1.531264e+01 -2.714321e+00  3.200000e+00
    endloop
  endfacet
  facet normal -3.246995e-01  9.458172e-01  0.000000e+00
    outer loop
      vertex -1.531264e+01 -2.714321e+00  3.200000e+00
      vertex -1.531264e+01 -2.714321e+00  9.400000e+00
      vertex -1.487525e+01 -2.564165e+00  9.400000e+00
    endloop
  endfacet
  facet normal -3.246995e-01  9.458172e-01  0.000000e+00
    outer loop
      vertex -1.531264e+01 -2.714321e+00  3.200000e+00
      vertex -1.487525e+01 -2.564165e+00  9.400000e+00
      vertex -1.487525e+01 -2.564165e+00  3.200000e+00
    endloop
  endfacet
  facet normal -4.759474e-01  8.794738e-01  0.000000e+00
    outer loop
      vertex -1.487525e+01 -2.564165e+00  3.200000e+00
      vertex -1.487525e+01 -2.564165e+00  9.400000e+00
      vertex -1.446854e+01 -2.344066e+00  9.400000e+00
    endloop
  endfacet
  facet normal -4.759474e-01  8.794738e-01  0.000000e+00
    outer loop
      vertex -1.487525e+01 -2.564165e+00  3.200000e+00
      vertex -1.446854e+01 -2.344066e+00  9.400000e+00
      vertex -1.446854e+01 -2.344066e+00  3.200000e+00
    endloop
  endfacet
  facet normal -6.142133e-01  7.891400e-01  0.000000e+00
    outer loop
      vertex -1.446854e+01 -2.344066e+00  3.200000e+00
      vertex -1.446854e+01 -2.344066e+00  9.400000e+00
      vertex -1.410361e+01 -2.060027e+00  9.400000e+00
    endloop
  endfacet
  facet normal -6.142133e-01  7.891400e-01  0.000000e+00
    outer loop
      vertex -1.446854e+01 -2.344066e+00  3.200000e+00
      vertex -1.410361e+01 -2.060027e+00  9.400000e+00
      vertex -1.410361e+01 -2.060027e+00  3.200000e+00
    endloop
  endfacet
  facet normal -7.357231e-01  6.772825e-01  0.000000e+00
    outer loop
      vertex -1.410361e+01 -2.060027e+00  3.200000e+00
      vertex -1.410361e+01 -2.060027e+00  9.400000e+00
      vertex -1.379041e+01 -1.719796e+00  9.400000e+00
    endloop
  endfacet
  facet normal -7.357231e-01  6.772825e-01  0.000000e+00
    outer loop
      vertex -1.410361e+01 -2.060027e+00  3.200000e+00
      vertex -1.379041e+01 -1.719796e+00  9.400000e+00
      vertex -1.379041e+01 -1.719796e+00  3.200000e+00
    endloop
  endfacet
  facet normal -8.371670e-01  5.469473e-01  0.000000e+00
    outer loop
      vertex -1.379041e+01 -1.719796e+00  3.200000e+00
      vertex -1.379041e+01 -1.719796e+00  9.400000e+00
      vertex -1.353747e+01 -1.332653e+00  9.400000e+00
    endloop
  endfacet
  facet normal -8.371670e-01  5.469473e-01  0.000000e+00
    outer loop
      vertex -1.379041e+01 -1.719796e+00  3.200000e+00
      vertex -1.353747e+01 -1.332653e+00  9.400000e+00
      vertex -1.353747e+01 -1.332653e+00  3.200000e+00
    endloop
  endfacet
  facet normal -9.157729e-01  4.016966e-01  0.000000e+00
    outer loop
      vertex -1.353747e+01 -1.332653e+00  3.200000e+00
      vertex -1.353747e+01 -1.332653e+00  9.400000e+00
      vertex -1.335171e+01 -9.091585e-01  9.400000e+00
    endloop
  endfacet
  facet normal -9.157729e-01  4.016966e-01  0.000000e+00
    outer loop
      vertex -1.353747e+01 -1.332653e+00  3.200000e+00
      vertex -1.335171e+01 -9.091585e-01  9.400000e+00
      vertex -1.335171e+01 -9.091585e-01  3.200000e+00
    endloop
  endfacet
  facet normal -9.694007e-01  2.454838e-01  0.000000e+00
    outer loop
      vertex -1.335171e+01 -9.091585e-01  3.200000e+00
      vertex -1.335171e+01 -9.091585e-01  9.400000e+00
      vertex -1.323819e+01 -4.608648e-01  9.400000e+00
    endloop
  endfacet
  facet normal -9.694007e-01  2.454838e-01  0.000000e+00
    outer loop
      vertex -1.335171e+01 -9.091585e-01  3.200000e+00
      vertex -1.323819e+01 -4.608648e-01  9.400000e+00
      vertex -1.323819e+01 -4.608648e-01  3.200000e+00
    endloop
  endfacet
  facet normal -9.965845e-01  8.258060e-02  0.000000e+00
    outer loop
      vertex -1.323819e+01 -4.608648e-01  3.200000e+00
      vertex -1.323819e+01 -4.608648e-01  9.400000e+00
      vertex -1.320000e+01  0.000000e+00  9.400000e+00
    endloop
  endfacet
  facet normal -9.965845e-01  8.258060e-02  0.000000e+00
    outer loop
      vertex -1.323819e+01 -4.608648e-01  3.200000e+00
      vertex -1.320000e+01  0.000000e+00  9.400000e+00
      vertex -1.320000e+01  0.000000e+00  3.200000e+00
    endloop
  endfacet
  facet normal -1.645944e-01  9.863613e-01  0.000000e+00
    outer loop
      vertex -1.531264e+01 -2.714321e+00  9.400000e+00
      vertex -1.576878e+01 -2.790437e+00  3.200000e+00
      vertex -1.576878e+01 -2.790437e+00  9.400000e+00
    endloop
  endfacet
  facet normal  0.000000e+00  9.999999e-01  0.000000e+00
    outer loop
      vertex -1.576878e+01 -2.790437e+00  9.400000e+00
      vertex -1.576878e+01 -2.790437e+00  3.200000e+00
      vertex -1.623122e+01 -2.790437e+00  3.200000e+00
    endloop
  endfacet
  facet normal  0.000000e+00  9.999999e-01  0.000000e+00
    outer loop
      vertex -1.576878e+01 -2.790437e+00  9.400000e+00
      vertex -1.623122e+01 -2.790437e+00  3.200000e+00
      vertex -1.623122e+01 -2.790437e+00  9.400000e+00
    endloop
  endfacet
  facet normal  1.645948e-01  9.863612e-01  0.000000e+00
    outer loop
      vertex -1.623122e+01 -2.790437e+00  9.400000e+00
      vertex -1.623122e+01 -2.790437e+00  3.200000e+00
      vertex -1.668736e+01 -2.714321e+00  3.200000e+00
    endloop
  endfacet
  facet normal  1.645948e-01  9.863612e-01  -0.000000e+00
    outer loop
      vertex -1.623122e+01 -2.790437e+00  9.400000e+00
      vertex -1.668736e+01 -2.714321e+00  3.200000e+00
      vertex -1.668736e+01 -2.714321e+00  9.400000e+00
    endloop
  endfacet
  facet normal  3.246995e-01  9.458172e-01  0.000000e+00
    outer loop
      vertex -1.668736e+01 -2.714321e+00  9.400000e+00
      vertex -1.668736e+01 -2.714321e+00  3.200000e+00
      vertex -1.712475e+01 -2.564165e+00  3.200000e+00
    endloop
  endfacet
  facet normal  3.246995e-01  9.458172e-01  -0.000000e+00
    outer loop
      vertex -1.668736e+01 -2.714321e+00  9.400000e+00
      vertex -1.712475e+01 -2.564165e+00  3.200000e+00
      vertex -1.712475e+01 -2.564165e+00  9.400000e+00
    endloop
  endfacet
  facet normal  4.759474e-01  8.794738e-01  0.000000e+00
    outer loop
      vertex -1.712475e+01 -2.564165e+00  9.400000e+00
      vertex -1.712475e+01 -2.564165e+00  3.200000e+00
      vertex -1.753145e+01 -2.344066e+00  3.200000e+00
    endloop
  endfacet
  facet normal  4.759474e-01  8.794738e-01  -0.000000e+00
    outer loop
      vertex -1.712475e+01 -2.564165e+00  9.400000e+00
      vertex -1.753145e+01 -2.344066e+00  3.200000e+00
      vertex -1.753145e+01 -2.344066e+00  9.400000e+00
    endloop
  endfacet
  facet normal  6.142114e-01  7.891415e-01  0.000000e+00
    outer loop
      vertex -1.753145e+01 -2.344066e+00  9.400000e+00
      vertex -1.753145e+01 -2.344066e+00  3.200000e+00
      vertex -1.789639e+01 -2.060027e+00  3.200000e+00
    endloop
  endfacet
  facet normal  6.142114e-01  7.891415e-01  -0.000000e+00
    outer loop
      vertex -1.753145e+01 -2.344066e+00  9.400000e+00
      vertex -1.789639e+01 -2.060027e+00  3.200000e+00
      vertex -1.789639e+01 -2.060027e+00  9.400000e+00
    endloop
  endfacet
  facet normal  7.357252e-01  6.772802e-01  0.000000e+00
    outer loop
      vertex -1.789639e+01 -2.060027e+00  9.400000e+00
      vertex -1.789639e+01 -2.060027e+00  3.200000e+00
      vertex -1.820959e+01 -1.719796e+00  3.200000e+00
    endloop
  endfacet
  facet normal  7.357252e-01  6.772802e-01  -0.000000e+00
    outer loop
      vertex -1.789639e+01 -2.060027e+00  9.400000e+00
      vertex -1.820959e+01 -1.719796e+00  3.200000e+00
      vertex -1.820959e+01 -1.719796e+00  9.400000e+00
    endloop
  endfacet
  facet normal  8.371661e-01  5.469489e-01  0.000000e+00
    outer loop
      vertex -1.820959e+01 -1.719796e+00  9.400000e+00
      vertex -1.820959e+01 -1.719796e+00  3.200000e+00
      vertex -1.846253e+01 -1.332653e+00  3.200000e+00
    endloop
  endfacet
  facet normal  8.371661e-01  5.469489e-01  -0.000000e+00
    outer loop
      vertex -1.820959e+01 -1.719796e+00  9.400000e+00
      vertex -1.846253e+01 -1.332653e+00  3.200000e+00
      vertex -1.846253e+01 -1.332653e+00  9.400000e+00
    endloop
  endfacet
  facet normal  9.157729e-01  4.016966e-01  0.000000e+00
    outer loop
      vertex -1.846253e+01 -1.332653e+00  9.400000e+00
      vertex -1.846253e+01 -1.332653e+00  3.200000e+00
      vertex -1.864829e+01 -9.091585e-01  3.200000e+00
    endloop
  endfacet
  facet normal  9.157729e-01  4.016966e-01  -0.000000e+00
    outer loop
      vertex -1.846253e+01 -1.332653e+00  9.400000e+00
      vertex -1.864829e+01 -9.091585e-01  3.200000e+00
      vertex -1.864829e+01 -9.091585e-01  9.400000e+00
    endloop
  endfacet
  facet normal  9.694002e-01  2.454857e-01  0.000000e+00
    outer loop
      vertex -1.864829e+01 -9.091585e-01  9.400000e+00
      vertex -1.864829e+01 -9.091585e-01  3.200000e+00
      vertex -1.876181e+01 -4.608648e-01  3.200000e+00
    endloop
  endfacet
  facet normal  9.694002e-01  2.454857e-01  -0.000000e+00
    outer loop
      vertex -1.864829e+01 -9.091585e-01  9.400000e+00
      vertex -1.876181e+01 -4.608648e-01  3.200000e+00
      vertex -1.876181e+01 -4.608648e-01  9.400000e+00
    endloop
  endfacet
  facet normal  9.965847e-01  8.257650e-02  0.000000e+00
    outer loop
      vertex -1.876181e+01 -4.608648e-01  9.400000e+00
      vertex -1.876181e+01 -4.608648e-01  3.200000e+00
      vertex -1.880000e+01  3.429011e-16  3.200000e+00
    endloop
  endfacet
  facet normal  9.965847e-01  8.257650e-02  -0.000000e+00
    outer loop
      vertex -1.876181e+01 -4.608648e-01  9.400000e+00
      vertex -1.880000e+01  3.429011e-16  3.200000e+00
      vertex -1.880000e+01  3.429011e-16  9.400000e+00
    endloop
  endfacet
  facet normal  1.645947e-01 -9.863613e-01  0.000000e+00
    outer loop
      vertex -2.394801e-01  2.890095e+00  3.200000e+00
      vertex -7.119079e-01  2.811261e+00  9.400000e+00
      vertex -7.119079e-01  2.811261e+00  3.200000e+00
    endloop
  endfacet
  facet normal  3.246993e-01 -9.458173e-01  0.000000e+00
    outer loop
      vertex -7.119079e-01  2.811261e+00  3.200000e+00
      vertex -7.119079e-01  2.811261e+00  9.400000e+00
      vertex -1.164917e+00  2.655743e+00  9.400000e+00
    endloop
  endfacet
  facet normal  3.246993e-01 -9.458173e-01  0.000000e+00
    outer loop
      vertex -7.119079e-01  2.811261e+00  3.200000e+00
      vertex -1.164917e+00  2.655743e+00  9.400000e+00
      vertex -1.164917e+00  2.655743e+00  3.200000e+00
    endloop
  endfacet
  facet normal  4.759474e-01 -8.794737e-01  0.000000e+00
    outer loop
      vertex -1.164917e+00  2.655743e+00  3.200000e+00
      vertex -1.164917e+00  2.655743e+00  9.400000e+00
      vertex -1.586150e+00  2.427783e+00  9.400000e+00
    endloop
  endfacet
  facet normal  4.759474e-01 -8.794737e-01  0.000000e+00
    outer loop
      vertex -1.164917e+00  2.655743e+00  3.200000e+00
      vertex -1.586150e+00  2.427783e+00  9.400000e+00
      vertex -1.586150e+00  2.427783e+00  3.200000e+00
    endloop
  endfacet
  facet normal  6.142128e-01 -7.891404e-01  0.000000e+00
    outer loop
      vertex -1.586150e+00  2.427783e+00  3.200000e+00
      vertex -1.586150e+00  2.427783e+00  9.400000e+00
      vertex -1.964117e+00  2.133599e+00  9.400000e+00
    endloop
  endfacet
  facet normal  6.142128e-01 -7.891404e-01  0.000000e+00
    outer loop
      vertex -1.586150e+00  2.427783e+00  3.200000e+00
      vertex -1.964117e+00  2.133599e+00  9.400000e+00
      vertex -1.964117e+00  2.133599e+00  3.200000e+00
    endloop
  endfacet
  facet normal  7.357239e-01 -6.772816e-01  0.000000e+00
    outer loop
      vertex -1.964117e+00  2.133599e+00  3.200000e+00
      vertex -1.964117e+00  2.133599e+00  9.400000e+00
      vertex -2.288507e+00  1.781217e+00  9.400000e+00
    endloop
  endfacet
  facet normal  7.357239e-01 -6.772816e-01  0.000000e+00
    outer loop
      vertex -1.964117e+00  2.133599e+00  3.200000e+00
      vertex -2.288507e+00  1.781217e+00  9.400000e+00
      vertex -2.288507e+00  1.781217e+00  3.200000e+00
    endloop
  endfacet
  facet normal  8.371664e-01 -5.469483e-01  0.000000e+00
    outer loop
      vertex -2.288507e+00  1.781217e+00  3.200000e+00
      vertex -2.288507e+00  1.781217e+00  9.400000e+00
      vertex -2.550474e+00  1.380247e+00  9.400000e+00
    endloop
  endfacet
  facet normal  8.371664e-01 -5.469483e-01  0.000000e+00
    outer loop
      vertex -2.288507e+00  1.781217e+00  3.200000e+00
      vertex -2.550474e+00  1.380247e+00  9.400000e+00
      vertex -2.550474e+00  1.380247e+00  3.200000e+00
    endloop
  endfacet
  facet normal  9.157732e-01 -4.016954e-01  0.000000e+00
    outer loop
      vertex -2.550474e+00  1.380247e+00  3.200000e+00
      vertex -2.550474e+00  1.380247e+00  9.400000e+00
      vertex -2.742870e+00  9.416285e-01  9.400000e+00
    endloop
  endfacet
  facet normal  9.157732e-01 -4.016954e-01  0.000000e+00
    outer loop
      vertex -2.550474e+00  1.380247e+00  3.200000e+00
      vertex -2.742870e+00  9.416285e-01  9.400000e+00
      vertex -2.742870e+00  9.416285e-01  3.200000e+00
    endloop
  endfacet
  facet normal  9.694002e-01 -2.454855e-01  0.000000e+00
    outer loop
      vertex -2.742870e+00  9.416285e-01  3.200000e+00
      vertex -2.742870e+00  9.416285e-01  9.400000e+00
      vertex -2.860448e+00  4.773243e-01  9.400000e+00
    endloop
  endfacet
  facet normal  9.694002e-01 -2.454855e-01  0.000000e+00
    outer loop
      vertex -2.742870e+00  9.416285e-01  3.200000e+00
      vertex -2.860448e+00  4.773243e-01  9.400000e+00
      vertex -2.860448e+00  4.773243e-01  3.200000e+00
    endloop
  endfacet
  facet normal  9.965845e-01 -8.257932e-02  0.000000e+00
    outer loop
      vertex -2.860448e+00  4.773243e-01  3.200000e+00
      vertex -2.860448e+00  4.773243e-01  9.400000e+00
      vertex -2.900000e+00  3.551476e-16  9.400000e+00
    endloop
  endfacet
  facet normal  9.965845e-01 -8.257932e-02  0.000000e+00
    outer loop
      vertex -2.860448e+00  4.773243e-01  3.200000e+00
      vertex -2.900000e+00  3.551476e-16  9.400000e+00
      vertex -2.900000e+00  3.551476e-16  3.200000e+00
    endloop
  endfacet
  facet normal  1.645947e-01 -9.863613e-01  0.000000e+00
    outer loop
      vertex -7.119079e-01  2.811261e+00  9.400000e+00
      vertex -2.394801e-01  2.890095e+00  3.200000e+00
      vertex -2.394801e-01  2.890095e+00  9.400000e+00
    endloop
  endfacet
  facet normal  0.000000e+00 -1.000000e+00  0.000000e+00
    outer loop
      vertex -2.394801e-01  2.890095e+00  9.400000e+00
      vertex -2.394801e-01  2.890095e+00  3.200000e+00
      vertex  2.394801e-01  2.890095e+00  3.200000e+00
    endloop
  endfacet
  facet normal  0.000000e+00 -1.000000e+00  0.000000e+00
    outer loop
      vertex -2.394801e-01  2.890095e+00  9.400000e+00
      vertex  2.394801e-01  2.890095e+00  3.200000e+00
      vertex  2.394801e-01  2.890095e+00  9.400000e+00
    endloop
  endfacet
  facet normal -1.645947e-01 -9.863613e-01  -0.000000e+00
    outer loop
      vertex  2.394801e-01  2.890095e+00  9.400000e+00
      vertex  2.394801e-01  2.890095e+00  3.200000e+00
      vertex  7.119079e-01  2.811261e+00  3.200000e+00
    endloop
  endfacet
  facet normal -1.645947e-01 -9.863613e-01  0.000000e+00
    outer loop
      vertex  2.394801e-01  2.890095e+00  9.400000e+00
      vertex  7.119079e-01  2.811261e+00  3.200000e+00
      vertex  7.119079e-01  2.811261e+00  9.400000e+00
    endloop
  endfacet
  facet normal -3.246993e-01 -9.458173e-01  -0.000000e+00
    outer loop
      vertex  7.119079e-01  2.811261e+00  9.400000e+00
      vertex  7.119079e-01  2.811261e+00  3.200000e+00
      vertex  1.164917e+00  2.655743e+00  3.200000e+00
    endloop
  endfacet
  facet normal -3.246993e-01 -9.458173e-01  0.000000e+00
    outer loop
      vertex  7.119079e-01  2.811261e+00  9.400000e+00
      vertex  1.164917e+00  2.655743e+00  3.200000e+00
      vertex  1.164917e+00  2.655743e+00  9.400000e+00
    endloop
  endfacet
  facet normal -4.759474e-01 -8.794737e-01  -0.000000e+00
    outer loop
      vertex  1.164917e+00  2.655743e+00  9.400000e+00
      vertex  1.164917e+00  2.655743e+00  3.200000e+00
      vertex  1.586150e+00  2.427783e+00  3.200000e+00
    endloop
  endfacet
  facet normal -4.759474e-01 -8.794737e-01  0.000000e+00
    outer loop
      vertex  1.164917e+00  2.655743e+00  9.400000e+00
      vertex  1.586150e+00  2.427783e+00  3.200000e+00
      vertex  1.586150e+00  2.427783e+00  9.400000e+00
    endloop
  endfacet
  facet normal -6.142128e-01 -7.891404e-01  -0.000000e+00
    outer loop
      vertex  1.586150e+00  2.427783e+00  9.400000e+00
      vertex  1.586150e+00  2.427783e+00  3.200000e+00
      vertex  1.964117e+00  2.133599e+00  3.200000e+00
    endloop
  endfacet
  facet normal -6.142128e-01 -7.891404e-01  0.000000e+00
    outer loop
      vertex  1.586150e+00  2.427783e+00  9.400000e+00
      vertex  1.964117e+00  2.133599e+00  3.200000e+00
      vertex  1.964117e+00  2.133599e+00  9.400000e+00
    endloop
  endfacet
  facet normal -7.357239e-01 -6.772816e-01  -0.000000e+00
    outer loop
      vertex  1.964117e+00  2.133599e+00  9.400000e+00
      vertex  1.964117e+00  2.133599e+00  3.200000e+00
      vertex  2.288507e+00  1.781217e+00  3.200000e+00
    endloop
  endfacet
  facet normal -7.357239e-01 -6.772816e-01  0.000000e+00
    outer loop
      vertex  1.964117e+00  2.133599e+00  9.400000e+00
      vertex  2.288507e+00  1.781217e+00  3.200000e+00
      vertex  2.288507e+00  1.781217e+00  9.400000e+00
    endloop
  endfacet
  facet normal -8.371664e-01 -5.469483e-01  -0.000000e+00
    outer loop
      vertex  2.288507e+00  1.781217e+00  9.400000e+00
      vertex  2.288507e+00  1.781217e+00  3.200000e+00
      vertex  2.550474e+00  1.380247e+00  3.200000e+00
    endloop
  endfacet
  facet normal -8.371664e-01 -5.469483e-01  0.000000e+00
    outer loop
      vertex  2.288507e+00  1.781217e+00  9.400000e+00
      vertex  2.550474e+00  1.380247e+00  3.200000e+00
      vertex  2.550474e+00  1.380247e+00  9.400000e+00
    endloop
  endfacet
  facet normal -9.157732e-01 -4.016954e-01  -0.000000e+00
    outer loop
      vertex  2.550474e+00  1.380247e+00  9.400000e+00
      vertex  2.550474e+00  1.380247e+00  3.200000e+00
      vertex  2.742870e+00  9.416285e-01  3.200000e+00
    endloop
  endfacet
  facet normal -9.157732e-01 -4.016954e-01  0.000000e+00
    outer loop
      vertex  2.550474e+00  1.380247e+00  9.400000e+00
      vertex  2.742870e+00  9.416285e-01  3.200000e+00
      vertex  2.742870e+00  9.416285e-01  9.400000e+00
    endloop
  endfacet
  facet normal -9.694002e-01 -2.454855e-01  -0.000000e+00
    outer loop
      vertex  2.742870e+00  9.416285e-01  9.400000e+00
      vertex  2.742870e+00  9.416285e-01  3.200000e+00
      vertex  2.860448e+00  4.773243e-01  3.200000e+00
    endloop
  endfacet
  facet normal -9.694002e-01 -2.454855e-01  0.000000e+00
    outer loop
      vertex  2.742870e+00  9.416285e-01  9.400000e+00
      vertex  2.860448e+00  4.773243e-01  3.200000e+00
      vertex  2.860448e+00  4.773243e-01  9.400000e+00
    endloop
  endfacet
  facet normal -9.965845e-01 -8.257932e-02  -0.000000e+00
    outer loop
      vertex  2.860448e+00  4.773243e-01  9.400000e+00
      vertex  2.860448e+00  4.773243e-01  3.200000e+00
      vertex  2.900000e+00  0.000000e+00  3.200000e+00
    endloop
  endfacet
  facet normal -9.965845e-01 -8.257932e-02  0.000000e+00
    outer loop
      vertex  2.860448e+00  4.773243e-01  9.400000e+00
      vertex  2.900000e+00  0.000000e+00  3.200000e+00
      vertex  2.900000e+00  0.000000e+00  9.400000e+00
    endloop
  endfacet
  facet normal -1.645947e-01  9.863613e-01  0.000000e+00
    outer loop
      vertex  2.394801e-01 -2.890095e+00  3.200000e+00
      vertex  7.119079e-01 -2.811261e+00  9.400000e+00
      vertex  7.119079e-01 -2.811261e+00  3.200000e+00
    endloop
  endfacet
  facet normal -3.246993e-01  9.458173e-01  0.000000e+00
    outer loop
      vertex  7.119079e-01 -2.811261e+00  3.200000e+00
      vertex  7.119079e-01 -2.811261e+00  9.400000e+00
      vertex  1.164917e+00 -2.655743e+00  9.400000e+00
    endloop
  endfacet
  facet normal -3.246993e-01  9.458173e-01  0.000000e+00
    outer loop
      vertex  7.119079e-01 -2.811261e+00  3.200000e+00
      vertex  1.164917e+00 -2.655743e+00  9.400000e+00
      vertex  1.164917e+00 -2.655743e+00  3.200000e+00
    endloop
  endfacet
  facet normal -4.759474e-01  8.794737e-01  0.000000e+00
    outer loop
      vertex  1.164917e+00 -2.655743e+00  3.200000e+00
      vertex  1.164917e+00 -2.655743e+00  9.400000e+00
      vertex  1.586150e+00 -2.427783e+00  9.400000e+00
    endloop
  endfacet
  facet normal -4.759474e-01  8.794737e-01  0.000000e+00
    outer loop
      vertex  1.164917e+00 -2.655743e+00  3.200000e+00
      vertex  1.586150e+00 -2.427783e+00  9.400000e+00
      vertex  1.586150e+00 -2.427783e+00  3.200000e+00
    endloop
  endfacet
  facet normal -6.142128e-01  7.891404e-01  0.000000e+00
    outer loop
      vertex  1.586150e+00 -2.427783e+00  3.200000e+00
      vertex  1.586150e+00 -2.427783e+00  9.400000e+00
      vertex  1.964117e+00 -2.133599e+00  9.400000e+00
    endloop
  endfacet
  facet normal -6.142128e-01  7.891404e-01  0.000000e+00
    outer loop
      vertex  1.586150e+00 -2.427783e+00  3.200000e+00
      vertex  1.964117e+00 -2.133599e+00  9.400000e+00
      vertex  1.964117e+00 -2.133599e+00  3.200000e+00
    endloop
  endfacet
  facet normal -7.357239e-01  6.772816e-01  0.000000e+00
    outer loop
      vertex  1.964117e+00 -2.133599e+00  3.200000e+00
      vertex  1.964117e+00 -2.133599e+00  9.400000e+00
      vertex  2.288507e+00 -1.781217e+00  9.400000e+00
    endloop
  endfacet
  facet normal -7.357239e-01  6.772816e-01  0.000000e+00
    outer loop
      vertex  1.964117e+00 -2.133599e+00  3.200000e+00
      vertex  2.288507e+00 -1.781217e+00  9.400000e+00
      vertex  2.288507e+00 -1.781217e+00  3.200000e+00
    endloop
  endfacet
  facet normal -8.371664e-01  5.469483e-01  0.000000e+00
    outer loop
      vertex  2.288507e+00 -1.781217e+00  3.200000e+00
      vertex  2.288507e+00 -1.781217e+00  9.400000e+00
      vertex  2.550474e+00 -1.380247e+00  9.400000e+00
    endloop
  endfacet
  facet normal -8.371664e-01  5.469483e-01  0.000000e+00
    outer loop
      vertex  2.288507e+00 -1.781217e+00  3.200000e+00
      vertex  2.550474e+00 -1.380247e+00  9.400000e+00
      vertex  2.550474e+00 -1.380247e+00  3.200000e+00
    endloop
  endfacet
  facet normal -9.157732e-01  4.016954e-01  0.000000e+00
    outer loop
      vertex  2.550474e+00 -1.380247e+00  3.200000e+00
      vertex  2.550474e+00 -1.380247e+00  9.400000e+00
      vertex  2.742870e+00 -9.416285e-01  9.400000e+00
    endloop
  endfacet
  facet normal -9.157732e-01  4.016954e-01  0.000000e+00
    outer loop
      vertex  2.550474e+00 -1.380247e+00  3.200000e+00
      vertex  2.742870e+00 -9.416285e-01  9.400000e+00
      vertex  2.742870e+00 -9.416285e-01  3.200000e+00
    endloop
  endfacet
  facet normal -9.694002e-01  2.454855e-01  0.000000e+00
    outer loop
      vertex  2.742870e+00 -9.416285e-01  3.200000e+00
      vertex  2.742870e+00 -9.416285e-01  9.400000e+00
      vertex  2.860448e+00 -4.773243e-01  9.400000e+00
    endloop
  endfacet
  facet normal -9.694002e-01  2.454855e-01  0.000000e+00
    outer loop
      vertex  2.742870e+00 -9.416285e-01  3.200000e+00
      vertex  2.860448e+00 -4.773243e-01  9.400000e+00
      vertex  2.860448e+00 -4.773243e-01  3.200000e+00
    endloop
  endfacet
  facet normal -9.965845e-01  8.257932e-02  0.000000e+00
    outer loop
      vertex  2.860448e+00 -4.773243e-01  3.200000e+00
      vertex  2.860448e+00 -4.773243e-01  9.400000e+00
      vertex  2.900000e+00  0.000000e+00  9.400000e+00
    endloop
  endfacet
  facet normal -9.965845e-01  8.257932e-02  0.000000e+00
    outer loop
      vertex  2.860448e+00 -4.773243e-01  3.200000e+00
      vertex  2.900000e+00  0.000000e+00  9.400000e+00
      vertex  2.900000e+00  0.000000e+00  3.200000e+00
    endloop
  endfacet
  facet normal -1.645947e-01  9.863613e-01  0.000000e+00
    outer loop
      vertex  7.119079e-01 -2.811261e+00  9.400000e+00
      vertex  2.394801e-01 -2.890095e+00  3.200000e+00
      vertex  2.394801e-01 -2.890095e+00  9.400000e+00
    endloop
  endfacet
  facet normal  0.000000e+00  1.000000e+00  0.000000e+00
    outer loop
      vertex  2.394801e-01 -2.890095e+00  9.400000e+00
      vertex  2.394801e-01 -2.890095e+00  3.200000e+00
      vertex -2.394801e-01 -2.890095e+00  3.200000e+00
    endloop
  endfacet
  facet normal  0.000000e+00  1.000000e+00  0.000000e+00
    outer loop
      vertex  2.394801e-01 -2.890095e+00  9.400000e+00
      vertex -2.394801e-01 -2.890095e+00  3.200000e+00
      vertex -2.394801e-01 -2.890095e+00  9.400000e+00
    endloop
  endfacet
  facet normal  1.645947e-01  9.863613e-01  0.000000e+00
    outer loop
      vertex -2.394801e-01 -2.890095e+00  9.400000e+00
      vertex -2.394801e-01 -2.890095e+00  3.200000e+00
      vertex -7.119079e-01 -2.811261e+00  3.200000e+00
    endloop
  endfacet
  facet normal  1.645947e-01  9.863613e-01  -0.000000e+00
    outer loop
      vertex -2.394801e-01 -2.890095e+00  9.400000e+00
      vertex -7.119079e-01 -2.811261e+00  3.200000e+00
      vertex -7.119079e-01 -2.811261e+00  9.400000e+00
    endloop
  endfacet
  facet normal  3.246993e-01  9.458173e-01  0.000000e+00
    outer loop
      vertex -7.119079e-01 -2.811261e+00  9.400000e+00
      vertex -7.119079e-01 -2.811261e+00  3.200000e+00
      vertex -1.164917e+00 -2.655743e+00  3.200000e+00
    endloop
  endfacet
  facet normal  3.246993e-01  9.458173e-01  -0.000000e+00
    outer loop
      vertex -7.119079e-01 -2.811261e+00  9.400000e+00
      vertex -1.164917e+00 -2.655743e+00  3.200000e+00
      vertex -1.164917e+00 -2.655743e+00  9.400000e+00
    endloop
  endfacet
  facet normal  4.759474e-01  8.794737e-01  0.000000e+00
    outer loop
      vertex -1.164917e+00 -2.655743e+00  9.400000e+00
      vertex -1.164917e+00 -2.655743e+00  3.200000e+00
      vertex -1.586150e+00 -2.427783e+00  3.200000e+00
    endloop
  endfacet
  facet normal  4.759474e-01  8.794737e-01  -0.000000e+00
    outer loop
      vertex -1.164917e+00 -2.655743e+00  9.400000e+00
      vertex -1.586150e+00 -2.427783e+00  3.200000e+00
      vertex -1.586150e+00 -2.427783e+00  9.400000e+00
    endloop
  endfacet
  facet normal  6.142128e-01  7.891404e-01  0.000000e+00
    outer loop
      vertex -1.586150e+00 -2.427783e+00  9.400000e+00
      vertex -1.586150e+00 -2.427783e+00  3.200000e+00
      vertex -1.964117e+00 -2.133599e+00  3.200000e+00
    endloop
  endfacet
  facet normal  6.142128e-01  7.891404e-01  -0.000000e+00
    outer loop
      vertex -1.586150e+00 -2.427783e+00  9.400000e+00
      vertex -1.964117e+00 -2.133599e+00  3.200000e+00
      vertex -1.964117e+00 -2.133599e+00  9.400000e+00
    endloop
  endfacet
  facet normal  7.357239e-01  6.772816e-01  0.000000e+00
    outer loop
      vertex -1.964117e+00 -2.133599e+00  9.400000e+00
      vertex -1.964117e+00 -2.133599e+00  3.200000e+00
      vertex -2.288507e+00 -1.781217e+00  3.200000e+00
    endloop
  endfacet
  facet normal  7.357239e-01  6.772816e-01  -0.000000e+00
    outer loop
      vertex -1.964117e+00 -2.133599e+00  9.400000e+00
      vertex -2.288507e+00 -1.781217e+00  3.200000e+00
      vertex -2.288507e+00 -1.781217e+00  9.400000e+00
    endloop
  endfacet
  facet normal  8.371664e-01  5.469483e-01  0.000000e+00
    outer loop
      vertex -2.288507e+00 -1.781217e+00  9.400000e+00
      vertex -2.288507e+00 -1.781217e+00  3.200000e+00
      vertex -2.550474e+00 -1.380247e+00  3.200000e+00
    endloop
  endfacet
  facet normal  8.371664e-01  5.469483e-01  -0.000000e+00
    outer loop
      vertex -2.288507e+00 -1.781217e+00  9.400000e+00
      vertex -2.550474e+00 -1.380247e+00  3.200000e+00
      vertex -2.550474e+00 -1.380247e+00  9.400000e+00
    endloop
  endfacet
  facet normal  9.157732e-01  4.016954e-01  0.000000e+00
    outer loop
      vertex -2.550474e+00 -1.380247e+00  9.400000e+00
      vertex -2.550474e+00 -1.380247e+00  3.200000e+00
      vertex -2.742870e+00 -9.416285e-01  3.200000e+00
    endloop
  endfacet
  facet normal  9.157732e-01  4.016954e-01  -0.000000e+00
    outer loop
      vertex -2.550474e+00 -1.380247e+00  9.400000e+00
      vertex -2.742870e+00 -9.416285e-01  3.200000e+00
      vertex -2.742870e+00 -9.416285e-01  9.400000e+00
    endloop
  endfacet
  facet normal  9.694002e-01  2.454855e-01  0.000000e+00
    outer loop
      vertex -2.742870e+00 -9.416285e-01  9.400000e+00
      vertex -2.742870e+00 -9.416285e-01  3.200000e+00
      vertex -2.860448e+00 -4.773243e-01  3.200000e+00
    endloop
  endfacet
  facet normal  9.694002e-01  2.454855e-01  -0.000000e+00
    outer loop
      vertex -2.742870e+00 -9.416285e-01  9.400000e+00
      vertex -2.860448e+00 -4.773243e-01  3.200000e+00
      vertex -2.860448e+00 -4.773243e-01  9.400000e+00
    endloop
  endfacet
  facet normal  9.965845e-01  8.257932e-02  0.000000e+00
    outer loop
      vertex -2.860448e+00 -4.773243e-01  9.400000e+00
      vertex -2.860448e+00 -4.773243e-01  3.200000e+00
      vertex -2.900000e+00  3.551476e-16  3.200000e+00
    endloop
  endfacet
  facet normal  9.965845e-01  8.257932e-02  -0.000000e+00
    outer loop
      vertex -2.860448e+00 -4.773243e-01  9.400000e+00
      vertex -2.900000e+00  3.551476e-16  3.200000e+00
      vertex -2.900000e+00  3.551476e-16  9.400000e+00
    endloop
  endfacet
  facet normal  7.845937e-02 -9.969172e-01  0.000000e+00
    outer loop
      vertex  1.600000e+01  3.000000e+00  3.200000e+00
      vertex  1.553070e+01  2.963065e+00  9.400000e+00
      vertex  1.553070e+01  2.963065e+00  3.200000e+00
    endloop
  endfacet
  facet normal  2.334454e-01 -9.723699e-01  0.000000e+00
    outer loop
      vertex  1.553070e+01  2.963065e+00  3.200000e+00
      vertex  1.553070e+01  2.963065e+00  9.400000e+00
      vertex  1.507295e+01  2.853169e+00  9.400000e+00
    endloop
  endfacet
  facet normal  2.334454e-01 -9.723699e-01  0.000000e+00
    outer loop
      vertex  1.553070e+01  2.963065e+00  3.200000e+00
      vertex  1.507295e+01  2.853169e+00  9.400000e+00
      vertex  1.507295e+01  2.853169e+00  3.200000e+00
    endloop
  endfacet
  facet normal  3.826826e-01 -9.238799e-01  0.000000e+00
    outer loop
      vertex  1.507295e+01  2.853169e+00  3.200000e+00
      vertex  1.507295e+01  2.853169e+00  9.400000e+00
      vertex  1.463803e+01  2.673020e+00  9.400000e+00
    endloop
  endfacet
  facet normal  3.826826e-01 -9.238799e-01  0.000000e+00
    outer loop
      vertex  1.507295e+01  2.853169e+00  3.200000e+00
      vertex  1.463803e+01  2.673020e+00  9.400000e+00
      vertex  1.463803e+01  2.673020e+00  3.200000e+00
    endloop
  endfacet
  facet normal  5.224984e-01 -8.526402e-01  0.000000e+00
    outer loop
      vertex  1.463803e+01  2.673020e+00  3.200000e+00
      vertex  1.463803e+01  2.673020e+00  9.400000e+00
      vertex  1.423664e+01  2.427051e+00  9.400000e+00
    endloop
  endfacet
  facet normal  5.224984e-01 -8.526402e-01  0.000000e+00
    outer loop
      vertex  1.463803e+01  2.673020e+00  3.200000e+00
      vertex  1.423664e+01  2.427051e+00  9.400000e+00
      vertex  1.423664e+01  2.427051e+00  3.200000e+00
    endloop
  endfacet
  facet normal  6.494483e-01 -7.604057e-01  0.000000e+00
    outer loop
      vertex  1.423664e+01  2.427051e+00  3.200000e+00
      vertex  1.423664e+01  2.427051e+00  9.400000e+00
      vertex  1.387868e+01  2.121320e+00  9.400000e+00
    endloop
  endfacet
  facet normal  6.494483e-01 -7.604057e-01  0.000000e+00
    outer loop
      vertex  1.423664e+01  2.427051e+00  3.200000e+00
      vertex  1.387868e+01  2.121320e+00  9.400000e+00
      vertex  1.387868e+01  2.121320e+00  3.200000e+00
    endloop
  endfacet
  facet normal  7.604067e-01 -6.494472e-01  0.000000e+00
    outer loop
      vertex  1.387868e+01  2.121320e+00  3.200000e+00
      vertex  1.387868e+01  2.121320e+00  9.400000e+00
      vertex  1.357295e+01  1.763356e+00  9.400000e+00
    endloop
  endfacet
  facet normal  7.604067e-01 -6.494472e-01  0.000000e+00
    outer loop
      vertex  1.387868e+01  2.121320e+00  3.200000e+00
      vertex  1.357295e+01  1.763356e+00  9.400000e+00
      vertex  1.357295e+01  1.763356e+00  3.200000e+00
    endloop
  endfacet
  facet normal  8.526400e-01 -5.224990e-01  0.000000e+00
    outer loop
      vertex  1.357295e+01  1.763356e+00  3.200000e+00
      vertex  1.357295e+01  1.763356e+00  9.400000e+00
      vertex  1.332698e+01  1.361971e+00  9.400000e+00
    endloop
  endfacet
  facet normal  8.526400e-01 -5.224990e-01  0.000000e+00
    outer loop
      vertex  1.357295e+01  1.763356e+00  3.200000e+00
      vertex  1.332698e+01  1.361971e+00  9.400000e+00
      vertex  1.332698e+01  1.361971e+00  3.200000e+00
    endloop
  endfacet
  facet normal  9.238795e-01 -3.826835e-01  0.000000e+00
    outer loop
      vertex  1.332698e+01  1.361971e+00  3.200000e+00
      vertex  1.332698e+01  1.361971e+00  9.400000e+00
      vertex  1.314683e+01  9.270510e-01  9.400000e+00
    endloop
  endfacet
  facet normal  9.238795e-01 -3.826835e-01  0.000000e+00
    outer loop
      vertex  1.332698e+01  1.361971e+00  3.200000e+00
      vertex  1.314683e+01  9.270510e-01  9.400000e+00
      vertex  1.314683e+01  9.270510e-01  3.200000e+00
    endloop
  endfacet
  facet normal  9.723698e-01 -2.334458e-01  0.000000e+00
    outer loop
      vertex  1.314683e+01  9.270510e-01  3.200000e+00
      vertex  1.314683e+01  9.270510e-01  9.400000e+00
      vertex  1.303693e+01  4.693034e-01  9.400000e+00
    endloop
  endfacet
  facet normal  9.723698e-01 -2.334458e-01  0.000000e+00
    outer loop
      vertex  1.314683e+01  9.270510e-01  3.200000e+00
      vertex  1.303693e+01  4.693034e-01  9.400000e+00
      vertex  1.303693e+01  4.693034e-01  3.200000e+00
    endloop
  endfacet
  facet normal  9.969174e-01 -7.845883e-02  0.000000e+00
    outer loop
      vertex  1.303693e+01  4.693034e-01  3.200000e+00
      vertex  1.303693e+01  4.693034e-01  9.400000e+00
      vertex  1.300000e+01  3.673940e-16  9.400000e+00
    endloop
  endfacet
  facet normal  9.969174e-01 -7.845883e-02  0.000000e+00
    outer loop
      vertex  1.303693e+01  4.693034e-01  3.200000e+00
      vertex  1.300000e+01  3.673940e-16  9.400000e+00
      vertex  1.300000e+01  3.673940e-16  3.200000e+00
    endloop
  endfacet
  facet normal  7.845937e-02 -9.969172e-01  0.000000e+00
    outer loop
      vertex  1.553070e+01  2.963065e+00  9.400000e+00
      vertex  1.600000e+01  3.000000e+00  3.200000e+00
      vertex  1.600000e+01  3.000000e+00  9.400000e+00
    endloop
  endfacet
  facet normal -7.845937e-02 -9.969172e-01  -0.000000e+00
    outer loop
      vertex  1.600000e+01  3.000000e+00  9.400000e+00
      vertex  1.600000e+01  3.000000e+00  3.200000e+00
      vertex  1.646930e+01  2.963065e+00  3.200000e+00
    endloop
  endfacet
  facet normal -7.845937e-02 -9.969172e-01  0.000000e+00
    outer loop
      vertex  1.600000e+01  3.000000e+00  9.400000e+00
      vertex  1.646930e+01  2.963065e+00  3.200000e+00
      vertex  1.646930e+01  2.963065e+00  9.400000e+00
    endloop
  endfacet
  facet normal -2.334450e-01 -9.723700e-01  -0.000000e+00
    outer loop
      vertex  1.646930e+01  2.963065e+00  9.400000e+00
      vertex  1.646930e+01  2.963065e+00  3.200000e+00
      vertex  1.692705e+01  2.853169e+00  3.200000e+00
    endloop
  endfacet
  facet normal -2.334450e-01 -9.723700e-01  0.000000e+00
    outer loop
      vertex  1.646930e+01  2.963065e+00  9.400000e+00
      vertex  1.692705e+01  2.853169e+00  3.200000e+00
      vertex  1.692705e+01  2.853169e+00  9.400000e+00
    endloop
  endfacet
  facet normal -3.826840e-01 -9.238793e-01  -0.000000e+00
    outer loop
      vertex  1.692705e+01  2.853169e+00  9.400000e+00
      vertex  1.692705e+01  2.853169e+00  3.200000e+00
      vertex  1.736197e+01  2.673020e+00  3.200000e+00
    endloop
  endfacet
  facet normal -3.826840e-01 -9.238793e-01  0.000000e+00
    outer loop
      vertex  1.692705e+01  2.853169e+00  9.400000e+00
      vertex  1.736197e+01  2.673020e+00  3.200000e+00
      vertex  1.736197e+01  2.673020e+00  9.400000e+00
    endloop
  endfacet
  facet normal -5.224984e-01 -8.526402e-01  -0.000000e+00
    outer loop
      vertex  1.736197e+01  2.673020e+00  9.400000e+00
      vertex  1.736197e+01  2.673020e+00  3.200000e+00
      vertex  1.776336e+01  2.427051e+00  3.200000e+00
    endloop
  endfacet
  facet normal -5.224984e-01 -8.526402e-01  0.000000e+00
    outer loop
      vertex  1.736197e+01  2.673020e+00  9.400000e+00
      vertex  1.776336e+01  2.427051e+00  3.200000e+00
      vertex  1.776336e+01  2.427051e+00  9.400000e+00
    endloop
  endfacet
  facet normal -6.494474e-01 -7.604066e-01  -0.000000e+00
    outer loop
      vertex  1.776336e+01  2.427051e+00  9.400000e+00
      vertex  1.776336e+01  2.427051e+00  3.200000e+00
      vertex  1.812132e+01  2.121320e+00  3.200000e+00
    endloop
  endfacet
  facet normal -6.494474e-01 -7.604066e-01  0.000000e+00
    outer loop
      vertex  1.776336e+01  2.427051e+00  9.400000e+00
      vertex  1.812132e+01  2.121320e+00  3.200000e+00
      vertex  1.812132e+01  2.121320e+00  9.400000e+00
    endloop
  endfacet
  facet normal -7.604057e-01 -6.494483e-01  -0.000000e+00
    outer loop
      vertex  1.812132e+01  2.121320e+00  9.400000e+00
      vertex  1.812132e+01  2.121320e+00  3.200000e+00
      vertex  1.842705e+01  1.763356e+00  3.200000e+00
    endloop
  endfacet
  facet normal -7.604057e-01 -6.494483e-01  0.000000e+00
    outer loop
      vertex  1.812132e+01  2.121320e+00  9.400000e+00
      vertex  1.842705e+01  1.763356e+00  3.200000e+00
      vertex  1.842705e+01  1.763356e+00  9.400000e+00
    endloop
  endfacet
  facet normal -8.526409e-01 -5.224975e-01  -0.000000e+00
    outer loop
      vertex  1.842705e+01  1.763356e+00  9.400000e+00
      vertex  1.842705e+01  1.763356e+00  3.200000e+00
      vertex  1.867302e+01  1.361971e+00  3.200000e+00
    endloop
  endfacet
  facet normal -8.526409e-01 -5.224975e-01  0.000000e+00
    outer loop
      vertex  1.842705e+01  1.763356e+00  9.400000e+00
      vertex  1.867302e+01  1.361971e+00  3.200000e+00
      vertex  1.867302e+01  1.361971e+00  9.400000e+00
    endloop
  endfacet
  facet normal -9.238788e-01 -3.826853e-01  -0.000000e+00
    outer loop
      vertex  1.867302e+01  1.361971e+00  9.400000e+00
      vertex  1.867302e+01  1.361971e+00  3.200000e+00
      vertex  1.885317e+01  9.270510e-01  3.200000e+00
    endloop
  endfacet
  facet normal -9.238788e-01 -3.826853e-01  0.000000e+00
    outer loop
      vertex  1.867302e+01  1.361971e+00  9.400000e+00
      vertex  1.885317e+01  9.270510e-01  3.200000e+00
      vertex  1.885317e+01  9.270510e-01  9.400000e+00
    endloop
  endfacet
  facet normal -9.723707e-01 -2.334420e-01  -0.000000e+00
    outer loop
      vertex  1.885317e+01  9.270510e-01  9.400000e+00
      vertex  1.885317e+01  9.270510e-01  3.200000e+00
      vertex  1.896306e+01  4.693034e-01  3.200000e+00
    endloop
  endfacet
  facet normal -9.723707e-01 -2.334420e-01  0.000000e+00
    outer loop
      vertex  1.885317e+01  9.270510e-01  9.400000e+00
      vertex  1.896306e+01  4.693034e-01  3.200000e+00
      vertex  1.896306e+01  4.693034e-01  9.400000e+00
    endloop
  endfacet
  facet normal -9.969172e-01 -7.846084e-02  -0.000000e+00
    outer loop
      vertex  1.896306e+01  4.693034e-01  9.400000e+00
      vertex  1.896306e+01  4.693034e-01  3.200000e+00
      vertex  1.900000e+01  0.000000e+00  3.200000e+00
    endloop
  endfacet
  facet normal -9.969172e-01 -7.846084e-02  0.000000e+00
    outer loop
      vertex  1.896306e+01  4.693034e-01  9.400000e+00
      vertex  1.900000e+01  0.000000e+00  3.200000e+00
      vertex  1.900000e+01  0.000000e+00  9.400000e+00
    endloop
  endfacet
  facet normal -7.845937e-02  9.969172e-01  0.000000e+00
    outer loop
      vertex  1.600000e+01 -3.000000e+00  3.200000e+00
      vertex  1.646930e+01 -2.963065e+00  9.400000e+00
      vertex  1.646930e+01 -2.963065e+00  3.200000e+00
    endloop
  endfacet
  facet normal -2.334450e-01  9.723700e-01  0.000000e+00
    outer loop
      vertex  1.646930e+01 -2.963065e+00  3.200000e+00
      vertex  1.646930e+01 -2.963065e+00  9.400000e+00
      vertex  1.692705e+01 -2.853169e+00  9.400000e+00
    endloop
  endfacet
  facet normal -2.334450e-01  9.723700e-01  0.000000e+00
    outer loop
      vertex  1.646930e+01 -2.963065e+00  3.200000e+00
      vertex  1.692705e+01 -2.853169e+00  9.400000e+00
      vertex  1.692705e+01 -2.853169e+00  3.200000e+00
    endloop
  endfacet
  facet normal -3.826840e-01  9.238793e-01  0.000000e+00
    outer loop
      vertex  1.692705e+01 -2.853169e+00  3.200000e+00
      vertex  1.692705e+01 -2.853169e+00  9.400000e+00
      vertex  1.736197e+01 -2.673020e+00  9.400000e+00
    endloop
  endfacet
  facet normal -3.826840e-01  9.238793e-01  0.000000e+00
    outer loop
      vertex  1.692705e+01 -2.853169e+00  3.200000e+00
      vertex  1.736197e+01 -2.673020e+00  9.400000e+00
      vertex  1.736197e+01 -2.673020e+00  3.200000e+00
    endloop
  endfacet
  facet normal -5.224984e-01  8.526402e-01  0.000000e+00
    outer loop
      vertex  1.736197e+01 -2.673020e+00  3.200000e+00
      vertex  1.736197e+01 -2.673020e+00  9.400000e+00
      vertex  1.776336e+01 -2.427051e+00  9.400000e+00
    endloop
  endfacet
  facet normal -5.224984e-01  8.526402e-01  0.000000e+00
    outer loop
      vertex  1.736197e+01 -2.673020e+00  3.200000e+00
      vertex  1.776336e+01 -2.427051e+00  9.400000e+00
      vertex  1.776336e+01 -2.427051e+00  3.200000e+00
    endloop
  endfacet
  facet normal -6.494474e-01  7.604066e-01  0.000000e+00
    outer loop
      vertex  1.776336e+01 -2.427051e+00  3.200000e+00
      vertex  1.776336e+01 -2.427051e+00  9.400000e+00
      vertex  1.812132e+01 -2.121320e+00  9.400000e+00
    endloop
  endfacet
  facet normal -6.494474e-01  7.604066e-01  0.000000e+00
    outer loop
      vertex  1.776336e+01 -2.427051e+00  3.200000e+00
      vertex  1.812132e+01 -2.121320e+00  9.400000e+00
      vertex  1.812132e+01 -2.121320e+00  3.200000e+00
    endloop
  endfacet
  facet normal -7.604057e-01  6.494483e-01  0.000000e+00
    outer loop
      vertex  1.812132e+01 -2.121320e+00  3.200000e+00
      vertex  1.812132e+01 -2.121320e+00  9.400000e+00
      vertex  1.842705e+01 -1.763356e+00  9.400000e+00
    endloop
  endfacet
  facet normal -7.604057e-01  6.494483e-01  0.000000e+00
    outer loop
      vertex  1.812132e+01 -2.121320e+00  3.200000e+00
      vertex  1.842705e+01 -1.763356e+00  9.400000e+00
      vertex  1.842705e+01 -1.763356e+00  3.200000e+00
    endloop
  endfacet
  facet normal -8.526409e-01  5.224975e-01  0.000000e+00
    outer loop
      vertex  1.842705e+01 -1.763356e+00  3.200000e+00
      vertex  1.842705e+01 -1.763356e+00  9.400000e+00
      vertex  1.867302e+01 -1.361971e+00  9.400000e+00
    endloop
  endfacet
  facet normal -8.526409e-01  5.224975e-01  0.000000e+00
    outer loop
      vertex  1.842705e+01 -1.763356e+00  3.200000e+00
      vertex  1.867302e+01 -1.361971e+00  9.400000e+00
      vertex  1.867302e+01 -1.361971e+00  3.200000e+00
    endloop
  endfacet
  facet normal -9.238788e-01  3.826853e-01  0.000000e+00
    outer loop
      vertex  1.867302e+01 -1.361971e+00  3.200000e+00
      vertex  1.867302e+01 -1.361971e+00  9.400000e+00
      vertex  1.885317e+01 -9.270510e-01  9.400000e+00
    endloop
  endfacet
  facet normal -9.238788e-01  3.826853e-01  0.000000e+00
    outer loop
      vertex  1.867302e+01 -1.361971e+00  3.200000e+00
      vertex  1.885317e+01 -9.270510e-01  9.400000e+00
      vertex  1.885317e+01 -9.270510e-01  3.200000e+00
    endloop
  endfacet
  facet normal -9.723707e-01  2.334420e-01  0.000000e+00
    outer loop
      vertex  1.885317e+01 -9.270510e-01  3.200000e+00
      vertex  1.885317e+01 -9.270510e-01  9.400000e+00
      vertex  1.896306e+01 -4.693034e-01  9.400000e+00
    endloop
  endfacet
  facet normal -9.723707e-01  2.334420e-01  0.000000e+00
    outer loop
      vertex  1.885317e+01 -9.270510e-01  3.200000e+00
      vertex  1.896306e+01 -4.693034e-01  9.400000e+00
      vertex  1.896306e+01 -4.693034e-01  3.200000e+00
    endloop
  endfacet
  facet normal -9.969172e-01  7.846084e-02  0.000000e+00
    outer loop
      vertex  1.896306e+01 -4.693034e-01  3.200000e+00
      vertex  1.896306e+01 -4.693034e-01  9.400000e+00
      vertex  1.900000e+01  0.000000e+00  9.400000e+00
    endloop
  endfacet
  facet normal -9.969172e-01  7.846084e-02  0.000000e+00
    outer loop
      vertex  1.896306e+01 -4.693034e-01  3.200000e+00
      vertex  1.900000e+01  0.000000e+00  9.400000e+00
      vertex  1.900000e+01  0.000000e+00  3.200000e+00
    endloop
  endfacet
  facet normal -7.845937e-02  9.969172e-01  0.000000e+00
    outer loop
      vertex  1.646930e+01 -2.963065e+00  9.400000e+00
      vertex  1.600000e+01 -3.000000e+00  3.200000e+00
      vertex  1.600000e+01 -3.000000e+00  9.400000e+00
    endloop
  endfacet
  facet normal  7.845937e-02  9.969172e-01  0.000000e+00
    outer loop
      vertex  1.600000e+01 -3.000000e+00  9.400000e+00
      vertex  1.600000e+01 -3.000000e+00  3.200000e+00
      vertex  1.553070e+01 -2.963065e+00  3.200000e+00
    endloop
  endfacet
  facet normal  7.845937e-02  9.969172e-01  -0.000000e+00
    outer loop
      vertex  1.600000e+01 -3.000000e+00  9.400000e+00
      vertex  1.553070e+01 -2.963065e+00  3.200000e+00
      vertex  1.553070e+01 -2.963065e+00  9.400000e+00
    endloop
  endfacet
  facet normal  2.334454e-01  9.723699e-01  0.000000e+00
    outer loop
      vertex  1.553070e+01 -2.963065e+00  9.400000e+00
      vertex  1.553070e+01 -2.963065e+00  3.200000e+00
      vertex  1.507295e+01 -2.853169e+00  3.200000e+00
    endloop
  endfacet
  facet normal  2.334454e-01  9.723699e-01  -0.000000e+00
    outer loop
      vertex  1.553070e+01 -2.963065e+00  9.400000e+00
      vertex  1.507295e+01 -2.853169e+00  3.200000e+00
      vertex  1.507295e+01 -2.853169e+00  9.400000e+00
    endloop
  endfacet
  facet normal  3.826826e-01  9.238799e-01  0.000000e+00
    outer loop
      vertex  1.507295e+01 -2.853169e+00  9.400000e+00
      vertex  1.507295e+01 -2.853169e+00  3.200000e+00
      vertex  1.463803e+01 -2.673020e+00  3.200000e+00
    endloop
  endfacet
  facet normal  3.826826e-01  9.238799e-01  -0.000000e+00
    outer loop
      vertex  1.507295e+01 -2.853169e+00  9.400000e+00
      vertex  1.463803e+01 -2.673020e+00  3.200000e+00
      vertex  1.463803e+01 -2.673020e+00  9.400000e+00
    endloop
  endfacet
  facet normal  5.224984e-01  8.526402e-01  0.000000e+00
    outer loop
      vertex  1.463803e+01 -2.673020e+00  9.400000e+00
      vertex  1.463803e+01 -2.673020e+00  3.200000e+00
      vertex  1.423664e+01 -2.427051e+00  3.200000e+00
    endloop
  endfacet
  facet normal  5.224984e-01  8.526402e-01  -0.000000e+00
    outer loop
      vertex  1.463803e+01 -2.673020e+00  9.400000e+00
      vertex  1.423664e+01 -2.427051e+00  3.200000e+00
      vertex  1.423664e+01 -2.427051e+00  9.400000e+00
    endloop
  endfacet
  facet normal  6.494483e-01  7.604057e-01  0.000000e+00
    outer loop
      vertex  1.423664e+01 -2.427051e+00  9.400000e+00
      vertex  1.423664e+01 -2.427051e+00  3.200000e+00
      vertex  1.387868e+01 -2.121320e+00  3.200000e+00
    endloop
  endfacet
  facet normal  6.494483e-01  7.604057e-01  -0.000000e+00
    outer loop
      vertex  1.423664e+01 -2.427051e+00  9.400000e+00
      vertex  1.387868e+01 -2.121320e+00  3.200000e+00
      vertex  1.387868e+01 -2.121320e+00  9.400000e+00
    endloop
  endfacet
  facet normal  7.604067e-01  6.494472e-01  0.000000e+00
    outer loop
      vertex  1.387868e+01 -2.121320e+00  9.400000e+00
      vertex  1.387868e+01 -2.121320e+00  3.200000e+00
      vertex  1.357295e+01 -1.763356e+00  3.200000e+00
    endloop
  endfacet
  facet normal  7.604067e-01  6.494472e-01  -0.000000e+00
    outer loop
      vertex  1.387868e+01 -2.121320e+00  9.400000e+00
      vertex  1.357295e+01 -1.763356e+00  3.200000e+00
      vertex  1.357295e+01 -1.763356e+00  9.400000e+00
    endloop
  endfacet
  facet normal  8.526400e-01  5.224990e-01  0.000000e+00
    outer loop
      vertex  1.357295e+01 -1.763356e+00  9.400000e+00
      vertex  1.357295e+01 -1.763356e+00  3.200000e+00
      vertex  1.332698e+01 -1.361971e+00  3.200000e+00
    endloop
  endfacet
  facet normal  8.526400e-01  5.224990e-01  -0.000000e+00
    outer loop
      vertex  1.357295e+01 -1.763356e+00  9.400000e+00
      vertex  1.332698e+01 -1.361971e+00  3.200000e+00
      vertex  1.332698e+01 -1.361971e+00  9.400000e+00
    endloop
  endfacet
  facet normal  9.238795e-01  3.826835e-01  0.000000e+00
    outer loop
      vertex  1.332698e+01 -1.361971e+00  9.400000e+00
      vertex  1.332698e+01 -1.361971e+00  3.200000e+00
      vertex  1.314683e+01 -9.270510e-01  3.200000e+00
    endloop
  endfacet
  facet normal  9.238795e-01  3.826835e-01  -0.000000e+00
    outer loop
      vertex  1.332698e+01 -1.361971e+00  9.400000e+00
      vertex  1.314683e+01 -9.270510e-01  3.200000e+00
      vertex  1.314683e+01 -9.270510e-01  9.400000e+00
    endloop
  endfacet
  facet normal  9.723698e-01  2.334458e-01  0.000000e+00
    outer loop
      vertex  1.314683e+01 -9.270510e-01  9.400000e+00
      vertex  1.314683e+01 -9.270510e-01  3.200000e+00
      vertex  1.303693e+01 -4.693034e-01  3.200000e+00
    endloop
  endfacet
  facet normal  9.723698e-01  2.334458e-01  -0.000000e+00
    outer loop
      vertex  1.314683e+01 -9.270510e-01  9.400000e+00
      vertex  1.303693e+01 -4.693034e-01  3.200000e+00
      vertex  1.303693e+01 -4.693034e-01  9.400000e+00
    endloop
  endfacet
  facet normal  9.969174e-01  7.845883e-02  0.000000e+00
    outer loop
      vertex  1.303693e+01 -4.693034e-01  9.400000e+00
      vertex  1.303693e+01 -4.693034e-01  3.200000e+00
      vertex  1.300000e+01  3.673940e-16  3.200000e+00
    endloop
  endfacet
  facet normal  9.969174e-01  7.845883e-02  -0.000000e+00
    outer loop
      vertex  1.303693e+01 -4.693034e-01  9.400000e+00
      vertex  1.300000e+01  3.673940e-16  3.200000e+00
      vertex  1.300000e+01  3.673940e-16  9.400000e+00
    endloop
  endfacet
  facet normal  -0.000000e+00  -0.000000e+00  1.000000e+00
    outer loop
      vertex -2.600000e+01 -7.000000e+00  1.000000e+01
      vertex -2.596306e+01 -7.469304e+00  1.000000e+01
      vertex -2.585317e+01 -7.927051e+00  1.000000e+01
    endloop
  endfacet
  facet normal  -0.000000e+00  -0.000000e+00  1.000000e+00
    outer loop
      vertex -2.600000e+01 -7.000000e+00  1.000000e+01
      vertex -2.585317e+01 -7.927051e+00  1.000000e+01
      vertex -2.567302e+01 -8.361972e+00  1.000000e+01
    endloop
  endfacet
  facet normal  -0.000000e+00  -0.000000e+00  1.000000e+00
    outer loop
      vertex -2.600000e+01 -7.000000e+00  1.000000e+01
      vertex -2.567302e+01 -8.361972e+00  1.000000e+01
      vertex -2.542705e+01 -8.763356e+00  1.000000e+01
    endloop
  endfacet
  facet normal  -0.000000e+00  -0.000000e+00  1.000000e+00
    outer loop
      vertex -2.600000e+01 -7.000000e+00  1.000000e+01
      vertex -2.542705e+01 -8.763356e+00  1.000000e+01
      vertex -2.512132e+01 -9.121321e+00  1.000000e+01
    endloop
  endfacet
  facet normal  -0.000000e+00  -0.000000e+00  1.000000e+00
    outer loop
      vertex -2.600000e+01 -7.000000e+00  1.000000e+01
      vertex -2.512132e+01 -9.121321e+00  1.000000e+01
      vertex -2.476336e+01 -9.427051e+00  1.000000e+01
    endloop
  endfacet
  facet normal  -0.000000e+00  -0.000000e+00  1.000000e+00
    outer loop
      vertex -2.600000e+01 -7.000000e+00  1.000000e+01
      vertex -2.476336e+01 -9.427051e+00  1.000000e+01
      vertex -2.436197e+01 -9.673019e+00  1.000000e+01
    endloop
  endfacet
  facet normal  -0.000000e+00  -0.000000e+00  1.000000e+00
    outer loop
      vertex -2.600000e+01 -7.000000e+00  1.000000e+01
      vertex -2.436197e+01 -9.673019e+00  1.000000e+01
      vertex -2.392705e+01 -9.853169e+00  1.000000e+01
    endloop
  endfacet
  facet normal  -0.000000e+00  -0.000000e+00  1.000000e+00
    outer loop
      vertex -2.600000e+01 -7.000000e+00  1.000000e+01
      vertex -2.392705e+01 -9.853169e+00  1.000000e+01
      vertex -2.346930e+01 -9.963065e+00  1.000000e+01
    endloop
  endfacet
  facet normal  -0.000000e+00  -0.000000e+00  1.000000e+00
    outer loop
      vertex -2.600000e+01 -7.000000e+00  1.000000e+01
      vertex -2.346930e+01 -9.963065e+00  1.000000e+01
      vertex -2.300000e+01 -1.000000e+01  1.000000e+01
    endloop
  endfacet
  facet normal  0.000000e+00  -0.000000e+00  9.999999e-01
    outer loop
      vertex  1.600000e+01 -3.200000e+00  1.000000e+01
      vertex  2.300000e+01 -1.000000e+01  1.000000e+01
      vertex  2.346930e+01 -9.963065e+00  1.000000e+01
    endloop
  endfacet
  facet normal  0.000000e+00  -0.000000e+00  1.000000e+00
    outer loop
      vertex  1.600000e+01 -3.200000e+00  1.000000e+01
      vertex  2.346930e+01 -9.963065e+00  1.000000e+01
      vertex  2.392705e+01 -9.853169e+00  1.000000e+01
    endloop
  endfacet
  facet normal  0.000000e+00  -0.000000e+00  1.000000e+00
    outer loop
      vertex  1.600000e+01 -3.200000e+00  1.000000e+01
      vertex  2.392705e+01 -9.853169e+00  1.000000e+01
      vertex  2.436197e+01 -9.673019e+00  1.000000e+01
    endloop
  endfacet
  facet normal  0.000000e+00  -0.000000e+00  1.000000e+00
    outer loop
      vertex  1.600000e+01 -3.200000e+00  1.000000e+01
      vertex  2.436197e+01 -9.673019e+00  1.000000e+01
      vertex  2.476336e+01 -9.427051e+00  1.000000e+01
    endloop
  endfacet
  facet normal  0.000000e+00  -0.000000e+00  1.000000e+00
    outer loop
      vertex  1.600000e+01 -3.200000e+00  1.000000e+01
      vertex  2.476336e+01 -9.427051e+00  1.000000e+01
      vertex  2.512132e+01 -9.121321e+00  1.000000e+01
    endloop
  endfacet
  facet normal  0.000000e+00  -0.000000e+00  1.000000e+00
    outer loop
      vertex  1.600000e+01 -3.200000e+00  1.000000e+01
      vertex  2.512132e+01 -9.121321e+00  1.000000e+01
      vertex  2.542705e+01 -8.763356e+00  1.000000e+01
    endloop
  endfacet
  facet normal  0.000000e+00  -0.000000e+00  1.000000e+00
    outer loop
      vertex  1.600000e+01 -3.200000e+00  1.000000e+01
      vertex  2.542705e+01 -8.763356e+00  1.000000e+01
      vertex  2.567302e+01 -8.361972e+00  1.000000e+01
    endloop
  endfacet
  facet normal  0.000000e+00  -0.000000e+00  1.000000e+00
    outer loop
      vertex  1.600000e+01 -3.200000e+00  1.000000e+01
      vertex  2.567302e+01 -8.361972e+00  1.000000e+01
      vertex  2.585317e+01 -7.927051e+00  1.000000e+01
    endloop
  endfacet
  facet normal  0.000000e+00  -0.000000e+00  1.000000e+00
    outer loop
      vertex  1.600000e+01 -3.200000e+00  1.000000e+01
      vertex  2.585317e+01 -7.927051e+00  1.000000e+01
      vertex  2.596306e+01 -7.469304e+00  1.000000e+01
    endloop
  endfacet
  facet normal  0.000000e+00  -0.000000e+00  1.000000e+00
    outer loop
      vertex  1.600000e+01 -3.200000e+00  1.000000e+01
      vertex  2.596306e+01 -7.469304e+00  1.000000e+01
      vertex  2.600000e+01 -7.000000e+00  1.000000e+01
    endloop
  endfacet
  facet normal  -0.000000e+00  0.000000e+00  1.000000e+00
    outer loop
      vertex -2.300000e+01  1.000000e+01  1.000000e+01
      vertex -2.346930e+01  9.963065e+00  1.000000e+01
      vertex -1.600000e+01  3.200000e+00  1.000000e+01
    endloop
  endfacet
  facet normal  0.000000e+00  -0.000000e+00  9.999999e-01
    outer loop
      vertex -2.300000e+01  1.000000e+01  1.000000e+01
      vertex -1.600000e+01  3.200000e+00  1.000000e+01
      vertex  1.959435e-16  3.200000e+00  1.000000e+01
    endloop
  endfacet
  facet normal  0.000000e+00  -0.000000e+00  9.999999e-01
    outer loop
      vertex -2.300000e+01  1.000000e+01  1.000000e+01
      vertex  1.959435e-16  3.200000e+00  1.000000e+01
      vertex  1.600000e+01  3.200000e+00  1.000000e+01
    endloop
  endfacet
  facet normal  0.000000e+00  -0.000000e+00  1.000000e+00
    outer loop
      vertex -2.300000e+01  1.000000e+01  1.000000e+01
      vertex  1.600000e+01  3.200000e+00  1.000000e+01
      vertex  2.300000e+01  1.000000e+01  1.000000e+01
    endloop
  endfacet
  facet normal  0.000000e+00  0.000000e+00  1.000000e+00
    outer loop
      vertex -2.600000e+01 -7.000000e+00  1.000000e+01
      vertex -1.600000e+01 -3.200000e+00  1.000000e+01
      vertex -1.650059e+01 -3.160603e+00  1.000000e+01
    endloop
  endfacet
  facet normal  0.000000e+00  0.000000e+00  1.000000e+00
    outer loop
      vertex -2.600000e+01 -7.000000e+00  1.000000e+01
      vertex -1.650059e+01 -3.160603e+00  1.000000e+01
      vertex -1.698885e+01 -3.043381e+00  1.000000e+01
    endloop
  endfacet
  facet normal  0.000000e+00  0.000000e+00  9.999999e-01
    outer loop
      vertex -2.600000e+01 -7.000000e+00  1.000000e+01
      vertex -1.698885e+01 -3.043381e+00  1.000000e+01
      vertex -1.745277e+01 -2.851221e+00  1.000000e+01
    endloop
  endfacet
  facet normal  0.000000e+00  0.000000e+00  1.000000e+00
    outer loop
      vertex -2.600000e+01 -7.000000e+00  1.000000e+01
      vertex -1.745277e+01 -2.851221e+00  1.000000e+01
      vertex -1.788091e+01 -2.588854e+00  1.000000e+01
    endloop
  endfacet
  facet normal  0.000000e+00  0.000000e+00  1.000000e+00
    outer loop
      vertex -2.600000e+01 -7.000000e+00  1.000000e+01
      vertex -1.788091e+01 -2.588854e+00  1.000000e+01
      vertex -1.826274e+01 -2.262742e+00  1.000000e+01
    endloop
  endfacet
  facet normal  0.000000e+00  0.000000e+00  1.000000e+00
    outer loop
      vertex -2.600000e+01 -7.000000e+00  1.000000e+01
      vertex -1.826274e+01 -2.262742e+00  1.000000e+01
      vertex -1.858885e+01 -1.880913e+00  1.000000e+01
    endloop
  endfacet
  facet normal  0.000000e+00  0.000000e+00  1.000000e+00
    outer loop
      vertex -2.600000e+01 -7.000000e+00  1.000000e+01
      vertex -1.858885e+01 -1.880913e+00  1.000000e+01
      vertex -1.885122e+01 -1.452770e+00  1.000000e+01
    endloop
  endfacet
  facet normal  0.000000e+00  0.000000e+00  9.999999e-01
    outer loop
      vertex -2.600000e+01 -7.000000e+00  1.000000e+01
      vertex -1.885122e+01 -1.452770e+00  1.000000e+01
      vertex -1.904338e+01 -9.888544e-01  1.000000e+01
    endloop
  endfacet
  facet normal  0.000000e+00  0.000000e+00  1.000000e+00
    outer loop
      vertex -2.600000e+01 -7.000000e+00  1.000000e+01
      vertex -1.904338e+01 -9.888544e-01  1.000000e+01
      vertex -1.916060e+01 -5.005903e-01  1.000000e+01
    endloop
  endfacet
  facet normal  0.000000e+00  0.000000e+00  9.999999e-01
    outer loop
      vertex -2.600000e+01 -7.000000e+00  1.000000e+01
      vertex -1.916060e+01 -5.005903e-01  1.000000e+01
      vertex -1.920000e+01  3.918870e-16  1.000000e+01
    endloop
  endfacet
  facet normal  0.000000e+00  -0.000000e+00  1.000000e+00
    outer loop
      vertex -2.600000e+01 -7.000000e+00  1.000000e+01
      vertex -1.920000e+01  3.918870e-16  1.000000e+01
      vertex -1.916060e+01  5.005903e-01  1.000000e+01
    endloop
  endfacet
  facet normal  0.000000e+00  -0.000000e+00  1.000000e+00
    outer loop
      vertex -2.600000e+01 -7.000000e+00  1.000000e+01
      vertex -1.916060e+01  5.005903e-01  1.000000e+01
      vertex -1.904338e+01  9.888544e-01  1.000000e+01
    endloop
  endfacet
  facet normal  0.000000e+00  -0.000000e+00  9.999999e-01
    outer loop
      vertex -2.600000e+01 -7.000000e+00  1.000000e+01
      vertex -1.904338e+01  9.888544e-01  1.000000e+01
      vertex -1.885122e+01  1.452770e+00  1.000000e+01
    endloop
  endfacet
  facet normal  0.000000e+00  -0.000000e+00  1.000000e+00
    outer loop
      vertex -2.600000e+01 -7.000000e+00  1.000000e+01
      vertex -1.885122e+01  1.452770e+00  1.000000e+01
      vertex -1.858885e+01  1.880913e+00  1.000000e+01
    endloop
  endfacet
  facet normal  0.000000e+00  0.000000e+00  1.000000e+00
    outer loop
      vertex -2.600000e+01  7.000000e+00  1.000000e+01
      vertex -2.600000e+01 -7.000000e+00  1.000000e+01
      vertex -1.858885e+01  1.880913e+00  1.000000e+01
    endloop
  endfacet
  facet normal  0.000000e+00  -0.000000e+00  1.000000e+00
    outer loop
      vertex -2.600000e+01  7.000000e+00  1.000000e+01
      vertex -1.858885e+01  1.880913e+00  1.000000e+01
      vertex -1.826274e+01  2.262742e+00  1.000000e+01
    endloop
  endfacet
  facet normal  0.000000e+00  -0.000000e+00  1.000000e+00
    outer loop
      vertex -2.600000e+01  7.000000e+00  1.000000e+01
      vertex -1.826274e+01  2.262742e+00  1.000000e+01
      vertex -1.788091e+01  2.588854e+00  1.000000e+01
    endloop
  endfacet
  facet normal  0.000000e+00  -0.000000e+00  1.000000e+00
    outer loop
      vertex -2.600000e+01  7.000000e+00  1.000000e+01
      vertex -1.788091e+01  2.588854e+00  1.000000e+01
      vertex -1.745277e+01  2.851221e+00  1.000000e+01
    endloop
  endfacet
  facet normal  0.000000e+00  -0.000000e+00  9.999999e-01
    outer loop
      vertex -2.600000e+01  7.000000e+00  1.000000e+01
      vertex -1.745277e+01  2.851221e+00  1.000000e+01
      vertex -1.698885e+01  3.043381e+00  1.000000e+01
    endloop
  endfacet
  facet normal  0.000000e+00  -0.000000e+00  1.000000e+00
    outer loop
      vertex -2.600000e+01  7.000000e+00  1.000000e+01
      vertex -1.698885e+01  3.043381e+00  1.000000e+01
      vertex -1.650059e+01  3.160603e+00  1.000000e+01
    endloop
  endfacet
  facet normal  0.000000e+00  -0.000000e+00  1.000000e+00
    outer loop
      vertex -2.600000e+01  7.000000e+00  1.000000e+01
      vertex -1.650059e+01  3.160603e+00  1.000000e+01
      vertex -1.600000e+01  3.200000e+00  1.000000e+01
    endloop
  endfacet
  facet normal  0.000000e+00  0.000000e+00  1.000000e+00
    outer loop
      vertex -1.600000e+01  3.200000e+00  1.000000e+01
      vertex -2.346930e+01  9.963065e+00  1.000000e+01
      vertex -2.392705e+01  9.853169e+00  1.000000e+01
    endloop
  endfacet
  facet normal  0.000000e+00  0.000000e+00  1.000000e+00
    outer loop
      vertex -1.600000e+01  3.200000e+00  1.000000e+01
      vertex -2.392705e+01  9.853169e+00  1.000000e+01
      vertex -2.436197e+01  9.673019e+00  1.000000e+01
    endloop
  endfacet
  facet normal  0.000000e+00  0.000000e+00  1.000000e+00
    outer loop
      vertex -1.600000e+01  3.200000e+00  1.000000e+01
      vertex -2.436197e+01  9.673019e+00  1.000000e+01
      vertex -2.476336e+01  9.427051e+00  1.000000e+01
    endloop
  endfacet
  facet normal  0.000000e+00  0.000000e+00  1.000000e+00
    outer loop
      vertex -1.600000e+01  3.200000e+00  1.000000e+01
      vertex -2.476336e+01  9.427051e+00  1.000000e+01
      vertex -2.512132e+01  9.121321e+00  1.000000e+01
    endloop
  endfacet
  facet normal  0.000000e+00  0.000000e+00  1.000000e+00
    outer loop
      vertex -1.600000e+01  3.200000e+00  1.000000e+01
      vertex -2.512132e+01  9.121321e+00  1.000000e+01
      vertex -2.542705e+01  8.763356e+00  1.000000e+01
    endloop
  endfacet
  facet normal  0.000000e+00  0.000000e+00  1.000000e+00
    outer loop
      vertex -1.600000e+01  3.200000e+00  1.000000e+01
      vertex -2.542705e+01  8.763356e+00  1.000000e+01
      vertex -2.567302e+01  8.361972e+00  1.000000e+01
    endloop
  endfacet
  facet normal  0.000000e+00  0.000000e+00  1.000000e+00
    outer loop
      vertex -1.600000e+01  3.200000e+00  1.000000e+01
      vertex -2.567302e+01  8.361972e+00  1.000000e+01
      vertex -2.585317e+01  7.927051e+00  1.000000e+01
    endloop
  endfacet
  facet normal  0.000000e+00  0.000000e+00  1.000000e+00
    outer loop
      vertex -1.600000e+01  3.200000e+00  1.000000e+01
      vertex -2.585317e+01  7.927051e+00  1.000000e+01
      vertex -2.596306e+01  7.469304e+00  1.000000e+01
    endloop
  endfacet
  facet normal  0.000000e+00  0.000000e+00  1.000000e+00
    outer loop
      vertex -1.600000e+01  3.200000e+00  1.000000e+01
      vertex -2.596306e+01  7.469304e+00  1.000000e+01
      vertex -2.600000e+01  7.000000e+00  1.000000e+01
    endloop
  endfacet
  facet normal  0.000000e+00  0.000000e+00  1.000000e+00
    outer loop
      vertex  2.600000e+01 -7.000000e+00  1.000000e+01
      vertex  1.858885e+01  1.880913e+00  1.000000e+01
      vertex  1.885122e+01  1.452770e+00  1.000000e+01
    endloop
  endfacet
  facet normal  0.000000e+00  0.000000e+00  1.000000e+00
    outer loop
      vertex  2.600000e+01 -7.000000e+00  1.000000e+01
      vertex  1.885122e+01  1.452770e+00  1.000000e+01
      vertex  1.904338e+01  9.888544e-01  1.000000e+01
    endloop
  endfacet
  facet normal  0.000000e+00  0.000000e+00  1.000000e+00
    outer loop
      vertex  2.600000e+01 -7.000000e+00  1.000000e+01
      vertex  1.904338e+01  9.888544e-01  1.000000e+01
      vertex  1.916060e+01  5.005903e-01  1.000000e+01
    endloop
  endfacet
  facet normal  0.000000e+00  0.000000e+00  1.000000e+00
    outer loop
      vertex  2.600000e+01 -7.000000e+00  1.000000e+01
      vertex  1.916060e+01  5.005903e-01  1.000000e+01
      vertex  1.920000e+01  0.000000e+00  1.000000e+01
    endloop
  endfacet
  facet normal  0.000000e+00  0.000000e+00  1.000000e+00
    outer loop
      vertex  2.600000e+01 -7.000000e+00  1.000000e+01
      vertex  1.920000e+01  0.000000e+00  1.000000e+01
      vertex  1.916060e+01 -5.005903e-01  1.000000e+01
    endloop
  endfacet
  facet normal  0.000000e+00  0.000000e+00  1.000000e+00
    outer loop
      vertex  2.600000e+01 -7.000000e+00  1.000000e+01
      vertex  1.916060e+01 -5.005903e-01  1.000000e+01
      vertex  1.904338e+01 -9.888544e-01  1.000000e+01
    endloop
  endfacet
  facet normal  0.000000e+00  0.000000e+00  9.999999e-01
    outer loop
      vertex  2.600000e+01 -7.000000e+00  1.000000e+01
      vertex  1.904338e+01 -9.888544e-01  1.000000e+01
      vertex  1.885122e+01 -1.452770e+00  1.000000e+01
    endloop
  endfacet
  facet normal  0.000000e+00  0.000000e+00  1.000000e+00
    outer loop
      vertex  2.600000e+01 -7.000000e+00  1.000000e+01
      vertex  1.885122e+01 -1.452770e+00  1.000000e+01
      vertex  1.858885e+01 -1.880913e+00  1.000000e+01
    endloop
  endfacet
  facet normal  0.000000e+00  0.000000e+00  1.000000e+00
    outer loop
      vertex  2.600000e+01 -7.000000e+00  1.000000e+01
      vertex  1.858885e+01 -1.880913e+00  1.000000e+01
      vertex  1.826274e+01 -2.262742e+00  1.000000e+01
    endloop
  endfacet
  facet normal  0.000000e+00  0.000000e+00  1.000000e+00
    outer loop
      vertex  2.600000e+01 -7.000000e+00  1.000000e+01
      vertex  1.826274e+01 -2.262742e+00  1.000000e+01
      vertex  1.788091e+01 -2.588854e+00  1.000000e+01
    endloop
  endfacet
  facet normal  0.000000e+00  0.000000e+00  1.000000e+00
    outer loop
      vertex  2.600000e+01 -7.000000e+00  1.000000e+01
      vertex  1.788091e+01 -2.588854e+00  1.000000e+01
      vertex  1.745277e+01 -2.851221e+00  1.000000e+01
    endloop
  endfacet
  facet normal  0.000000e+00  0.000000e+00  9.999999e-01
    outer loop
      vertex  2.600000e+01 -7.000000e+00  1.000000e+01
      vertex  1.745277e+01 -2.851221e+00  1.000000e+01
      vertex  1.698885e+01 -3.043381e+00  1.000000e+01
    endloop
  endfacet
  facet normal  0.000000e+00  0.000000e+00  1.000000e+00
    outer loop
      vertex  2.600000e+01 -7.000000e+00  1.000000e+01
      vertex  1.698885e+01 -3.043381e+00  1.000000e+01
      vertex  1.650059e+01 -3.160603e+00  1.000000e+01
    endloop
  endfacet
  facet normal  0.000000e+00  0.000000e+00  1.000000e+00
    outer loop
      vertex  2.600000e+01 -7.000000e+00  1.000000e+01
      vertex  1.650059e+01 -3.160603e+00  1.000000e+01
      vertex  1.600000e+01 -3.200000e+00  1.000000e+01
    endloop
  endfacet
  facet normal  -0.000000e+00  0.000000e+00  1.000000e+00
    outer loop
      vertex  2.600000e+01  7.000000e+00  1.000000e+01
      vertex  1.600000e+01  3.200000e+00  1.000000e+01
      vertex  1.650059e+01  3.160603e+00  1.000000e+01
    endloop
  endfacet
  facet normal  -0.000000e+00  0.000000e+00  1.000000e+00
    outer loop
      vertex  2.600000e+01  7.000000e+00  1.000000e+01
      vertex  1.650059e+01  3.160603e+00  1.000000e+01
      vertex  1.698885e+01  3.043381e+00  1.000000e+01
    endloop
  endfacet
  facet normal  -0.000000e+00  0.000000e+00  9.999999e-01
    outer loop
      vertex  2.600000e+01  7.000000e+00  1.000000e+01
      vertex  1.698885e+01  3.043381e+00  1.000000e+01
      vertex  1.745277e+01  2.851221e+00  1.000000e+01
    endloop
  endfacet
  facet normal  -0.000000e+00  0.000000e+00  1.000000e+00
    outer loop
      vertex  2.600000e+01  7.000000e+00  1.000000e+01
      vertex  1.745277e+01  2.851221e+00  1.000000e+01
      vertex  1.788091e+01  2.588854e+00  1.000000e+01
    endloop
  endfacet
  facet normal  -0.000000e+00  0.000000e+00  1.000000e+00
    outer loop
      vertex  2.600000e+01  7.000000e+00  1.000000e+01
      vertex  1.788091e+01  2.588854e+00  1.000000e+01
      vertex  1.826274e+01  2.262742e+00  1.000000e+01
    endloop
  endfacet
  facet normal  -0.000000e+00  0.000000e+00  1.000000e+00
    outer loop
      vertex  2.600000e+01  7.000000e+00  1.000000e+01
      vertex  1.826274e+01  2.262742e+00  1.000000e+01
      vertex  1.858885e+01  1.880913e+00  1.000000e+01
    endloop
  endfacet
  facet normal  -0.000000e+00  0.000000e+00  1.000000e+00
    outer loop
      vertex  2.600000e+01  7.000000e+00  1.000000e+01
      vertex  1.858885e+01  1.880913e+00  1.000000e+01
      vertex  2.600000e+01 -7.000000e+00  1.000000e+01
    endloop
  endfacet
  facet normal  0.000000e+00  0.000000e+00  1.000000e+00
    outer loop
      vertex  1.600000e+01  3.200000e+00  1.000000e+01
      vertex  2.600000e+01  7.000000e+00  1.000000e+01
      vertex  2.596306e+01  7.469304e+00  1.000000e+01
    endloop
  endfacet
  facet normal  0.000000e+00  0.000000e+00  1.000000e+00
    outer loop
      vertex  1.600000e+01  3.200000e+00  1.000000e+01
      vertex  2.596306e+01  7.469304e+00  1.000000e+01
      vertex  2.585317e+01  7.927051e+00  1.000000e+01
    endloop
  endfacet
  facet normal  0.000000e+00  0.000000e+00  9.999999e-01
    outer loop
      vertex  1.600000e+01  3.200000e+00  1.000000e+01
      vertex  2.585317e+01  7.927051e+00  1.000000e+01
      vertex  2.567302e+01  8.361972e+00  1.000000e+01
    endloop
  endfacet
  facet normal  0.000000e+00  0.000000e+00  1.000000e+00
    outer loop
      vertex  1.600000e+01  3.200000e+00  1.000000e+01
      vertex  2.567302e+01  8.361972e+00  1.000000e+01
      vertex  2.542705e+01  8.763356e+00  1.000000e+01
    endloop
  endfacet
  facet normal  0.000000e+00  0.000000e+00  1.000000e+00
    outer loop
      vertex  1.600000e+01  3.200000e+00  1.000000e+01
      vertex  2.542705e+01  8.763356e+00  1.000000e+01
      vertex  2.512132e+01  9.121321e+00  1.000000e+01
    endloop
  endfacet
  facet normal  0.000000e+00  0.000000e+00  1.000000e+00
    outer loop
      vertex  1.600000e+01  3.200000e+00  1.000000e+01
      vertex  2.512132e+01  9.121321e+00  1.000000e+01
      vertex  2.476336e+01  9.427051e+00  1.000000e+01
    endloop
  endfacet
  facet normal  0.000000e+00  0.000000e+00  1.000000e+00
    outer loop
      vertex  1.600000e+01  3.200000e+00  1.000000e+01
      vertex  2.476336e+01  9.427051e+00  1.000000e+01
      vertex  2.436197e+01  9.673019e+00  1.000000e+01
    endloop
  endfacet
  facet normal  0.000000e+00  0.000000e+00  1.000000e+00
    outer loop
      vertex  1.600000e+01  3.200000e+00  1.000000e+01
      vertex  2.436197e+01  9.673019e+00  1.000000e+01
      vertex  2.392705e+01  9.853169e+00  1.000000e+01
    endloop
  endfacet
  facet normal  0.000000e+00  0.000000e+00  1.000000e+00
    outer loop
      vertex  1.600000e+01  3.200000e+00  1.000000e+01
      vertex  2.392705e+01  9.853169e+00  1.000000e+01
      vertex  2.346930e+01  9.963065e+00  1.000000e+01
    endloop
  endfacet
  facet normal  0.000000e+00  0.000000e+00  1.000000e+00
    outer loop
      vertex  1.600000e+01  3.200000e+00  1.000000e+01
      vertex  2.346930e+01  9.963065e+00  1.000000e+01
      vertex  2.300000e+01  1.000000e+01  1.000000e+01
    endloop
  endfacet
  facet normal  0.000000e+00  0.000000e+00  1.000000e+00
    outer loop
      vertex  2.300000e+01 -1.000000e+01  1.000000e+01
      vertex  1.600000e+01 -3.200000e+00  1.000000e+01
      vertex -2.300000e+01 -1.000000e+01  1.000000e+01
    endloop
  endfacet
  facet normal  0.000000e+00  0.000000e+00  9.999999e-01
    outer loop
      vertex -2.300000e+01 -1.000000e+01  1.000000e+01
      vertex  1.600000e+01 -3.200000e+00  1.000000e+01
      vertex -5.878305e-16 -3.200000e+00  1.000000e+01
    endloop
  endfacet
  facet normal  0.000000e+00  0.000000e+00  1.000000e+00
    outer loop
      vertex -2.300000e+01 -1.000000e+01  1.000000e+01
      vertex -5.878305e-16 -3.200000e+00  1.000000e+01
      vertex -2.600000e+01 -7.000000e+00  1.000000e+01
    endloop
  endfacet
  facet normal  0.000000e+00  0.000000e+00  9.999999e-01
    outer loop
      vertex -2.600000e+01 -7.000000e+00  1.000000e+01
      vertex -5.878305e-16 -3.200000e+00  1.000000e+01
      vertex -1.600000e+01 -3.200000e+00  1.000000e+01
    endloop
  endfacet
  facet normal  -0.000000e+00  0.000000e+00  1.000000e+00
    outer loop
      vertex  1.959435e-16  3.200000e+00  1.000000e+01
      vertex -1.600000e+01  3.200000e+00  1.000000e+01
      vertex -5.005903e-01  3.160603e+00  1.000000e+01
    endloop
  endfacet
  facet normal  0.000000e+00  0.000000e+00  9.999999e-01
    outer loop
      vertex -5.005903e-01  3.160603e+00  1.000000e+01
      vertex -1.600000e+01  3.200000e+00  1.000000e+01
      vertex -1.549941e+01  3.160603e+00  1.000000e+01
    endloop
  endfacet
  facet normal  -0.000000e+00  0.000000e+00  1.000000e+00
    outer loop
      vertex -5.005903e-01  3.160603e+00  1.000000e+01
      vertex -1.549941e+01  3.160603e+00  1.000000e+01
      vertex -9.888544e-01  3.043381e+00  1.000000e+01
    endloop
  endfacet
  facet normal  0.000000e+00  0.000000e+00  1.000000e+00
    outer loop
      vertex -9.888544e-01  3.043381e+00  1.000000e+01
      vertex -1.549941e+01  3.160603e+00  1.000000e+01
      vertex -1.501115e+01  3.043381e+00  1.000000e+01
    endloop
  endfacet
  facet normal  -0.000000e+00  0.000000e+00  1.000000e+00
    outer loop
      vertex -9.888544e-01  3.043381e+00  1.000000e+01
      vertex -1.501115e+01  3.043381e+00  1.000000e+01
      vertex -1.452770e+00  2.851221e+00  1.000000e+01
    endloop
  endfacet
  facet normal  0.000000e+00  0.000000e+00  1.000000e+00
    outer loop
      vertex -1.452770e+00  2.851221e+00  1.000000e+01
      vertex -1.501115e+01  3.043381e+00  1.000000e+01
      vertex -1.454723e+01  2.851221e+00  1.000000e+01
    endloop
  endfacet
  facet normal  -0.000000e+00  0.000000e+00  1.000000e+00
    outer loop
      vertex -1.452770e+00  2.851221e+00  1.000000e+01
      vertex -1.454723e+01  2.851221e+00  1.000000e+01
      vertex -1.880913e+00  2.588854e+00  1.000000e+01
    endloop
  endfacet
  facet normal  0.000000e+00  0.000000e+00  1.000000e+00
    outer loop
      vertex -1.880913e+00  2.588854e+00  1.000000e+01
      vertex -1.454723e+01  2.851221e+00  1.000000e+01
      vertex -1.411909e+01  2.588854e+00  1.000000e+01
    endloop
  endfacet
  facet normal  -0.000000e+00  0.000000e+00  1.000000e+00
    outer loop
      vertex -1.880913e+00  2.588854e+00  1.000000e+01
      vertex -1.411909e+01  2.588854e+00  1.000000e+01
      vertex -2.262742e+00  2.262742e+00  1.000000e+01
    endloop
  endfacet
  facet normal  0.000000e+00  0.000000e+00  9.999999e-01
    outer loop
      vertex -2.262742e+00  2.262742e+00  1.000000e+01
      vertex -1.411909e+01  2.588854e+00  1.000000e+01
      vertex -1.373726e+01  2.262742e+00  1.000000e+01
    endloop
  endfacet
  facet normal  -0.000000e+00  0.000000e+00  1.000000e+00
    outer loop
      vertex -2.262742e+00  2.262742e+00  1.000000e+01
      vertex -1.373726e+01  2.262742e+00  1.000000e+01
      vertex -2.588854e+00  1.880913e+00  1.000000e+01
    endloop
  endfacet
  facet normal  0.000000e+00  0.000000e+00  1.000000e+00
    outer loop
      vertex -2.588854e+00  1.880913e+00  1.000000e+01
      vertex -1.373726e+01  2.262742e+00  1.000000e+01
      vertex -1.341115e+01  1.880913e+00  1.000000e+01
    endloop
  endfacet
  facet normal  -0.000000e+00  0.000000e+00  1.000000e+00
    outer loop
      vertex -2.588854e+00  1.880913e+00  1.000000e+01
      vertex -1.341115e+01  1.880913e+00  1.000000e+01
      vertex -2.851221e+00  1.452770e+00  1.000000e+01
    endloop
  endfacet
  facet normal  0.000000e+00  0.000000e+00  1.000000e+00
    outer loop
      vertex -2.851221e+00  1.452770e+00  1.000000e+01
      vertex -1.341115e+01  1.880913e+00  1.000000e+01
      vertex -1.314878e+01  1.452770e+00  1.000000e+01
    endloop
  endfacet
  facet normal  -0.000000e+00  0.000000e+00  1.000000e+00
    outer loop
      vertex -2.851221e+00  1.452770e+00  1.000000e+01
      vertex -1.314878e+01  1.452770e+00  1.000000e+01
      vertex -3.043381e+00  9.888544e-01  1.000000e+01
    endloop
  endfacet
  facet normal  0.000000e+00  0.000000e+00  1.000000e+00
    outer loop
      vertex -3.043381e+00  9.888544e-01  1.000000e+01
      vertex -1.314878e+01  1.452770e+00  1.000000e+01
      vertex -1.295662e+01  9.888544e-01  1.000000e+01
    endloop
  endfacet
  facet normal  -0.000000e+00  0.000000e+00  1.000000e+00
    outer loop
      vertex -3.043381e+00  9.888544e-01  1.000000e+01
      vertex -1.295662e+01  9.888544e-01  1.000000e+01
      vertex -3.160603e+00  5.005903e-01  1.000000e+01
    endloop
  endfacet
  facet normal  0.000000e+00  0.000000e+00  1.000000e+00
    outer loop
      vertex -3.160603e+00  5.005903e-01  1.000000e+01
      vertex -1.295662e+01  9.888544e-01  1.000000e+01
      vertex -1.283940e+01  5.005903e-01  1.000000e+01
    endloop
  endfacet
  facet normal  -0.000000e+00  0.000000e+00  1.000000e+00
    outer loop
      vertex -3.160603e+00  5.005903e-01  1.000000e+01
      vertex -1.283940e+01  5.005903e-01  1.000000e+01
      vertex -3.200000e+00  3.918870e-16  1.000000e+01
    endloop
  endfacet
  facet normal  0.000000e+00  0.000000e+00  1.000000e+00
    outer loop
      vertex -3.200000e+00  3.918870e-16  1.000000e+01
      vertex -1.283940e+01  5.005903e-01  1.000000e+01
      vertex -1.280000e+01  0.000000e+00  1.000000e+01
    endloop
  endfacet
  facet normal  -0.000000e+00  0.000000e+00  1.000000e+00
    outer loop
      vertex -3.200000e+00  3.918870e-16  1.000000e+01
      vertex -1.280000e+01  0.000000e+00  1.000000e+01
      vertex -3.160603e+00 -5.005903e-01  1.000000e+01
    endloop
  endfacet
  facet normal  0.000000e+00  0.000000e+00  1.000000e+00
    outer loop
      vertex -3.160603e+00 -5.005903e-01  1.000000e+01
      vertex -1.280000e+01  0.000000e+00  1.000000e+01
      vertex -1.283940e+01 -5.005903e-01  1.000000e+01
    endloop
  endfacet
  facet normal  -0.000000e+00  0.000000e+00  1.000000e+00
    outer loop
      vertex -3.160603e+00 -5.005903e-01  1.000000e+01
      vertex -1.283940e+01 -5.005903e-01  1.000000e+01
      vertex -3.043381e+00 -9.888544e-01  1.000000e+01
    endloop
  endfacet
  facet normal  0.000000e+00  0.000000e+00  1.000000e+00
    outer loop
      vertex -3.043381e+00 -9.888544e-01  1.000000e+01
      vertex -1.283940e+01 -5.005903e-01  1.000000e+01
      vertex -1.295662e+01 -9.888544e-01  1.000000e+01
    endloop
  endfacet
  facet normal  -0.000000e+00  0.000000e+00  1.000000e+00
    outer loop
      vertex -3.043381e+00 -9.888544e-01  1.000000e+01
      vertex -1.295662e+01 -9.888544e-01  1.000000e+01
      vertex -2.851221e+00 -1.452770e+00  1.000000e+01
    endloop
  endfacet
  facet normal  0.000000e+00  0.000000e+00  1.000000e+00
    outer loop
      vertex -2.851221e+00 -1.452770e+00  1.000000e+01
      vertex -1.295662e+01 -9.888544e-01  1.000000e+01
      vertex -1.314878e+01 -1.452770e+00  1.000000e+01
    endloop
  endfacet
  facet normal  -0.000000e+00  0.000000e+00  1.000000e+00
    outer loop
      vertex -2.851221e+00 -1.452770e+00  1.000000e+01
      vertex -1.314878e+01 -1.452770e+00  1.000000e+01
      vertex -2.588854e+00 -1.880913e+00  1.000000e+01
    endloop
  endfacet
  facet normal  0.000000e+00  0.000000e+00  1.000000e+00
    outer loop
      vertex -2.588854e+00 -1.880913e+00  1.000000e+01
      vertex -1.314878e+01 -1.452770e+00  1.000000e+01
      vertex -1.341115e+01 -1.880913e+00  1.000000e+01
    endloop
  endfacet
  facet normal  -0.000000e+00  0.000000e+00  1.000000e+00
    outer loop
      vertex -2.588854e+00 -1.880913e+00  1.000000e+01
      vertex -1.341115e+01 -1.880913e+00  1.000000e+01
      vertex -2.262742e+00 -2.262742e+00  1.000000e+01
    endloop
  endfacet
  facet normal  0.000000e+00  0.000000e+00  1.000000e+00
    outer loop
      vertex -2.262742e+00 -2.262742e+00  1.000000e+01
      vertex -1.341115e+01 -1.880913e+00  1.000000e+01
      vertex -1.373726e+01 -2.262742e+00  1.000000e+01
    endloop
  endfacet
  facet normal  -0.000000e+00  0.000000e+00  9.999999e-01
    outer loop
      vertex -2.262742e+00 -2.262742e+00  1.000000e+01
      vertex -1.373726e+01 -2.262742e+00  1.000000e+01
      vertex -1.880913e+00 -2.588854e+00  1.000000e+01
    endloop
  endfacet
  facet normal  0.000000e+00  0.000000e+00  1.000000e+00
    outer loop
      vertex -1.880913e+00 -2.588854e+00  1.000000e+01
      vertex -1.373726e+01 -2.262742e+00  1.000000e+01
      vertex -1.411909e+01 -2.588854e+00  1.000000e+01
    endloop
  endfacet
  facet normal  -0.000000e+00  0.000000e+00  1.000000e+00
    outer loop
      vertex -1.880913e+00 -2.588854e+00  1.000000e+01
      vertex -1.411909e+01 -2.588854e+00  1.000000e+01
      vertex -1.452770e+00 -2.851221e+00  1.000000e+01
    endloop
  endfacet
  facet normal  0.000000e+00  0.000000e+00  1.000000e+00
    outer loop
      vertex -1.452770e+00 -2.851221e+00  1.000000e+01
      vertex -1.411909e+01 -2.588854e+00  1.000000e+01
      vertex -1.454723e+01 -2.851221e+00  1.000000e+01
    endloop
  endfacet
  facet normal  -0.000000e+00  0.000000e+00  1.000000e+00
    outer loop
      vertex -1.452770e+00 -2.851221e+00  1.000000e+01
      vertex -1.454723e+01 -2.851221e+00  1.000000e+01
      vertex -9.888544e-01 -3.043381e+00  1.000000e+01
    endloop
  endfacet
  facet normal  0.000000e+00  0.000000e+00  1.000000e+00
    outer loop
      vertex -9.888544e-01 -3.043381e+00  1.000000e+01
      vertex -1.454723e+01 -2.851221e+00  1.000000e+01
      vertex -1.501115e+01 -3.043381e+00  1.000000e+01
    endloop
  endfacet
  facet normal  -0.000000e+00  0.000000e+00  1.000000e+00
    outer loop
      vertex -9.888544e-01 -3.043381e+00  1.000000e+01
      vertex -1.501115e+01 -3.043381e+00  1.000000e+01
      vertex -5.005903e-01 -3.160603e+00  1.000000e+01
    endloop
  endfacet
  facet normal  0.000000e+00  0.000000e+00  1.000000e+00
    outer loop
      vertex -5.005903e-01 -3.160603e+00  1.000000e+01
      vertex -1.501115e+01 -3.043381e+00  1.000000e+01
      vertex -1.549941e+01 -3.160603e+00  1.000000e+01
    endloop
  endfacet
  facet normal  -0.000000e+00  0.000000e+00  9.999999e-01
    outer loop
      vertex -5.005903e-01 -3.160603e+00  1.000000e+01
      vertex -1.549941e+01 -3.160603e+00  1.000000e+01
      vertex -5.878305e-16 -3.200000e+00  1.000000e+01
    endloop
  endfacet
  facet normal  0.000000e+00  0.000000e+00  1.000000e+00
    outer loop
      vertex -5.878305e-16 -3.200000e+00  1.000000e+01
      vertex -1.549941e+01 -3.160603e+00  1.000000e+01
      vertex -1.600000e+01 -3.200000e+00  1.000000e+01
    endloop
  endfacet
  facet normal  -0.000000e+00  0.000000e+00  1.000000e+00
    outer loop
      vertex  1.600000e+01  3.200000e+00  1.000000e+01
      vertex  1.959435e-16  3.200000e+00  1.000000e+01
      vertex  1.549941e+01  3.160603e+00  1.000000e+01
    endloop
  endfacet
  facet normal  0.000000e+00  0.000000e+00  9.999999e-01
    outer loop
      vertex  1.549941e+01  3.160603e+00  1.000000e+01
      vertex  1.959435e-16  3.200000e+00  1.000000e+01
      vertex  5.005903e-01  3.160603e+00  1.000000e+01
    endloop
  endfacet
  facet normal  -0.000000e+00  0.000000e+00  1.000000e+00
    outer loop
      vertex  1.549941e+01  3.160603e+00  1.000000e+01
      vertex  5.005903e-01  3.160603e+00  1.000000e+01
      vertex  1.501115e+01  3.043381e+00  1.000000e+01
    endloop
  endfacet
  facet normal  0.000000e+00  0.000000e+00  1.000000e+00
    outer loop
      vertex  1.501115e+01  3.043381e+00  1.000000e+01
      vertex  5.005903e-01  3.160603e+00  1.000000e+01
      vertex  9.888544e-01  3.043381e+00  1.000000e+01
    endloop
  endfacet
  facet normal  -0.000000e+00  0.000000e+00  1.000000e+00
    outer loop
      vertex  1.501115e+01  3.043381e+00  1.000000e+01
      vertex  9.888544e-01  3.043381e+00  1.000000e+01
      vertex  1.454723e+01  2.851221e+00  1.000000e+01
    endloop
  endfacet
  facet normal  0.000000e+00  0.000000e+00  1.000000e+00
    outer loop
      vertex  1.454723e+01  2.851221e+00  1.000000e+01
      vertex  9.888544e-01  3.043381e+00  1.000000e+01
      vertex  1.452770e+00  2.851221e+00  1.000000e+01
    endloop
  endfacet
  facet normal  -0.000000e+00  0.000000e+00  1.000000e+00
    outer loop
      vertex  1.454723e+01  2.851221e+00  1.000000e+01
      vertex  1.452770e+00  2.851221e+00  1.000000e+01
      vertex  1.411909e+01  2.588854e+00  1.000000e+01
    endloop
  endfacet
  facet normal  0.000000e+00  0.000000e+00  1.000000e+00
    outer loop
      vertex  1.411909e+01  2.588854e+00  1.000000e+01
      vertex  1.452770e+00  2.851221e+00  1.000000e+01
      vertex  1.880913e+00  2.588854e+00  1.000000e+01
    endloop
  endfacet
  facet normal  -0.000000e+00  0.000000e+00  1.000000e+00
    outer loop
      vertex  1.411909e+01  2.588854e+00  1.000000e+01
      vertex  1.880913e+00  2.588854e+00  1.000000e+01
      vertex  1.373726e+01  2.262742e+00  1.000000e+01
    endloop
  endfacet
  facet normal  0.000000e+00  0.000000e+00  9.999999e-01
    outer loop
      vertex  1.373726e+01  2.262742e+00  1.000000e+01
      vertex  1.880913e+00  2.588854e+00  1.000000e+01
      vertex  2.262742e+00  2.262742e+00  1.000000e+01
    endloop
  endfacet
  facet normal  -0.000000e+00  0.000000e+00  1.000000e+00
    outer loop
      vertex  1.373726e+01  2.262742e+00  1.000000e+01
      vertex  2.262742e+00  2.262742e+00  1.000000e+01
      vertex  1.341115e+01  1.880913e+00  1.000000e+01
    endloop
  endfacet
  facet normal  0.000000e+00  0.000000e+00  1.000000e+00
    outer loop
      vertex  1.341115e+01  1.880913e+00  1.000000e+01
      vertex  2.262742e+00  2.262742e+00  1.000000e+01
      vertex  2.588854e+00  1.880913e+00  1.000000e+01
    endloop
  endfacet
  facet normal  -0.000000e+00  0.000000e+00  1.000000e+00
    outer loop
      vertex  1.341115e+01  1.880913e+00  1.000000e+01
      vertex  2.588854e+00  1.880913e+00  1.000000e+01
      vertex  1.314878e+01  1.452770e+00  1.000000e+01
    endloop
  endfacet
  facet normal  0.000000e+00  0.000000e+00  1.000000e+00
    outer loop
      vertex  1.314878e+01  1.452770e+00  1.000000e+01
      vertex  2.588854e+00  1.880913e+00  1.000000e+01
      vertex  2.851221e+00  1.452770e+00  1.000000e+01
    endloop
  endfacet
  facet normal  -0.000000e+00  0.000000e+00  1.000000e+00
    outer loop
      vertex  1.314878e+01  1.452770e+00  1.000000e+01
      vertex  2.851221e+00  1.452770e+00  1.000000e+01
      vertex  1.295662e+01  9.888544e-01  1.000000e+01
    endloop
  endfacet
  facet normal  0.000000e+00  0.000000e+00  1.000000e+00
    outer loop
      vertex  1.295662e+01  9.888544e-01  1.000000e+01
      vertex  2.851221e+00  1.452770e+00  1.000000e+01
      vertex  3.043381e+00  9.888544e-01  1.000000e+01
    endloop
  endfacet
  facet normal  -0.000000e+00  0.000000e+00  1.000000e+00
    outer loop
      vertex  1.295662e+01  9.888544e-01  1.000000e+01
      vertex  3.043381e+00  9.888544e-01  1.000000e+01
      vertex  1.283940e+01  5.005903e-01  1.000000e+01
    endloop
  endfacet
  facet normal  0.000000e+00  0.000000e+00  1.000000e+00
    outer loop
      vertex  1.283940e+01  5.005903e-01  1.000000e+01
      vertex  3.043381e+00  9.888544e-01  1.000000e+01
      vertex  3.160603e+00  5.005903e-01  1.000000e+01
    endloop
  endfacet
  facet normal  -0.000000e+00  0.000000e+00  1.000000e+00
    outer loop
      vertex  1.283940e+01  5.005903e-01  1.000000e+01
      vertex  3.160603e+00  5.005903e-01  1.000000e+01
      vertex  1.280000e+01  3.918870e-16  1.000000e+01
    endloop
  endfacet
  facet normal  0.000000e+00  0.000000e+00  1.000000e+00
    outer loop
      vertex  1.280000e+01  3.918870e-16  1.000000e+01
      vertex  3.160603e+00  5.005903e-01  1.000000e+01
      vertex  3.200000e+00  0.000000e+00  1.000000e+01
    endloop
  endfacet
  facet normal  -0.000000e+00  0.000000e+00  1.000000e+00
    outer loop
      vertex  1.280000e+01  3.918870e-16  1.000000e+01
      vertex  3.200000e+00  0.000000e+00  1.000000e+01
      vertex  1.283940e+01 -5.005903e-01  1.000000e+01
    endloop
  endfacet
  facet normal  0.000000e+00  0.000000e+00  1.000000e+00
    outer loop
      vertex  1.283940e+01 -5.005903e-01  1.000000e+01
      vertex  3.200000e+00  0.000000e+00  1.000000e+01
      vertex  3.160603e+00 -5.005903e-01  1.000000e+01
    endloop
  endfacet
  facet normal  -0.000000e+00  0.000000e+00  1.000000e+00
    outer loop
      vertex  1.283940e+01 -5.005903e-01  1.000000e+01
      vertex  3.160603e+00 -5.005903e-01  1.000000e+01
      vertex  1.295662e+01 -9.888544e-01  1.000000e+01
    endloop
  endfacet
  facet normal  0.000000e+00  0.000000e+00  1.000000e+00
    outer loop
      vertex  1.295662e+01 -9.888544e-01  1.000000e+01
      vertex  3.160603e+00 -5.005903e-01  1.000000e+01
      vertex  3.043381e+00 -9.888544e-01  1.000000e+01
    endloop
  endfacet
  facet normal  -0.000000e+00  0.000000e+00  1.000000e+00
    outer loop
      vertex  1.295662e+01 -9.888544e-01  1.000000e+01
      vertex  3.043381e+00 -9.888544e-01  1.000000e+01
      vertex  1.314878e+01 -1.452770e+00  1.000000e+01
    endloop
  endfacet
  facet normal  0.000000e+00  0.000000e+00  1.000000e+00
    outer loop
      vertex  1.314878e+01 -1.452770e+00  1.000000e+01
      vertex  3.043381e+00 -9.888544e-01  1.000000e+01
      vertex  2.851221e+00 -1.452770e+00  1.000000e+01
    endloop
  endfacet
  facet normal  -0.000000e+00  0.000000e+00  1.000000e+00
    outer loop
      vertex  1.314878e+01 -1.452770e+00  1.000000e+01
      vertex  2.851221e+00 -1.452770e+00  1.000000e+01
      vertex  1.341115e+01 -1.880913e+00  1.000000e+01
    endloop
  endfacet
  facet normal  0.000000e+00  0.000000e+00  1.000000e+00
    outer loop
      vertex  1.341115e+01 -1.880913e+00  1.000000e+01
      vertex  2.851221e+00 -1.452770e+00  1.000000e+01
      vertex  2.588854e+00 -1.880913e+00  1.000000e+01
    endloop
  endfacet
  facet normal  -0.000000e+00  0.000000e+00  1.000000e+00
    outer loop
      vertex  1.341115e+01 -1.880913e+00  1.000000e+01
      vertex  2.588854e+00 -1.880913e+00  1.000000e+01
      vertex  1.373726e+01 -2.262742e+00  1.000000e+01
    endloop
  endfacet
  facet normal  0.000000e+00  0.000000e+00  1.000000e+00
    outer loop
      vertex  1.373726e+01 -2.262742e+00  1.000000e+01
      vertex  2.588854e+00 -1.880913e+00  1.000000e+01
      vertex  2.262742e+00 -2.262742e+00  1.000000e+01
    endloop
  endfacet
  facet normal  -0.000000e+00  0.000000e+00  9.999999e-01
    outer loop
      vertex  1.373726e+01 -2.262742e+00  1.000000e+01
      vertex  2.262742e+00 -2.262742e+00  1.000000e+01
      vertex  1.411909e+01 -2.588854e+00  1.000000e+01
    endloop
  endfacet
  facet normal  0.000000e+00  0.000000e+00  1.000000e+00
    outer loop
      vertex  1.411909e+01 -2.588854e+00  1.000000e+01
      vertex  2.262742e+00 -2.262742e+00  1.000000e+01
      vertex  1.880913e+00 -2.588854e+00  1.000000e+01
    endloop
  endfacet
  facet normal  -0.000000e+00  0.000000e+00  1.000000e+00
    outer loop
      vertex  1.411909e+01 -2.588854e+00  1.000000e+01
      vertex  1.880913e+00 -2.588854e+00  1.000000e+01
      vertex  1.454723e+01 -2.851221e+00  1.000000e+01
    endloop
  endfacet
  facet normal  0.000000e+00  0.000000e+00  1.000000e+00
    outer loop
      vertex  1.454723e+01 -2.851221e+00  1.000000e+01
      vertex  1.880913e+00 -2.588854e+00  1.000000e+01
      vertex  1.452770e+00 -2.851221e+00  1.000000e+01
    endloop
  endfacet
  facet normal  -0.000000e+00  0.000000e+00  1.000000e+00
    outer loop
      vertex  1.454723e+01 -2.851221e+00  1.000000e+01
      vertex  1.452770e+00 -2.851221e+00  1.000000e+01
      vertex  1.501115e+01 -3.043381e+00  1.000000e+01
    endloop
  endfacet
  facet normal  0.000000e+00  0.000000e+00  1.000000e+00
    outer loop
      vertex  1.501115e+01 -3.043381e+00  1.000000e+01
      vertex  1.452770e+00 -2.851221e+00  1.000000e+01
      vertex  9.888544e-01 -3.043381e+00  1.000000e+01
    endloop
  endfacet
  facet normal  -0.000000e+00  0.000000e+00  1.000000e+00
    outer loop
      vertex  1.501115e+01 -3.043381e+00  1.000000e+01
      vertex  9.888544e-01 -3.043381e+00  1.000000e+01
      vertex  1.549941e+01 -3.160603e+00  1.000000e+01
    endloop
  endfacet
  facet normal  0.000000e+00  0.000000e+00  1.000000e+00
    outer loop
      vertex  1.549941e+01 -3.160603e+00  1.000000e+01
      vertex  9.888544e-01 -3.043381e+00  1.000000e+01
      vertex  5.005903e-01 -3.160603e+00  1.000000e+01
    endloop
  endfacet
  facet normal  -0.000000e+00  0.000000e+00  9.999999e-01
    outer loop
      vertex  1.549941e+01 -3.160603e+00  1.000000e+01
      vertex  5.005903e-01 -3.160603e+00  1.000000e+01
      vertex  1.600000e+01 -3.200000e+00  1.000000e+01
    endloop
  endfacet
  facet normal  0.000000e+00  0.000000e+00  1.000000e+00
    outer loop
      vertex  1.600000e+01 -3.200000e+00  1.000000e+01
      vertex  5.005903e-01 -3.160603e+00  1.000000e+01
      vertex -5.878305e-16 -3.200000e+00  1.000000e+01
    endloop
  endfacet
  facet normal  -0.000000e+00  0.000000e+00  1.000000e+00
    outer loop
      vertex  1.423664e+01  2.427051e+00  9.400000e+00
      vertex  1.373726e+01  2.262742e+00  9.400000e+00
      vertex  1.387868e+01  2.121320e+00  9.400000e+00
    endloop
  endfacet
  facet normal  -0.000000e+00  0.000000e+00  1.000000e+00
    outer loop
      vertex  1.698885e+01  3.043381e+00  9.400000e+00
      vertex  1.600000e+01  3.000000e+00  9.400000e+00
      vertex  1.646930e+01  2.963065e+00  9.400000e+00
    endloop
  endfacet
  facet normal  -0.000000e+00  -0.000000e+00  1.000000e+00
    outer loop
      vertex  1.501115e+01 -3.043381e+00  9.400000e+00
      vertex  1.549941e+01 -3.160603e+00  9.400000e+00
      vertex  1.600000e+01 -3.200000e+00  9.400000e+00
    endloop
  endfacet
  facet normal  0.000000e+00  -0.000000e+00  1.000000e+00
    outer loop
      vertex  1.501115e+01 -3.043381e+00  9.400000e+00
      vertex  1.600000e+01 -3.200000e+00  9.400000e+00
      vertex  1.600000e+01 -3.000000e+00  9.400000e+00
    endloop
  endfacet
  facet normal  0.000000e+00  0.000000e+00  1.000000e+00
    outer loop
      vertex  1.501115e+01 -3.043381e+00  9.400000e+00
      vertex  1.600000e+01 -3.000000e+00  9.400000e+00
      vertex  1.553070e+01 -2.963065e+00  9.400000e+00
    endloop
  endfacet
  facet normal  0.000000e+00  0.000000e+00  1.000000e+00
    outer loop
      vertex  1.501115e+01 -3.043381e+00  9.400000e+00
      vertex  1.553070e+01 -2.963065e+00  9.400000e+00
      vertex  1.507295e+01 -2.853169e+00  9.400000e+00
    endloop
  endfacet
  facet normal  0.000000e+00  0.000000e+00  1.000000e+00
    outer loop
      vertex  1.501115e+01 -3.043381e+00  9.400000e+00
      vertex  1.507295e+01 -2.853169e+00  9.400000e+00
      vertex  1.454723e+01 -2.851221e+00  9.400000e+00
    endloop
  endfacet
  facet normal  0.000000e+00  0.000000e+00  1.000000e+00
    outer loop
      vertex  1.698885e+01  3.043381e+00  9.400000e+00
      vertex  1.650059e+01  3.160603e+00  9.400000e+00
      vertex  1.600000e+01  3.000000e+00  9.400000e+00
    endloop
  endfacet
  facet normal  0.000000e+00  0.000000e+00  1.000000e+00
    outer loop
      vertex  1.600000e+01  3.000000e+00  9.400000e+00
      vertex  1.650059e+01  3.160603e+00  9.400000e+00
      vertex  1.600000e+01  3.200000e+00  9.400000e+00
    endloop
  endfacet
  facet normal  0.000000e+00  0.000000e+00  1.000000e+00
    outer loop
      vertex  1.600000e+01  3.000000e+00  9.400000e+00
      vertex  1.600000e+01  3.200000e+00  9.400000e+00
      vertex  1.501115e+01  3.043381e+00  9.400000e+00
    endloop
  endfacet
  facet normal  0.000000e+00  0.000000e+00  1.000000e+00
    outer loop
      vertex  1.501115e+01  3.043381e+00  9.400000e+00
      vertex  1.600000e+01  3.200000e+00  9.400000e+00
      vertex  1.549941e+01  3.160603e+00  9.400000e+00
    endloop
  endfacet
  facet normal  0.000000e+00  0.000000e+00  1.000000e+00
    outer loop
      vertex  1.373726e+01  2.262742e+00  9.400000e+00
      vertex  1.423664e+01  2.427051e+00  9.400000e+00
      vertex  1.411909e+01  2.588854e+00  9.400000e+00
    endloop
  endfacet
  facet normal  -0.000000e+00  0.000000e+00  9.999999e-01
    outer loop
      vertex  1.411909e+01  2.588854e+00  9.400000e+00
      vertex  1.423664e+01  2.427051e+00  9.400000e+00
      vertex  1.463803e+01  2.673020e+00  9.400000e+00
    endloop
  endfacet
  facet normal  0.000000e+00  0.000000e+00  1.000000e+00
    outer loop
      vertex  1.411909e+01  2.588854e+00  9.400000e+00
      vertex  1.463803e+01  2.673020e+00  9.400000e+00
      vertex  1.454723e+01  2.851221e+00  9.400000e+00
    endloop
  endfacet
  facet normal  -0.000000e+00  0.000000e+00  1.000000e+00
    outer loop
      vertex  1.454723e+01  2.851221e+00  9.400000e+00
      vertex  1.463803e+01  2.673020e+00  9.400000e+00
      vertex  1.507295e+01  2.853169e+00  9.400000e+00
    endloop
  endfacet
  facet normal  0.000000e+00  0.000000e+00  1.000000e+00
    outer loop
      vertex  1.454723e+01  2.851221e+00  9.400000e+00
      vertex  1.507295e+01  2.853169e+00  9.400000e+00
      vertex  1.501115e+01  3.043381e+00  9.400000e+00
    endloop
  endfacet
  facet normal  0.000000e+00  0.000000e+00  1.000000e+00
    outer loop
      vertex  1.501115e+01  3.043381e+00  9.400000e+00
      vertex  1.507295e+01  2.853169e+00  9.400000e+00
      vertex  1.553070e+01  2.963065e+00  9.400000e+00
    endloop
  endfacet
  facet normal  0.000000e+00  -0.000000e+00  1.000000e+00
    outer loop
      vertex  1.501115e+01  3.043381e+00  9.400000e+00
      vertex  1.553070e+01  2.963065e+00  9.400000e+00
      vertex  1.600000e+01  3.000000e+00  9.400000e+00
    endloop
  endfacet
  facet normal  0.000000e+00  0.000000e+00  1.000000e+00
    outer loop
      vertex  1.387868e+01  2.121320e+00  9.400000e+00
      vertex  1.373726e+01  2.262742e+00  9.400000e+00
      vertex  1.357295e+01  1.763356e+00  9.400000e+00
    endloop
  endfacet
  facet normal  0.000000e+00  -0.000000e+00  9.999999e-01
    outer loop
      vertex  1.357295e+01  1.763356e+00  9.400000e+00
      vertex  1.373726e+01  2.262742e+00  9.400000e+00
      vertex  1.341115e+01  1.880913e+00  9.400000e+00
    endloop
  endfacet
  facet normal  0.000000e+00  0.000000e+00  1.000000e+00
    outer loop
      vertex  1.357295e+01  1.763356e+00  9.400000e+00
      vertex  1.341115e+01  1.880913e+00  9.400000e+00
      vertex  1.332698e+01  1.361971e+00  9.400000e+00
    endloop
  endfacet
  facet normal  0.000000e+00  -0.000000e+00  1.000000e+00
    outer loop
      vertex  1.332698e+01  1.361971e+00  9.400000e+00
      vertex  1.341115e+01  1.880913e+00  9.400000e+00
      vertex  1.314878e+01  1.452770e+00  9.400000e+00
    endloop
  endfacet
  facet normal  0.000000e+00  0.000000e+00  9.999999e-01
    outer loop
      vertex  1.332698e+01  1.361971e+00  9.400000e+00
      vertex  1.314878e+01  1.452770e+00  9.400000e+00
      vertex  1.314683e+01  9.270510e-01  9.400000e+00
    endloop
  endfacet
  facet normal  0.000000e+00  -0.000000e+00  1.000000e+00
    outer loop
      vertex  1.314683e+01  9.270510e-01  9.400000e+00
      vertex  1.314878e+01  1.452770e+00  9.400000e+00
      vertex  1.295662e+01  9.888544e-01  9.400000e+00
    endloop
  endfacet
  facet normal  0.000000e+00  0.000000e+00  1.000000e+00
    outer loop
      vertex  1.314683e+01  9.270510e-01  9.400000e+00
      vertex  1.295662e+01  9.888544e-01  9.400000e+00
      vertex  1.303693e+01  4.693034e-01  9.400000e+00
    endloop
  endfacet
  facet normal  0.000000e+00  0.000000e+00  9.999999e-01
    outer loop
      vertex  1.303693e+01  4.693034e-01  9.400000e+00
      vertex  1.295662e+01  9.888544e-01  9.400000e+00
      vertex  1.283940e+01  5.005903e-01  9.400000e+00
    endloop
  endfacet
  facet normal  0.000000e+00  0.000000e+00  1.000000e+00
    outer loop
      vertex  1.303693e+01  4.693034e-01  9.400000e+00
      vertex  1.283940e+01  5.005903e-01  9.400000e+00
      vertex  1.300000e+01  3.673940e-16  9.400000e+00
    endloop
  endfacet
  facet normal  0.000000e+00  0.000000e+00  1.000000e+00
    outer loop
      vertex  1.300000e+01  3.673940e-16  9.400000e+00
      vertex  1.283940e+01  5.005903e-01  9.400000e+00
      vertex  1.280000e+01  3.918870e-16  9.400000e+00
    endloop
  endfacet
  facet normal  0.000000e+00  0.000000e+00  9.999999e-01
    outer loop
      vertex  1.300000e+01  3.673940e-16  9.400000e+00
      vertex  1.280000e+01  3.918870e-16  9.400000e+00
      vertex  1.303693e+01 -4.693034e-01  9.400000e+00
    endloop
  endfacet
  facet normal  0.000000e+00  0.000000e+00  1.000000e+00
    outer loop
      vertex  1.303693e+01 -4.693034e-01  9.400000e+00
      vertex  1.280000e+01  3.918870e-16  9.400000e+00
      vertex  1.283940e+01 -5.005903e-01  9.400000e+00
    endloop
  endfacet
  facet normal  -0.000000e+00  0.000000e+00  1.000000e+00
    outer loop
      vertex  1.303693e+01 -4.693034e-01  9.400000e+00
      vertex  1.283940e+01 -5.005903e-01  9.400000e+00
      vertex  1.314683e+01 -9.270510e-01  9.400000e+00
    endloop
  endfacet
  facet normal  0.000000e+00  0.000000e+00  1.000000e+00
    outer loop
      vertex  1.314683e+01 -9.270510e-01  9.400000e+00
      vertex  1.283940e+01 -5.005903e-01  9.400000e+00
      vertex  1.295662e+01 -9.888544e-01  9.400000e+00
    endloop
  endfacet
  facet normal  -0.000000e+00  0.000000e+00  1.000000e+00
    outer loop
      vertex  1.314683e+01 -9.270510e-01  9.400000e+00
      vertex  1.295662e+01 -9.888544e-01  9.400000e+00
      vertex  1.332698e+01 -1.361971e+00  9.400000e+00
    endloop
  endfacet
  facet normal  0.000000e+00  0.000000e+00  1.000000e+00
    outer loop
      vertex  1.332698e+01 -1.361971e+00  9.400000e+00
      vertex  1.295662e+01 -9.888544e-01  9.400000e+00
      vertex  1.314878e+01 -1.452770e+00  9.400000e+00
    endloop
  endfacet
  facet normal  -0.000000e+00  0.000000e+00  9.999999e-01
    outer loop
      vertex  1.332698e+01 -1.361971e+00  9.400000e+00
      vertex  1.314878e+01 -1.452770e+00  9.400000e+00
      vertex  1.357295e+01 -1.763356e+00  9.400000e+00
    endloop
  endfacet
  facet normal  0.000000e+00  0.000000e+00  1.000000e+00
    outer loop
      vertex  1.357295e+01 -1.763356e+00  9.400000e+00
      vertex  1.314878e+01 -1.452770e+00  9.400000e+00
      vertex  1.341115e+01 -1.880913e+00  9.400000e+00
    endloop
  endfacet
  facet normal  -0.000000e+00  0.000000e+00  1.000000e+00
    outer loop
      vertex  1.357295e+01 -1.763356e+00  9.400000e+00
      vertex  1.341115e+01 -1.880913e+00  9.400000e+00
      vertex  1.387868e+01 -2.121320e+00  9.400000e+00
    endloop
  endfacet
  facet normal  0.000000e+00  0.000000e+00  1.000000e+00
    outer loop
      vertex  1.387868e+01 -2.121320e+00  9.400000e+00
      vertex  1.341115e+01 -1.880913e+00  9.400000e+00
      vertex  1.373726e+01 -2.262742e+00  9.400000e+00
    endloop
  endfacet
  facet normal  -0.000000e+00  0.000000e+00  1.000000e+00
    outer loop
      vertex  1.387868e+01 -2.121320e+00  9.400000e+00
      vertex  1.373726e+01 -2.262742e+00  9.400000e+00
      vertex  1.423664e+01 -2.427051e+00  9.400000e+00
    endloop
  endfacet
  facet normal  0.000000e+00  0.000000e+00  1.000000e+00
    outer loop
      vertex  1.423664e+01 -2.427051e+00  9.400000e+00
      vertex  1.373726e+01 -2.262742e+00  9.400000e+00
      vertex  1.411909e+01 -2.588854e+00  9.400000e+00
    endloop
  endfacet
  facet normal  -0.000000e+00  0.000000e+00  9.999999e-01
    outer loop
      vertex  1.423664e+01 -2.427051e+00  9.400000e+00
      vertex  1.411909e+01 -2.588854e+00  9.400000e+00
      vertex  1.463803e+01 -2.673020e+00  9.400000e+00
    endloop
  endfacet
  facet normal  0.000000e+00  0.000000e+00  1.000000e+00
    outer loop
      vertex  1.454723e+01 -2.851221e+00  9.400000e+00
      vertex  1.507295e+01 -2.853169e+00  9.400000e+00
      vertex  1.411909e+01 -2.588854e+00  9.400000e+00
    endloop
  endfacet
  facet normal  0.000000e+00  0.000000e+00  9.999999e-01
    outer loop
      vertex  1.411909e+01 -2.588854e+00  9.400000e+00
      vertex  1.507295e+01 -2.853169e+00  9.400000e+00
      vertex  1.463803e+01 -2.673020e+00  9.400000e+00
    endloop
  endfacet
  facet normal  -0.000000e+00  0.000000e+00  1.000000e+00
    outer loop
      vertex  1.698885e+01  3.043381e+00  9.400000e+00
      vertex  1.646930e+01  2.963065e+00  9.400000e+00
      vertex  1.745277e+01  2.851221e+00  9.400000e+00
    endloop
  endfacet
  facet normal  0.000000e+00  0.000000e+00  1.000000e+00
    outer loop
      vertex  1.745277e+01  2.851221e+00  9.400000e+00
      vertex  1.646930e+01  2.963065e+00  9.400000e+00
      vertex  1.692705e+01  2.853169e+00  9.400000e+00
    endloop
  endfacet
  facet normal  0.000000e+00  0.000000e+00  1.000000e+00
    outer loop
      vertex  1.745277e+01  2.851221e+00  9.400000e+00
      vertex  1.692705e+01  2.853169e+00  9.400000e+00
      vertex  1.788091e+01  2.588854e+00  9.400000e+00
    endloop
  endfacet
  facet normal  0.000000e+00  0.000000e+00  1.000000e+00
    outer loop
      vertex  1.788091e+01  2.588854e+00  9.400000e+00
      vertex  1.692705e+01  2.853169e+00  9.400000e+00
      vertex  1.736197e+01  2.673020e+00  9.400000e+00
    endloop
  endfacet
  facet normal  0.000000e+00  0.000000e+00  1.000000e+00
    outer loop
      vertex  1.788091e+01  2.588854e+00  9.400000e+00
      vertex  1.736197e+01  2.673020e+00  9.400000e+00
      vertex  1.826274e+01  2.262742e+00  9.400000e+00
    endloop
  endfacet
  facet normal  0.000000e+00  0.000000e+00  9.999999e-01
    outer loop
      vertex  1.826274e+01  2.262742e+00  9.400000e+00
      vertex  1.736197e+01  2.673020e+00  9.400000e+00
      vertex  1.776336e+01  2.427051e+00  9.400000e+00
    endloop
  endfacet
  facet normal  0.000000e+00  0.000000e+00  1.000000e+00
    outer loop
      vertex  1.826274e+01  2.262742e+00  9.400000e+00
      vertex  1.776336e+01  2.427051e+00  9.400000e+00
      vertex  1.812132e+01  2.121320e+00  9.400000e+00
    endloop
  endfacet
  facet normal  -0.000000e+00  0.000000e+00  1.000000e+00
    outer loop
      vertex  1.826274e+01  2.262742e+00  9.400000e+00
      vertex  1.812132e+01  2.121320e+00  9.400000e+00
      vertex  1.858885e+01  1.880913e+00  9.400000e+00
    endloop
  endfacet
  facet normal  0.000000e+00  0.000000e+00  1.000000e+00
    outer loop
      vertex  1.858885e+01  1.880913e+00  9.400000e+00
      vertex  1.812132e+01  2.121320e+00  9.400000e+00
      vertex  1.842705e+01  1.763356e+00  9.400000e+00
    endloop
  endfacet
  facet normal  -0.000000e+00  0.000000e+00  1.000000e+00
    outer loop
      vertex  1.858885e+01  1.880913e+00  9.400000e+00
      vertex  1.842705e+01  1.763356e+00  9.400000e+00
      vertex  1.885122e+01  1.452770e+00  9.400000e+00
    endloop
  endfacet
  facet normal  0.000000e+00  0.000000e+00  1.000000e+00
    outer loop
      vertex  1.885122e+01  1.452770e+00  9.400000e+00
      vertex  1.842705e+01  1.763356e+00  9.400000e+00
      vertex  1.867302e+01  1.361971e+00  9.400000e+00
    endloop
  endfacet
  facet normal  -0.000000e+00  0.000000e+00  1.000000e+00
    outer loop
      vertex  1.885122e+01  1.452770e+00  9.400000e+00
      vertex  1.867302e+01  1.361971e+00  9.400000e+00
      vertex  1.904338e+01  9.888544e-01  9.400000e+00
    endloop
  endfacet
  facet normal  0.000000e+00  0.000000e+00  9.999999e-01
    outer loop
      vertex  1.904338e+01  9.888544e-01  9.400000e+00
      vertex  1.867302e+01  1.361971e+00  9.400000e+00
      vertex  1.885317e+01  9.270510e-01  9.400000e+00
    endloop
  endfacet
  facet normal  -0.000000e+00  0.000000e+00  1.000000e+00
    outer loop
      vertex  1.904338e+01  9.888544e-01  9.400000e+00
      vertex  1.885317e+01  9.270510e-01  9.400000e+00
      vertex  1.916060e+01  5.005903e-01  9.400000e+00
    endloop
  endfacet
  facet normal  0.000000e+00  0.000000e+00  1.000000e+00
    outer loop
      vertex  1.916060e+01  5.005903e-01  9.400000e+00
      vertex  1.885317e+01  9.270510e-01  9.400000e+00
      vertex  1.896306e+01  4.693034e-01  9.400000e+00
    endloop
  endfacet
  facet normal  -0.000000e+00  0.000000e+00  1.000000e+00
    outer loop
      vertex  1.916060e+01  5.005903e-01  9.400000e+00
      vertex  1.896306e+01  4.693034e-01  9.400000e+00
      vertex  1.920000e+01  0.000000e+00  9.400000e+00
    endloop
  endfacet
  facet normal  0.000000e+00  0.000000e+00  1.000000e+00
    outer loop
      vertex  1.920000e+01  0.000000e+00  9.400000e+00
      vertex  1.896306e+01  4.693034e-01  9.400000e+00
      vertex  1.900000e+01  0.000000e+00  9.400000e+00
    endloop
  endfacet
  facet normal  -0.000000e+00  0.000000e+00  1.000000e+00
    outer loop
      vertex  1.920000e+01  0.000000e+00  9.400000e+00
      vertex  1.900000e+01  0.000000e+00  9.400000e+00
      vertex  1.916060e+01 -5.005903e-01  9.400000e+00
    endloop
  endfacet
  facet normal  0.000000e+00  0.000000e+00  1.000000e+00
    outer loop
      vertex  1.916060e+01 -5.005903e-01  9.400000e+00
      vertex  1.900000e+01  0.000000e+00  9.400000e+00
      vertex  1.896306e+01 -4.693034e-01  9.400000e+00
    endloop
  endfacet
  facet normal  0.000000e+00  0.000000e+00  9.999999e-01
    outer loop
      vertex  1.916060e+01 -5.005903e-01  9.400000e+00
      vertex  1.896306e+01 -4.693034e-01  9.400000e+00
      vertex  1.904338e+01 -9.888544e-01  9.400000e+00
    endloop
  endfacet
  facet normal  0.000000e+00  0.000000e+00  1.000000e+00
    outer loop
      vertex  1.904338e+01 -9.888544e-01  9.400000e+00
      vertex  1.896306e+01 -4.693034e-01  9.400000e+00
      vertex  1.885317e+01 -9.270510e-01  9.400000e+00
    endloop
  endfacet
  facet normal  0.000000e+00  0.000000e+00  1.000000e+00
    outer loop
      vertex  1.904338e+01 -9.888544e-01  9.400000e+00
      vertex  1.885317e+01 -9.270510e-01  9.400000e+00
      vertex  1.885122e+01 -1.452770e+00  9.400000e+00
    endloop
  endfacet
  facet normal  0.000000e+00  -0.000000e+00  1.000000e+00
    outer loop
      vertex  1.885122e+01 -1.452770e+00  9.400000e+00
      vertex  1.885317e+01 -9.270510e-01  9.400000e+00
      vertex  1.867302e+01 -1.361971e+00  9.400000e+00
    endloop
  endfacet
  facet normal  0.000000e+00  0.000000e+00  1.000000e+00
    outer loop
      vertex  1.885122e+01 -1.452770e+00  9.400000e+00
      vertex  1.867302e+01 -1.361971e+00  9.400000e+00
      vertex  1.858885e+01 -1.880913e+00  9.400000e+00
    endloop
  endfacet
  facet normal  0.000000e+00  -0.000000e+00  1.000000e+00
    outer loop
      vertex  1.858885e+01 -1.880913e+00  9.400000e+00
      vertex  1.867302e+01 -1.361971e+00  9.400000e+00
      vertex  1.842705e+01 -1.763356e+00  9.400000e+00
    endloop
  endfacet
  facet normal  0.000000e+00  0.000000e+00  1.000000e+00
    outer loop
      vertex  1.858885e+01 -1.880913e+00  9.400000e+00
      vertex  1.842705e+01 -1.763356e+00  9.400000e+00
      vertex  1.826274e+01 -2.262742e+00  9.400000e+00
    endloop
  endfacet
  facet normal  0.000000e+00  -0.000000e+00  1.000000e+00
    outer loop
      vertex  1.826274e+01 -2.262742e+00  9.400000e+00
      vertex  1.842705e+01 -1.763356e+00  9.400000e+00
      vertex  1.812132e+01 -2.121320e+00  9.400000e+00
    endloop
  endfacet
  facet normal  0.000000e+00  0.000000e+00  1.000000e+00
    outer loop
      vertex  1.826274e+01 -2.262742e+00  9.400000e+00
      vertex  1.812132e+01 -2.121320e+00  9.400000e+00
      vertex  1.788091e+01 -2.588854e+00  9.400000e+00
    endloop
  endfacet
  facet normal  0.000000e+00  -0.000000e+00  1.000000e+00
    outer loop
      vertex  1.788091e+01 -2.588854e+00  9.400000e+00
      vertex  1.812132e+01 -2.121320e+00  9.400000e+00
      vertex  1.776336e+01 -2.427051e+00  9.400000e+00
    endloop
  endfacet
  facet normal  0.000000e+00  0.000000e+00  1.000000e+00
    outer loop
      vertex  1.788091e+01 -2.588854e+00  9.400000e+00
      vertex  1.776336e+01 -2.427051e+00  9.400000e+00
      vertex  1.736197e+01 -2.673020e+00  9.400000e+00
    endloop
  endfacet
  facet normal  -0.000000e+00  0.000000e+00  9.999999e-01
    outer loop
      vertex  1.788091e+01 -2.588854e+00  9.400000e+00
      vertex  1.736197e+01 -2.673020e+00  9.400000e+00
      vertex  1.745277e+01 -2.851221e+00  9.400000e+00
    endloop
  endfacet
  facet normal  0.000000e+00  0.000000e+00  1.000000e+00
    outer loop
      vertex  1.745277e+01 -2.851221e+00  9.400000e+00
      vertex  1.736197e+01 -2.673020e+00  9.400000e+00
      vertex  1.692705e+01 -2.853169e+00  9.400000e+00
    endloop
  endfacet
  facet normal  -0.000000e+00  0.000000e+00  1.000000e+00
    outer loop
      vertex  1.745277e+01 -2.851221e+00  9.400000e+00
      vertex  1.692705e+01 -2.853169e+00  9.400000e+00
      vertex  1.698885e+01 -3.043381e+00  9.400000e+00
    endloop
  endfacet
  facet normal  0.000000e+00  0.000000e+00  1.000000e+00
    outer loop
      vertex  1.698885e+01 -3.043381e+00  9.400000e+00
      vertex  1.692705e+01 -2.853169e+00  9.400000e+00
      vertex  1.646930e+01 -2.963065e+00  9.400000e+00
    endloop
  endfacet
  facet normal  0.000000e+00  0.000000e+00  1.000000e+00
    outer loop
      vertex  1.698885e+01 -3.043381e+00  9.400000e+00
      vertex  1.646930e+01 -2.963065e+00  9.400000e+00
      vertex  1.600000e+01 -3.000000e+00  9.400000e+00
    endloop
  endfacet
  facet normal  0.000000e+00  0.000000e+00  1.000000e+00
    outer loop
      vertex  1.600000e+01 -3.200000e+00  9.400000e+00
      vertex  1.650059e+01 -3.160603e+00  9.400000e+00
      vertex  1.600000e+01 -3.000000e+00  9.400000e+00
    endloop
  endfacet
  facet normal  0.000000e+00  0.000000e+00  1.000000e+00
    outer loop
      vertex  1.600000e+01 -3.000000e+00  9.400000e+00
      vertex  1.650059e+01 -3.160603e+00  9.400000e+00
      vertex  1.698885e+01 -3.043381e+00  9.400000e+00
    endloop
  endfacet
  facet normal  0.000000e+00  0.000000e+00  1.000000e+00
    outer loop
      vertex -9.888544e-01  3.043381e+00  9.400000e+00
      vertex -1.452770e+00  2.851221e+00  9.400000e+00
      vertex -2.394801e-01  2.890095e+00  9.400000e+00
    endloop
  endfacet
  facet normal  -0.000000e+00  0.000000e+00  9.999999e-01
    outer loop
      vertex -1.586150e+00  2.427783e+00  9.400000e+00
      vertex -2.262742e+00  2.262742e+00  9.400000e+00
      vertex -1.964117e+00  2.133599e+00  9.400000e+00
    endloop
  endfacet
  facet normal  0.000000e+00  0.000000e+00  1.000000e+00
    outer loop
      vertex -5.878305e-16 -3.200000e+00  9.400000e+00
      vertex -9.888544e-01 -3.043381e+00  9.400000e+00
      vertex -5.005903e-01 -3.160603e+00  9.400000e+00
    endloop
  endfacet
  facet normal  0.000000e+00  -0.000000e+00  9.999999e-01
    outer loop
      vertex -5.878305e-16 -3.200000e+00  9.400000e+00
      vertex  5.005903e-01 -3.160603e+00  9.400000e+00
      vertex  9.888544e-01 -3.043381e+00  9.400000e+00
    endloop
  endfacet
  facet normal  0.000000e+00  -0.000000e+00  1.000000e+00
    outer loop
      vertex -1.452770e+00 -2.851221e+00  9.400000e+00
      vertex -9.888544e-01 -3.043381e+00  9.400000e+00
      vertex -2.394801e-01 -2.890095e+00  9.400000e+00
    endloop
  endfacet
  facet normal  0.000000e+00  0.000000e+00  1.000000e+00
    outer loop
      vertex -2.394801e-01 -2.890095e+00  9.400000e+00
      vertex -9.888544e-01 -3.043381e+00  9.400000e+00
      vertex -5.878305e-16 -3.200000e+00  9.400000e+00
    endloop
  endfacet
  facet normal  0.000000e+00  -0.000000e+00  1.000000e+00
    outer loop
      vertex -2.394801e-01 -2.890095e+00  9.400000e+00
      vertex -5.878305e-16 -3.200000e+00  9.400000e+00
      vertex  2.394801e-01 -2.890095e+00  9.400000e+00
    endloop
  endfacet
  facet normal  0.000000e+00  0.000000e+00  1.000000e+00
    outer loop
      vertex  2.394801e-01 -2.890095e+00  9.400000e+00
      vertex -5.878305e-16 -3.200000e+00  9.400000e+00
      vertex  9.888544e-01 -3.043381e+00  9.400000e+00
    endloop
  endfacet
  facet normal  0.000000e+00  -0.000000e+00  1.000000e+00
    outer loop
      vertex  2.394801e-01 -2.890095e+00  9.400000e+00
      vertex  9.888544e-01 -3.043381e+00  9.400000e+00
      vertex  1.452770e+00 -2.851221e+00  9.400000e+00
    endloop
  endfacet
  facet normal  0.000000e+00  0.000000e+00  1.000000e+00
    outer loop
      vertex -5.005903e-01  3.160603e+00  9.400000e+00
      vertex -9.888544e-01  3.043381e+00  9.400000e+00
      vertex  1.959435e-16  3.200000e+00  9.400000e+00
    endloop
  endfacet
  facet normal  0.000000e+00  0.000000e+00  1.000000e+00
    outer loop
      vertex  1.959435e-16  3.200000e+00  9.400000e+00
      vertex -9.888544e-01  3.043381e+00  9.400000e+00
      vertex -2.394801e-01  2.890095e+00  9.400000e+00
    endloop
  endfacet
  facet normal  0.000000e+00  0.000000e+00  1.000000e+00
    outer loop
      vertex  1.959435e-16  3.200000e+00  9.400000e+00
      vertex -2.394801e-01  2.890095e+00  9.400000e+00
      vertex  2.394801e-01  2.890095e+00  9.400000e+00
    endloop
  endfacet
  facet normal  0.000000e+00  0.000000e+00  1.000000e+00
    outer loop
      vertex  5.005903e-01  3.160603e+00  9.400000e+00
      vertex  1.959435e-16  3.200000e+00  9.400000e+00
      vertex  9.888544e-01  3.043381e+00  9.400000e+00
    endloop
  endfacet
  facet normal  0.000000e+00  0.000000e+00  1.000000e+00
    outer loop
      vertex  9.888544e-01  3.043381e+00  9.400000e+00
      vertex  1.959435e-16  3.200000e+00  9.400000e+00
      vertex  2.394801e-01  2.890095e+00  9.400000e+00
    endloop
  endfacet
  facet normal  -0.000000e+00  0.000000e+00  1.000000e+00
    outer loop
      vertex  9.888544e-01  3.043381e+00  9.400000e+00
      vertex  2.394801e-01  2.890095e+00  9.400000e+00
      vertex  1.452770e+00  2.851221e+00  9.400000e+00
    endloop
  endfacet
  facet normal  0.000000e+00  0.000000e+00  1.000000e+00
    outer loop
      vertex  1.452770e+00  2.851221e+00  9.400000e+00
      vertex  2.394801e-01  2.890095e+00  9.400000e+00
      vertex  7.119079e-01  2.811261e+00  9.400000e+00
    endloop
  endfacet
  facet normal  0.000000e+00  0.000000e+00  1.000000e+00
    outer loop
      vertex -2.262742e+00  2.262742e+00  9.400000e+00
      vertex -1.586150e+00  2.427783e+00  9.400000e+00
      vertex -1.880913e+00  2.588854e+00  9.400000e+00
    endloop
  endfacet
  facet normal  -0.000000e+00  0.000000e+00  1.000000e+00
    outer loop
      vertex -1.880913e+00  2.588854e+00  9.400000e+00
      vertex -1.586150e+00  2.427783e+00  9.400000e+00
      vertex -1.164917e+00  2.655743e+00  9.400000e+00
    endloop
  endfacet
  facet normal  0.000000e+00  0.000000e+00  9.999999e-01
    outer loop
      vertex -1.880913e+00  2.588854e+00  9.400000e+00
      vertex -1.164917e+00  2.655743e+00  9.400000e+00
      vertex -1.452770e+00  2.851221e+00  9.400000e+00
    endloop
  endfacet
  facet normal  0.000000e+00  0.000000e+00  1.000000e+00
    outer loop
      vertex -1.452770e+00  2.851221e+00  9.400000e+00
      vertex -1.164917e+00  2.655743e+00  9.400000e+00
      vertex -7.119079e-01  2.811261e+00  9.400000e+00
    endloop
  endfacet
  facet normal  0.000000e+00  -0.000000e+00  1.000000e+00
    outer loop
      vertex -1.452770e+00  2.851221e+00  9.400000e+00
      vertex -7.119079e-01  2.811261e+00  9.400000e+00
      vertex -2.394801e-01  2.890095e+00  9.400000e+00
    endloop
  endfacet
  facet normal  0.000000e+00  0.000000e+00  1.000000e+00
    outer loop
      vertex -1.964117e+00  2.133599e+00  9.400000e+00
      vertex -2.262742e+00  2.262742e+00  9.400000e+00
      vertex -2.288507e+00  1.781217e+00  9.400000e+00
    endloop
  endfacet
  facet normal  0.000000e+00  -0.000000e+00  1.000000e+00
    outer loop
      vertex -2.288507e+00  1.781217e+00  9.400000e+00
      vertex -2.262742e+00  2.262742e+00  9.400000e+00
      vertex -2.588854e+00  1.880913e+00  9.400000e+00
    endloop
  endfacet
  facet normal  0.000000e+00  0.000000e+00  1.000000e+00
    outer loop
      vertex -2.288507e+00  1.781217e+00  9.400000e+00
      vertex -2.588854e+00  1.880913e+00  9.400000e+00
      vertex -2.550474e+00  1.380247e+00  9.400000e+00
    endloop
  endfacet
  facet normal  0.000000e+00  0.000000e+00  1.000000e+00
    outer loop
      vertex -2.550474e+00  1.380247e+00  9.400000e+00
      vertex -2.588854e+00  1.880913e+00  9.400000e+00
      vertex -2.851221e+00  1.452770e+00  9.400000e+00
    endloop
  endfacet
  facet normal  0.000000e+00  0.000000e+00  1.000000e+00
    outer loop
      vertex -2.550474e+00  1.380247e+00  9.400000e+00
      vertex -2.851221e+00  1.452770e+00  9.400000e+00
      vertex -2.742870e+00  9.416285e-01  9.400000e+00
    endloop
  endfacet
  facet normal  0.000000e+00  0.000000e+00  1.000000e+00
    outer loop
      vertex -2.742870e+00  9.416285e-01  9.400000e+00
      vertex -2.851221e+00  1.452770e+00  9.400000e+00
      vertex -3.043381e+00  9.888544e-01  9.400000e+00
    endloop
  endfacet
  facet normal  0.000000e+00  0.000000e+00  1.000000e+00
    outer loop
      vertex -2.742870e+00  9.416285e-01  9.400000e+00
      vertex -3.043381e+00  9.888544e-01  9.400000e+00
      vertex -2.860448e+00  4.773243e-01  9.400000e+00
    endloop
  endfacet
  facet normal  0.000000e+00  0.000000e+00  1.000000e+00
    outer loop
      vertex -2.860448e+00  4.773243e-01  9.400000e+00
      vertex -3.043381e+00  9.888544e-01  9.400000e+00
      vertex -3.160603e+00  5.005903e-01  9.400000e+00
    endloop
  endfacet
  facet normal  0.000000e+00  0.000000e+00  1.000000e+00
    outer loop
      vertex -2.860448e+00  4.773243e-01  9.400000e+00
      vertex -3.160603e+00  5.005903e-01  9.400000e+00
      vertex -2.900000e+00  3.551476e-16  9.400000e+00
    endloop
  endfacet
  facet normal  0.000000e+00  0.000000e+00  9.999999e-01
    outer loop
      vertex -2.900000e+00  3.551476e-16  9.400000e+00
      vertex -3.160603e+00  5.005903e-01  9.400000e+00
      vertex -3.200000e+00  3.918870e-16  9.400000e+00
    endloop
  endfacet
  facet normal  0.000000e+00  0.000000e+00  1.000000e+00
    outer loop
      vertex -2.900000e+00  3.551476e-16  9.400000e+00
      vertex -3.200000e+00  3.918870e-16  9.400000e+00
      vertex -2.860448e+00 -4.773243e-01  9.400000e+00
    endloop
  endfacet
  facet normal  0.000000e+00  0.000000e+00  1.000000e+00
    outer loop
      vertex -2.860448e+00 -4.773243e-01  9.400000e+00
      vertex -3.200000e+00  3.918870e-16  9.400000e+00
      vertex -3.160603e+00 -5.005903e-01  9.400000e+00
    endloop
  endfacet
  facet normal  -0.000000e+00  0.000000e+00  1.000000e+00
    outer loop
      vertex -2.860448e+00 -4.773243e-01  9.400000e+00
      vertex -3.160603e+00 -5.005903e-01  9.400000e+00
      vertex -2.742870e+00 -9.416285e-01  9.400000e+00
    endloop
  endfacet
  facet normal  0.000000e+00  0.000000e+00  9.999999e-01
    outer loop
      vertex -2.742870e+00 -9.416285e-01  9.400000e+00
      vertex -3.160603e+00 -5.005903e-01  9.400000e+00
      vertex -3.043381e+00 -9.888544e-01  9.400000e+00
    endloop
  endfacet
  facet normal  -0.000000e+00  0.000000e+00  1.000000e+00
    outer loop
      vertex -2.742870e+00 -9.416285e-01  9.400000e+00
      vertex -3.043381e+00 -9.888544e-01  9.400000e+00
      vertex -2.550474e+00 -1.380247e+00  9.400000e+00
    endloop
  endfacet
  facet normal  0.000000e+00  0.000000e+00  1.000000e+00
    outer loop
      vertex -2.550474e+00 -1.380247e+00  9.400000e+00
      vertex -3.043381e+00 -9.888544e-01  9.400000e+00
      vertex -2.851221e+00 -1.452770e+00  9.400000e+00
    endloop
  endfacet
  facet normal  -0.000000e+00  0.000000e+00  1.000000e+00
    outer loop
      vertex -2.550474e+00 -1.380247e+00  9.400000e+00
      vertex -2.851221e+00 -1.452770e+00  9.400000e+00
      vertex -2.288507e+00 -1.781217e+00  9.400000e+00
    endloop
  endfacet
  facet normal  0.000000e+00  0.000000e+00  1.000000e+00
    outer loop
      vertex -2.288507e+00 -1.781217e+00  9.400000e+00
      vertex -2.851221e+00 -1.452770e+00  9.400000e+00
      vertex -2.588854e+00 -1.880913e+00  9.400000e+00
    endloop
  endfacet
  facet normal  -0.000000e+00  0.000000e+00  1.000000e+00
    outer loop
      vertex -2.288507e+00 -1.781217e+00  9.400000e+00
      vertex -2.588854e+00 -1.880913e+00  9.400000e+00
      vertex -1.964117e+00 -2.133599e+00  9.400000e+00
    endloop
  endfacet
  facet normal  0.000000e+00  0.000000e+00  1.000000e+00
    outer loop
      vertex -1.964117e+00 -2.133599e+00  9.400000e+00
      vertex -2.588854e+00 -1.880913e+00  9.400000e+00
      vertex -2.262742e+00 -2.262742e+00  9.400000e+00
    endloop
  endfacet
  facet normal  -0.000000e+00  0.000000e+00  9.999999e-01
    outer loop
      vertex -1.964117e+00 -2.133599e+00  9.400000e+00
      vertex -2.262742e+00 -2.262742e+00  9.400000e+00
      vertex -1.586150e+00 -2.427783e+00  9.400000e+00
    endloop
  endfacet
  facet normal  0.000000e+00  0.000000e+00  1.000000e+00
    outer loop
      vertex -1.586150e+00 -2.427783e+00  9.400000e+00
      vertex -2.262742e+00 -2.262742e+00  9.400000e+00
      vertex -1.880913e+00 -2.588854e+00  9.400000e+00
    endloop
  endfacet
  facet normal  -0.000000e+00  0.000000e+00  1.000000e+00
    outer loop
      vertex -1.586150e+00 -2.427783e+00  9.400000e+00
      vertex -1.880913e+00 -2.588854e+00  9.400000e+00
      vertex -1.164917e+00 -2.655743e+00  9.400000e+00
    endloop
  endfacet
  facet normal  0.000000e+00  0.000000e+00  1.000000e+00
    outer loop
      vertex -1.164917e+00 -2.655743e+00  9.400000e+00
      vertex -1.880913e+00 -2.588854e+00  9.400000e+00
      vertex -7.119079e-01 -2.811261e+00  9.400000e+00
    endloop
  endfacet
  facet normal  0.000000e+00  0.000000e+00  1.000000e+00
    outer loop
      vertex -7.119079e-01 -2.811261e+00  9.400000e+00
      vertex -1.880913e+00 -2.588854e+00  9.400000e+00
      vertex -1.452770e+00 -2.851221e+00  9.400000e+00
    endloop
  endfacet
  facet normal  -0.000000e+00  0.000000e+00  1.000000e+00
    outer loop
      vertex -7.119079e-01 -2.811261e+00  9.400000e+00
      vertex -1.452770e+00 -2.851221e+00  9.400000e+00
      vertex -2.394801e-01 -2.890095e+00  9.400000e+00
    endloop
  endfacet
  facet normal  -0.000000e+00  0.000000e+00  1.000000e+00
    outer loop
      vertex  1.452770e+00  2.851221e+00  9.400000e+00
      vertex  7.119079e-01  2.811261e+00  9.400000e+00
      vertex  1.880913e+00  2.588854e+00  9.400000e+00
    endloop
  endfacet
  facet normal  0.000000e+00  0.000000e+00  1.000000e+00
    outer loop
      vertex  1.880913e+00  2.588854e+00  9.400000e+00
      vertex  7.119079e-01  2.811261e+00  9.400000e+00
      vertex  1.164917e+00  2.655743e+00  9.400000e+00
    endloop
  endfacet
  facet normal  0.000000e+00  0.000000e+00  1.000000e+00
    outer loop
      vertex  1.880913e+00  2.588854e+00  9.400000e+00
      vertex  1.164917e+00  2.655743e+00  9.400000e+00
      vertex  2.262742e+00  2.262742e+00  9.400000e+00
    endloop
  endfacet
  facet normal  0.000000e+00  0.000000e+00  1.000000e+00
    outer loop
      vertex  2.262742e+00  2.262742e+00  9.400000e+00
      vertex  1.164917e+00  2.655743e+00  9.400000e+00
      vertex  1.586150e+00  2.427783e+00  9.400000e+00
    endloop
  endfacet
  facet normal  0.000000e+00  0.000000e+00  9.999999e-01
    outer loop
      vertex  2.262742e+00  2.262742e+00  9.400000e+00
      vertex  1.586150e+00  2.427783e+00  9.400000e+00
      vertex  1.964117e+00  2.133599e+00  9.400000e+00
    endloop
  endfacet
  facet normal  -0.000000e+00  0.000000e+00  1.000000e+00
    outer loop
      vertex  2.262742e+00  2.262742e+00  9.400000e+00
      vertex  1.964117e+00  2.133599e+00  9.400000e+00
      vertex  2.588854e+00  1.880913e+00  9.400000e+00
    endloop
  endfacet
  facet normal  0.000000e+00  0.000000e+00  1.000000e+00
    outer loop
      vertex  2.588854e+00  1.880913e+00  9.400000e+00
      vertex  1.964117e+00  2.133599e+00  9.400000e+00
      vertex  2.288507e+00  1.781217e+00  9.400000e+00
    endloop
  endfacet
  facet normal  -0.000000e+00  0.000000e+00  1.000000e+00
    outer loop
      vertex  2.588854e+00  1.880913e+00  9.400000e+00
      vertex  2.288507e+00  1.781217e+00  9.400000e+00
      vertex  2.851221e+00  1.452770e+00  9.400000e+00
    endloop
  endfacet
  facet normal  0.000000e+00  0.000000e+00  1.000000e+00
    outer loop
      vertex  2.851221e+00  1.452770e+00  9.400000e+00
      vertex  2.288507e+00  1.781217e+00  9.400000e+00
      vertex  2.550474e+00  1.380247e+00  9.400000e+00
    endloop
  endfacet
  facet normal  -0.000000e+00  0.000000e+00  1.000000e+00
    outer loop
      vertex  2.851221e+00  1.452770e+00  9.400000e+00
      vertex  2.550474e+00  1.380247e+00  9.400000e+00
      vertex  3.043381e+00  9.888544e-01  9.400000e+00
    endloop
  endfacet
  facet normal  0.000000e+00  0.000000e+00  1.000000e+00
    outer loop
      vertex  3.043381e+00  9.888544e-01  9.400000e+00
      vertex  2.550474e+00  1.380247e+00  9.400000e+00
      vertex  2.742870e+00  9.416285e-01  9.400000e+00
    endloop
  endfacet
  facet normal  -0.000000e+00  0.000000e+00  9.999999e-01
    outer loop
      vertex  3.043381e+00  9.888544e-01  9.400000e+00
      vertex  2.742870e+00  9.416285e-01  9.400000e+00
      vertex  3.160603e+00  5.005903e-01  9.400000e+00
    endloop
  endfacet
  facet normal  0.000000e+00  0.000000e+00  1.000000e+00
    outer loop
      vertex  3.160603e+00  5.005903e-01  9.400000e+00
      vertex  2.742870e+00  9.416285e-01  9.400000e+00
      vertex  2.860448e+00  4.773243e-01  9.400000e+00
    endloop
  endfacet
  facet normal  -0.000000e+00  0.000000e+00  1.000000e+00
    outer loop
      vertex  3.160603e+00  5.005903e-01  9.400000e+00
      vertex  2.860448e+00  4.773243e-01  9.400000e+00
      vertex  3.200000e+00  0.000000e+00  9.400000e+00
    endloop
  endfacet
  facet normal  0.000000e+00  0.000000e+00  1.000000e+00
    outer loop
      vertex  3.200000e+00  0.000000e+00  9.400000e+00
      vertex  2.860448e+00  4.773243e-01  9.400000e+00
      vertex  2.900000e+00  0.000000e+00  9.400000e+00
    endloop
  endfacet
  facet normal  -0.000000e+00  0.000000e+00  9.999999e-01
    outer loop
      vertex  3.200000e+00  0.000000e+00  9.400000e+00
      vertex  2.900000e+00  0.000000e+00  9.400000e+00
      vertex  3.160603e+00 -5.005903e-01  9.400000e+00
    endloop
  endfacet
  facet normal  0.000000e+00  0.000000e+00  1.000000e+00
    outer loop
      vertex  3.160603e+00 -5.005903e-01  9.400000e+00
      vertex  2.900000e+00  0.000000e+00  9.400000e+00
      vertex  2.860448e+00 -4.773243e-01  9.400000e+00
    endloop
  endfacet
  facet normal  0.000000e+00  0.000000e+00  1.000000e+00
    outer loop
      vertex  3.160603e+00 -5.005903e-01  9.400000e+00
      vertex  2.860448e+00 -4.773243e-01  9.400000e+00
      vertex  3.043381e+00 -9.888544e-01  9.400000e+00
    endloop
  endfacet
  facet normal  0.000000e+00  0.000000e+00  1.000000e+00
    outer loop
      vertex  3.043381e+00 -9.888544e-01  9.400000e+00
      vertex  2.860448e+00 -4.773243e-01  9.400000e+00
      vertex  2.742870e+00 -9.416285e-01  9.400000e+00
    endloop
  endfacet
  facet normal  0.000000e+00  0.000000e+00  1.000000e+00
    outer loop
      vertex  3.043381e+00 -9.888544e-01  9.400000e+00
      vertex  2.742870e+00 -9.416285e-01  9.400000e+00
      vertex  2.851221e+00 -1.452770e+00  9.400000e+00
    endloop
  endfacet
  facet normal  0.000000e+00  0.000000e+00  1.000000e+00
    outer loop
      vertex  2.851221e+00 -1.452770e+00  9.400000e+00
      vertex  2.742870e+00 -9.416285e-01  9.400000e+00
      vertex  2.550474e+00 -1.380247e+00  9.400000e+00
    endloop
  endfacet
  facet normal  0.000000e+00  0.000000e+00  1.000000e+00
    outer loop
      vertex  2.851221e+00 -1.452770e+00  9.400000e+00
      vertex  2.550474e+00 -1.380247e+00  9.400000e+00
      vertex  2.588854e+00 -1.880913e+00  9.400000e+00
    endloop
  endfacet
  facet normal  0.000000e+00  0.000000e+00  1.000000e+00
    outer loop
      vertex  2.588854e+00 -1.880913e+00  9.400000e+00
      vertex  2.550474e+00 -1.380247e+00  9.400000e+00
      vertex  2.288507e+00 -1.781217e+00  9.400000e+00
    endloop
  endfacet
  facet normal  0.000000e+00  0.000000e+00  1.000000e+00
    outer loop
      vertex  2.588854e+00 -1.880913e+00  9.400000e+00
      vertex  2.288507e+00 -1.781217e+00  9.400000e+00
      vertex  2.262742e+00 -2.262742e+00  9.400000e+00
    endloop
  endfacet
  facet normal  0.000000e+00  -0.000000e+00  1.000000e+00
    outer loop
      vertex  2.262742e+00 -2.262742e+00  9.400000e+00
      vertex  2.288507e+00 -1.781217e+00  9.400000e+00
      vertex  1.964117e+00 -2.133599e+00  9.400000e+00
    endloop
  endfacet
  facet normal  0.000000e+00  0.000000e+00  1.000000e+00
    outer loop
      vertex  2.262742e+00 -2.262742e+00  9.400000e+00
      vertex  1.964117e+00 -2.133599e+00  9.400000e+00
      vertex  1.880913e+00 -2.588854e+00  9.400000e+00
    endloop
  endfacet
  facet normal  0.000000e+00  -0.000000e+00  1.000000e+00
    outer loop
      vertex  1.880913e+00 -2.588854e+00  9.400000e+00
      vertex  1.964117e+00 -2.133599e+00  9.400000e+00
      vertex  1.586150e+00 -2.427783e+00  9.400000e+00
    endloop
  endfacet
  facet normal  0.000000e+00  0.000000e+00  1.000000e+00
    outer loop
      vertex  1.880913e+00 -2.588854e+00  9.400000e+00
      vertex  1.586150e+00 -2.427783e+00  9.400000e+00
      vertex  1.164917e+00 -2.655743e+00  9.400000e+00
    endloop
  endfacet
  facet normal  -0.000000e+00  0.000000e+00  9.999999e-01
    outer loop
      vertex  1.880913e+00 -2.588854e+00  9.400000e+00
      vertex  1.164917e+00 -2.655743e+00  9.400000e+00
      vertex  1.452770e+00 -2.851221e+00  9.400000e+00
    endloop
  endfacet
  facet normal  0.000000e+00  0.000000e+00  1.000000e+00
    outer loop
      vertex  1.452770e+00 -2.851221e+00  9.400000e+00
      vertex  1.164917e+00 -2.655743e+00  9.400000e+00
      vertex  7.119079e-01 -2.811261e+00  9.400000e+00
    endloop
  endfacet
  facet normal  0.000000e+00  0.000000e+00  1.000000e+00
    outer loop
      vertex  1.452770e+00 -2.851221e+00  9.400000e+00
      vertex  7.119079e-01 -2.811261e+00  9.400000e+00
      vertex  2.394801e-01 -2.890095e+00  9.400000e+00
    endloop
  endfacet
  facet normal  0.000000e+00  0.000000e+00  1.000000e+00
    outer loop
      vertex -1.600000e+01 -3.200000e+00  9.400000e+00
      vertex -1.698885e+01 -3.043381e+00  9.400000e+00
      vertex -1.650059e+01 -3.160603e+00  9.400000e+00
    endloop
  endfacet
  facet normal  0.000000e+00  -0.000000e+00  1.000000e+00
    outer loop
      vertex -1.600000e+01 -3.200000e+00  9.400000e+00
      vertex -1.549941e+01 -3.160603e+00  9.400000e+00
      vertex -1.501115e+01 -3.043381e+00  9.400000e+00
    endloop
  endfacet
  facet normal  0.000000e+00  0.000000e+00  1.000000e+00
    outer loop
      vertex -1.501115e+01 -3.043381e+00  9.400000e+00
      vertex -1.454723e+01 -2.851221e+00  9.400000e+00
      vertex -1.600000e+01 -3.200000e+00  9.400000e+00
    endloop
  endfacet
  facet normal  0.000000e+00  0.000000e+00  1.000000e+00
    outer loop
      vertex -1.600000e+01 -3.200000e+00  9.400000e+00
      vertex -1.454723e+01 -2.851221e+00  9.400000e+00
      vertex -1.576878e+01 -2.790437e+00  9.400000e+00
    endloop
  endfacet
  facet normal  0.000000e+00  0.000000e+00  1.000000e+00
    outer loop
      vertex -1.600000e+01 -3.200000e+00  9.400000e+00
      vertex -1.576878e+01 -2.790437e+00  9.400000e+00
      vertex -1.698885e+01 -3.043381e+00  9.400000e+00
    endloop
  endfacet
  facet normal  0.000000e+00  0.000000e+00  9.999999e-01
    outer loop
      vertex -1.698885e+01 -3.043381e+00  9.400000e+00
      vertex -1.576878e+01 -2.790437e+00  9.400000e+00
      vertex -1.623122e+01 -2.790437e+00  9.400000e+00
    endloop
  endfacet
  facet normal  0.000000e+00  0.000000e+00  1.000000e+00
    outer loop
      vertex -1.698885e+01 -3.043381e+00  9.400000e+00
      vertex -1.623122e+01 -2.790437e+00  9.400000e+00
      vertex -1.745277e+01 -2.851221e+00  9.400000e+00
    endloop
  endfacet
  facet normal  0.000000e+00  0.000000e+00  1.000000e+00
    outer loop
      vertex -1.745277e+01 -2.851221e+00  9.400000e+00
      vertex -1.623122e+01 -2.790437e+00  9.400000e+00
      vertex -1.668736e+01 -2.714321e+00  9.400000e+00
    endloop
  endfacet
  facet normal  0.000000e+00  0.000000e+00  1.000000e+00
    outer loop
      vertex -1.454723e+01  2.851221e+00  9.400000e+00
      vertex -1.501115e+01  3.043381e+00  9.400000e+00
      vertex -1.576878e+01  2.790437e+00  9.400000e+00
    endloop
  endfacet
  facet normal  0.000000e+00  0.000000e+00  1.000000e+00
    outer loop
      vertex -1.576878e+01  2.790437e+00  9.400000e+00
      vertex -1.501115e+01  3.043381e+00  9.400000e+00
      vertex -1.549941e+01  3.160603e+00  9.400000e+00
    endloop
  endfacet
  facet normal  0.000000e+00  0.000000e+00  9.999999e-01
    outer loop
      vertex -1.576878e+01  2.790437e+00  9.400000e+00
      vertex -1.549941e+01  3.160603e+00  9.400000e+00
      vertex -1.623122e+01  2.790437e+00  9.400000e+00
    endloop
  endfacet
  facet normal  0.000000e+00  0.000000e+00  1.000000e+00
    outer loop
      vertex -1.623122e+01  2.790437e+00  9.400000e+00
      vertex -1.549941e+01  3.160603e+00  9.400000e+00
      vertex -1.600000e+01  3.200000e+00  9.400000e+00
    endloop
  endfacet
  facet normal  0.000000e+00  0.000000e+00  1.000000e+00
    outer loop
      vertex -1.623122e+01  2.790437e+00  9.400000e+00
      vertex -1.600000e+01  3.200000e+00  9.400000e+00
      vertex -1.745277e+01  2.851221e+00  9.400000e+00
    endloop
  endfacet
  facet normal  0.000000e+00  0.000000e+00  1.000000e+00
    outer loop
      vertex -1.745277e+01  2.851221e+00  9.400000e+00
      vertex -1.600000e+01  3.200000e+00  9.400000e+00
      vertex -1.650059e+01  3.160603e+00  9.400000e+00
    endloop
  endfacet
  facet normal  0.000000e+00  0.000000e+00  1.000000e+00
    outer loop
      vertex -1.745277e+01  2.851221e+00  9.400000e+00
      vertex -1.650059e+01  3.160603e+00  9.400000e+00
      vertex -1.698885e+01  3.043381e+00  9.400000e+00
    endloop
  endfacet
  facet normal  0.000000e+00  0.000000e+00  1.000000e+00
    outer loop
      vertex -1.623122e+01  2.790437e+00  9.400000e+00
      vertex -1.745277e+01  2.851221e+00  9.400000e+00
      vertex -1.668736e+01  2.714321e+00  9.400000e+00
    endloop
  endfacet
  facet normal  0.000000e+00  0.000000e+00  1.000000e+00
    outer loop
      vertex -1.668736e+01  2.714321e+00  9.400000e+00
      vertex -1.745277e+01  2.851221e+00  9.400000e+00
      vertex -1.788091e+01  2.588854e+00  9.400000e+00
    endloop
  endfacet
  facet normal  -0.000000e+00  0.000000e+00  1.000000e+00
    outer loop
      vertex -1.668736e+01  2.714321e+00  9.400000e+00
      vertex -1.788091e+01  2.588854e+00  9.400000e+00
      vertex -1.712475e+01  2.564165e+00  9.400000e+00
    endloop
  endfacet
  facet normal  0.000000e+00  0.000000e+00  1.000000e+00
    outer loop
      vertex -1.712475e+01  2.564165e+00  9.400000e+00
      vertex -1.788091e+01  2.588854e+00  9.400000e+00
      vertex -1.753145e+01  2.344066e+00  9.400000e+00
    endloop
  endfacet
  facet normal  0.000000e+00  0.000000e+00  1.000000e+00
    outer loop
      vertex -1.753145e+01  2.344066e+00  9.400000e+00
      vertex -1.788091e+01  2.588854e+00  9.400000e+00
      vertex -1.826274e+01  2.262742e+00  9.400000e+00
    endloop
  endfacet
  facet normal  -0.000000e+00  0.000000e+00  1.000000e+00
    outer loop
      vertex -1.753145e+01  2.344066e+00  9.400000e+00
      vertex -1.826274e+01  2.262742e+00  9.400000e+00
      vertex -1.789639e+01  2.060027e+00  9.400000e+00
    endloop
  endfacet
  facet normal  0.000000e+00  0.000000e+00  1.000000e+00
    outer loop
      vertex -1.789639e+01  2.060027e+00  9.400000e+00
      vertex -1.826274e+01  2.262742e+00  9.400000e+00
      vertex -1.858885e+01  1.880913e+00  9.400000e+00
    endloop
  endfacet
  facet normal  -0.000000e+00  0.000000e+00  1.000000e+00
    outer loop
      vertex -1.789639e+01  2.060027e+00  9.400000e+00
      vertex -1.858885e+01  1.880913e+00  9.400000e+00
      vertex -1.820959e+01  1.719796e+00  9.400000e+00
    endloop
  endfacet
  facet normal  0.000000e+00  0.000000e+00  1.000000e+00
    outer loop
      vertex -1.820959e+01  1.719796e+00  9.400000e+00
      vertex -1.858885e+01  1.880913e+00  9.400000e+00
      vertex -1.846253e+01  1.332653e+00  9.400000e+00
    endloop
  endfacet
  facet normal  0.000000e+00  0.000000e+00  1.000000e+00
    outer loop
      vertex -1.846253e+01  1.332653e+00  9.400000e+00
      vertex -1.858885e+01  1.880913e+00  9.400000e+00
      vertex -1.885122e+01  1.452770e+00  9.400000e+00
    endloop
  endfacet
  facet normal  0.000000e+00  0.000000e+00  1.000000e+00
    outer loop
      vertex -1.846253e+01  1.332653e+00  9.400000e+00
      vertex -1.885122e+01  1.452770e+00  9.400000e+00
      vertex -1.864829e+01  9.091585e-01  9.400000e+00
    endloop
  endfacet
  facet normal  0.000000e+00  0.000000e+00  9.999999e-01
    outer loop
      vertex -1.864829e+01  9.091585e-01  9.400000e+00
      vertex -1.885122e+01  1.452770e+00  9.400000e+00
      vertex -1.904338e+01  9.888544e-01  9.400000e+00
    endloop
  endfacet
  facet normal  0.000000e+00  0.000000e+00  1.000000e+00
    outer loop
      vertex -1.864829e+01  9.091585e-01  9.400000e+00
      vertex -1.904338e+01  9.888544e-01  9.400000e+00
      vertex -1.876181e+01  4.608648e-01  9.400000e+00
    endloop
  endfacet
  facet normal  0.000000e+00  0.000000e+00  9.999999e-01
    outer loop
      vertex -1.876181e+01  4.608648e-01  9.400000e+00
      vertex -1.904338e+01  9.888544e-01  9.400000e+00
      vertex -1.916060e+01  5.005903e-01  9.400000e+00
    endloop
  endfacet
  facet normal  0.000000e+00  0.000000e+00  1.000000e+00
    outer loop
      vertex -1.876181e+01  4.608648e-01  9.400000e+00
      vertex -1.916060e+01  5.005903e-01  9.400000e+00
      vertex -1.880000e+01  3.429011e-16  9.400000e+00
    endloop
  endfacet
  facet normal  0.000000e+00  0.000000e+00  1.000000e+00
    outer loop
      vertex -1.880000e+01  3.429011e-16  9.400000e+00
      vertex -1.916060e+01  5.005903e-01  9.400000e+00
      vertex -1.920000e+01  3.918870e-16  9.400000e+00
    endloop
  endfacet
  facet normal  0.000000e+00  0.000000e+00  1.000000e+00
    outer loop
      vertex -1.880000e+01  3.429011e-16  9.400000e+00
      vertex -1.920000e+01  3.918870e-16  9.400000e+00
      vertex -1.876181e+01 -4.608648e-01  9.400000e+00
    endloop
  endfacet
  facet normal  0.000000e+00  0.000000e+00  1.000000e+00
    outer loop
      vertex -1.876181e+01 -4.608648e-01  9.400000e+00
      vertex -1.920000e+01  3.918870e-16  9.400000e+00
      vertex -1.916060e+01 -5.005903e-01  9.400000e+00
    endloop
  endfacet
  facet normal  -0.000000e+00  0.000000e+00  9.999999e-01
    outer loop
      vertex -1.876181e+01 -4.608648e-01  9.400000e+00
      vertex -1.916060e+01 -5.005903e-01  9.400000e+00
      vertex -1.864829e+01 -9.091585e-01  9.400000e+00
    endloop
  endfacet
  facet normal  0.000000e+00  0.000000e+00  1.000000e+00
    outer loop
      vertex -1.864829e+01 -9.091585e-01  9.400000e+00
      vertex -1.916060e+01 -5.005903e-01  9.400000e+00
      vertex -1.904338e+01 -9.888544e-01  9.400000e+00
    endloop
  endfacet
  facet normal  -0.000000e+00  0.000000e+00  1.000000e+00
    outer loop
      vertex -1.864829e+01 -9.091585e-01  9.400000e+00
      vertex -1.904338e+01 -9.888544e-01  9.400000e+00
      vertex -1.846253e+01 -1.332653e+00  9.400000e+00
    endloop
  endfacet
  facet normal  0.000000e+00  0.000000e+00  1.000000e+00
    outer loop
      vertex -1.846253e+01 -1.332653e+00  9.400000e+00
      vertex -1.904338e+01 -9.888544e-01  9.400000e+00
      vertex -1.885122e+01 -1.452770e+00  9.400000e+00
    endloop
  endfacet
  facet normal  -0.000000e+00  0.000000e+00  1.000000e+00
    outer loop
      vertex -1.846253e+01 -1.332653e+00  9.400000e+00
      vertex -1.885122e+01 -1.452770e+00  9.400000e+00
      vertex -1.820959e+01 -1.719796e+00  9.400000e+00
    endloop
  endfacet
  facet normal  0.000000e+00  0.000000e+00  9.999999e-01
    outer loop
      vertex -1.820959e+01 -1.719796e+00  9.400000e+00
      vertex -1.885122e+01 -1.452770e+00  9.400000e+00
      vertex -1.858885e+01 -1.880913e+00  9.400000e+00
    endloop
  endfacet
  facet normal  -0.000000e+00  0.000000e+00  1.000000e+00
    outer loop
      vertex -1.820959e+01 -1.719796e+00  9.400000e+00
      vertex -1.858885e+01 -1.880913e+00  9.400000e+00
      vertex -1.789639e+01 -2.060027e+00  9.400000e+00
    endloop
  endfacet
  facet normal  0.000000e+00  0.000000e+00  1.000000e+00
    outer loop
      vertex -1.789639e+01 -2.060027e+00  9.400000e+00
      vertex -1.858885e+01 -1.880913e+00  9.400000e+00
      vertex -1.826274e+01 -2.262742e+00  9.400000e+00
    endloop
  endfacet
  facet normal  -0.000000e+00  0.000000e+00  1.000000e+00
    outer loop
      vertex -1.789639e+01 -2.060027e+00  9.400000e+00
      vertex -1.826274e+01 -2.262742e+00  9.400000e+00
      vertex -1.753145e+01 -2.344066e+00  9.400000e+00
    endloop
  endfacet
  facet normal  0.000000e+00  0.000000e+00  1.000000e+00
    outer loop
      vertex -1.753145e+01 -2.344066e+00  9.400000e+00
      vertex -1.826274e+01 -2.262742e+00  9.400000e+00
      vertex -1.712475e+01 -2.564165e+00  9.400000e+00
    endloop
  endfacet
  facet normal  0.000000e+00  0.000000e+00  1.000000e+00
    outer loop
      vertex -1.712475e+01 -2.564165e+00  9.400000e+00
      vertex -1.826274e+01 -2.262742e+00  9.400000e+00
      vertex -1.788091e+01 -2.588854e+00  9.400000e+00
    endloop
  endfacet
  facet normal  -0.000000e+00  0.000000e+00  1.000000e+00
    outer loop
      vertex -1.712475e+01 -2.564165e+00  9.400000e+00
      vertex -1.788091e+01 -2.588854e+00  9.400000e+00
      vertex -1.668736e+01 -2.714321e+00  9.400000e+00
    endloop
  endfacet
  facet normal  0.000000e+00  0.000000e+00  1.000000e+00
    outer loop
      vertex -1.668736e+01 -2.714321e+00  9.400000e+00
      vertex -1.788091e+01 -2.588854e+00  9.400000e+00
      vertex -1.745277e+01 -2.851221e+00  9.400000e+00
    endloop
  endfacet
  facet normal  -0.000000e+00  0.000000e+00  1.000000e+00
    outer loop
      vertex -1.454723e+01  2.851221e+00  9.400000e+00
      vertex -1.576878e+01  2.790437e+00  9.400000e+00
      vertex -1.411909e+01  2.588854e+00  9.400000e+00
    endloop
  endfacet
  facet normal  0.000000e+00  0.000000e+00  1.000000e+00
    outer loop
      vertex -1.411909e+01  2.588854e+00  9.400000e+00
      vertex -1.576878e+01  2.790437e+00  9.400000e+00
      vertex -1.531264e+01  2.714321e+00  9.400000e+00
    endloop
  endfacet
  facet normal  0.000000e+00  0.000000e+00  1.000000e+00
    outer loop
      vertex -1.411909e+01  2.588854e+00  9.400000e+00
      vertex -1.531264e+01  2.714321e+00  9.400000e+00
      vertex -1.487525e+01  2.564165e+00  9.400000e+00
    endloop
  endfacet
  facet normal  -0.000000e+00  0.000000e+00  1.000000e+00
    outer loop
      vertex -1.411909e+01  2.588854e+00  9.400000e+00
      vertex -1.487525e+01  2.564165e+00  9.400000e+00
      vertex -1.373726e+01  2.262742e+00  9.400000e+00
    endloop
  endfacet
  facet normal  0.000000e+00  0.000000e+00  1.000000e+00
    outer loop
      vertex -1.373726e+01  2.262742e+00  9.400000e+00
      vertex -1.487525e+01  2.564165e+00  9.400000e+00
      vertex -1.446854e+01  2.344066e+00  9.400000e+00
    endloop
  endfacet
  facet normal  0.000000e+00  0.000000e+00  1.000000e+00
    outer loop
      vertex -1.373726e+01  2.262742e+00  9.400000e+00
      vertex -1.446854e+01  2.344066e+00  9.400000e+00
      vertex -1.341115e+01  1.880913e+00  9.400000e+00
    endloop
  endfacet
  facet normal  0.000000e+00  0.000000e+00  1.000000e+00
    outer loop
      vertex -1.341115e+01  1.880913e+00  9.400000e+00
      vertex -1.446854e+01  2.344066e+00  9.400000e+00
      vertex -1.410361e+01  2.060027e+00  9.400000e+00
    endloop
  endfacet
  facet normal  0.000000e+00  0.000000e+00  1.000000e+00
    outer loop
      vertex -1.341115e+01  1.880913e+00  9.400000e+00
      vertex -1.410361e+01  2.060027e+00  9.400000e+00
      vertex -1.379041e+01  1.719796e+00  9.400000e+00
    endloop
  endfacet
  facet normal  -0.000000e+00  0.000000e+00  1.000000e+00
    outer loop
      vertex -1.341115e+01  1.880913e+00  9.400000e+00
      vertex -1.379041e+01  1.719796e+00  9.400000e+00
      vertex -1.314878e+01  1.452770e+00  9.400000e+00
    endloop
  endfacet
  facet normal  0.000000e+00  0.000000e+00  1.000000e+00
    outer loop
      vertex -1.314878e+01  1.452770e+00  9.400000e+00
      vertex -1.379041e+01  1.719796e+00  9.400000e+00
      vertex -1.353747e+01  1.332653e+00  9.400000e+00
    endloop
  endfacet
  facet normal  -0.000000e+00  0.000000e+00  1.000000e+00
    outer loop
      vertex -1.314878e+01  1.452770e+00  9.400000e+00
      vertex -1.353747e+01  1.332653e+00  9.400000e+00
      vertex -1.295662e+01  9.888544e-01  9.400000e+00
    endloop
  endfacet
  facet normal  0.000000e+00  0.000000e+00  1.000000e+00
    outer loop
      vertex -1.295662e+01  9.888544e-01  9.400000e+00
      vertex -1.353747e+01  1.332653e+00  9.400000e+00
      vertex -1.335171e+01  9.091585e-01  9.400000e+00
    endloop
  endfacet
  facet normal  -0.000000e+00  0.000000e+00  1.000000e+00
    outer loop
      vertex -1.295662e+01  9.888544e-01  9.400000e+00
      vertex -1.335171e+01  9.091585e-01  9.400000e+00
      vertex -1.283940e+01  5.005903e-01  9.400000e+00
    endloop
  endfacet
  facet normal  0.000000e+00  0.000000e+00  1.000000e+00
    outer loop
      vertex -1.283940e+01  5.005903e-01  9.400000e+00
      vertex -1.335171e+01  9.091585e-01  9.400000e+00
      vertex -1.323819e+01  4.608648e-01  9.400000e+00
    endloop
  endfacet
  facet normal  -0.000000e+00  0.000000e+00  1.000000e+00
    outer loop
      vertex -1.283940e+01  5.005903e-01  9.400000e+00
      vertex -1.323819e+01  4.608648e-01  9.400000e+00
      vertex -1.280000e+01  0.000000e+00  9.400000e+00
    endloop
  endfacet
  facet normal  0.000000e+00  0.000000e+00  9.999999e-01
    outer loop
      vertex -1.280000e+01  0.000000e+00  9.400000e+00
      vertex -1.323819e+01  4.608648e-01  9.400000e+00
      vertex -1.320000e+01  0.000000e+00  9.400000e+00
    endloop
  endfacet
  facet normal  -0.000000e+00  0.000000e+00  1.000000e+00
    outer loop
      vertex -1.280000e+01  0.000000e+00  9.400000e+00
      vertex -1.320000e+01  0.000000e+00  9.400000e+00
      vertex -1.283940e+01 -5.005903e-01  9.400000e+00
    endloop
  endfacet
  facet normal  0.000000e+00  0.000000e+00  9.999999e-01
    outer loop
      vertex -1.283940e+01 -5.005903e-01  9.400000e+00
      vertex -1.320000e+01  0.000000e+00  9.400000e+00
      vertex -1.323819e+01 -4.608648e-01  9.400000e+00
    endloop
  endfacet
  facet normal  0.000000e+00  0.000000e+00  1.000000e+00
    outer loop
      vertex -1.283940e+01 -5.005903e-01  9.400000e+00
      vertex -1.323819e+01 -4.608648e-01  9.400000e+00
      vertex -1.295662e+01 -9.888544e-01  9.400000e+00
    endloop
  endfacet
  facet normal  0.000000e+00  0.000000e+00  1.000000e+00
    outer loop
      vertex -1.295662e+01 -9.888544e-01  9.400000e+00
      vertex -1.323819e+01 -4.608648e-01  9.400000e+00
      vertex -1.335171e+01 -9.091585e-01  9.400000e+00
    endloop
  endfacet
  facet normal  0.000000e+00  0.000000e+00  9.999999e-01
    outer loop
      vertex -1.295662e+01 -9.888544e-01  9.400000e+00
      vertex -1.335171e+01 -9.091585e-01  9.400000e+00
      vertex -1.314878e+01 -1.452770e+00  9.400000e+00
    endloop
  endfacet
  facet normal  0.000000e+00  0.000000e+00  1.000000e+00
    outer loop
      vertex -1.314878e+01 -1.452770e+00  9.400000e+00
      vertex -1.335171e+01 -9.091585e-01  9.400000e+00
      vertex -1.353747e+01 -1.332653e+00  9.400000e+00
    endloop
  endfacet
  facet normal  0.000000e+00  0.000000e+00  1.000000e+00
    outer loop
      vertex -1.314878e+01 -1.452770e+00  9.400000e+00
      vertex -1.353747e+01 -1.332653e+00  9.400000e+00
      vertex -1.341115e+01 -1.880913e+00  9.400000e+00
    endloop
  endfacet
  facet normal  0.000000e+00  0.000000e+00  1.000000e+00
    outer loop
      vertex -1.341115e+01 -1.880913e+00  9.400000e+00
      vertex -1.353747e+01 -1.332653e+00  9.400000e+00
      vertex -1.379041e+01 -1.719796e+00  9.400000e+00
    endloop
  endfacet
  facet normal  0.000000e+00  0.000000e+00  1.000000e+00
    outer loop
      vertex -1.341115e+01 -1.880913e+00  9.400000e+00
      vertex -1.379041e+01 -1.719796e+00  9.400000e+00
      vertex -1.373726e+01 -2.262742e+00  9.400000e+00
    endloop
  endfacet
  facet normal  0.000000e+00  0.000000e+00  1.000000e+00
    outer loop
      vertex -1.373726e+01 -2.262742e+00  9.400000e+00
      vertex -1.379041e+01 -1.719796e+00  9.400000e+00
      vertex -1.410361e+01 -2.060027e+00  9.400000e+00
    endloop
  endfacet
  facet normal  0.000000e+00  0.000000e+00  9.999999e-01
    outer loop
      vertex -1.373726e+01 -2.262742e+00  9.400000e+00
      vertex -1.410361e+01 -2.060027e+00  9.400000e+00
      vertex -1.446854e+01 -2.344066e+00  9.400000e+00
    endloop
  endfacet
  facet normal  -0.000000e+00  0.000000e+00  1.000000e+00
    outer loop
      vertex -1.373726e+01 -2.262742e+00  9.400000e+00
      vertex -1.446854e+01 -2.344066e+00  9.400000e+00
      vertex -1.411909e+01 -2.588854e+00  9.400000e+00
    endloop
  endfacet
  facet normal  0.000000e+00  0.000000e+00  1.000000e+00
    outer loop
      vertex -1.411909e+01 -2.588854e+00  9.400000e+00
      vertex -1.446854e+01 -2.344066e+00  9.400000e+00
      vertex -1.487525e+01 -2.564165e+00  9.400000e+00
    endloop
  endfacet
  facet normal  0.000000e+00  0.000000e+00  1.000000e+00
    outer loop
      vertex -1.411909e+01 -2.588854e+00  9.400000e+00
      vertex -1.487525e+01 -2.564165e+00  9.400000e+00
      vertex -1.454723e+01 -2.851221e+00  9.400000e+00
    endloop
  endfacet
  facet normal  0.000000e+00  0.000000e+00  1.000000e+00
    outer loop
      vertex -1.454723e+01 -2.851221e+00  9.400000e+00
      vertex -1.487525e+01 -2.564165e+00  9.400000e+00
      vertex -1.531264e+01 -2.714321e+00  9.400000e+00
    endloop
  endfacet
  facet normal  0.000000e+00  0.000000e+00  1.000000e+00
    outer loop
      vertex -1.454723e+01 -2.851221e+00  9.400000e+00
      vertex -1.531264e+01 -2.714321e+00  9.400000e+00
      vertex -1.576878e+01 -2.790437e+00  9.400000e+00
    endloop
  endfacet
  facet normal -7.845909e-02  9.969173e-01  0.000000e+00
    outer loop
      vertex  1.600000e+01 -3.200000e+00  9.400000e+00
      vertex  1.650059e+01 -3.160603e+00  1.000000e+01
      vertex  1.650059e+01 -3.160603e+00  9.400000e+00
    endloop
  endfacet
  facet normal -2.334458e-01  9.723698e-01  0.000000e+00
    outer loop
      vertex  1.650059e+01 -3.160603e+00  9.400000e+00
      vertex  1.650059e+01 -3.160603e+00  1.000000e+01
      vertex  1.698885e+01 -3.043381e+00  1.000000e+01
    endloop
  endfacet
  facet normal -2.334458e-01  9.723698e-01  0.000000e+00
    outer loop
      vertex  1.650059e+01 -3.160603e+00  9.400000e+00
      vertex  1.698885e+01 -3.043381e+00  1.000000e+01
      vertex  1.698885e+01 -3.043381e+00  9.400000e+00
    endloop
  endfacet
  facet normal -3.826822e-01  9.238800e-01  0.000000e+00
    outer loop
      vertex  1.698885e+01 -3.043381e+00  9.400000e+00
      vertex  1.698885e+01 -3.043381e+00  1.000000e+01
      vertex  1.745277e+01 -2.851221e+00  1.000000e+01
    endloop
  endfacet
  facet normal -3.826822e-01  9.238800e-01  0.000000e+00
    outer loop
      vertex  1.698885e+01 -3.043381e+00  9.400000e+00
      vertex  1.745277e+01 -2.851221e+00  1.000000e+01
      vertex  1.745277e+01 -2.851221e+00  9.400000e+00
    endloop
  endfacet
  facet normal -5.224992e-01  8.526397e-01  0.000000e+00
    outer loop
      vertex  1.745277e+01 -2.851221e+00  9.400000e+00
      vertex  1.745277e+01 -2.851221e+00  1.000000e+01
      vertex  1.788091e+01 -2.588854e+00  1.000000e+01
    endloop
  endfacet
  facet normal -5.224992e-01  8.526397e-01  0.000000e+00
    outer loop
      vertex  1.745277e+01 -2.851221e+00  9.400000e+00
      vertex  1.788091e+01 -2.588854e+00  1.000000e+01
      vertex  1.788091e+01 -2.588854e+00  9.400000e+00
    endloop
  endfacet
  facet normal -6.494484e-01  7.604056e-01  0.000000e+00
    outer loop
      vertex  1.788091e+01 -2.588854e+00  9.400000e+00
      vertex  1.788091e+01 -2.588854e+00  1.000000e+01
      vertex  1.826274e+01 -2.262742e+00  1.000000e+01
    endloop
  endfacet
  facet normal -6.494484e-01  7.604056e-01  0.000000e+00
    outer loop
      vertex  1.788091e+01 -2.588854e+00  9.400000e+00
      vertex  1.826274e+01 -2.262742e+00  1.000000e+01
      vertex  1.826274e+01 -2.262742e+00  9.400000e+00
    endloop
  endfacet
  facet normal -7.604060e-01  6.494480e-01  0.000000e+00
    outer loop
      vertex  1.826274e+01 -2.262742e+00  9.400000e+00
      vertex  1.826274e+01 -2.262742e+00  1.000000e+01
      vertex  1.858885e+01 -1.880913e+00  1.000000e+01
    endloop
  endfacet
  facet normal -7.604060e-01  6.494480e-01  0.000000e+00
    outer loop
      vertex  1.826274e+01 -2.262742e+00  9.400000e+00
      vertex  1.858885e+01 -1.880913e+00  1.000000e+01
      vertex  1.858885e+01 -1.880913e+00  9.400000e+00
    endloop
  endfacet
  facet normal -8.526395e-01  5.224998e-01  0.000000e+00
    outer loop
      vertex  1.858885e+01 -1.880913e+00  9.400000e+00
      vertex  1.858885e+01 -1.880913e+00  1.000000e+01
      vertex  1.885122e+01 -1.452770e+00  1.000000e+01
    endloop
  endfacet
  facet normal -8.526395e-01  5.224998e-01  0.000000e+00
    outer loop
      vertex  1.858885e+01 -1.880913e+00  9.400000e+00
      vertex  1.885122e+01 -1.452770e+00  1.000000e+01
      vertex  1.885122e+01 -1.452770e+00  9.400000e+00
    endloop
  endfacet
  facet normal -9.238797e-01  3.826829e-01  0.000000e+00
    outer loop
      vertex  1.885122e+01 -1.452770e+00  9.400000e+00
      vertex  1.885122e+01 -1.452770e+00  1.000000e+01
      vertex  1.904338e+01 -9.888544e-01  1.000000e+01
    endloop
  endfacet
  facet normal -9.238797e-01  3.826829e-01  0.000000e+00
    outer loop
      vertex  1.885122e+01 -1.452770e+00  9.400000e+00
      vertex  1.904338e+01 -9.888544e-01  1.000000e+01
      vertex  1.904338e+01 -9.888544e-01  9.400000e+00
    endloop
  endfacet
  facet normal -9.723700e-01  2.334453e-01  0.000000e+00
    outer loop
      vertex  1.904338e+01 -9.888544e-01  9.400000e+00
      vertex  1.904338e+01 -9.888544e-01  1.000000e+01
      vertex  1.916060e+01 -5.005903e-01  1.000000e+01
    endloop
  endfacet
  facet normal -9.723700e-01  2.334453e-01  0.000000e+00
    outer loop
      vertex  1.904338e+01 -9.888544e-01  9.400000e+00
      vertex  1.916060e+01 -5.005903e-01  1.000000e+01
      vertex  1.916060e+01 -5.005903e-01  9.400000e+00
    endloop
  endfacet
  facet normal -9.969172e-01  7.846084e-02  0.000000e+00
    outer loop
      vertex  1.916060e+01 -5.005903e-01  9.400000e+00
      vertex  1.916060e+01 -5.005903e-01  1.000000e+01
      vertex  1.920000e+01  0.000000e+00  1.000000e+01
    endloop
  endfacet
  facet normal -9.969172e-01  7.846084e-02  0.000000e+00
    outer loop
      vertex  1.916060e+01 -5.005903e-01  9.400000e+00
      vertex  1.920000e+01  0.000000e+00  1.000000e+01
      vertex  1.920000e+01  0.000000e+00  9.400000e+00
    endloop
  endfacet
  facet normal -7.845909e-02  9.969173e-01  0.000000e+00
    outer loop
      vertex  1.650059e+01 -3.160603e+00  1.000000e+01
      vertex  1.600000e+01 -3.200000e+00  9.400000e+00
      vertex  1.600000e+01 -3.200000e+00  1.000000e+01
    endloop
  endfacet
  facet normal  7.845895e-02  9.969173e-01  0.000000e+00
    outer loop
      vertex  1.600000e+01 -3.200000e+00  1.000000e+01
      vertex  1.600000e+01 -3.200000e+00  9.400000e+00
      vertex  1.549941e+01 -3.160603e+00  9.400000e+00
    endloop
  endfacet
  facet normal  7.845895e-02  9.969173e-01  -0.000000e+00
    outer loop
      vertex  1.600000e+01 -3.200000e+00  1.000000e+01
      vertex  1.549941e+01 -3.160603e+00  9.400000e+00
      vertex  1.549941e+01 -3.160603e+00  1.000000e+01
    endloop
  endfacet
  facet normal  2.334458e-01  9.723698e-01  0.000000e+00
    outer loop
      vertex  1.549941e+01 -3.160603e+00  1.000000e+01
      vertex  1.549941e+01 -3.160603e+00  9.400000e+00
      vertex  1.501115e+01 -3.043381e+00  9.400000e+00
    endloop
  endfacet
  facet normal  2.334458e-01  9.723698e-01  -0.000000e+00
    outer loop
      vertex  1.549941e+01 -3.160603e+00  1.000000e+01
      vertex  1.501115e+01 -3.043381e+00  9.400000e+00
      vertex  1.501115e+01 -3.043381e+00  1.000000e+01
    endloop
  endfacet
  facet normal  3.826835e-01  9.238795e-01  0.000000e+00
    outer loop
      vertex  1.501115e+01 -3.043381e+00  1.000000e+01
      vertex  1.501115e+01 -3.043381e+00  9.400000e+00
      vertex  1.454723e+01 -2.851221e+00  9.400000e+00
    endloop
  endfacet
  facet normal  3.826835e-01  9.238795e-01  -0.000000e+00
    outer loop
      vertex  1.501115e+01 -3.043381e+00  1.000000e+01
      vertex  1.454723e+01 -2.851221e+00  9.400000e+00
      vertex  1.454723e+01 -2.851221e+00  1.000000e+01
    endloop
  endfacet
  facet normal  5.224984e-01  8.526403e-01  0.000000e+00
    outer loop
      vertex  1.454723e+01 -2.851221e+00  1.000000e+01
      vertex  1.454723e+01 -2.851221e+00  9.400000e+00
      vertex  1.411909e+01 -2.588854e+00  9.400000e+00
    endloop
  endfacet
  facet normal  5.224984e-01  8.526403e-01  -0.000000e+00
    outer loop
      vertex  1.454723e+01 -2.851221e+00  1.000000e+01
      vertex  1.411909e+01 -2.588854e+00  9.400000e+00
      vertex  1.411909e+01 -2.588854e+00  1.000000e+01
    endloop
  endfacet
  facet normal  6.494475e-01  7.604065e-01  0.000000e+00
    outer loop
      vertex  1.411909e+01 -2.588854e+00  1.000000e+01
      vertex  1.411909e+01 -2.588854e+00  9.400000e+00
      vertex  1.373726e+01 -2.262742e+00  9.400000e+00
    endloop
  endfacet
  facet normal  6.494475e-01  7.604065e-01  -0.000000e+00
    outer loop
      vertex  1.411909e+01 -2.588854e+00  1.000000e+01
      vertex  1.373726e+01 -2.262742e+00  9.400000e+00
      vertex  1.373726e+01 -2.262742e+00  1.000000e+01
    endloop
  endfacet
  facet normal  7.604060e-01  6.494480e-01  0.000000e+00
    outer loop
      vertex  1.373726e+01 -2.262742e+00  1.000000e+01
      vertex  1.373726e+01 -2.262742e+00  9.400000e+00
      vertex  1.341115e+01 -1.880913e+00  9.400000e+00
    endloop
  endfacet
  facet normal  7.604060e-01  6.494480e-01  -0.000000e+00
    outer loop
      vertex  1.373726e+01 -2.262742e+00  1.000000e+01
      vertex  1.341115e+01 -1.880913e+00  9.400000e+00
      vertex  1.341115e+01 -1.880913e+00  1.000000e+01
    endloop
  endfacet
  facet normal  8.526403e-01  5.224984e-01  0.000000e+00
    outer loop
      vertex  1.341115e+01 -1.880913e+00  1.000000e+01
      vertex  1.341115e+01 -1.880913e+00  9.400000e+00
      vertex  1.314878e+01 -1.452770e+00  9.400000e+00
    endloop
  endfacet
  facet normal  8.526403e-01  5.224984e-01  -0.000000e+00
    outer loop
      vertex  1.341115e+01 -1.880913e+00  1.000000e+01
      vertex  1.314878e+01 -1.452770e+00  9.400000e+00
      vertex  1.314878e+01 -1.452770e+00  1.000000e+01
    endloop
  endfacet
  facet normal  9.238797e-01  3.826829e-01  0.000000e+00
    outer loop
      vertex  1.314878e+01 -1.452770e+00  1.000000e+01
      vertex  1.314878e+01 -1.452770e+00  9.400000e+00
      vertex  1.295662e+01 -9.888544e-01  9.400000e+00
    endloop
  endfacet
  facet normal  9.238797e-01  3.826829e-01  -0.000000e+00
    outer loop
      vertex  1.314878e+01 -1.452770e+00  1.000000e+01
      vertex  1.295662e+01 -9.888544e-01  9.400000e+00
      vertex  1.295662e+01 -9.888544e-01  1.000000e+01
    endloop
  endfacet
  facet normal  9.723700e-01  2.334453e-01  0.000000e+00
    outer loop
      vertex  1.295662e+01 -9.888544e-01  1.000000e+01
      vertex  1.295662e+01 -9.888544e-01  9.400000e+00
      vertex  1.283940e+01 -5.005903e-01  9.400000e+00
    endloop
  endfacet
  facet normal  9.723700e-01  2.334453e-01  -0.000000e+00
    outer loop
      vertex  1.295662e+01 -9.888544e-01  1.000000e+01
      vertex  1.283940e+01 -5.005903e-01  9.400000e+00
      vertex  1.283940e+01 -5.005903e-01  1.000000e+01
    endloop
  endfacet
  facet normal  9.969173e-01  7.845895e-02  0.000000e+00
    outer loop
      vertex  1.283940e+01 -5.005903e-01  1.000000e+01
      vertex  1.283940e+01 -5.005903e-01  9.400000e+00
      vertex  1.280000e+01  3.918870e-16  9.400000e+00
    endloop
  endfacet
  facet normal  9.969173e-01  7.845895e-02  -0.000000e+00
    outer loop
      vertex  1.283940e+01 -5.005903e-01  1.000000e+01
      vertex  1.280000e+01  3.918870e-16  9.400000e+00
      vertex  1.280000e+01  3.918870e-16  1.000000e+01
    endloop
  endfacet
  facet normal  7.845895e-02 -9.969173e-01  0.000000e+00
    outer loop
      vertex  1.600000e+01  3.200000e+00  9.400000e+00
      vertex  1.549941e+01  3.160603e+00  1.000000e+01
      vertex  1.549941e+01  3.160603e+00  9.400000e+00
    endloop
  endfacet
  facet normal  2.334458e-01 -9.723698e-01  0.000000e+00
    outer loop
      vertex  1.549941e+01  3.160603e+00  9.400000e+00
      vertex  1.549941e+01  3.160603e+00  1.000000e+01
      vertex  1.501115e+01  3.043381e+00  1.000000e+01
    endloop
  endfacet
  facet normal  2.334458e-01 -9.723698e-01  0.000000e+00
    outer loop
      vertex  1.549941e+01  3.160603e+00  9.400000e+00
      vertex  1.501115e+01  3.043381e+00  1.000000e+01
      vertex  1.501115e+01  3.043381e+00  9.400000e+00
    endloop
  endfacet
  facet normal  3.826835e-01 -9.238795e-01  0.000000e+00
    outer loop
      vertex  1.501115e+01  3.043381e+00  9.400000e+00
      vertex  1.501115e+01  3.043381e+00  1.000000e+01
      vertex  1.454723e+01  2.851221e+00  1.000000e+01
    endloop
  endfacet
  facet normal  3.826835e-01 -9.238795e-01  0.000000e+00
    outer loop
      vertex  1.501115e+01  3.043381e+00  9.400000e+00
      vertex  1.454723e+01  2.851221e+00  1.000000e+01
      vertex  1.454723e+01  2.851221e+00  9.400000e+00
    endloop
  endfacet
  facet normal  5.224984e-01 -8.526403e-01  0.000000e+00
    outer loop
      vertex  1.454723e+01  2.851221e+00  9.400000e+00
      vertex  1.454723e+01  2.851221e+00  1.000000e+01
      vertex  1.411909e+01  2.588854e+00  1.000000e+01
    endloop
  endfacet
  facet normal  5.224984e-01 -8.526403e-01  0.000000e+00
    outer loop
      vertex  1.454723e+01  2.851221e+00  9.400000e+00
      vertex  1.411909e+01  2.588854e+00  1.000000e+01
      vertex  1.411909e+01  2.588854e+00  9.400000e+00
    endloop
  endfacet
  facet normal  6.494475e-01 -7.604065e-01  0.000000e+00
    outer loop
      vertex  1.411909e+01  2.588854e+00  9.400000e+00
      vertex  1.411909e+01  2.588854e+00  1.000000e+01
      vertex  1.373726e+01  2.262742e+00  1.000000e+01
    endloop
  endfacet
  facet normal  6.494475e-01 -7.604065e-01  0.000000e+00
    outer loop
      vertex  1.411909e+01  2.588854e+00  9.400000e+00
      vertex  1.373726e+01  2.262742e+00  1.000000e+01
      vertex  1.373726e+01  2.262742e+00  9.400000e+00
    endloop
  endfacet
  facet normal  7.604060e-01 -6.494480e-01  0.000000e+00
    outer loop
      vertex  1.373726e+01  2.262742e+00  9.400000e+00
      vertex  1.373726e+01  2.262742e+00  1.000000e+01
      vertex  1.341115e+01  1.880913e+00  1.000000e+01
    endloop
  endfacet
  facet normal  7.604060e-01 -6.494480e-01  0.000000e+00
    outer loop
      vertex  1.373726e+01  2.262742e+00  9.400000e+00
      vertex  1.341115e+01  1.880913e+00  1.000000e+01
      vertex  1.341115e+01  1.880913e+00  9.400000e+00
    endloop
  endfacet
  facet normal  8.526403e-01 -5.224984e-01  0.000000e+00
    outer loop
      vertex  1.341115e+01  1.880913e+00  9.400000e+00
      vertex  1.341115e+01  1.880913e+00  1.000000e+01
      vertex  1.314878e+01  1.452770e+00  1.000000e+01
    endloop
  endfacet
  facet normal  8.526403e-01 -5.224984e-01  0.000000e+00
    outer loop
      vertex  1.341115e+01  1.880913e+00  9.400000e+00
      vertex  1.314878e+01  1.452770e+00  1.000000e+01
      vertex  1.314878e+01  1.452770e+00  9.400000e+00
    endloop
  endfacet
  facet normal  9.238797e-01 -3.826829e-01  0.000000e+00
    outer loop
      vertex  1.314878e+01  1.452770e+00  9.400000e+00
      vertex  1.314878e+01  1.452770e+00  1.000000e+01
      vertex  1.295662e+01  9.888544e-01  1.000000e+01
    endloop
  endfacet
  facet normal  9.238797e-01 -3.826829e-01  0.000000e+00
    outer loop
      vertex  1.314878e+01  1.452770e+00  9.400000e+00
      vertex  1.295662e+01  9.888544e-01  1.000000e+01
      vertex  1.295662e+01  9.888544e-01  9.400000e+00
    endloop
  endfacet
  facet normal  9.723700e-01 -2.334453e-01  0.000000e+00
    outer loop
      vertex  1.295662e+01  9.888544e-01  9.400000e+00
      vertex  1.295662e+01  9.888544e-01  1.000000e+01
      vertex  1.283940e+01  5.005903e-01  1.000000e+01
    endloop
  endfacet
  facet normal  9.723700e-01 -2.334453e-01  0.000000e+00
    outer loop
      vertex  1.295662e+01  9.888544e-01  9.400000e+00
      vertex  1.283940e+01  5.005903e-01  1.000000e+01
      vertex  1.283940e+01  5.005903e-01  9.400000e+00
    endloop
  endfacet
  facet normal  9.969173e-01 -7.845895e-02  0.000000e+00
    outer loop
      vertex  1.283940e+01  5.005903e-01  9.400000e+00
      vertex  1.283940e+01  5.005903e-01  1.000000e+01
      vertex  1.280000e+01  3.918870e-16  1.000000e+01
    endloop
  endfacet
  facet normal  9.969173e-01 -7.845895e-02  0.000000e+00
    outer loop
      vertex  1.283940e+01  5.005903e-01  9.400000e+00
      vertex  1.280000e+01  3.918870e-16  1.000000e+01
      vertex  1.280000e+01  3.918870e-16  9.400000e+00
    endloop
  endfacet
  facet normal  7.845895e-02 -9.969173e-01  0.000000e+00
    outer loop
      vertex  1.549941e+01  3.160603e+00  1.000000e+01
      vertex  1.600000e+01  3.200000e+00  9.400000e+00
      vertex  1.600000e+01  3.200000e+00  1.000000e+01
    endloop
  endfacet
  facet normal -7.845909e-02 -9.969173e-01  -0.000000e+00
    outer loop
      vertex  1.600000e+01  3.200000e+00  1.000000e+01
      vertex  1.600000e+01  3.200000e+00  9.400000e+00
      vertex  1.650059e+01  3.160603e+00  9.400000e+00
    endloop
  endfacet
  facet normal -7.845909e-02 -9.969173e-01  0.000000e+00
    outer loop
      vertex  1.600000e+01  3.200000e+00  1.000000e+01
      vertex  1.650059e+01  3.160603e+00  9.400000e+00
      vertex  1.650059e+01  3.160603e+00  1.000000e+01
    endloop
  endfacet
  facet normal -2.334458e-01 -9.723698e-01  -0.000000e+00
    outer loop
      vertex  1.650059e+01  3.160603e+00  1.000000e+01
      vertex  1.650059e+01  3.160603e+00  9.400000e+00
      vertex  1.698885e+01  3.043381e+00  9.400000e+00
    endloop
  endfacet
  facet normal -2.334458e-01 -9.723698e-01  0.000000e+00
    outer loop
      vertex  1.650059e+01  3.160603e+00  1.000000e+01
      vertex  1.698885e+01  3.043381e+00  9.400000e+00
      vertex  1.698885e+01  3.043381e+00  1.000000e+01
    endloop
  endfacet
  facet normal -3.826822e-01 -9.238800e-01  -0.000000e+00
    outer loop
      vertex  1.698885e+01  3.043381e+00  1.000000e+01
      vertex  1.698885e+01  3.043381e+00  9.400000e+00
      vertex  1.745277e+01  2.851221e+00  9.400000e+00
    endloop
  endfacet
  facet normal -3.826822e-01 -9.238800e-01  0.000000e+00
    outer loop
      vertex  1.698885e+01  3.043381e+00  1.000000e+01
      vertex  1.745277e+01  2.851221e+00  9.400000e+00
      vertex  1.745277e+01  2.851221e+00  1.000000e+01
    endloop
  endfacet
  facet normal -5.224992e-01 -8.526397e-01  -0.000000e+00
    outer loop
      vertex  1.745277e+01  2.851221e+00  1.000000e+01
      vertex  1.745277e+01  2.851221e+00  9.400000e+00
      vertex  1.788091e+01  2.588854e+00  9.400000e+00
    endloop
  endfacet
  facet normal -5.224992e-01 -8.526397e-01  0.000000e+00
    outer loop
      vertex  1.745277e+01  2.851221e+00  1.000000e+01
      vertex  1.788091e+01  2.588854e+00  9.400000e+00
      vertex  1.788091e+01  2.588854e+00  1.000000e+01
    endloop
  endfacet
  facet normal -6.494484e-01 -7.604056e-01  -0.000000e+00
    outer loop
      vertex  1.788091e+01  2.588854e+00  1.000000e+01
      vertex  1.788091e+01  2.588854e+00  9.400000e+00
      vertex  1.826274e+01  2.262742e+00  9.400000e+00
    endloop
  endfacet
  facet normal -6.494484e-01 -7.604056e-01  0.000000e+00
    outer loop
      vertex  1.788091e+01  2.588854e+00  1.000000e+01
      vertex  1.826274e+01  2.262742e+00  9.400000e+00
      vertex  1.826274e+01  2.262742e+00  1.000000e+01
    endloop
  endfacet
  facet normal -7.604060e-01 -6.494480e-01  -0.000000e+00
    outer loop
      vertex  1.826274e+01  2.262742e+00  1.000000e+01
      vertex  1.826274e+01  2.262742e+00  9.400000e+00
      vertex  1.858885e+01  1.880913e+00  9.400000e+00
    endloop
  endfacet
  facet normal -7.604060e-01 -6.494480e-01  0.000000e+00
    outer loop
      vertex  1.826274e+01  2.262742e+00  1.000000e+01
      vertex  1.858885e+01  1.880913e+00  9.400000e+00
      vertex  1.858885e+01  1.880913e+00  1.000000e+01
    endloop
  endfacet
  facet normal -8.526395e-01 -5.224998e-01  -0.000000e+00
    outer loop
      vertex  1.858885e+01  1.880913e+00  1.000000e+01
      vertex  1.858885e+01  1.880913e+00  9.400000e+00
      vertex  1.885122e+01  1.452770e+00  9.400000e+00
    endloop
  endfacet
  facet normal -8.526395e-01 -5.224998e-01  0.000000e+00
    outer loop
      vertex  1.858885e+01  1.880913e+00  1.000000e+01
      vertex  1.885122e+01  1.452770e+00  9.400000e+00
      vertex  1.885122e+01  1.452770e+00  1.000000e+01
    endloop
  endfacet
  facet normal -9.238797e-01 -3.826829e-01  -0.000000e+00
    outer loop
      vertex  1.885122e+01  1.452770e+00  1.000000e+01
      vertex  1.885122e+01  1.452770e+00  9.400000e+00
      vertex  1.904338e+01  9.888544e-01  9.400000e+00
    endloop
  endfacet
  facet normal -9.238797e-01 -3.826829e-01  0.000000e+00
    outer loop
      vertex  1.885122e+01  1.452770e+00  1.000000e+01
      vertex  1.904338e+01  9.888544e-01  9.400000e+00
      vertex  1.904338e+01  9.888544e-01  1.000000e+01
    endloop
  endfacet
  facet normal -9.723700e-01 -2.334453e-01  -0.000000e+00
    outer loop
      vertex  1.904338e+01  9.888544e-01  1.000000e+01
      vertex  1.904338e+01  9.888544e-01  9.400000e+00
      vertex  1.916060e+01  5.005903e-01  9.400000e+00
    endloop
  endfacet
  facet normal -9.723700e-01 -2.334453e-01  0.000000e+00
    outer loop
      vertex  1.904338e+01  9.888544e-01  1.000000e+01
      vertex  1.916060e+01  5.005903e-01  9.400000e+00
      vertex  1.916060e+01  5.005903e-01  1.000000e+01
    endloop
  endfacet
  facet normal -9.969172e-01 -7.846084e-02  -0.000000e+00
    outer loop
      vertex  1.916060e+01  5.005903e-01  1.000000e+01
      vertex  1.916060e+01  5.005903e-01  9.400000e+00
      vertex  1.920000e+01  0.000000e+00  9.400000e+00
    endloop
  endfacet
  facet normal -9.969172e-01 -7.846084e-02  0.000000e+00
    outer loop
      vertex  1.916060e+01  5.005903e-01  1.000000e+01
      vertex  1.920000e+01  0.000000e+00  9.400000e+00
      vertex  1.920000e+01  0.000000e+00  1.000000e+01
    endloop
  endfacet
  facet normal -7.845895e-02  9.969173e-01  0.000000e+00
    outer loop
      vertex -5.878305e-16 -3.200000e+00  9.400000e+00
      vertex  5.005903e-01 -3.160603e+00  1.000000e+01
      vertex  5.005903e-01 -3.160603e+00  9.400000e+00
    endloop
  endfacet
  facet normal -2.334458e-01  9.723698e-01  0.000000e+00
    outer loop
      vertex  5.005903e-01 -3.160603e+00  9.400000e+00
      vertex  5.005903e-01 -3.160603e+00  1.000000e+01
      vertex  9.888544e-01 -3.043381e+00  1.000000e+01
    endloop
  endfacet
  facet normal -2.334458e-01  9.723698e-01  0.000000e+00
    outer loop
      vertex  5.005903e-01 -3.160603e+00  9.400000e+00
      vertex  9.888544e-01 -3.043381e+00  1.000000e+01
      vertex  9.888544e-01 -3.043381e+00  9.400000e+00
    endloop
  endfacet
  facet normal -3.826832e-01  9.238795e-01  0.000000e+00
    outer loop
      vertex  9.888544e-01 -3.043381e+00  9.400000e+00
      vertex  9.888544e-01 -3.043381e+00  1.000000e+01
      vertex  1.452770e+00 -2.851221e+00  1.000000e+01
    endloop
  endfacet
  facet normal -3.826832e-01  9.238795e-01  0.000000e+00
    outer loop
      vertex  9.888544e-01 -3.043381e+00  9.400000e+00
      vertex  1.452770e+00 -2.851221e+00  1.000000e+01
      vertex  1.452770e+00 -2.851221e+00  9.400000e+00
    endloop
  endfacet
  facet normal -5.224987e-01  8.526401e-01  0.000000e+00
    outer loop
      vertex  1.452770e+00 -2.851221e+00  9.400000e+00
      vertex  1.452770e+00 -2.851221e+00  1.000000e+01
      vertex  1.880913e+00 -2.588854e+00  1.000000e+01
    endloop
  endfacet
  facet normal -5.224987e-01  8.526401e-01  0.000000e+00
    outer loop
      vertex  1.452770e+00 -2.851221e+00  9.400000e+00
      vertex  1.880913e+00 -2.588854e+00  1.000000e+01
      vertex  1.880913e+00 -2.588854e+00  9.400000e+00
    endloop
  endfacet
  facet normal -6.494477e-01  7.604062e-01  0.000000e+00
    outer loop
      vertex  1.880913e+00 -2.588854e+00  9.400000e+00
      vertex  1.880913e+00 -2.588854e+00  1.000000e+01
      vertex  2.262742e+00 -2.262742e+00  1.000000e+01
    endloop
  endfacet
  facet normal -6.494477e-01  7.604062e-01  0.000000e+00
    outer loop
      vertex  1.880913e+00 -2.588854e+00  9.400000e+00
      vertex  2.262742e+00 -2.262742e+00  1.000000e+01
      vertex  2.262742e+00 -2.262742e+00  9.400000e+00
    endloop
  endfacet
  facet normal -7.604062e-01  6.494477e-01  0.000000e+00
    outer loop
      vertex  2.262742e+00 -2.262742e+00  9.400000e+00
      vertex  2.262742e+00 -2.262742e+00  1.000000e+01
      vertex  2.588854e+00 -1.880913e+00  1.000000e+01
    endloop
  endfacet
  facet normal -7.604062e-01  6.494477e-01  0.000000e+00
    outer loop
      vertex  2.262742e+00 -2.262742e+00  9.400000e+00
      vertex  2.588854e+00 -1.880913e+00  1.000000e+01
      vertex  2.588854e+00 -1.880913e+00  9.400000e+00
    endloop
  endfacet
  facet normal -8.526401e-01  5.224987e-01  0.000000e+00
    outer loop
      vertex  2.588854e+00 -1.880913e+00  9.400000e+00
      vertex  2.588854e+00 -1.880913e+00  1.000000e+01
      vertex  2.851221e+00 -1.452770e+00  1.000000e+01
    endloop
  endfacet
  facet normal -8.526401e-01  5.224987e-01  0.000000e+00
    outer loop
      vertex  2.588854e+00 -1.880913e+00  9.400000e+00
      vertex  2.851221e+00 -1.452770e+00  1.000000e+01
      vertex  2.851221e+00 -1.452770e+00  9.400000e+00
    endloop
  endfacet
  facet normal -9.238795e-01  3.826832e-01  0.000000e+00
    outer loop
      vertex  2.851221e+00 -1.452770e+00  9.400000e+00
      vertex  2.851221e+00 -1.452770e+00  1.000000e+01
      vertex  3.043381e+00 -9.888544e-01  1.000000e+01
    endloop
  endfacet
  facet normal -9.238795e-01  3.826832e-01  0.000000e+00
    outer loop
      vertex  2.851221e+00 -1.452770e+00  9.400000e+00
      vertex  3.043381e+00 -9.888544e-01  1.000000e+01
      vertex  3.043381e+00 -9.888544e-01  9.400000e+00
    endloop
  endfacet
  facet normal -9.723698e-01  2.334458e-01  0.000000e+00
    outer loop
      vertex  3.043381e+00 -9.888544e-01  9.400000e+00
      vertex  3.043381e+00 -9.888544e-01  1.000000e+01
      vertex  3.160603e+00 -5.005903e-01  1.000000e+01
    endloop
  endfacet
  facet normal -9.723698e-01  2.334458e-01  0.000000e+00
    outer loop
      vertex  3.043381e+00 -9.888544e-01  9.400000e+00
      vertex  3.160603e+00 -5.005903e-01  1.000000e+01
      vertex  3.160603e+00 -5.005903e-01  9.400000e+00
    endloop
  endfacet
  facet normal -9.969173e-01  7.845895e-02  0.000000e+00
    outer loop
      vertex  3.160603e+00 -5.005903e-01  9.400000e+00
      vertex  3.160603e+00 -5.005903e-01  1.000000e+01
      vertex  3.200000e+00  0.000000e+00  1.000000e+01
    endloop
  endfacet
  facet normal -9.969173e-01  7.845895e-02  0.000000e+00
    outer loop
      vertex  3.160603e+00 -5.005903e-01  9.400000e+00
      vertex  3.200000e+00  0.000000e+00  1.000000e+01
      vertex  3.200000e+00  0.000000e+00  9.400000e+00
    endloop
  endfacet
  facet normal -7.845895e-02  9.969173e-01  0.000000e+00
    outer loop
      vertex  5.005903e-01 -3.160603e+00  1.000000e+01
      vertex -5.878305e-16 -3.200000e+00  9.400000e+00
      vertex -5.878305e-16 -3.200000e+00  1.000000e+01
    endloop
  endfacet
  facet normal  7.845895e-02  9.969173e-01  0.000000e+00
    outer loop
      vertex -5.878305e-16 -3.200000e+00  1.000000e+01
      vertex -5.878305e-16 -3.200000e+00  9.400000e+00
      vertex -5.005903e-01 -3.160603e+00  9.400000e+00
    endloop
  endfacet
  facet normal  7.845895e-02  9.969173e-01  -0.000000e+00
    outer loop
      vertex -5.878305e-16 -3.200000e+00  1.000000e+01
      vertex -5.005903e-01 -3.160603e+00  9.400000e+00
      vertex -5.005903e-01 -3.160603e+00  1.000000e+01
    endloop
  endfacet
  facet normal  2.334458e-01  9.723698e-01  0.000000e+00
    outer loop
      vertex -5.005903e-01 -3.160603e+00  1.000000e+01
      vertex -5.005903e-01 -3.160603e+00  9.400000e+00
      vertex -9.888544e-01 -3.043381e+00  9.400000e+00
    endloop
  endfacet
  facet normal  2.334458e-01  9.723698e-01  -0.000000e+00
    outer loop
      vertex -5.005903e-01 -3.160603e+00  1.000000e+01
      vertex -9.888544e-01 -3.043381e+00  9.400000e+00
      vertex -9.888544e-01 -3.043381e+00  1.000000e+01
    endloop
  endfacet
  facet normal  3.826832e-01  9.238795e-01  0.000000e+00
    outer loop
      vertex -9.888544e-01 -3.043381e+00  1.000000e+01
      vertex -9.888544e-01 -3.043381e+00  9.400000e+00
      vertex -1.452770e+00 -2.851221e+00  9.400000e+00
    endloop
  endfacet
  facet normal  3.826832e-01  9.238795e-01  -0.000000e+00
    outer loop
      vertex -9.888544e-01 -3.043381e+00  1.000000e+01
      vertex -1.452770e+00 -2.851221e+00  9.400000e+00
      vertex -1.452770e+00 -2.851221e+00  1.000000e+01
    endloop
  endfacet
  facet normal  5.224987e-01  8.526401e-01  0.000000e+00
    outer loop
      vertex -1.452770e+00 -2.851221e+00  1.000000e+01
      vertex -1.452770e+00 -2.851221e+00  9.400000e+00
      vertex -1.880913e+00 -2.588854e+00  9.400000e+00
    endloop
  endfacet
  facet normal  5.224987e-01  8.526401e-01  -0.000000e+00
    outer loop
      vertex -1.452770e+00 -2.851221e+00  1.000000e+01
      vertex -1.880913e+00 -2.588854e+00  9.400000e+00
      vertex -1.880913e+00 -2.588854e+00  1.000000e+01
    endloop
  endfacet
  facet normal  6.494477e-01  7.604062e-01  0.000000e+00
    outer loop
      vertex -1.880913e+00 -2.588854e+00  1.000000e+01
      vertex -1.880913e+00 -2.588854e+00  9.400000e+00
      vertex -2.262742e+00 -2.262742e+00  9.400000e+00
    endloop
  endfacet
  facet normal  6.494477e-01  7.604062e-01  -0.000000e+00
    outer loop
      vertex -1.880913e+00 -2.588854e+00  1.000000e+01
      vertex -2.262742e+00 -2.262742e+00  9.400000e+00
      vertex -2.262742e+00 -2.262742e+00  1.000000e+01
    endloop
  endfacet
  facet normal  7.604062e-01  6.494477e-01  0.000000e+00
    outer loop
      vertex -2.262742e+00 -2.262742e+00  1.000000e+01
      vertex -2.262742e+00 -2.262742e+00  9.400000e+00
      vertex -2.588854e+00 -1.880913e+00  9.400000e+00
    endloop
  endfacet
  facet normal  7.604062e-01  6.494477e-01  -0.000000e+00
    outer loop
      vertex -2.262742e+00 -2.262742e+00  1.000000e+01
      vertex -2.588854e+00 -1.880913e+00  9.400000e+00
      vertex -2.588854e+00 -1.880913e+00  1.000000e+01
    endloop
  endfacet
  facet normal  8.526401e-01  5.224987e-01  0.000000e+00
    outer loop
      vertex -2.588854e+00 -1.880913e+00  1.000000e+01
      vertex -2.588854e+00 -1.880913e+00  9.400000e+00
      vertex -2.851221e+00 -1.452770e+00  9.400000e+00
    endloop
  endfacet
  facet normal  8.526401e-01  5.224987e-01  -0.000000e+00
    outer loop
      vertex -2.588854e+00 -1.880913e+00  1.000000e+01
      vertex -2.851221e+00 -1.452770e+00  9.400000e+00
      vertex -2.851221e+00 -1.452770e+00  1.000000e+01
    endloop
  endfacet
  facet normal  9.238795e-01  3.826832e-01  0.000000e+00
    outer loop
      vertex -2.851221e+00 -1.452770e+00  1.000000e+01
      vertex -2.851221e+00 -1.452770e+00  9.400000e+00
      vertex -3.043381e+00 -9.888544e-01  9.400000e+00
    endloop
  endfacet
  facet normal  9.238795e-01  3.826832e-01  -0.000000e+00
    outer loop
      vertex -2.851221e+00 -1.452770e+00  1.000000e+01
      vertex -3.043381e+00 -9.888544e-01  9.400000e+00
      vertex -3.043381e+00 -9.888544e-01  1.000000e+01
    endloop
  endfacet
  facet normal  9.723698e-01  2.334458e-01  0.000000e+00
    outer loop
      vertex -3.043381e+00 -9.888544e-01  1.000000e+01
      vertex -3.043381e+00 -9.888544e-01  9.400000e+00
      vertex -3.160603e+00 -5.005903e-01  9.400000e+00
    endloop
  endfacet
  facet normal  9.723698e-01  2.334458e-01  -0.000000e+00
    outer loop
      vertex -3.043381e+00 -9.888544e-01  1.000000e+01
      vertex -3.160603e+00 -5.005903e-01  9.400000e+00
      vertex -3.160603e+00 -5.005903e-01  1.000000e+01
    endloop
  endfacet
  facet normal  9.969173e-01  7.845895e-02  0.000000e+00
    outer loop
      vertex -3.160603e+00 -5.005903e-01  1.000000e+01
      vertex -3.160603e+00 -5.005903e-01  9.400000e+00
      vertex -3.200000e+00  3.918870e-16  9.400000e+00
    endloop
  endfacet
  facet normal  9.969173e-01  7.845895e-02  -0.000000e+00
    outer loop
      vertex -3.160603e+00 -5.005903e-01  1.000000e+01
      vertex -3.200000e+00  3.918870e-16  9.400000e+00
      vertex -3.200000e+00  3.918870e-16  1.000000e+01
    endloop
  endfacet
  facet normal  7.845895e-02 -9.969173e-01  0.000000e+00
    outer loop
      vertex  1.959435e-16  3.200000e+00  9.400000e+00
      vertex -5.005903e-01  3.160603e+00  1.000000e+01
      vertex -5.005903e-01  3.160603e+00  9.400000e+00
    endloop
  endfacet
  facet normal  2.334458e-01 -9.723698e-01  0.000000e+00
    outer loop
      vertex -5.005903e-01  3.160603e+00  9.400000e+00
      vertex -5.005903e-01  3.160603e+00  1.000000e+01
      vertex -9.888544e-01  3.043381e+00  1.000000e+01
    endloop
  endfacet
  facet normal  2.334458e-01 -9.723698e-01  0.000000e+00
    outer loop
      vertex -5.005903e-01  3.160603e+00  9.400000e+00
      vertex -9.888544e-01  3.043381e+00  1.000000e+01
      vertex -9.888544e-01  3.043381e+00  9.400000e+00
    endloop
  endfacet
  facet normal  3.826832e-01 -9.238795e-01  0.000000e+00
    outer loop
      vertex -9.888544e-01  3.043381e+00  9.400000e+00
      vertex -9.888544e-01  3.043381e+00  1.000000e+01
      vertex -1.452770e+00  2.851221e+00  1.000000e+01
    endloop
  endfacet
  facet normal  3.826832e-01 -9.238795e-01  0.000000e+00
    outer loop
      vertex -9.888544e-01  3.043381e+00  9.400000e+00
      vertex -1.452770e+00  2.851221e+00  1.000000e+01
      vertex -1.452770e+00  2.851221e+00  9.400000e+00
    endloop
  endfacet
  facet normal  5.224987e-01 -8.526401e-01  0.000000e+00
    outer loop
      vertex -1.452770e+00  2.851221e+00  9.400000e+00
      vertex -1.452770e+00  2.851221e+00  1.000000e+01
      vertex -1.880913e+00  2.588854e+00  1.000000e+01
    endloop
  endfacet
  facet normal  5.224987e-01 -8.526401e-01  0.000000e+00
    outer loop
      vertex -1.452770e+00  2.851221e+00  9.400000e+00
      vertex -1.880913e+00  2.588854e+00  1.000000e+01
      vertex -1.880913e+00  2.588854e+00  9.400000e+00
    endloop
  endfacet
  facet normal  6.494477e-01 -7.604062e-01  0.000000e+00
    outer loop
      vertex -1.880913e+00  2.588854e+00  9.400000e+00
      vertex -1.880913e+00  2.588854e+00  1.000000e+01
      vertex -2.262742e+00  2.262742e+00  1.000000e+01
    endloop
  endfacet
  facet normal  6.494477e-01 -7.604062e-01  0.000000e+00
    outer loop
      vertex -1.880913e+00  2.588854e+00  9.400000e+00
      vertex -2.262742e+00  2.262742e+00  1.000000e+01
      vertex -2.262742e+00  2.262742e+00  9.400000e+00
    endloop
  endfacet
  facet normal  7.604062e-01 -6.494477e-01  0.000000e+00
    outer loop
      vertex -2.262742e+00  2.262742e+00  9.400000e+00
      vertex -2.262742e+00  2.262742e+00  1.000000e+01
      vertex -2.588854e+00  1.880913e+00  1.000000e+01
    endloop
  endfacet
  facet normal  7.604062e-01 -6.494477e-01  0.000000e+00
    outer loop
      vertex -2.262742e+00  2.262742e+00  9.400000e+00
      vertex -2.588854e+00  1.880913e+00  1.000000e+01
      vertex -2.588854e+00  1.880913e+00  9.400000e+00
    endloop
  endfacet
  facet normal  8.526401e-01 -5.224987e-01  0.000000e+00
    outer loop
      vertex -2.588854e+00  1.880913e+00  9.400000e+00
      vertex -2.588854e+00  1.880913e+00  1.000000e+01
      vertex -2.851221e+00  1.452770e+00  1.000000e+01
    endloop
  endfacet
  facet normal  8.526401e-01 -5.224987e-01  0.000000e+00
    outer loop
      vertex -2.588854e+00  1.880913e+00  9.400000e+00
      vertex -2.851221e+00  1.452770e+00  1.000000e+01
      vertex -2.851221e+00  1.452770e+00  9.400000e+00
    endloop
  endfacet
  facet normal  9.238795e-01 -3.826832e-01  0.000000e+00
    outer loop
      vertex -2.851221e+00  1.452770e+00  9.400000e+00
      vertex -2.851221e+00  1.452770e+00  1.000000e+01
      vertex -3.043381e+00  9.888544e-01  1.000000e+01
    endloop
  endfacet
  facet normal  9.238795e-01 -3.826832e-01  0.000000e+00
    outer loop
      vertex -2.851221e+00  1.452770e+00  9.400000e+00
      vertex -3.043381e+00  9.888544e-01  1.000000e+01
      vertex -3.043381e+00  9.888544e-01  9.400000e+00
    endloop
  endfacet
  facet normal  9.723698e-01 -2.334458e-01  0.000000e+00
    outer loop
      vertex -3.043381e+00  9.888544e-01  9.400000e+00
      vertex -3.043381e+00  9.888544e-01  1.000000e+01
      vertex -3.160603e+00  5.005903e-01  1.000000e+01
    endloop
  endfacet
  facet normal  9.723698e-01 -2.334458e-01  0.000000e+00
    outer loop
      vertex -3.043381e+00  9.888544e-01  9.400000e+00
      vertex -3.160603e+00  5.005903e-01  1.000000e+01
      vertex -3.160603e+00  5.005903e-01  9.400000e+00
    endloop
  endfacet
  facet normal  9.969173e-01 -7.845895e-02  0.000000e+00
    outer loop
      vertex -3.160603e+00  5.005903e-01  9.400000e+00
      vertex -3.160603e+00  5.005903e-01  1.000000e+01
      vertex -3.200000e+00  3.918870e-16  1.000000e+01
    endloop
  endfacet
  facet normal  9.969173e-01 -7.845895e-02  0.000000e+00
    outer loop
      vertex -3.160603e+00  5.005903e-01  9.400000e+00
      vertex -3.200000e+00  3.918870e-16  1.000000e+01
      vertex -3.200000e+00  3.918870e-16  9.400000e+00
    endloop
  endfacet
  facet normal  7.845895e-02 -9.969173e-01  0.000000e+00
    outer loop
      vertex -5.005903e-01  3.160603e+00  1.000000e+01
      vertex  1.959435e-16  3.200000e+00  9.400000e+00
      vertex  1.959435e-16  3.200000e+00  1.000000e+01
    endloop
  endfacet
  facet normal -7.845895e-02 -9.969173e-01  -0.000000e+00
    outer loop
      vertex  1.959435e-16  3.200000e+00  1.000000e+01
      vertex  1.959435e-16  3.200000e+00  9.400000e+00
      vertex  5.005903e-01  3.160603e+00  9.400000e+00
    endloop
  endfacet
  facet normal -7.845895e-02 -9.969173e-01  0.000000e+00
    outer loop
      vertex  1.959435e-16  3.200000e+00  1.000000e+01
      vertex  5.005903e-01  3.160603e+00  9.400000e+00
      vertex  5.005903e-01  3.160603e+00  1.000000e+01
    endloop
  endfacet
  facet normal -2.334458e-01 -9.723698e-01  -0.000000e+00
    outer loop
      vertex  5.005903e-01  3.160603e+00  1.000000e+01
      vertex  5.005903e-01  3.160603e+00  9.400000e+00
      vertex  9.888544e-01  3.043381e+00  9.400000e+00
    endloop
  endfacet
  facet normal -2.334458e-01 -9.723698e-01  0.000000e+00
    outer loop
      vertex  5.005903e-01  3.160603e+00  1.000000e+01
      vertex  9.888544e-01  3.043381e+00  9.400000e+00
      vertex  9.888544e-01  3.043381e+00  1.000000e+01
    endloop
  endfacet
  facet normal -3.826832e-01 -9.238795e-01  -0.000000e+00
    outer loop
      vertex  9.888544e-01  3.043381e+00  1.000000e+01
      vertex  9.888544e-01  3.043381e+00  9.400000e+00
      vertex  1.452770e+00  2.851221e+00  9.400000e+00
    endloop
  endfacet
  facet normal -3.826832e-01 -9.238795e-01  0.000000e+00
    outer loop
      vertex  9.888544e-01  3.043381e+00  1.000000e+01
      vertex  1.452770e+00  2.851221e+00  9.400000e+00
      vertex  1.452770e+00  2.851221e+00  1.000000e+01
    endloop
  endfacet
  facet normal -5.224987e-01 -8.526401e-01  -0.000000e+00
    outer loop
      vertex  1.452770e+00  2.851221e+00  1.000000e+01
      vertex  1.452770e+00  2.851221e+00  9.400000e+00
      vertex  1.880913e+00  2.588854e+00  9.400000e+00
    endloop
  endfacet
  facet normal -5.224987e-01 -8.526401e-01  0.000000e+00
    outer loop
      vertex  1.452770e+00  2.851221e+00  1.000000e+01
      vertex  1.880913e+00  2.588854e+00  9.400000e+00
      vertex  1.880913e+00  2.588854e+00  1.000000e+01
    endloop
  endfacet
  facet normal -6.494477e-01 -7.604062e-01  -0.000000e+00
    outer loop
      vertex  1.880913e+00  2.588854e+00  1.000000e+01
      vertex  1.880913e+00  2.588854e+00  9.400000e+00
      vertex  2.262742e+00  2.262742e+00  9.400000e+00
    endloop
  endfacet
  facet normal -6.494477e-01 -7.604062e-01  0.000000e+00
    outer loop
      vertex  1.880913e+00  2.588854e+00  1.000000e+01
      vertex  2.262742e+00  2.262742e+00  9.400000e+00
      vertex  2.262742e+00  2.262742e+00  1.000000e+01
    endloop
  endfacet
  facet normal -7.604062e-01 -6.494477e-01  -0.000000e+00
    outer loop
      vertex  2.262742e+00  2.262742e+00  1.000000e+01
      vertex  2.262742e+00  2.262742e+00  9.400000e+00
      vertex  2.588854e+00  1.880913e+00  9.400000e+00
    endloop
  endfacet
  facet normal -7.604062e-01 -6.494477e-01  0.000000e+00
    outer loop
      vertex  2.262742e+00  2.262742e+00  1.000000e+01
      vertex  2.588854e+00  1.880913e+00  9.400000e+00
      vertex  2.588854e+00  1.880913e+00  1.000000e+01
    endloop
  endfacet
  facet normal -8.526401e-01 -5.224987e-01  -0.000000e+00
    outer loop
      vertex  2.588854e+00  1.880913e+00  1.000000e+01
      vertex  2.588854e+00  1.880913e+00  9.400000e+00
      vertex  2.851221e+00  1.452770e+00  9.400000e+00
    endloop
  endfacet
  facet normal -8.526401e-01 -5.224987e-01  0.000000e+00
    outer loop
      vertex  2.588854e+00  1.880913e+00  1.000000e+01
      vertex  2.851221e+00  1.452770e+00  9.400000e+00
      vertex  2.851221e+00  1.452770e+00  1.000000e+01
    endloop
  endfacet
  facet normal -9.238795e-01 -3.826832e-01  -0.000000e+00
    outer loop
      vertex  2.851221e+00  1.452770e+00  1.000000e+01
      vertex  2.851221e+00  1.452770e+00  9.400000e+00
      vertex  3.043381e+00  9.888544e-01  9.400000e+00
    endloop
  endfacet
  facet normal -9.238795e-01 -3.826832e-01  0.000000e+00
    outer loop
      vertex  2.851221e+00  1.452770e+00  1.000000e+01
      vertex  3.043381e+00  9.888544e-01  9.400000e+00
      vertex  3.043381e+00  9.888544e-01  1.000000e+01
    endloop
  endfacet
  facet normal -9.723698e-01 -2.334458e-01  -0.000000e+00
    outer loop
      vertex  3.043381e+00  9.888544e-01  1.000000e+01
      vertex  3.043381e+00  9.888544e-01  9.400000e+00
      vertex  3.160603e+00  5.005903e-01  9.400000e+00
    endloop
  endfacet
  facet normal -9.723698e-01 -2.334458e-01  0.000000e+00
    outer loop
      vertex  3.043381e+00  9.888544e-01  1.000000e+01
      vertex  3.160603e+00  5.005903e-01  9.400000e+00
      vertex  3.160603e+00  5.005903e-01  1.000000e+01
    endloop
  endfacet
  facet normal -9.969173e-01 -7.845895e-02  -0.000000e+00
    outer loop
      vertex  3.160603e+00  5.005903e-01  1.000000e+01
      vertex  3.160603e+00  5.005903e-01  9.400000e+00
      vertex  3.200000e+00  0.000000e+00  9.400000e+00
    endloop
  endfacet
  facet normal -9.969173e-01 -7.845895e-02  0.000000e+00
    outer loop
      vertex  3.160603e+00  5.005903e-01  1.000000e+01
      vertex  3.200000e+00  0.000000e+00  9.400000e+00
      vertex  3.200000e+00  0.000000e+00  1.000000e+01
    endloop
  endfacet
  facet normal -7.845895e-02  9.969173e-01  0.000000e+00
    outer loop
      vertex -1.600000e+01 -3.200000e+00  9.400000e+00
      vertex -1.549941e+01 -3.160603e+00  1.000000e+01
      vertex -1.549941e+01 -3.160603e+00  9.400000e+00
    endloop
  endfacet
  facet normal -2.334458e-01  9.723698e-01  0.000000e+00
    outer loop
      vertex -1.549941e+01 -3.160603e+00  9.400000e+00
      vertex -1.549941e+01 -3.160603e+00  1.000000e+01
      vertex -1.501115e+01 -3.043381e+00  1.000000e+01
    endloop
  endfacet
  facet normal -2.334458e-01  9.723698e-01  0.000000e+00
    outer loop
      vertex -1.549941e+01 -3.160603e+00  9.400000e+00
      vertex -1.501115e+01 -3.043381e+00  1.000000e+01
      vertex -1.501115e+01 -3.043381e+00  9.400000e+00
    endloop
  endfacet
  facet normal -3.826835e-01  9.238795e-01  0.000000e+00
    outer loop
      vertex -1.501115e+01 -3.043381e+00  9.400000e+00
      vertex -1.501115e+01 -3.043381e+00  1.000000e+01
      vertex -1.454723e+01 -2.851221e+00  1.000000e+01
    endloop
  endfacet
  facet normal -3.826835e-01  9.238795e-01  0.000000e+00
    outer loop
      vertex -1.501115e+01 -3.043381e+00  9.400000e+00
      vertex -1.454723e+01 -2.851221e+00  1.000000e+01
      vertex -1.454723e+01 -2.851221e+00  9.400000e+00
    endloop
  endfacet
  facet normal -5.224984e-01  8.526403e-01  0.000000e+00
    outer loop
      vertex -1.454723e+01 -2.851221e+00  9.400000e+00
      vertex -1.454723e+01 -2.851221e+00  1.000000e+01
      vertex -1.411909e+01 -2.588854e+00  1.000000e+01
    endloop
  endfacet
  facet normal -5.224984e-01  8.526403e-01  0.000000e+00
    outer loop
      vertex -1.454723e+01 -2.851221e+00  9.400000e+00
      vertex -1.411909e+01 -2.588854e+00  1.000000e+01
      vertex -1.411909e+01 -2.588854e+00  9.400000e+00
    endloop
  endfacet
  facet normal -6.494475e-01  7.604065e-01  0.000000e+00
    outer loop
      vertex -1.411909e+01 -2.588854e+00  9.400000e+00
      vertex -1.411909e+01 -2.588854e+00  1.000000e+01
      vertex -1.373726e+01 -2.262742e+00  1.000000e+01
    endloop
  endfacet
  facet normal -6.494475e-01  7.604065e-01  0.000000e+00
    outer loop
      vertex -1.411909e+01 -2.588854e+00  9.400000e+00
      vertex -1.373726e+01 -2.262742e+00  1.000000e+01
      vertex -1.373726e+01 -2.262742e+00  9.400000e+00
    endloop
  endfacet
  facet normal -7.604060e-01  6.494480e-01  0.000000e+00
    outer loop
      vertex -1.373726e+01 -2.262742e+00  9.400000e+00
      vertex -1.373726e+01 -2.262742e+00  1.000000e+01
      vertex -1.341115e+01 -1.880913e+00  1.000000e+01
    endloop
  endfacet
  facet normal -7.604060e-01  6.494480e-01  0.000000e+00
    outer loop
      vertex -1.373726e+01 -2.262742e+00  9.400000e+00
      vertex -1.341115e+01 -1.880913e+00  1.000000e+01
      vertex -1.341115e+01 -1.880913e+00  9.400000e+00
    endloop
  endfacet
  facet normal -8.526403e-01  5.224984e-01  0.000000e+00
    outer loop
      vertex -1.341115e+01 -1.880913e+00  9.400000e+00
      vertex -1.341115e+01 -1.880913e+00  1.000000e+01
      vertex -1.314878e+01 -1.452770e+00  1.000000e+01
    endloop
  endfacet
  facet normal -8.526403e-01  5.224984e-01  0.000000e+00
    outer loop
      vertex -1.341115e+01 -1.880913e+00  9.400000e+00
      vertex -1.314878e+01 -1.452770e+00  1.000000e+01
      vertex -1.314878e+01 -1.452770e+00  9.400000e+00
    endloop
  endfacet
  facet normal -9.238797e-01  3.826829e-01  0.000000e+00
    outer loop
      vertex -1.314878e+01 -1.452770e+00  9.400000e+00
      vertex -1.314878e+01 -1.452770e+00  1.000000e+01
      vertex -1.295662e+01 -9.888544e-01  1.000000e+01
    endloop
  endfacet
  facet normal -9.238797e-01  3.826829e-01  0.000000e+00
    outer loop
      vertex -1.314878e+01 -1.452770e+00  9.400000e+00
      vertex -1.295662e+01 -9.888544e-01  1.000000e+01
      vertex -1.295662e+01 -9.888544e-01  9.400000e+00
    endloop
  endfacet
  facet normal -9.723700e-01  2.334453e-01  0.000000e+00
    outer loop
      vertex -1.295662e+01 -9.888544e-01  9.400000e+00
      vertex -1.295662e+01 -9.888544e-01  1.000000e+01
      vertex -1.283940e+01 -5.005903e-01  1.000000e+01
    endloop
  endfacet
  facet normal -9.723700e-01  2.334453e-01  0.000000e+00
    outer loop
      vertex -1.295662e+01 -9.888544e-01  9.400000e+00
      vertex -1.283940e+01 -5.005903e-01  1.000000e+01
      vertex -1.283940e+01 -5.005903e-01  9.400000e+00
    endloop
  endfacet
  facet normal -9.969173e-01  7.845895e-02  0.000000e+00
    outer loop
      vertex -1.283940e+01 -5.005903e-01  9.400000e+00
      vertex -1.283940e+01 -5.005903e-01  1.000000e+01
      vertex -1.280000e+01  0.000000e+00  1.000000e+01
    endloop
  endfacet
  facet normal -9.969173e-01  7.845895e-02  0.000000e+00
    outer loop
      vertex -1.283940e+01 -5.005903e-01  9.400000e+00
      vertex -1.280000e+01  0.000000e+00  1.000000e+01
      vertex -1.280000e+01  0.000000e+00  9.400000e+00
    endloop
  endfacet
  facet normal -7.845895e-02  9.969173e-01  0.000000e+00
    outer loop
      vertex -1.549941e+01 -3.160603e+00  1.000000e+01
      vertex -1.600000e+01 -3.200000e+00  9.400000e+00
      vertex -1.600000e+01 -3.200000e+00  1.000000e+01
    endloop
  endfacet
  facet normal  7.845909e-02  9.969173e-01  0.000000e+00
    outer loop
      vertex -1.600000e+01 -3.200000e+00  1.000000e+01
      vertex -1.600000e+01 -3.200000e+00  9.400000e+00
      vertex -1.650059e+01 -3.160603e+00  9.400000e+00
    endloop
  endfacet
  facet normal  7.845909e-02  9.969173e-01  -0.000000e+00
    outer loop
      vertex -1.600000e+01 -3.200000e+00  1.000000e+01
      vertex -1.650059e+01 -3.160603e+00  9.400000e+00
      vertex -1.650059e+01 -3.160603e+00  1.000000e+01
    endloop
  endfacet
  facet normal  2.334458e-01  9.723698e-01  0.000000e+00
    outer loop
      vertex -1.650059e+01 -3.160603e+00  1.000000e+01
      vertex -1.650059e+01 -3.160603e+00  9.400000e+00
      vertex -1.698885e+01 -3.043381e+00  9.400000e+00
    endloop
  endfacet
  facet normal  2.334458e-01  9.723698e-01  -0.000000e+00
    outer loop
      vertex -1.650059e+01 -3.160603e+00  1.000000e+01
      vertex -1.698885e+01 -3.043381e+00  9.400000e+00
      vertex -1.698885e+01 -3.043381e+00  1.000000e+01
    endloop
  endfacet
  facet normal  3.826822e-01  9.238800e-01  0.000000e+00
    outer loop
      vertex -1.698885e+01 -3.043381e+00  1.000000e+01
      vertex -1.698885e+01 -3.043381e+00  9.400000e+00
      vertex -1.745277e+01 -2.851221e+00  9.400000e+00
    endloop
  endfacet
  facet normal  3.826822e-01  9.238800e-01  -0.000000e+00
    outer loop
      vertex -1.698885e+01 -3.043381e+00  1.000000e+01
      vertex -1.745277e+01 -2.851221e+00  9.400000e+00
      vertex -1.745277e+01 -2.851221e+00  1.000000e+01
    endloop
  endfacet
  facet normal  5.224992e-01  8.526397e-01  0.000000e+00
    outer loop
      vertex -1.745277e+01 -2.851221e+00  1.000000e+01
      vertex -1.745277e+01 -2.851221e+00  9.400000e+00
      vertex -1.788091e+01 -2.588854e+00  9.400000e+00
    endloop
  endfacet
  facet normal  5.224992e-01  8.526397e-01  -0.000000e+00
    outer loop
      vertex -1.745277e+01 -2.851221e+00  1.000000e+01
      vertex -1.788091e+01 -2.588854e+00  9.400000e+00
      vertex -1.788091e+01 -2.588854e+00  1.000000e+01
    endloop
  endfacet
  facet normal  6.494484e-01  7.604056e-01  0.000000e+00
    outer loop
      vertex -1.788091e+01 -2.588854e+00  1.000000e+01
      vertex -1.788091e+01 -2.588854e+00  9.400000e+00
      vertex -1.826274e+01 -2.262742e+00  9.400000e+00
    endloop
  endfacet
  facet normal  6.494484e-01  7.604056e-01  -0.000000e+00
    outer loop
      vertex -1.788091e+01 -2.588854e+00  1.000000e+01
      vertex -1.826274e+01 -2.262742e+00  9.400000e+00
      vertex -1.826274e+01 -2.262742e+00  1.000000e+01
    endloop
  endfacet
  facet normal  7.604060e-01  6.494480e-01  0.000000e+00
    outer loop
      vertex -1.826274e+01 -2.262742e+00  1.000000e+01
      vertex -1.826274e+01 -2.262742e+00  9.400000e+00
      vertex -1.858885e+01 -1.880913e+00  9.400000e+00
    endloop
  endfacet
  facet normal  7.604060e-01  6.494480e-01  -0.000000e+00
    outer loop
      vertex -1.826274e+01 -2.262742e+00  1.000000e+01
      vertex -1.858885e+01 -1.880913e+00  9.400000e+00
      vertex -1.858885e+01 -1.880913e+00  1.000000e+01
    endloop
  endfacet
  facet normal  8.526395e-01  5.224998e-01  0.000000e+00
    outer loop
      vertex -1.858885e+01 -1.880913e+00  1.000000e+01
      vertex -1.858885e+01 -1.880913e+00  9.400000e+00
      vertex -1.885122e+01 -1.452770e+00  9.400000e+00
    endloop
  endfacet
  facet normal  8.526395e-01  5.224998e-01  -0.000000e+00
    outer loop
      vertex -1.858885e+01 -1.880913e+00  1.000000e+01
      vertex -1.885122e+01 -1.452770e+00  9.400000e+00
      vertex -1.885122e+01 -1.452770e+00  1.000000e+01
    endloop
  endfacet
  facet normal  9.238797e-01  3.826829e-01  0.000000e+00
    outer loop
      vertex -1.885122e+01 -1.452770e+00  1.000000e+01
      vertex -1.885122e+01 -1.452770e+00  9.400000e+00
      vertex -1.904338e+01 -9.888544e-01  9.400000e+00
    endloop
  endfacet
  facet normal  9.238797e-01  3.826829e-01  -0.000000e+00
    outer loop
      vertex -1.885122e+01 -1.452770e+00  1.000000e+01
      vertex -1.904338e+01 -9.888544e-01  9.400000e+00
      vertex -1.904338e+01 -9.888544e-01  1.000000e+01
    endloop
  endfacet
  facet normal  9.723700e-01  2.334453e-01  0.000000e+00
    outer loop
      vertex -1.904338e+01 -9.888544e-01  1.000000e+01
      vertex -1.904338e+01 -9.888544e-01  9.400000e+00
      vertex -1.916060e+01 -5.005903e-01  9.400000e+00
    endloop
  endfacet
  facet normal  9.723700e-01  2.334453e-01  -0.000000e+00
    outer loop
      vertex -1.904338e+01 -9.888544e-01  1.000000e+01
      vertex -1.916060e+01 -5.005903e-01  9.400000e+00
      vertex -1.916060e+01 -5.005903e-01  1.000000e+01
    endloop
  endfacet
  facet normal  9.969172e-01  7.846084e-02  0.000000e+00
    outer loop
      vertex -1.916060e+01 -5.005903e-01  1.000000e+01
      vertex -1.916060e+01 -5.005903e-01  9.400000e+00
      vertex -1.920000e+01  3.918870e-16  9.400000e+00
    endloop
  endfacet
  facet normal  9.969172e-01  7.846084e-02  -0.000000e+00
    outer loop
      vertex -1.916060e+01 -5.005903e-01  1.000000e+01
      vertex -1.920000e+01  3.918870e-16  9.400000e+00
      vertex -1.920000e+01  3.918870e-16  1.000000e+01
    endloop
  endfacet
  facet normal  7.845909e-02 -9.969173e-01  0.000000e+00
    outer loop
      vertex -1.600000e+01  3.200000e+00  9.400000e+00
      vertex -1.650059e+01  3.160603e+00  1.000000e+01
      vertex -1.650059e+01  3.160603e+00  9.400000e+00
    endloop
  endfacet
  facet normal  2.334458e-01 -9.723698e-01  0.000000e+00
    outer loop
      vertex -1.650059e+01  3.160603e+00  9.400000e+00
      vertex -1.650059e+01  3.160603e+00  1.000000e+01
      vertex -1.698885e+01  3.043381e+00  1.000000e+01
    endloop
  endfacet
  facet normal  2.334458e-01 -9.723698e-01  0.000000e+00
    outer loop
      vertex -1.650059e+01  3.160603e+00  9.400000e+00
      vertex -1.698885e+01  3.043381e+00  1.000000e+01
      vertex -1.698885e+01  3.043381e+00  9.400000e+00
    endloop
  endfacet
  facet normal  3.826822e-01 -9.238800e-01  0.000000e+00
    outer loop
      vertex -1.698885e+01  3.043381e+00  9.400000e+00
      vertex -1.698885e+01  3.043381e+00  1.000000e+01
      vertex -1.745277e+01  2.851221e+00  1.000000e+01
    endloop
  endfacet
  facet normal  3.826822e-01 -9.238800e-01  0.000000e+00
    outer loop
      vertex -1.698885e+01  3.043381e+00  9.400000e+00
      vertex -1.745277e+01  2.851221e+00  1.000000e+01
      vertex -1.745277e+01  2.851221e+00  9.400000e+00
    endloop
  endfacet
  facet normal  5.224992e-01 -8.526397e-01  0.000000e+00
    outer loop
      vertex -1.745277e+01  2.851221e+00  9.400000e+00
      vertex -1.745277e+01  2.851221e+00  1.000000e+01
      vertex -1.788091e+01  2.588854e+00  1.000000e+01
    endloop
  endfacet
  facet normal  5.224992e-01 -8.526397e-01  0.000000e+00
    outer loop
      vertex -1.745277e+01  2.851221e+00  9.400000e+00
      vertex -1.788091e+01  2.588854e+00  1.000000e+01
      vertex -1.788091e+01  2.588854e+00  9.400000e+00
    endloop
  endfacet
  facet normal  6.494484e-01 -7.604056e-01  0.000000e+00
    outer loop
      vertex -1.788091e+01  2.588854e+00  9.400000e+00
      vertex -1.788091e+01  2.588854e+00  1.000000e+01
      vertex -1.826274e+01  2.262742e+00  1.000000e+01
    endloop
  endfacet
  facet normal  6.494484e-01 -7.604056e-01  0.000000e+00
    outer loop
      vertex -1.788091e+01  2.588854e+00  9.400000e+00
      vertex -1.826274e+01  2.262742e+00  1.000000e+01
      vertex -1.826274e+01  2.262742e+00  9.400000e+00
    endloop
  endfacet
  facet normal  7.604060e-01 -6.494480e-01  0.000000e+00
    outer loop
      vertex -1.826274e+01  2.262742e+00  9.400000e+00
      vertex -1.826274e+01  2.262742e+00  1.000000e+01
      vertex -1.858885e+01  1.880913e+00  1.000000e+01
    endloop
  endfacet
  facet normal  7.604060e-01 -6.494480e-01  0.000000e+00
    outer loop
      vertex -1.826274e+01  2.262742e+00  9.400000e+00
      vertex -1.858885e+01  1.880913e+00  1.000000e+01
      vertex -1.858885e+01  1.880913e+00  9.400000e+00
    endloop
  endfacet
  facet normal  8.526395e-01 -5.224998e-01  0.000000e+00
    outer loop
      vertex -1.858885e+01  1.880913e+00  9.400000e+00
      vertex -1.858885e+01  1.880913e+00  1.000000e+01
      vertex -1.885122e+01  1.452770e+00  1.000000e+01
    endloop
  endfacet
  facet normal  8.526395e-01 -5.224998e-01  0.000000e+00
    outer loop
      vertex -1.858885e+01  1.880913e+00  9.400000e+00
      vertex -1.885122e+01  1.452770e+00  1.000000e+01
      vertex -1.885122e+01  1.452770e+00  9.400000e+00
    endloop
  endfacet
  facet normal  9.238797e-01 -3.826829e-01  0.000000e+00
    outer loop
      vertex -1.885122e+01  1.452770e+00  9.400000e+00
      vertex -1.885122e+01  1.452770e+00  1.000000e+01
      vertex -1.904338e+01  9.888544e-01  1.000000e+01
    endloop
  endfacet
  facet normal  9.238797e-01 -3.826829e-01  0.000000e+00
    outer loop
      vertex -1.885122e+01  1.452770e+00  9.400000e+00
      vertex -1.904338e+01  9.888544e-01  1.000000e+01
      vertex -1.904338e+01  9.888544e-01  9.400000e+00
    endloop
  endfacet
  facet normal  9.723700e-01 -2.334453e-01  0.000000e+00
    outer loop
      vertex -1.904338e+01  9.888544e-01  9.400000e+00
      vertex -1.904338e+01  9.888544e-01  1.000000e+01
      vertex -1.916060e+01  5.005903e-01  1.000000e+01
    endloop
  endfacet
  facet normal  9.723700e-01 -2.334453e-01  0.000000e+00
    outer loop
      vertex -1.904338e+01  9.888544e-01  9.400000e+00
      vertex -1.916060e+01  5.005903e-01  1.000000e+01
      vertex -1.916060e+01  5.005903e-01  9.400000e+00
    endloop
  endfacet
  facet normal  9.969172e-01 -7.846084e-02  0.000000e+00
    outer loop
      vertex -1.916060e+01  5.005903e-01  9.400000e+00
      vertex -1.916060e+01  5.005903e-01  1.000000e+01
      vertex -1.920000e+01  3.918870e-16  1.000000e+01
    endloop
  endfacet
  facet normal  9.969172e-01 -7.846084e-02  0.000000e+00
    outer loop
      vertex -1.916060e+01  5.005903e-01  9.400000e+00
      vertex -1.920000e+01  3.918870e-16  1.000000e+01
      vertex -1.920000e+01  3.918870e-16  9.400000e+00
    endloop
  endfacet
  facet normal  7.845909e-02 -9.969173e-01  0.000000e+00
    outer loop
      vertex -1.650059e+01  3.160603e+00  1.000000e+01
      vertex -1.600000e+01  3.200000e+00  9.400000e+00
      vertex -1.600000e+01  3.200000e+00  1.000000e+01
    endloop
  endfacet
  facet normal -7.845895e-02 -9.969173e-01  -0.000000e+00
    outer loop
      vertex -1.600000e+01  3.200000e+00  1.000000e+01
      vertex -1.600000e+01  3.200000e+00  9.400000e+00
      vertex -1.549941e+01  3.160603e+00  9.400000e+00
    endloop
  endfacet
  facet normal -7.845895e-02 -9.969173e-01  0.000000e+00
    outer loop
      vertex -1.600000e+01  3.200000e+00  1.000000e+01
      vertex -1.549941e+01  3.160603e+00  9.400000e+00
      vertex -1.549941e+01  3.160603e+00  1.000000e+01
    endloop
  endfacet
  facet normal -2.334458e-01 -9.723698e-01  -0.000000e+00
    outer loop
      vertex -1.549941e+01  3.160603e+00  1.000000e+01
      vertex -1.549941e+01  3.160603e+00  9.400000e+00
      vertex -1.501115e+01  3.043381e+00  9.400000e+00
    endloop
  endfacet
  facet normal -2.334458e-01 -9.723698e-01  0.000000e+00
    outer loop
      vertex -1.549941e+01  3.160603e+00  1.000000e+01
      vertex -1.501115e+01  3.043381e+00  9.400000e+00
      vertex -1.501115e+01  3.043381e+00  1.000000e+01
    endloop
  endfacet
  facet normal -3.826835e-01 -9.238795e-01  -0.000000e+00
    outer loop
      vertex -1.501115e+01  3.043381e+00  1.000000e+01
      vertex -1.501115e+01  3.043381e+00  9.400000e+00
      vertex -1.454723e+01  2.851221e+00  9.400000e+00
    endloop
  endfacet
  facet normal -3.826835e-01 -9.238795e-01  0.000000e+00
    outer loop
      vertex -1.501115e+01  3.043381e+00  1.000000e+01
      vertex -1.454723e+01  2.851221e+00  9.400000e+00
      vertex -1.454723e+01  2.851221e+00  1.000000e+01
    endloop
  endfacet
  facet normal -5.224984e-01 -8.526403e-01  -0.000000e+00
    outer loop
      vertex -1.454723e+01  2.851221e+00  1.000000e+01
      vertex -1.454723e+01  2.851221e+00  9.400000e+00
      vertex -1.411909e+01  2.588854e+00  9.400000e+00
    endloop
  endfacet
  facet normal -5.224984e-01 -8.526403e-01  0.000000e+00
    outer loop
      vertex -1.454723e+01  2.851221e+00  1.000000e+01
      vertex -1.411909e+01  2.588854e+00  9.400000e+00
      vertex -1.411909e+01  2.588854e+00  1.000000e+01
    endloop
  endfacet
  facet normal -6.494475e-01 -7.604065e-01  -0.000000e+00
    outer loop
      vertex -1.411909e+01  2.588854e+00  1.000000e+01
      vertex -1.411909e+01  2.588854e+00  9.400000e+00
      vertex -1.373726e+01  2.262742e+00  9.400000e+00
    endloop
  endfacet
  facet normal -6.494475e-01 -7.604065e-01  0.000000e+00
    outer loop
      vertex -1.411909e+01  2.588854e+00  1.000000e+01
      vertex -1.373726e+01  2.262742e+00  9.400000e+00
      vertex -1.373726e+01  2.262742e+00  1.000000e+01
    endloop
  endfacet
  facet normal -7.604060e-01 -6.494480e-01  -0.000000e+00
    outer loop
      vertex -1.373726e+01  2.262742e+00  1.000000e+01
      vertex -1.373726e+01  2.262742e+00  9.400000e+00
      vertex -1.341115e+01  1.880913e+00  9.400000e+00
    endloop
  endfacet
  facet normal -7.604060e-01 -6.494480e-01  0.000000e+00
    outer loop
      vertex -1.373726e+01  2.262742e+00  1.000000e+01
      vertex -1.341115e+01  1.880913e+00  9.400000e+00
      vertex -1.341115e+01  1.880913e+00  1.000000e+01
    endloop
  endfacet
  facet normal -8.526403e-01 -5.224984e-01  -0.000000e+00
    outer loop
      vertex -1.341115e+01  1.880913e+00  1.000000e+01
      vertex -1.341115e+01  1.880913e+00  9.400000e+00
      vertex -1.314878e+01  1.452770e+00  9.400000e+00
    endloop
  endfacet
  facet normal -8.526403e-01 -5.224984e-01  0.000000e+00
    outer loop
      vertex -1.341115e+01  1.880913e+00  1.000000e+01
      vertex -1.314878e+01  1.452770e+00  9.400000e+00
      vertex -1.314878e+01  1.452770e+00  1.000000e+01
    endloop
  endfacet
  facet normal -9.238797e-01 -3.826829e-01  -0.000000e+00
    outer loop
      vertex -1.314878e+01  1.452770e+00  1.000000e+01
      vertex -1.314878e+01  1.452770e+00  9.400000e+00
      vertex -1.295662e+01  9.888544e-01  9.400000e+00
    endloop
  endfacet
  facet normal -9.238797e-01 -3.826829e-01  0.000000e+00
    outer loop
      vertex -1.314878e+01  1.452770e+00  1.000000e+01
      vertex -1.295662e+01  9.888544e-01  9.400000e+00
      vertex -1.295662e+01  9.888544e-01  1.000000e+01
    endloop
  endfacet
  facet normal -9.723700e-01 -2.334453e-01  -0.000000e+00
    outer loop
      vertex -1.295662e+01  9.888544e-01  1.000000e+01
      vertex -1.295662e+01  9.888544e-01  9.400000e+00
      vertex -1.283940e+01  5.005903e-01  9.400000e+00
    endloop
  endfacet
  facet normal -9.723700e-01 -2.334453e-01  0.000000e+00
    outer loop
      vertex -1.295662e+01  9.888544e-01  1.000000e+01
      vertex -1.283940e+01  5.005903e-01  9.400000e+00
      vertex -1.283940e+01  5.005903e-01  1.000000e+01
    endloop
  endfacet
  facet normal -9.969173e-01 -7.845895e-02  -0.000000e+00
    outer loop
      vertex -1.283940e+01  5.005903e-01  1.000000e+01
      vertex -1.283940e+01  5.005903e-01  9.400000e+00
      vertex -1.280000e+01  0.000000e+00  9.400000e+00
    endloop
  endfacet
  facet normal -9.969173e-01 -7.845895e-02  0.000000e+00
    outer loop
      vertex -1.283940e+01  5.005903e-01  1.000000e+01
      vertex -1.280000e+01  0.000000e+00  9.400000e+00
      vertex -1.280000e+01  0.000000e+00  1.000000e+01
    endloop
  endfacet
  facet normal  0.000000e+00  0.000000e+00  1.000000e+00
    outer loop
      vertex  1.553070e+01  2.963065e+00  3.200000e+00
      vertex  1.646930e+01  2.963065e+00  3.200000e+00
      vertex  1.600000e+01  3.000000e+00  3.200000e+00
    endloop
  endfacet
  facet normal  -0.000000e+00  0.000000e+00  1.000000e+00
    outer loop
      vertex  1.646930e+01  2.963065e+00  3.200000e+00
      vertex  1.553070e+01  2.963065e+00  3.200000e+00
      vertex  1.692705e+01  2.853169e+00  3.200000e+00
    endloop
  endfacet
  facet normal  0.000000e+00  0.000000e+00  1.000000e+00
    outer loop
      vertex  1.692705e+01  2.853169e+00  3.200000e+00
      vertex  1.553070e+01  2.963065e+00  3.200000e+00
      vertex  1.507295e+01  2.853169e+00  3.200000e+00
    endloop
  endfacet
  facet normal  -0.000000e+00  0.000000e+00  1.000000e+00
    outer loop
      vertex  1.692705e+01  2.853169e+00  3.200000e+00
      vertex  1.507295e+01  2.853169e+00  3.200000e+00
      vertex  1.736197e+01  2.673020e+00  3.200000e+00
    endloop
  endfacet
  facet normal  0.000000e+00  0.000000e+00  1.000000e+00
    outer loop
      vertex  1.736197e+01  2.673020e+00  3.200000e+00
      vertex  1.507295e+01  2.853169e+00  3.200000e+00
      vertex  1.463803e+01  2.673020e+00  3.200000e+00
    endloop
  endfacet
  facet normal  -0.000000e+00  0.000000e+00  1.000000e+00
    outer loop
      vertex  1.736197e+01  2.673020e+00  3.200000e+00
      vertex  1.463803e+01  2.673020e+00  3.200000e+00
      vertex  1.776336e+01  2.427051e+00  3.200000e+00
    endloop
  endfacet
  facet normal  0.000000e+00  0.000000e+00  1.000000e+00
    outer loop
      vertex  1.776336e+01  2.427051e+00  3.200000e+00
      vertex  1.463803e+01  2.673020e+00  3.200000e+00
      vertex  1.423664e+01  2.427051e+00  3.200000e+00
    endloop
  endfacet
  facet normal  -0.000000e+00  0.000000e+00  1.000000e+00
    outer loop
      vertex  1.776336e+01  2.427051e+00  3.200000e+00
      vertex  1.423664e+01  2.427051e+00  3.200000e+00
      vertex  1.812132e+01  2.121320e+00  3.200000e+00
    endloop
  endfacet
  facet normal  0.000000e+00  0.000000e+00  1.000000e+00
    outer loop
      vertex  1.812132e+01  2.121320e+00  3.200000e+00
      vertex  1.423664e+01  2.427051e+00  3.200000e+00
      vertex  1.387868e+01  2.121320e+00  3.200000e+00
    endloop
  endfacet
  facet normal  -0.000000e+00  0.000000e+00  1.000000e+00
    outer loop
      vertex  1.812132e+01  2.121320e+00  3.200000e+00
      vertex  1.387868e+01  2.121320e+00  3.200000e+00
      vertex  1.842705e+01  1.763356e+00  3.200000e+00
    endloop
  endfacet
  facet normal  0.000000e+00  0.000000e+00  1.000000e+00
    outer loop
      vertex  1.842705e+01  1.763356e+00  3.200000e+00
      vertex  1.387868e+01  2.121320e+00  3.200000e+00
      vertex  1.357295e+01  1.763356e+00  3.200000e+00
    endloop
  endfacet
  facet normal  -0.000000e+00  0.000000e+00  1.000000e+00
    outer loop
      vertex  1.842705e+01  1.763356e+00  3.200000e+00
      vertex  1.357295e+01  1.763356e+00  3.200000e+00
      vertex  1.867302e+01  1.361971e+00  3.200000e+00
    endloop
  endfacet
  facet normal  0.000000e+00  0.000000e+00  1.000000e+00
    outer loop
      vertex  1.867302e+01  1.361971e+00  3.200000e+00
      vertex  1.357295e+01  1.763356e+00  3.200000e+00
      vertex  1.332698e+01  1.361971e+00  3.200000e+00
    endloop
  endfacet
  facet normal  -0.000000e+00  0.000000e+00  1.000000e+00
    outer loop
      vertex  1.867302e+01  1.361971e+00  3.200000e+00
      vertex  1.332698e+01  1.361971e+00  3.200000e+00
      vertex  1.885317e+01  9.270510e-01  3.200000e+00
    endloop
  endfacet
  facet normal  0.000000e+00  0.000000e+00  1.000000e+00
    outer loop
      vertex  1.885317e+01  9.270510e-01  3.200000e+00
      vertex  1.332698e+01  1.361971e+00  3.200000e+00
      vertex  1.314683e+01  9.270510e-01  3.200000e+00
    endloop
  endfacet
  facet normal  -0.000000e+00  0.000000e+00  9.999999e-01
    outer loop
      vertex  1.885317e+01  9.270510e-01  3.200000e+00
      vertex  1.314683e+01  9.270510e-01  3.200000e+00
      vertex  1.896306e+01  4.693034e-01  3.200000e+00
    endloop
  endfacet
  facet normal  0.000000e+00  0.000000e+00  1.000000e+00
    outer loop
      vertex  1.896306e+01  4.693034e-01  3.200000e+00
      vertex  1.314683e+01  9.270510e-01  3.200000e+00
      vertex  1.303693e+01  4.693034e-01  3.200000e+00
    endloop
  endfacet
  facet normal  -0.000000e+00  0.000000e+00  1.000000e+00
    outer loop
      vertex  1.896306e+01  4.693034e-01  3.200000e+00
      vertex  1.303693e+01  4.693034e-01  3.200000e+00
      vertex  1.900000e+01  0.000000e+00  3.200000e+00
    endloop
  endfacet
  facet normal  0.000000e+00  0.000000e+00  1.000000e+00
    outer loop
      vertex  1.900000e+01  0.000000e+00  3.200000e+00
      vertex  1.303693e+01  4.693034e-01  3.200000e+00
      vertex  1.300000e+01  3.673940e-16  3.200000e+00
    endloop
  endfacet
  facet normal  0.000000e+00  0.000000e+00  1.000000e+00
    outer loop
      vertex  1.900000e+01  0.000000e+00  3.200000e+00
      vertex  1.300000e+01  3.673940e-16  3.200000e+00
      vertex  1.896306e+01 -4.693034e-01  3.200000e+00
    endloop
  endfacet
  facet normal  0.000000e+00  0.000000e+00  1.000000e+00
    outer loop
      vertex  1.896306e+01 -4.693034e-01  3.200000e+00
      vertex  1.300000e+01  3.673940e-16  3.200000e+00
      vertex  1.303693e+01 -4.693034e-01  3.200000e+00
    endloop
  endfacet
  facet normal  -0.000000e+00  0.000000e+00  1.000000e+00
    outer loop
      vertex  1.896306e+01 -4.693034e-01  3.200000e+00
      vertex  1.303693e+01 -4.693034e-01  3.200000e+00
      vertex  1.885317e+01 -9.270510e-01  3.200000e+00
    endloop
  endfacet
  facet normal  0.000000e+00  0.000000e+00  9.999999e-01
    outer loop
      vertex  1.885317e+01 -9.270510e-01  3.200000e+00
      vertex  1.303693e+01 -4.693034e-01  3.200000e+00
      vertex  1.314683e+01 -9.270510e-01  3.200000e+00
    endloop
  endfacet
  facet normal  -0.000000e+00  0.000000e+00  1.000000e+00
    outer loop
      vertex  1.885317e+01 -9.270510e-01  3.200000e+00
      vertex  1.314683e+01 -9.270510e-01  3.200000e+00
      vertex  1.867302e+01 -1.361971e+00  3.200000e+00
    endloop
  endfacet
  facet normal  0.000000e+00  0.000000e+00  1.000000e+00
    outer loop
      vertex  1.867302e+01 -1.361971e+00  3.200000e+00
      vertex  1.314683e+01 -9.270510e-01  3.200000e+00
      vertex  1.332698e+01 -1.361971e+00  3.200000e+00
    endloop
  endfacet
  facet normal  -0.000000e+00  0.000000e+00  1.000000e+00
    outer loop
      vertex  1.867302e+01 -1.361971e+00  3.200000e+00
      vertex  1.332698e+01 -1.361971e+00  3.200000e+00
      vertex  1.842705e+01 -1.763356e+00  3.200000e+00
    endloop
  endfacet
  facet normal  0.000000e+00  0.000000e+00  1.000000e+00
    outer loop
      vertex  1.842705e+01 -1.763356e+00  3.200000e+00
      vertex  1.332698e+01 -1.361971e+00  3.200000e+00
      vertex  1.357295e+01 -1.763356e+00  3.200000e+00
    endloop
  endfacet
  facet normal  -0.000000e+00  0.000000e+00  1.000000e+00
    outer loop
      vertex  1.842705e+01 -1.763356e+00  3.200000e+00
      vertex  1.357295e+01 -1.763356e+00  3.200000e+00
      vertex  1.812132e+01 -2.121320e+00  3.200000e+00
    endloop
  endfacet
  facet normal  0.000000e+00  0.000000e+00  1.000000e+00
    outer loop
      vertex  1.812132e+01 -2.121320e+00  3.200000e+00
      vertex  1.357295e+01 -1.763356e+00  3.200000e+00
      vertex  1.387868e+01 -2.121320e+00  3.200000e+00
    endloop
  endfacet
  facet normal  -0.000000e+00  0.000000e+00  1.000000e+00
    outer loop
      vertex  1.812132e+01 -2.121320e+00  3.200000e+00
      vertex  1.387868e+01 -2.121320e+00  3.200000e+00
      vertex  1.776336e+01 -2.427051e+00  3.200000e+00
    endloop
  endfacet
  facet normal  0.000000e+00  0.000000e+00  1.000000e+00
    outer loop
      vertex  1.776336e+01 -2.427051e+00  3.200000e+00
      vertex  1.387868e+01 -2.121320e+00  3.200000e+00
      vertex  1.423664e+01 -2.427051e+00  3.200000e+00
    endloop
  endfacet
  facet normal  -0.000000e+00  0.000000e+00  1.000000e+00
    outer loop
      vertex  1.776336e+01 -2.427051e+00  3.200000e+00
      vertex  1.423664e+01 -2.427051e+00  3.200000e+00
      vertex  1.736197e+01 -2.673020e+00  3.200000e+00
    endloop
  endfacet
  facet normal  0.000000e+00  0.000000e+00  1.000000e+00
    outer loop
      vertex  1.736197e+01 -2.673020e+00  3.200000e+00
      vertex  1.423664e+01 -2.427051e+00  3.200000e+00
      vertex  1.463803e+01 -2.673020e+00  3.200000e+00
    endloop
  endfacet
  facet normal  -0.000000e+00  0.000000e+00  1.000000e+00
    outer loop
      vertex  1.736197e+01 -2.673020e+00  3.200000e+00
      vertex  1.463803e+01 -2.673020e+00  3.200000e+00
      vertex  1.692705e+01 -2.853169e+00  3.200000e+00
    endloop
  endfacet
  facet normal  0.000000e+00  0.000000e+00  1.000000e+00
    outer loop
      vertex  1.692705e+01 -2.853169e+00  3.200000e+00
      vertex  1.463803e+01 -2.673020e+00  3.200000e+00
      vertex  1.507295e+01 -2.853169e+00  3.200000e+00
    endloop
  endfacet
  facet normal  -0.000000e+00  0.000000e+00  1.000000e+00
    outer loop
      vertex  1.692705e+01 -2.853169e+00  3.200000e+00
      vertex  1.507295e+01 -2.853169e+00  3.200000e+00
      vertex  1.646930e+01 -2.963065e+00  3.200000e+00
    endloop
  endfacet
  facet normal  0.000000e+00  0.000000e+00  1.000000e+00
    outer loop
      vertex  1.646930e+01 -2.963065e+00  3.200000e+00
      vertex  1.507295e+01 -2.853169e+00  3.200000e+00
      vertex  1.553070e+01 -2.963065e+00  3.200000e+00
    endloop
  endfacet
  facet normal  -0.000000e+00  0.000000e+00  1.000000e+00
    outer loop
      vertex  1.646930e+01 -2.963065e+00  3.200000e+00
      vertex  1.553070e+01 -2.963065e+00  3.200000e+00
      vertex  1.600000e+01 -3.000000e+00  3.200000e+00
    endloop
  endfacet
  facet normal  -0.000000e+00  0.000000e+00  1.000000e+00
    outer loop
      vertex  2.394801e-01  2.890095e+00  3.200000e+00
      vertex -2.394801e-01  2.890095e+00  3.200000e+00
      vertex  7.119079e-01  2.811261e+00  3.200000e+00
    endloop
  endfacet
  facet normal  0.000000e+00  0.000000e+00  1.000000e+00
    outer loop
      vertex  7.119079e-01  2.811261e+00  3.200000e+00
      vertex -2.394801e-01  2.890095e+00  3.200000e+00
      vertex -7.119079e-01  2.811261e+00  3.200000e+00
    endloop
  endfacet
  facet normal  -0.000000e+00  0.000000e+00  1.000000e+00
    outer loop
      vertex  7.119079e-01  2.811261e+00  3.200000e+00
      vertex -7.119079e-01  2.811261e+00  3.200000e+00
      vertex  1.164917e+00  2.655743e+00  3.200000e+00
    endloop
  endfacet
  facet normal  0.000000e+00  0.000000e+00  1.000000e+00
    outer loop
      vertex  1.164917e+00  2.655743e+00  3.200000e+00
      vertex -7.119079e-01  2.811261e+00  3.200000e+00
      vertex -1.164917e+00  2.655743e+00  3.200000e+00
    endloop
  endfacet
  facet normal  -0.000000e+00  0.000000e+00  1.000000e+00
    outer loop
      vertex  1.164917e+00  2.655743e+00  3.200000e+00
      vertex -1.164917e+00  2.655743e+00  3.200000e+00
      vertex  1.586150e+00  2.427783e+00  3.200000e+00
    endloop
  endfacet
  facet normal  0.000000e+00  0.000000e+00  1.000000e+00
    outer loop
      vertex  1.586150e+00  2.427783e+00  3.200000e+00
      vertex -1.164917e+00  2.655743e+00  3.200000e+00
      vertex -1.586150e+00  2.427783e+00  3.200000e+00
    endloop
  endfacet
  facet normal  -0.000000e+00  0.000000e+00  1.000000e+00
    outer loop
      vertex  1.586150e+00  2.427783e+00  3.200000e+00
      vertex -1.586150e+00  2.427783e+00  3.200000e+00
      vertex  1.964117e+00  2.133599e+00  3.200000e+00
    endloop
  endfacet
  facet normal  0.000000e+00  0.000000e+00  1.000000e+00
    outer loop
      vertex  1.964117e+00  2.133599e+00  3.200000e+00
      vertex -1.586150e+00  2.427783e+00  3.200000e+00
      vertex -1.964117e+00  2.133599e+00  3.200000e+00
    endloop
  endfacet
  facet normal  -0.000000e+00  0.000000e+00  1.000000e+00
    outer loop
      vertex  1.964117e+00  2.133599e+00  3.200000e+00
      vertex -1.964117e+00  2.133599e+00  3.200000e+00
      vertex  2.288507e+00  1.781217e+00  3.200000e+00
    endloop
  endfacet
  facet normal  0.000000e+00  0.000000e+00  1.000000e+00
    outer loop
      vertex  2.288507e+00  1.781217e+00  3.200000e+00
      vertex -1.964117e+00  2.133599e+00  3.200000e+00
      vertex -2.288507e+00  1.781217e+00  3.200000e+00
    endloop
  endfacet
  facet normal  -0.000000e+00  0.000000e+00  1.000000e+00
    outer loop
      vertex  2.288507e+00  1.781217e+00  3.200000e+00
      vertex -2.288507e+00  1.781217e+00  3.200000e+00
      vertex  2.550474e+00  1.380247e+00  3.200000e+00
    endloop
  endfacet
  facet normal  0.000000e+00  0.000000e+00  1.000000e+00
    outer loop
      vertex  2.550474e+00  1.380247e+00  3.200000e+00
      vertex -2.288507e+00  1.781217e+00  3.200000e+00
      vertex -2.550474e+00  1.380247e+00  3.200000e+00
    endloop
  endfacet
  facet normal  -0.000000e+00  0.000000e+00  1.000000e+00
    outer loop
      vertex  2.550474e+00  1.380247e+00  3.200000e+00
      vertex -2.550474e+00  1.380247e+00  3.200000e+00
      vertex  2.742870e+00  9.416285e-01  3.200000e+00
    endloop
  endfacet
  facet normal  0.000000e+00  0.000000e+00  1.000000e+00
    outer loop
      vertex  2.742870e+00  9.416285e-01  3.200000e+00
      vertex -2.550474e+00  1.380247e+00  3.200000e+00
      vertex -2.742870e+00  9.416285e-01  3.200000e+00
    endloop
  endfacet
  facet normal  -0.000000e+00  0.000000e+00  1.000000e+00
    outer loop
      vertex  2.742870e+00  9.416285e-01  3.200000e+00
      vertex -2.742870e+00  9.416285e-01  3.200000e+00
      vertex  2.860448e+00  4.773243e-01  3.200000e+00
    endloop
  endfacet
  facet normal  0.000000e+00  0.000000e+00  1.000000e+00
    outer loop
      vertex  2.860448e+00  4.773243e-01  3.200000e+00
      vertex -2.742870e+00  9.416285e-01  3.200000e+00
      vertex -2.860448e+00  4.773243e-01  3.200000e+00
    endloop
  endfacet
  facet normal  -0.000000e+00  0.000000e+00  1.000000e+00
    outer loop
      vertex  2.860448e+00  4.773243e-01  3.200000e+00
      vertex -2.860448e+00  4.773243e-01  3.200000e+00
      vertex  2.900000e+00  0.000000e+00  3.200000e+00
    endloop
  endfacet
  facet normal  0.000000e+00  0.000000e+00  1.000000e+00
    outer loop
      vertex  2.900000e+00  0.000000e+00  3.200000e+00
      vertex -2.860448e+00  4.773243e-01  3.200000e+00
      vertex -2.900000e+00  3.551476e-16  3.200000e+00
    endloop
  endfacet
  facet normal  0.000000e+00  0.000000e+00  1.000000e+00
    outer loop
      vertex  2.900000e+00  0.000000e+00  3.200000e+00
      vertex -2.900000e+00  3.551476e-16  3.200000e+00
      vertex  2.860448e+00 -4.773243e-01  3.200000e+00
    endloop
  endfacet
  facet normal  0.000000e+00  0.000000e+00  1.000000e+00
    outer loop
      vertex  2.860448e+00 -4.773243e-01  3.200000e+00
      vertex -2.900000e+00  3.551476e-16  3.200000e+00
      vertex -2.860448e+00 -4.773243e-01  3.200000e+00
    endloop
  endfacet
  facet normal  -0.000000e+00  0.000000e+00  1.000000e+00
    outer loop
      vertex  2.860448e+00 -4.773243e-01  3.200000e+00
      vertex -2.860448e+00 -4.773243e-01  3.200000e+00
      vertex  2.742870e+00 -9.416285e-01  3.200000e+00
    endloop
  endfacet
  facet normal  0.000000e+00  0.000000e+00  1.000000e+00
    outer loop
      vertex  2.742870e+00 -9.416285e-01  3.200000e+00
      vertex -2.860448e+00 -4.773243e-01  3.200000e+00
      vertex -2.742870e+00 -9.416285e-01  3.200000e+00
    endloop
  endfacet
  facet normal  -0.000000e+00  0.000000e+00  1.000000e+00
    outer loop
      vertex  2.742870e+00 -9.416285e-01  3.200000e+00
      vertex -2.742870e+00 -9.416285e-01  3.200000e+00
      vertex  2.550474e+00 -1.380247e+00  3.200000e+00
    endloop
  endfacet
  facet normal  0.000000e+00  0.000000e+00  1.000000e+00
    outer loop
      vertex  2.550474e+00 -1.380247e+00  3.200000e+00
      vertex -2.742870e+00 -9.416285e-01  3.200000e+00
      vertex -2.550474e+00 -1.380247e+00  3.200000e+00
    endloop
  endfacet
  facet normal  -0.000000e+00  0.000000e+00  1.000000e+00
    outer loop
      vertex  2.550474e+00 -1.380247e+00  3.200000e+00
      vertex -2.550474e+00 -1.380247e+00  3.200000e+00
      vertex  2.288507e+00 -1.781217e+00  3.200000e+00
    endloop
  endfacet
  facet normal  0.000000e+00  0.000000e+00  1.000000e+00
    outer loop
      vertex  2.288507e+00 -1.781217e+00  3.200000e+00
      vertex -2.550474e+00 -1.380247e+00  3.200000e+00
      vertex -2.288507e+00 -1.781217e+00  3.200000e+00
    endloop
  endfacet
  facet normal  -0.000000e+00  0.000000e+00  1.000000e+00
    outer loop
      vertex  2.288507e+00 -1.781217e+00  3.200000e+00
      vertex -2.288507e+00 -1.781217e+00  3.200000e+00
      vertex  1.964117e+00 -2.133599e+00  3.200000e+00
    endloop
  endfacet
  facet normal  0.000000e+00  0.000000e+00  1.000000e+00
    outer loop
      vertex  1.964117e+00 -2.133599e+00  3.200000e+00
      vertex -2.288507e+00 -1.781217e+00  3.200000e+00
      vertex -1.964117e+00 -2.133599e+00  3.200000e+00
    endloop
  endfacet
  facet normal  -0.000000e+00  0.000000e+00  1.000000e+00
    outer loop
      vertex  1.964117e+00 -2.133599e+00  3.200000e+00
      vertex -1.964117e+00 -2.133599e+00  3.200000e+00
      vertex  1.586150e+00 -2.427783e+00  3.200000e+00
    endloop
  endfacet
  facet normal  0.000000e+00  0.000000e+00  1.000000e+00
    outer loop
      vertex  1.586150e+00 -2.427783e+00  3.200000e+00
      vertex -1.964117e+00 -2.133599e+00  3.200000e+00
      vertex -1.586150e+00 -2.427783e+00  3.200000e+00
    endloop
  endfacet
  facet normal  -0.000000e+00  0.000000e+00  1.000000e+00
    outer loop
      vertex  1.586150e+00 -2.427783e+00  3.200000e+00
      vertex -1.586150e+00 -2.427783e+00  3.200000e+00
      vertex  1.164917e+00 -2.655743e+00  3.200000e+00
    endloop
  endfacet
  facet normal  0.000000e+00  0.000000e+00  1.000000e+00
    outer loop
      vertex  1.164917e+00 -2.655743e+00  3.200000e+00
      vertex -1.586150e+00 -2.427783e+00  3.200000e+00
      vertex -1.164917e+00 -2.655743e+00  3.200000e+00
    endloop
  endfacet
  facet normal  -0.000000e+00  0.000000e+00  1.000000e+00
    outer loop
      vertex  1.164917e+00 -2.655743e+00  3.200000e+00
      vertex -1.164917e+00 -2.655743e+00  3.200000e+00
      vertex  7.119079e-01 -2.811261e+00  3.200000e+00
    endloop
  endfacet
  facet normal  0.000000e+00  0.000000e+00  1.000000e+00
    outer loop
      vertex  7.119079e-01 -2.811261e+00  3.200000e+00
      vertex -1.164917e+00 -2.655743e+00  3.200000e+00
      vertex -7.119079e-01 -2.811261e+00  3.200000e+00
    endloop
  endfacet
  facet normal  -0.000000e+00  0.000000e+00  1.000000e+00
    outer loop
      vertex  7.119079e-01 -2.811261e+00  3.200000e+00
      vertex -7.119079e-01 -2.811261e+00  3.200000e+00
      vertex  2.394801e-01 -2.890095e+00  3.200000e+00
    endloop
  endfacet
  facet normal  0.000000e+00  0.000000e+00  1.000000e+00
    outer loop
      vertex  2.394801e-01 -2.890095e+00  3.200000e+00
      vertex -7.119079e-01 -2.811261e+00  3.200000e+00
      vertex -2.394801e-01 -2.890095e+00  3.200000e+00
    endloop
  endfacet
  facet normal  -0.000000e+00  0.000000e+00  1.000000e+00
    outer loop
      vertex -1.576878e+01  2.790437e+00  3.200000e+00
      vertex -1.623122e+01  2.790437e+00  3.200000e+00
      vertex -1.531264e+01  2.714321e+00  3.200000e+00
    endloop
  endfacet
  facet normal  0.000000e+00  0.000000e+00  1.000000e+00
    outer loop
      vertex -1.531264e+01  2.714321e+00  3.200000e+00
      vertex -1.623122e+01  2.790437e+00  3.200000e+00
      vertex -1.668736e+01  2.714321e+00  3.200000e+00
    endloop
  endfacet
  facet normal  -0.000000e+00  0.000000e+00  1.000000e+00
    outer loop
      vertex -1.531264e+01  2.714321e+00  3.200000e+00
      vertex -1.668736e+01  2.714321e+00  3.200000e+00
      vertex -1.487525e+01  2.564165e+00  3.200000e+00
    endloop
  endfacet
  facet normal  0.000000e+00  0.000000e+00  1.000000e+00
    outer loop
      vertex -1.487525e+01  2.564165e+00  3.200000e+00
      vertex -1.668736e+01  2.714321e+00  3.200000e+00
      vertex -1.712475e+01  2.564165e+00  3.200000e+00
    endloop
  endfacet
  facet normal  -0.000000e+00  0.000000e+00  1.000000e+00
    outer loop
      vertex -1.487525e+01  2.564165e+00  3.200000e+00
      vertex -1.712475e+01  2.564165e+00  3.200000e+00
      vertex -1.446854e+01  2.344066e+00  3.200000e+00
    endloop
  endfacet
  facet normal  0.000000e+00  0.000000e+00  1.000000e+00
    outer loop
      vertex -1.446854e+01  2.344066e+00  3.200000e+00
      vertex -1.712475e+01  2.564165e+00  3.200000e+00
      vertex -1.753145e+01  2.344066e+00  3.200000e+00
    endloop
  endfacet
  facet normal  -0.000000e+00  0.000000e+00  1.000000e+00
    outer loop
      vertex -1.446854e+01  2.344066e+00  3.200000e+00
      vertex -1.753145e+01  2.344066e+00  3.200000e+00
      vertex -1.410361e+01  2.060027e+00  3.200000e+00
    endloop
  endfacet
  facet normal  0.000000e+00  0.000000e+00  1.000000e+00
    outer loop
      vertex -1.410361e+01  2.060027e+00  3.200000e+00
      vertex -1.753145e+01  2.344066e+00  3.200000e+00
      vertex -1.789639e+01  2.060027e+00  3.200000e+00
    endloop
  endfacet
  facet normal  -0.000000e+00  0.000000e+00  1.000000e+00
    outer loop
      vertex -1.410361e+01  2.060027e+00  3.200000e+00
      vertex -1.789639e+01  2.060027e+00  3.200000e+00
      vertex -1.379041e+01  1.719796e+00  3.200000e+00
    endloop
  endfacet
  facet normal  0.000000e+00  0.000000e+00  1.000000e+00
    outer loop
      vertex -1.379041e+01  1.719796e+00  3.200000e+00
      vertex -1.789639e+01  2.060027e+00  3.200000e+00
      vertex -1.820959e+01  1.719796e+00  3.200000e+00
    endloop
  endfacet
  facet normal  -0.000000e+00  0.000000e+00  1.000000e+00
    outer loop
      vertex -1.379041e+01  1.719796e+00  3.200000e+00
      vertex -1.820959e+01  1.719796e+00  3.200000e+00
      vertex -1.353747e+01  1.332653e+00  3.200000e+00
    endloop
  endfacet
  facet normal  0.000000e+00  0.000000e+00  1.000000e+00
    outer loop
      vertex -1.353747e+01  1.332653e+00  3.200000e+00
      vertex -1.820959e+01  1.719796e+00  3.200000e+00
      vertex -1.846253e+01  1.332653e+00  3.200000e+00
    endloop
  endfacet
  facet normal  -0.000000e+00  0.000000e+00  1.000000e+00
    outer loop
      vertex -1.353747e+01  1.332653e+00  3.200000e+00
      vertex -1.846253e+01  1.332653e+00  3.200000e+00
      vertex -1.335171e+01  9.091585e-01  3.200000e+00
    endloop
  endfacet
  facet normal  0.000000e+00  0.000000e+00  1.000000e+00
    outer loop
      vertex -1.335171e+01  9.091585e-01  3.200000e+00
      vertex -1.846253e+01  1.332653e+00  3.200000e+00
      vertex -1.864829e+01  9.091585e-01  3.200000e+00
    endloop
  endfacet
  facet normal  -0.000000e+00  0.000000e+00  1.000000e+00
    outer loop
      vertex -1.335171e+01  9.091585e-01  3.200000e+00
      vertex -1.864829e+01  9.091585e-01  3.200000e+00
      vertex -1.323819e+01  4.608648e-01  3.200000e+00
    endloop
  endfacet
  facet normal  0.000000e+00  0.000000e+00  1.000000e+00
    outer loop
      vertex -1.323819e+01  4.608648e-01  3.200000e+00
      vertex -1.864829e+01  9.091585e-01  3.200000e+00
      vertex -1.876181e+01  4.608648e-01  3.200000e+00
    endloop
  endfacet
  facet normal  -0.000000e+00  0.000000e+00  1.000000e+00
    outer loop
      vertex -1.323819e+01  4.608648e-01  3.200000e+00
      vertex -1.876181e+01  4.608648e-01  3.200000e+00
      vertex -1.320000e+01  0.000000e+00  3.200000e+00
    endloop
  endfacet
  facet normal  0.000000e+00  0.000000e+00  1.000000e+00
    outer loop
      vertex -1.320000e+01  0.000000e+00  3.200000e+00
      vertex -1.876181e+01  4.608648e-01  3.200000e+00
      vertex -1.880000e+01  3.429011e-16  3.200000e+00
    endloop
  endfacet
  facet normal  0.000000e+00  0.000000e+00  1.000000e+00
    outer loop
      vertex -1.320000e+01  0.000000e+00  3.200000e+00
      vertex -1.880000e+01  3.429011e-16  3.200000e+00
      vertex -1.323819e+01 -4.608648e-01  3.200000e+00
    endloop
  endfacet
  facet normal  0.000000e+00  0.000000e+00  1.000000e+00
    outer loop
      vertex -1.323819e+01 -4.608648e-01  3.200000e+00
      vertex -1.880000e+01  3.429011e-16  3.200000e+00
      vertex -1.876181e+01 -4.608648e-01  3.200000e+00
    endloop
  endfacet
  facet normal  -0.000000e+00  0.000000e+00  1.000000e+00
    outer loop
      vertex -1.323819e+01 -4.608648e-01  3.200000e+00
      vertex -1.876181e+01 -4.608648e-01  3.200000e+00
      vertex -1.335171e+01 -9.091585e-01  3.200000e+00
    endloop
  endfacet
  facet normal  0.000000e+00  0.000000e+00  1.000000e+00
    outer loop
      vertex -1.335171e+01 -9.091585e-01  3.200000e+00
      vertex -1.876181e+01 -4.608648e-01  3.200000e+00
      vertex -1.864829e+01 -9.091585e-01  3.200000e+00
    endloop
  endfacet
  facet normal  -0.000000e+00  0.000000e+00  1.000000e+00
    outer loop
      vertex -1.335171e+01 -9.091585e-01  3.200000e+00
      vertex -1.864829e+01 -9.091585e-01  3.200000e+00
      vertex -1.353747e+01 -1.332653e+00  3.200000e+00
    endloop
  endfacet
  facet normal  0.000000e+00  0.000000e+00  1.000000e+00
    outer loop
      vertex -1.353747e+01 -1.332653e+00  3.200000e+00
      vertex -1.864829e+01 -9.091585e-01  3.200000e+00
      vertex -1.846253e+01 -1.332653e+00  3.200000e+00
    endloop
  endfacet
  facet normal  -0.000000e+00  0.000000e+00  1.000000e+00
    outer loop
      vertex -1.353747e+01 -1.332653e+00  3.200000e+00
      vertex -1.846253e+01 -1.332653e+00  3.200000e+00
      vertex -1.379041e+01 -1.719796e+00  3.200000e+00
    endloop
  endfacet
  facet normal  0.000000e+00  0.000000e+00  1.000000e+00
    outer loop
      vertex -1.379041e+01 -1.719796e+00  3.200000e+00
      vertex -1.846253e+01 -1.332653e+00  3.200000e+00
      vertex -1.820959e+01 -1.719796e+00  3.200000e+00
    endloop
  endfacet
  facet normal  -0.000000e+00  0.000000e+00  1.000000e+00
    outer loop
      vertex -1.379041e+01 -1.719796e+00  3.200000e+00
      vertex -1.820959e+01 -1.719796e+00  3.200000e+00
      vertex -1.410361e+01 -2.060027e+00  3.200000e+00
    endloop
  endfacet
  facet normal  0.000000e+00  0.000000e+00  1.000000e+00
    outer loop
      vertex -1.410361e+01 -2.060027e+00  3.200000e+00
      vertex -1.820959e+01 -1.719796e+00  3.200000e+00
      vertex -1.789639e+01 -2.060027e+00  3.200000e+00
    endloop
  endfacet
  facet normal  -0.000000e+00  0.000000e+00  1.000000e+00
    outer loop
      vertex -1.410361e+01 -2.060027e+00  3.200000e+00
      vertex -1.789639e+01 -2.060027e+00  3.200000e+00
      vertex -1.446854e+01 -2.344066e+00  3.200000e+00
    endloop
  endfacet
  facet normal  0.000000e+00  0.000000e+00  1.000000e+00
    outer loop
      vertex -1.446854e+01 -2.344066e+00  3.200000e+00
      vertex -1.789639e+01 -2.060027e+00  3.200000e+00
      vertex -1.753145e+01 -2.344066e+00  3.200000e+00
    endloop
  endfacet
  facet normal  -0.000000e+00  0.000000e+00  1.000000e+00
    outer loop
      vertex -1.446854e+01 -2.344066e+00  3.200000e+00
      vertex -1.753145e+01 -2.344066e+00  3.200000e+00
      vertex -1.487525e+01 -2.564165e+00  3.200000e+00
    endloop
  endfacet
  facet normal  0.000000e+00  0.000000e+00  1.000000e+00
    outer loop
      vertex -1.487525e+01 -2.564165e+00  3.200000e+00
      vertex -1.753145e+01 -2.344066e+00  3.200000e+00
      vertex -1.712475e+01 -2.564165e+00  3.200000e+00
    endloop
  endfacet
  facet normal  -0.000000e+00  0.000000e+00  1.000000e+00
    outer loop
      vertex -1.487525e+01 -2.564165e+00  3.200000e+00
      vertex -1.712475e+01 -2.564165e+00  3.200000e+00
      vertex -1.531264e+01 -2.714321e+00  3.200000e+00
    endloop
  endfacet
  facet normal  0.000000e+00  0.000000e+00  1.000000e+00
    outer loop
      vertex -1.531264e+01 -2.714321e+00  3.200000e+00
      vertex -1.712475e+01 -2.564165e+00  3.200000e+00
      vertex -1.668736e+01 -2.714321e+00  3.200000e+00
    endloop
  endfacet
  facet normal  -0.000000e+00  0.000000e+00  1.000000e+00
    outer loop
      vertex -1.531264e+01 -2.714321e+00  3.200000e+00
      vertex -1.668736e+01 -2.714321e+00  3.200000e+00
      vertex -1.576878e+01 -2.790437e+00  3.200000e+00
    endloop
  endfacet
  facet normal  0.000000e+00  0.000000e+00  1.000000e+00
    outer loop
      vertex -1.576878e+01 -2.790437e+00  3.200000e+00
      vertex -1.668736e+01 -2.714321e+00  3.200000e+00
      vertex -1.623122e+01 -2.790437e+00  3.200000e+00
    endloop
  endfacet
  facet normal  0.000000e+00  0.000000e+00 -1.000000e+00
    outer loop
      vertex  2.600000e+01  7.000000e+00  0.000000e+00
      vertex -2.596306e+01  7.469304e+00  0.000000e+00
      vertex  2.596306e+01  7.469304e+00  0.000000e+00
    endloop
  endfacet
  facet normal  0.000000e+00  0.000000e+00 -1.000000e+00
    outer loop
      vertex  2.596306e+01  7.469304e+00  0.000000e+00
      vertex -2.596306e+01  7.469304e+00  0.000000e+00
      vertex -2.585317e+01  7.927051e+00  0.000000e+00
    endloop
  endfacet
  facet normal  0.000000e+00  0.000000e+00 -1.000000e+00
    outer loop
      vertex  2.596306e+01  7.469304e+00  0.000000e+00
      vertex -2.585317e+01  7.927051e+00  0.000000e+00
      vertex  2.585317e+01  7.927051e+00  0.000000e+00
    endloop
  endfacet
  facet normal  0.000000e+00  0.000000e+00 -1.000000e+00
    outer loop
      vertex  2.585317e+01  7.927051e+00  0.000000e+00
      vertex -2.585317e+01  7.927051e+00  0.000000e+00
      vertex -2.567302e+01  8.361972e+00  0.000000e+00
    endloop
  endfacet
  facet normal  0.000000e+00  0.000000e+00 -1.000000e+00
    outer loop
      vertex  2.585317e+01  7.927051e+00  0.000000e+00
      vertex -2.567302e+01  8.361972e+00  0.000000e+00
      vertex  2.567302e+01  8.361972e+00  0.000000e+00
    endloop
  endfacet
  facet normal  0.000000e+00  0.000000e+00 -1.000000e+00
    outer loop
      vertex  2.567302e+01  8.361972e+00  0.000000e+00
      vertex -2.567302e+01  8.361972e+00  0.000000e+00
      vertex -2.542705e+01  8.763356e+00  0.000000e+00
    endloop
  endfacet
  facet normal  0.000000e+00  0.000000e+00 -1.000000e+00
    outer loop
      vertex  2.567302e+01  8.361972e+00  0.000000e+00
      vertex -2.542705e+01  8.763356e+00  0.000000e+00
      vertex  2.542705e+01  8.763356e+00  0.000000e+00
    endloop
  endfacet
  facet normal  0.000000e+00  0.000000e+00 -1.000000e+00
    outer loop
      vertex  2.542705e+01  8.763356e+00  0.000000e+00
      vertex -2.542705e+01  8.763356e+00  0.000000e+00
      vertex -2.512132e+01  9.121321e+00  0.000000e+00
    endloop
  endfacet
  facet normal  0.000000e+00  0.000000e+00 -1.000000e+00
    outer loop
      vertex  2.542705e+01  8.763356e+00  0.000000e+00
      vertex -2.512132e+01  9.121321e+00  0.000000e+00
      vertex  2.512132e+01  9.121321e+00  0.000000e+00
    endloop
  endfacet
  facet normal  0.000000e+00  0.000000e+00 -1.000000e+00
    outer loop
      vertex  2.512132e+01  9.121321e+00  0.000000e+00
      vertex -2.512132e+01  9.121321e+00  0.000000e+00
      vertex -2.476336e+01  9.427051e+00  0.000000e+00
    endloop
  endfacet
  facet normal  0.000000e+00  0.000000e+00 -1.000000e+00
    outer loop
      vertex  2.512132e+01  9.121321e+00  0.000000e+00
      vertex -2.476336e+01  9.427051e+00  0.000000e+00
      vertex  2.476336e+01  9.427051e+00  0.000000e+00
    endloop
  endfacet
  facet normal  0.000000e+00  0.000000e+00 -9.999999e-01
    outer loop
      vertex  2.476336e+01  9.427051e+00  0.000000e+00
      vertex -2.476336e+01  9.427051e+00  0.000000e+00
      vertex -2.436197e+01  9.673019e+00  0.000000e+00
    endloop
  endfacet
  facet normal  0.000000e+00  0.000000e+00 -1.000000e+00
    outer loop
      vertex  2.476336e+01  9.427051e+00  0.000000e+00
      vertex -2.436197e+01  9.673019e+00  0.000000e+00
      vertex  2.436197e+01  9.673019e+00  0.000000e+00
    endloop
  endfacet
  facet normal  0.000000e+00  0.000000e+00 -1.000000e+00
    outer loop
      vertex  2.436197e+01  9.673019e+00  0.000000e+00
      vertex -2.436197e+01  9.673019e+00  0.000000e+00
      vertex -2.392705e+01  9.853169e+00  0.000000e+00
    endloop
  endfacet
  facet normal  0.000000e+00  0.000000e+00 -1.000000e+00
    outer loop
      vertex  2.436197e+01  9.673019e+00  0.000000e+00
      vertex -2.392705e+01  9.853169e+00  0.000000e+00
      vertex  2.392705e+01  9.853169e+00  0.000000e+00
    endloop
  endfacet
  facet normal  0.000000e+00  0.000000e+00 -1.000000e+00
    outer loop
      vertex  2.392705e+01  9.853169e+00  0.000000e+00
      vertex -2.392705e+01  9.853169e+00  0.000000e+00
      vertex -2.346930e+01  9.963065e+00  0.000000e+00
    endloop
  endfacet
  facet normal  0.000000e+00  0.000000e+00 -1.000000e+00
    outer loop
      vertex  2.392705e+01  9.853169e+00  0.000000e+00
      vertex -2.346930e+01  9.963065e+00  0.000000e+00
      vertex  2.346930e+01  9.963065e+00  0.000000e+00
    endloop
  endfacet
  facet normal  0.000000e+00  0.000000e+00 -1.000000e+00
    outer loop
      vertex  2.346930e+01  9.963065e+00  0.000000e+00
      vertex -2.346930e+01  9.963065e+00  0.000000e+00
      vertex -2.300000e+01  1.000000e+01  0.000000e+00
    endloop
  endfacet
  facet normal  0.000000e+00  0.000000e+00 -1.000000e+00
    outer loop
      vertex  2.346930e+01  9.963065e+00  0.000000e+00
      vertex -2.300000e+01  1.000000e+01  0.000000e+00
      vertex  2.300000e+01  1.000000e+01  0.000000e+00
    endloop
  endfacet
  facet normal  0.000000e+00  0.000000e+00 -1.000000e+00
    outer loop
      vertex -2.596306e+01  7.469304e+00  0.000000e+00
      vertex  2.600000e+01  7.000000e+00  0.000000e+00
      vertex -2.600000e+01  7.000000e+00  0.000000e+00
    endloop
  endfacet
  facet normal  0.000000e+00  0.000000e+00 -1.000000e+00
    outer loop
      vertex -2.600000e+01  7.000000e+00  0.000000e+00
      vertex  2.600000e+01  7.000000e+00  0.000000e+00
      vertex  2.600000e+01 -7.000000e+00  0.000000e+00
    endloop
  endfacet
  facet normal  0.000000e+00  0.000000e+00 -1.000000e+00
    outer loop
      vertex -2.600000e+01  7.000000e+00  0.000000e+00
      vertex  2.600000e+01 -7.000000e+00  0.000000e+00
      vertex -2.600000e+01 -7.000000e+00  0.000000e+00
    endloop
  endfacet
  facet normal  0.000000e+00  0.000000e+00 -1.000000e+00
    outer loop
      vertex -2.600000e+01 -7.000000e+00  0.000000e+00
      vertex  2.600000e+01 -7.000000e+00  0.000000e+00
      vertex  2.596306e+01 -7.469304e+00  0.000000e+00
    endloop
  endfacet
  facet normal  0.000000e+00  0.000000e+00 -1.000000e+00
    outer loop
      vertex -2.600000e+01 -7.000000e+00  0.000000e+00
      vertex  2.596306e+01 -7.469304e+00  0.000000e+00
      vertex -2.596306e+01 -7.469304e+00  0.000000e+00
    endloop
  endfacet
  facet normal  0.000000e+00  0.000000e+00 -1.000000e+00
    outer loop
      vertex -2.596306e+01 -7.469304e+00  0.000000e+00
      vertex  2.596306e+01 -7.469304e+00  0.000000e+00
      vertex  2.585317e+01 -7.927051e+00  0.000000e+00
    endloop
  endfacet
  facet normal  0.000000e+00  0.000000e+00 -1.000000e+00
    outer loop
      vertex -2.596306e+01 -7.469304e+00  0.000000e+00
      vertex  2.585317e+01 -7.927051e+00  0.000000e+00
      vertex -2.585317e+01 -7.927051e+00  0.000000e+00
    endloop
  endfacet
  facet normal  0.000000e+00  0.000000e+00 -1.000000e+00
    outer loop
      vertex -2.585317e+01 -7.927051e+00  0.000000e+00
      vertex  2.585317e+01 -7.927051e+00  0.000000e+00
      vertex  2.567302e+01 -8.361972e+00  0.000000e+00
    endloop
  endfacet
  facet normal  0.000000e+00  0.000000e+00 -1.000000e+00
    outer loop
      vertex -2.585317e+01 -7.927051e+00  0.000000e+00
      vertex  2.567302e+01 -8.361972e+00  0.000000e+00
      vertex -2.567302e+01 -8.361972e+00  0.000000e+00
    endloop
  endfacet
  facet normal  0.000000e+00  0.000000e+00 -1.000000e+00
    outer loop
      vertex -2.567302e+01 -8.361972e+00  0.000000e+00
      vertex  2.567302e+01 -8.361972e+00  0.000000e+00
      vertex  2.542705e+01 -8.763356e+00  0.000000e+00
    endloop
  endfacet
  facet normal  0.000000e+00  0.000000e+00 -1.000000e+00
    outer loop
      vertex -2.567302e+01 -8.361972e+00  0.000000e+00
      vertex  2.542705e+01 -8.763356e+00  0.000000e+00
      vertex -2.542705e+01 -8.763356e+00  0.000000e+00
    endloop
  endfacet
  facet normal  0.000000e+00  0.000000e+00 -1.000000e+00
    outer loop
      vertex -2.542705e+01 -8.763356e+00  0.000000e+00
      vertex  2.542705e+01 -8.763356e+00  0.000000e+00
      vertex  2.512132e+01 -9.121321e+00  0.000000e+00
    endloop
  endfacet
  facet normal  0.000000e+00  0.000000e+00 -1.000000e+00
    outer loop
      vertex -2.542705e+01 -8.763356e+00  0.000000e+00
      vertex  2.512132e+01 -9.121321e+00  0.000000e+00
      vertex -2.512132e+01 -9.121321e+00  0.000000e+00
    endloop
  endfacet
  facet normal  0.000000e+00  0.000000e+00 -1.000000e+00
    outer loop
      vertex -2.512132e+01 -9.121321e+00  0.000000e+00
      vertex  2.512132e+01 -9.121321e+00  0.000000e+00
      vertex  2.476336e+01 -9.427051e+00  0.000000e+00
    endloop
  endfacet
  facet normal  0.000000e+00  0.000000e+00 -1.000000e+00
    outer loop
      vertex -2.512132e+01 -9.121321e+00  0.000000e+00
      vertex  2.476336e+01 -9.427051e+00  0.000000e+00
      vertex -2.476336e+01 -9.427051e+00  0.000000e+00
    endloop
  endfacet
  facet normal  0.000000e+00  0.000000e+00 -9.999999e-01
    outer loop
      vertex -2.476336e+01 -9.427051e+00  0.000000e+00
      vertex  2.476336e+01 -9.427051e+00  0.000000e+00
      vertex  2.436197e+01 -9.673019e+00  0.000000e+00
    endloop
  endfacet
  facet normal  0.000000e+00  0.000000e+00 -1.000000e+00
    outer loop
      vertex -2.476336e+01 -9.427051e+00  0.000000e+00
      vertex  2.436197e+01 -9.673019e+00  0.000000e+00
      vertex -2.436197e+01 -9.673019e+00  0.000000e+00
    endloop
  endfacet
  facet normal  0.000000e+00  0.000000e+00 -1.000000e+00
    outer loop
      vertex -2.436197e+01 -9.673019e+00  0.000000e+00
      vertex  2.436197e+01 -9.673019e+00  0.000000e+00
      vertex  2.392705e+01 -9.853169e+00  0.000000e+00
    endloop
  endfacet
  facet normal  0.000000e+00  0.000000e+00 -1.000000e+00
    outer loop
      vertex -2.436197e+01 -9.673019e+00  0.000000e+00
      vertex  2.392705e+01 -9.853169e+00  0.000000e+00
      vertex -2.392705e+01 -9.853169e+00  0.000000e+00
    endloop
  endfacet
  facet normal  0.000000e+00  0.000000e+00 -1.000000e+00
    outer loop
      vertex -2.392705e+01 -9.853169e+00  0.000000e+00
      vertex  2.392705e+01 -9.853169e+00  0.000000e+00
      vertex  2.346930e+01 -9.963065e+00  0.000000e+00
    endloop
  endfacet
  facet normal  0.000000e+00  0.000000e+00 -1.000000e+00
    outer loop
      vertex -2.392705e+01 -9.853169e+00  0.000000e+00
      vertex  2.346930e+01 -9.963065e+00  0.000000e+00
      vertex -2.346930e+01 -9.963065e+00  0.000000e+00
    endloop
  endfacet
  facet normal  0.000000e+00  0.000000e+00 -1.000000e+00
    outer loop
      vertex -2.346930e+01 -9.963065e+00  0.000000e+00
      vertex  2.346930e+01 -9.963065e+00  0.000000e+00
      vertex  2.300000e+01 -1.000000e+01  0.000000e+00
    endloop
  endfacet
  facet normal  0.000000e+00  0.000000e+00 -1.000000e+00
    outer loop
      vertex -2.346930e+01 -9.963065e+00  0.000000e+00
      vertex  2.300000e+01 -1.000000e+01  0.000000e+00
      vertex -2.300000e+01 -1.000000e+01  0.000000e+00
    endloop
  endfacet
  facet normal -7.845888e-02 -9.969174e-01  -0.000000e+00
    outer loop
      vertex -2.300000e+01 -1.000000e+01  0.000000e+00
      vertex -2.300000e+01 -1.000000e+01  1.000000e+01
      vertex -2.346930e+01 -9.963065e+00  0.000000e+00
    endloop
  endfacet
  facet normal -7.845888e-02 -9.969174e-01  0.000000e+00
    outer loop
      vertex -2.346930e+01 -9.963065e+00  0.000000e+00
      vertex -2.300000e+01 -1.000000e+01  1.000000e+01
      vertex -2.346930e+01 -9.963065e+00  1.000000e+01
    endloop
  endfacet
  facet normal -2.334454e-01 -9.723699e-01  -0.000000e+00
    outer loop
      vertex -2.346930e+01 -9.963065e+00  0.000000e+00
      vertex -2.346930e+01 -9.963065e+00  1.000000e+01
      vertex -2.392705e+01 -9.853169e+00  0.000000e+00
    endloop
  endfacet
  facet normal -2.334454e-01 -9.723699e-01  0.000000e+00
    outer loop
      vertex -2.392705e+01 -9.853169e+00  0.000000e+00
      vertex -2.346930e+01 -9.963065e+00  1.000000e+01
      vertex -2.392705e+01 -9.853169e+00  1.000000e+01
    endloop
  endfacet
  facet normal -3.826844e-01 -9.238791e-01  -0.000000e+00
    outer loop
      vertex -2.392705e+01 -9.853169e+00  0.000000e+00
      vertex -2.392705e+01 -9.853169e+00  1.000000e+01
      vertex -2.436197e+01 -9.673019e+00  0.000000e+00
    endloop
  endfacet
  facet normal -3.826844e-01 -9.238791e-01  0.000000e+00
    outer loop
      vertex -2.436197e+01 -9.673019e+00  0.000000e+00
      vertex -2.392705e+01 -9.853169e+00  1.000000e+01
      vertex -2.436197e+01 -9.673019e+00  1.000000e+01
    endloop
  endfacet
  facet normal -5.224988e-01 -8.526400e-01  -0.000000e+00
    outer loop
      vertex -2.436197e+01 -9.673019e+00  0.000000e+00
      vertex -2.436197e+01 -9.673019e+00  1.000000e+01
      vertex -2.476336e+01 -9.427051e+00  0.000000e+00
    endloop
  endfacet
  facet normal -5.224988e-01 -8.526400e-01  0.000000e+00
    outer loop
      vertex -2.476336e+01 -9.427051e+00  0.000000e+00
      vertex -2.436197e+01 -9.673019e+00  1.000000e+01
      vertex -2.476336e+01 -9.427051e+00  1.000000e+01
    endloop
  endfacet
  facet normal -6.494461e-01 -7.604076e-01  -0.000000e+00
    outer loop
      vertex -2.476336e+01 -9.427051e+00  0.000000e+00
      vertex -2.476336e+01 -9.427051e+00  1.000000e+01
      vertex -2.512132e+01 -9.121321e+00  0.000000e+00
    endloop
  endfacet
  facet normal -6.494461e-01 -7.604076e-01  0.000000e+00
    outer loop
      vertex -2.512132e+01 -9.121321e+00  0.000000e+00
      vertex -2.476336e+01 -9.427051e+00  1.000000e+01
      vertex -2.512132e+01 -9.121321e+00  1.000000e+01
    endloop
  endfacet
  facet normal -7.604057e-01 -6.494483e-01  -0.000000e+00
    outer loop
      vertex -2.512132e+01 -9.121321e+00  0.000000e+00
      vertex -2.512132e+01 -9.121321e+00  1.000000e+01
      vertex -2.542705e+01 -8.763356e+00  0.000000e+00
    endloop
  endfacet
  facet normal -7.604057e-01 -6.494483e-01  0.000000e+00
    outer loop
      vertex -2.542705e+01 -8.763356e+00  0.000000e+00
      vertex -2.512132e+01 -9.121321e+00  1.000000e+01
      vertex -2.542705e+01 -8.763356e+00  1.000000e+01
    endloop
  endfacet
  facet normal -8.526410e-01 -5.224974e-01  -0.000000e+00
    outer loop
      vertex -2.542705e+01 -8.763356e+00  0.000000e+00
      vertex -2.542705e+01 -8.763356e+00  1.000000e+01
      vertex -2.567302e+01 -8.361972e+00  0.000000e+00
    endloop
  endfacet
  facet normal -8.526410e-01 -5.224974e-01  0.000000e+00
    outer loop
      vertex -2.567302e+01 -8.361972e+00  0.000000e+00
      vertex -2.542705e+01 -8.763356e+00  1.000000e+01
      vertex -2.567302e+01 -8.361972e+00  1.000000e+01
    endloop
  endfacet
  facet normal -9.238789e-01 -3.826851e-01  -0.000000e+00
    outer loop
      vertex -2.567302e+01 -8.361972e+00  0.000000e+00
      vertex -2.567302e+01 -8.361972e+00  1.000000e+01
      vertex -2.585317e+01 -7.927051e+00  0.000000e+00
    endloop
  endfacet
  facet normal -9.238789e-01 -3.826851e-01  0.000000e+00
    outer loop
      vertex -2.585317e+01 -7.927051e+00  0.000000e+00
      vertex -2.567302e+01 -8.361972e+00  1.000000e+01
      vertex -2.585317e+01 -7.927051e+00  1.000000e+01
    endloop
  endfacet
  facet normal -9.723707e-01 -2.334421e-01  -0.000000e+00
    outer loop
      vertex -2.585317e+01 -7.927051e+00  0.000000e+00
      vertex -2.585317e+01 -7.927051e+00  1.000000e+01
      vertex -2.596306e+01 -7.469304e+00  0.000000e+00
    endloop
  endfacet
  facet normal -9.723707e-01 -2.334421e-01  0.000000e+00
    outer loop
      vertex -2.596306e+01 -7.469304e+00  0.000000e+00
      vertex -2.585317e+01 -7.927051e+00  1.000000e+01
      vertex -2.596306e+01 -7.469304e+00  1.000000e+01
    endloop
  endfacet
  facet normal -9.969172e-01 -7.846081e-02  -0.000000e+00
    outer loop
      vertex -2.596306e+01 -7.469304e+00  0.000000e+00
      vertex -2.596306e+01 -7.469304e+00  1.000000e+01
      vertex -2.600000e+01 -7.000000e+00  0.000000e+00
    endloop
  endfacet
  facet normal -9.969172e-01 -7.846081e-02  0.000000e+00
    outer loop
      vertex -2.600000e+01 -7.000000e+00  0.000000e+00
      vertex -2.596306e+01 -7.469304e+00  1.000000e+01
      vertex -2.600000e+01 -7.000000e+00  1.000000e+01
    endloop
  endfacet
  facet normal -1.000000e+00  0.000000e+00  0.000000e+00
    outer loop
      vertex -2.600000e+01  7.000000e+00  1.000000e+01
      vertex -2.600000e+01  7.000000e+00  0.000000e+00
      vertex -2.600000e+01 -7.000000e+00  1.000000e+01
    endloop
  endfacet
  facet normal -1.000000e+00  0.000000e+00  0.000000e+00
    outer loop
      vertex -2.600000e+01 -7.000000e+00  1.000000e+01
      vertex -2.600000e+01  7.000000e+00  0.000000e+00
      vertex -2.600000e+01 -7.000000e+00  0.000000e+00
    endloop
  endfacet
  facet normal -9.969172e-01  7.846081e-02  0.000000e+00
    outer loop
      vertex -2.600000e+01  7.000000e+00  0.000000e+00
      vertex -2.600000e+01  7.000000e+00  1.000000e+01
      vertex -2.596306e+01  7.469304e+00  0.000000e+00
    endloop
  endfacet
  facet normal -9.969172e-01  7.846081e-02  0.000000e+00
    outer loop
      vertex -2.596306e+01  7.469304e+00  0.000000e+00
      vertex -2.600000e+01  7.000000e+00  1.000000e+01
      vertex -2.596306e+01  7.469304e+00  1.000000e+01
    endloop
  endfacet
  facet normal -9.723707e-01  2.334421e-01  0.000000e+00
    outer loop
      vertex -2.596306e+01  7.469304e+00  0.000000e+00
      vertex -2.596306e+01  7.469304e+00  1.000000e+01
      vertex -2.585317e+01  7.927051e+00  0.000000e+00
    endloop
  endfacet
  facet normal -9.723707e-01  2.334421e-01  0.000000e+00
    outer loop
      vertex -2.585317e+01  7.927051e+00  0.000000e+00
      vertex -2.596306e+01  7.469304e+00  1.000000e+01
      vertex -2.585317e+01  7.927051e+00  1.000000e+01
    endloop
  endfacet
  facet normal -9.238789e-01  3.826851e-01  0.000000e+00
    outer loop
      vertex -2.585317e+01  7.927051e+00  0.000000e+00
      vertex -2.585317e+01  7.927051e+00  1.000000e+01
      vertex -2.567302e+01  8.361972e+00  0.000000e+00
    endloop
  endfacet
  facet normal -9.238789e-01  3.826851e-01  0.000000e+00
    outer loop
      vertex -2.567302e+01  8.361972e+00  0.000000e+00
      vertex -2.585317e+01  7.927051e+00  1.000000e+01
      vertex -2.567302e+01  8.361972e+00  1.000000e+01
    endloop
  endfacet
  facet normal -8.526410e-01  5.224974e-01  0.000000e+00
    outer loop
      vertex -2.567302e+01  8.361972e+00  0.000000e+00
      vertex -2.567302e+01  8.361972e+00  1.000000e+01
      vertex -2.542705e+01  8.763356e+00  0.000000e+00
    endloop
  endfacet
  facet normal -8.526410e-01  5.224974e-01  0.000000e+00
    outer loop
      vertex -2.542705e+01  8.763356e+00  0.000000e+00
      vertex -2.567302e+01  8.361972e+00  1.000000e+01
      vertex -2.542705e+01  8.763356e+00  1.000000e+01
    endloop
  endfacet
  facet normal -7.604057e-01  6.494483e-01  0.000000e+00
    outer loop
      vertex -2.542705e+01  8.763356e+00  0.000000e+00
      vertex -2.542705e+01  8.763356e+00  1.000000e+01
      vertex -2.512132e+01  9.121321e+00  0.000000e+00
    endloop
  endfacet
  facet normal -7.604057e-01  6.494483e-01  0.000000e+00
    outer loop
      vertex -2.512132e+01  9.121321e+00  0.000000e+00
      vertex -2.542705e+01  8.763356e+00  1.000000e+01
      vertex -2.512132e+01  9.121321e+00  1.000000e+01
    endloop
  endfacet
  facet normal -6.494461e-01  7.604076e-01  0.000000e+00
    outer loop
      vertex -2.512132e+01  9.121321e+00  0.000000e+00
      vertex -2.512132e+01  9.121321e+00  1.000000e+01
      vertex -2.476336e+01  9.427051e+00  0.000000e+00
    endloop
  endfacet
  facet normal -6.494461e-01  7.604076e-01  0.000000e+00
    outer loop
      vertex -2.476336e+01  9.427051e+00  0.000000e+00
      vertex -2.512132e+01  9.121321e+00  1.000000e+01
      vertex -2.476336e+01  9.427051e+00  1.000000e+01
    endloop
  endfacet
  facet normal -5.224988e-01  8.526400e-01  0.000000e+00
    outer loop
      vertex -2.476336e+01  9.427051e+00  0.000000e+00
      vertex -2.476336e+01  9.427051e+00  1.000000e+01
      vertex -2.436197e+01  9.673019e+00  0.000000e+00
    endloop
  endfacet
  facet normal -5.224988e-01  8.526400e-01  0.000000e+00
    outer loop
      vertex -2.436197e+01  9.673019e+00  0.000000e+00
      vertex -2.476336e+01  9.427051e+00  1.000000e+01
      vertex -2.436197e+01  9.673019e+00  1.000000e+01
    endloop
  endfacet
  facet normal -3.826844e-01  9.238791e-01  0.000000e+00
    outer loop
      vertex -2.436197e+01  9.673019e+00  0.000000e+00
      vertex -2.436197e+01  9.673019e+00  1.000000e+01
      vertex -2.392705e+01  9.853169e+00  0.000000e+00
    endloop
  endfacet
  facet normal -3.826844e-01  9.238791e-01  0.000000e+00
    outer loop
      vertex -2.392705e+01  9.853169e+00  0.000000e+00
      vertex -2.436197e+01  9.673019e+00  1.000000e+01
      vertex -2.392705e+01  9.853169e+00  1.000000e+01
    endloop
  endfacet
  facet normal -2.334454e-01  9.723699e-01  0.000000e+00
    outer loop
      vertex -2.392705e+01  9.853169e+00  0.000000e+00
      vertex -2.392705e+01  9.853169e+00  1.000000e+01
      vertex -2.346930e+01  9.963065e+00  0.000000e+00
    endloop
  endfacet
  facet normal -2.334454e-01  9.723699e-01  0.000000e+00
    outer loop
      vertex -2.346930e+01  9.963065e+00  0.000000e+00
      vertex -2.392705e+01  9.853169e+00  1.000000e+01
      vertex -2.346930e+01  9.963065e+00  1.000000e+01
    endloop
  endfacet
  facet normal -7.845888e-02  9.969174e-01  0.000000e+00
    outer loop
      vertex -2.346930e+01  9.963065e+00  0.000000e+00
      vertex -2.346930e+01  9.963065e+00  1.000000e+01
      vertex -2.300000e+01  1.000000e+01  0.000000e+00
    endloop
  endfacet
  facet normal -7.845888e-02  9.969174e-01  0.000000e+00
    outer loop
      vertex -2.300000e+01  1.000000e+01  0.000000e+00
      vertex -2.346930e+01  9.963065e+00  1.000000e+01
      vertex -2.300000e+01  1.000000e+01  1.000000e+01
    endloop
  endfacet
  facet normal  0.000000e+00  9.999999e-01  -0.000000e+00
    outer loop
      vertex  2.300000e+01  1.000000e+01  1.000000e+01
      vertex  2.300000e+01  1.000000e+01  0.000000e+00
      vertex -2.300000e+01  1.000000e+01  1.000000e+01
    endloop
  endfacet
  facet normal  0.000000e+00  9.999999e-01  0.000000e+00
    outer loop
      vertex -2.300000e+01  1.000000e+01  1.000000e+01
      vertex  2.300000e+01  1.000000e+01  0.000000e+00
      vertex -2.300000e+01  1.000000e+01  0.000000e+00
    endloop
  endfacet
  facet normal  7.845888e-02  9.969174e-01  0.000000e+00
    outer loop
      vertex  2.300000e+01  1.000000e+01  0.000000e+00
      vertex  2.300000e+01  1.000000e+01  1.000000e+01
      vertex  2.346930e+01  9.963065e+00  0.000000e+00
    endloop
  endfacet
  facet normal  7.845888e-02  9.969174e-01  -0.000000e+00
    outer loop
      vertex  2.346930e+01  9.963065e+00  0.000000e+00
      vertex  2.300000e+01  1.000000e+01  1.000000e+01
      vertex  2.346930e+01  9.963065e+00  1.000000e+01
    endloop
  endfacet
  facet normal  2.334454e-01  9.723699e-01  0.000000e+00
    outer loop
      vertex  2.346930e+01  9.963065e+00  0.000000e+00
      vertex  2.346930e+01  9.963065e+00  1.000000e+01
      vertex  2.392705e+01  9.853169e+00  0.000000e+00
    endloop
  endfacet
  facet normal  2.334454e-01  9.723699e-01  -0.000000e+00
    outer loop
      vertex  2.392705e+01  9.853169e+00  0.000000e+00
      vertex  2.346930e+01  9.963065e+00  1.000000e+01
      vertex  2.392705e+01  9.853169e+00  1.000000e+01
    endloop
  endfacet
  facet normal  3.826844e-01  9.238791e-01  0.000000e+00
    outer loop
      vertex  2.392705e+01  9.853169e+00  0.000000e+00
      vertex  2.392705e+01  9.853169e+00  1.000000e+01
      vertex  2.436197e+01  9.673019e+00  0.000000e+00
    endloop
  endfacet
  facet normal  3.826844e-01  9.238791e-01  -0.000000e+00
    outer loop
      vertex  2.436197e+01  9.673019e+00  0.000000e+00
      vertex  2.392705e+01  9.853169e+00  1.000000e+01
      vertex  2.436197e+01  9.673019e+00  1.000000e+01
    endloop
  endfacet
  facet normal  5.224988e-01  8.526400e-01  0.000000e+00
    outer loop
      vertex  2.436197e+01  9.673019e+00  0.000000e+00
      vertex  2.436197e+01  9.673019e+00  1.000000e+01
      vertex  2.476336e+01  9.427051e+00  0.000000e+00
    endloop
  endfacet
  facet normal  5.224988e-01  8.526400e-01  -0.000000e+00
    outer loop
      vertex  2.476336e+01  9.427051e+00  0.000000e+00
      vertex  2.436197e+01  9.673019e+00  1.000000e+01
      vertex  2.476336e+01  9.427051e+00  1.000000e+01
    endloop
  endfacet
  facet normal  6.494461e-01  7.604076e-01  0.000000e+00
    outer loop
      vertex  2.476336e+01  9.427051e+00  0.000000e+00
      vertex  2.476336e+01  9.427051e+00  1.000000e+01
      vertex  2.512132e+01  9.121321e+00  0.000000e+00
    endloop
  endfacet
  facet normal  6.494461e-01  7.604076e-01  -0.000000e+00
    outer loop
      vertex  2.512132e+01  9.121321e+00  0.000000e+00
      vertex  2.476336e+01  9.427051e+00  1.000000e+01
      vertex  2.512132e+01  9.121321e+00  1.000000e+01
    endloop
  endfacet
  facet normal  7.604057e-01  6.494483e-01  0.000000e+00
    outer loop
      vertex  2.512132e+01  9.121321e+00  0.000000e+00
      vertex  2.512132e+01  9.121321e+00  1.000000e+01
      vertex  2.542705e+01  8.763356e+00  0.000000e+00
    endloop
  endfacet
  facet normal  7.604057e-01  6.494483e-01  -0.000000e+00
    outer loop
      vertex  2.542705e+01  8.763356e+00  0.000000e+00
      vertex  2.512132e+01  9.121321e+00  1.000000e+01
      vertex  2.542705e+01  8.763356e+00  1.000000e+01
    endloop
  endfacet
  facet normal  8.526410e-01  5.224974e-01  0.000000e+00
    outer loop
      vertex  2.542705e+01  8.763356e+00  0.000000e+00
      vertex  2.542705e+01  8.763356e+00  1.000000e+01
      vertex  2.567302e+01  8.361972e+00  0.000000e+00
    endloop
  endfacet
  facet normal  8.526410e-01  5.224974e-01  -0.000000e+00
    outer loop
      vertex  2.567302e+01  8.361972e+00  0.000000e+00
      vertex  2.542705e+01  8.763356e+00  1.000000e+01
      vertex  2.567302e+01  8.361972e+00  1.000000e+01
    endloop
  endfacet
  facet normal  9.238789e-01  3.826851e-01  0.000000e+00
    outer loop
      vertex  2.567302e+01  8.361972e+00  0.000000e+00
      vertex  2.567302e+01  8.361972e+00  1.000000e+01
      vertex  2.585317e+01  7.927051e+00  0.000000e+00
    endloop
  endfacet
  facet normal  9.238789e-01  3.826851e-01  -0.000000e+00
    outer loop
      vertex  2.585317e+01  7.927051e+00  0.000000e+00
      vertex  2.567302e+01  8.361972e+00  1.000000e+01
      vertex  2.585317e+01  7.927051e+00  1.000000e+01
    endloop
  endfacet
  facet normal  9.723707e-01  2.334421e-01  0.000000e+00
    outer loop
      vertex  2.585317e+01  7.927051e+00  0.000000e+00
      vertex  2.585317e+01  7.927051e+00  1.000000e+01
      vertex  2.596306e+01  7.469304e+00  0.000000e+00
    endloop
  endfacet
  facet normal  9.723707e-01  2.334421e-01  -0.000000e+00
    outer loop
      vertex  2.596306e+01  7.469304e+00  0.000000e+00
      vertex  2.585317e+01  7.927051e+00  1.000000e+01
      vertex  2.596306e+01  7.469304e+00  1.000000e+01
    endloop
  endfacet
  facet normal  9.969172e-01  7.846081e-02  0.000000e+00
    outer loop
      vertex  2.596306e+01  7.469304e+00  0.000000e+00
      vertex  2.596306e+01  7.469304e+00  1.000000e+01
      vertex  2.600000e+01  7.000000e+00  0.000000e+00
    endloop
  endfacet
  facet normal  9.969172e-01  7.846081e-02  -0.000000e+00
    outer loop
      vertex  2.600000e+01  7.000000e+00  0.000000e+00
      vertex  2.596306e+01  7.469304e+00  1.000000e+01
      vertex  2.600000e+01  7.000000e+00  1.000000e+01
    endloop
  endfacet
  facet normal  1.000000e+00  0.000000e+00  0.000000e+00
    outer loop
      vertex  2.600000e+01 -7.000000e+00  1.000000e+01
      vertex  2.600000e+01 -7.000000e+00  0.000000e+00
      vertex  2.600000e+01  7.000000e+00  1.000000e+01
    endloop
  endfacet
  facet normal  1.000000e+00  0.000000e+00  0.000000e+00
    outer loop
      vertex  2.600000e+01  7.000000e+00  1.000000e+01
      vertex  2.600000e+01 -7.000000e+00  0.000000e+00
      vertex  2.600000e+01  7.000000e+00  0.000000e+00
    endloop
  endfacet
  facet normal  9.969172e-01 -7.846081e-02  0.000000e+00
    outer loop
      vertex  2.600000e+01 -7.000000e+00  0.000000e+00
      vertex  2.600000e+01 -7.000000e+00  1.000000e+01
      vertex  2.596306e+01 -7.469304e+00  0.000000e+00
    endloop
  endfacet
  facet normal  9.969172e-01 -7.846081e-02  0.000000e+00
    outer loop
      vertex  2.596306e+01 -7.469304e+00  0.000000e+00
      vertex  2.600000e+01 -7.000000e+00  1.000000e+01
      vertex  2.596306e+01 -7.469304e+00  1.000000e+01
    endloop
  endfacet
  facet normal  9.723707e-01 -2.334421e-01  0.000000e+00
    outer loop
      vertex  2.596306e+01 -7.469304e+00  0.000000e+00
      vertex  2.596306e+01 -7.469304e+00  1.000000e+01
      vertex  2.585317e+01 -7.927051e+00  0.000000e+00
    endloop
  endfacet
  facet normal  9.723707e-01 -2.334421e-01  0.000000e+00
    outer loop
      vertex  2.585317e+01 -7.927051e+00  0.000000e+00
      vertex  2.596306e+01 -7.469304e+00  1.000000e+01
      vertex  2.585317e+01 -7.927051e+00  1.000000e+01
    endloop
  endfacet
  facet normal  9.238789e-01 -3.826851e-01  0.000000e+00
    outer loop
      vertex  2.585317e+01 -7.927051e+00  0.000000e+00
      vertex  2.585317e+01 -7.927051e+00  1.000000e+01
      vertex  2.567302e+01 -8.361972e+00  0.000000e+00
    endloop
  endfacet
  facet normal  9.238789e-01 -3.826851e-01  0.000000e+00
    outer loop
      vertex  2.567302e+01 -8.361972e+00  0.000000e+00
      vertex  2.585317e+01 -7.927051e+00  1.000000e+01
      vertex  2.567302e+01 -8.361972e+00  1.000000e+01
    endloop
  endfacet
  facet normal  8.526410e-01 -5.224974e-01  0.000000e+00
    outer loop
      vertex  2.567302e+01 -8.361972e+00  0.000000e+00
      vertex  2.567302e+01 -8.361972e+00  1.000000e+01
      vertex  2.542705e+01 -8.763356e+00  0.000000e+00
    endloop
  endfacet
  facet normal  8.526410e-01 -5.224974e-01  0.000000e+00
    outer loop
      vertex  2.542705e+01 -8.763356e+00  0.000000e+00
      vertex  2.567302e+01 -8.361972e+00  1.000000e+01
      vertex  2.542705e+01 -8.763356e+00  1.000000e+01
    endloop
  endfacet
  facet normal  7.604057e-01 -6.494483e-01  0.000000e+00
    outer loop
      vertex  2.542705e+01 -8.763356e+00  0.000000e+00
      vertex  2.542705e+01 -8.763356e+00  1.000000e+01
      vertex  2.512132e+01 -9.121321e+00  0.000000e+00
    endloop
  endfacet
  facet normal  7.604057e-01 -6.494483e-01  0.000000e+00
    outer loop
      vertex  2.512132e+01 -9.121321e+00  0.000000e+00
      vertex  2.542705e+01 -8.763356e+00  1.000000e+01
      vertex  2.512132e+01 -9.121321e+00  1.000000e+01
    endloop
  endfacet
  facet normal  6.494461e-01 -7.604076e-01  0.000000e+00
    outer loop
      vertex  2.512132e+01 -9.121321e+00  0.000000e+00
      vertex  2.512132e+01 -9.121321e+00  1.000000e+01
      vertex  2.476336e+01 -9.427051e+00  0.000000e+00
    endloop
  endfacet
  facet normal  6.494461e-01 -7.604076e-01  0.000000e+00
    outer loop
      vertex  2.476336e+01 -9.427051e+00  0.000000e+00
      vertex  2.512132e+01 -9.121321e+00  1.000000e+01
      vertex  2.476336e+01 -9.427051e+00  1.000000e+01
    endloop
  endfacet
  facet normal  5.224988e-01 -8.526400e-01  0.000000e+00
    outer loop
      vertex  2.476336e+01 -9.427051e+00  0.000000e+00
      vertex  2.476336e+01 -9.427051e+00  1.000000e+01
      vertex  2.436197e+01 -9.673019e+00  0.000000e+00
    endloop
  endfacet
  facet normal  5.224988e-01 -8.526400e-01  0.000000e+00
    outer loop
      vertex  2.436197e+01 -9.673019e+00  0.000000e+00
      vertex  2.476336e+01 -9.427051e+00  1.000000e+01
      vertex  2.436197e+01 -9.673019e+00  1.000000e+01
    endloop
  endfacet
  facet normal  3.826844e-01 -9.238791e-01  0.000000e+00
    outer loop
      vertex  2.436197e+01 -9.673019e+00  0.000000e+00
      vertex  2.436197e+01 -9.673019e+00  1.000000e+01
      vertex  2.392705e+01 -9.853169e+00  0.000000e+00
    endloop
  endfacet
  facet normal  3.826844e-01 -9.238791e-01  0.000000e+00
    outer loop
      vertex  2.392705e+01 -9.853169e+00  0.000000e+00
      vertex  2.436197e+01 -9.673019e+00  1.000000e+01
      vertex  2.392705e+01 -9.853169e+00  1.000000e+01
    endloop
  endfacet
  facet normal  2.334454e-01 -9.723699e-01  0.000000e+00
    outer loop
      vertex  2.392705e+01 -9.853169e+00  0.000000e+00
      vertex  2.392705e+01 -9.853169e+00  1.000000e+01
      vertex  2.346930e+01 -9.963065e+00  0.000000e+00
    endloop
  endfacet
  facet normal  2.334454e-01 -9.723699e-01  0.000000e+00
    outer loop
      vertex  2.346930e+01 -9.963065e+00  0.000000e+00
      vertex  2.392705e+01 -9.853169e+00  1.000000e+01
      vertex  2.346930e+01 -9.963065e+00  1.000000e+01
    endloop
  endfacet
  facet normal  7.845888e-02 -9.969174e-01  0.000000e+00
    outer loop
      vertex  2.346930e+01 -9.963065e+00  0.000000e+00
      vertex  2.346930e+01 -9.963065e+00  1.000000e+01
      vertex  2.300000e+01 -1.000000e+01  0.000000e+00
    endloop
  endfacet
  facet normal  7.845888e-02 -9.969174e-01  0.000000e+00
    outer loop
      vertex  2.300000e+01 -1.000000e+01  0.000000e+00
      vertex  2.346930e+01 -9.963065e+00  1.000000e+01
      vertex  2.300000e+01 -1.000000e+01  1.000000e+01
    endloop
  endfacet
  facet normal  0.000000e+00 -9.999999e-01  0.000000e+00
    outer loop
      vertex -2.300000e+01 -1.000000e+01  1.000000e+01
      vertex -2.300000e+01 -1.000000e+01  0.000000e+00
      vertex  2.300000e+01 -1.000000e+01  1.000000e+01
    endloop
  endfacet
  facet normal  0.000000e+00 -9.999999e-01  -0.000000e+00
    outer loop
      vertex  2.300000e+01 -1.000000e+01  1.000000e+01
      vertex -2.300000e+01 -1.000000e+01  0.000000e+00
      vertex  2.300000e+01 -1.000000e+01  0.000000e+00
    endloop
  endfacet
endsolid CATIA STL
