solid CATIA STL
  facet normal  8.715565e-02 -9.961947e-01  0.000000e+00
    outer loop
      vertex -1.600000e+01  2.450000e+00  3.500000e+00
      vertex -1.642544e+01  2.412779e+00  1.150000e+01
      vertex -1.642544e+01  2.412779e+00  3.500000e+00
    endloop
  endfacet
  facet normal  2.588192e-01 -9.659258e-01  0.000000e+00
    outer loop
      vertex -1.642544e+01  2.412779e+00  3.500000e+00
      vertex -1.642544e+01  2.412779e+00  1.150000e+01
      vertex -1.683795e+01  2.302247e+00  1.150000e+01
    endloop
  endfacet
  facet normal  2.588192e-01 -9.659258e-01  0.000000e+00
    outer loop
      vertex -1.642544e+01  2.412779e+00  3.500000e+00
      vertex -1.683795e+01  2.302247e+00  1.150000e+01
      vertex -1.683795e+01  2.302247e+00  3.500000e+00
    endloop
  endfacet
  facet normal  4.226180e-01 -9.063079e-01  0.000000e+00
    outer loop
      vertex -1.683795e+01  2.302247e+00  3.500000e+00
      vertex -1.683795e+01  2.302247e+00  1.150000e+01
      vertex -1.722500e+01  2.121762e+00  1.150000e+01
    endloop
  endfacet
  facet normal  4.226180e-01 -9.063079e-01  0.000000e+00
    outer loop
      vertex -1.683795e+01  2.302247e+00  3.500000e+00
      vertex -1.722500e+01  2.121762e+00  1.150000e+01
      vertex -1.722500e+01  2.121762e+00  3.500000e+00
    endloop
  endfacet
  facet normal  5.735775e-01 -8.191512e-01  0.000000e+00
    outer loop
      vertex -1.722500e+01  2.121762e+00  3.500000e+00
      vertex -1.722500e+01  2.121762e+00  1.150000e+01
      vertex -1.757483e+01  1.876809e+00  1.150000e+01
    endloop
  endfacet
  facet normal  5.735775e-01 -8.191512e-01  0.000000e+00
    outer loop
      vertex -1.722500e+01  2.121762e+00  3.500000e+00
      vertex -1.757483e+01  1.876809e+00  1.150000e+01
      vertex -1.757483e+01  1.876809e+00  3.500000e+00
    endloop
  endfacet
  facet normal  7.071069e-01 -7.071066e-01  0.000000e+00
    outer loop
      vertex -1.757483e+01  1.876809e+00  3.500000e+00
      vertex -1.757483e+01  1.876809e+00  1.150000e+01
      vertex -1.787681e+01  1.574830e+00  1.150000e+01
    endloop
  endfacet
  facet normal  7.071069e-01 -7.071066e-01  0.000000e+00
    outer loop
      vertex -1.757483e+01  1.876809e+00  3.500000e+00
      vertex -1.787681e+01  1.574830e+00  1.150000e+01
      vertex -1.787681e+01  1.574830e+00  3.500000e+00
    endloop
  endfacet
  facet normal  8.191523e-01 -5.735761e-01  0.000000e+00
    outer loop
      vertex -1.787681e+01  1.574830e+00  3.500000e+00
      vertex -1.787681e+01  1.574830e+00  1.150000e+01
      vertex -1.812176e+01  1.225000e+00  1.150000e+01
    endloop
  endfacet
  facet normal  8.191523e-01 -5.735761e-01  0.000000e+00
    outer loop
      vertex -1.787681e+01  1.574830e+00  3.500000e+00
      vertex -1.812176e+01  1.225000e+00  1.150000e+01
      vertex -1.812176e+01  1.225000e+00  3.500000e+00
    endloop
  endfacet
  facet normal  9.063077e-01 -4.226184e-01  0.000000e+00
    outer loop
      vertex -1.812176e+01  1.225000e+00  3.500000e+00
      vertex -1.812176e+01  1.225000e+00  1.150000e+01
      vertex -1.830225e+01  8.379493e-01  1.150000e+01
    endloop
  endfacet
  facet normal  9.063077e-01 -4.226184e-01  0.000000e+00
    outer loop
      vertex -1.812176e+01  1.225000e+00  3.500000e+00
      vertex -1.830225e+01  8.379493e-01  1.150000e+01
      vertex -1.830225e+01  8.379493e-01  3.500000e+00
    endloop
  endfacet
  facet normal  9.659254e-01 -2.588206e-01  0.000000e+00
    outer loop
      vertex -1.830225e+01  8.379493e-01  3.500000e+00
      vertex -1.830225e+01  8.379493e-01  1.150000e+01
      vertex -1.841278e+01  4.254380e-01  1.150000e+01
    endloop
  endfacet
  facet normal  9.659254e-01 -2.588206e-01  0.000000e+00
    outer loop
      vertex -1.830225e+01  8.379493e-01  3.500000e+00
      vertex -1.841278e+01  4.254380e-01  1.150000e+01
      vertex -1.841278e+01  4.254380e-01  3.500000e+00
    endloop
  endfacet
  facet normal  9.961945e-01 -8.715785e-02  0.000000e+00
    outer loop
      vertex -1.841278e+01  4.254380e-01  3.500000e+00
      vertex -1.841278e+01  4.254380e-01  1.150000e+01
      vertex -1.845000e+01  3.000385e-16  1.150000e+01
    endloop
  endfacet
  facet normal  9.961945e-01 -8.715785e-02  0.000000e+00
    outer loop
      vertex -1.841278e+01  4.254380e-01  3.500000e+00
      vertex -1.845000e+01  3.000385e-16  1.150000e+01
      vertex -1.845000e+01  3.000385e-16  3.500000e+00
    endloop
  endfacet
  facet normal  8.715565e-02 -9.961947e-01  0.000000e+00
    outer loop
      vertex -1.642544e+01  2.412779e+00  1.150000e+01
      vertex -1.600000e+01  2.450000e+00  3.500000e+00
      vertex -1.600000e+01  2.450000e+00  1.150000e+01
    endloop
  endfacet
  facet normal -8.715565e-02 -9.961947e-01  -0.000000e+00
    outer loop
      vertex -1.600000e+01  2.450000e+00  1.150000e+01
      vertex -1.600000e+01  2.450000e+00  3.500000e+00
      vertex -1.557456e+01  2.412779e+00  3.500000e+00
    endloop
  endfacet
  facet normal -8.715565e-02 -9.961947e-01  0.000000e+00
    outer loop
      vertex -1.600000e+01  2.450000e+00  1.150000e+01
      vertex -1.557456e+01  2.412779e+00  3.500000e+00
      vertex -1.557456e+01  2.412779e+00  1.150000e+01
    endloop
  endfacet
  facet normal -2.588192e-01 -9.659258e-01  -0.000000e+00
    outer loop
      vertex -1.557456e+01  2.412779e+00  1.150000e+01
      vertex -1.557456e+01  2.412779e+00  3.500000e+00
      vertex -1.516205e+01  2.302247e+00  3.500000e+00
    endloop
  endfacet
  facet normal -2.588192e-01 -9.659258e-01  0.000000e+00
    outer loop
      vertex -1.557456e+01  2.412779e+00  1.150000e+01
      vertex -1.516205e+01  2.302247e+00  3.500000e+00
      vertex -1.516205e+01  2.302247e+00  1.150000e+01
    endloop
  endfacet
  facet normal -4.226180e-01 -9.063079e-01  -0.000000e+00
    outer loop
      vertex -1.516205e+01  2.302247e+00  1.150000e+01
      vertex -1.516205e+01  2.302247e+00  3.500000e+00
      vertex -1.477500e+01  2.121762e+00  3.500000e+00
    endloop
  endfacet
  facet normal -4.226180e-01 -9.063079e-01  0.000000e+00
    outer loop
      vertex -1.516205e+01  2.302247e+00  1.150000e+01
      vertex -1.477500e+01  2.121762e+00  3.500000e+00
      vertex -1.477500e+01  2.121762e+00  1.150000e+01
    endloop
  endfacet
  facet normal -5.735765e-01 -8.191520e-01  -0.000000e+00
    outer loop
      vertex -1.477500e+01  2.121762e+00  1.150000e+01
      vertex -1.477500e+01  2.121762e+00  3.500000e+00
      vertex -1.442517e+01  1.876809e+00  3.500000e+00
    endloop
  endfacet
  facet normal -5.735765e-01 -8.191520e-01  0.000000e+00
    outer loop
      vertex -1.477500e+01  2.121762e+00  1.150000e+01
      vertex -1.442517e+01  1.876809e+00  3.500000e+00
      vertex -1.442517e+01  1.876809e+00  1.150000e+01
    endloop
  endfacet
  facet normal -7.071069e-01 -7.071066e-01  -0.000000e+00
    outer loop
      vertex -1.442517e+01  1.876809e+00  1.150000e+01
      vertex -1.442517e+01  1.876809e+00  3.500000e+00
      vertex -1.412319e+01  1.574830e+00  3.500000e+00
    endloop
  endfacet
  facet normal -7.071069e-01 -7.071066e-01  0.000000e+00
    outer loop
      vertex -1.442517e+01  1.876809e+00  1.150000e+01
      vertex -1.412319e+01  1.574830e+00  3.500000e+00
      vertex -1.412319e+01  1.574830e+00  1.150000e+01
    endloop
  endfacet
  facet normal -8.191523e-01 -5.735761e-01  -0.000000e+00
    outer loop
      vertex -1.412319e+01  1.574830e+00  1.150000e+01
      vertex -1.412319e+01  1.574830e+00  3.500000e+00
      vertex -1.387824e+01  1.225000e+00  3.500000e+00
    endloop
  endfacet
  facet normal -8.191523e-01 -5.735761e-01  0.000000e+00
    outer loop
      vertex -1.412319e+01  1.574830e+00  1.150000e+01
      vertex -1.387824e+01  1.225000e+00  3.500000e+00
      vertex -1.387824e+01  1.225000e+00  1.150000e+01
    endloop
  endfacet
  facet normal -9.063077e-01 -4.226184e-01  -0.000000e+00
    outer loop
      vertex -1.387824e+01  1.225000e+00  1.150000e+01
      vertex -1.387824e+01  1.225000e+00  3.500000e+00
      vertex -1.369775e+01  8.379493e-01  3.500000e+00
    endloop
  endfacet
  facet normal -9.063077e-01 -4.226184e-01  0.000000e+00
    outer loop
      vertex -1.387824e+01  1.225000e+00  1.150000e+01
      vertex -1.369775e+01  8.379493e-01  3.500000e+00
      vertex -1.369775e+01  8.379493e-01  1.150000e+01
    endloop
  endfacet
  facet normal -9.659260e-01 -2.588185e-01  -0.000000e+00
    outer loop
      vertex -1.369775e+01  8.379493e-01  1.150000e+01
      vertex -1.369775e+01  8.379493e-01  3.500000e+00
      vertex -1.358722e+01  4.254380e-01  3.500000e+00
    endloop
  endfacet
  facet normal -9.659260e-01 -2.588185e-01  0.000000e+00
    outer loop
      vertex -1.369775e+01  8.379493e-01  1.150000e+01
      vertex -1.358722e+01  4.254380e-01  3.500000e+00
      vertex -1.358722e+01  4.254380e-01  1.150000e+01
    endloop
  endfacet
  facet normal -9.961947e-01 -8.715562e-02  -0.000000e+00
    outer loop
      vertex -1.358722e+01  4.254380e-01  1.150000e+01
      vertex -1.358722e+01  4.254380e-01  3.500000e+00
      vertex -1.355000e+01  0.000000e+00  3.500000e+00
    endloop
  endfacet
  facet normal -9.961947e-01 -8.715562e-02  0.000000e+00
    outer loop
      vertex -1.358722e+01  4.254380e-01  1.150000e+01
      vertex -1.355000e+01  0.000000e+00  3.500000e+00
      vertex -1.355000e+01  0.000000e+00  1.150000e+01
    endloop
  endfacet
  facet normal -8.715565e-02  9.961947e-01  0.000000e+00
    outer loop
      vertex -1.600000e+01 -2.450000e+00  3.500000e+00
      vertex -1.557456e+01 -2.412779e+00  1.150000e+01
      vertex -1.557456e+01 -2.412779e+00  3.500000e+00
    endloop
  endfacet
  facet normal -2.588192e-01  9.659258e-01  0.000000e+00
    outer loop
      vertex -1.557456e+01 -2.412779e+00  3.500000e+00
      vertex -1.557456e+01 -2.412779e+00  1.150000e+01
      vertex -1.516205e+01 -2.302247e+00  1.150000e+01
    endloop
  endfacet
  facet normal -2.588192e-01  9.659258e-01  0.000000e+00
    outer loop
      vertex -1.557456e+01 -2.412779e+00  3.500000e+00
      vertex -1.516205e+01 -2.302247e+00  1.150000e+01
      vertex -1.516205e+01 -2.302247e+00  3.500000e+00
    endloop
  endfacet
  facet normal -4.226180e-01  9.063079e-01  0.000000e+00
    outer loop
      vertex -1.516205e+01 -2.302247e+00  3.500000e+00
      vertex -1.516205e+01 -2.302247e+00  1.150000e+01
      vertex -1.477500e+01 -2.121762e+00  1.150000e+01
    endloop
  endfacet
  facet normal -4.226180e-01  9.063079e-01  0.000000e+00
    outer loop
      vertex -1.516205e+01 -2.302247e+00  3.500000e+00
      vertex -1.477500e+01 -2.121762e+00  1.150000e+01
      vertex -1.477500e+01 -2.121762e+00  3.500000e+00
    endloop
  endfacet
  facet normal -5.735765e-01  8.191520e-01  0.000000e+00
    outer loop
      vertex -1.477500e+01 -2.121762e+00  3.500000e+00
      vertex -1.477500e+01 -2.121762e+00  1.150000e+01
      vertex -1.442517e+01 -1.876809e+00  1.150000e+01
    endloop
  endfacet
  facet normal -5.735765e-01  8.191520e-01  0.000000e+00
    outer loop
      vertex -1.477500e+01 -2.121762e+00  3.500000e+00
      vertex -1.442517e+01 -1.876809e+00  1.150000e+01
      vertex -1.442517e+01 -1.876809e+00  3.500000e+00
    endloop
  endfacet
  facet normal -7.071069e-01  7.071066e-01  0.000000e+00
    outer loop
      vertex -1.442517e+01 -1.876809e+00  3.500000e+00
      vertex -1.442517e+01 -1.876809e+00  1.150000e+01
      vertex -1.412319e+01 -1.574830e+00  1.150000e+01
    endloop
  endfacet
  facet normal -7.071069e-01  7.071066e-01  0.000000e+00
    outer loop
      vertex -1.442517e+01 -1.876809e+00  3.500000e+00
      vertex -1.412319e+01 -1.574830e+00  1.150000e+01
      vertex -1.412319e+01 -1.574830e+00  3.500000e+00
    endloop
  endfacet
  facet normal -8.191523e-01  5.735761e-01  0.000000e+00
    outer loop
      vertex -1.412319e+01 -1.574830e+00  3.500000e+00
      vertex -1.412319e+01 -1.574830e+00  1.150000e+01
      vertex -1.387824e+01 -1.225000e+00  1.150000e+01
    endloop
  endfacet
  facet normal -8.191523e-01  5.735761e-01  0.000000e+00
    outer loop
      vertex -1.412319e+01 -1.574830e+00  3.500000e+00
      vertex -1.387824e+01 -1.225000e+00  1.150000e+01
      vertex -1.387824e+01 -1.225000e+00  3.500000e+00
    endloop
  endfacet
  facet normal -9.063077e-01  4.226184e-01  0.000000e+00
    outer loop
      vertex -1.387824e+01 -1.225000e+00  3.500000e+00
      vertex -1.387824e+01 -1.225000e+00  1.150000e+01
      vertex -1.369775e+01 -8.379493e-01  1.150000e+01
    endloop
  endfacet
  facet normal -9.063077e-01  4.226184e-01  0.000000e+00
    outer loop
      vertex -1.387824e+01 -1.225000e+00  3.500000e+00
      vertex -1.369775e+01 -8.379493e-01  1.150000e+01
      vertex -1.369775e+01 -8.379493e-01  3.500000e+00
    endloop
  endfacet
  facet normal -9.659260e-01  2.588185e-01  0.000000e+00
    outer loop
      vertex -1.369775e+01 -8.379493e-01  3.500000e+00
      vertex -1.369775e+01 -8.379493e-01  1.150000e+01
      vertex -1.358722e+01 -4.254380e-01  1.150000e+01
    endloop
  endfacet
  facet normal -9.659260e-01  2.588185e-01  0.000000e+00
    outer loop
      vertex -1.369775e+01 -8.379493e-01  3.500000e+00
      vertex -1.358722e+01 -4.254380e-01  1.150000e+01
      vertex -1.358722e+01 -4.254380e-01  3.500000e+00
    endloop
  endfacet
  facet normal -9.961947e-01  8.715562e-02  0.000000e+00
    outer loop
      vertex -1.358722e+01 -4.254380e-01  3.500000e+00
      vertex -1.358722e+01 -4.254380e-01  1.150000e+01
      vertex -1.355000e+01  0.000000e+00  1.150000e+01
    endloop
  endfacet
  facet normal -9.961947e-01  8.715562e-02  0.000000e+00
    outer loop
      vertex -1.358722e+01 -4.254380e-01  3.500000e+00
      vertex -1.355000e+01  0.000000e+00  1.150000e+01
      vertex -1.355000e+01  0.000000e+00  3.500000e+00
    endloop
  endfacet
  facet normal -8.715565e-02  9.961947e-01  0.000000e+00
    outer loop
      vertex -1.557456e+01 -2.412779e+00  1.150000e+01
      vertex -1.600000e+01 -2.450000e+00  3.500000e+00
      vertex -1.600000e+01 -2.450000e+00  1.150000e+01
    endloop
  endfacet
  facet normal  8.715565e-02  9.961947e-01  0.000000e+00
    outer loop
      vertex -1.600000e+01 -2.450000e+00  1.150000e+01
      vertex -1.600000e+01 -2.450000e+00  3.500000e+00
      vertex -1.642544e+01 -2.412779e+00  3.500000e+00
    endloop
  endfacet
  facet normal  8.715565e-02  9.961947e-01  -0.000000e+00
    outer loop
      vertex -1.600000e+01 -2.450000e+00  1.150000e+01
      vertex -1.642544e+01 -2.412779e+00  3.500000e+00
      vertex -1.642544e+01 -2.412779e+00  1.150000e+01
    endloop
  endfacet
  facet normal  2.588192e-01  9.659258e-01  0.000000e+00
    outer loop
      vertex -1.642544e+01 -2.412779e+00  1.150000e+01
      vertex -1.642544e+01 -2.412779e+00  3.500000e+00
      vertex -1.683795e+01 -2.302247e+00  3.500000e+00
    endloop
  endfacet
  facet normal  2.588192e-01  9.659258e-01  -0.000000e+00
    outer loop
      vertex -1.642544e+01 -2.412779e+00  1.150000e+01
      vertex -1.683795e+01 -2.302247e+00  3.500000e+00
      vertex -1.683795e+01 -2.302247e+00  1.150000e+01
    endloop
  endfacet
  facet normal  4.226180e-01  9.063079e-01  0.000000e+00
    outer loop
      vertex -1.683795e+01 -2.302247e+00  1.150000e+01
      vertex -1.683795e+01 -2.302247e+00  3.500000e+00
      vertex -1.722500e+01 -2.121762e+00  3.500000e+00
    endloop
  endfacet
  facet normal  4.226180e-01  9.063079e-01  -0.000000e+00
    outer loop
      vertex -1.683795e+01 -2.302247e+00  1.150000e+01
      vertex -1.722500e+01 -2.121762e+00  3.500000e+00
      vertex -1.722500e+01 -2.121762e+00  1.150000e+01
    endloop
  endfacet
  facet normal  5.735775e-01  8.191512e-01  0.000000e+00
    outer loop
      vertex -1.722500e+01 -2.121762e+00  1.150000e+01
      vertex -1.722500e+01 -2.121762e+00  3.500000e+00
      vertex -1.757483e+01 -1.876809e+00  3.500000e+00
    endloop
  endfacet
  facet normal  5.735775e-01  8.191512e-01  -0.000000e+00
    outer loop
      vertex -1.722500e+01 -2.121762e+00  1.150000e+01
      vertex -1.757483e+01 -1.876809e+00  3.500000e+00
      vertex -1.757483e+01 -1.876809e+00  1.150000e+01
    endloop
  endfacet
  facet normal  7.071069e-01  7.071066e-01  0.000000e+00
    outer loop
      vertex -1.757483e+01 -1.876809e+00  1.150000e+01
      vertex -1.757483e+01 -1.876809e+00  3.500000e+00
      vertex -1.787681e+01 -1.574830e+00  3.500000e+00
    endloop
  endfacet
  facet normal  7.071069e-01  7.071066e-01  -0.000000e+00
    outer loop
      vertex -1.757483e+01 -1.876809e+00  1.150000e+01
      vertex -1.787681e+01 -1.574830e+00  3.500000e+00
      vertex -1.787681e+01 -1.574830e+00  1.150000e+01
    endloop
  endfacet
  facet normal  8.191523e-01  5.735761e-01  0.000000e+00
    outer loop
      vertex -1.787681e+01 -1.574830e+00  1.150000e+01
      vertex -1.787681e+01 -1.574830e+00  3.500000e+00
      vertex -1.812176e+01 -1.225000e+00  3.500000e+00
    endloop
  endfacet
  facet normal  8.191523e-01  5.735761e-01  -0.000000e+00
    outer loop
      vertex -1.787681e+01 -1.574830e+00  1.150000e+01
      vertex -1.812176e+01 -1.225000e+00  3.500000e+00
      vertex -1.812176e+01 -1.225000e+00  1.150000e+01
    endloop
  endfacet
  facet normal  9.063077e-01  4.226184e-01  0.000000e+00
    outer loop
      vertex -1.812176e+01 -1.225000e+00  1.150000e+01
      vertex -1.812176e+01 -1.225000e+00  3.500000e+00
      vertex -1.830225e+01 -8.379493e-01  3.500000e+00
    endloop
  endfacet
  facet normal  9.063077e-01  4.226184e-01  -0.000000e+00
    outer loop
      vertex -1.812176e+01 -1.225000e+00  1.150000e+01
      vertex -1.830225e+01 -8.379493e-01  3.500000e+00
      vertex -1.830225e+01 -8.379493e-01  1.150000e+01
    endloop
  endfacet
  facet normal  9.659254e-01  2.588206e-01  0.000000e+00
    outer loop
      vertex -1.830225e+01 -8.379493e-01  1.150000e+01
      vertex -1.830225e+01 -8.379493e-01  3.500000e+00
      vertex -1.841278e+01 -4.254380e-01  3.500000e+00
    endloop
  endfacet
  facet normal  9.659254e-01  2.588206e-01  -0.000000e+00
    outer loop
      vertex -1.830225e+01 -8.379493e-01  1.150000e+01
      vertex -1.841278e+01 -4.254380e-01  3.500000e+00
      vertex -1.841278e+01 -4.254380e-01  1.150000e+01
    endloop
  endfacet
  facet normal  9.961945e-01  8.715785e-02  0.000000e+00
    outer loop
      vertex -1.841278e+01 -4.254380e-01  1.150000e+01
      vertex -1.841278e+01 -4.254380e-01  3.500000e+00
      vertex -1.845000e+01  3.000385e-16  3.500000e+00
    endloop
  endfacet
  facet normal  9.961945e-01  8.715785e-02  -0.000000e+00
    outer loop
      vertex -1.841278e+01 -4.254380e-01  1.150000e+01
      vertex -1.845000e+01  3.000385e-16  3.500000e+00
      vertex -1.845000e+01  3.000385e-16  1.150000e+01
    endloop
  endfacet
  facet normal  8.715558e-02 -9.961947e-01  0.000000e+00
    outer loop
      vertex  1.561425e-16  2.550000e+00  3.500000e+00
      vertex -4.428028e-01  2.511260e+00  1.150000e+01
      vertex -4.428028e-01  2.511260e+00  3.500000e+00
    endloop
  endfacet
  facet normal  2.588191e-01 -9.659258e-01  0.000000e+00
    outer loop
      vertex -4.428028e-01  2.511260e+00  3.500000e+00
      vertex -4.428028e-01  2.511260e+00  1.150000e+01
      vertex -8.721514e-01  2.396216e+00  1.150000e+01
    endloop
  endfacet
  facet normal  2.588191e-01 -9.659258e-01  0.000000e+00
    outer loop
      vertex -4.428028e-01  2.511260e+00  3.500000e+00
      vertex -8.721514e-01  2.396216e+00  1.150000e+01
      vertex -8.721514e-01  2.396216e+00  3.500000e+00
    endloop
  endfacet
  facet normal  4.226183e-01 -9.063078e-01  0.000000e+00
    outer loop
      vertex -8.721514e-01  2.396216e+00  3.500000e+00
      vertex -8.721514e-01  2.396216e+00  1.150000e+01
      vertex -1.275000e+00  2.208365e+00  1.150000e+01
    endloop
  endfacet
  facet normal  4.226183e-01 -9.063078e-01  0.000000e+00
    outer loop
      vertex -8.721514e-01  2.396216e+00  3.500000e+00
      vertex -1.275000e+00  2.208365e+00  1.150000e+01
      vertex -1.275000e+00  2.208365e+00  3.500000e+00
    endloop
  endfacet
  facet normal  5.735763e-01 -8.191522e-01  0.000000e+00
    outer loop
      vertex -1.275000e+00  2.208365e+00  3.500000e+00
      vertex -1.275000e+00  2.208365e+00  1.150000e+01
      vertex -1.639108e+00  1.953413e+00  1.150000e+01
    endloop
  endfacet
  facet normal  5.735763e-01 -8.191522e-01  0.000000e+00
    outer loop
      vertex -1.275000e+00  2.208365e+00  3.500000e+00
      vertex -1.639108e+00  1.953413e+00  1.150000e+01
      vertex -1.639108e+00  1.953413e+00  3.500000e+00
    endloop
  endfacet
  facet normal  7.071068e-01 -7.071068e-01  0.000000e+00
    outer loop
      vertex -1.639108e+00  1.953413e+00  3.500000e+00
      vertex -1.639108e+00  1.953413e+00  1.150000e+01
      vertex -1.953413e+00  1.639108e+00  1.150000e+01
    endloop
  endfacet
  facet normal  7.071068e-01 -7.071068e-01  0.000000e+00
    outer loop
      vertex -1.639108e+00  1.953413e+00  3.500000e+00
      vertex -1.953413e+00  1.639108e+00  1.150000e+01
      vertex -1.953413e+00  1.639108e+00  3.500000e+00
    endloop
  endfacet
  facet normal  8.191522e-01 -5.735763e-01  0.000000e+00
    outer loop
      vertex -1.953413e+00  1.639108e+00  3.500000e+00
      vertex -1.953413e+00  1.639108e+00  1.150000e+01
      vertex -2.208365e+00  1.275000e+00  1.150000e+01
    endloop
  endfacet
  facet normal  8.191522e-01 -5.735763e-01  0.000000e+00
    outer loop
      vertex -1.953413e+00  1.639108e+00  3.500000e+00
      vertex -2.208365e+00  1.275000e+00  1.150000e+01
      vertex -2.208365e+00  1.275000e+00  3.500000e+00
    endloop
  endfacet
  facet normal  9.063078e-01 -4.226183e-01  0.000000e+00
    outer loop
      vertex -2.208365e+00  1.275000e+00  3.500000e+00
      vertex -2.208365e+00  1.275000e+00  1.150000e+01
      vertex -2.396216e+00  8.721514e-01  1.150000e+01
    endloop
  endfacet
  facet normal  9.063078e-01 -4.226183e-01  0.000000e+00
    outer loop
      vertex -2.208365e+00  1.275000e+00  3.500000e+00
      vertex -2.396216e+00  8.721514e-01  1.150000e+01
      vertex -2.396216e+00  8.721514e-01  3.500000e+00
    endloop
  endfacet
  facet normal  9.659258e-01 -2.588191e-01  0.000000e+00
    outer loop
      vertex -2.396216e+00  8.721514e-01  3.500000e+00
      vertex -2.396216e+00  8.721514e-01  1.150000e+01
      vertex -2.511260e+00  4.428028e-01  1.150000e+01
    endloop
  endfacet
  facet normal  9.659258e-01 -2.588191e-01  0.000000e+00
    outer loop
      vertex -2.396216e+00  8.721514e-01  3.500000e+00
      vertex -2.511260e+00  4.428028e-01  1.150000e+01
      vertex -2.511260e+00  4.428028e-01  3.500000e+00
    endloop
  endfacet
  facet normal  9.961947e-01 -8.715558e-02  0.000000e+00
    outer loop
      vertex -2.511260e+00  4.428028e-01  3.500000e+00
      vertex -2.511260e+00  4.428028e-01  1.150000e+01
      vertex -2.550000e+00  3.122849e-16  1.150000e+01
    endloop
  endfacet
  facet normal  9.961947e-01 -8.715558e-02  0.000000e+00
    outer loop
      vertex -2.511260e+00  4.428028e-01  3.500000e+00
      vertex -2.550000e+00  3.122849e-16  1.150000e+01
      vertex -2.550000e+00  3.122849e-16  3.500000e+00
    endloop
  endfacet
  facet normal  8.715558e-02 -9.961947e-01  0.000000e+00
    outer loop
      vertex -4.428028e-01  2.511260e+00  1.150000e+01
      vertex  1.561425e-16  2.550000e+00  3.500000e+00
      vertex  1.561425e-16  2.550000e+00  1.150000e+01
    endloop
  endfacet
  facet normal -8.715558e-02 -9.961947e-01  -0.000000e+00
    outer loop
      vertex  1.561425e-16  2.550000e+00  1.150000e+01
      vertex  1.561425e-16  2.550000e+00  3.500000e+00
      vertex  4.428028e-01  2.511260e+00  3.500000e+00
    endloop
  endfacet
  facet normal -8.715558e-02 -9.961947e-01  0.000000e+00
    outer loop
      vertex  1.561425e-16  2.550000e+00  1.150000e+01
      vertex  4.428028e-01  2.511260e+00  3.500000e+00
      vertex  4.428028e-01  2.511260e+00  1.150000e+01
    endloop
  endfacet
  facet normal -2.588191e-01 -9.659258e-01  -0.000000e+00
    outer loop
      vertex  4.428028e-01  2.511260e+00  1.150000e+01
      vertex  4.428028e-01  2.511260e+00  3.500000e+00
      vertex  8.721514e-01  2.396216e+00  3.500000e+00
    endloop
  endfacet
  facet normal -2.588191e-01 -9.659258e-01  0.000000e+00
    outer loop
      vertex  4.428028e-01  2.511260e+00  1.150000e+01
      vertex  8.721514e-01  2.396216e+00  3.500000e+00
      vertex  8.721514e-01  2.396216e+00  1.150000e+01
    endloop
  endfacet
  facet normal -4.226183e-01 -9.063078e-01  -0.000000e+00
    outer loop
      vertex  8.721514e-01  2.396216e+00  1.150000e+01
      vertex  8.721514e-01  2.396216e+00  3.500000e+00
      vertex  1.275000e+00  2.208365e+00  3.500000e+00
    endloop
  endfacet
  facet normal -4.226183e-01 -9.063078e-01  0.000000e+00
    outer loop
      vertex  8.721514e-01  2.396216e+00  1.150000e+01
      vertex  1.275000e+00  2.208365e+00  3.500000e+00
      vertex  1.275000e+00  2.208365e+00  1.150000e+01
    endloop
  endfacet
  facet normal -5.735763e-01 -8.191522e-01  -0.000000e+00
    outer loop
      vertex  1.275000e+00  2.208365e+00  1.150000e+01
      vertex  1.275000e+00  2.208365e+00  3.500000e+00
      vertex  1.639108e+00  1.953413e+00  3.500000e+00
    endloop
  endfacet
  facet normal -5.735763e-01 -8.191522e-01  0.000000e+00
    outer loop
      vertex  1.275000e+00  2.208365e+00  1.150000e+01
      vertex  1.639108e+00  1.953413e+00  3.500000e+00
      vertex  1.639108e+00  1.953413e+00  1.150000e+01
    endloop
  endfacet
  facet normal -7.071068e-01 -7.071068e-01  -0.000000e+00
    outer loop
      vertex  1.639108e+00  1.953413e+00  1.150000e+01
      vertex  1.639108e+00  1.953413e+00  3.500000e+00
      vertex  1.953413e+00  1.639108e+00  3.500000e+00
    endloop
  endfacet
  facet normal -7.071068e-01 -7.071068e-01  0.000000e+00
    outer loop
      vertex  1.639108e+00  1.953413e+00  1.150000e+01
      vertex  1.953413e+00  1.639108e+00  3.500000e+00
      vertex  1.953413e+00  1.639108e+00  1.150000e+01
    endloop
  endfacet
  facet normal -8.191522e-01 -5.735763e-01  -0.000000e+00
    outer loop
      vertex  1.953413e+00  1.639108e+00  1.150000e+01
      vertex  1.953413e+00  1.639108e+00  3.500000e+00
      vertex  2.208365e+00  1.275000e+00  3.500000e+00
    endloop
  endfacet
  facet normal -8.191522e-01 -5.735763e-01  0.000000e+00
    outer loop
      vertex  1.953413e+00  1.639108e+00  1.150000e+01
      vertex  2.208365e+00  1.275000e+00  3.500000e+00
      vertex  2.208365e+00  1.275000e+00  1.150000e+01
    endloop
  endfacet
  facet normal -9.063078e-01 -4.226183e-01  -0.000000e+00
    outer loop
      vertex  2.208365e+00  1.275000e+00  1.150000e+01
      vertex  2.208365e+00  1.275000e+00  3.500000e+00
      vertex  2.396216e+00  8.721514e-01  3.500000e+00
    endloop
  endfacet
  facet normal -9.063078e-01 -4.226183e-01  0.000000e+00
    outer loop
      vertex  2.208365e+00  1.275000e+00  1.150000e+01
      vertex  2.396216e+00  8.721514e-01  3.500000e+00
      vertex  2.396216e+00  8.721514e-01  1.150000e+01
    endloop
  endfacet
  facet normal -9.659258e-01 -2.588191e-01  -0.000000e+00
    outer loop
      vertex  2.396216e+00  8.721514e-01  1.150000e+01
      vertex  2.396216e+00  8.721514e-01  3.500000e+00
      vertex  2.511260e+00  4.428028e-01  3.500000e+00
    endloop
  endfacet
  facet normal -9.659258e-01 -2.588191e-01  0.000000e+00
    outer loop
      vertex  2.396216e+00  8.721514e-01  1.150000e+01
      vertex  2.511260e+00  4.428028e-01  3.500000e+00
      vertex  2.511260e+00  4.428028e-01  1.150000e+01
    endloop
  endfacet
  facet normal -9.961947e-01 -8.715558e-02  -0.000000e+00
    outer loop
      vertex  2.511260e+00  4.428028e-01  1.150000e+01
      vertex  2.511260e+00  4.428028e-01  3.500000e+00
      vertex  2.550000e+00  0.000000e+00  3.500000e+00
    endloop
  endfacet
  facet normal -9.961947e-01 -8.715558e-02  0.000000e+00
    outer loop
      vertex  2.511260e+00  4.428028e-01  1.150000e+01
      vertex  2.550000e+00  0.000000e+00  3.500000e+00
      vertex  2.550000e+00  0.000000e+00  1.150000e+01
    endloop
  endfacet
  facet normal -8.715558e-02  9.961947e-01  0.000000e+00
    outer loop
      vertex -4.684274e-16 -2.550000e+00  3.500000e+00
      vertex  4.428028e-01 -2.511260e+00  1.150000e+01
      vertex  4.428028e-01 -2.511260e+00  3.500000e+00
    endloop
  endfacet
  facet normal -2.588191e-01  9.659258e-01  0.000000e+00
    outer loop
      vertex  4.428028e-01 -2.511260e+00  3.500000e+00
      vertex  4.428028e-01 -2.511260e+00  1.150000e+01
      vertex  8.721514e-01 -2.396216e+00  1.150000e+01
    endloop
  endfacet
  facet normal -2.588191e-01  9.659258e-01  0.000000e+00
    outer loop
      vertex  4.428028e-01 -2.511260e+00  3.500000e+00
      vertex  8.721514e-01 -2.396216e+00  1.150000e+01
      vertex  8.721514e-01 -2.396216e+00  3.500000e+00
    endloop
  endfacet
  facet normal -4.226183e-01  9.063078e-01  0.000000e+00
    outer loop
      vertex  8.721514e-01 -2.396216e+00  3.500000e+00
      vertex  8.721514e-01 -2.396216e+00  1.150000e+01
      vertex  1.275000e+00 -2.208365e+00  1.150000e+01
    endloop
  endfacet
  facet normal -4.226183e-01  9.063078e-01  0.000000e+00
    outer loop
      vertex  8.721514e-01 -2.396216e+00  3.500000e+00
      vertex  1.275000e+00 -2.208365e+00  1.150000e+01
      vertex  1.275000e+00 -2.208365e+00  3.500000e+00
    endloop
  endfacet
  facet normal -5.735763e-01  8.191522e-01  0.000000e+00
    outer loop
      vertex  1.275000e+00 -2.208365e+00  3.500000e+00
      vertex  1.275000e+00 -2.208365e+00  1.150000e+01
      vertex  1.639108e+00 -1.953413e+00  1.150000e+01
    endloop
  endfacet
  facet normal -5.735763e-01  8.191522e-01  0.000000e+00
    outer loop
      vertex  1.275000e+00 -2.208365e+00  3.500000e+00
      vertex  1.639108e+00 -1.953413e+00  1.150000e+01
      vertex  1.639108e+00 -1.953413e+00  3.500000e+00
    endloop
  endfacet
  facet normal -7.071068e-01  7.071068e-01  0.000000e+00
    outer loop
      vertex  1.639108e+00 -1.953413e+00  3.500000e+00
      vertex  1.639108e+00 -1.953413e+00  1.150000e+01
      vertex  1.953413e+00 -1.639108e+00  1.150000e+01
    endloop
  endfacet
  facet normal -7.071068e-01  7.071068e-01  0.000000e+00
    outer loop
      vertex  1.639108e+00 -1.953413e+00  3.500000e+00
      vertex  1.953413e+00 -1.639108e+00  1.150000e+01
      vertex  1.953413e+00 -1.639108e+00  3.500000e+00
    endloop
  endfacet
  facet normal -8.191522e-01  5.735763e-01  0.000000e+00
    outer loop
      vertex  1.953413e+00 -1.639108e+00  3.500000e+00
      vertex  1.953413e+00 -1.639108e+00  1.150000e+01
      vertex  2.208365e+00 -1.275000e+00  1.150000e+01
    endloop
  endfacet
  facet normal -8.191522e-01  5.735763e-01  0.000000e+00
    outer loop
      vertex  1.953413e+00 -1.639108e+00  3.500000e+00
      vertex  2.208365e+00 -1.275000e+00  1.150000e+01
      vertex  2.208365e+00 -1.275000e+00  3.500000e+00
    endloop
  endfacet
  facet normal -9.063078e-01  4.226183e-01  0.000000e+00
    outer loop
      vertex  2.208365e+00 -1.275000e+00  3.500000e+00
      vertex  2.208365e+00 -1.275000e+00  1.150000e+01
      vertex  2.396216e+00 -8.721514e-01  1.150000e+01
    endloop
  endfacet
  facet normal -9.063078e-01  4.226183e-01  0.000000e+00
    outer loop
      vertex  2.208365e+00 -1.275000e+00  3.500000e+00
      vertex  2.396216e+00 -8.721514e-01  1.150000e+01
      vertex  2.396216e+00 -8.721514e-01  3.500000e+00
    endloop
  endfacet
  facet normal -9.659258e-01  2.588191e-01  0.000000e+00
    outer loop
      vertex  2.396216e+00 -8.721514e-01  3.500000e+00
      vertex  2.396216e+00 -8.721514e-01  1.150000e+01
      vertex  2.511260e+00 -4.428028e-01  1.150000e+01
    endloop
  endfacet
  facet normal -9.659258e-01  2.588191e-01  0.000000e+00
    outer loop
      vertex  2.396216e+00 -8.721514e-01  3.500000e+00
      vertex  2.511260e+00 -4.428028e-01  1.150000e+01
      vertex  2.511260e+00 -4.428028e-01  3.500000e+00
    endloop
  endfacet
  facet normal -9.961947e-01  8.715558e-02  0.000000e+00
    outer loop
      vertex  2.511260e+00 -4.428028e-01  3.500000e+00
      vertex  2.511260e+00 -4.428028e-01  1.150000e+01
      vertex  2.550000e+00  0.000000e+00  1.150000e+01
    endloop
  endfacet
  facet normal -9.961947e-01  8.715558e-02  0.000000e+00
    outer loop
      vertex  2.511260e+00 -4.428028e-01  3.500000e+00
      vertex  2.550000e+00  0.000000e+00  1.150000e+01
      vertex  2.550000e+00  0.000000e+00  3.500000e+00
    endloop
  endfacet
  facet normal -8.715558e-02  9.961947e-01  0.000000e+00
    outer loop
      vertex  4.428028e-01 -2.511260e+00  1.150000e+01
      vertex -4.684274e-16 -2.550000e+00  3.500000e+00
      vertex -4.684274e-16 -2.550000e+00  1.150000e+01
    endloop
  endfacet
  facet normal  8.715558e-02  9.961947e-01  0.000000e+00
    outer loop
      vertex -4.684274e-16 -2.550000e+00  1.150000e+01
      vertex -4.684274e-16 -2.550000e+00  3.500000e+00
      vertex -4.428028e-01 -2.511260e+00  3.500000e+00
    endloop
  endfacet
  facet normal  8.715558e-02  9.961947e-01  -0.000000e+00
    outer loop
      vertex -4.684274e-16 -2.550000e+00  1.150000e+01
      vertex -4.428028e-01 -2.511260e+00  3.500000e+00
      vertex -4.428028e-01 -2.511260e+00  1.150000e+01
    endloop
  endfacet
  facet normal  2.588191e-01  9.659258e-01  0.000000e+00
    outer loop
      vertex -4.428028e-01 -2.511260e+00  1.150000e+01
      vertex -4.428028e-01 -2.511260e+00  3.500000e+00
      vertex -8.721514e-01 -2.396216e+00  3.500000e+00
    endloop
  endfacet
  facet normal  2.588191e-01  9.659258e-01  -0.000000e+00
    outer loop
      vertex -4.428028e-01 -2.511260e+00  1.150000e+01
      vertex -8.721514e-01 -2.396216e+00  3.500000e+00
      vertex -8.721514e-01 -2.396216e+00  1.150000e+01
    endloop
  endfacet
  facet normal  4.226183e-01  9.063078e-01  0.000000e+00
    outer loop
      vertex -8.721514e-01 -2.396216e+00  1.150000e+01
      vertex -8.721514e-01 -2.396216e+00  3.500000e+00
      vertex -1.275000e+00 -2.208365e+00  3.500000e+00
    endloop
  endfacet
  facet normal  4.226183e-01  9.063078e-01  -0.000000e+00
    outer loop
      vertex -8.721514e-01 -2.396216e+00  1.150000e+01
      vertex -1.275000e+00 -2.208365e+00  3.500000e+00
      vertex -1.275000e+00 -2.208365e+00  1.150000e+01
    endloop
  endfacet
  facet normal  5.735763e-01  8.191522e-01  0.000000e+00
    outer loop
      vertex -1.275000e+00 -2.208365e+00  1.150000e+01
      vertex -1.275000e+00 -2.208365e+00  3.500000e+00
      vertex -1.639108e+00 -1.953413e+00  3.500000e+00
    endloop
  endfacet
  facet normal  5.735763e-01  8.191522e-01  -0.000000e+00
    outer loop
      vertex -1.275000e+00 -2.208365e+00  1.150000e+01
      vertex -1.639108e+00 -1.953413e+00  3.500000e+00
      vertex -1.639108e+00 -1.953413e+00  1.150000e+01
    endloop
  endfacet
  facet normal  7.071068e-01  7.071068e-01  0.000000e+00
    outer loop
      vertex -1.639108e+00 -1.953413e+00  1.150000e+01
      vertex -1.639108e+00 -1.953413e+00  3.500000e+00
      vertex -1.953413e+00 -1.639108e+00  3.500000e+00
    endloop
  endfacet
  facet normal  7.071068e-01  7.071068e-01  -0.000000e+00
    outer loop
      vertex -1.639108e+00 -1.953413e+00  1.150000e+01
      vertex -1.953413e+00 -1.639108e+00  3.500000e+00
      vertex -1.953413e+00 -1.639108e+00  1.150000e+01
    endloop
  endfacet
  facet normal  8.191522e-01  5.735763e-01  0.000000e+00
    outer loop
      vertex -1.953413e+00 -1.639108e+00  1.150000e+01
      vertex -1.953413e+00 -1.639108e+00  3.500000e+00
      vertex -2.208365e+00 -1.275000e+00  3.500000e+00
    endloop
  endfacet
  facet normal  8.191522e-01  5.735763e-01  -0.000000e+00
    outer loop
      vertex -1.953413e+00 -1.639108e+00  1.150000e+01
      vertex -2.208365e+00 -1.275000e+00  3.500000e+00
      vertex -2.208365e+00 -1.275000e+00  1.150000e+01
    endloop
  endfacet
  facet normal  9.063078e-01  4.226183e-01  0.000000e+00
    outer loop
      vertex -2.208365e+00 -1.275000e+00  1.150000e+01
      vertex -2.208365e+00 -1.275000e+00  3.500000e+00
      vertex -2.396216e+00 -8.721514e-01  3.500000e+00
    endloop
  endfacet
  facet normal  9.063078e-01  4.226183e-01  -0.000000e+00
    outer loop
      vertex -2.208365e+00 -1.275000e+00  1.150000e+01
      vertex -2.396216e+00 -8.721514e-01  3.500000e+00
      vertex -2.396216e+00 -8.721514e-01  1.150000e+01
    endloop
  endfacet
  facet normal  9.659258e-01  2.588191e-01  0.000000e+00
    outer loop
      vertex -2.396216e+00 -8.721514e-01  1.150000e+01
      vertex -2.396216e+00 -8.721514e-01  3.500000e+00
      vertex -2.511260e+00 -4.428028e-01  3.500000e+00
    endloop
  endfacet
  facet normal  9.659258e-01  2.588191e-01  -0.000000e+00
    outer loop
      vertex -2.396216e+00 -8.721514e-01  1.150000e+01
      vertex -2.511260e+00 -4.428028e-01  3.500000e+00
      vertex -2.511260e+00 -4.428028e-01  1.150000e+01
    endloop
  endfacet
  facet normal  9.961947e-01  8.715558e-02  0.000000e+00
    outer loop
      vertex -2.511260e+00 -4.428028e-01  1.150000e+01
      vertex -2.511260e+00 -4.428028e-01  3.500000e+00
      vertex -2.550000e+00  3.122849e-16  3.500000e+00
    endloop
  endfacet
  facet normal  9.961947e-01  8.715558e-02  -0.000000e+00
    outer loop
      vertex -2.511260e+00 -4.428028e-01  1.150000e+01
      vertex -2.550000e+00  3.122849e-16  3.500000e+00
      vertex -2.550000e+00  3.122849e-16  1.150000e+01
    endloop
  endfacet
  facet normal  1.645949e-01 -9.863613e-01  0.000000e+00
    outer loop
      vertex  1.578117e+01  2.640949e+00  3.500000e+00
      vertex  1.534946e+01  2.568911e+00  1.150000e+01
      vertex  1.534946e+01  2.568911e+00  3.500000e+00
    endloop
  endfacet
  facet normal  3.246991e-01 -9.458174e-01  0.000000e+00
    outer loop
      vertex  1.534946e+01  2.568911e+00  3.500000e+00
      vertex  1.534946e+01  2.568911e+00  1.150000e+01
      vertex  1.493551e+01  2.426799e+00  1.150000e+01
    endloop
  endfacet
  facet normal  3.246991e-01 -9.458174e-01  0.000000e+00
    outer loop
      vertex  1.534946e+01  2.568911e+00  3.500000e+00
      vertex  1.493551e+01  2.426799e+00  1.150000e+01
      vertex  1.493551e+01  2.426799e+00  3.500000e+00
    endloop
  endfacet
  facet normal  4.759481e-01 -8.794734e-01  0.000000e+00
    outer loop
      vertex  1.493551e+01  2.426799e+00  3.500000e+00
      vertex  1.493551e+01  2.426799e+00  1.150000e+01
      vertex  1.455059e+01  2.218491e+00  1.150000e+01
    endloop
  endfacet
  facet normal  4.759481e-01 -8.794734e-01  0.000000e+00
    outer loop
      vertex  1.493551e+01  2.426799e+00  3.500000e+00
      vertex  1.455059e+01  2.218491e+00  1.150000e+01
      vertex  1.455059e+01  2.218491e+00  3.500000e+00
    endloop
  endfacet
  facet normal  6.142124e-01 -7.891407e-01  0.000000e+00
    outer loop
      vertex  1.455059e+01  2.218491e+00  3.500000e+00
      vertex  1.455059e+01  2.218491e+00  1.150000e+01
      vertex  1.420520e+01  1.949668e+00  1.150000e+01
    endloop
  endfacet
  facet normal  6.142124e-01 -7.891407e-01  0.000000e+00
    outer loop
      vertex  1.455059e+01  2.218491e+00  3.500000e+00
      vertex  1.420520e+01  1.949668e+00  1.150000e+01
      vertex  1.420520e+01  1.949668e+00  3.500000e+00
    endloop
  endfacet
  facet normal  7.357233e-01 -6.772823e-01  0.000000e+00
    outer loop
      vertex  1.420520e+01  1.949668e+00  3.500000e+00
      vertex  1.420520e+01  1.949668e+00  1.150000e+01
      vertex  1.390878e+01  1.627664e+00  1.150000e+01
    endloop
  endfacet
  facet normal  7.357233e-01 -6.772823e-01  0.000000e+00
    outer loop
      vertex  1.420520e+01  1.949668e+00  3.500000e+00
      vertex  1.390878e+01  1.627664e+00  1.150000e+01
      vertex  1.390878e+01  1.627664e+00  3.500000e+00
    endloop
  endfacet
  facet normal  8.371668e-01 -5.469476e-01  0.000000e+00
    outer loop
      vertex  1.390878e+01  1.627664e+00  3.500000e+00
      vertex  1.390878e+01  1.627664e+00  1.150000e+01
      vertex  1.366939e+01  1.261261e+00  1.150000e+01
    endloop
  endfacet
  facet normal  8.371668e-01 -5.469476e-01  0.000000e+00
    outer loop
      vertex  1.390878e+01  1.627664e+00  3.500000e+00
      vertex  1.366939e+01  1.261261e+00  1.150000e+01
      vertex  1.366939e+01  1.261261e+00  3.500000e+00
    endloop
  endfacet
  facet normal  9.157736e-01 -4.016947e-01  0.000000e+00
    outer loop
      vertex  1.366939e+01  1.261261e+00  3.500000e+00
      vertex  1.366939e+01  1.261261e+00  1.150000e+01
      vertex  1.349358e+01  8.604536e-01  1.150000e+01
    endloop
  endfacet
  facet normal  9.157736e-01 -4.016947e-01  0.000000e+00
    outer loop
      vertex  1.366939e+01  1.261261e+00  3.500000e+00
      vertex  1.349358e+01  8.604536e-01  1.150000e+01
      vertex  1.349358e+01  8.604536e-01  3.500000e+00
    endloop
  endfacet
  facet normal  9.694002e-01 -2.454858e-01  0.000000e+00
    outer loop
      vertex  1.349358e+01  8.604536e-01  3.500000e+00
      vertex  1.349358e+01  8.604536e-01  1.150000e+01
      vertex  1.338614e+01  4.361757e-01  1.150000e+01
    endloop
  endfacet
  facet normal  9.694002e-01 -2.454858e-01  0.000000e+00
    outer loop
      vertex  1.349358e+01  8.604536e-01  3.500000e+00
      vertex  1.338614e+01  4.361757e-01  1.150000e+01
      vertex  1.338614e+01  4.361757e-01  3.500000e+00
    endloop
  endfacet
  facet normal  9.965845e-01 -8.257890e-02  0.000000e+00
    outer loop
      vertex  1.338614e+01  4.361757e-01  3.500000e+00
      vertex  1.338614e+01  4.361757e-01  1.150000e+01
      vertex  1.335000e+01  1.501368e-15  1.150000e+01
    endloop
  endfacet
  facet normal  9.965845e-01 -8.257890e-02  0.000000e+00
    outer loop
      vertex  1.338614e+01  4.361757e-01  3.500000e+00
      vertex  1.335000e+01  1.501368e-15  1.150000e+01
      vertex  1.335000e+01  1.501368e-15  3.500000e+00
    endloop
  endfacet
  facet normal  1.645949e-01 -9.863613e-01  0.000000e+00
    outer loop
      vertex  1.534946e+01  2.568911e+00  1.150000e+01
      vertex  1.578117e+01  2.640949e+00  3.500000e+00
      vertex  1.578117e+01  2.640949e+00  1.150000e+01
    endloop
  endfacet
  facet normal  0.000000e+00 -9.999999e-01  0.000000e+00
    outer loop
      vertex  1.578117e+01  2.640949e+00  1.150000e+01
      vertex  1.578117e+01  2.640949e+00  3.500000e+00
      vertex  1.621884e+01  2.640949e+00  3.500000e+00
    endloop
  endfacet
  facet normal  0.000000e+00 -9.999999e-01  0.000000e+00
    outer loop
      vertex  1.578117e+01  2.640949e+00  1.150000e+01
      vertex  1.621884e+01  2.640949e+00  3.500000e+00
      vertex  1.621884e+01  2.640949e+00  1.150000e+01
    endloop
  endfacet
  facet normal -1.645949e-01 -9.863613e-01  -0.000000e+00
    outer loop
      vertex  1.621884e+01  2.640949e+00  1.150000e+01
      vertex  1.621884e+01  2.640949e+00  3.500000e+00
      vertex  1.665054e+01  2.568911e+00  3.500000e+00
    endloop
  endfacet
  facet normal -1.645949e-01 -9.863613e-01  0.000000e+00
    outer loop
      vertex  1.621884e+01  2.640949e+00  1.150000e+01
      vertex  1.665054e+01  2.568911e+00  3.500000e+00
      vertex  1.665054e+01  2.568911e+00  1.150000e+01
    endloop
  endfacet
  facet normal -3.246997e-01 -9.458171e-01  -0.000000e+00
    outer loop
      vertex  1.665054e+01  2.568911e+00  1.150000e+01
      vertex  1.665054e+01  2.568911e+00  3.500000e+00
      vertex  1.706449e+01  2.426799e+00  3.500000e+00
    endloop
  endfacet
  facet normal -3.246997e-01 -9.458171e-01  0.000000e+00
    outer loop
      vertex  1.665054e+01  2.568911e+00  1.150000e+01
      vertex  1.706449e+01  2.426799e+00  3.500000e+00
      vertex  1.706449e+01  2.426799e+00  1.150000e+01
    endloop
  endfacet
  facet normal -4.759471e-01 -8.794739e-01  -0.000000e+00
    outer loop
      vertex  1.706449e+01  2.426799e+00  1.150000e+01
      vertex  1.706449e+01  2.426799e+00  3.500000e+00
      vertex  1.744941e+01  2.218491e+00  3.500000e+00
    endloop
  endfacet
  facet normal -4.759471e-01 -8.794739e-01  0.000000e+00
    outer loop
      vertex  1.706449e+01  2.426799e+00  1.150000e+01
      vertex  1.744941e+01  2.218491e+00  3.500000e+00
      vertex  1.744941e+01  2.218491e+00  1.150000e+01
    endloop
  endfacet
  facet normal -6.142135e-01 -7.891399e-01  -0.000000e+00
    outer loop
      vertex  1.744941e+01  2.218491e+00  1.150000e+01
      vertex  1.744941e+01  2.218491e+00  3.500000e+00
      vertex  1.779480e+01  1.949668e+00  3.500000e+00
    endloop
  endfacet
  facet normal -6.142135e-01 -7.891399e-01  0.000000e+00
    outer loop
      vertex  1.744941e+01  2.218491e+00  1.150000e+01
      vertex  1.779480e+01  1.949668e+00  3.500000e+00
      vertex  1.779480e+01  1.949668e+00  1.150000e+01
    endloop
  endfacet
  facet normal -7.357233e-01 -6.772823e-01  -0.000000e+00
    outer loop
      vertex  1.779480e+01  1.949668e+00  1.150000e+01
      vertex  1.779480e+01  1.949668e+00  3.500000e+00
      vertex  1.809122e+01  1.627664e+00  3.500000e+00
    endloop
  endfacet
  facet normal -7.357233e-01 -6.772823e-01  0.000000e+00
    outer loop
      vertex  1.779480e+01  1.949668e+00  1.150000e+01
      vertex  1.809122e+01  1.627664e+00  3.500000e+00
      vertex  1.809122e+01  1.627664e+00  1.150000e+01
    endloop
  endfacet
  facet normal -8.371679e-01 -5.469461e-01  -0.000000e+00
    outer loop
      vertex  1.809122e+01  1.627664e+00  1.150000e+01
      vertex  1.809122e+01  1.627664e+00  3.500000e+00
      vertex  1.833060e+01  1.261261e+00  3.500000e+00
    endloop
  endfacet
  facet normal -8.371679e-01 -5.469461e-01  0.000000e+00
    outer loop
      vertex  1.809122e+01  1.627664e+00  1.150000e+01
      vertex  1.833060e+01  1.261261e+00  3.500000e+00
      vertex  1.833060e+01  1.261261e+00  1.150000e+01
    endloop
  endfacet
  facet normal -9.157721e-01 -4.016984e-01  -0.000000e+00
    outer loop
      vertex  1.833060e+01  1.261261e+00  1.150000e+01
      vertex  1.833060e+01  1.261261e+00  3.500000e+00
      vertex  1.850642e+01  8.604536e-01  3.500000e+00
    endloop
  endfacet
  facet normal -9.157721e-01 -4.016984e-01  0.000000e+00
    outer loop
      vertex  1.833060e+01  1.261261e+00  1.150000e+01
      vertex  1.850642e+01  8.604536e-01  3.500000e+00
      vertex  1.850642e+01  8.604536e-01  1.150000e+01
    endloop
  endfacet
  facet normal -9.694008e-01 -2.454838e-01  -0.000000e+00
    outer loop
      vertex  1.850642e+01  8.604536e-01  1.150000e+01
      vertex  1.850642e+01  8.604536e-01  3.500000e+00
      vertex  1.861386e+01  4.361757e-01  3.500000e+00
    endloop
  endfacet
  facet normal -9.694008e-01 -2.454838e-01  0.000000e+00
    outer loop
      vertex  1.850642e+01  8.604536e-01  1.150000e+01
      vertex  1.861386e+01  4.361757e-01  3.500000e+00
      vertex  1.861386e+01  4.361757e-01  1.150000e+01
    endloop
  endfacet
  facet normal -9.965845e-01 -8.257890e-02  -0.000000e+00
    outer loop
      vertex  1.861386e+01  4.361757e-01  1.150000e+01
      vertex  1.861386e+01  4.361757e-01  3.500000e+00
      vertex  1.865000e+01  0.000000e+00  3.500000e+00
    endloop
  endfacet
  facet normal -9.965845e-01 -8.257890e-02  0.000000e+00
    outer loop
      vertex  1.861386e+01  4.361757e-01  1.150000e+01
      vertex  1.865000e+01  0.000000e+00  3.500000e+00
      vertex  1.865000e+01  0.000000e+00  1.150000e+01
    endloop
  endfacet
  facet normal -1.645949e-01  9.863613e-01  0.000000e+00
    outer loop
      vertex  1.621884e+01 -2.640949e+00  3.500000e+00
      vertex  1.665054e+01 -2.568911e+00  1.150000e+01
      vertex  1.665054e+01 -2.568911e+00  3.500000e+00
    endloop
  endfacet
  facet normal -3.246997e-01  9.458171e-01  0.000000e+00
    outer loop
      vertex  1.665054e+01 -2.568911e+00  3.500000e+00
      vertex  1.665054e+01 -2.568911e+00  1.150000e+01
      vertex  1.706449e+01 -2.426799e+00  1.150000e+01
    endloop
  endfacet
  facet normal -3.246997e-01  9.458171e-01  0.000000e+00
    outer loop
      vertex  1.665054e+01 -2.568911e+00  3.500000e+00
      vertex  1.706449e+01 -2.426799e+00  1.150000e+01
      vertex  1.706449e+01 -2.426799e+00  3.500000e+00
    endloop
  endfacet
  facet normal -4.759471e-01  8.794739e-01  0.000000e+00
    outer loop
      vertex  1.706449e+01 -2.426799e+00  3.500000e+00
      vertex  1.706449e+01 -2.426799e+00  1.150000e+01
      vertex  1.744941e+01 -2.218491e+00  1.150000e+01
    endloop
  endfacet
  facet normal -4.759471e-01  8.794739e-01  0.000000e+00
    outer loop
      vertex  1.706449e+01 -2.426799e+00  3.500000e+00
      vertex  1.744941e+01 -2.218491e+00  1.150000e+01
      vertex  1.744941e+01 -2.218491e+00  3.500000e+00
    endloop
  endfacet
  facet normal -6.142135e-01  7.891399e-01  0.000000e+00
    outer loop
      vertex  1.744941e+01 -2.218491e+00  3.500000e+00
      vertex  1.744941e+01 -2.218491e+00  1.150000e+01
      vertex  1.779480e+01 -1.949668e+00  1.150000e+01
    endloop
  endfacet
  facet normal -6.142135e-01  7.891399e-01  0.000000e+00
    outer loop
      vertex  1.744941e+01 -2.218491e+00  3.500000e+00
      vertex  1.779480e+01 -1.949668e+00  1.150000e+01
      vertex  1.779480e+01 -1.949668e+00  3.500000e+00
    endloop
  endfacet
  facet normal -7.357233e-01  6.772823e-01  0.000000e+00
    outer loop
      vertex  1.779480e+01 -1.949668e+00  3.500000e+00
      vertex  1.779480e+01 -1.949668e+00  1.150000e+01
      vertex  1.809122e+01 -1.627664e+00  1.150000e+01
    endloop
  endfacet
  facet normal -7.357233e-01  6.772823e-01  0.000000e+00
    outer loop
      vertex  1.779480e+01 -1.949668e+00  3.500000e+00
      vertex  1.809122e+01 -1.627664e+00  1.150000e+01
      vertex  1.809122e+01 -1.627664e+00  3.500000e+00
    endloop
  endfacet
  facet normal -8.371679e-01  5.469461e-01  0.000000e+00
    outer loop
      vertex  1.809122e+01 -1.627664e+00  3.500000e+00
      vertex  1.809122e+01 -1.627664e+00  1.150000e+01
      vertex  1.833060e+01 -1.261261e+00  1.150000e+01
    endloop
  endfacet
  facet normal -8.371679e-01  5.469461e-01  0.000000e+00
    outer loop
      vertex  1.809122e+01 -1.627664e+00  3.500000e+00
      vertex  1.833060e+01 -1.261261e+00  1.150000e+01
      vertex  1.833060e+01 -1.261261e+00  3.500000e+00
    endloop
  endfacet
  facet normal -9.157721e-01  4.016984e-01  0.000000e+00
    outer loop
      vertex  1.833060e+01 -1.261261e+00  3.500000e+00
      vertex  1.833060e+01 -1.261261e+00  1.150000e+01
      vertex  1.850642e+01 -8.604536e-01  1.150000e+01
    endloop
  endfacet
  facet normal -9.157721e-01  4.016984e-01  0.000000e+00
    outer loop
      vertex  1.833060e+01 -1.261261e+00  3.500000e+00
      vertex  1.850642e+01 -8.604536e-01  1.150000e+01
      vertex  1.850642e+01 -8.604536e-01  3.500000e+00
    endloop
  endfacet
  facet normal -9.694008e-01  2.454838e-01  0.000000e+00
    outer loop
      vertex  1.850642e+01 -8.604536e-01  3.500000e+00
      vertex  1.850642e+01 -8.604536e-01  1.150000e+01
      vertex  1.861386e+01 -4.361757e-01  1.150000e+01
    endloop
  endfacet
  facet normal -9.694008e-01  2.454838e-01  0.000000e+00
    outer loop
      vertex  1.850642e+01 -8.604536e-01  3.500000e+00
      vertex  1.861386e+01 -4.361757e-01  1.150000e+01
      vertex  1.861386e+01 -4.361757e-01  3.500000e+00
    endloop
  endfacet
  facet normal -9.965845e-01  8.257890e-02  0.000000e+00
    outer loop
      vertex  1.861386e+01 -4.361757e-01  3.500000e+00
      vertex  1.861386e+01 -4.361757e-01  1.150000e+01
      vertex  1.865000e+01  0.000000e+00  1.150000e+01
    endloop
  endfacet
  facet normal -9.965845e-01  8.257890e-02  0.000000e+00
    outer loop
      vertex  1.861386e+01 -4.361757e-01  3.500000e+00
      vertex  1.865000e+01  0.000000e+00  1.150000e+01
      vertex  1.865000e+01  0.000000e+00  3.500000e+00
    endloop
  endfacet
  facet normal -1.645949e-01  9.863613e-01  0.000000e+00
    outer loop
      vertex  1.665054e+01 -2.568911e+00  1.150000e+01
      vertex  1.621884e+01 -2.640949e+00  3.500000e+00
      vertex  1.621884e+01 -2.640949e+00  1.150000e+01
    endloop
  endfacet
  facet normal  0.000000e+00  9.999999e-01  0.000000e+00
    outer loop
      vertex  1.621884e+01 -2.640949e+00  1.150000e+01
      vertex  1.621884e+01 -2.640949e+00  3.500000e+00
      vertex  1.578117e+01 -2.640949e+00  3.500000e+00
    endloop
  endfacet
  facet normal  0.000000e+00  9.999999e-01  0.000000e+00
    outer loop
      vertex  1.621884e+01 -2.640949e+00  1.150000e+01
      vertex  1.578117e+01 -2.640949e+00  3.500000e+00
      vertex  1.578117e+01 -2.640949e+00  1.150000e+01
    endloop
  endfacet
  facet normal  1.645949e-01  9.863613e-01  0.000000e+00
    outer loop
      vertex  1.578117e+01 -2.640949e+00  1.150000e+01
      vertex  1.578117e+01 -2.640949e+00  3.500000e+00
      vertex  1.534946e+01 -2.568911e+00  3.500000e+00
    endloop
  endfacet
  facet normal  1.645949e-01  9.863613e-01  -0.000000e+00
    outer loop
      vertex  1.578117e+01 -2.640949e+00  1.150000e+01
      vertex  1.534946e+01 -2.568911e+00  3.500000e+00
      vertex  1.534946e+01 -2.568911e+00  1.150000e+01
    endloop
  endfacet
  facet normal  3.246991e-01  9.458174e-01  0.000000e+00
    outer loop
      vertex  1.534946e+01 -2.568911e+00  1.150000e+01
      vertex  1.534946e+01 -2.568911e+00  3.500000e+00
      vertex  1.493551e+01 -2.426799e+00  3.500000e+00
    endloop
  endfacet
  facet normal  3.246991e-01  9.458174e-01  -0.000000e+00
    outer loop
      vertex  1.534946e+01 -2.568911e+00  1.150000e+01
      vertex  1.493551e+01 -2.426799e+00  3.500000e+00
      vertex  1.493551e+01 -2.426799e+00  1.150000e+01
    endloop
  endfacet
  facet normal  4.759481e-01  8.794734e-01  0.000000e+00
    outer loop
      vertex  1.493551e+01 -2.426799e+00  1.150000e+01
      vertex  1.493551e+01 -2.426799e+00  3.500000e+00
      vertex  1.455059e+01 -2.218491e+00  3.500000e+00
    endloop
  endfacet
  facet normal  4.759481e-01  8.794734e-01  -0.000000e+00
    outer loop
      vertex  1.493551e+01 -2.426799e+00  1.150000e+01
      vertex  1.455059e+01 -2.218491e+00  3.500000e+00
      vertex  1.455059e+01 -2.218491e+00  1.150000e+01
    endloop
  endfacet
  facet normal  6.142124e-01  7.891407e-01  0.000000e+00
    outer loop
      vertex  1.455059e+01 -2.218491e+00  1.150000e+01
      vertex  1.455059e+01 -2.218491e+00  3.500000e+00
      vertex  1.420520e+01 -1.949668e+00  3.500000e+00
    endloop
  endfacet
  facet normal  6.142124e-01  7.891407e-01  -0.000000e+00
    outer loop
      vertex  1.455059e+01 -2.218491e+00  1.150000e+01
      vertex  1.420520e+01 -1.949668e+00  3.500000e+00
      vertex  1.420520e+01 -1.949668e+00  1.150000e+01
    endloop
  endfacet
  facet normal  7.357233e-01  6.772823e-01  0.000000e+00
    outer loop
      vertex  1.420520e+01 -1.949668e+00  1.150000e+01
      vertex  1.420520e+01 -1.949668e+00  3.500000e+00
      vertex  1.390878e+01 -1.627664e+00  3.500000e+00
    endloop
  endfacet
  facet normal  7.357233e-01  6.772823e-01  -0.000000e+00
    outer loop
      vertex  1.420520e+01 -1.949668e+00  1.150000e+01
      vertex  1.390878e+01 -1.627664e+00  3.500000e+00
      vertex  1.390878e+01 -1.627664e+00  1.150000e+01
    endloop
  endfacet
  facet normal  8.371668e-01  5.469476e-01  0.000000e+00
    outer loop
      vertex  1.390878e+01 -1.627664e+00  1.150000e+01
      vertex  1.390878e+01 -1.627664e+00  3.500000e+00
      vertex  1.366939e+01 -1.261261e+00  3.500000e+00
    endloop
  endfacet
  facet normal  8.371668e-01  5.469476e-01  -0.000000e+00
    outer loop
      vertex  1.390878e+01 -1.627664e+00  1.150000e+01
      vertex  1.366939e+01 -1.261261e+00  3.500000e+00
      vertex  1.366939e+01 -1.261261e+00  1.150000e+01
    endloop
  endfacet
  facet normal  9.157736e-01  4.016947e-01  0.000000e+00
    outer loop
      vertex  1.366939e+01 -1.261261e+00  1.150000e+01
      vertex  1.366939e+01 -1.261261e+00  3.500000e+00
      vertex  1.349358e+01 -8.604536e-01  3.500000e+00
    endloop
  endfacet
  facet normal  9.157736e-01  4.016947e-01  -0.000000e+00
    outer loop
      vertex  1.366939e+01 -1.261261e+00  1.150000e+01
      vertex  1.349358e+01 -8.604536e-01  3.500000e+00
      vertex  1.349358e+01 -8.604536e-01  1.150000e+01
    endloop
  endfacet
  facet normal  9.694002e-01  2.454858e-01  0.000000e+00
    outer loop
      vertex  1.349358e+01 -8.604536e-01  1.150000e+01
      vertex  1.349358e+01 -8.604536e-01  3.500000e+00
      vertex  1.338614e+01 -4.361757e-01  3.500000e+00
    endloop
  endfacet
  facet normal  9.694002e-01  2.454858e-01  -0.000000e+00
    outer loop
      vertex  1.349358e+01 -8.604536e-01  1.150000e+01
      vertex  1.338614e+01 -4.361757e-01  3.500000e+00
      vertex  1.338614e+01 -4.361757e-01  1.150000e+01
    endloop
  endfacet
  facet normal  9.965845e-01  8.257890e-02  0.000000e+00
    outer loop
      vertex  1.338614e+01 -4.361757e-01  1.150000e+01
      vertex  1.338614e+01 -4.361757e-01  3.500000e+00
      vertex  1.335000e+01  1.501368e-15  3.500000e+00
    endloop
  endfacet
  facet normal  9.965845e-01  8.257890e-02  -0.000000e+00
    outer loop
      vertex  1.338614e+01 -4.361757e-01  1.150000e+01
      vertex  1.335000e+01  1.501368e-15  3.500000e+00
      vertex  1.335000e+01  1.501368e-15  1.150000e+01
    endloop
  endfacet
  facet normal  -0.000000e+00  0.000000e+00  1.000000e+00
    outer loop
      vertex  1.623122e+01 -2.790437e+00  1.200000e+01
      vertex  1.576878e+01 -2.790437e+00  1.200000e+01
      vertex -2.300000e+01 -1.000000e+01  1.200000e+01
    endloop
  endfacet
  facet normal  0.000000e+00  0.000000e+00  9.999999e-01
    outer loop
      vertex  1.623122e+01 -2.790437e+00  1.200000e+01
      vertex -2.300000e+01 -1.000000e+01  1.200000e+01
      vertex  2.300000e+01 -1.000000e+01  1.200000e+01
    endloop
  endfacet
  facet normal  0.000000e+00  -0.000000e+00  9.999999e-01
    outer loop
      vertex  1.623122e+01 -2.790437e+00  1.200000e+01
      vertex  2.300000e+01 -1.000000e+01  1.200000e+01
      vertex  2.346930e+01 -9.963065e+00  1.200000e+01
    endloop
  endfacet
  facet normal  0.000000e+00  -0.000000e+00  1.000000e+00
    outer loop
      vertex  1.623122e+01 -2.790437e+00  1.200000e+01
      vertex  2.346930e+01 -9.963065e+00  1.200000e+01
      vertex  2.392705e+01 -9.853169e+00  1.200000e+01
    endloop
  endfacet
  facet normal  0.000000e+00  -0.000000e+00  1.000000e+00
    outer loop
      vertex  1.623122e+01 -2.790437e+00  1.200000e+01
      vertex  2.392705e+01 -9.853169e+00  1.200000e+01
      vertex  2.436197e+01 -9.673019e+00  1.200000e+01
    endloop
  endfacet
  facet normal  0.000000e+00  -0.000000e+00  1.000000e+00
    outer loop
      vertex  1.623122e+01 -2.790437e+00  1.200000e+01
      vertex  2.436197e+01 -9.673019e+00  1.200000e+01
      vertex  2.476336e+01 -9.427051e+00  1.200000e+01
    endloop
  endfacet
  facet normal  0.000000e+00  -0.000000e+00  1.000000e+00
    outer loop
      vertex  1.623122e+01 -2.790437e+00  1.200000e+01
      vertex  2.476336e+01 -9.427051e+00  1.200000e+01
      vertex  2.512132e+01 -9.121321e+00  1.200000e+01
    endloop
  endfacet
  facet normal  0.000000e+00  -0.000000e+00  1.000000e+00
    outer loop
      vertex  1.623122e+01 -2.790437e+00  1.200000e+01
      vertex  2.512132e+01 -9.121321e+00  1.200000e+01
      vertex  2.542705e+01 -8.763356e+00  1.200000e+01
    endloop
  endfacet
  facet normal  0.000000e+00  -0.000000e+00  1.000000e+00
    outer loop
      vertex  1.623122e+01 -2.790437e+00  1.200000e+01
      vertex  2.542705e+01 -8.763356e+00  1.200000e+01
      vertex  2.567302e+01 -8.361972e+00  1.200000e+01
    endloop
  endfacet
  facet normal  0.000000e+00  -0.000000e+00  1.000000e+00
    outer loop
      vertex  1.623122e+01 -2.790437e+00  1.200000e+01
      vertex  2.567302e+01 -8.361972e+00  1.200000e+01
      vertex  2.585317e+01 -7.927051e+00  1.200000e+01
    endloop
  endfacet
  facet normal  0.000000e+00  -0.000000e+00  1.000000e+00
    outer loop
      vertex  1.623122e+01 -2.790437e+00  1.200000e+01
      vertex  2.585317e+01 -7.927051e+00  1.200000e+01
      vertex  2.596306e+01 -7.469304e+00  1.200000e+01
    endloop
  endfacet
  facet normal  0.000000e+00  -0.000000e+00  1.000000e+00
    outer loop
      vertex  1.623122e+01 -2.790437e+00  1.200000e+01
      vertex  2.596306e+01 -7.469304e+00  1.200000e+01
      vertex  2.600000e+01 -7.000000e+00  1.200000e+01
    endloop
  endfacet
  facet normal  0.000000e+00  0.000000e+00  1.000000e+00
    outer loop
      vertex  1.623122e+01  2.790437e+00  1.200000e+01
      vertex  2.600000e+01  7.000000e+00  1.200000e+01
      vertex  2.596306e+01  7.469304e+00  1.200000e+01
    endloop
  endfacet
  facet normal  0.000000e+00  0.000000e+00  1.000000e+00
    outer loop
      vertex  1.623122e+01  2.790437e+00  1.200000e+01
      vertex  2.596306e+01  7.469304e+00  1.200000e+01
      vertex  2.585317e+01  7.927051e+00  1.200000e+01
    endloop
  endfacet
  facet normal  0.000000e+00  0.000000e+00  1.000000e+00
    outer loop
      vertex  1.623122e+01  2.790437e+00  1.200000e+01
      vertex  2.585317e+01  7.927051e+00  1.200000e+01
      vertex  2.567302e+01  8.361972e+00  1.200000e+01
    endloop
  endfacet
  facet normal  0.000000e+00  0.000000e+00  1.000000e+00
    outer loop
      vertex  1.623122e+01  2.790437e+00  1.200000e+01
      vertex  2.567302e+01  8.361972e+00  1.200000e+01
      vertex  2.542705e+01  8.763356e+00  1.200000e+01
    endloop
  endfacet
  facet normal  0.000000e+00  0.000000e+00  1.000000e+00
    outer loop
      vertex  1.623122e+01  2.790437e+00  1.200000e+01
      vertex  2.542705e+01  8.763356e+00  1.200000e+01
      vertex  2.512132e+01  9.121321e+00  1.200000e+01
    endloop
  endfacet
  facet normal  0.000000e+00  0.000000e+00  1.000000e+00
    outer loop
      vertex  1.623122e+01  2.790437e+00  1.200000e+01
      vertex  2.512132e+01  9.121321e+00  1.200000e+01
      vertex  2.476336e+01  9.427051e+00  1.200000e+01
    endloop
  endfacet
  facet normal  0.000000e+00  0.000000e+00  1.000000e+00
    outer loop
      vertex  1.623122e+01  2.790437e+00  1.200000e+01
      vertex  2.476336e+01  9.427051e+00  1.200000e+01
      vertex  2.436197e+01  9.673019e+00  1.200000e+01
    endloop
  endfacet
  facet normal  0.000000e+00  0.000000e+00  1.000000e+00
    outer loop
      vertex  1.623122e+01  2.790437e+00  1.200000e+01
      vertex  2.436197e+01  9.673019e+00  1.200000e+01
      vertex  2.392705e+01  9.853169e+00  1.200000e+01
    endloop
  endfacet
  facet normal  0.000000e+00  0.000000e+00  1.000000e+00
    outer loop
      vertex  1.623122e+01  2.790437e+00  1.200000e+01
      vertex  2.392705e+01  9.853169e+00  1.200000e+01
      vertex  2.346930e+01  9.963065e+00  1.200000e+01
    endloop
  endfacet
  facet normal  0.000000e+00  0.000000e+00  9.999999e-01
    outer loop
      vertex  1.623122e+01  2.790437e+00  1.200000e+01
      vertex  2.346930e+01  9.963065e+00  1.200000e+01
      vertex  2.300000e+01  1.000000e+01  1.200000e+01
    endloop
  endfacet
  facet normal  0.000000e+00  0.000000e+00  9.999999e-01
    outer loop
      vertex  1.623122e+01  2.790437e+00  1.200000e+01
      vertex  2.300000e+01  1.000000e+01  1.200000e+01
      vertex -2.300000e+01  1.000000e+01  1.200000e+01
    endloop
  endfacet
  facet normal  0.000000e+00  0.000000e+00  1.000000e+00
    outer loop
      vertex  1.623122e+01  2.790437e+00  1.200000e+01
      vertex -2.300000e+01  1.000000e+01  1.200000e+01
      vertex  1.576878e+01  2.790437e+00  1.200000e+01
    endloop
  endfacet
  facet normal  0.000000e+00  0.000000e+00  1.000000e+00
    outer loop
      vertex -2.600000e+01  7.000000e+00  1.200000e+01
      vertex -2.600000e+01 -7.000000e+00  1.200000e+01
      vertex -1.820959e+01  1.719796e+00  1.200000e+01
    endloop
  endfacet
  facet normal  0.000000e+00  -0.000000e+00  1.000000e+00
    outer loop
      vertex -2.600000e+01  7.000000e+00  1.200000e+01
      vertex -1.820959e+01  1.719796e+00  1.200000e+01
      vertex -1.789639e+01  2.060027e+00  1.200000e+01
    endloop
  endfacet
  facet normal  0.000000e+00  -0.000000e+00  1.000000e+00
    outer loop
      vertex -2.600000e+01  7.000000e+00  1.200000e+01
      vertex -1.789639e+01  2.060027e+00  1.200000e+01
      vertex -1.753145e+01  2.344066e+00  1.200000e+01
    endloop
  endfacet
  facet normal  0.000000e+00  -0.000000e+00  1.000000e+00
    outer loop
      vertex -2.600000e+01  7.000000e+00  1.200000e+01
      vertex -1.753145e+01  2.344066e+00  1.200000e+01
      vertex -1.712475e+01  2.564165e+00  1.200000e+01
    endloop
  endfacet
  facet normal  0.000000e+00  -0.000000e+00  1.000000e+00
    outer loop
      vertex -2.600000e+01  7.000000e+00  1.200000e+01
      vertex -1.712475e+01  2.564165e+00  1.200000e+01
      vertex -1.668736e+01  2.714321e+00  1.200000e+01
    endloop
  endfacet
  facet normal  0.000000e+00  -0.000000e+00  1.000000e+00
    outer loop
      vertex -2.600000e+01  7.000000e+00  1.200000e+01
      vertex -1.668736e+01  2.714321e+00  1.200000e+01
      vertex -1.623122e+01  2.790437e+00  1.200000e+01
    endloop
  endfacet
  facet normal  0.000000e+00  -0.000000e+00  1.000000e+00
    outer loop
      vertex -2.600000e+01  7.000000e+00  1.200000e+01
      vertex -1.623122e+01  2.790437e+00  1.200000e+01
      vertex -1.576878e+01  2.790437e+00  1.200000e+01
    endloop
  endfacet
  facet normal  0.000000e+00  0.000000e+00  1.000000e+00
    outer loop
      vertex -2.600000e+01  7.000000e+00  1.200000e+01
      vertex -1.576878e+01  2.790437e+00  1.200000e+01
      vertex -2.300000e+01  1.000000e+01  1.200000e+01
    endloop
  endfacet
  facet normal  0.000000e+00  0.000000e+00  1.000000e+00
    outer loop
      vertex -2.600000e+01  7.000000e+00  1.200000e+01
      vertex -2.300000e+01  1.000000e+01  1.200000e+01
      vertex -2.346930e+01  9.963065e+00  1.200000e+01
    endloop
  endfacet
  facet normal  0.000000e+00  0.000000e+00  1.000000e+00
    outer loop
      vertex -2.600000e+01  7.000000e+00  1.200000e+01
      vertex -2.346930e+01  9.963065e+00  1.200000e+01
      vertex -2.392705e+01  9.853169e+00  1.200000e+01
    endloop
  endfacet
  facet normal  0.000000e+00  0.000000e+00  9.999999e-01
    outer loop
      vertex -2.600000e+01  7.000000e+00  1.200000e+01
      vertex -2.392705e+01  9.853169e+00  1.200000e+01
      vertex -2.436197e+01  9.673019e+00  1.200000e+01
    endloop
  endfacet
  facet normal  0.000000e+00  0.000000e+00  9.999999e-01
    outer loop
      vertex -2.600000e+01  7.000000e+00  1.200000e+01
      vertex -2.436197e+01  9.673019e+00  1.200000e+01
      vertex -2.476336e+01  9.427051e+00  1.200000e+01
    endloop
  endfacet
  facet normal  0.000000e+00  0.000000e+00  1.000000e+00
    outer loop
      vertex -2.600000e+01  7.000000e+00  1.200000e+01
      vertex -2.476336e+01  9.427051e+00  1.200000e+01
      vertex -2.512132e+01  9.121321e+00  1.200000e+01
    endloop
  endfacet
  facet normal  0.000000e+00  0.000000e+00  9.999999e-01
    outer loop
      vertex -2.600000e+01  7.000000e+00  1.200000e+01
      vertex -2.512132e+01  9.121321e+00  1.200000e+01
      vertex -2.542705e+01  8.763356e+00  1.200000e+01
    endloop
  endfacet
  facet normal  0.000000e+00  0.000000e+00  1.000000e+00
    outer loop
      vertex -2.600000e+01  7.000000e+00  1.200000e+01
      vertex -2.542705e+01  8.763356e+00  1.200000e+01
      vertex -2.567302e+01  8.361972e+00  1.200000e+01
    endloop
  endfacet
  facet normal  0.000000e+00  0.000000e+00  1.000000e+00
    outer loop
      vertex -2.600000e+01  7.000000e+00  1.200000e+01
      vertex -2.567302e+01  8.361972e+00  1.200000e+01
      vertex -2.585317e+01  7.927051e+00  1.200000e+01
    endloop
  endfacet
  facet normal  0.000000e+00  0.000000e+00  1.000000e+00
    outer loop
      vertex -2.600000e+01  7.000000e+00  1.200000e+01
      vertex -2.585317e+01  7.927051e+00  1.200000e+01
      vertex -2.596306e+01  7.469304e+00  1.200000e+01
    endloop
  endfacet
  facet normal  -0.000000e+00  -0.000000e+00  1.000000e+00
    outer loop
      vertex -2.600000e+01 -7.000000e+00  1.200000e+01
      vertex -2.596306e+01 -7.469304e+00  1.200000e+01
      vertex -2.585317e+01 -7.927051e+00  1.200000e+01
    endloop
  endfacet
  facet normal  -0.000000e+00  -0.000000e+00  1.000000e+00
    outer loop
      vertex -2.600000e+01 -7.000000e+00  1.200000e+01
      vertex -2.585317e+01 -7.927051e+00  1.200000e+01
      vertex -2.567302e+01 -8.361972e+00  1.200000e+01
    endloop
  endfacet
  facet normal  -0.000000e+00  -0.000000e+00  1.000000e+00
    outer loop
      vertex -2.600000e+01 -7.000000e+00  1.200000e+01
      vertex -2.567302e+01 -8.361972e+00  1.200000e+01
      vertex -2.542705e+01 -8.763356e+00  1.200000e+01
    endloop
  endfacet
  facet normal  -0.000000e+00  -0.000000e+00  1.000000e+00
    outer loop
      vertex -2.600000e+01 -7.000000e+00  1.200000e+01
      vertex -2.542705e+01 -8.763356e+00  1.200000e+01
      vertex -2.512132e+01 -9.121321e+00  1.200000e+01
    endloop
  endfacet
  facet normal  -0.000000e+00  -0.000000e+00  1.000000e+00
    outer loop
      vertex -2.600000e+01 -7.000000e+00  1.200000e+01
      vertex -2.512132e+01 -9.121321e+00  1.200000e+01
      vertex -2.476336e+01 -9.427051e+00  1.200000e+01
    endloop
  endfacet
  facet normal  -0.000000e+00  -0.000000e+00  1.000000e+00
    outer loop
      vertex -2.600000e+01 -7.000000e+00  1.200000e+01
      vertex -2.476336e+01 -9.427051e+00  1.200000e+01
      vertex -2.436197e+01 -9.673019e+00  1.200000e+01
    endloop
  endfacet
  facet normal  -0.000000e+00  -0.000000e+00  1.000000e+00
    outer loop
      vertex -2.600000e+01 -7.000000e+00  1.200000e+01
      vertex -2.436197e+01 -9.673019e+00  1.200000e+01
      vertex -2.392705e+01 -9.853169e+00  1.200000e+01
    endloop
  endfacet
  facet normal  -0.000000e+00  -0.000000e+00  1.000000e+00
    outer loop
      vertex -2.600000e+01 -7.000000e+00  1.200000e+01
      vertex -2.392705e+01 -9.853169e+00  1.200000e+01
      vertex -2.346930e+01 -9.963065e+00  1.200000e+01
    endloop
  endfacet
  facet normal  -0.000000e+00  -0.000000e+00  1.000000e+00
    outer loop
      vertex -2.600000e+01 -7.000000e+00  1.200000e+01
      vertex -2.346930e+01 -9.963065e+00  1.200000e+01
      vertex -2.300000e+01 -1.000000e+01  1.200000e+01
    endloop
  endfacet
  facet normal  0.000000e+00  -0.000000e+00  1.000000e+00
    outer loop
      vertex -2.600000e+01 -7.000000e+00  1.200000e+01
      vertex -2.300000e+01 -1.000000e+01  1.200000e+01
      vertex -1.576878e+01 -2.790437e+00  1.200000e+01
    endloop
  endfacet
  facet normal  0.000000e+00  0.000000e+00  1.000000e+00
    outer loop
      vertex -2.600000e+01 -7.000000e+00  1.200000e+01
      vertex -1.576878e+01 -2.790437e+00  1.200000e+01
      vertex -1.623122e+01 -2.790437e+00  1.200000e+01
    endloop
  endfacet
  facet normal  0.000000e+00  0.000000e+00  1.000000e+00
    outer loop
      vertex -2.600000e+01 -7.000000e+00  1.200000e+01
      vertex -1.623122e+01 -2.790437e+00  1.200000e+01
      vertex -1.668736e+01 -2.714321e+00  1.200000e+01
    endloop
  endfacet
  facet normal  0.000000e+00  0.000000e+00  1.000000e+00
    outer loop
      vertex -2.600000e+01 -7.000000e+00  1.200000e+01
      vertex -1.668736e+01 -2.714321e+00  1.200000e+01
      vertex -1.712475e+01 -2.564165e+00  1.200000e+01
    endloop
  endfacet
  facet normal  0.000000e+00  0.000000e+00  1.000000e+00
    outer loop
      vertex -2.600000e+01 -7.000000e+00  1.200000e+01
      vertex -1.712475e+01 -2.564165e+00  1.200000e+01
      vertex -1.753145e+01 -2.344066e+00  1.200000e+01
    endloop
  endfacet
  facet normal  0.000000e+00  0.000000e+00  1.000000e+00
    outer loop
      vertex -2.600000e+01 -7.000000e+00  1.200000e+01
      vertex -1.753145e+01 -2.344066e+00  1.200000e+01
      vertex -1.789639e+01 -2.060027e+00  1.200000e+01
    endloop
  endfacet
  facet normal  0.000000e+00  0.000000e+00  1.000000e+00
    outer loop
      vertex -2.600000e+01 -7.000000e+00  1.200000e+01
      vertex -1.789639e+01 -2.060027e+00  1.200000e+01
      vertex -1.820959e+01 -1.719796e+00  1.200000e+01
    endloop
  endfacet
  facet normal  0.000000e+00  0.000000e+00  1.000000e+00
    outer loop
      vertex -2.600000e+01 -7.000000e+00  1.200000e+01
      vertex -1.820959e+01 -1.719796e+00  1.200000e+01
      vertex -1.846253e+01 -1.332653e+00  1.200000e+01
    endloop
  endfacet
  facet normal  0.000000e+00  0.000000e+00  1.000000e+00
    outer loop
      vertex -2.600000e+01 -7.000000e+00  1.200000e+01
      vertex -1.846253e+01 -1.332653e+00  1.200000e+01
      vertex -1.864829e+01 -9.091585e-01  1.200000e+01
    endloop
  endfacet
  facet normal  0.000000e+00  0.000000e+00  9.999999e-01
    outer loop
      vertex -2.600000e+01 -7.000000e+00  1.200000e+01
      vertex -1.864829e+01 -9.091585e-01  1.200000e+01
      vertex -1.876181e+01 -4.608648e-01  1.200000e+01
    endloop
  endfacet
  facet normal  0.000000e+00  0.000000e+00  9.999999e-01
    outer loop
      vertex -2.600000e+01 -7.000000e+00  1.200000e+01
      vertex -1.876181e+01 -4.608648e-01  1.200000e+01
      vertex -1.880000e+01  3.429011e-16  1.200000e+01
    endloop
  endfacet
  facet normal  0.000000e+00  -0.000000e+00  9.999999e-01
    outer loop
      vertex -2.600000e+01 -7.000000e+00  1.200000e+01
      vertex -1.880000e+01  3.429011e-16  1.200000e+01
      vertex -1.876181e+01  4.608648e-01  1.200000e+01
    endloop
  endfacet
  facet normal  0.000000e+00  -0.000000e+00  1.000000e+00
    outer loop
      vertex -2.600000e+01 -7.000000e+00  1.200000e+01
      vertex -1.876181e+01  4.608648e-01  1.200000e+01
      vertex -1.864829e+01  9.091585e-01  1.200000e+01
    endloop
  endfacet
  facet normal  0.000000e+00  -0.000000e+00  1.000000e+00
    outer loop
      vertex -2.600000e+01 -7.000000e+00  1.200000e+01
      vertex -1.864829e+01  9.091585e-01  1.200000e+01
      vertex -1.846253e+01  1.332653e+00  1.200000e+01
    endloop
  endfacet
  facet normal  0.000000e+00  -0.000000e+00  1.000000e+00
    outer loop
      vertex -2.600000e+01 -7.000000e+00  1.200000e+01
      vertex -1.846253e+01  1.332653e+00  1.200000e+01
      vertex -1.820959e+01  1.719796e+00  1.200000e+01
    endloop
  endfacet
  facet normal  0.000000e+00  0.000000e+00  9.999999e-01
    outer loop
      vertex -2.300000e+01 -1.000000e+01  1.200000e+01
      vertex  1.576878e+01 -2.790437e+00  1.200000e+01
      vertex  2.312222e-01 -2.790437e+00  1.200000e+01
    endloop
  endfacet
  facet normal  0.000000e+00  0.000000e+00  1.000000e+00
    outer loop
      vertex -2.300000e+01 -1.000000e+01  1.200000e+01
      vertex  2.312222e-01 -2.790437e+00  1.200000e+01
      vertex -2.312222e-01 -2.790437e+00  1.200000e+01
    endloop
  endfacet
  facet normal  0.000000e+00  0.000000e+00  9.999999e-01
    outer loop
      vertex -2.300000e+01 -1.000000e+01  1.200000e+01
      vertex -2.312222e-01 -2.790437e+00  1.200000e+01
      vertex -1.576878e+01 -2.790437e+00  1.200000e+01
    endloop
  endfacet
  facet normal  0.000000e+00  -0.000000e+00  9.999999e-01
    outer loop
      vertex -2.300000e+01  1.000000e+01  1.200000e+01
      vertex -1.576878e+01  2.790437e+00  1.200000e+01
      vertex -2.312222e-01  2.790437e+00  1.200000e+01
    endloop
  endfacet
  facet normal  0.000000e+00  -0.000000e+00  1.000000e+00
    outer loop
      vertex -2.300000e+01  1.000000e+01  1.200000e+01
      vertex -2.312222e-01  2.790437e+00  1.200000e+01
      vertex  2.312222e-01  2.790437e+00  1.200000e+01
    endloop
  endfacet
  facet normal  0.000000e+00  -0.000000e+00  9.999999e-01
    outer loop
      vertex -2.300000e+01  1.000000e+01  1.200000e+01
      vertex  2.312222e-01  2.790437e+00  1.200000e+01
      vertex  1.576878e+01  2.790437e+00  1.200000e+01
    endloop
  endfacet
  facet normal  0.000000e+00  0.000000e+00  1.000000e+00
    outer loop
      vertex  2.600000e+01 -7.000000e+00  1.200000e+01
      vertex  1.820959e+01  1.719796e+00  1.200000e+01
      vertex  1.846253e+01  1.332653e+00  1.200000e+01
    endloop
  endfacet
  facet normal  0.000000e+00  0.000000e+00  1.000000e+00
    outer loop
      vertex  2.600000e+01 -7.000000e+00  1.200000e+01
      vertex  1.846253e+01  1.332653e+00  1.200000e+01
      vertex  1.864829e+01  9.091585e-01  1.200000e+01
    endloop
  endfacet
  facet normal  0.000000e+00  0.000000e+00  1.000000e+00
    outer loop
      vertex  2.600000e+01 -7.000000e+00  1.200000e+01
      vertex  1.864829e+01  9.091585e-01  1.200000e+01
      vertex  1.876181e+01  4.608648e-01  1.200000e+01
    endloop
  endfacet
  facet normal  0.000000e+00  0.000000e+00  9.999999e-01
    outer loop
      vertex  2.600000e+01 -7.000000e+00  1.200000e+01
      vertex  1.876181e+01  4.608648e-01  1.200000e+01
      vertex  1.880000e+01  0.000000e+00  1.200000e+01
    endloop
  endfacet
  facet normal  0.000000e+00  0.000000e+00  1.000000e+00
    outer loop
      vertex  2.600000e+01 -7.000000e+00  1.200000e+01
      vertex  1.880000e+01  0.000000e+00  1.200000e+01
      vertex  1.876181e+01 -4.608648e-01  1.200000e+01
    endloop
  endfacet
  facet normal  0.000000e+00  0.000000e+00  9.999999e-01
    outer loop
      vertex  2.600000e+01 -7.000000e+00  1.200000e+01
      vertex  1.876181e+01 -4.608648e-01  1.200000e+01
      vertex  1.864829e+01 -9.091585e-01  1.200000e+01
    endloop
  endfacet
  facet normal  0.000000e+00  0.000000e+00  1.000000e+00
    outer loop
      vertex  2.600000e+01 -7.000000e+00  1.200000e+01
      vertex  1.864829e+01 -9.091585e-01  1.200000e+01
      vertex  1.846253e+01 -1.332653e+00  1.200000e+01
    endloop
  endfacet
  facet normal  0.000000e+00  0.000000e+00  1.000000e+00
    outer loop
      vertex  2.600000e+01 -7.000000e+00  1.200000e+01
      vertex  1.846253e+01 -1.332653e+00  1.200000e+01
      vertex  1.820959e+01 -1.719796e+00  1.200000e+01
    endloop
  endfacet
  facet normal  0.000000e+00  0.000000e+00  1.000000e+00
    outer loop
      vertex  2.600000e+01 -7.000000e+00  1.200000e+01
      vertex  1.820959e+01 -1.719796e+00  1.200000e+01
      vertex  1.789639e+01 -2.060027e+00  1.200000e+01
    endloop
  endfacet
  facet normal  0.000000e+00  0.000000e+00  1.000000e+00
    outer loop
      vertex  2.600000e+01 -7.000000e+00  1.200000e+01
      vertex  1.789639e+01 -2.060027e+00  1.200000e+01
      vertex  1.753145e+01 -2.344066e+00  1.200000e+01
    endloop
  endfacet
  facet normal  0.000000e+00  0.000000e+00  1.000000e+00
    outer loop
      vertex  2.600000e+01 -7.000000e+00  1.200000e+01
      vertex  1.753145e+01 -2.344066e+00  1.200000e+01
      vertex  1.712475e+01 -2.564165e+00  1.200000e+01
    endloop
  endfacet
  facet normal  0.000000e+00  0.000000e+00  1.000000e+00
    outer loop
      vertex  2.600000e+01 -7.000000e+00  1.200000e+01
      vertex  1.712475e+01 -2.564165e+00  1.200000e+01
      vertex  1.668736e+01 -2.714321e+00  1.200000e+01
    endloop
  endfacet
  facet normal  0.000000e+00  0.000000e+00  1.000000e+00
    outer loop
      vertex  2.600000e+01 -7.000000e+00  1.200000e+01
      vertex  1.668736e+01 -2.714321e+00  1.200000e+01
      vertex  1.623122e+01 -2.790437e+00  1.200000e+01
    endloop
  endfacet
  facet normal  -0.000000e+00  0.000000e+00  1.000000e+00
    outer loop
      vertex  2.600000e+01  7.000000e+00  1.200000e+01
      vertex  1.623122e+01  2.790437e+00  1.200000e+01
      vertex  1.668736e+01  2.714321e+00  1.200000e+01
    endloop
  endfacet
  facet normal  -0.000000e+00  0.000000e+00  1.000000e+00
    outer loop
      vertex  2.600000e+01  7.000000e+00  1.200000e+01
      vertex  1.668736e+01  2.714321e+00  1.200000e+01
      vertex  1.712475e+01  2.564165e+00  1.200000e+01
    endloop
  endfacet
  facet normal  -0.000000e+00  0.000000e+00  1.000000e+00
    outer loop
      vertex  2.600000e+01  7.000000e+00  1.200000e+01
      vertex  1.712475e+01  2.564165e+00  1.200000e+01
      vertex  1.753145e+01  2.344066e+00  1.200000e+01
    endloop
  endfacet
  facet normal  -0.000000e+00  0.000000e+00  1.000000e+00
    outer loop
      vertex  2.600000e+01  7.000000e+00  1.200000e+01
      vertex  1.753145e+01  2.344066e+00  1.200000e+01
      vertex  1.789639e+01  2.060027e+00  1.200000e+01
    endloop
  endfacet
  facet normal  -0.000000e+00  0.000000e+00  1.000000e+00
    outer loop
      vertex  2.600000e+01  7.000000e+00  1.200000e+01
      vertex  1.789639e+01  2.060027e+00  1.200000e+01
      vertex  1.820959e+01  1.719796e+00  1.200000e+01
    endloop
  endfacet
  facet normal  -0.000000e+00  0.000000e+00  1.000000e+00
    outer loop
      vertex  2.600000e+01  7.000000e+00  1.200000e+01
      vertex  1.820959e+01  1.719796e+00  1.200000e+01
      vertex  2.600000e+01 -7.000000e+00  1.200000e+01
    endloop
  endfacet
  facet normal  -0.000000e+00  0.000000e+00  1.000000e+00
    outer loop
      vertex -2.312222e-01  2.790437e+00  1.200000e+01
      vertex -1.576878e+01  2.790437e+00  1.200000e+01
      vertex -6.873594e-01  2.714321e+00  1.200000e+01
    endloop
  endfacet
  facet normal  0.000000e+00  0.000000e+00  1.000000e+00
    outer loop
      vertex -6.873594e-01  2.714321e+00  1.200000e+01
      vertex -1.576878e+01  2.790437e+00  1.200000e+01
      vertex -1.531264e+01  2.714321e+00  1.200000e+01
    endloop
  endfacet
  facet normal  -0.000000e+00  0.000000e+00  1.000000e+00
    outer loop
      vertex -6.873594e-01  2.714321e+00  1.200000e+01
      vertex -1.531264e+01  2.714321e+00  1.200000e+01
      vertex -1.124747e+00  2.564165e+00  1.200000e+01
    endloop
  endfacet
  facet normal  0.000000e+00  0.000000e+00  1.000000e+00
    outer loop
      vertex -1.124747e+00  2.564165e+00  1.200000e+01
      vertex -1.531264e+01  2.714321e+00  1.200000e+01
      vertex -1.487525e+01  2.564165e+00  1.200000e+01
    endloop
  endfacet
  facet normal  -0.000000e+00  0.000000e+00  1.000000e+00
    outer loop
      vertex -1.124747e+00  2.564165e+00  1.200000e+01
      vertex -1.487525e+01  2.564165e+00  1.200000e+01
      vertex -1.531455e+00  2.344066e+00  1.200000e+01
    endloop
  endfacet
  facet normal  0.000000e+00  0.000000e+00  1.000000e+00
    outer loop
      vertex -1.531455e+00  2.344066e+00  1.200000e+01
      vertex -1.487525e+01  2.564165e+00  1.200000e+01
      vertex -1.446854e+01  2.344066e+00  1.200000e+01
    endloop
  endfacet
  facet normal  -0.000000e+00  0.000000e+00  1.000000e+00
    outer loop
      vertex -1.531455e+00  2.344066e+00  1.200000e+01
      vertex -1.446854e+01  2.344066e+00  1.200000e+01
      vertex -1.896388e+00  2.060027e+00  1.200000e+01
    endloop
  endfacet
  facet normal  0.000000e+00  0.000000e+00  1.000000e+00
    outer loop
      vertex -1.896388e+00  2.060027e+00  1.200000e+01
      vertex -1.446854e+01  2.344066e+00  1.200000e+01
      vertex -1.410361e+01  2.060027e+00  1.200000e+01
    endloop
  endfacet
  facet normal  -0.000000e+00  0.000000e+00  1.000000e+00
    outer loop
      vertex -1.896388e+00  2.060027e+00  1.200000e+01
      vertex -1.410361e+01  2.060027e+00  1.200000e+01
      vertex -2.209594e+00  1.719796e+00  1.200000e+01
    endloop
  endfacet
  facet normal  0.000000e+00  0.000000e+00  1.000000e+00
    outer loop
      vertex -2.209594e+00  1.719796e+00  1.200000e+01
      vertex -1.410361e+01  2.060027e+00  1.200000e+01
      vertex -1.379041e+01  1.719796e+00  1.200000e+01
    endloop
  endfacet
  facet normal  -0.000000e+00  0.000000e+00  1.000000e+00
    outer loop
      vertex -2.209594e+00  1.719796e+00  1.200000e+01
      vertex -1.379041e+01  1.719796e+00  1.200000e+01
      vertex -2.462527e+00  1.332653e+00  1.200000e+01
    endloop
  endfacet
  facet normal  0.000000e+00  0.000000e+00  1.000000e+00
    outer loop
      vertex -2.462527e+00  1.332653e+00  1.200000e+01
      vertex -1.379041e+01  1.719796e+00  1.200000e+01
      vertex -1.353747e+01  1.332653e+00  1.200000e+01
    endloop
  endfacet
  facet normal  -0.000000e+00  0.000000e+00  1.000000e+00
    outer loop
      vertex -2.462527e+00  1.332653e+00  1.200000e+01
      vertex -1.353747e+01  1.332653e+00  1.200000e+01
      vertex -2.648288e+00  9.091585e-01  1.200000e+01
    endloop
  endfacet
  facet normal  0.000000e+00  0.000000e+00  1.000000e+00
    outer loop
      vertex -2.648288e+00  9.091585e-01  1.200000e+01
      vertex -1.353747e+01  1.332653e+00  1.200000e+01
      vertex -1.335171e+01  9.091585e-01  1.200000e+01
    endloop
  endfacet
  facet normal  -0.000000e+00  0.000000e+00  1.000000e+00
    outer loop
      vertex -2.648288e+00  9.091585e-01  1.200000e+01
      vertex -1.335171e+01  9.091585e-01  1.200000e+01
      vertex -2.761812e+00  4.608648e-01  1.200000e+01
    endloop
  endfacet
  facet normal  0.000000e+00  0.000000e+00  9.999999e-01
    outer loop
      vertex -2.761812e+00  4.608648e-01  1.200000e+01
      vertex -1.335171e+01  9.091585e-01  1.200000e+01
      vertex -1.323819e+01  4.608648e-01  1.200000e+01
    endloop
  endfacet
  facet normal  -0.000000e+00  0.000000e+00  9.999999e-01
    outer loop
      vertex -2.761812e+00  4.608648e-01  1.200000e+01
      vertex -1.323819e+01  4.608648e-01  1.200000e+01
      vertex -2.800000e+00  3.429011e-16  1.200000e+01
    endloop
  endfacet
  facet normal  0.000000e+00  0.000000e+00  1.000000e+00
    outer loop
      vertex -2.800000e+00  3.429011e-16  1.200000e+01
      vertex -1.323819e+01  4.608648e-01  1.200000e+01
      vertex -1.320000e+01  0.000000e+00  1.200000e+01
    endloop
  endfacet
  facet normal  -0.000000e+00  0.000000e+00  1.000000e+00
    outer loop
      vertex -2.800000e+00  3.429011e-16  1.200000e+01
      vertex -1.320000e+01  0.000000e+00  1.200000e+01
      vertex -2.761812e+00 -4.608648e-01  1.200000e+01
    endloop
  endfacet
  facet normal  0.000000e+00  0.000000e+00  9.999999e-01
    outer loop
      vertex -2.761812e+00 -4.608648e-01  1.200000e+01
      vertex -1.320000e+01  0.000000e+00  1.200000e+01
      vertex -1.323819e+01 -4.608648e-01  1.200000e+01
    endloop
  endfacet
  facet normal  -0.000000e+00  0.000000e+00  9.999999e-01
    outer loop
      vertex -2.761812e+00 -4.608648e-01  1.200000e+01
      vertex -1.323819e+01 -4.608648e-01  1.200000e+01
      vertex -2.648288e+00 -9.091585e-01  1.200000e+01
    endloop
  endfacet
  facet normal  0.000000e+00  0.000000e+00  1.000000e+00
    outer loop
      vertex -2.648288e+00 -9.091585e-01  1.200000e+01
      vertex -1.323819e+01 -4.608648e-01  1.200000e+01
      vertex -1.335171e+01 -9.091585e-01  1.200000e+01
    endloop
  endfacet
  facet normal  -0.000000e+00  0.000000e+00  1.000000e+00
    outer loop
      vertex -2.648288e+00 -9.091585e-01  1.200000e+01
      vertex -1.335171e+01 -9.091585e-01  1.200000e+01
      vertex -2.462527e+00 -1.332653e+00  1.200000e+01
    endloop
  endfacet
  facet normal  0.000000e+00  0.000000e+00  1.000000e+00
    outer loop
      vertex -2.462527e+00 -1.332653e+00  1.200000e+01
      vertex -1.335171e+01 -9.091585e-01  1.200000e+01
      vertex -1.353747e+01 -1.332653e+00  1.200000e+01
    endloop
  endfacet
  facet normal  -0.000000e+00  0.000000e+00  1.000000e+00
    outer loop
      vertex -2.462527e+00 -1.332653e+00  1.200000e+01
      vertex -1.353747e+01 -1.332653e+00  1.200000e+01
      vertex -2.209594e+00 -1.719796e+00  1.200000e+01
    endloop
  endfacet
  facet normal  0.000000e+00  0.000000e+00  1.000000e+00
    outer loop
      vertex -2.209594e+00 -1.719796e+00  1.200000e+01
      vertex -1.353747e+01 -1.332653e+00  1.200000e+01
      vertex -1.379041e+01 -1.719796e+00  1.200000e+01
    endloop
  endfacet
  facet normal  -0.000000e+00  0.000000e+00  1.000000e+00
    outer loop
      vertex -2.209594e+00 -1.719796e+00  1.200000e+01
      vertex -1.379041e+01 -1.719796e+00  1.200000e+01
      vertex -1.896388e+00 -2.060027e+00  1.200000e+01
    endloop
  endfacet
  facet normal  0.000000e+00  0.000000e+00  1.000000e+00
    outer loop
      vertex -1.896388e+00 -2.060027e+00  1.200000e+01
      vertex -1.379041e+01 -1.719796e+00  1.200000e+01
      vertex -1.410361e+01 -2.060027e+00  1.200000e+01
    endloop
  endfacet
  facet normal  -0.000000e+00  0.000000e+00  1.000000e+00
    outer loop
      vertex -1.896388e+00 -2.060027e+00  1.200000e+01
      vertex -1.410361e+01 -2.060027e+00  1.200000e+01
      vertex -1.531455e+00 -2.344066e+00  1.200000e+01
    endloop
  endfacet
  facet normal  0.000000e+00  0.000000e+00  1.000000e+00
    outer loop
      vertex -1.531455e+00 -2.344066e+00  1.200000e+01
      vertex -1.410361e+01 -2.060027e+00  1.200000e+01
      vertex -1.446854e+01 -2.344066e+00  1.200000e+01
    endloop
  endfacet
  facet normal  -0.000000e+00  0.000000e+00  1.000000e+00
    outer loop
      vertex -1.531455e+00 -2.344066e+00  1.200000e+01
      vertex -1.446854e+01 -2.344066e+00  1.200000e+01
      vertex -1.124747e+00 -2.564165e+00  1.200000e+01
    endloop
  endfacet
  facet normal  0.000000e+00  0.000000e+00  1.000000e+00
    outer loop
      vertex -1.124747e+00 -2.564165e+00  1.200000e+01
      vertex -1.446854e+01 -2.344066e+00  1.200000e+01
      vertex -1.487525e+01 -2.564165e+00  1.200000e+01
    endloop
  endfacet
  facet normal  -0.000000e+00  0.000000e+00  1.000000e+00
    outer loop
      vertex -1.124747e+00 -2.564165e+00  1.200000e+01
      vertex -1.487525e+01 -2.564165e+00  1.200000e+01
      vertex -6.873594e-01 -2.714321e+00  1.200000e+01
    endloop
  endfacet
  facet normal  0.000000e+00  0.000000e+00  1.000000e+00
    outer loop
      vertex -6.873594e-01 -2.714321e+00  1.200000e+01
      vertex -1.487525e+01 -2.564165e+00  1.200000e+01
      vertex -1.531264e+01 -2.714321e+00  1.200000e+01
    endloop
  endfacet
  facet normal  -0.000000e+00  0.000000e+00  1.000000e+00
    outer loop
      vertex -6.873594e-01 -2.714321e+00  1.200000e+01
      vertex -1.531264e+01 -2.714321e+00  1.200000e+01
      vertex -2.312222e-01 -2.790437e+00  1.200000e+01
    endloop
  endfacet
  facet normal  0.000000e+00  0.000000e+00  1.000000e+00
    outer loop
      vertex -2.312222e-01 -2.790437e+00  1.200000e+01
      vertex -1.531264e+01 -2.714321e+00  1.200000e+01
      vertex -1.576878e+01 -2.790437e+00  1.200000e+01
    endloop
  endfacet
  facet normal  -0.000000e+00  0.000000e+00  1.000000e+00
    outer loop
      vertex  1.576878e+01  2.790437e+00  1.200000e+01
      vertex  2.312222e-01  2.790437e+00  1.200000e+01
      vertex  1.531264e+01  2.714321e+00  1.200000e+01
    endloop
  endfacet
  facet normal  0.000000e+00  0.000000e+00  1.000000e+00
    outer loop
      vertex  1.531264e+01  2.714321e+00  1.200000e+01
      vertex  2.312222e-01  2.790437e+00  1.200000e+01
      vertex  6.873594e-01  2.714321e+00  1.200000e+01
    endloop
  endfacet
  facet normal  -0.000000e+00  0.000000e+00  1.000000e+00
    outer loop
      vertex  1.531264e+01  2.714321e+00  1.200000e+01
      vertex  6.873594e-01  2.714321e+00  1.200000e+01
      vertex  1.487525e+01  2.564165e+00  1.200000e+01
    endloop
  endfacet
  facet normal  0.000000e+00  0.000000e+00  1.000000e+00
    outer loop
      vertex  1.487525e+01  2.564165e+00  1.200000e+01
      vertex  6.873594e-01  2.714321e+00  1.200000e+01
      vertex  1.124747e+00  2.564165e+00  1.200000e+01
    endloop
  endfacet
  facet normal  -0.000000e+00  0.000000e+00  1.000000e+00
    outer loop
      vertex  1.487525e+01  2.564165e+00  1.200000e+01
      vertex  1.124747e+00  2.564165e+00  1.200000e+01
      vertex  1.446854e+01  2.344066e+00  1.200000e+01
    endloop
  endfacet
  facet normal  0.000000e+00  0.000000e+00  1.000000e+00
    outer loop
      vertex  1.446854e+01  2.344066e+00  1.200000e+01
      vertex  1.124747e+00  2.564165e+00  1.200000e+01
      vertex  1.531455e+00  2.344066e+00  1.200000e+01
    endloop
  endfacet
  facet normal  -0.000000e+00  0.000000e+00  1.000000e+00
    outer loop
      vertex  1.446854e+01  2.344066e+00  1.200000e+01
      vertex  1.531455e+00  2.344066e+00  1.200000e+01
      vertex  1.410361e+01  2.060027e+00  1.200000e+01
    endloop
  endfacet
  facet normal  0.000000e+00  0.000000e+00  1.000000e+00
    outer loop
      vertex  1.410361e+01  2.060027e+00  1.200000e+01
      vertex  1.531455e+00  2.344066e+00  1.200000e+01
      vertex  1.896388e+00  2.060027e+00  1.200000e+01
    endloop
  endfacet
  facet normal  -0.000000e+00  0.000000e+00  1.000000e+00
    outer loop
      vertex  1.410361e+01  2.060027e+00  1.200000e+01
      vertex  1.896388e+00  2.060027e+00  1.200000e+01
      vertex  1.379041e+01  1.719796e+00  1.200000e+01
    endloop
  endfacet
  facet normal  0.000000e+00  0.000000e+00  1.000000e+00
    outer loop
      vertex  1.379041e+01  1.719796e+00  1.200000e+01
      vertex  1.896388e+00  2.060027e+00  1.200000e+01
      vertex  2.209594e+00  1.719796e+00  1.200000e+01
    endloop
  endfacet
  facet normal  -0.000000e+00  0.000000e+00  1.000000e+00
    outer loop
      vertex  1.379041e+01  1.719796e+00  1.200000e+01
      vertex  2.209594e+00  1.719796e+00  1.200000e+01
      vertex  1.353747e+01  1.332653e+00  1.200000e+01
    endloop
  endfacet
  facet normal  0.000000e+00  0.000000e+00  1.000000e+00
    outer loop
      vertex  1.353747e+01  1.332653e+00  1.200000e+01
      vertex  2.209594e+00  1.719796e+00  1.200000e+01
      vertex  2.462527e+00  1.332653e+00  1.200000e+01
    endloop
  endfacet
  facet normal  -0.000000e+00  0.000000e+00  1.000000e+00
    outer loop
      vertex  1.353747e+01  1.332653e+00  1.200000e+01
      vertex  2.462527e+00  1.332653e+00  1.200000e+01
      vertex  1.335171e+01  9.091585e-01  1.200000e+01
    endloop
  endfacet
  facet normal  0.000000e+00  0.000000e+00  1.000000e+00
    outer loop
      vertex  1.335171e+01  9.091585e-01  1.200000e+01
      vertex  2.462527e+00  1.332653e+00  1.200000e+01
      vertex  2.648288e+00  9.091585e-01  1.200000e+01
    endloop
  endfacet
  facet normal  -0.000000e+00  0.000000e+00  1.000000e+00
    outer loop
      vertex  1.335171e+01  9.091585e-01  1.200000e+01
      vertex  2.648288e+00  9.091585e-01  1.200000e+01
      vertex  1.323819e+01  4.608648e-01  1.200000e+01
    endloop
  endfacet
  facet normal  0.000000e+00  0.000000e+00  9.999999e-01
    outer loop
      vertex  1.323819e+01  4.608648e-01  1.200000e+01
      vertex  2.648288e+00  9.091585e-01  1.200000e+01
      vertex  2.761812e+00  4.608648e-01  1.200000e+01
    endloop
  endfacet
  facet normal  -0.000000e+00  0.000000e+00  9.999999e-01
    outer loop
      vertex  1.323819e+01  4.608648e-01  1.200000e+01
      vertex  2.761812e+00  4.608648e-01  1.200000e+01
      vertex  1.320000e+01  3.429011e-16  1.200000e+01
    endloop
  endfacet
  facet normal  0.000000e+00  0.000000e+00  1.000000e+00
    outer loop
      vertex  1.320000e+01  3.429011e-16  1.200000e+01
      vertex  2.761812e+00  4.608648e-01  1.200000e+01
      vertex  2.800000e+00  0.000000e+00  1.200000e+01
    endloop
  endfacet
  facet normal  -0.000000e+00  0.000000e+00  1.000000e+00
    outer loop
      vertex  1.320000e+01  3.429011e-16  1.200000e+01
      vertex  2.800000e+00  0.000000e+00  1.200000e+01
      vertex  1.323819e+01 -4.608648e-01  1.200000e+01
    endloop
  endfacet
  facet normal  0.000000e+00  0.000000e+00  9.999999e-01
    outer loop
      vertex  1.323819e+01 -4.608648e-01  1.200000e+01
      vertex  2.800000e+00  0.000000e+00  1.200000e+01
      vertex  2.761812e+00 -4.608648e-01  1.200000e+01
    endloop
  endfacet
  facet normal  -0.000000e+00  0.000000e+00  9.999999e-01
    outer loop
      vertex  1.323819e+01 -4.608648e-01  1.200000e+01
      vertex  2.761812e+00 -4.608648e-01  1.200000e+01
      vertex  1.335171e+01 -9.091585e-01  1.200000e+01
    endloop
  endfacet
  facet normal  0.000000e+00  0.000000e+00  1.000000e+00
    outer loop
      vertex  1.335171e+01 -9.091585e-01  1.200000e+01
      vertex  2.761812e+00 -4.608648e-01  1.200000e+01
      vertex  2.648288e+00 -9.091585e-01  1.200000e+01
    endloop
  endfacet
  facet normal  -0.000000e+00  0.000000e+00  1.000000e+00
    outer loop
      vertex  1.335171e+01 -9.091585e-01  1.200000e+01
      vertex  2.648288e+00 -9.091585e-01  1.200000e+01
      vertex  1.353747e+01 -1.332653e+00  1.200000e+01
    endloop
  endfacet
  facet normal  0.000000e+00  0.000000e+00  1.000000e+00
    outer loop
      vertex  1.353747e+01 -1.332653e+00  1.200000e+01
      vertex  2.648288e+00 -9.091585e-01  1.200000e+01
      vertex  2.462527e+00 -1.332653e+00  1.200000e+01
    endloop
  endfacet
  facet normal  -0.000000e+00  0.000000e+00  1.000000e+00
    outer loop
      vertex  1.353747e+01 -1.332653e+00  1.200000e+01
      vertex  2.462527e+00 -1.332653e+00  1.200000e+01
      vertex  1.379041e+01 -1.719796e+00  1.200000e+01
    endloop
  endfacet
  facet normal  0.000000e+00  0.000000e+00  1.000000e+00
    outer loop
      vertex  1.379041e+01 -1.719796e+00  1.200000e+01
      vertex  2.462527e+00 -1.332653e+00  1.200000e+01
      vertex  2.209594e+00 -1.719796e+00  1.200000e+01
    endloop
  endfacet
  facet normal  -0.000000e+00  0.000000e+00  1.000000e+00
    outer loop
      vertex  1.379041e+01 -1.719796e+00  1.200000e+01
      vertex  2.209594e+00 -1.719796e+00  1.200000e+01
      vertex  1.410361e+01 -2.060027e+00  1.200000e+01
    endloop
  endfacet
  facet normal  0.000000e+00  0.000000e+00  1.000000e+00
    outer loop
      vertex  1.410361e+01 -2.060027e+00  1.200000e+01
      vertex  2.209594e+00 -1.719796e+00  1.200000e+01
      vertex  1.896388e+00 -2.060027e+00  1.200000e+01
    endloop
  endfacet
  facet normal  -0.000000e+00  0.000000e+00  1.000000e+00
    outer loop
      vertex  1.410361e+01 -2.060027e+00  1.200000e+01
      vertex  1.896388e+00 -2.060027e+00  1.200000e+01
      vertex  1.446854e+01 -2.344066e+00  1.200000e+01
    endloop
  endfacet
  facet normal  0.000000e+00  0.000000e+00  1.000000e+00
    outer loop
      vertex  1.446854e+01 -2.344066e+00  1.200000e+01
      vertex  1.896388e+00 -2.060027e+00  1.200000e+01
      vertex  1.531455e+00 -2.344066e+00  1.200000e+01
    endloop
  endfacet
  facet normal  -0.000000e+00  0.000000e+00  1.000000e+00
    outer loop
      vertex  1.446854e+01 -2.344066e+00  1.200000e+01
      vertex  1.531455e+00 -2.344066e+00  1.200000e+01
      vertex  1.487525e+01 -2.564165e+00  1.200000e+01
    endloop
  endfacet
  facet normal  0.000000e+00  0.000000e+00  1.000000e+00
    outer loop
      vertex  1.487525e+01 -2.564165e+00  1.200000e+01
      vertex  1.531455e+00 -2.344066e+00  1.200000e+01
      vertex  1.124747e+00 -2.564165e+00  1.200000e+01
    endloop
  endfacet
  facet normal  -0.000000e+00  0.000000e+00  1.000000e+00
    outer loop
      vertex  1.487525e+01 -2.564165e+00  1.200000e+01
      vertex  1.124747e+00 -2.564165e+00  1.200000e+01
      vertex  1.531264e+01 -2.714321e+00  1.200000e+01
    endloop
  endfacet
  facet normal  0.000000e+00  0.000000e+00  1.000000e+00
    outer loop
      vertex  1.531264e+01 -2.714321e+00  1.200000e+01
      vertex  1.124747e+00 -2.564165e+00  1.200000e+01
      vertex  6.873594e-01 -2.714321e+00  1.200000e+01
    endloop
  endfacet
  facet normal  -0.000000e+00  0.000000e+00  1.000000e+00
    outer loop
      vertex  1.531264e+01 -2.714321e+00  1.200000e+01
      vertex  6.873594e-01 -2.714321e+00  1.200000e+01
      vertex  1.576878e+01 -2.790437e+00  1.200000e+01
    endloop
  endfacet
  facet normal  0.000000e+00  0.000000e+00  1.000000e+00
    outer loop
      vertex  1.576878e+01 -2.790437e+00  1.200000e+01
      vertex  6.873594e-01 -2.714321e+00  1.200000e+01
      vertex  2.312222e-01 -2.790437e+00  1.200000e+01
    endloop
  endfacet
  facet normal  0.000000e+00  0.000000e+00  1.000000e+00
    outer loop
      vertex  1.623122e+01 -2.790437e+00  1.150000e+01
      vertex  1.668736e+01 -2.714321e+00  1.150000e+01
      vertex  1.576878e+01 -2.790437e+00  1.150000e+01
    endloop
  endfacet
  facet normal  0.000000e+00  0.000000e+00  1.000000e+00
    outer loop
      vertex  1.576878e+01 -2.790437e+00  1.150000e+01
      vertex  1.668736e+01 -2.714321e+00  1.150000e+01
      vertex  1.621884e+01 -2.640949e+00  1.150000e+01
    endloop
  endfacet
  facet normal  0.000000e+00  0.000000e+00  1.000000e+00
    outer loop
      vertex  1.576878e+01 -2.790437e+00  1.150000e+01
      vertex  1.621884e+01 -2.640949e+00  1.150000e+01
      vertex  1.531264e+01 -2.714321e+00  1.150000e+01
    endloop
  endfacet
  facet normal  0.000000e+00  0.000000e+00  9.999999e-01
    outer loop
      vertex  1.531264e+01 -2.714321e+00  1.150000e+01
      vertex  1.621884e+01 -2.640949e+00  1.150000e+01
      vertex  1.578117e+01 -2.640949e+00  1.150000e+01
    endloop
  endfacet
  facet normal  0.000000e+00  0.000000e+00  1.000000e+00
    outer loop
      vertex  1.531264e+01 -2.714321e+00  1.150000e+01
      vertex  1.578117e+01 -2.640949e+00  1.150000e+01
      vertex  1.487525e+01 -2.564165e+00  1.150000e+01
    endloop
  endfacet
  facet normal  0.000000e+00  0.000000e+00  1.000000e+00
    outer loop
      vertex  1.487525e+01 -2.564165e+00  1.150000e+01
      vertex  1.578117e+01 -2.640949e+00  1.150000e+01
      vertex  1.534946e+01 -2.568911e+00  1.150000e+01
    endloop
  endfacet
  facet normal  0.000000e+00  0.000000e+00  1.000000e+00
    outer loop
      vertex  1.487525e+01 -2.564165e+00  1.150000e+01
      vertex  1.534946e+01 -2.568911e+00  1.150000e+01
      vertex  1.446854e+01 -2.344066e+00  1.150000e+01
    endloop
  endfacet
  facet normal  0.000000e+00  0.000000e+00  1.000000e+00
    outer loop
      vertex  1.446854e+01 -2.344066e+00  1.150000e+01
      vertex  1.534946e+01 -2.568911e+00  1.150000e+01
      vertex  1.493551e+01 -2.426799e+00  1.150000e+01
    endloop
  endfacet
  facet normal  0.000000e+00  0.000000e+00  1.000000e+00
    outer loop
      vertex  1.446854e+01 -2.344066e+00  1.150000e+01
      vertex  1.493551e+01 -2.426799e+00  1.150000e+01
      vertex  1.455059e+01 -2.218491e+00  1.150000e+01
    endloop
  endfacet
  facet normal  0.000000e+00  0.000000e+00  1.000000e+00
    outer loop
      vertex  1.668736e+01  2.714321e+00  1.150000e+01
      vertex  1.623122e+01  2.790437e+00  1.150000e+01
      vertex  1.621884e+01  2.640949e+00  1.150000e+01
    endloop
  endfacet
  facet normal  0.000000e+00  -0.000000e+00  1.000000e+00
    outer loop
      vertex  1.621884e+01  2.640949e+00  1.150000e+01
      vertex  1.623122e+01  2.790437e+00  1.150000e+01
      vertex  1.576878e+01  2.790437e+00  1.150000e+01
    endloop
  endfacet
  facet normal  0.000000e+00  0.000000e+00  1.000000e+00
    outer loop
      vertex  1.621884e+01  2.640949e+00  1.150000e+01
      vertex  1.576878e+01  2.790437e+00  1.150000e+01
      vertex  1.578117e+01  2.640949e+00  1.150000e+01
    endloop
  endfacet
  facet normal  0.000000e+00  0.000000e+00  1.000000e+00
    outer loop
      vertex  1.578117e+01  2.640949e+00  1.150000e+01
      vertex  1.576878e+01  2.790437e+00  1.150000e+01
      vertex  1.531264e+01  2.714321e+00  1.150000e+01
    endloop
  endfacet
  facet normal  0.000000e+00  0.000000e+00  1.000000e+00
    outer loop
      vertex  1.578117e+01  2.640949e+00  1.150000e+01
      vertex  1.531264e+01  2.714321e+00  1.150000e+01
      vertex  1.534946e+01  2.568911e+00  1.150000e+01
    endloop
  endfacet
  facet normal  0.000000e+00  0.000000e+00  1.000000e+00
    outer loop
      vertex  1.534946e+01  2.568911e+00  1.150000e+01
      vertex  1.531264e+01  2.714321e+00  1.150000e+01
      vertex  1.487525e+01  2.564165e+00  1.150000e+01
    endloop
  endfacet
  facet normal  -0.000000e+00  0.000000e+00  1.000000e+00
    outer loop
      vertex  1.534946e+01  2.568911e+00  1.150000e+01
      vertex  1.487525e+01  2.564165e+00  1.150000e+01
      vertex  1.493551e+01  2.426799e+00  1.150000e+01
    endloop
  endfacet
  facet normal  0.000000e+00  0.000000e+00  1.000000e+00
    outer loop
      vertex  1.493551e+01  2.426799e+00  1.150000e+01
      vertex  1.487525e+01  2.564165e+00  1.150000e+01
      vertex  1.446854e+01  2.344066e+00  1.150000e+01
    endloop
  endfacet
  facet normal  -0.000000e+00  0.000000e+00  1.000000e+00
    outer loop
      vertex  1.493551e+01  2.426799e+00  1.150000e+01
      vertex  1.446854e+01  2.344066e+00  1.150000e+01
      vertex  1.455059e+01  2.218491e+00  1.150000e+01
    endloop
  endfacet
  facet normal  0.000000e+00  0.000000e+00  1.000000e+00
    outer loop
      vertex  1.455059e+01  2.218491e+00  1.150000e+01
      vertex  1.446854e+01  2.344066e+00  1.150000e+01
      vertex  1.410361e+01  2.060027e+00  1.150000e+01
    endloop
  endfacet
  facet normal  -0.000000e+00  0.000000e+00  1.000000e+00
    outer loop
      vertex  1.455059e+01  2.218491e+00  1.150000e+01
      vertex  1.410361e+01  2.060027e+00  1.150000e+01
      vertex  1.420520e+01  1.949668e+00  1.150000e+01
    endloop
  endfacet
  facet normal  0.000000e+00  0.000000e+00  1.000000e+00
    outer loop
      vertex  1.420520e+01  1.949668e+00  1.150000e+01
      vertex  1.410361e+01  2.060027e+00  1.150000e+01
      vertex  1.390878e+01  1.627664e+00  1.150000e+01
    endloop
  endfacet
  facet normal  0.000000e+00  -0.000000e+00  1.000000e+00
    outer loop
      vertex  1.390878e+01  1.627664e+00  1.150000e+01
      vertex  1.410361e+01  2.060027e+00  1.150000e+01
      vertex  1.379041e+01  1.719796e+00  1.150000e+01
    endloop
  endfacet
  facet normal  0.000000e+00  0.000000e+00  1.000000e+00
    outer loop
      vertex  1.390878e+01  1.627664e+00  1.150000e+01
      vertex  1.379041e+01  1.719796e+00  1.150000e+01
      vertex  1.366939e+01  1.261261e+00  1.150000e+01
    endloop
  endfacet
  facet normal  0.000000e+00  -0.000000e+00  1.000000e+00
    outer loop
      vertex  1.366939e+01  1.261261e+00  1.150000e+01
      vertex  1.379041e+01  1.719796e+00  1.150000e+01
      vertex  1.353747e+01  1.332653e+00  1.150000e+01
    endloop
  endfacet
  facet normal  0.000000e+00  0.000000e+00  1.000000e+00
    outer loop
      vertex  1.366939e+01  1.261261e+00  1.150000e+01
      vertex  1.353747e+01  1.332653e+00  1.150000e+01
      vertex  1.349358e+01  8.604536e-01  1.150000e+01
    endloop
  endfacet
  facet normal  0.000000e+00  -0.000000e+00  1.000000e+00
    outer loop
      vertex  1.349358e+01  8.604536e-01  1.150000e+01
      vertex  1.353747e+01  1.332653e+00  1.150000e+01
      vertex  1.335171e+01  9.091585e-01  1.150000e+01
    endloop
  endfacet
  facet normal  0.000000e+00  0.000000e+00  1.000000e+00
    outer loop
      vertex  1.349358e+01  8.604536e-01  1.150000e+01
      vertex  1.335171e+01  9.091585e-01  1.150000e+01
      vertex  1.338614e+01  4.361757e-01  1.150000e+01
    endloop
  endfacet
  facet normal  0.000000e+00  0.000000e+00  1.000000e+00
    outer loop
      vertex  1.338614e+01  4.361757e-01  1.150000e+01
      vertex  1.335171e+01  9.091585e-01  1.150000e+01
      vertex  1.323819e+01  4.608648e-01  1.150000e+01
    endloop
  endfacet
  facet normal  0.000000e+00  0.000000e+00  1.000000e+00
    outer loop
      vertex  1.338614e+01  4.361757e-01  1.150000e+01
      vertex  1.323819e+01  4.608648e-01  1.150000e+01
      vertex  1.335000e+01  1.501368e-15  1.150000e+01
    endloop
  endfacet
  facet normal  0.000000e+00  0.000000e+00  1.000000e+00
    outer loop
      vertex  1.335000e+01  1.501368e-15  1.150000e+01
      vertex  1.323819e+01  4.608648e-01  1.150000e+01
      vertex  1.320000e+01  3.429011e-16  1.150000e+01
    endloop
  endfacet
  facet normal  -0.000000e+00  0.000000e+00  1.000000e+00
    outer loop
      vertex  1.335000e+01  1.501368e-15  1.150000e+01
      vertex  1.320000e+01  3.429011e-16  1.150000e+01
      vertex  1.338614e+01 -4.361757e-01  1.150000e+01
    endloop
  endfacet
  facet normal  0.000000e+00  0.000000e+00  1.000000e+00
    outer loop
      vertex  1.338614e+01 -4.361757e-01  1.150000e+01
      vertex  1.320000e+01  3.429011e-16  1.150000e+01
      vertex  1.323819e+01 -4.608648e-01  1.150000e+01
    endloop
  endfacet
  facet normal  -0.000000e+00  0.000000e+00  1.000000e+00
    outer loop
      vertex  1.338614e+01 -4.361757e-01  1.150000e+01
      vertex  1.323819e+01 -4.608648e-01  1.150000e+01
      vertex  1.349358e+01 -8.604536e-01  1.150000e+01
    endloop
  endfacet
  facet normal  0.000000e+00  0.000000e+00  1.000000e+00
    outer loop
      vertex  1.349358e+01 -8.604536e-01  1.150000e+01
      vertex  1.323819e+01 -4.608648e-01  1.150000e+01
      vertex  1.335171e+01 -9.091585e-01  1.150000e+01
    endloop
  endfacet
  facet normal  -0.000000e+00  0.000000e+00  1.000000e+00
    outer loop
      vertex  1.349358e+01 -8.604536e-01  1.150000e+01
      vertex  1.335171e+01 -9.091585e-01  1.150000e+01
      vertex  1.366939e+01 -1.261261e+00  1.150000e+01
    endloop
  endfacet
  facet normal  0.000000e+00  0.000000e+00  1.000000e+00
    outer loop
      vertex  1.366939e+01 -1.261261e+00  1.150000e+01
      vertex  1.335171e+01 -9.091585e-01  1.150000e+01
      vertex  1.353747e+01 -1.332653e+00  1.150000e+01
    endloop
  endfacet
  facet normal  -0.000000e+00  0.000000e+00  1.000000e+00
    outer loop
      vertex  1.366939e+01 -1.261261e+00  1.150000e+01
      vertex  1.353747e+01 -1.332653e+00  1.150000e+01
      vertex  1.390878e+01 -1.627664e+00  1.150000e+01
    endloop
  endfacet
  facet normal  0.000000e+00  0.000000e+00  1.000000e+00
    outer loop
      vertex  1.390878e+01 -1.627664e+00  1.150000e+01
      vertex  1.353747e+01 -1.332653e+00  1.150000e+01
      vertex  1.379041e+01 -1.719796e+00  1.150000e+01
    endloop
  endfacet
  facet normal  -0.000000e+00  0.000000e+00  1.000000e+00
    outer loop
      vertex  1.390878e+01 -1.627664e+00  1.150000e+01
      vertex  1.379041e+01 -1.719796e+00  1.150000e+01
      vertex  1.420520e+01 -1.949668e+00  1.150000e+01
    endloop
  endfacet
  facet normal  0.000000e+00  0.000000e+00  1.000000e+00
    outer loop
      vertex  1.420520e+01 -1.949668e+00  1.150000e+01
      vertex  1.379041e+01 -1.719796e+00  1.150000e+01
      vertex  1.410361e+01 -2.060027e+00  1.150000e+01
    endloop
  endfacet
  facet normal  -0.000000e+00  0.000000e+00  1.000000e+00
    outer loop
      vertex  1.420520e+01 -1.949668e+00  1.150000e+01
      vertex  1.410361e+01 -2.060027e+00  1.150000e+01
      vertex  1.455059e+01 -2.218491e+00  1.150000e+01
    endloop
  endfacet
  facet normal  0.000000e+00  0.000000e+00  1.000000e+00
    outer loop
      vertex  1.455059e+01 -2.218491e+00  1.150000e+01
      vertex  1.410361e+01 -2.060027e+00  1.150000e+01
      vertex  1.446854e+01 -2.344066e+00  1.150000e+01
    endloop
  endfacet
  facet normal  -0.000000e+00  0.000000e+00  1.000000e+00
    outer loop
      vertex  1.668736e+01  2.714321e+00  1.150000e+01
      vertex  1.621884e+01  2.640949e+00  1.150000e+01
      vertex  1.712475e+01  2.564165e+00  1.150000e+01
    endloop
  endfacet
  facet normal  0.000000e+00  0.000000e+00  1.000000e+00
    outer loop
      vertex  1.712475e+01  2.564165e+00  1.150000e+01
      vertex  1.621884e+01  2.640949e+00  1.150000e+01
      vertex  1.665054e+01  2.568911e+00  1.150000e+01
    endloop
  endfacet
  facet normal  0.000000e+00  0.000000e+00  1.000000e+00
    outer loop
      vertex  1.712475e+01  2.564165e+00  1.150000e+01
      vertex  1.665054e+01  2.568911e+00  1.150000e+01
      vertex  1.753145e+01  2.344066e+00  1.150000e+01
    endloop
  endfacet
  facet normal  0.000000e+00  0.000000e+00  1.000000e+00
    outer loop
      vertex  1.753145e+01  2.344066e+00  1.150000e+01
      vertex  1.665054e+01  2.568911e+00  1.150000e+01
      vertex  1.706449e+01  2.426799e+00  1.150000e+01
    endloop
  endfacet
  facet normal  0.000000e+00  0.000000e+00  1.000000e+00
    outer loop
      vertex  1.753145e+01  2.344066e+00  1.150000e+01
      vertex  1.706449e+01  2.426799e+00  1.150000e+01
      vertex  1.789639e+01  2.060027e+00  1.150000e+01
    endloop
  endfacet
  facet normal  0.000000e+00  0.000000e+00  1.000000e+00
    outer loop
      vertex  1.789639e+01  2.060027e+00  1.150000e+01
      vertex  1.706449e+01  2.426799e+00  1.150000e+01
      vertex  1.744941e+01  2.218491e+00  1.150000e+01
    endloop
  endfacet
  facet normal  0.000000e+00  0.000000e+00  1.000000e+00
    outer loop
      vertex  1.789639e+01  2.060027e+00  1.150000e+01
      vertex  1.744941e+01  2.218491e+00  1.150000e+01
      vertex  1.779480e+01  1.949668e+00  1.150000e+01
    endloop
  endfacet
  facet normal  -0.000000e+00  0.000000e+00  1.000000e+00
    outer loop
      vertex  1.789639e+01  2.060027e+00  1.150000e+01
      vertex  1.779480e+01  1.949668e+00  1.150000e+01
      vertex  1.820959e+01  1.719796e+00  1.150000e+01
    endloop
  endfacet
  facet normal  0.000000e+00  0.000000e+00  1.000000e+00
    outer loop
      vertex  1.820959e+01  1.719796e+00  1.150000e+01
      vertex  1.779480e+01  1.949668e+00  1.150000e+01
      vertex  1.809122e+01  1.627664e+00  1.150000e+01
    endloop
  endfacet
  facet normal  -0.000000e+00  0.000000e+00  1.000000e+00
    outer loop
      vertex  1.820959e+01  1.719796e+00  1.150000e+01
      vertex  1.809122e+01  1.627664e+00  1.150000e+01
      vertex  1.846253e+01  1.332653e+00  1.150000e+01
    endloop
  endfacet
  facet normal  0.000000e+00  0.000000e+00  1.000000e+00
    outer loop
      vertex  1.846253e+01  1.332653e+00  1.150000e+01
      vertex  1.809122e+01  1.627664e+00  1.150000e+01
      vertex  1.833060e+01  1.261261e+00  1.150000e+01
    endloop
  endfacet
  facet normal  -0.000000e+00  0.000000e+00  1.000000e+00
    outer loop
      vertex  1.846253e+01  1.332653e+00  1.150000e+01
      vertex  1.833060e+01  1.261261e+00  1.150000e+01
      vertex  1.864829e+01  9.091585e-01  1.150000e+01
    endloop
  endfacet
  facet normal  0.000000e+00  0.000000e+00  1.000000e+00
    outer loop
      vertex  1.864829e+01  9.091585e-01  1.150000e+01
      vertex  1.833060e+01  1.261261e+00  1.150000e+01
      vertex  1.850642e+01  8.604536e-01  1.150000e+01
    endloop
  endfacet
  facet normal  -0.000000e+00  0.000000e+00  1.000000e+00
    outer loop
      vertex  1.864829e+01  9.091585e-01  1.150000e+01
      vertex  1.850642e+01  8.604536e-01  1.150000e+01
      vertex  1.876181e+01  4.608648e-01  1.150000e+01
    endloop
  endfacet
  facet normal  0.000000e+00  0.000000e+00  1.000000e+00
    outer loop
      vertex  1.876181e+01  4.608648e-01  1.150000e+01
      vertex  1.850642e+01  8.604536e-01  1.150000e+01
      vertex  1.861386e+01  4.361757e-01  1.150000e+01
    endloop
  endfacet
  facet normal  -0.000000e+00  0.000000e+00  1.000000e+00
    outer loop
      vertex  1.876181e+01  4.608648e-01  1.150000e+01
      vertex  1.861386e+01  4.361757e-01  1.150000e+01
      vertex  1.880000e+01  0.000000e+00  1.150000e+01
    endloop
  endfacet
  facet normal  0.000000e+00  0.000000e+00  1.000000e+00
    outer loop
      vertex  1.880000e+01  0.000000e+00  1.150000e+01
      vertex  1.861386e+01  4.361757e-01  1.150000e+01
      vertex  1.865000e+01  0.000000e+00  1.150000e+01
    endloop
  endfacet
  facet normal  -0.000000e+00  0.000000e+00  1.000000e+00
    outer loop
      vertex  1.880000e+01  0.000000e+00  1.150000e+01
      vertex  1.865000e+01  0.000000e+00  1.150000e+01
      vertex  1.876181e+01 -4.608648e-01  1.150000e+01
    endloop
  endfacet
  facet normal  0.000000e+00  0.000000e+00  9.999999e-01
    outer loop
      vertex  1.876181e+01 -4.608648e-01  1.150000e+01
      vertex  1.865000e+01  0.000000e+00  1.150000e+01
      vertex  1.861386e+01 -4.361757e-01  1.150000e+01
    endloop
  endfacet
  facet normal  0.000000e+00  0.000000e+00  1.000000e+00
    outer loop
      vertex  1.876181e+01 -4.608648e-01  1.150000e+01
      vertex  1.861386e+01 -4.361757e-01  1.150000e+01
      vertex  1.864829e+01 -9.091585e-01  1.150000e+01
    endloop
  endfacet
  facet normal  0.000000e+00  0.000000e+00  1.000000e+00
    outer loop
      vertex  1.864829e+01 -9.091585e-01  1.150000e+01
      vertex  1.861386e+01 -4.361757e-01  1.150000e+01
      vertex  1.850642e+01 -8.604536e-01  1.150000e+01
    endloop
  endfacet
  facet normal  0.000000e+00  0.000000e+00  1.000000e+00
    outer loop
      vertex  1.864829e+01 -9.091585e-01  1.150000e+01
      vertex  1.850642e+01 -8.604536e-01  1.150000e+01
      vertex  1.846253e+01 -1.332653e+00  1.150000e+01
    endloop
  endfacet
  facet normal  0.000000e+00  -0.000000e+00  1.000000e+00
    outer loop
      vertex  1.846253e+01 -1.332653e+00  1.150000e+01
      vertex  1.850642e+01 -8.604536e-01  1.150000e+01
      vertex  1.833060e+01 -1.261261e+00  1.150000e+01
    endloop
  endfacet
  facet normal  0.000000e+00  0.000000e+00  1.000000e+00
    outer loop
      vertex  1.846253e+01 -1.332653e+00  1.150000e+01
      vertex  1.833060e+01 -1.261261e+00  1.150000e+01
      vertex  1.820959e+01 -1.719796e+00  1.150000e+01
    endloop
  endfacet
  facet normal  0.000000e+00  -0.000000e+00  1.000000e+00
    outer loop
      vertex  1.820959e+01 -1.719796e+00  1.150000e+01
      vertex  1.833060e+01 -1.261261e+00  1.150000e+01
      vertex  1.809122e+01 -1.627664e+00  1.150000e+01
    endloop
  endfacet
  facet normal  0.000000e+00  0.000000e+00  1.000000e+00
    outer loop
      vertex  1.820959e+01 -1.719796e+00  1.150000e+01
      vertex  1.809122e+01 -1.627664e+00  1.150000e+01
      vertex  1.789639e+01 -2.060027e+00  1.150000e+01
    endloop
  endfacet
  facet normal  0.000000e+00  -0.000000e+00  1.000000e+00
    outer loop
      vertex  1.789639e+01 -2.060027e+00  1.150000e+01
      vertex  1.809122e+01 -1.627664e+00  1.150000e+01
      vertex  1.779480e+01 -1.949668e+00  1.150000e+01
    endloop
  endfacet
  facet normal  0.000000e+00  0.000000e+00  1.000000e+00
    outer loop
      vertex  1.789639e+01 -2.060027e+00  1.150000e+01
      vertex  1.779480e+01 -1.949668e+00  1.150000e+01
      vertex  1.753145e+01 -2.344066e+00  1.150000e+01
    endloop
  endfacet
  facet normal  0.000000e+00  -0.000000e+00  1.000000e+00
    outer loop
      vertex  1.753145e+01 -2.344066e+00  1.150000e+01
      vertex  1.779480e+01 -1.949668e+00  1.150000e+01
      vertex  1.744941e+01 -2.218491e+00  1.150000e+01
    endloop
  endfacet
  facet normal  0.000000e+00  0.000000e+00  1.000000e+00
    outer loop
      vertex  1.753145e+01 -2.344066e+00  1.150000e+01
      vertex  1.744941e+01 -2.218491e+00  1.150000e+01
      vertex  1.706449e+01 -2.426799e+00  1.150000e+01
    endloop
  endfacet
  facet normal  -0.000000e+00  0.000000e+00  1.000000e+00
    outer loop
      vertex  1.753145e+01 -2.344066e+00  1.150000e+01
      vertex  1.706449e+01 -2.426799e+00  1.150000e+01
      vertex  1.712475e+01 -2.564165e+00  1.150000e+01
    endloop
  endfacet
  facet normal  0.000000e+00  0.000000e+00  1.000000e+00
    outer loop
      vertex  1.712475e+01 -2.564165e+00  1.150000e+01
      vertex  1.706449e+01 -2.426799e+00  1.150000e+01
      vertex  1.665054e+01 -2.568911e+00  1.150000e+01
    endloop
  endfacet
  facet normal  -0.000000e+00  0.000000e+00  9.999999e-01
    outer loop
      vertex  1.712475e+01 -2.564165e+00  1.150000e+01
      vertex  1.665054e+01 -2.568911e+00  1.150000e+01
      vertex  1.668736e+01 -2.714321e+00  1.150000e+01
    endloop
  endfacet
  facet normal  0.000000e+00  0.000000e+00  1.000000e+00
    outer loop
      vertex  1.668736e+01 -2.714321e+00  1.150000e+01
      vertex  1.665054e+01 -2.568911e+00  1.150000e+01
      vertex  1.621884e+01 -2.640949e+00  1.150000e+01
    endloop
  endfacet
  facet normal  0.000000e+00  0.000000e+00  1.000000e+00
    outer loop
      vertex  1.561425e-16  2.550000e+00  1.150000e+01
      vertex -6.873594e-01  2.714321e+00  1.150000e+01
      vertex -1.124747e+00  2.564165e+00  1.150000e+01
    endloop
  endfacet
  facet normal  -0.000000e+00  0.000000e+00  1.000000e+00
    outer loop
      vertex -1.275000e+00  2.208365e+00  1.150000e+01
      vertex -1.896388e+00  2.060027e+00  1.150000e+01
      vertex -1.639108e+00  1.953413e+00  1.150000e+01
    endloop
  endfacet
  facet normal  -0.000000e+00  0.000000e+00  1.000000e+00
    outer loop
      vertex  1.124747e+00  2.564165e+00  1.150000e+01
      vertex  1.561425e-16  2.550000e+00  1.150000e+01
      vertex  4.428028e-01  2.511260e+00  1.150000e+01
    endloop
  endfacet
  facet normal  0.000000e+00  0.000000e+00  1.000000e+00
    outer loop
      vertex -1.124747e+00 -2.564165e+00  1.150000e+01
      vertex -4.684274e-16 -2.550000e+00  1.150000e+01
      vertex -4.428028e-01 -2.511260e+00  1.150000e+01
    endloop
  endfacet
  facet normal  0.000000e+00  0.000000e+00  1.000000e+00
    outer loop
      vertex -1.124747e+00 -2.564165e+00  1.150000e+01
      vertex -4.428028e-01 -2.511260e+00  1.150000e+01
      vertex -8.721514e-01 -2.396216e+00  1.150000e+01
    endloop
  endfacet
  facet normal  0.000000e+00  0.000000e+00  1.000000e+00
    outer loop
      vertex -1.124747e+00 -2.564165e+00  1.150000e+01
      vertex -8.721514e-01 -2.396216e+00  1.150000e+01
      vertex -1.531455e+00 -2.344066e+00  1.150000e+01
    endloop
  endfacet
  facet normal  0.000000e+00  0.000000e+00  1.000000e+00
    outer loop
      vertex  6.873594e-01 -2.714321e+00  1.150000e+01
      vertex  1.124747e+00 -2.564165e+00  1.150000e+01
      vertex  2.312222e-01 -2.790437e+00  1.150000e+01
    endloop
  endfacet
  facet normal  0.000000e+00  -0.000000e+00  1.000000e+00
    outer loop
      vertex  2.312222e-01 -2.790437e+00  1.150000e+01
      vertex  1.124747e+00 -2.564165e+00  1.150000e+01
      vertex -4.684274e-16 -2.550000e+00  1.150000e+01
    endloop
  endfacet
  facet normal  0.000000e+00  0.000000e+00  1.000000e+00
    outer loop
      vertex  2.312222e-01 -2.790437e+00  1.150000e+01
      vertex -4.684274e-16 -2.550000e+00  1.150000e+01
      vertex -2.312222e-01 -2.790437e+00  1.150000e+01
    endloop
  endfacet
  facet normal  0.000000e+00  -0.000000e+00  1.000000e+00
    outer loop
      vertex -2.312222e-01 -2.790437e+00  1.150000e+01
      vertex -4.684274e-16 -2.550000e+00  1.150000e+01
      vertex -1.124747e+00 -2.564165e+00  1.150000e+01
    endloop
  endfacet
  facet normal  0.000000e+00  0.000000e+00  1.000000e+00
    outer loop
      vertex -2.312222e-01 -2.790437e+00  1.150000e+01
      vertex -1.124747e+00 -2.564165e+00  1.150000e+01
      vertex -6.873594e-01 -2.714321e+00  1.150000e+01
    endloop
  endfacet
  facet normal  0.000000e+00  0.000000e+00  1.000000e+00
    outer loop
      vertex  1.124747e+00  2.564165e+00  1.150000e+01
      vertex  6.873594e-01  2.714321e+00  1.150000e+01
      vertex  1.561425e-16  2.550000e+00  1.150000e+01
    endloop
  endfacet
  facet normal  0.000000e+00  0.000000e+00  1.000000e+00
    outer loop
      vertex  1.561425e-16  2.550000e+00  1.150000e+01
      vertex  6.873594e-01  2.714321e+00  1.150000e+01
      vertex  2.312222e-01  2.790437e+00  1.150000e+01
    endloop
  endfacet
  facet normal  0.000000e+00  0.000000e+00  1.000000e+00
    outer loop
      vertex  1.561425e-16  2.550000e+00  1.150000e+01
      vertex  2.312222e-01  2.790437e+00  1.150000e+01
      vertex -6.873594e-01  2.714321e+00  1.150000e+01
    endloop
  endfacet
  facet normal  0.000000e+00  0.000000e+00  1.000000e+00
    outer loop
      vertex -6.873594e-01  2.714321e+00  1.150000e+01
      vertex  2.312222e-01  2.790437e+00  1.150000e+01
      vertex -2.312222e-01  2.790437e+00  1.150000e+01
    endloop
  endfacet
  facet normal  0.000000e+00  0.000000e+00  1.000000e+00
    outer loop
      vertex -1.896388e+00  2.060027e+00  1.150000e+01
      vertex -1.275000e+00  2.208365e+00  1.150000e+01
      vertex -1.531455e+00  2.344066e+00  1.150000e+01
    endloop
  endfacet
  facet normal  -0.000000e+00  0.000000e+00  1.000000e+00
    outer loop
      vertex -1.531455e+00  2.344066e+00  1.150000e+01
      vertex -1.275000e+00  2.208365e+00  1.150000e+01
      vertex -8.721514e-01  2.396216e+00  1.150000e+01
    endloop
  endfacet
  facet normal  0.000000e+00  0.000000e+00  1.000000e+00
    outer loop
      vertex -1.531455e+00  2.344066e+00  1.150000e+01
      vertex -8.721514e-01  2.396216e+00  1.150000e+01
      vertex -1.124747e+00  2.564165e+00  1.150000e+01
    endloop
  endfacet
  facet normal  0.000000e+00  0.000000e+00  9.999999e-01
    outer loop
      vertex -1.124747e+00  2.564165e+00  1.150000e+01
      vertex -8.721514e-01  2.396216e+00  1.150000e+01
      vertex -4.428028e-01  2.511260e+00  1.150000e+01
    endloop
  endfacet
  facet normal  0.000000e+00  -0.000000e+00  1.000000e+00
    outer loop
      vertex -1.124747e+00  2.564165e+00  1.150000e+01
      vertex -4.428028e-01  2.511260e+00  1.150000e+01
      vertex  1.561425e-16  2.550000e+00  1.150000e+01
    endloop
  endfacet
  facet normal  0.000000e+00  0.000000e+00  1.000000e+00
    outer loop
      vertex -1.639108e+00  1.953413e+00  1.150000e+01
      vertex -1.896388e+00  2.060027e+00  1.150000e+01
      vertex -1.953413e+00  1.639108e+00  1.150000e+01
    endloop
  endfacet
  facet normal  0.000000e+00  -0.000000e+00  1.000000e+00
    outer loop
      vertex -1.953413e+00  1.639108e+00  1.150000e+01
      vertex -1.896388e+00  2.060027e+00  1.150000e+01
      vertex -2.209594e+00  1.719796e+00  1.150000e+01
    endloop
  endfacet
  facet normal  0.000000e+00  0.000000e+00  1.000000e+00
    outer loop
      vertex -1.953413e+00  1.639108e+00  1.150000e+01
      vertex -2.209594e+00  1.719796e+00  1.150000e+01
      vertex -2.208365e+00  1.275000e+00  1.150000e+01
    endloop
  endfacet
  facet normal  0.000000e+00  0.000000e+00  1.000000e+00
    outer loop
      vertex -2.208365e+00  1.275000e+00  1.150000e+01
      vertex -2.209594e+00  1.719796e+00  1.150000e+01
      vertex -2.462527e+00  1.332653e+00  1.150000e+01
    endloop
  endfacet
  facet normal  0.000000e+00  0.000000e+00  1.000000e+00
    outer loop
      vertex -2.208365e+00  1.275000e+00  1.150000e+01
      vertex -2.462527e+00  1.332653e+00  1.150000e+01
      vertex -2.396216e+00  8.721514e-01  1.150000e+01
    endloop
  endfacet
  facet normal  0.000000e+00  0.000000e+00  1.000000e+00
    outer loop
      vertex -2.396216e+00  8.721514e-01  1.150000e+01
      vertex -2.462527e+00  1.332653e+00  1.150000e+01
      vertex -2.648288e+00  9.091585e-01  1.150000e+01
    endloop
  endfacet
  facet normal  0.000000e+00  0.000000e+00  9.999999e-01
    outer loop
      vertex -2.396216e+00  8.721514e-01  1.150000e+01
      vertex -2.648288e+00  9.091585e-01  1.150000e+01
      vertex -2.511260e+00  4.428028e-01  1.150000e+01
    endloop
  endfacet
  facet normal  0.000000e+00  0.000000e+00  1.000000e+00
    outer loop
      vertex -2.511260e+00  4.428028e-01  1.150000e+01
      vertex -2.648288e+00  9.091585e-01  1.150000e+01
      vertex -2.761812e+00  4.608648e-01  1.150000e+01
    endloop
  endfacet
  facet normal  0.000000e+00  0.000000e+00  1.000000e+00
    outer loop
      vertex -2.511260e+00  4.428028e-01  1.150000e+01
      vertex -2.761812e+00  4.608648e-01  1.150000e+01
      vertex -2.550000e+00  3.122849e-16  1.150000e+01
    endloop
  endfacet
  facet normal  0.000000e+00  0.000000e+00  1.000000e+00
    outer loop
      vertex -2.550000e+00  3.122849e-16  1.150000e+01
      vertex -2.761812e+00  4.608648e-01  1.150000e+01
      vertex -2.800000e+00  3.429011e-16  1.150000e+01
    endloop
  endfacet
  facet normal  0.000000e+00  0.000000e+00  9.999999e-01
    outer loop
      vertex -2.550000e+00  3.122849e-16  1.150000e+01
      vertex -2.800000e+00  3.429011e-16  1.150000e+01
      vertex -2.511260e+00 -4.428028e-01  1.150000e+01
    endloop
  endfacet
  facet normal  0.000000e+00  0.000000e+00  9.999999e-01
    outer loop
      vertex -2.511260e+00 -4.428028e-01  1.150000e+01
      vertex -2.800000e+00  3.429011e-16  1.150000e+01
      vertex -2.761812e+00 -4.608648e-01  1.150000e+01
    endloop
  endfacet
  facet normal  -0.000000e+00  0.000000e+00  9.999999e-01
    outer loop
      vertex -2.511260e+00 -4.428028e-01  1.150000e+01
      vertex -2.761812e+00 -4.608648e-01  1.150000e+01
      vertex -2.396216e+00 -8.721514e-01  1.150000e+01
    endloop
  endfacet
  facet normal  0.000000e+00  0.000000e+00  1.000000e+00
    outer loop
      vertex -2.396216e+00 -8.721514e-01  1.150000e+01
      vertex -2.761812e+00 -4.608648e-01  1.150000e+01
      vertex -2.648288e+00 -9.091585e-01  1.150000e+01
    endloop
  endfacet
  facet normal  -0.000000e+00  0.000000e+00  9.999999e-01
    outer loop
      vertex -2.396216e+00 -8.721514e-01  1.150000e+01
      vertex -2.648288e+00 -9.091585e-01  1.150000e+01
      vertex -2.208365e+00 -1.275000e+00  1.150000e+01
    endloop
  endfacet
  facet normal  0.000000e+00  0.000000e+00  1.000000e+00
    outer loop
      vertex -2.208365e+00 -1.275000e+00  1.150000e+01
      vertex -2.648288e+00 -9.091585e-01  1.150000e+01
      vertex -2.462527e+00 -1.332653e+00  1.150000e+01
    endloop
  endfacet
  facet normal  -0.000000e+00  0.000000e+00  1.000000e+00
    outer loop
      vertex -2.208365e+00 -1.275000e+00  1.150000e+01
      vertex -2.462527e+00 -1.332653e+00  1.150000e+01
      vertex -1.953413e+00 -1.639108e+00  1.150000e+01
    endloop
  endfacet
  facet normal  0.000000e+00  0.000000e+00  1.000000e+00
    outer loop
      vertex -1.953413e+00 -1.639108e+00  1.150000e+01
      vertex -2.462527e+00 -1.332653e+00  1.150000e+01
      vertex -2.209594e+00 -1.719796e+00  1.150000e+01
    endloop
  endfacet
  facet normal  -0.000000e+00  0.000000e+00  1.000000e+00
    outer loop
      vertex -1.953413e+00 -1.639108e+00  1.150000e+01
      vertex -2.209594e+00 -1.719796e+00  1.150000e+01
      vertex -1.639108e+00 -1.953413e+00  1.150000e+01
    endloop
  endfacet
  facet normal  0.000000e+00  0.000000e+00  1.000000e+00
    outer loop
      vertex -1.639108e+00 -1.953413e+00  1.150000e+01
      vertex -2.209594e+00 -1.719796e+00  1.150000e+01
      vertex -1.896388e+00 -2.060027e+00  1.150000e+01
    endloop
  endfacet
  facet normal  -0.000000e+00  0.000000e+00  1.000000e+00
    outer loop
      vertex -1.639108e+00 -1.953413e+00  1.150000e+01
      vertex -1.896388e+00 -2.060027e+00  1.150000e+01
      vertex -1.275000e+00 -2.208365e+00  1.150000e+01
    endloop
  endfacet
  facet normal  0.000000e+00  0.000000e+00  1.000000e+00
    outer loop
      vertex -1.275000e+00 -2.208365e+00  1.150000e+01
      vertex -1.896388e+00 -2.060027e+00  1.150000e+01
      vertex -1.531455e+00 -2.344066e+00  1.150000e+01
    endloop
  endfacet
  facet normal  -0.000000e+00  0.000000e+00  1.000000e+00
    outer loop
      vertex -1.275000e+00 -2.208365e+00  1.150000e+01
      vertex -1.531455e+00 -2.344066e+00  1.150000e+01
      vertex -8.721514e-01 -2.396216e+00  1.150000e+01
    endloop
  endfacet
  facet normal  -0.000000e+00  0.000000e+00  1.000000e+00
    outer loop
      vertex  1.124747e+00  2.564165e+00  1.150000e+01
      vertex  4.428028e-01  2.511260e+00  1.150000e+01
      vertex  1.531455e+00  2.344066e+00  1.150000e+01
    endloop
  endfacet
  facet normal  0.000000e+00  0.000000e+00  9.999999e-01
    outer loop
      vertex  1.531455e+00  2.344066e+00  1.150000e+01
      vertex  4.428028e-01  2.511260e+00  1.150000e+01
      vertex  8.721514e-01  2.396216e+00  1.150000e+01
    endloop
  endfacet
  facet normal  0.000000e+00  0.000000e+00  1.000000e+00
    outer loop
      vertex  1.531455e+00  2.344066e+00  1.150000e+01
      vertex  8.721514e-01  2.396216e+00  1.150000e+01
      vertex  1.896388e+00  2.060027e+00  1.150000e+01
    endloop
  endfacet
  facet normal  0.000000e+00  0.000000e+00  1.000000e+00
    outer loop
      vertex  1.896388e+00  2.060027e+00  1.150000e+01
      vertex  8.721514e-01  2.396216e+00  1.150000e+01
      vertex  1.275000e+00  2.208365e+00  1.150000e+01
    endloop
  endfacet
  facet normal  0.000000e+00  0.000000e+00  1.000000e+00
    outer loop
      vertex  1.896388e+00  2.060027e+00  1.150000e+01
      vertex  1.275000e+00  2.208365e+00  1.150000e+01
      vertex  1.639108e+00  1.953413e+00  1.150000e+01
    endloop
  endfacet
  facet normal  -0.000000e+00  0.000000e+00  1.000000e+00
    outer loop
      vertex  1.896388e+00  2.060027e+00  1.150000e+01
      vertex  1.639108e+00  1.953413e+00  1.150000e+01
      vertex  2.209594e+00  1.719796e+00  1.150000e+01
    endloop
  endfacet
  facet normal  0.000000e+00  0.000000e+00  1.000000e+00
    outer loop
      vertex  2.209594e+00  1.719796e+00  1.150000e+01
      vertex  1.639108e+00  1.953413e+00  1.150000e+01
      vertex  1.953413e+00  1.639108e+00  1.150000e+01
    endloop
  endfacet
  facet normal  -0.000000e+00  0.000000e+00  1.000000e+00
    outer loop
      vertex  2.209594e+00  1.719796e+00  1.150000e+01
      vertex  1.953413e+00  1.639108e+00  1.150000e+01
      vertex  2.462527e+00  1.332653e+00  1.150000e+01
    endloop
  endfacet
  facet normal  0.000000e+00  0.000000e+00  1.000000e+00
    outer loop
      vertex  2.462527e+00  1.332653e+00  1.150000e+01
      vertex  1.953413e+00  1.639108e+00  1.150000e+01
      vertex  2.208365e+00  1.275000e+00  1.150000e+01
    endloop
  endfacet
  facet normal  -0.000000e+00  0.000000e+00  1.000000e+00
    outer loop
      vertex  2.462527e+00  1.332653e+00  1.150000e+01
      vertex  2.208365e+00  1.275000e+00  1.150000e+01
      vertex  2.648288e+00  9.091585e-01  1.150000e+01
    endloop
  endfacet
  facet normal  0.000000e+00  0.000000e+00  9.999999e-01
    outer loop
      vertex  2.648288e+00  9.091585e-01  1.150000e+01
      vertex  2.208365e+00  1.275000e+00  1.150000e+01
      vertex  2.396216e+00  8.721514e-01  1.150000e+01
    endloop
  endfacet
  facet normal  -0.000000e+00  0.000000e+00  1.000000e+00
    outer loop
      vertex  2.648288e+00  9.091585e-01  1.150000e+01
      vertex  2.396216e+00  8.721514e-01  1.150000e+01
      vertex  2.761812e+00  4.608648e-01  1.150000e+01
    endloop
  endfacet
  facet normal  0.000000e+00  0.000000e+00  9.999999e-01
    outer loop
      vertex  2.761812e+00  4.608648e-01  1.150000e+01
      vertex  2.396216e+00  8.721514e-01  1.150000e+01
      vertex  2.511260e+00  4.428028e-01  1.150000e+01
    endloop
  endfacet
  facet normal  -0.000000e+00  0.000000e+00  9.999999e-01
    outer loop
      vertex  2.761812e+00  4.608648e-01  1.150000e+01
      vertex  2.511260e+00  4.428028e-01  1.150000e+01
      vertex  2.800000e+00  0.000000e+00  1.150000e+01
    endloop
  endfacet
  facet normal  0.000000e+00  0.000000e+00  9.999999e-01
    outer loop
      vertex  2.800000e+00  0.000000e+00  1.150000e+01
      vertex  2.511260e+00  4.428028e-01  1.150000e+01
      vertex  2.550000e+00  0.000000e+00  1.150000e+01
    endloop
  endfacet
  facet normal  -0.000000e+00  0.000000e+00  1.000000e+00
    outer loop
      vertex  2.800000e+00  0.000000e+00  1.150000e+01
      vertex  2.550000e+00  0.000000e+00  1.150000e+01
      vertex  2.761812e+00 -4.608648e-01  1.150000e+01
    endloop
  endfacet
  facet normal  0.000000e+00  0.000000e+00  1.000000e+00
    outer loop
      vertex  2.761812e+00 -4.608648e-01  1.150000e+01
      vertex  2.550000e+00  0.000000e+00  1.150000e+01
      vertex  2.511260e+00 -4.428028e-01  1.150000e+01
    endloop
  endfacet
  facet normal  0.000000e+00  0.000000e+00  1.000000e+00
    outer loop
      vertex  2.761812e+00 -4.608648e-01  1.150000e+01
      vertex  2.511260e+00 -4.428028e-01  1.150000e+01
      vertex  2.648288e+00 -9.091585e-01  1.150000e+01
    endloop
  endfacet
  facet normal  0.000000e+00  0.000000e+00  9.999999e-01
    outer loop
      vertex  2.648288e+00 -9.091585e-01  1.150000e+01
      vertex  2.511260e+00 -4.428028e-01  1.150000e+01
      vertex  2.396216e+00 -8.721514e-01  1.150000e+01
    endloop
  endfacet
  facet normal  0.000000e+00  0.000000e+00  1.000000e+00
    outer loop
      vertex  2.648288e+00 -9.091585e-01  1.150000e+01
      vertex  2.396216e+00 -8.721514e-01  1.150000e+01
      vertex  2.462527e+00 -1.332653e+00  1.150000e+01
    endloop
  endfacet
  facet normal  0.000000e+00  0.000000e+00  1.000000e+00
    outer loop
      vertex  2.462527e+00 -1.332653e+00  1.150000e+01
      vertex  2.396216e+00 -8.721514e-01  1.150000e+01
      vertex  2.208365e+00 -1.275000e+00  1.150000e+01
    endloop
  endfacet
  facet normal  0.000000e+00  0.000000e+00  1.000000e+00
    outer loop
      vertex  2.462527e+00 -1.332653e+00  1.150000e+01
      vertex  2.208365e+00 -1.275000e+00  1.150000e+01
      vertex  2.209594e+00 -1.719796e+00  1.150000e+01
    endloop
  endfacet
  facet normal  0.000000e+00  0.000000e+00  1.000000e+00
    outer loop
      vertex  2.209594e+00 -1.719796e+00  1.150000e+01
      vertex  2.208365e+00 -1.275000e+00  1.150000e+01
      vertex  1.953413e+00 -1.639108e+00  1.150000e+01
    endloop
  endfacet
  facet normal  0.000000e+00  0.000000e+00  1.000000e+00
    outer loop
      vertex  2.209594e+00 -1.719796e+00  1.150000e+01
      vertex  1.953413e+00 -1.639108e+00  1.150000e+01
      vertex  1.896388e+00 -2.060027e+00  1.150000e+01
    endloop
  endfacet
  facet normal  0.000000e+00  -0.000000e+00  1.000000e+00
    outer loop
      vertex  1.896388e+00 -2.060027e+00  1.150000e+01
      vertex  1.953413e+00 -1.639108e+00  1.150000e+01
      vertex  1.639108e+00 -1.953413e+00  1.150000e+01
    endloop
  endfacet
  facet normal  0.000000e+00  0.000000e+00  1.000000e+00
    outer loop
      vertex  1.896388e+00 -2.060027e+00  1.150000e+01
      vertex  1.639108e+00 -1.953413e+00  1.150000e+01
      vertex  1.531455e+00 -2.344066e+00  1.150000e+01
    endloop
  endfacet
  facet normal  0.000000e+00  -0.000000e+00  9.999999e-01
    outer loop
      vertex  1.531455e+00 -2.344066e+00  1.150000e+01
      vertex  1.639108e+00 -1.953413e+00  1.150000e+01
      vertex  1.275000e+00 -2.208365e+00  1.150000e+01
    endloop
  endfacet
  facet normal  0.000000e+00  0.000000e+00  1.000000e+00
    outer loop
      vertex  1.531455e+00 -2.344066e+00  1.150000e+01
      vertex  1.275000e+00 -2.208365e+00  1.150000e+01
      vertex  8.721514e-01 -2.396216e+00  1.150000e+01
    endloop
  endfacet
  facet normal  -0.000000e+00  0.000000e+00  1.000000e+00
    outer loop
      vertex  1.531455e+00 -2.344066e+00  1.150000e+01
      vertex  8.721514e-01 -2.396216e+00  1.150000e+01
      vertex  1.124747e+00 -2.564165e+00  1.150000e+01
    endloop
  endfacet
  facet normal  0.000000e+00  0.000000e+00  9.999999e-01
    outer loop
      vertex  1.124747e+00 -2.564165e+00  1.150000e+01
      vertex  8.721514e-01 -2.396216e+00  1.150000e+01
      vertex  4.428028e-01 -2.511260e+00  1.150000e+01
    endloop
  endfacet
  facet normal  0.000000e+00  0.000000e+00  1.000000e+00
    outer loop
      vertex  1.124747e+00 -2.564165e+00  1.150000e+01
      vertex  4.428028e-01 -2.511260e+00  1.150000e+01
      vertex -4.684274e-16 -2.550000e+00  1.150000e+01
    endloop
  endfacet
  facet normal  0.000000e+00  0.000000e+00  1.000000e+00
    outer loop
      vertex -1.600000e+01  2.450000e+00  1.150000e+01
      vertex -1.668736e+01  2.714321e+00  1.150000e+01
      vertex -1.712475e+01  2.564165e+00  1.150000e+01
    endloop
  endfacet
  facet normal  -0.000000e+00  0.000000e+00  1.000000e+00
    outer loop
      vertex -1.757483e+01  1.876809e+00  1.150000e+01
      vertex -1.820959e+01  1.719796e+00  1.150000e+01
      vertex -1.787681e+01  1.574830e+00  1.150000e+01
    endloop
  endfacet
  facet normal  -0.000000e+00  0.000000e+00  1.000000e+00
    outer loop
      vertex -1.487525e+01  2.564165e+00  1.150000e+01
      vertex -1.600000e+01  2.450000e+00  1.150000e+01
      vertex -1.557456e+01  2.412779e+00  1.150000e+01
    endloop
  endfacet
  facet normal  0.000000e+00  0.000000e+00  1.000000e+00
    outer loop
      vertex -1.531264e+01 -2.714321e+00  1.150000e+01
      vertex -1.487525e+01 -2.564165e+00  1.150000e+01
      vertex -1.576878e+01 -2.790437e+00  1.150000e+01
    endloop
  endfacet
  facet normal  0.000000e+00  -0.000000e+00  1.000000e+00
    outer loop
      vertex -1.576878e+01 -2.790437e+00  1.150000e+01
      vertex -1.487525e+01 -2.564165e+00  1.150000e+01
      vertex -1.600000e+01 -2.450000e+00  1.150000e+01
    endloop
  endfacet
  facet normal  0.000000e+00  0.000000e+00  1.000000e+00
    outer loop
      vertex -1.576878e+01 -2.790437e+00  1.150000e+01
      vertex -1.600000e+01 -2.450000e+00  1.150000e+01
      vertex -1.623122e+01 -2.790437e+00  1.150000e+01
    endloop
  endfacet
  facet normal  0.000000e+00  -0.000000e+00  1.000000e+00
    outer loop
      vertex -1.623122e+01 -2.790437e+00  1.150000e+01
      vertex -1.600000e+01 -2.450000e+00  1.150000e+01
      vertex -1.712475e+01 -2.564165e+00  1.150000e+01
    endloop
  endfacet
  facet normal  0.000000e+00  0.000000e+00  1.000000e+00
    outer loop
      vertex -1.623122e+01 -2.790437e+00  1.150000e+01
      vertex -1.712475e+01 -2.564165e+00  1.150000e+01
      vertex -1.668736e+01 -2.714321e+00  1.150000e+01
    endloop
  endfacet
  facet normal  0.000000e+00  0.000000e+00  1.000000e+00
    outer loop
      vertex -1.487525e+01  2.564165e+00  1.150000e+01
      vertex -1.531264e+01  2.714321e+00  1.150000e+01
      vertex -1.600000e+01  2.450000e+00  1.150000e+01
    endloop
  endfacet
  facet normal  0.000000e+00  0.000000e+00  1.000000e+00
    outer loop
      vertex -1.600000e+01  2.450000e+00  1.150000e+01
      vertex -1.531264e+01  2.714321e+00  1.150000e+01
      vertex -1.576878e+01  2.790437e+00  1.150000e+01
    endloop
  endfacet
  facet normal  0.000000e+00  0.000000e+00  1.000000e+00
    outer loop
      vertex -1.600000e+01  2.450000e+00  1.150000e+01
      vertex -1.576878e+01  2.790437e+00  1.150000e+01
      vertex -1.668736e+01  2.714321e+00  1.150000e+01
    endloop
  endfacet
  facet normal  0.000000e+00  0.000000e+00  1.000000e+00
    outer loop
      vertex -1.668736e+01  2.714321e+00  1.150000e+01
      vertex -1.576878e+01  2.790437e+00  1.150000e+01
      vertex -1.623122e+01  2.790437e+00  1.150000e+01
    endloop
  endfacet
  facet normal  0.000000e+00  0.000000e+00  1.000000e+00
    outer loop
      vertex -1.820959e+01  1.719796e+00  1.150000e+01
      vertex -1.757483e+01  1.876809e+00  1.150000e+01
      vertex -1.789639e+01  2.060027e+00  1.150000e+01
    endloop
  endfacet
  facet normal  -0.000000e+00  0.000000e+00  9.999999e-01
    outer loop
      vertex -1.789639e+01  2.060027e+00  1.150000e+01
      vertex -1.757483e+01  1.876809e+00  1.150000e+01
      vertex -1.722500e+01  2.121762e+00  1.150000e+01
    endloop
  endfacet
  facet normal  0.000000e+00  0.000000e+00  1.000000e+00
    outer loop
      vertex -1.789639e+01  2.060027e+00  1.150000e+01
      vertex -1.722500e+01  2.121762e+00  1.150000e+01
      vertex -1.753145e+01  2.344066e+00  1.150000e+01
    endloop
  endfacet
  facet normal  0.000000e+00  0.000000e+00  1.000000e+00
    outer loop
      vertex -1.753145e+01  2.344066e+00  1.150000e+01
      vertex -1.722500e+01  2.121762e+00  1.150000e+01
      vertex -1.683795e+01  2.302247e+00  1.150000e+01
    endloop
  endfacet
  facet normal  0.000000e+00  0.000000e+00  1.000000e+00
    outer loop
      vertex -1.753145e+01  2.344066e+00  1.150000e+01
      vertex -1.683795e+01  2.302247e+00  1.150000e+01
      vertex -1.712475e+01  2.564165e+00  1.150000e+01
    endloop
  endfacet
  facet normal  0.000000e+00  0.000000e+00  1.000000e+00
    outer loop
      vertex -1.712475e+01  2.564165e+00  1.150000e+01
      vertex -1.683795e+01  2.302247e+00  1.150000e+01
      vertex -1.642544e+01  2.412779e+00  1.150000e+01
    endloop
  endfacet
  facet normal  0.000000e+00  -0.000000e+00  9.999999e-01
    outer loop
      vertex -1.712475e+01  2.564165e+00  1.150000e+01
      vertex -1.642544e+01  2.412779e+00  1.150000e+01
      vertex -1.600000e+01  2.450000e+00  1.150000e+01
    endloop
  endfacet
  facet normal  0.000000e+00  0.000000e+00  9.999999e-01
    outer loop
      vertex -1.787681e+01  1.574830e+00  1.150000e+01
      vertex -1.820959e+01  1.719796e+00  1.150000e+01
      vertex -1.812176e+01  1.225000e+00  1.150000e+01
    endloop
  endfacet
  facet normal  0.000000e+00  0.000000e+00  1.000000e+00
    outer loop
      vertex -1.812176e+01  1.225000e+00  1.150000e+01
      vertex -1.820959e+01  1.719796e+00  1.150000e+01
      vertex -1.846253e+01  1.332653e+00  1.150000e+01
    endloop
  endfacet
  facet normal  0.000000e+00  0.000000e+00  1.000000e+00
    outer loop
      vertex -1.812176e+01  1.225000e+00  1.150000e+01
      vertex -1.846253e+01  1.332653e+00  1.150000e+01
      vertex -1.830225e+01  8.379493e-01  1.150000e+01
    endloop
  endfacet
  facet normal  0.000000e+00  0.000000e+00  9.999999e-01
    outer loop
      vertex -1.830225e+01  8.379493e-01  1.150000e+01
      vertex -1.846253e+01  1.332653e+00  1.150000e+01
      vertex -1.864829e+01  9.091585e-01  1.150000e+01
    endloop
  endfacet
  facet normal  0.000000e+00  0.000000e+00  1.000000e+00
    outer loop
      vertex -1.830225e+01  8.379493e-01  1.150000e+01
      vertex -1.864829e+01  9.091585e-01  1.150000e+01
      vertex -1.841278e+01  4.254380e-01  1.150000e+01
    endloop
  endfacet
  facet normal  0.000000e+00  0.000000e+00  1.000000e+00
    outer loop
      vertex -1.841278e+01  4.254380e-01  1.150000e+01
      vertex -1.864829e+01  9.091585e-01  1.150000e+01
      vertex -1.876181e+01  4.608648e-01  1.150000e+01
    endloop
  endfacet
  facet normal  0.000000e+00  0.000000e+00  1.000000e+00
    outer loop
      vertex -1.841278e+01  4.254380e-01  1.150000e+01
      vertex -1.876181e+01  4.608648e-01  1.150000e+01
      vertex -1.845000e+01  3.000385e-16  1.150000e+01
    endloop
  endfacet
  facet normal  0.000000e+00  0.000000e+00  1.000000e+00
    outer loop
      vertex -1.845000e+01  3.000385e-16  1.150000e+01
      vertex -1.876181e+01  4.608648e-01  1.150000e+01
      vertex -1.880000e+01  3.429011e-16  1.150000e+01
    endloop
  endfacet
  facet normal  0.000000e+00  0.000000e+00  1.000000e+00
    outer loop
      vertex -1.845000e+01  3.000385e-16  1.150000e+01
      vertex -1.880000e+01  3.429011e-16  1.150000e+01
      vertex -1.841278e+01 -4.254380e-01  1.150000e+01
    endloop
  endfacet
  facet normal  0.000000e+00  0.000000e+00  1.000000e+00
    outer loop
      vertex -1.841278e+01 -4.254380e-01  1.150000e+01
      vertex -1.880000e+01  3.429011e-16  1.150000e+01
      vertex -1.876181e+01 -4.608648e-01  1.150000e+01
    endloop
  endfacet
  facet normal  -0.000000e+00  0.000000e+00  1.000000e+00
    outer loop
      vertex -1.841278e+01 -4.254380e-01  1.150000e+01
      vertex -1.876181e+01 -4.608648e-01  1.150000e+01
      vertex -1.830225e+01 -8.379493e-01  1.150000e+01
    endloop
  endfacet
  facet normal  0.000000e+00  0.000000e+00  1.000000e+00
    outer loop
      vertex -1.830225e+01 -8.379493e-01  1.150000e+01
      vertex -1.876181e+01 -4.608648e-01  1.150000e+01
      vertex -1.864829e+01 -9.091585e-01  1.150000e+01
    endloop
  endfacet
  facet normal  -0.000000e+00  0.000000e+00  1.000000e+00
    outer loop
      vertex -1.830225e+01 -8.379493e-01  1.150000e+01
      vertex -1.864829e+01 -9.091585e-01  1.150000e+01
      vertex -1.812176e+01 -1.225000e+00  1.150000e+01
    endloop
  endfacet
  facet normal  0.000000e+00  0.000000e+00  1.000000e+00
    outer loop
      vertex -1.812176e+01 -1.225000e+00  1.150000e+01
      vertex -1.864829e+01 -9.091585e-01  1.150000e+01
      vertex -1.846253e+01 -1.332653e+00  1.150000e+01
    endloop
  endfacet
  facet normal  -0.000000e+00  0.000000e+00  1.000000e+00
    outer loop
      vertex -1.812176e+01 -1.225000e+00  1.150000e+01
      vertex -1.846253e+01 -1.332653e+00  1.150000e+01
      vertex -1.787681e+01 -1.574830e+00  1.150000e+01
    endloop
  endfacet
  facet normal  0.000000e+00  0.000000e+00  1.000000e+00
    outer loop
      vertex -1.787681e+01 -1.574830e+00  1.150000e+01
      vertex -1.846253e+01 -1.332653e+00  1.150000e+01
      vertex -1.820959e+01 -1.719796e+00  1.150000e+01
    endloop
  endfacet
  facet normal  -0.000000e+00  0.000000e+00  1.000000e+00
    outer loop
      vertex -1.787681e+01 -1.574830e+00  1.150000e+01
      vertex -1.820959e+01 -1.719796e+00  1.150000e+01
      vertex -1.757483e+01 -1.876809e+00  1.150000e+01
    endloop
  endfacet
  facet normal  0.000000e+00  0.000000e+00  1.000000e+00
    outer loop
      vertex -1.757483e+01 -1.876809e+00  1.150000e+01
      vertex -1.820959e+01 -1.719796e+00  1.150000e+01
      vertex -1.789639e+01 -2.060027e+00  1.150000e+01
    endloop
  endfacet
  facet normal  -0.000000e+00  0.000000e+00  9.999999e-01
    outer loop
      vertex -1.757483e+01 -1.876809e+00  1.150000e+01
      vertex -1.789639e+01 -2.060027e+00  1.150000e+01
      vertex -1.722500e+01 -2.121762e+00  1.150000e+01
    endloop
  endfacet
  facet normal  0.000000e+00  0.000000e+00  1.000000e+00
    outer loop
      vertex -1.722500e+01 -2.121762e+00  1.150000e+01
      vertex -1.789639e+01 -2.060027e+00  1.150000e+01
      vertex -1.683795e+01 -2.302247e+00  1.150000e+01
    endloop
  endfacet
  facet normal  0.000000e+00  0.000000e+00  1.000000e+00
    outer loop
      vertex -1.683795e+01 -2.302247e+00  1.150000e+01
      vertex -1.789639e+01 -2.060027e+00  1.150000e+01
      vertex -1.753145e+01 -2.344066e+00  1.150000e+01
    endloop
  endfacet
  facet normal  -0.000000e+00  0.000000e+00  1.000000e+00
    outer loop
      vertex -1.683795e+01 -2.302247e+00  1.150000e+01
      vertex -1.753145e+01 -2.344066e+00  1.150000e+01
      vertex -1.642544e+01 -2.412779e+00  1.150000e+01
    endloop
  endfacet
  facet normal  0.000000e+00  0.000000e+00  1.000000e+00
    outer loop
      vertex -1.642544e+01 -2.412779e+00  1.150000e+01
      vertex -1.753145e+01 -2.344066e+00  1.150000e+01
      vertex -1.712475e+01 -2.564165e+00  1.150000e+01
    endloop
  endfacet
  facet normal  0.000000e+00  0.000000e+00  9.999999e-01
    outer loop
      vertex -1.642544e+01 -2.412779e+00  1.150000e+01
      vertex -1.712475e+01 -2.564165e+00  1.150000e+01
      vertex -1.600000e+01 -2.450000e+00  1.150000e+01
    endloop
  endfacet
  facet normal  -0.000000e+00  0.000000e+00  1.000000e+00
    outer loop
      vertex -1.487525e+01  2.564165e+00  1.150000e+01
      vertex -1.557456e+01  2.412779e+00  1.150000e+01
      vertex -1.446854e+01  2.344066e+00  1.150000e+01
    endloop
  endfacet
  facet normal  0.000000e+00  0.000000e+00  1.000000e+00
    outer loop
      vertex -1.446854e+01  2.344066e+00  1.150000e+01
      vertex -1.557456e+01  2.412779e+00  1.150000e+01
      vertex -1.516205e+01  2.302247e+00  1.150000e+01
    endloop
  endfacet
  facet normal  -0.000000e+00  0.000000e+00  1.000000e+00
    outer loop
      vertex -1.446854e+01  2.344066e+00  1.150000e+01
      vertex -1.516205e+01  2.302247e+00  1.150000e+01
      vertex -1.410361e+01  2.060027e+00  1.150000e+01
    endloop
  endfacet
  facet normal  0.000000e+00  0.000000e+00  9.999999e-01
    outer loop
      vertex -1.410361e+01  2.060027e+00  1.150000e+01
      vertex -1.516205e+01  2.302247e+00  1.150000e+01
      vertex -1.477500e+01  2.121762e+00  1.150000e+01
    endloop
  endfacet
  facet normal  0.000000e+00  0.000000e+00  1.000000e+00
    outer loop
      vertex -1.410361e+01  2.060027e+00  1.150000e+01
      vertex -1.477500e+01  2.121762e+00  1.150000e+01
      vertex -1.379041e+01  1.719796e+00  1.150000e+01
    endloop
  endfacet
  facet normal  0.000000e+00  0.000000e+00  9.999999e-01
    outer loop
      vertex -1.379041e+01  1.719796e+00  1.150000e+01
      vertex -1.477500e+01  2.121762e+00  1.150000e+01
      vertex -1.442517e+01  1.876809e+00  1.150000e+01
    endloop
  endfacet
  facet normal  0.000000e+00  0.000000e+00  1.000000e+00
    outer loop
      vertex -1.379041e+01  1.719796e+00  1.150000e+01
      vertex -1.442517e+01  1.876809e+00  1.150000e+01
      vertex -1.412319e+01  1.574830e+00  1.150000e+01
    endloop
  endfacet
  facet normal  -0.000000e+00  0.000000e+00  1.000000e+00
    outer loop
      vertex -1.379041e+01  1.719796e+00  1.150000e+01
      vertex -1.412319e+01  1.574830e+00  1.150000e+01
      vertex -1.353747e+01  1.332653e+00  1.150000e+01
    endloop
  endfacet
  facet normal  0.000000e+00  0.000000e+00  1.000000e+00
    outer loop
      vertex -1.353747e+01  1.332653e+00  1.150000e+01
      vertex -1.412319e+01  1.574830e+00  1.150000e+01
      vertex -1.387824e+01  1.225000e+00  1.150000e+01
    endloop
  endfacet
  facet normal  -0.000000e+00  0.000000e+00  1.000000e+00
    outer loop
      vertex -1.353747e+01  1.332653e+00  1.150000e+01
      vertex -1.387824e+01  1.225000e+00  1.150000e+01
      vertex -1.335171e+01  9.091585e-01  1.150000e+01
    endloop
  endfacet
  facet normal  0.000000e+00  0.000000e+00  1.000000e+00
    outer loop
      vertex -1.335171e+01  9.091585e-01  1.150000e+01
      vertex -1.387824e+01  1.225000e+00  1.150000e+01
      vertex -1.369775e+01  8.379493e-01  1.150000e+01
    endloop
  endfacet
  facet normal  -0.000000e+00  0.000000e+00  9.999999e-01
    outer loop
      vertex -1.335171e+01  9.091585e-01  1.150000e+01
      vertex -1.369775e+01  8.379493e-01  1.150000e+01
      vertex -1.323819e+01  4.608648e-01  1.150000e+01
    endloop
  endfacet
  facet normal  0.000000e+00  0.000000e+00  1.000000e+00
    outer loop
      vertex -1.323819e+01  4.608648e-01  1.150000e+01
      vertex -1.369775e+01  8.379493e-01  1.150000e+01
      vertex -1.358722e+01  4.254380e-01  1.150000e+01
    endloop
  endfacet
  facet normal  -0.000000e+00  0.000000e+00  1.000000e+00
    outer loop
      vertex -1.323819e+01  4.608648e-01  1.150000e+01
      vertex -1.358722e+01  4.254380e-01  1.150000e+01
      vertex -1.320000e+01  0.000000e+00  1.150000e+01
    endloop
  endfacet
  facet normal  0.000000e+00  0.000000e+00  1.000000e+00
    outer loop
      vertex -1.320000e+01  0.000000e+00  1.150000e+01
      vertex -1.358722e+01  4.254380e-01  1.150000e+01
      vertex -1.355000e+01  0.000000e+00  1.150000e+01
    endloop
  endfacet
  facet normal  -0.000000e+00  0.000000e+00  9.999999e-01
    outer loop
      vertex -1.320000e+01  0.000000e+00  1.150000e+01
      vertex -1.355000e+01  0.000000e+00  1.150000e+01
      vertex -1.323819e+01 -4.608648e-01  1.150000e+01
    endloop
  endfacet
  facet normal  0.000000e+00  0.000000e+00  1.000000e+00
    outer loop
      vertex -1.323819e+01 -4.608648e-01  1.150000e+01
      vertex -1.355000e+01  0.000000e+00  1.150000e+01
      vertex -1.358722e+01 -4.254380e-01  1.150000e+01
    endloop
  endfacet
  facet normal  0.000000e+00  0.000000e+00  1.000000e+00
    outer loop
      vertex -1.323819e+01 -4.608648e-01  1.150000e+01
      vertex -1.358722e+01 -4.254380e-01  1.150000e+01
      vertex -1.335171e+01 -9.091585e-01  1.150000e+01
    endloop
  endfacet
  facet normal  0.000000e+00  0.000000e+00  1.000000e+00
    outer loop
      vertex -1.335171e+01 -9.091585e-01  1.150000e+01
      vertex -1.358722e+01 -4.254380e-01  1.150000e+01
      vertex -1.369775e+01 -8.379493e-01  1.150000e+01
    endloop
  endfacet
  facet normal  0.000000e+00  0.000000e+00  1.000000e+00
    outer loop
      vertex -1.335171e+01 -9.091585e-01  1.150000e+01
      vertex -1.369775e+01 -8.379493e-01  1.150000e+01
      vertex -1.353747e+01 -1.332653e+00  1.150000e+01
    endloop
  endfacet
  facet normal  0.000000e+00  0.000000e+00  1.000000e+00
    outer loop
      vertex -1.353747e+01 -1.332653e+00  1.150000e+01
      vertex -1.369775e+01 -8.379493e-01  1.150000e+01
      vertex -1.387824e+01 -1.225000e+00  1.150000e+01
    endloop
  endfacet
  facet normal  0.000000e+00  0.000000e+00  1.000000e+00
    outer loop
      vertex -1.353747e+01 -1.332653e+00  1.150000e+01
      vertex -1.387824e+01 -1.225000e+00  1.150000e+01
      vertex -1.379041e+01 -1.719796e+00  1.150000e+01
    endloop
  endfacet
  facet normal  0.000000e+00  0.000000e+00  9.999999e-01
    outer loop
      vertex -1.379041e+01 -1.719796e+00  1.150000e+01
      vertex -1.387824e+01 -1.225000e+00  1.150000e+01
      vertex -1.412319e+01 -1.574830e+00  1.150000e+01
    endloop
  endfacet
  facet normal  0.000000e+00  0.000000e+00  1.000000e+00
    outer loop
      vertex -1.379041e+01 -1.719796e+00  1.150000e+01
      vertex -1.412319e+01 -1.574830e+00  1.150000e+01
      vertex -1.410361e+01 -2.060027e+00  1.150000e+01
    endloop
  endfacet
  facet normal  0.000000e+00  0.000000e+00  1.000000e+00
    outer loop
      vertex -1.410361e+01 -2.060027e+00  1.150000e+01
      vertex -1.412319e+01 -1.574830e+00  1.150000e+01
      vertex -1.442517e+01 -1.876809e+00  1.150000e+01
    endloop
  endfacet
  facet normal  0.000000e+00  0.000000e+00  1.000000e+00
    outer loop
      vertex -1.410361e+01 -2.060027e+00  1.150000e+01
      vertex -1.442517e+01 -1.876809e+00  1.150000e+01
      vertex -1.477500e+01 -2.121762e+00  1.150000e+01
    endloop
  endfacet
  facet normal  -0.000000e+00  0.000000e+00  1.000000e+00
    outer loop
      vertex -1.410361e+01 -2.060027e+00  1.150000e+01
      vertex -1.477500e+01 -2.121762e+00  1.150000e+01
      vertex -1.446854e+01 -2.344066e+00  1.150000e+01
    endloop
  endfacet
  facet normal  0.000000e+00  0.000000e+00  1.000000e+00
    outer loop
      vertex -1.446854e+01 -2.344066e+00  1.150000e+01
      vertex -1.477500e+01 -2.121762e+00  1.150000e+01
      vertex -1.516205e+01 -2.302247e+00  1.150000e+01
    endloop
  endfacet
  facet normal  0.000000e+00  0.000000e+00  1.000000e+00
    outer loop
      vertex -1.446854e+01 -2.344066e+00  1.150000e+01
      vertex -1.516205e+01 -2.302247e+00  1.150000e+01
      vertex -1.487525e+01 -2.564165e+00  1.150000e+01
    endloop
  endfacet
  facet normal  0.000000e+00  0.000000e+00  1.000000e+00
    outer loop
      vertex -1.487525e+01 -2.564165e+00  1.150000e+01
      vertex -1.516205e+01 -2.302247e+00  1.150000e+01
      vertex -1.557456e+01 -2.412779e+00  1.150000e+01
    endloop
  endfacet
  facet normal  0.000000e+00  0.000000e+00  1.000000e+00
    outer loop
      vertex -1.487525e+01 -2.564165e+00  1.150000e+01
      vertex -1.557456e+01 -2.412779e+00  1.150000e+01
      vertex -1.600000e+01 -2.450000e+00  1.150000e+01
    endloop
  endfacet
  facet normal -1.645948e-01  9.863612e-01  0.000000e+00
    outer loop
      vertex  1.623122e+01 -2.790437e+00  1.150000e+01
      vertex  1.668736e+01 -2.714321e+00  1.200000e+01
      vertex  1.668736e+01 -2.714321e+00  1.150000e+01
    endloop
  endfacet
  facet normal -3.246995e-01  9.458173e-01  0.000000e+00
    outer loop
      vertex  1.668736e+01 -2.714321e+00  1.150000e+01
      vertex  1.668736e+01 -2.714321e+00  1.200000e+01
      vertex  1.712475e+01 -2.564165e+00  1.200000e+01
    endloop
  endfacet
  facet normal -3.246995e-01  9.458173e-01  0.000000e+00
    outer loop
      vertex  1.668736e+01 -2.714321e+00  1.150000e+01
      vertex  1.712475e+01 -2.564165e+00  1.200000e+01
      vertex  1.712475e+01 -2.564165e+00  1.150000e+01
    endloop
  endfacet
  facet normal -4.759474e-01  8.794738e-01  0.000000e+00
    outer loop
      vertex  1.712475e+01 -2.564165e+00  1.150000e+01
      vertex  1.712475e+01 -2.564165e+00  1.200000e+01
      vertex  1.753145e+01 -2.344066e+00  1.200000e+01
    endloop
  endfacet
  facet normal -4.759474e-01  8.794738e-01  0.000000e+00
    outer loop
      vertex  1.712475e+01 -2.564165e+00  1.150000e+01
      vertex  1.753145e+01 -2.344066e+00  1.200000e+01
      vertex  1.753145e+01 -2.344066e+00  1.150000e+01
    endloop
  endfacet
  facet normal -6.142114e-01  7.891415e-01  0.000000e+00
    outer loop
      vertex  1.753145e+01 -2.344066e+00  1.150000e+01
      vertex  1.753145e+01 -2.344066e+00  1.200000e+01
      vertex  1.789639e+01 -2.060027e+00  1.200000e+01
    endloop
  endfacet
  facet normal -6.142114e-01  7.891415e-01  0.000000e+00
    outer loop
      vertex  1.753145e+01 -2.344066e+00  1.150000e+01
      vertex  1.789639e+01 -2.060027e+00  1.200000e+01
      vertex  1.789639e+01 -2.060027e+00  1.150000e+01
    endloop
  endfacet
  facet normal -7.357252e-01  6.772802e-01  0.000000e+00
    outer loop
      vertex  1.789639e+01 -2.060027e+00  1.150000e+01
      vertex  1.789639e+01 -2.060027e+00  1.200000e+01
      vertex  1.820959e+01 -1.719796e+00  1.200000e+01
    endloop
  endfacet
  facet normal -7.357252e-01  6.772802e-01  0.000000e+00
    outer loop
      vertex  1.789639e+01 -2.060027e+00  1.150000e+01
      vertex  1.820959e+01 -1.719796e+00  1.200000e+01
      vertex  1.820959e+01 -1.719796e+00  1.150000e+01
    endloop
  endfacet
  facet normal -8.371661e-01  5.469489e-01  0.000000e+00
    outer loop
      vertex  1.820959e+01 -1.719796e+00  1.150000e+01
      vertex  1.820959e+01 -1.719796e+00  1.200000e+01
      vertex  1.846253e+01 -1.332653e+00  1.200000e+01
    endloop
  endfacet
  facet normal -8.371661e-01  5.469489e-01  0.000000e+00
    outer loop
      vertex  1.820959e+01 -1.719796e+00  1.150000e+01
      vertex  1.846253e+01 -1.332653e+00  1.200000e+01
      vertex  1.846253e+01 -1.332653e+00  1.150000e+01
    endloop
  endfacet
  facet normal -9.157729e-01  4.016966e-01  0.000000e+00
    outer loop
      vertex  1.846253e+01 -1.332653e+00  1.150000e+01
      vertex  1.846253e+01 -1.332653e+00  1.200000e+01
      vertex  1.864829e+01 -9.091585e-01  1.200000e+01
    endloop
  endfacet
  facet normal -9.157729e-01  4.016966e-01  0.000000e+00
    outer loop
      vertex  1.846253e+01 -1.332653e+00  1.150000e+01
      vertex  1.864829e+01 -9.091585e-01  1.200000e+01
      vertex  1.864829e+01 -9.091585e-01  1.150000e+01
    endloop
  endfacet
  facet normal -9.694002e-01  2.454857e-01  0.000000e+00
    outer loop
      vertex  1.864829e+01 -9.091585e-01  1.150000e+01
      vertex  1.864829e+01 -9.091585e-01  1.200000e+01
      vertex  1.876181e+01 -4.608648e-01  1.200000e+01
    endloop
  endfacet
  facet normal -9.694002e-01  2.454857e-01  0.000000e+00
    outer loop
      vertex  1.864829e+01 -9.091585e-01  1.150000e+01
      vertex  1.876181e+01 -4.608648e-01  1.200000e+01
      vertex  1.876181e+01 -4.608648e-01  1.150000e+01
    endloop
  endfacet
  facet normal -9.965847e-01  8.257650e-02  0.000000e+00
    outer loop
      vertex  1.876181e+01 -4.608648e-01  1.150000e+01
      vertex  1.876181e+01 -4.608648e-01  1.200000e+01
      vertex  1.880000e+01  0.000000e+00  1.200000e+01
    endloop
  endfacet
  facet normal -9.965847e-01  8.257650e-02  0.000000e+00
    outer loop
      vertex  1.876181e+01 -4.608648e-01  1.150000e+01
      vertex  1.880000e+01  0.000000e+00  1.200000e+01
      vertex  1.880000e+01  0.000000e+00  1.150000e+01
    endloop
  endfacet
  facet normal -1.645948e-01  9.863612e-01  0.000000e+00
    outer loop
      vertex  1.668736e+01 -2.714321e+00  1.200000e+01
      vertex  1.623122e+01 -2.790437e+00  1.150000e+01
      vertex  1.623122e+01 -2.790437e+00  1.200000e+01
    endloop
  endfacet
  facet normal  0.000000e+00  1.000000e+00  0.000000e+00
    outer loop
      vertex  1.623122e+01 -2.790437e+00  1.200000e+01
      vertex  1.623122e+01 -2.790437e+00  1.150000e+01
      vertex  1.576878e+01 -2.790437e+00  1.150000e+01
    endloop
  endfacet
  facet normal  0.000000e+00  1.000000e+00  0.000000e+00
    outer loop
      vertex  1.623122e+01 -2.790437e+00  1.200000e+01
      vertex  1.576878e+01 -2.790437e+00  1.150000e+01
      vertex  1.576878e+01 -2.790437e+00  1.200000e+01
    endloop
  endfacet
  facet normal  1.645945e-01  9.863613e-01  0.000000e+00
    outer loop
      vertex  1.576878e+01 -2.790437e+00  1.200000e+01
      vertex  1.576878e+01 -2.790437e+00  1.150000e+01
      vertex  1.531264e+01 -2.714321e+00  1.150000e+01
    endloop
  endfacet
  facet normal  1.645945e-01  9.863613e-01  -0.000000e+00
    outer loop
      vertex  1.576878e+01 -2.790437e+00  1.200000e+01
      vertex  1.531264e+01 -2.714321e+00  1.150000e+01
      vertex  1.531264e+01 -2.714321e+00  1.200000e+01
    endloop
  endfacet
  facet normal  3.246995e-01  9.458173e-01  0.000000e+00
    outer loop
      vertex  1.531264e+01 -2.714321e+00  1.200000e+01
      vertex  1.531264e+01 -2.714321e+00  1.150000e+01
      vertex  1.487525e+01 -2.564165e+00  1.150000e+01
    endloop
  endfacet
  facet normal  3.246995e-01  9.458173e-01  -0.000000e+00
    outer loop
      vertex  1.531264e+01 -2.714321e+00  1.200000e+01
      vertex  1.487525e+01 -2.564165e+00  1.150000e+01
      vertex  1.487525e+01 -2.564165e+00  1.200000e+01
    endloop
  endfacet
  facet normal  4.759474e-01  8.794738e-01  0.000000e+00
    outer loop
      vertex  1.487525e+01 -2.564165e+00  1.200000e+01
      vertex  1.487525e+01 -2.564165e+00  1.150000e+01
      vertex  1.446854e+01 -2.344066e+00  1.150000e+01
    endloop
  endfacet
  facet normal  4.759474e-01  8.794738e-01  -0.000000e+00
    outer loop
      vertex  1.487525e+01 -2.564165e+00  1.200000e+01
      vertex  1.446854e+01 -2.344066e+00  1.150000e+01
      vertex  1.446854e+01 -2.344066e+00  1.200000e+01
    endloop
  endfacet
  facet normal  6.142134e-01  7.891400e-01  0.000000e+00
    outer loop
      vertex  1.446854e+01 -2.344066e+00  1.200000e+01
      vertex  1.446854e+01 -2.344066e+00  1.150000e+01
      vertex  1.410361e+01 -2.060027e+00  1.150000e+01
    endloop
  endfacet
  facet normal  6.142134e-01  7.891400e-01  -0.000000e+00
    outer loop
      vertex  1.446854e+01 -2.344066e+00  1.200000e+01
      vertex  1.410361e+01 -2.060027e+00  1.150000e+01
      vertex  1.410361e+01 -2.060027e+00  1.200000e+01
    endloop
  endfacet
  facet normal  7.357231e-01  6.772825e-01  0.000000e+00
    outer loop
      vertex  1.410361e+01 -2.060027e+00  1.200000e+01
      vertex  1.410361e+01 -2.060027e+00  1.150000e+01
      vertex  1.379041e+01 -1.719796e+00  1.150000e+01
    endloop
  endfacet
  facet normal  7.357231e-01  6.772825e-01  -0.000000e+00
    outer loop
      vertex  1.410361e+01 -2.060027e+00  1.200000e+01
      vertex  1.379041e+01 -1.719796e+00  1.150000e+01
      vertex  1.379041e+01 -1.719796e+00  1.200000e+01
    endloop
  endfacet
  facet normal  8.371670e-01  5.469474e-01  0.000000e+00
    outer loop
      vertex  1.379041e+01 -1.719796e+00  1.200000e+01
      vertex  1.379041e+01 -1.719796e+00  1.150000e+01
      vertex  1.353747e+01 -1.332653e+00  1.150000e+01
    endloop
  endfacet
  facet normal  8.371670e-01  5.469474e-01  -0.000000e+00
    outer loop
      vertex  1.379041e+01 -1.719796e+00  1.200000e+01
      vertex  1.353747e+01 -1.332653e+00  1.150000e+01
      vertex  1.353747e+01 -1.332653e+00  1.200000e+01
    endloop
  endfacet
  facet normal  9.157729e-01  4.016966e-01  0.000000e+00
    outer loop
      vertex  1.353747e+01 -1.332653e+00  1.200000e+01
      vertex  1.353747e+01 -1.332653e+00  1.150000e+01
      vertex  1.335171e+01 -9.091585e-01  1.150000e+01
    endloop
  endfacet
  facet normal  9.157729e-01  4.016966e-01  -0.000000e+00
    outer loop
      vertex  1.353747e+01 -1.332653e+00  1.200000e+01
      vertex  1.335171e+01 -9.091585e-01  1.150000e+01
      vertex  1.335171e+01 -9.091585e-01  1.200000e+01
    endloop
  endfacet
  facet normal  9.694008e-01  2.454838e-01  0.000000e+00
    outer loop
      vertex  1.335171e+01 -9.091585e-01  1.200000e+01
      vertex  1.335171e+01 -9.091585e-01  1.150000e+01
      vertex  1.323819e+01 -4.608648e-01  1.150000e+01
    endloop
  endfacet
  facet normal  9.694008e-01  2.454838e-01  -0.000000e+00
    outer loop
      vertex  1.335171e+01 -9.091585e-01  1.200000e+01
      vertex  1.323819e+01 -4.608648e-01  1.150000e+01
      vertex  1.323819e+01 -4.608648e-01  1.200000e+01
    endloop
  endfacet
  facet normal  9.965844e-01  8.258060e-02  0.000000e+00
    outer loop
      vertex  1.323819e+01 -4.608648e-01  1.200000e+01
      vertex  1.323819e+01 -4.608648e-01  1.150000e+01
      vertex  1.320000e+01  3.429011e-16  1.150000e+01
    endloop
  endfacet
  facet normal  9.965844e-01  8.258060e-02  -0.000000e+00
    outer loop
      vertex  1.323819e+01 -4.608648e-01  1.200000e+01
      vertex  1.320000e+01  3.429011e-16  1.150000e+01
      vertex  1.320000e+01  3.429011e-16  1.200000e+01
    endloop
  endfacet
  facet normal  1.645945e-01 -9.863613e-01  0.000000e+00
    outer loop
      vertex  1.576878e+01  2.790437e+00  1.150000e+01
      vertex  1.531264e+01  2.714321e+00  1.200000e+01
      vertex  1.531264e+01  2.714321e+00  1.150000e+01
    endloop
  endfacet
  facet normal  3.246995e-01 -9.458173e-01  0.000000e+00
    outer loop
      vertex  1.531264e+01  2.714321e+00  1.150000e+01
      vertex  1.531264e+01  2.714321e+00  1.200000e+01
      vertex  1.487525e+01  2.564165e+00  1.200000e+01
    endloop
  endfacet
  facet normal  3.246995e-01 -9.458173e-01  0.000000e+00
    outer loop
      vertex  1.531264e+01  2.714321e+00  1.150000e+01
      vertex  1.487525e+01  2.564165e+00  1.200000e+01
      vertex  1.487525e+01  2.564165e+00  1.150000e+01
    endloop
  endfacet
  facet normal  4.759474e-01 -8.794738e-01  0.000000e+00
    outer loop
      vertex  1.487525e+01  2.564165e+00  1.150000e+01
      vertex  1.487525e+01  2.564165e+00  1.200000e+01
      vertex  1.446854e+01  2.344066e+00  1.200000e+01
    endloop
  endfacet
  facet normal  4.759474e-01 -8.794738e-01  0.000000e+00
    outer loop
      vertex  1.487525e+01  2.564165e+00  1.150000e+01
      vertex  1.446854e+01  2.344066e+00  1.200000e+01
      vertex  1.446854e+01  2.344066e+00  1.150000e+01
    endloop
  endfacet
  facet normal  6.142134e-01 -7.891400e-01  0.000000e+00
    outer loop
      vertex  1.446854e+01  2.344066e+00  1.150000e+01
      vertex  1.446854e+01  2.344066e+00  1.200000e+01
      vertex  1.410361e+01  2.060027e+00  1.200000e+01
    endloop
  endfacet
  facet normal  6.142134e-01 -7.891400e-01  0.000000e+00
    outer loop
      vertex  1.446854e+01  2.344066e+00  1.150000e+01
      vertex  1.410361e+01  2.060027e+00  1.200000e+01
      vertex  1.410361e+01  2.060027e+00  1.150000e+01
    endloop
  endfacet
  facet normal  7.357231e-01 -6.772825e-01  0.000000e+00
    outer loop
      vertex  1.410361e+01  2.060027e+00  1.150000e+01
      vertex  1.410361e+01  2.060027e+00  1.200000e+01
      vertex  1.379041e+01  1.719796e+00  1.200000e+01
    endloop
  endfacet
  facet normal  7.357231e-01 -6.772825e-01  0.000000e+00
    outer loop
      vertex  1.410361e+01  2.060027e+00  1.150000e+01
      vertex  1.379041e+01  1.719796e+00  1.200000e+01
      vertex  1.379041e+01  1.719796e+00  1.150000e+01
    endloop
  endfacet
  facet normal  8.371670e-01 -5.469474e-01  0.000000e+00
    outer loop
      vertex  1.379041e+01  1.719796e+00  1.150000e+01
      vertex  1.379041e+01  1.719796e+00  1.200000e+01
      vertex  1.353747e+01  1.332653e+00  1.200000e+01
    endloop
  endfacet
  facet normal  8.371670e-01 -5.469474e-01  0.000000e+00
    outer loop
      vertex  1.379041e+01  1.719796e+00  1.150000e+01
      vertex  1.353747e+01  1.332653e+00  1.200000e+01
      vertex  1.353747e+01  1.332653e+00  1.150000e+01
    endloop
  endfacet
  facet normal  9.157729e-01 -4.016966e-01  0.000000e+00
    outer loop
      vertex  1.353747e+01  1.332653e+00  1.150000e+01
      vertex  1.353747e+01  1.332653e+00  1.200000e+01
      vertex  1.335171e+01  9.091585e-01  1.200000e+01
    endloop
  endfacet
  facet normal  9.157729e-01 -4.016966e-01  0.000000e+00
    outer loop
      vertex  1.353747e+01  1.332653e+00  1.150000e+01
      vertex  1.335171e+01  9.091585e-01  1.200000e+01
      vertex  1.335171e+01  9.091585e-01  1.150000e+01
    endloop
  endfacet
  facet normal  9.694008e-01 -2.454838e-01  0.000000e+00
    outer loop
      vertex  1.335171e+01  9.091585e-01  1.150000e+01
      vertex  1.335171e+01  9.091585e-01  1.200000e+01
      vertex  1.323819e+01  4.608648e-01  1.200000e+01
    endloop
  endfacet
  facet normal  9.694008e-01 -2.454838e-01  0.000000e+00
    outer loop
      vertex  1.335171e+01  9.091585e-01  1.150000e+01
      vertex  1.323819e+01  4.608648e-01  1.200000e+01
      vertex  1.323819e+01  4.608648e-01  1.150000e+01
    endloop
  endfacet
  facet normal  9.965844e-01 -8.258060e-02  0.000000e+00
    outer loop
      vertex  1.323819e+01  4.608648e-01  1.150000e+01
      vertex  1.323819e+01  4.608648e-01  1.200000e+01
      vertex  1.320000e+01  3.429011e-16  1.200000e+01
    endloop
  endfacet
  facet normal  9.965844e-01 -8.258060e-02  0.000000e+00
    outer loop
      vertex  1.323819e+01  4.608648e-01  1.150000e+01
      vertex  1.320000e+01  3.429011e-16  1.200000e+01
      vertex  1.320000e+01  3.429011e-16  1.150000e+01
    endloop
  endfacet
  facet normal  1.645945e-01 -9.863613e-01  0.000000e+00
    outer loop
      vertex  1.531264e+01  2.714321e+00  1.200000e+01
      vertex  1.576878e+01  2.790437e+00  1.150000e+01
      vertex  1.576878e+01  2.790437e+00  1.200000e+01
    endloop
  endfacet
  facet normal  0.000000e+00 -1.000000e+00  0.000000e+00
    outer loop
      vertex  1.576878e+01  2.790437e+00  1.200000e+01
      vertex  1.576878e+01  2.790437e+00  1.150000e+01
      vertex  1.623122e+01  2.790437e+00  1.150000e+01
    endloop
  endfacet
  facet normal  0.000000e+00 -1.000000e+00  0.000000e+00
    outer loop
      vertex  1.576878e+01  2.790437e+00  1.200000e+01
      vertex  1.623122e+01  2.790437e+00  1.150000e+01
      vertex  1.623122e+01  2.790437e+00  1.200000e+01
    endloop
  endfacet
  facet normal -1.645948e-01 -9.863612e-01  -0.000000e+00
    outer loop
      vertex  1.623122e+01  2.790437e+00  1.200000e+01
      vertex  1.623122e+01  2.790437e+00  1.150000e+01
      vertex  1.668736e+01  2.714321e+00  1.150000e+01
    endloop
  endfacet
  facet normal -1.645948e-01 -9.863612e-01  0.000000e+00
    outer loop
      vertex  1.623122e+01  2.790437e+00  1.200000e+01
      vertex  1.668736e+01  2.714321e+00  1.150000e+01
      vertex  1.668736e+01  2.714321e+00  1.200000e+01
    endloop
  endfacet
  facet normal -3.246995e-01 -9.458173e-01  -0.000000e+00
    outer loop
      vertex  1.668736e+01  2.714321e+00  1.200000e+01
      vertex  1.668736e+01  2.714321e+00  1.150000e+01
      vertex  1.712475e+01  2.564165e+00  1.150000e+01
    endloop
  endfacet
  facet normal -3.246995e-01 -9.458173e-01  0.000000e+00
    outer loop
      vertex  1.668736e+01  2.714321e+00  1.200000e+01
      vertex  1.712475e+01  2.564165e+00  1.150000e+01
      vertex  1.712475e+01  2.564165e+00  1.200000e+01
    endloop
  endfacet
  facet normal -4.759474e-01 -8.794738e-01  -0.000000e+00
    outer loop
      vertex  1.712475e+01  2.564165e+00  1.200000e+01
      vertex  1.712475e+01  2.564165e+00  1.150000e+01
      vertex  1.753145e+01  2.344066e+00  1.150000e+01
    endloop
  endfacet
  facet normal -4.759474e-01 -8.794738e-01  0.000000e+00
    outer loop
      vertex  1.712475e+01  2.564165e+00  1.200000e+01
      vertex  1.753145e+01  2.344066e+00  1.150000e+01
      vertex  1.753145e+01  2.344066e+00  1.200000e+01
    endloop
  endfacet
  facet normal -6.142114e-01 -7.891415e-01  -0.000000e+00
    outer loop
      vertex  1.753145e+01  2.344066e+00  1.200000e+01
      vertex  1.753145e+01  2.344066e+00  1.150000e+01
      vertex  1.789639e+01  2.060027e+00  1.150000e+01
    endloop
  endfacet
  facet normal -6.142114e-01 -7.891415e-01  0.000000e+00
    outer loop
      vertex  1.753145e+01  2.344066e+00  1.200000e+01
      vertex  1.789639e+01  2.060027e+00  1.150000e+01
      vertex  1.789639e+01  2.060027e+00  1.200000e+01
    endloop
  endfacet
  facet normal -7.357252e-01 -6.772802e-01  -0.000000e+00
    outer loop
      vertex  1.789639e+01  2.060027e+00  1.200000e+01
      vertex  1.789639e+01  2.060027e+00  1.150000e+01
      vertex  1.820959e+01  1.719796e+00  1.150000e+01
    endloop
  endfacet
  facet normal -7.357252e-01 -6.772802e-01  0.000000e+00
    outer loop
      vertex  1.789639e+01  2.060027e+00  1.200000e+01
      vertex  1.820959e+01  1.719796e+00  1.150000e+01
      vertex  1.820959e+01  1.719796e+00  1.200000e+01
    endloop
  endfacet
  facet normal -8.371661e-01 -5.469489e-01  -0.000000e+00
    outer loop
      vertex  1.820959e+01  1.719796e+00  1.200000e+01
      vertex  1.820959e+01  1.719796e+00  1.150000e+01
      vertex  1.846253e+01  1.332653e+00  1.150000e+01
    endloop
  endfacet
  facet normal -8.371661e-01 -5.469489e-01  0.000000e+00
    outer loop
      vertex  1.820959e+01  1.719796e+00  1.200000e+01
      vertex  1.846253e+01  1.332653e+00  1.150000e+01
      vertex  1.846253e+01  1.332653e+00  1.200000e+01
    endloop
  endfacet
  facet normal -9.157729e-01 -4.016966e-01  -0.000000e+00
    outer loop
      vertex  1.846253e+01  1.332653e+00  1.200000e+01
      vertex  1.846253e+01  1.332653e+00  1.150000e+01
      vertex  1.864829e+01  9.091585e-01  1.150000e+01
    endloop
  endfacet
  facet normal -9.157729e-01 -4.016966e-01  0.000000e+00
    outer loop
      vertex  1.846253e+01  1.332653e+00  1.200000e+01
      vertex  1.864829e+01  9.091585e-01  1.150000e+01
      vertex  1.864829e+01  9.091585e-01  1.200000e+01
    endloop
  endfacet
  facet normal -9.694002e-01 -2.454857e-01  -0.000000e+00
    outer loop
      vertex  1.864829e+01  9.091585e-01  1.200000e+01
      vertex  1.864829e+01  9.091585e-01  1.150000e+01
      vertex  1.876181e+01  4.608648e-01  1.150000e+01
    endloop
  endfacet
  facet normal -9.694002e-01 -2.454857e-01  0.000000e+00
    outer loop
      vertex  1.864829e+01  9.091585e-01  1.200000e+01
      vertex  1.876181e+01  4.608648e-01  1.150000e+01
      vertex  1.876181e+01  4.608648e-01  1.200000e+01
    endloop
  endfacet
  facet normal -9.965847e-01 -8.257650e-02  -0.000000e+00
    outer loop
      vertex  1.876181e+01  4.608648e-01  1.200000e+01
      vertex  1.876181e+01  4.608648e-01  1.150000e+01
      vertex  1.880000e+01  0.000000e+00  1.150000e+01
    endloop
  endfacet
  facet normal -9.965847e-01 -8.257650e-02  0.000000e+00
    outer loop
      vertex  1.876181e+01  4.608648e-01  1.200000e+01
      vertex  1.880000e+01  0.000000e+00  1.150000e+01
      vertex  1.880000e+01  0.000000e+00  1.200000e+01
    endloop
  endfacet
  facet normal -1.645946e-01  9.863613e-01  0.000000e+00
    outer loop
      vertex  2.312222e-01 -2.790437e+00  1.150000e+01
      vertex  6.873594e-01 -2.714321e+00  1.200000e+01
      vertex  6.873594e-01 -2.714321e+00  1.150000e+01
    endloop
  endfacet
  facet normal -3.246993e-01  9.458173e-01  0.000000e+00
    outer loop
      vertex  6.873594e-01 -2.714321e+00  1.150000e+01
      vertex  6.873594e-01 -2.714321e+00  1.200000e+01
      vertex  1.124747e+00 -2.564165e+00  1.200000e+01
    endloop
  endfacet
  facet normal -3.246993e-01  9.458173e-01  0.000000e+00
    outer loop
      vertex  6.873594e-01 -2.714321e+00  1.150000e+01
      vertex  1.124747e+00 -2.564165e+00  1.200000e+01
      vertex  1.124747e+00 -2.564165e+00  1.150000e+01
    endloop
  endfacet
  facet normal -4.759475e-01  8.794737e-01  0.000000e+00
    outer loop
      vertex  1.124747e+00 -2.564165e+00  1.150000e+01
      vertex  1.124747e+00 -2.564165e+00  1.200000e+01
      vertex  1.531455e+00 -2.344066e+00  1.200000e+01
    endloop
  endfacet
  facet normal -4.759475e-01  8.794737e-01  0.000000e+00
    outer loop
      vertex  1.124747e+00 -2.564165e+00  1.150000e+01
      vertex  1.531455e+00 -2.344066e+00  1.200000e+01
      vertex  1.531455e+00 -2.344066e+00  1.150000e+01
    endloop
  endfacet
  facet normal -6.142128e-01  7.891405e-01  0.000000e+00
    outer loop
      vertex  1.531455e+00 -2.344066e+00  1.150000e+01
      vertex  1.531455e+00 -2.344066e+00  1.200000e+01
      vertex  1.896388e+00 -2.060027e+00  1.200000e+01
    endloop
  endfacet
  facet normal -6.142128e-01  7.891405e-01  0.000000e+00
    outer loop
      vertex  1.531455e+00 -2.344066e+00  1.150000e+01
      vertex  1.896388e+00 -2.060027e+00  1.200000e+01
      vertex  1.896388e+00 -2.060027e+00  1.150000e+01
    endloop
  endfacet
  facet normal -7.357237e-01  6.772817e-01  0.000000e+00
    outer loop
      vertex  1.896388e+00 -2.060027e+00  1.150000e+01
      vertex  1.896388e+00 -2.060027e+00  1.200000e+01
      vertex  2.209594e+00 -1.719796e+00  1.200000e+01
    endloop
  endfacet
  facet normal -7.357237e-01  6.772817e-01  0.000000e+00
    outer loop
      vertex  1.896388e+00 -2.060027e+00  1.150000e+01
      vertex  2.209594e+00 -1.719796e+00  1.200000e+01
      vertex  2.209594e+00 -1.719796e+00  1.150000e+01
    endloop
  endfacet
  facet normal -8.371665e-01  5.469481e-01  0.000000e+00
    outer loop
      vertex  2.209594e+00 -1.719796e+00  1.150000e+01
      vertex  2.209594e+00 -1.719796e+00  1.200000e+01
      vertex  2.462527e+00 -1.332653e+00  1.200000e+01
    endloop
  endfacet
  facet normal -8.371665e-01  5.469481e-01  0.000000e+00
    outer loop
      vertex  2.209594e+00 -1.719796e+00  1.150000e+01
      vertex  2.462527e+00 -1.332653e+00  1.200000e+01
      vertex  2.462527e+00 -1.332653e+00  1.150000e+01
    endloop
  endfacet
  facet normal -9.157734e-01  4.016953e-01  0.000000e+00
    outer loop
      vertex  2.462527e+00 -1.332653e+00  1.150000e+01
      vertex  2.462527e+00 -1.332653e+00  1.200000e+01
      vertex  2.648288e+00 -9.091585e-01  1.200000e+01
    endloop
  endfacet
  facet normal -9.157734e-01  4.016953e-01  0.000000e+00
    outer loop
      vertex  2.462527e+00 -1.332653e+00  1.150000e+01
      vertex  2.648288e+00 -9.091585e-01  1.200000e+01
      vertex  2.648288e+00 -9.091585e-01  1.150000e+01
    endloop
  endfacet
  facet normal -9.694002e-01  2.454857e-01  0.000000e+00
    outer loop
      vertex  2.648288e+00 -9.091585e-01  1.150000e+01
      vertex  2.648288e+00 -9.091585e-01  1.200000e+01
      vertex  2.761812e+00 -4.608648e-01  1.200000e+01
    endloop
  endfacet
  facet normal -9.694002e-01  2.454857e-01  0.000000e+00
    outer loop
      vertex  2.648288e+00 -9.091585e-01  1.150000e+01
      vertex  2.761812e+00 -4.608648e-01  1.200000e+01
      vertex  2.761812e+00 -4.608648e-01  1.150000e+01
    endloop
  endfacet
  facet normal -9.965846e-01  8.257907e-02  0.000000e+00
    outer loop
      vertex  2.761812e+00 -4.608648e-01  1.150000e+01
      vertex  2.761812e+00 -4.608648e-01  1.200000e+01
      vertex  2.800000e+00  0.000000e+00  1.200000e+01
    endloop
  endfacet
  facet normal -9.965846e-01  8.257907e-02  0.000000e+00
    outer loop
      vertex  2.761812e+00 -4.608648e-01  1.150000e+01
      vertex  2.800000e+00  0.000000e+00  1.200000e+01
      vertex  2.800000e+00  0.000000e+00  1.150000e+01
    endloop
  endfacet
  facet normal -1.645946e-01  9.863613e-01  0.000000e+00
    outer loop
      vertex  6.873594e-01 -2.714321e+00  1.200000e+01
      vertex  2.312222e-01 -2.790437e+00  1.150000e+01
      vertex  2.312222e-01 -2.790437e+00  1.200000e+01
    endloop
  endfacet
  facet normal  0.000000e+00  1.000000e+00  0.000000e+00
    outer loop
      vertex  2.312222e-01 -2.790437e+00  1.200000e+01
      vertex  2.312222e-01 -2.790437e+00  1.150000e+01
      vertex -2.312222e-01 -2.790437e+00  1.150000e+01
    endloop
  endfacet
  facet normal  0.000000e+00  1.000000e+00  0.000000e+00
    outer loop
      vertex  2.312222e-01 -2.790437e+00  1.200000e+01
      vertex -2.312222e-01 -2.790437e+00  1.150000e+01
      vertex -2.312222e-01 -2.790437e+00  1.200000e+01
    endloop
  endfacet
  facet normal  1.645946e-01  9.863613e-01  0.000000e+00
    outer loop
      vertex -2.312222e-01 -2.790437e+00  1.200000e+01
      vertex -2.312222e-01 -2.790437e+00  1.150000e+01
      vertex -6.873594e-01 -2.714321e+00  1.150000e+01
    endloop
  endfacet
  facet normal  1.645946e-01  9.863613e-01  -0.000000e+00
    outer loop
      vertex -2.312222e-01 -2.790437e+00  1.200000e+01
      vertex -6.873594e-01 -2.714321e+00  1.150000e+01
      vertex -6.873594e-01 -2.714321e+00  1.200000e+01
    endloop
  endfacet
  facet normal  3.246993e-01  9.458173e-01  0.000000e+00
    outer loop
      vertex -6.873594e-01 -2.714321e+00  1.200000e+01
      vertex -6.873594e-01 -2.714321e+00  1.150000e+01
      vertex -1.124747e+00 -2.564165e+00  1.150000e+01
    endloop
  endfacet
  facet normal  3.246993e-01  9.458173e-01  -0.000000e+00
    outer loop
      vertex -6.873594e-01 -2.714321e+00  1.200000e+01
      vertex -1.124747e+00 -2.564165e+00  1.150000e+01
      vertex -1.124747e+00 -2.564165e+00  1.200000e+01
    endloop
  endfacet
  facet normal  4.759475e-01  8.794737e-01  0.000000e+00
    outer loop
      vertex -1.124747e+00 -2.564165e+00  1.200000e+01
      vertex -1.124747e+00 -2.564165e+00  1.150000e+01
      vertex -1.531455e+00 -2.344066e+00  1.150000e+01
    endloop
  endfacet
  facet normal  4.759475e-01  8.794737e-01  -0.000000e+00
    outer loop
      vertex -1.124747e+00 -2.564165e+00  1.200000e+01
      vertex -1.531455e+00 -2.344066e+00  1.150000e+01
      vertex -1.531455e+00 -2.344066e+00  1.200000e+01
    endloop
  endfacet
  facet normal  6.142128e-01  7.891405e-01  0.000000e+00
    outer loop
      vertex -1.531455e+00 -2.344066e+00  1.200000e+01
      vertex -1.531455e+00 -2.344066e+00  1.150000e+01
      vertex -1.896388e+00 -2.060027e+00  1.150000e+01
    endloop
  endfacet
  facet normal  6.142128e-01  7.891405e-01  -0.000000e+00
    outer loop
      vertex -1.531455e+00 -2.344066e+00  1.200000e+01
      vertex -1.896388e+00 -2.060027e+00  1.150000e+01
      vertex -1.896388e+00 -2.060027e+00  1.200000e+01
    endloop
  endfacet
  facet normal  7.357237e-01  6.772817e-01  0.000000e+00
    outer loop
      vertex -1.896388e+00 -2.060027e+00  1.200000e+01
      vertex -1.896388e+00 -2.060027e+00  1.150000e+01
      vertex -2.209594e+00 -1.719796e+00  1.150000e+01
    endloop
  endfacet
  facet normal  7.357237e-01  6.772817e-01  -0.000000e+00
    outer loop
      vertex -1.896388e+00 -2.060027e+00  1.200000e+01
      vertex -2.209594e+00 -1.719796e+00  1.150000e+01
      vertex -2.209594e+00 -1.719796e+00  1.200000e+01
    endloop
  endfacet
  facet normal  8.371665e-01  5.469481e-01  0.000000e+00
    outer loop
      vertex -2.209594e+00 -1.719796e+00  1.200000e+01
      vertex -2.209594e+00 -1.719796e+00  1.150000e+01
      vertex -2.462527e+00 -1.332653e+00  1.150000e+01
    endloop
  endfacet
  facet normal  8.371665e-01  5.469481e-01  -0.000000e+00
    outer loop
      vertex -2.209594e+00 -1.719796e+00  1.200000e+01
      vertex -2.462527e+00 -1.332653e+00  1.150000e+01
      vertex -2.462527e+00 -1.332653e+00  1.200000e+01
    endloop
  endfacet
  facet normal  9.157734e-01  4.016953e-01  0.000000e+00
    outer loop
      vertex -2.462527e+00 -1.332653e+00  1.200000e+01
      vertex -2.462527e+00 -1.332653e+00  1.150000e+01
      vertex -2.648288e+00 -9.091585e-01  1.150000e+01
    endloop
  endfacet
  facet normal  9.157734e-01  4.016953e-01  -0.000000e+00
    outer loop
      vertex -2.462527e+00 -1.332653e+00  1.200000e+01
      vertex -2.648288e+00 -9.091585e-01  1.150000e+01
      vertex -2.648288e+00 -9.091585e-01  1.200000e+01
    endloop
  endfacet
  facet normal  9.694002e-01  2.454857e-01  0.000000e+00
    outer loop
      vertex -2.648288e+00 -9.091585e-01  1.200000e+01
      vertex -2.648288e+00 -9.091585e-01  1.150000e+01
      vertex -2.761812e+00 -4.608648e-01  1.150000e+01
    endloop
  endfacet
  facet normal  9.694002e-01  2.454857e-01  -0.000000e+00
    outer loop
      vertex -2.648288e+00 -9.091585e-01  1.200000e+01
      vertex -2.761812e+00 -4.608648e-01  1.150000e+01
      vertex -2.761812e+00 -4.608648e-01  1.200000e+01
    endloop
  endfacet
  facet normal  9.965846e-01  8.257907e-02  0.000000e+00
    outer loop
      vertex -2.761812e+00 -4.608648e-01  1.200000e+01
      vertex -2.761812e+00 -4.608648e-01  1.150000e+01
      vertex -2.800000e+00  3.429011e-16  1.150000e+01
    endloop
  endfacet
  facet normal  9.965846e-01  8.257907e-02  -0.000000e+00
    outer loop
      vertex -2.761812e+00 -4.608648e-01  1.200000e+01
      vertex -2.800000e+00  3.429011e-16  1.150000e+01
      vertex -2.800000e+00  3.429011e-16  1.200000e+01
    endloop
  endfacet
  facet normal  1.645946e-01 -9.863613e-01  0.000000e+00
    outer loop
      vertex -2.312222e-01  2.790437e+00  1.150000e+01
      vertex -6.873594e-01  2.714321e+00  1.200000e+01
      vertex -6.873594e-01  2.714321e+00  1.150000e+01
    endloop
  endfacet
  facet normal  3.246993e-01 -9.458173e-01  0.000000e+00
    outer loop
      vertex -6.873594e-01  2.714321e+00  1.150000e+01
      vertex -6.873594e-01  2.714321e+00  1.200000e+01
      vertex -1.124747e+00  2.564165e+00  1.200000e+01
    endloop
  endfacet
  facet normal  3.246993e-01 -9.458173e-01  0.000000e+00
    outer loop
      vertex -6.873594e-01  2.714321e+00  1.150000e+01
      vertex -1.124747e+00  2.564165e+00  1.200000e+01
      vertex -1.124747e+00  2.564165e+00  1.150000e+01
    endloop
  endfacet
  facet normal  4.759475e-01 -8.794737e-01  0.000000e+00
    outer loop
      vertex -1.124747e+00  2.564165e+00  1.150000e+01
      vertex -1.124747e+00  2.564165e+00  1.200000e+01
      vertex -1.531455e+00  2.344066e+00  1.200000e+01
    endloop
  endfacet
  facet normal  4.759475e-01 -8.794737e-01  0.000000e+00
    outer loop
      vertex -1.124747e+00  2.564165e+00  1.150000e+01
      vertex -1.531455e+00  2.344066e+00  1.200000e+01
      vertex -1.531455e+00  2.344066e+00  1.150000e+01
    endloop
  endfacet
  facet normal  6.142128e-01 -7.891405e-01  0.000000e+00
    outer loop
      vertex -1.531455e+00  2.344066e+00  1.150000e+01
      vertex -1.531455e+00  2.344066e+00  1.200000e+01
      vertex -1.896388e+00  2.060027e+00  1.200000e+01
    endloop
  endfacet
  facet normal  6.142128e-01 -7.891405e-01  0.000000e+00
    outer loop
      vertex -1.531455e+00  2.344066e+00  1.150000e+01
      vertex -1.896388e+00  2.060027e+00  1.200000e+01
      vertex -1.896388e+00  2.060027e+00  1.150000e+01
    endloop
  endfacet
  facet normal  7.357237e-01 -6.772817e-01  0.000000e+00
    outer loop
      vertex -1.896388e+00  2.060027e+00  1.150000e+01
      vertex -1.896388e+00  2.060027e+00  1.200000e+01
      vertex -2.209594e+00  1.719796e+00  1.200000e+01
    endloop
  endfacet
  facet normal  7.357237e-01 -6.772817e-01  0.000000e+00
    outer loop
      vertex -1.896388e+00  2.060027e+00  1.150000e+01
      vertex -2.209594e+00  1.719796e+00  1.200000e+01
      vertex -2.209594e+00  1.719796e+00  1.150000e+01
    endloop
  endfacet
  facet normal  8.371665e-01 -5.469481e-01  0.000000e+00
    outer loop
      vertex -2.209594e+00  1.719796e+00  1.150000e+01
      vertex -2.209594e+00  1.719796e+00  1.200000e+01
      vertex -2.462527e+00  1.332653e+00  1.200000e+01
    endloop
  endfacet
  facet normal  8.371665e-01 -5.469481e-01  0.000000e+00
    outer loop
      vertex -2.209594e+00  1.719796e+00  1.150000e+01
      vertex -2.462527e+00  1.332653e+00  1.200000e+01
      vertex -2.462527e+00  1.332653e+00  1.150000e+01
    endloop
  endfacet
  facet normal  9.157734e-01 -4.016953e-01  0.000000e+00
    outer loop
      vertex -2.462527e+00  1.332653e+00  1.150000e+01
      vertex -2.462527e+00  1.332653e+00  1.200000e+01
      vertex -2.648288e+00  9.091585e-01  1.200000e+01
    endloop
  endfacet
  facet normal  9.157734e-01 -4.016953e-01  0.000000e+00
    outer loop
      vertex -2.462527e+00  1.332653e+00  1.150000e+01
      vertex -2.648288e+00  9.091585e-01  1.200000e+01
      vertex -2.648288e+00  9.091585e-01  1.150000e+01
    endloop
  endfacet
  facet normal  9.694002e-01 -2.454857e-01  0.000000e+00
    outer loop
      vertex -2.648288e+00  9.091585e-01  1.150000e+01
      vertex -2.648288e+00  9.091585e-01  1.200000e+01
      vertex -2.761812e+00  4.608648e-01  1.200000e+01
    endloop
  endfacet
  facet normal  9.694002e-01 -2.454857e-01  0.000000e+00
    outer loop
      vertex -2.648288e+00  9.091585e-01  1.150000e+01
      vertex -2.761812e+00  4.608648e-01  1.200000e+01
      vertex -2.761812e+00  4.608648e-01  1.150000e+01
    endloop
  endfacet
  facet normal  9.965846e-01 -8.257907e-02  0.000000e+00
    outer loop
      vertex -2.761812e+00  4.608648e-01  1.150000e+01
      vertex -2.761812e+00  4.608648e-01  1.200000e+01
      vertex -2.800000e+00  3.429011e-16  1.200000e+01
    endloop
  endfacet
  facet normal  9.965846e-01 -8.257907e-02  0.000000e+00
    outer loop
      vertex -2.761812e+00  4.608648e-01  1.150000e+01
      vertex -2.800000e+00  3.429011e-16  1.200000e+01
      vertex -2.800000e+00  3.429011e-16  1.150000e+01
    endloop
  endfacet
  facet normal  1.645946e-01 -9.863613e-01  0.000000e+00
    outer loop
      vertex -6.873594e-01  2.714321e+00  1.200000e+01
      vertex -2.312222e-01  2.790437e+00  1.150000e+01
      vertex -2.312222e-01  2.790437e+00  1.200000e+01
    endloop
  endfacet
  facet normal  0.000000e+00 -1.000000e+00  0.000000e+00
    outer loop
      vertex -2.312222e-01  2.790437e+00  1.200000e+01
      vertex -2.312222e-01  2.790437e+00  1.150000e+01
      vertex  2.312222e-01  2.790437e+00  1.150000e+01
    endloop
  endfacet
  facet normal  0.000000e+00 -1.000000e+00  0.000000e+00
    outer loop
      vertex -2.312222e-01  2.790437e+00  1.200000e+01
      vertex  2.312222e-01  2.790437e+00  1.150000e+01
      vertex  2.312222e-01  2.790437e+00  1.200000e+01
    endloop
  endfacet
  facet normal -1.645946e-01 -9.863613e-01  -0.000000e+00
    outer loop
      vertex  2.312222e-01  2.790437e+00  1.200000e+01
      vertex  2.312222e-01  2.790437e+00  1.150000e+01
      vertex  6.873594e-01  2.714321e+00  1.150000e+01
    endloop
  endfacet
  facet normal -1.645946e-01 -9.863613e-01  0.000000e+00
    outer loop
      vertex  2.312222e-01  2.790437e+00  1.200000e+01
      vertex  6.873594e-01  2.714321e+00  1.150000e+01
      vertex  6.873594e-01  2.714321e+00  1.200000e+01
    endloop
  endfacet
  facet normal -3.246993e-01 -9.458173e-01  -0.000000e+00
    outer loop
      vertex  6.873594e-01  2.714321e+00  1.200000e+01
      vertex  6.873594e-01  2.714321e+00  1.150000e+01
      vertex  1.124747e+00  2.564165e+00  1.150000e+01
    endloop
  endfacet
  facet normal -3.246993e-01 -9.458173e-01  0.000000e+00
    outer loop
      vertex  6.873594e-01  2.714321e+00  1.200000e+01
      vertex  1.124747e+00  2.564165e+00  1.150000e+01
      vertex  1.124747e+00  2.564165e+00  1.200000e+01
    endloop
  endfacet
  facet normal -4.759475e-01 -8.794737e-01  -0.000000e+00
    outer loop
      vertex  1.124747e+00  2.564165e+00  1.200000e+01
      vertex  1.124747e+00  2.564165e+00  1.150000e+01
      vertex  1.531455e+00  2.344066e+00  1.150000e+01
    endloop
  endfacet
  facet normal -4.759475e-01 -8.794737e-01  0.000000e+00
    outer loop
      vertex  1.124747e+00  2.564165e+00  1.200000e+01
      vertex  1.531455e+00  2.344066e+00  1.150000e+01
      vertex  1.531455e+00  2.344066e+00  1.200000e+01
    endloop
  endfacet
  facet normal -6.142128e-01 -7.891405e-01  -0.000000e+00
    outer loop
      vertex  1.531455e+00  2.344066e+00  1.200000e+01
      vertex  1.531455e+00  2.344066e+00  1.150000e+01
      vertex  1.896388e+00  2.060027e+00  1.150000e+01
    endloop
  endfacet
  facet normal -6.142128e-01 -7.891405e-01  0.000000e+00
    outer loop
      vertex  1.531455e+00  2.344066e+00  1.200000e+01
      vertex  1.896388e+00  2.060027e+00  1.150000e+01
      vertex  1.896388e+00  2.060027e+00  1.200000e+01
    endloop
  endfacet
  facet normal -7.357237e-01 -6.772817e-01  -0.000000e+00
    outer loop
      vertex  1.896388e+00  2.060027e+00  1.200000e+01
      vertex  1.896388e+00  2.060027e+00  1.150000e+01
      vertex  2.209594e+00  1.719796e+00  1.150000e+01
    endloop
  endfacet
  facet normal -7.357237e-01 -6.772817e-01  0.000000e+00
    outer loop
      vertex  1.896388e+00  2.060027e+00  1.200000e+01
      vertex  2.209594e+00  1.719796e+00  1.150000e+01
      vertex  2.209594e+00  1.719796e+00  1.200000e+01
    endloop
  endfacet
  facet normal -8.371665e-01 -5.469481e-01  -0.000000e+00
    outer loop
      vertex  2.209594e+00  1.719796e+00  1.200000e+01
      vertex  2.209594e+00  1.719796e+00  1.150000e+01
      vertex  2.462527e+00  1.332653e+00  1.150000e+01
    endloop
  endfacet
  facet normal -8.371665e-01 -5.469481e-01  0.000000e+00
    outer loop
      vertex  2.209594e+00  1.719796e+00  1.200000e+01
      vertex  2.462527e+00  1.332653e+00  1.150000e+01
      vertex  2.462527e+00  1.332653e+00  1.200000e+01
    endloop
  endfacet
  facet normal -9.157734e-01 -4.016953e-01  -0.000000e+00
    outer loop
      vertex  2.462527e+00  1.332653e+00  1.200000e+01
      vertex  2.462527e+00  1.332653e+00  1.150000e+01
      vertex  2.648288e+00  9.091585e-01  1.150000e+01
    endloop
  endfacet
  facet normal -9.157734e-01 -4.016953e-01  0.000000e+00
    outer loop
      vertex  2.462527e+00  1.332653e+00  1.200000e+01
      vertex  2.648288e+00  9.091585e-01  1.150000e+01
      vertex  2.648288e+00  9.091585e-01  1.200000e+01
    endloop
  endfacet
  facet normal -9.694002e-01 -2.454857e-01  -0.000000e+00
    outer loop
      vertex  2.648288e+00  9.091585e-01  1.200000e+01
      vertex  2.648288e+00  9.091585e-01  1.150000e+01
      vertex  2.761812e+00  4.608648e-01  1.150000e+01
    endloop
  endfacet
  facet normal -9.694002e-01 -2.454857e-01  0.000000e+00
    outer loop
      vertex  2.648288e+00  9.091585e-01  1.200000e+01
      vertex  2.761812e+00  4.608648e-01  1.150000e+01
      vertex  2.761812e+00  4.608648e-01  1.200000e+01
    endloop
  endfacet
  facet normal -9.965846e-01 -8.257907e-02  -0.000000e+00
    outer loop
      vertex  2.761812e+00  4.608648e-01  1.200000e+01
      vertex  2.761812e+00  4.608648e-01  1.150000e+01
      vertex  2.800000e+00  0.000000e+00  1.150000e+01
    endloop
  endfacet
  facet normal -9.965846e-01 -8.257907e-02  0.000000e+00
    outer loop
      vertex  2.761812e+00  4.608648e-01  1.200000e+01
      vertex  2.800000e+00  0.000000e+00  1.150000e+01
      vertex  2.800000e+00  0.000000e+00  1.200000e+01
    endloop
  endfacet
  facet normal -1.645945e-01  9.863613e-01  0.000000e+00
    outer loop
      vertex -1.576878e+01 -2.790437e+00  1.150000e+01
      vertex -1.531264e+01 -2.714321e+00  1.200000e+01
      vertex -1.531264e+01 -2.714321e+00  1.150000e+01
    endloop
  endfacet
  facet normal -3.246995e-01  9.458173e-01  0.000000e+00
    outer loop
      vertex -1.531264e+01 -2.714321e+00  1.150000e+01
      vertex -1.531264e+01 -2.714321e+00  1.200000e+01
      vertex -1.487525e+01 -2.564165e+00  1.200000e+01
    endloop
  endfacet
  facet normal -3.246995e-01  9.458173e-01  0.000000e+00
    outer loop
      vertex -1.531264e+01 -2.714321e+00  1.150000e+01
      vertex -1.487525e+01 -2.564165e+00  1.200000e+01
      vertex -1.487525e+01 -2.564165e+00  1.150000e+01
    endloop
  endfacet
  facet normal -4.759474e-01  8.794738e-01  0.000000e+00
    outer loop
      vertex -1.487525e+01 -2.564165e+00  1.150000e+01
      vertex -1.487525e+01 -2.564165e+00  1.200000e+01
      vertex -1.446854e+01 -2.344066e+00  1.200000e+01
    endloop
  endfacet
  facet normal -4.759474e-01  8.794738e-01  0.000000e+00
    outer loop
      vertex -1.487525e+01 -2.564165e+00  1.150000e+01
      vertex -1.446854e+01 -2.344066e+00  1.200000e+01
      vertex -1.446854e+01 -2.344066e+00  1.150000e+01
    endloop
  endfacet
  facet normal -6.142134e-01  7.891400e-01  0.000000e+00
    outer loop
      vertex -1.446854e+01 -2.344066e+00  1.150000e+01
      vertex -1.446854e+01 -2.344066e+00  1.200000e+01
      vertex -1.410361e+01 -2.060027e+00  1.200000e+01
    endloop
  endfacet
  facet normal -6.142134e-01  7.891400e-01  0.000000e+00
    outer loop
      vertex -1.446854e+01 -2.344066e+00  1.150000e+01
      vertex -1.410361e+01 -2.060027e+00  1.200000e+01
      vertex -1.410361e+01 -2.060027e+00  1.150000e+01
    endloop
  endfacet
  facet normal -7.357231e-01  6.772825e-01  0.000000e+00
    outer loop
      vertex -1.410361e+01 -2.060027e+00  1.150000e+01
      vertex -1.410361e+01 -2.060027e+00  1.200000e+01
      vertex -1.379041e+01 -1.719796e+00  1.200000e+01
    endloop
  endfacet
  facet normal -7.357231e-01  6.772825e-01  0.000000e+00
    outer loop
      vertex -1.410361e+01 -2.060027e+00  1.150000e+01
      vertex -1.379041e+01 -1.719796e+00  1.200000e+01
      vertex -1.379041e+01 -1.719796e+00  1.150000e+01
    endloop
  endfacet
  facet normal -8.371670e-01  5.469474e-01  0.000000e+00
    outer loop
      vertex -1.379041e+01 -1.719796e+00  1.150000e+01
      vertex -1.379041e+01 -1.719796e+00  1.200000e+01
      vertex -1.353747e+01 -1.332653e+00  1.200000e+01
    endloop
  endfacet
  facet normal -8.371670e-01  5.469474e-01  0.000000e+00
    outer loop
      vertex -1.379041e+01 -1.719796e+00  1.150000e+01
      vertex -1.353747e+01 -1.332653e+00  1.200000e+01
      vertex -1.353747e+01 -1.332653e+00  1.150000e+01
    endloop
  endfacet
  facet normal -9.157729e-01  4.016966e-01  0.000000e+00
    outer loop
      vertex -1.353747e+01 -1.332653e+00  1.150000e+01
      vertex -1.353747e+01 -1.332653e+00  1.200000e+01
      vertex -1.335171e+01 -9.091585e-01  1.200000e+01
    endloop
  endfacet
  facet normal -9.157729e-01  4.016966e-01  0.000000e+00
    outer loop
      vertex -1.353747e+01 -1.332653e+00  1.150000e+01
      vertex -1.335171e+01 -9.091585e-01  1.200000e+01
      vertex -1.335171e+01 -9.091585e-01  1.150000e+01
    endloop
  endfacet
  facet normal -9.694008e-01  2.454838e-01  0.000000e+00
    outer loop
      vertex -1.335171e+01 -9.091585e-01  1.150000e+01
      vertex -1.335171e+01 -9.091585e-01  1.200000e+01
      vertex -1.323819e+01 -4.608648e-01  1.200000e+01
    endloop
  endfacet
  facet normal -9.694008e-01  2.454838e-01  0.000000e+00
    outer loop
      vertex -1.335171e+01 -9.091585e-01  1.150000e+01
      vertex -1.323819e+01 -4.608648e-01  1.200000e+01
      vertex -1.323819e+01 -4.608648e-01  1.150000e+01
    endloop
  endfacet
  facet normal -9.965844e-01  8.258060e-02  0.000000e+00
    outer loop
      vertex -1.323819e+01 -4.608648e-01  1.150000e+01
      vertex -1.323819e+01 -4.608648e-01  1.200000e+01
      vertex -1.320000e+01  0.000000e+00  1.200000e+01
    endloop
  endfacet
  facet normal -9.965844e-01  8.258060e-02  0.000000e+00
    outer loop
      vertex -1.323819e+01 -4.608648e-01  1.150000e+01
      vertex -1.320000e+01  0.000000e+00  1.200000e+01
      vertex -1.320000e+01  0.000000e+00  1.150000e+01
    endloop
  endfacet
  facet normal -1.645945e-01  9.863613e-01  0.000000e+00
    outer loop
      vertex -1.531264e+01 -2.714321e+00  1.200000e+01
      vertex -1.576878e+01 -2.790437e+00  1.150000e+01
      vertex -1.576878e+01 -2.790437e+00  1.200000e+01
    endloop
  endfacet
  facet normal  0.000000e+00  1.000000e+00  0.000000e+00
    outer loop
      vertex -1.576878e+01 -2.790437e+00  1.200000e+01
      vertex -1.576878e+01 -2.790437e+00  1.150000e+01
      vertex -1.623122e+01 -2.790437e+00  1.150000e+01
    endloop
  endfacet
  facet normal  0.000000e+00  1.000000e+00  0.000000e+00
    outer loop
      vertex -1.576878e+01 -2.790437e+00  1.200000e+01
      vertex -1.623122e+01 -2.790437e+00  1.150000e+01
      vertex -1.623122e+01 -2.790437e+00  1.200000e+01
    endloop
  endfacet
  facet normal  1.645948e-01  9.863612e-01  0.000000e+00
    outer loop
      vertex -1.623122e+01 -2.790437e+00  1.200000e+01
      vertex -1.623122e+01 -2.790437e+00  1.150000e+01
      vertex -1.668736e+01 -2.714321e+00  1.150000e+01
    endloop
  endfacet
  facet normal  1.645948e-01  9.863612e-01  -0.000000e+00
    outer loop
      vertex -1.623122e+01 -2.790437e+00  1.200000e+01
      vertex -1.668736e+01 -2.714321e+00  1.150000e+01
      vertex -1.668736e+01 -2.714321e+00  1.200000e+01
    endloop
  endfacet
  facet normal  3.246995e-01  9.458173e-01  0.000000e+00
    outer loop
      vertex -1.668736e+01 -2.714321e+00  1.200000e+01
      vertex -1.668736e+01 -2.714321e+00  1.150000e+01
      vertex -1.712475e+01 -2.564165e+00  1.150000e+01
    endloop
  endfacet
  facet normal  3.246995e-01  9.458173e-01  -0.000000e+00
    outer loop
      vertex -1.668736e+01 -2.714321e+00  1.200000e+01
      vertex -1.712475e+01 -2.564165e+00  1.150000e+01
      vertex -1.712475e+01 -2.564165e+00  1.200000e+01
    endloop
  endfacet
  facet normal  4.759474e-01  8.794738e-01  0.000000e+00
    outer loop
      vertex -1.712475e+01 -2.564165e+00  1.200000e+01
      vertex -1.712475e+01 -2.564165e+00  1.150000e+01
      vertex -1.753145e+01 -2.344066e+00  1.150000e+01
    endloop
  endfacet
  facet normal  4.759474e-01  8.794738e-01  -0.000000e+00
    outer loop
      vertex -1.712475e+01 -2.564165e+00  1.200000e+01
      vertex -1.753145e+01 -2.344066e+00  1.150000e+01
      vertex -1.753145e+01 -2.344066e+00  1.200000e+01
    endloop
  endfacet
  facet normal  6.142114e-01  7.891415e-01  0.000000e+00
    outer loop
      vertex -1.753145e+01 -2.344066e+00  1.200000e+01
      vertex -1.753145e+01 -2.344066e+00  1.150000e+01
      vertex -1.789639e+01 -2.060027e+00  1.150000e+01
    endloop
  endfacet
  facet normal  6.142114e-01  7.891415e-01  -0.000000e+00
    outer loop
      vertex -1.753145e+01 -2.344066e+00  1.200000e+01
      vertex -1.789639e+01 -2.060027e+00  1.150000e+01
      vertex -1.789639e+01 -2.060027e+00  1.200000e+01
    endloop
  endfacet
  facet normal  7.357252e-01  6.772802e-01  0.000000e+00
    outer loop
      vertex -1.789639e+01 -2.060027e+00  1.200000e+01
      vertex -1.789639e+01 -2.060027e+00  1.150000e+01
      vertex -1.820959e+01 -1.719796e+00  1.150000e+01
    endloop
  endfacet
  facet normal  7.357252e-01  6.772802e-01  -0.000000e+00
    outer loop
      vertex -1.789639e+01 -2.060027e+00  1.200000e+01
      vertex -1.820959e+01 -1.719796e+00  1.150000e+01
      vertex -1.820959e+01 -1.719796e+00  1.200000e+01
    endloop
  endfacet
  facet normal  8.371661e-01  5.469489e-01  0.000000e+00
    outer loop
      vertex -1.820959e+01 -1.719796e+00  1.200000e+01
      vertex -1.820959e+01 -1.719796e+00  1.150000e+01
      vertex -1.846253e+01 -1.332653e+00  1.150000e+01
    endloop
  endfacet
  facet normal  8.371661e-01  5.469489e-01  -0.000000e+00
    outer loop
      vertex -1.820959e+01 -1.719796e+00  1.200000e+01
      vertex -1.846253e+01 -1.332653e+00  1.150000e+01
      vertex -1.846253e+01 -1.332653e+00  1.200000e+01
    endloop
  endfacet
  facet normal  9.157729e-01  4.016966e-01  0.000000e+00
    outer loop
      vertex -1.846253e+01 -1.332653e+00  1.200000e+01
      vertex -1.846253e+01 -1.332653e+00  1.150000e+01
      vertex -1.864829e+01 -9.091585e-01  1.150000e+01
    endloop
  endfacet
  facet normal  9.157729e-01  4.016966e-01  -0.000000e+00
    outer loop
      vertex -1.846253e+01 -1.332653e+00  1.200000e+01
      vertex -1.864829e+01 -9.091585e-01  1.150000e+01
      vertex -1.864829e+01 -9.091585e-01  1.200000e+01
    endloop
  endfacet
  facet normal  9.694002e-01  2.454857e-01  0.000000e+00
    outer loop
      vertex -1.864829e+01 -9.091585e-01  1.200000e+01
      vertex -1.864829e+01 -9.091585e-01  1.150000e+01
      vertex -1.876181e+01 -4.608648e-01  1.150000e+01
    endloop
  endfacet
  facet normal  9.694002e-01  2.454857e-01  -0.000000e+00
    outer loop
      vertex -1.864829e+01 -9.091585e-01  1.200000e+01
      vertex -1.876181e+01 -4.608648e-01  1.150000e+01
      vertex -1.876181e+01 -4.608648e-01  1.200000e+01
    endloop
  endfacet
  facet normal  9.965847e-01  8.257650e-02  0.000000e+00
    outer loop
      vertex -1.876181e+01 -4.608648e-01  1.200000e+01
      vertex -1.876181e+01 -4.608648e-01  1.150000e+01
      vertex -1.880000e+01  3.429011e-16  1.150000e+01
    endloop
  endfacet
  facet normal  9.965847e-01  8.257650e-02  -0.000000e+00
    outer loop
      vertex -1.876181e+01 -4.608648e-01  1.200000e+01
      vertex -1.880000e+01  3.429011e-16  1.150000e+01
      vertex -1.880000e+01  3.429011e-16  1.200000e+01
    endloop
  endfacet
  facet normal  1.645948e-01 -9.863612e-01  0.000000e+00
    outer loop
      vertex -1.623122e+01  2.790437e+00  1.150000e+01
      vertex -1.668736e+01  2.714321e+00  1.200000e+01
      vertex -1.668736e+01  2.714321e+00  1.150000e+01
    endloop
  endfacet
  facet normal  3.246995e-01 -9.458173e-01  0.000000e+00
    outer loop
      vertex -1.668736e+01  2.714321e+00  1.150000e+01
      vertex -1.668736e+01  2.714321e+00  1.200000e+01
      vertex -1.712475e+01  2.564165e+00  1.200000e+01
    endloop
  endfacet
  facet normal  3.246995e-01 -9.458173e-01  0.000000e+00
    outer loop
      vertex -1.668736e+01  2.714321e+00  1.150000e+01
      vertex -1.712475e+01  2.564165e+00  1.200000e+01
      vertex -1.712475e+01  2.564165e+00  1.150000e+01
    endloop
  endfacet
  facet normal  4.759474e-01 -8.794738e-01  0.000000e+00
    outer loop
      vertex -1.712475e+01  2.564165e+00  1.150000e+01
      vertex -1.712475e+01  2.564165e+00  1.200000e+01
      vertex -1.753145e+01  2.344066e+00  1.200000e+01
    endloop
  endfacet
  facet normal  4.759474e-01 -8.794738e-01  0.000000e+00
    outer loop
      vertex -1.712475e+01  2.564165e+00  1.150000e+01
      vertex -1.753145e+01  2.344066e+00  1.200000e+01
      vertex -1.753145e+01  2.344066e+00  1.150000e+01
    endloop
  endfacet
  facet normal  6.142114e-01 -7.891415e-01  0.000000e+00
    outer loop
      vertex -1.753145e+01  2.344066e+00  1.150000e+01
      vertex -1.753145e+01  2.344066e+00  1.200000e+01
      vertex -1.789639e+01  2.060027e+00  1.200000e+01
    endloop
  endfacet
  facet normal  6.142114e-01 -7.891415e-01  0.000000e+00
    outer loop
      vertex -1.753145e+01  2.344066e+00  1.150000e+01
      vertex -1.789639e+01  2.060027e+00  1.200000e+01
      vertex -1.789639e+01  2.060027e+00  1.150000e+01
    endloop
  endfacet
  facet normal  7.357252e-01 -6.772802e-01  0.000000e+00
    outer loop
      vertex -1.789639e+01  2.060027e+00  1.150000e+01
      vertex -1.789639e+01  2.060027e+00  1.200000e+01
      vertex -1.820959e+01  1.719796e+00  1.200000e+01
    endloop
  endfacet
  facet normal  7.357252e-01 -6.772802e-01  0.000000e+00
    outer loop
      vertex -1.789639e+01  2.060027e+00  1.150000e+01
      vertex -1.820959e+01  1.719796e+00  1.200000e+01
      vertex -1.820959e+01  1.719796e+00  1.150000e+01
    endloop
  endfacet
  facet normal  8.371661e-01 -5.469489e-01  0.000000e+00
    outer loop
      vertex -1.820959e+01  1.719796e+00  1.150000e+01
      vertex -1.820959e+01  1.719796e+00  1.200000e+01
      vertex -1.846253e+01  1.332653e+00  1.200000e+01
    endloop
  endfacet
  facet normal  8.371661e-01 -5.469489e-01  0.000000e+00
    outer loop
      vertex -1.820959e+01  1.719796e+00  1.150000e+01
      vertex -1.846253e+01  1.332653e+00  1.200000e+01
      vertex -1.846253e+01  1.332653e+00  1.150000e+01
    endloop
  endfacet
  facet normal  9.157729e-01 -4.016966e-01  0.000000e+00
    outer loop
      vertex -1.846253e+01  1.332653e+00  1.150000e+01
      vertex -1.846253e+01  1.332653e+00  1.200000e+01
      vertex -1.864829e+01  9.091585e-01  1.200000e+01
    endloop
  endfacet
  facet normal  9.157729e-01 -4.016966e-01  0.000000e+00
    outer loop
      vertex -1.846253e+01  1.332653e+00  1.150000e+01
      vertex -1.864829e+01  9.091585e-01  1.200000e+01
      vertex -1.864829e+01  9.091585e-01  1.150000e+01
    endloop
  endfacet
  facet normal  9.694002e-01 -2.454857e-01  0.000000e+00
    outer loop
      vertex -1.864829e+01  9.091585e-01  1.150000e+01
      vertex -1.864829e+01  9.091585e-01  1.200000e+01
      vertex -1.876181e+01  4.608648e-01  1.200000e+01
    endloop
  endfacet
  facet normal  9.694002e-01 -2.454857e-01  0.000000e+00
    outer loop
      vertex -1.864829e+01  9.091585e-01  1.150000e+01
      vertex -1.876181e+01  4.608648e-01  1.200000e+01
      vertex -1.876181e+01  4.608648e-01  1.150000e+01
    endloop
  endfacet
  facet normal  9.965847e-01 -8.257650e-02  0.000000e+00
    outer loop
      vertex -1.876181e+01  4.608648e-01  1.150000e+01
      vertex -1.876181e+01  4.608648e-01  1.200000e+01
      vertex -1.880000e+01  3.429011e-16  1.200000e+01
    endloop
  endfacet
  facet normal  9.965847e-01 -8.257650e-02  0.000000e+00
    outer loop
      vertex -1.876181e+01  4.608648e-01  1.150000e+01
      vertex -1.880000e+01  3.429011e-16  1.200000e+01
      vertex -1.880000e+01  3.429011e-16  1.150000e+01
    endloop
  endfacet
  facet normal  1.645948e-01 -9.863612e-01  0.000000e+00
    outer loop
      vertex -1.668736e+01  2.714321e+00  1.200000e+01
      vertex -1.623122e+01  2.790437e+00  1.150000e+01
      vertex -1.623122e+01  2.790437e+00  1.200000e+01
    endloop
  endfacet
  facet normal  0.000000e+00 -1.000000e+00  0.000000e+00
    outer loop
      vertex -1.623122e+01  2.790437e+00  1.200000e+01
      vertex -1.623122e+01  2.790437e+00  1.150000e+01
      vertex -1.576878e+01  2.790437e+00  1.150000e+01
    endloop
  endfacet
  facet normal  0.000000e+00 -1.000000e+00  0.000000e+00
    outer loop
      vertex -1.623122e+01  2.790437e+00  1.200000e+01
      vertex -1.576878e+01  2.790437e+00  1.150000e+01
      vertex -1.576878e+01  2.790437e+00  1.200000e+01
    endloop
  endfacet
  facet normal -1.645945e-01 -9.863613e-01  -0.000000e+00
    outer loop
      vertex -1.576878e+01  2.790437e+00  1.200000e+01
      vertex -1.576878e+01  2.790437e+00  1.150000e+01
      vertex -1.531264e+01  2.714321e+00  1.150000e+01
    endloop
  endfacet
  facet normal -1.645945e-01 -9.863613e-01  0.000000e+00
    outer loop
      vertex -1.576878e+01  2.790437e+00  1.200000e+01
      vertex -1.531264e+01  2.714321e+00  1.150000e+01
      vertex -1.531264e+01  2.714321e+00  1.200000e+01
    endloop
  endfacet
  facet normal -3.246995e-01 -9.458173e-01  -0.000000e+00
    outer loop
      vertex -1.531264e+01  2.714321e+00  1.200000e+01
      vertex -1.531264e+01  2.714321e+00  1.150000e+01
      vertex -1.487525e+01  2.564165e+00  1.150000e+01
    endloop
  endfacet
  facet normal -3.246995e-01 -9.458173e-01  0.000000e+00
    outer loop
      vertex -1.531264e+01  2.714321e+00  1.200000e+01
      vertex -1.487525e+01  2.564165e+00  1.150000e+01
      vertex -1.487525e+01  2.564165e+00  1.200000e+01
    endloop
  endfacet
  facet normal -4.759474e-01 -8.794738e-01  -0.000000e+00
    outer loop
      vertex -1.487525e+01  2.564165e+00  1.200000e+01
      vertex -1.487525e+01  2.564165e+00  1.150000e+01
      vertex -1.446854e+01  2.344066e+00  1.150000e+01
    endloop
  endfacet
  facet normal -4.759474e-01 -8.794738e-01  0.000000e+00
    outer loop
      vertex -1.487525e+01  2.564165e+00  1.200000e+01
      vertex -1.446854e+01  2.344066e+00  1.150000e+01
      vertex -1.446854e+01  2.344066e+00  1.200000e+01
    endloop
  endfacet
  facet normal -6.142134e-01 -7.891400e-01  -0.000000e+00
    outer loop
      vertex -1.446854e+01  2.344066e+00  1.200000e+01
      vertex -1.446854e+01  2.344066e+00  1.150000e+01
      vertex -1.410361e+01  2.060027e+00  1.150000e+01
    endloop
  endfacet
  facet normal -6.142134e-01 -7.891400e-01  0.000000e+00
    outer loop
      vertex -1.446854e+01  2.344066e+00  1.200000e+01
      vertex -1.410361e+01  2.060027e+00  1.150000e+01
      vertex -1.410361e+01  2.060027e+00  1.200000e+01
    endloop
  endfacet
  facet normal -7.357231e-01 -6.772825e-01  -0.000000e+00
    outer loop
      vertex -1.410361e+01  2.060027e+00  1.200000e+01
      vertex -1.410361e+01  2.060027e+00  1.150000e+01
      vertex -1.379041e+01  1.719796e+00  1.150000e+01
    endloop
  endfacet
  facet normal -7.357231e-01 -6.772825e-01  0.000000e+00
    outer loop
      vertex -1.410361e+01  2.060027e+00  1.200000e+01
      vertex -1.379041e+01  1.719796e+00  1.150000e+01
      vertex -1.379041e+01  1.719796e+00  1.200000e+01
    endloop
  endfacet
  facet normal -8.371670e-01 -5.469474e-01  -0.000000e+00
    outer loop
      vertex -1.379041e+01  1.719796e+00  1.200000e+01
      vertex -1.379041e+01  1.719796e+00  1.150000e+01
      vertex -1.353747e+01  1.332653e+00  1.150000e+01
    endloop
  endfacet
  facet normal -8.371670e-01 -5.469474e-01  0.000000e+00
    outer loop
      vertex -1.379041e+01  1.719796e+00  1.200000e+01
      vertex -1.353747e+01  1.332653e+00  1.150000e+01
      vertex -1.353747e+01  1.332653e+00  1.200000e+01
    endloop
  endfacet
  facet normal -9.157729e-01 -4.016966e-01  -0.000000e+00
    outer loop
      vertex -1.353747e+01  1.332653e+00  1.200000e+01
      vertex -1.353747e+01  1.332653e+00  1.150000e+01
      vertex -1.335171e+01  9.091585e-01  1.150000e+01
    endloop
  endfacet
  facet normal -9.157729e-01 -4.016966e-01  0.000000e+00
    outer loop
      vertex -1.353747e+01  1.332653e+00  1.200000e+01
      vertex -1.335171e+01  9.091585e-01  1.150000e+01
      vertex -1.335171e+01  9.091585e-01  1.200000e+01
    endloop
  endfacet
  facet normal -9.694008e-01 -2.454838e-01  -0.000000e+00
    outer loop
      vertex -1.335171e+01  9.091585e-01  1.200000e+01
      vertex -1.335171e+01  9.091585e-01  1.150000e+01
      vertex -1.323819e+01  4.608648e-01  1.150000e+01
    endloop
  endfacet
  facet normal -9.694008e-01 -2.454838e-01  0.000000e+00
    outer loop
      vertex -1.335171e+01  9.091585e-01  1.200000e+01
      vertex -1.323819e+01  4.608648e-01  1.150000e+01
      vertex -1.323819e+01  4.608648e-01  1.200000e+01
    endloop
  endfacet
  facet normal -9.965844e-01 -8.258060e-02  -0.000000e+00
    outer loop
      vertex -1.323819e+01  4.608648e-01  1.200000e+01
      vertex -1.323819e+01  4.608648e-01  1.150000e+01
      vertex -1.320000e+01  0.000000e+00  1.150000e+01
    endloop
  endfacet
  facet normal -9.965844e-01 -8.258060e-02  0.000000e+00
    outer loop
      vertex -1.323819e+01  4.608648e-01  1.200000e+01
      vertex -1.320000e+01  0.000000e+00  1.150000e+01
      vertex -1.320000e+01  0.000000e+00  1.200000e+01
    endloop
  endfacet
  facet normal  -0.000000e+00  0.000000e+00  1.000000e+00
    outer loop
      vertex  1.621884e+01  2.640949e+00  3.500000e+00
      vertex  1.578117e+01  2.640949e+00  3.500000e+00
      vertex  1.665054e+01  2.568911e+00  3.500000e+00
    endloop
  endfacet
  facet normal  0.000000e+00  0.000000e+00  1.000000e+00
    outer loop
      vertex  1.665054e+01  2.568911e+00  3.500000e+00
      vertex  1.578117e+01  2.640949e+00  3.500000e+00
      vertex  1.534946e+01  2.568911e+00  3.500000e+00
    endloop
  endfacet
  facet normal  -0.000000e+00  0.000000e+00  1.000000e+00
    outer loop
      vertex  1.665054e+01  2.568911e+00  3.500000e+00
      vertex  1.534946e+01  2.568911e+00  3.500000e+00
      vertex  1.706449e+01  2.426799e+00  3.500000e+00
    endloop
  endfacet
  facet normal  0.000000e+00  0.000000e+00  1.000000e+00
    outer loop
      vertex  1.706449e+01  2.426799e+00  3.500000e+00
      vertex  1.534946e+01  2.568911e+00  3.500000e+00
      vertex  1.493551e+01  2.426799e+00  3.500000e+00
    endloop
  endfacet
  facet normal  -0.000000e+00  0.000000e+00  1.000000e+00
    outer loop
      vertex  1.706449e+01  2.426799e+00  3.500000e+00
      vertex  1.493551e+01  2.426799e+00  3.500000e+00
      vertex  1.744941e+01  2.218491e+00  3.500000e+00
    endloop
  endfacet
  facet normal  0.000000e+00  0.000000e+00  9.999999e-01
    outer loop
      vertex  1.744941e+01  2.218491e+00  3.500000e+00
      vertex  1.493551e+01  2.426799e+00  3.500000e+00
      vertex  1.455059e+01  2.218491e+00  3.500000e+00
    endloop
  endfacet
  facet normal  -0.000000e+00  0.000000e+00  1.000000e+00
    outer loop
      vertex  1.744941e+01  2.218491e+00  3.500000e+00
      vertex  1.455059e+01  2.218491e+00  3.500000e+00
      vertex  1.779480e+01  1.949668e+00  3.500000e+00
    endloop
  endfacet
  facet normal  0.000000e+00  0.000000e+00  9.999999e-01
    outer loop
      vertex  1.779480e+01  1.949668e+00  3.500000e+00
      vertex  1.455059e+01  2.218491e+00  3.500000e+00
      vertex  1.420520e+01  1.949668e+00  3.500000e+00
    endloop
  endfacet
  facet normal  -0.000000e+00  0.000000e+00  1.000000e+00
    outer loop
      vertex  1.779480e+01  1.949668e+00  3.500000e+00
      vertex  1.420520e+01  1.949668e+00  3.500000e+00
      vertex  1.809122e+01  1.627664e+00  3.500000e+00
    endloop
  endfacet
  facet normal  0.000000e+00  0.000000e+00  1.000000e+00
    outer loop
      vertex  1.809122e+01  1.627664e+00  3.500000e+00
      vertex  1.420520e+01  1.949668e+00  3.500000e+00
      vertex  1.390878e+01  1.627664e+00  3.500000e+00
    endloop
  endfacet
  facet normal  -0.000000e+00  0.000000e+00  1.000000e+00
    outer loop
      vertex  1.809122e+01  1.627664e+00  3.500000e+00
      vertex  1.390878e+01  1.627664e+00  3.500000e+00
      vertex  1.833060e+01  1.261261e+00  3.500000e+00
    endloop
  endfacet
  facet normal  0.000000e+00  0.000000e+00  1.000000e+00
    outer loop
      vertex  1.833060e+01  1.261261e+00  3.500000e+00
      vertex  1.390878e+01  1.627664e+00  3.500000e+00
      vertex  1.366939e+01  1.261261e+00  3.500000e+00
    endloop
  endfacet
  facet normal  -0.000000e+00  0.000000e+00  1.000000e+00
    outer loop
      vertex  1.833060e+01  1.261261e+00  3.500000e+00
      vertex  1.366939e+01  1.261261e+00  3.500000e+00
      vertex  1.850642e+01  8.604536e-01  3.500000e+00
    endloop
  endfacet
  facet normal  0.000000e+00  0.000000e+00  1.000000e+00
    outer loop
      vertex  1.850642e+01  8.604536e-01  3.500000e+00
      vertex  1.366939e+01  1.261261e+00  3.500000e+00
      vertex  1.349358e+01  8.604536e-01  3.500000e+00
    endloop
  endfacet
  facet normal  -0.000000e+00  0.000000e+00  1.000000e+00
    outer loop
      vertex  1.850642e+01  8.604536e-01  3.500000e+00
      vertex  1.349358e+01  8.604536e-01  3.500000e+00
      vertex  1.861386e+01  4.361757e-01  3.500000e+00
    endloop
  endfacet
  facet normal  0.000000e+00  0.000000e+00  1.000000e+00
    outer loop
      vertex  1.861386e+01  4.361757e-01  3.500000e+00
      vertex  1.349358e+01  8.604536e-01  3.500000e+00
      vertex  1.338614e+01  4.361757e-01  3.500000e+00
    endloop
  endfacet
  facet normal  -0.000000e+00  0.000000e+00  1.000000e+00
    outer loop
      vertex  1.861386e+01  4.361757e-01  3.500000e+00
      vertex  1.338614e+01  4.361757e-01  3.500000e+00
      vertex  1.865000e+01  0.000000e+00  3.500000e+00
    endloop
  endfacet
  facet normal  0.000000e+00  0.000000e+00  1.000000e+00
    outer loop
      vertex  1.865000e+01  0.000000e+00  3.500000e+00
      vertex  1.338614e+01  4.361757e-01  3.500000e+00
      vertex  1.335000e+01  1.501368e-15  3.500000e+00
    endloop
  endfacet
  facet normal  0.000000e+00  0.000000e+00  1.000000e+00
    outer loop
      vertex  1.865000e+01  0.000000e+00  3.500000e+00
      vertex  1.335000e+01  1.501368e-15  3.500000e+00
      vertex  1.861386e+01 -4.361757e-01  3.500000e+00
    endloop
  endfacet
  facet normal  0.000000e+00  0.000000e+00  1.000000e+00
    outer loop
      vertex  1.861386e+01 -4.361757e-01  3.500000e+00
      vertex  1.335000e+01  1.501368e-15  3.500000e+00
      vertex  1.338614e+01 -4.361757e-01  3.500000e+00
    endloop
  endfacet
  facet normal  -0.000000e+00  0.000000e+00  1.000000e+00
    outer loop
      vertex  1.861386e+01 -4.361757e-01  3.500000e+00
      vertex  1.338614e+01 -4.361757e-01  3.500000e+00
      vertex  1.850642e+01 -8.604536e-01  3.500000e+00
    endloop
  endfacet
  facet normal  0.000000e+00  0.000000e+00  1.000000e+00
    outer loop
      vertex  1.850642e+01 -8.604536e-01  3.500000e+00
      vertex  1.338614e+01 -4.361757e-01  3.500000e+00
      vertex  1.349358e+01 -8.604536e-01  3.500000e+00
    endloop
  endfacet
  facet normal  -0.000000e+00  0.000000e+00  1.000000e+00
    outer loop
      vertex  1.850642e+01 -8.604536e-01  3.500000e+00
      vertex  1.349358e+01 -8.604536e-01  3.500000e+00
      vertex  1.833060e+01 -1.261261e+00  3.500000e+00
    endloop
  endfacet
  facet normal  0.000000e+00  0.000000e+00  1.000000e+00
    outer loop
      vertex  1.833060e+01 -1.261261e+00  3.500000e+00
      vertex  1.349358e+01 -8.604536e-01  3.500000e+00
      vertex  1.366939e+01 -1.261261e+00  3.500000e+00
    endloop
  endfacet
  facet normal  -0.000000e+00  0.000000e+00  1.000000e+00
    outer loop
      vertex  1.833060e+01 -1.261261e+00  3.500000e+00
      vertex  1.366939e+01 -1.261261e+00  3.500000e+00
      vertex  1.809122e+01 -1.627664e+00  3.500000e+00
    endloop
  endfacet
  facet normal  0.000000e+00  0.000000e+00  1.000000e+00
    outer loop
      vertex  1.809122e+01 -1.627664e+00  3.500000e+00
      vertex  1.366939e+01 -1.261261e+00  3.500000e+00
      vertex  1.390878e+01 -1.627664e+00  3.500000e+00
    endloop
  endfacet
  facet normal  -0.000000e+00  0.000000e+00  1.000000e+00
    outer loop
      vertex  1.809122e+01 -1.627664e+00  3.500000e+00
      vertex  1.390878e+01 -1.627664e+00  3.500000e+00
      vertex  1.779480e+01 -1.949668e+00  3.500000e+00
    endloop
  endfacet
  facet normal  0.000000e+00  0.000000e+00  1.000000e+00
    outer loop
      vertex  1.779480e+01 -1.949668e+00  3.500000e+00
      vertex  1.390878e+01 -1.627664e+00  3.500000e+00
      vertex  1.420520e+01 -1.949668e+00  3.500000e+00
    endloop
  endfacet
  facet normal  -0.000000e+00  0.000000e+00  9.999999e-01
    outer loop
      vertex  1.779480e+01 -1.949668e+00  3.500000e+00
      vertex  1.420520e+01 -1.949668e+00  3.500000e+00
      vertex  1.744941e+01 -2.218491e+00  3.500000e+00
    endloop
  endfacet
  facet normal  0.000000e+00  0.000000e+00  1.000000e+00
    outer loop
      vertex  1.744941e+01 -2.218491e+00  3.500000e+00
      vertex  1.420520e+01 -1.949668e+00  3.500000e+00
      vertex  1.455059e+01 -2.218491e+00  3.500000e+00
    endloop
  endfacet
  facet normal  -0.000000e+00  0.000000e+00  9.999999e-01
    outer loop
      vertex  1.744941e+01 -2.218491e+00  3.500000e+00
      vertex  1.455059e+01 -2.218491e+00  3.500000e+00
      vertex  1.706449e+01 -2.426799e+00  3.500000e+00
    endloop
  endfacet
  facet normal  0.000000e+00  0.000000e+00  1.000000e+00
    outer loop
      vertex  1.706449e+01 -2.426799e+00  3.500000e+00
      vertex  1.455059e+01 -2.218491e+00  3.500000e+00
      vertex  1.493551e+01 -2.426799e+00  3.500000e+00
    endloop
  endfacet
  facet normal  -0.000000e+00  0.000000e+00  1.000000e+00
    outer loop
      vertex  1.706449e+01 -2.426799e+00  3.500000e+00
      vertex  1.493551e+01 -2.426799e+00  3.500000e+00
      vertex  1.665054e+01 -2.568911e+00  3.500000e+00
    endloop
  endfacet
  facet normal  0.000000e+00  0.000000e+00  1.000000e+00
    outer loop
      vertex  1.665054e+01 -2.568911e+00  3.500000e+00
      vertex  1.493551e+01 -2.426799e+00  3.500000e+00
      vertex  1.534946e+01 -2.568911e+00  3.500000e+00
    endloop
  endfacet
  facet normal  -0.000000e+00  0.000000e+00  1.000000e+00
    outer loop
      vertex  1.665054e+01 -2.568911e+00  3.500000e+00
      vertex  1.534946e+01 -2.568911e+00  3.500000e+00
      vertex  1.621884e+01 -2.640949e+00  3.500000e+00
    endloop
  endfacet
  facet normal  0.000000e+00  0.000000e+00  1.000000e+00
    outer loop
      vertex  1.621884e+01 -2.640949e+00  3.500000e+00
      vertex  1.534946e+01 -2.568911e+00  3.500000e+00
      vertex  1.578117e+01 -2.640949e+00  3.500000e+00
    endloop
  endfacet
  facet normal  0.000000e+00  0.000000e+00  1.000000e+00
    outer loop
      vertex -4.428028e-01  2.511260e+00  3.500000e+00
      vertex  4.428028e-01  2.511260e+00  3.500000e+00
      vertex  1.561425e-16  2.550000e+00  3.500000e+00
    endloop
  endfacet
  facet normal  -0.000000e+00  0.000000e+00  1.000000e+00
    outer loop
      vertex  4.428028e-01  2.511260e+00  3.500000e+00
      vertex -4.428028e-01  2.511260e+00  3.500000e+00
      vertex  8.721514e-01  2.396216e+00  3.500000e+00
    endloop
  endfacet
  facet normal  0.000000e+00  0.000000e+00  1.000000e+00
    outer loop
      vertex  8.721514e-01  2.396216e+00  3.500000e+00
      vertex -4.428028e-01  2.511260e+00  3.500000e+00
      vertex -8.721514e-01  2.396216e+00  3.500000e+00
    endloop
  endfacet
  facet normal  -0.000000e+00  0.000000e+00  1.000000e+00
    outer loop
      vertex  8.721514e-01  2.396216e+00  3.500000e+00
      vertex -8.721514e-01  2.396216e+00  3.500000e+00
      vertex  1.275000e+00  2.208365e+00  3.500000e+00
    endloop
  endfacet
  facet normal  0.000000e+00  0.000000e+00  9.999999e-01
    outer loop
      vertex  1.275000e+00  2.208365e+00  3.500000e+00
      vertex -8.721514e-01  2.396216e+00  3.500000e+00
      vertex -1.275000e+00  2.208365e+00  3.500000e+00
    endloop
  endfacet
  facet normal  -0.000000e+00  0.000000e+00  1.000000e+00
    outer loop
      vertex  1.275000e+00  2.208365e+00  3.500000e+00
      vertex -1.275000e+00  2.208365e+00  3.500000e+00
      vertex  1.639108e+00  1.953413e+00  3.500000e+00
    endloop
  endfacet
  facet normal  0.000000e+00  0.000000e+00  1.000000e+00
    outer loop
      vertex  1.639108e+00  1.953413e+00  3.500000e+00
      vertex -1.275000e+00  2.208365e+00  3.500000e+00
      vertex -1.639108e+00  1.953413e+00  3.500000e+00
    endloop
  endfacet
  facet normal  -0.000000e+00  0.000000e+00  1.000000e+00
    outer loop
      vertex  1.639108e+00  1.953413e+00  3.500000e+00
      vertex -1.639108e+00  1.953413e+00  3.500000e+00
      vertex  1.953413e+00  1.639108e+00  3.500000e+00
    endloop
  endfacet
  facet normal  0.000000e+00  0.000000e+00  1.000000e+00
    outer loop
      vertex  1.953413e+00  1.639108e+00  3.500000e+00
      vertex -1.639108e+00  1.953413e+00  3.500000e+00
      vertex -1.953413e+00  1.639108e+00  3.500000e+00
    endloop
  endfacet
  facet normal  -0.000000e+00  0.000000e+00  1.000000e+00
    outer loop
      vertex  1.953413e+00  1.639108e+00  3.500000e+00
      vertex -1.953413e+00  1.639108e+00  3.500000e+00
      vertex  2.208365e+00  1.275000e+00  3.500000e+00
    endloop
  endfacet
  facet normal  0.000000e+00  0.000000e+00  1.000000e+00
    outer loop
      vertex  2.208365e+00  1.275000e+00  3.500000e+00
      vertex -1.953413e+00  1.639108e+00  3.500000e+00
      vertex -2.208365e+00  1.275000e+00  3.500000e+00
    endloop
  endfacet
  facet normal  -0.000000e+00  0.000000e+00  1.000000e+00
    outer loop
      vertex  2.208365e+00  1.275000e+00  3.500000e+00
      vertex -2.208365e+00  1.275000e+00  3.500000e+00
      vertex  2.396216e+00  8.721514e-01  3.500000e+00
    endloop
  endfacet
  facet normal  0.000000e+00  0.000000e+00  1.000000e+00
    outer loop
      vertex  2.396216e+00  8.721514e-01  3.500000e+00
      vertex -2.208365e+00  1.275000e+00  3.500000e+00
      vertex -2.396216e+00  8.721514e-01  3.500000e+00
    endloop
  endfacet
  facet normal  -0.000000e+00  0.000000e+00  1.000000e+00
    outer loop
      vertex  2.396216e+00  8.721514e-01  3.500000e+00
      vertex -2.396216e+00  8.721514e-01  3.500000e+00
      vertex  2.511260e+00  4.428028e-01  3.500000e+00
    endloop
  endfacet
  facet normal  0.000000e+00  0.000000e+00  1.000000e+00
    outer loop
      vertex  2.511260e+00  4.428028e-01  3.500000e+00
      vertex -2.396216e+00  8.721514e-01  3.500000e+00
      vertex -2.511260e+00  4.428028e-01  3.500000e+00
    endloop
  endfacet
  facet normal  -0.000000e+00  0.000000e+00  1.000000e+00
    outer loop
      vertex  2.511260e+00  4.428028e-01  3.500000e+00
      vertex -2.511260e+00  4.428028e-01  3.500000e+00
      vertex  2.550000e+00  0.000000e+00  3.500000e+00
    endloop
  endfacet
  facet normal  0.000000e+00  0.000000e+00  1.000000e+00
    outer loop
      vertex  2.550000e+00  0.000000e+00  3.500000e+00
      vertex -2.511260e+00  4.428028e-01  3.500000e+00
      vertex -2.550000e+00  3.122849e-16  3.500000e+00
    endloop
  endfacet
  facet normal  0.000000e+00  0.000000e+00  1.000000e+00
    outer loop
      vertex  2.550000e+00  0.000000e+00  3.500000e+00
      vertex -2.550000e+00  3.122849e-16  3.500000e+00
      vertex  2.511260e+00 -4.428028e-01  3.500000e+00
    endloop
  endfacet
  facet normal  0.000000e+00  0.000000e+00  1.000000e+00
    outer loop
      vertex  2.511260e+00 -4.428028e-01  3.500000e+00
      vertex -2.550000e+00  3.122849e-16  3.500000e+00
      vertex -2.511260e+00 -4.428028e-01  3.500000e+00
    endloop
  endfacet
  facet normal  -0.000000e+00  0.000000e+00  1.000000e+00
    outer loop
      vertex  2.511260e+00 -4.428028e-01  3.500000e+00
      vertex -2.511260e+00 -4.428028e-01  3.500000e+00
      vertex  2.396216e+00 -8.721514e-01  3.500000e+00
    endloop
  endfacet
  facet normal  0.000000e+00  0.000000e+00  1.000000e+00
    outer loop
      vertex  2.396216e+00 -8.721514e-01  3.500000e+00
      vertex -2.511260e+00 -4.428028e-01  3.500000e+00
      vertex -2.396216e+00 -8.721514e-01  3.500000e+00
    endloop
  endfacet
  facet normal  -0.000000e+00  0.000000e+00  1.000000e+00
    outer loop
      vertex  2.396216e+00 -8.721514e-01  3.500000e+00
      vertex -2.396216e+00 -8.721514e-01  3.500000e+00
      vertex  2.208365e+00 -1.275000e+00  3.500000e+00
    endloop
  endfacet
  facet normal  0.000000e+00  0.000000e+00  1.000000e+00
    outer loop
      vertex  2.208365e+00 -1.275000e+00  3.500000e+00
      vertex -2.396216e+00 -8.721514e-01  3.500000e+00
      vertex -2.208365e+00 -1.275000e+00  3.500000e+00
    endloop
  endfacet
  facet normal  -0.000000e+00  0.000000e+00  1.000000e+00
    outer loop
      vertex  2.208365e+00 -1.275000e+00  3.500000e+00
      vertex -2.208365e+00 -1.275000e+00  3.500000e+00
      vertex  1.953413e+00 -1.639108e+00  3.500000e+00
    endloop
  endfacet
  facet normal  0.000000e+00  0.000000e+00  1.000000e+00
    outer loop
      vertex  1.953413e+00 -1.639108e+00  3.500000e+00
      vertex -2.208365e+00 -1.275000e+00  3.500000e+00
      vertex -1.953413e+00 -1.639108e+00  3.500000e+00
    endloop
  endfacet
  facet normal  -0.000000e+00  0.000000e+00  1.000000e+00
    outer loop
      vertex  1.953413e+00 -1.639108e+00  3.500000e+00
      vertex -1.953413e+00 -1.639108e+00  3.500000e+00
      vertex  1.639108e+00 -1.953413e+00  3.500000e+00
    endloop
  endfacet
  facet normal  0.000000e+00  0.000000e+00  1.000000e+00
    outer loop
      vertex  1.639108e+00 -1.953413e+00  3.500000e+00
      vertex -1.953413e+00 -1.639108e+00  3.500000e+00
      vertex -1.639108e+00 -1.953413e+00  3.500000e+00
    endloop
  endfacet
  facet normal  -0.000000e+00  0.000000e+00  1.000000e+00
    outer loop
      vertex  1.639108e+00 -1.953413e+00  3.500000e+00
      vertex -1.639108e+00 -1.953413e+00  3.500000e+00
      vertex  1.275000e+00 -2.208365e+00  3.500000e+00
    endloop
  endfacet
  facet normal  0.000000e+00  0.000000e+00  1.000000e+00
    outer loop
      vertex  1.275000e+00 -2.208365e+00  3.500000e+00
      vertex -1.639108e+00 -1.953413e+00  3.500000e+00
      vertex -1.275000e+00 -2.208365e+00  3.500000e+00
    endloop
  endfacet
  facet normal  -0.000000e+00  0.000000e+00  9.999999e-01
    outer loop
      vertex  1.275000e+00 -2.208365e+00  3.500000e+00
      vertex -1.275000e+00 -2.208365e+00  3.500000e+00
      vertex  8.721514e-01 -2.396216e+00  3.500000e+00
    endloop
  endfacet
  facet normal  0.000000e+00  0.000000e+00  1.000000e+00
    outer loop
      vertex  8.721514e-01 -2.396216e+00  3.500000e+00
      vertex -1.275000e+00 -2.208365e+00  3.500000e+00
      vertex -8.721514e-01 -2.396216e+00  3.500000e+00
    endloop
  endfacet
  facet normal  -0.000000e+00  0.000000e+00  1.000000e+00
    outer loop
      vertex  8.721514e-01 -2.396216e+00  3.500000e+00
      vertex -8.721514e-01 -2.396216e+00  3.500000e+00
      vertex  4.428028e-01 -2.511260e+00  3.500000e+00
    endloop
  endfacet
  facet normal  0.000000e+00  0.000000e+00  1.000000e+00
    outer loop
      vertex  4.428028e-01 -2.511260e+00  3.500000e+00
      vertex -8.721514e-01 -2.396216e+00  3.500000e+00
      vertex -4.428028e-01 -2.511260e+00  3.500000e+00
    endloop
  endfacet
  facet normal  -0.000000e+00  0.000000e+00  1.000000e+00
    outer loop
      vertex  4.428028e-01 -2.511260e+00  3.500000e+00
      vertex -4.428028e-01 -2.511260e+00  3.500000e+00
      vertex -4.684274e-16 -2.550000e+00  3.500000e+00
    endloop
  endfacet
  facet normal  0.000000e+00  0.000000e+00  1.000000e+00
    outer loop
      vertex -1.642544e+01  2.412779e+00  3.500000e+00
      vertex -1.557456e+01  2.412779e+00  3.500000e+00
      vertex -1.600000e+01  2.450000e+00  3.500000e+00
    endloop
  endfacet
  facet normal  -0.000000e+00  0.000000e+00  1.000000e+00
    outer loop
      vertex -1.557456e+01  2.412779e+00  3.500000e+00
      vertex -1.642544e+01  2.412779e+00  3.500000e+00
      vertex -1.516205e+01  2.302247e+00  3.500000e+00
    endloop
  endfacet
  facet normal  0.000000e+00  0.000000e+00  1.000000e+00
    outer loop
      vertex -1.516205e+01  2.302247e+00  3.500000e+00
      vertex -1.642544e+01  2.412779e+00  3.500000e+00
      vertex -1.683795e+01  2.302247e+00  3.500000e+00
    endloop
  endfacet
  facet normal  -0.000000e+00  0.000000e+00  1.000000e+00
    outer loop
      vertex -1.516205e+01  2.302247e+00  3.500000e+00
      vertex -1.683795e+01  2.302247e+00  3.500000e+00
      vertex -1.477500e+01  2.121762e+00  3.500000e+00
    endloop
  endfacet
  facet normal  0.000000e+00  0.000000e+00  1.000000e+00
    outer loop
      vertex -1.477500e+01  2.121762e+00  3.500000e+00
      vertex -1.683795e+01  2.302247e+00  3.500000e+00
      vertex -1.722500e+01  2.121762e+00  3.500000e+00
    endloop
  endfacet
  facet normal  -0.000000e+00  0.000000e+00  9.999999e-01
    outer loop
      vertex -1.477500e+01  2.121762e+00  3.500000e+00
      vertex -1.722500e+01  2.121762e+00  3.500000e+00
      vertex -1.442517e+01  1.876809e+00  3.500000e+00
    endloop
  endfacet
  facet normal  0.000000e+00  0.000000e+00  1.000000e+00
    outer loop
      vertex -1.442517e+01  1.876809e+00  3.500000e+00
      vertex -1.722500e+01  2.121762e+00  3.500000e+00
      vertex -1.757483e+01  1.876809e+00  3.500000e+00
    endloop
  endfacet
  facet normal  -0.000000e+00  0.000000e+00  1.000000e+00
    outer loop
      vertex -1.442517e+01  1.876809e+00  3.500000e+00
      vertex -1.757483e+01  1.876809e+00  3.500000e+00
      vertex -1.412319e+01  1.574830e+00  3.500000e+00
    endloop
  endfacet
  facet normal  0.000000e+00  0.000000e+00  1.000000e+00
    outer loop
      vertex -1.412319e+01  1.574830e+00  3.500000e+00
      vertex -1.757483e+01  1.876809e+00  3.500000e+00
      vertex -1.787681e+01  1.574830e+00  3.500000e+00
    endloop
  endfacet
  facet normal  -0.000000e+00  0.000000e+00  1.000000e+00
    outer loop
      vertex -1.412319e+01  1.574830e+00  3.500000e+00
      vertex -1.787681e+01  1.574830e+00  3.500000e+00
      vertex -1.387824e+01  1.225000e+00  3.500000e+00
    endloop
  endfacet
  facet normal  0.000000e+00  0.000000e+00  9.999999e-01
    outer loop
      vertex -1.387824e+01  1.225000e+00  3.500000e+00
      vertex -1.787681e+01  1.574830e+00  3.500000e+00
      vertex -1.812176e+01  1.225000e+00  3.500000e+00
    endloop
  endfacet
  facet normal  -0.000000e+00  0.000000e+00  1.000000e+00
    outer loop
      vertex -1.387824e+01  1.225000e+00  3.500000e+00
      vertex -1.812176e+01  1.225000e+00  3.500000e+00
      vertex -1.369775e+01  8.379493e-01  3.500000e+00
    endloop
  endfacet
  facet normal  0.000000e+00  0.000000e+00  1.000000e+00
    outer loop
      vertex -1.369775e+01  8.379493e-01  3.500000e+00
      vertex -1.812176e+01  1.225000e+00  3.500000e+00
      vertex -1.830225e+01  8.379493e-01  3.500000e+00
    endloop
  endfacet
  facet normal  -0.000000e+00  0.000000e+00  1.000000e+00
    outer loop
      vertex -1.369775e+01  8.379493e-01  3.500000e+00
      vertex -1.830225e+01  8.379493e-01  3.500000e+00
      vertex -1.358722e+01  4.254380e-01  3.500000e+00
    endloop
  endfacet
  facet normal  0.000000e+00  0.000000e+00  9.999999e-01
    outer loop
      vertex -1.358722e+01  4.254380e-01  3.500000e+00
      vertex -1.830225e+01  8.379493e-01  3.500000e+00
      vertex -1.841278e+01  4.254380e-01  3.500000e+00
    endloop
  endfacet
  facet normal  -0.000000e+00  0.000000e+00  1.000000e+00
    outer loop
      vertex -1.358722e+01  4.254380e-01  3.500000e+00
      vertex -1.841278e+01  4.254380e-01  3.500000e+00
      vertex -1.355000e+01  0.000000e+00  3.500000e+00
    endloop
  endfacet
  facet normal  0.000000e+00  0.000000e+00  1.000000e+00
    outer loop
      vertex -1.355000e+01  0.000000e+00  3.500000e+00
      vertex -1.841278e+01  4.254380e-01  3.500000e+00
      vertex -1.845000e+01  3.000385e-16  3.500000e+00
    endloop
  endfacet
  facet normal  0.000000e+00  0.000000e+00  1.000000e+00
    outer loop
      vertex -1.355000e+01  0.000000e+00  3.500000e+00
      vertex -1.845000e+01  3.000385e-16  3.500000e+00
      vertex -1.358722e+01 -4.254380e-01  3.500000e+00
    endloop
  endfacet
  facet normal  0.000000e+00  0.000000e+00  1.000000e+00
    outer loop
      vertex -1.358722e+01 -4.254380e-01  3.500000e+00
      vertex -1.845000e+01  3.000385e-16  3.500000e+00
      vertex -1.841278e+01 -4.254380e-01  3.500000e+00
    endloop
  endfacet
  facet normal  -0.000000e+00  0.000000e+00  9.999999e-01
    outer loop
      vertex -1.358722e+01 -4.254380e-01  3.500000e+00
      vertex -1.841278e+01 -4.254380e-01  3.500000e+00
      vertex -1.369775e+01 -8.379493e-01  3.500000e+00
    endloop
  endfacet
  facet normal  0.000000e+00  0.000000e+00  1.000000e+00
    outer loop
      vertex -1.369775e+01 -8.379493e-01  3.500000e+00
      vertex -1.841278e+01 -4.254380e-01  3.500000e+00
      vertex -1.830225e+01 -8.379493e-01  3.500000e+00
    endloop
  endfacet
  facet normal  -0.000000e+00  0.000000e+00  1.000000e+00
    outer loop
      vertex -1.369775e+01 -8.379493e-01  3.500000e+00
      vertex -1.830225e+01 -8.379493e-01  3.500000e+00
      vertex -1.387824e+01 -1.225000e+00  3.500000e+00
    endloop
  endfacet
  facet normal  0.000000e+00  0.000000e+00  1.000000e+00
    outer loop
      vertex -1.387824e+01 -1.225000e+00  3.500000e+00
      vertex -1.830225e+01 -8.379493e-01  3.500000e+00
      vertex -1.812176e+01 -1.225000e+00  3.500000e+00
    endloop
  endfacet
  facet normal  -0.000000e+00  0.000000e+00  9.999999e-01
    outer loop
      vertex -1.387824e+01 -1.225000e+00  3.500000e+00
      vertex -1.812176e+01 -1.225000e+00  3.500000e+00
      vertex -1.412319e+01 -1.574830e+00  3.500000e+00
    endloop
  endfacet
  facet normal  0.000000e+00  0.000000e+00  1.000000e+00
    outer loop
      vertex -1.412319e+01 -1.574830e+00  3.500000e+00
      vertex -1.812176e+01 -1.225000e+00  3.500000e+00
      vertex -1.787681e+01 -1.574830e+00  3.500000e+00
    endloop
  endfacet
  facet normal  -0.000000e+00  0.000000e+00  1.000000e+00
    outer loop
      vertex -1.412319e+01 -1.574830e+00  3.500000e+00
      vertex -1.787681e+01 -1.574830e+00  3.500000e+00
      vertex -1.442517e+01 -1.876809e+00  3.500000e+00
    endloop
  endfacet
  facet normal  0.000000e+00  0.000000e+00  1.000000e+00
    outer loop
      vertex -1.442517e+01 -1.876809e+00  3.500000e+00
      vertex -1.787681e+01 -1.574830e+00  3.500000e+00
      vertex -1.757483e+01 -1.876809e+00  3.500000e+00
    endloop
  endfacet
  facet normal  -0.000000e+00  0.000000e+00  1.000000e+00
    outer loop
      vertex -1.442517e+01 -1.876809e+00  3.500000e+00
      vertex -1.757483e+01 -1.876809e+00  3.500000e+00
      vertex -1.477500e+01 -2.121762e+00  3.500000e+00
    endloop
  endfacet
  facet normal  0.000000e+00  0.000000e+00  9.999999e-01
    outer loop
      vertex -1.477500e+01 -2.121762e+00  3.500000e+00
      vertex -1.757483e+01 -1.876809e+00  3.500000e+00
      vertex -1.722500e+01 -2.121762e+00  3.500000e+00
    endloop
  endfacet
  facet normal  -0.000000e+00  0.000000e+00  1.000000e+00
    outer loop
      vertex -1.477500e+01 -2.121762e+00  3.500000e+00
      vertex -1.722500e+01 -2.121762e+00  3.500000e+00
      vertex -1.516205e+01 -2.302247e+00  3.500000e+00
    endloop
  endfacet
  facet normal  0.000000e+00  0.000000e+00  1.000000e+00
    outer loop
      vertex -1.516205e+01 -2.302247e+00  3.500000e+00
      vertex -1.722500e+01 -2.121762e+00  3.500000e+00
      vertex -1.683795e+01 -2.302247e+00  3.500000e+00
    endloop
  endfacet
  facet normal  -0.000000e+00  0.000000e+00  1.000000e+00
    outer loop
      vertex -1.516205e+01 -2.302247e+00  3.500000e+00
      vertex -1.683795e+01 -2.302247e+00  3.500000e+00
      vertex -1.557456e+01 -2.412779e+00  3.500000e+00
    endloop
  endfacet
  facet normal  0.000000e+00  0.000000e+00  1.000000e+00
    outer loop
      vertex -1.557456e+01 -2.412779e+00  3.500000e+00
      vertex -1.683795e+01 -2.302247e+00  3.500000e+00
      vertex -1.642544e+01 -2.412779e+00  3.500000e+00
    endloop
  endfacet
  facet normal  -0.000000e+00  0.000000e+00  1.000000e+00
    outer loop
      vertex -1.557456e+01 -2.412779e+00  3.500000e+00
      vertex -1.642544e+01 -2.412779e+00  3.500000e+00
      vertex -1.600000e+01 -2.450000e+00  3.500000e+00
    endloop
  endfacet
  facet normal  0.000000e+00  0.000000e+00 -1.000000e+00
    outer loop
      vertex  2.600000e+01  7.000000e+00  0.000000e+00
      vertex -2.596306e+01  7.469304e+00  0.000000e+00
      vertex  2.596306e+01  7.469304e+00  0.000000e+00
    endloop
  endfacet
  facet normal  0.000000e+00  0.000000e+00 -1.000000e+00
    outer loop
      vertex  2.596306e+01  7.469304e+00  0.000000e+00
      vertex -2.596306e+01  7.469304e+00  0.000000e+00
      vertex -2.585317e+01  7.927051e+00  0.000000e+00
    endloop
  endfacet
  facet normal  0.000000e+00  0.000000e+00 -1.000000e+00
    outer loop
      vertex  2.596306e+01  7.469304e+00  0.000000e+00
      vertex -2.585317e+01  7.927051e+00  0.000000e+00
      vertex  2.585317e+01  7.927051e+00  0.000000e+00
    endloop
  endfacet
  facet normal  0.000000e+00  0.000000e+00 -1.000000e+00
    outer loop
      vertex  2.585317e+01  7.927051e+00  0.000000e+00
      vertex -2.585317e+01  7.927051e+00  0.000000e+00
      vertex -2.567302e+01  8.361972e+00  0.000000e+00
    endloop
  endfacet
  facet normal  0.000000e+00  0.000000e+00 -1.000000e+00
    outer loop
      vertex  2.585317e+01  7.927051e+00  0.000000e+00
      vertex -2.567302e+01  8.361972e+00  0.000000e+00
      vertex  2.567302e+01  8.361972e+00  0.000000e+00
    endloop
  endfacet
  facet normal  0.000000e+00  0.000000e+00 -1.000000e+00
    outer loop
      vertex  2.567302e+01  8.361972e+00  0.000000e+00
      vertex -2.567302e+01  8.361972e+00  0.000000e+00
      vertex -2.542705e+01  8.763356e+00  0.000000e+00
    endloop
  endfacet
  facet normal  0.000000e+00  0.000000e+00 -1.000000e+00
    outer loop
      vertex  2.567302e+01  8.361972e+00  0.000000e+00
      vertex -2.542705e+01  8.763356e+00  0.000000e+00
      vertex  2.542705e+01  8.763356e+00  0.000000e+00
    endloop
  endfacet
  facet normal  0.000000e+00  0.000000e+00 -1.000000e+00
    outer loop
      vertex  2.542705e+01  8.763356e+00  0.000000e+00
      vertex -2.542705e+01  8.763356e+00  0.000000e+00
      vertex -2.512132e+01  9.121321e+00  0.000000e+00
    endloop
  endfacet
  facet normal  0.000000e+00  0.000000e+00 -1.000000e+00
    outer loop
      vertex  2.542705e+01  8.763356e+00  0.000000e+00
      vertex -2.512132e+01  9.121321e+00  0.000000e+00
      vertex  2.512132e+01  9.121321e+00  0.000000e+00
    endloop
  endfacet
  facet normal  0.000000e+00  0.000000e+00 -1.000000e+00
    outer loop
      vertex  2.512132e+01  9.121321e+00  0.000000e+00
      vertex -2.512132e+01  9.121321e+00  0.000000e+00
      vertex -2.476336e+01  9.427051e+00  0.000000e+00
    endloop
  endfacet
  facet normal  0.000000e+00  0.000000e+00 -1.000000e+00
    outer loop
      vertex  2.512132e+01  9.121321e+00  0.000000e+00
      vertex -2.476336e+01  9.427051e+00  0.000000e+00
      vertex  2.476336e+01  9.427051e+00  0.000000e+00
    endloop
  endfacet
  facet normal  0.000000e+00  0.000000e+00 -9.999999e-01
    outer loop
      vertex  2.476336e+01  9.427051e+00  0.000000e+00
      vertex -2.476336e+01  9.427051e+00  0.000000e+00
      vertex -2.436197e+01  9.673019e+00  0.000000e+00
    endloop
  endfacet
  facet normal  0.000000e+00  0.000000e+00 -1.000000e+00
    outer loop
      vertex  2.476336e+01  9.427051e+00  0.000000e+00
      vertex -2.436197e+01  9.673019e+00  0.000000e+00
      vertex  2.436197e+01  9.673019e+00  0.000000e+00
    endloop
  endfacet
  facet normal  0.000000e+00  0.000000e+00 -1.000000e+00
    outer loop
      vertex  2.436197e+01  9.673019e+00  0.000000e+00
      vertex -2.436197e+01  9.673019e+00  0.000000e+00
      vertex -2.392705e+01  9.853169e+00  0.000000e+00
    endloop
  endfacet
  facet normal  0.000000e+00  0.000000e+00 -1.000000e+00
    outer loop
      vertex  2.436197e+01  9.673019e+00  0.000000e+00
      vertex -2.392705e+01  9.853169e+00  0.000000e+00
      vertex  2.392705e+01  9.853169e+00  0.000000e+00
    endloop
  endfacet
  facet normal  0.000000e+00  0.000000e+00 -1.000000e+00
    outer loop
      vertex  2.392705e+01  9.853169e+00  0.000000e+00
      vertex -2.392705e+01  9.853169e+00  0.000000e+00
      vertex -2.346930e+01  9.963065e+00  0.000000e+00
    endloop
  endfacet
  facet normal  0.000000e+00  0.000000e+00 -1.000000e+00
    outer loop
      vertex  2.392705e+01  9.853169e+00  0.000000e+00
      vertex -2.346930e+01  9.963065e+00  0.000000e+00
      vertex  2.346930e+01  9.963065e+00  0.000000e+00
    endloop
  endfacet
  facet normal  0.000000e+00  0.000000e+00 -1.000000e+00
    outer loop
      vertex  2.346930e+01  9.963065e+00  0.000000e+00
      vertex -2.346930e+01  9.963065e+00  0.000000e+00
      vertex -2.300000e+01  1.000000e+01  0.000000e+00
    endloop
  endfacet
  facet normal  0.000000e+00  0.000000e+00 -1.000000e+00
    outer loop
      vertex  2.346930e+01  9.963065e+00  0.000000e+00
      vertex -2.300000e+01  1.000000e+01  0.000000e+00
      vertex  2.300000e+01  1.000000e+01  0.000000e+00
    endloop
  endfacet
  facet normal  0.000000e+00  0.000000e+00 -1.000000e+00
    outer loop
      vertex -2.596306e+01  7.469304e+00  0.000000e+00
      vertex  2.600000e+01  7.000000e+00  0.000000e+00
      vertex -2.600000e+01  7.000000e+00  0.000000e+00
    endloop
  endfacet
  facet normal  0.000000e+00  0.000000e+00 -1.000000e+00
    outer loop
      vertex -2.600000e+01  7.000000e+00  0.000000e+00
      vertex  2.600000e+01  7.000000e+00  0.000000e+00
      vertex  2.600000e+01 -7.000000e+00  0.000000e+00
    endloop
  endfacet
  facet normal  0.000000e+00  0.000000e+00 -1.000000e+00
    outer loop
      vertex -2.600000e+01  7.000000e+00  0.000000e+00
      vertex  2.600000e+01 -7.000000e+00  0.000000e+00
      vertex -2.600000e+01 -7.000000e+00  0.000000e+00
    endloop
  endfacet
  facet normal  0.000000e+00  0.000000e+00 -1.000000e+00
    outer loop
      vertex -2.600000e+01 -7.000000e+00  0.000000e+00
      vertex  2.600000e+01 -7.000000e+00  0.000000e+00
      vertex  2.596306e+01 -7.469304e+00  0.000000e+00
    endloop
  endfacet
  facet normal  0.000000e+00  0.000000e+00 -1.000000e+00
    outer loop
      vertex -2.600000e+01 -7.000000e+00  0.000000e+00
      vertex  2.596306e+01 -7.469304e+00  0.000000e+00
      vertex -2.596306e+01 -7.469304e+00  0.000000e+00
    endloop
  endfacet
  facet normal  0.000000e+00  0.000000e+00 -1.000000e+00
    outer loop
      vertex -2.596306e+01 -7.469304e+00  0.000000e+00
      vertex  2.596306e+01 -7.469304e+00  0.000000e+00
      vertex  2.585317e+01 -7.927051e+00  0.000000e+00
    endloop
  endfacet
  facet normal  0.000000e+00  0.000000e+00 -1.000000e+00
    outer loop
      vertex -2.596306e+01 -7.469304e+00  0.000000e+00
      vertex  2.585317e+01 -7.927051e+00  0.000000e+00
      vertex -2.585317e+01 -7.927051e+00  0.000000e+00
    endloop
  endfacet
  facet normal  0.000000e+00  0.000000e+00 -1.000000e+00
    outer loop
      vertex -2.585317e+01 -7.927051e+00  0.000000e+00
      vertex  2.585317e+01 -7.927051e+00  0.000000e+00
      vertex  2.567302e+01 -8.361972e+00  0.000000e+00
    endloop
  endfacet
  facet normal  0.000000e+00  0.000000e+00 -1.000000e+00
    outer loop
      vertex -2.585317e+01 -7.927051e+00  0.000000e+00
      vertex  2.567302e+01 -8.361972e+00  0.000000e+00
      vertex -2.567302e+01 -8.361972e+00  0.000000e+00
    endloop
  endfacet
  facet normal  0.000000e+00  0.000000e+00 -1.000000e+00
    outer loop
      vertex -2.567302e+01 -8.361972e+00  0.000000e+00
      vertex  2.567302e+01 -8.361972e+00  0.000000e+00
      vertex  2.542705e+01 -8.763356e+00  0.000000e+00
    endloop
  endfacet
  facet normal  0.000000e+00  0.000000e+00 -1.000000e+00
    outer loop
      vertex -2.567302e+01 -8.361972e+00  0.000000e+00
      vertex  2.542705e+01 -8.763356e+00  0.000000e+00
      vertex -2.542705e+01 -8.763356e+00  0.000000e+00
    endloop
  endfacet
  facet normal  0.000000e+00  0.000000e+00 -1.000000e+00
    outer loop
      vertex -2.542705e+01 -8.763356e+00  0.000000e+00
      vertex  2.542705e+01 -8.763356e+00  0.000000e+00
      vertex  2.512132e+01 -9.121321e+00  0.000000e+00
    endloop
  endfacet
  facet normal  0.000000e+00  0.000000e+00 -1.000000e+00
    outer loop
      vertex -2.542705e+01 -8.763356e+00  0.000000e+00
      vertex  2.512132e+01 -9.121321e+00  0.000000e+00
      vertex -2.512132e+01 -9.121321e+00  0.000000e+00
    endloop
  endfacet
  facet normal  0.000000e+00  0.000000e+00 -1.000000e+00
    outer loop
      vertex -2.512132e+01 -9.121321e+00  0.000000e+00
      vertex  2.512132e+01 -9.121321e+00  0.000000e+00
      vertex  2.476336e+01 -9.427051e+00  0.000000e+00
    endloop
  endfacet
  facet normal  0.000000e+00  0.000000e+00 -1.000000e+00
    outer loop
      vertex -2.512132e+01 -9.121321e+00  0.000000e+00
      vertex  2.476336e+01 -9.427051e+00  0.000000e+00
      vertex -2.476336e+01 -9.427051e+00  0.000000e+00
    endloop
  endfacet
  facet normal  0.000000e+00  0.000000e+00 -9.999999e-01
    outer loop
      vertex -2.476336e+01 -9.427051e+00  0.000000e+00
      vertex  2.476336e+01 -9.427051e+00  0.000000e+00
      vertex  2.436197e+01 -9.673019e+00  0.000000e+00
    endloop
  endfacet
  facet normal  0.000000e+00  0.000000e+00 -1.000000e+00
    outer loop
      vertex -2.476336e+01 -9.427051e+00  0.000000e+00
      vertex  2.436197e+01 -9.673019e+00  0.000000e+00
      vertex -2.436197e+01 -9.673019e+00  0.000000e+00
    endloop
  endfacet
  facet normal  0.000000e+00  0.000000e+00 -1.000000e+00
    outer loop
      vertex -2.436197e+01 -9.673019e+00  0.000000e+00
      vertex  2.436197e+01 -9.673019e+00  0.000000e+00
      vertex  2.392705e+01 -9.853169e+00  0.000000e+00
    endloop
  endfacet
  facet normal  0.000000e+00  0.000000e+00 -1.000000e+00
    outer loop
      vertex -2.436197e+01 -9.673019e+00  0.000000e+00
      vertex  2.392705e+01 -9.853169e+00  0.000000e+00
      vertex -2.392705e+01 -9.853169e+00  0.000000e+00
    endloop
  endfacet
  facet normal  0.000000e+00  0.000000e+00 -1.000000e+00
    outer loop
      vertex -2.392705e+01 -9.853169e+00  0.000000e+00
      vertex  2.392705e+01 -9.853169e+00  0.000000e+00
      vertex  2.346930e+01 -9.963065e+00  0.000000e+00
    endloop
  endfacet
  facet normal  0.000000e+00  0.000000e+00 -1.000000e+00
    outer loop
      vertex -2.392705e+01 -9.853169e+00  0.000000e+00
      vertex  2.346930e+01 -9.963065e+00  0.000000e+00
      vertex -2.346930e+01 -9.963065e+00  0.000000e+00
    endloop
  endfacet
  facet normal  0.000000e+00  0.000000e+00 -1.000000e+00
    outer loop
      vertex -2.346930e+01 -9.963065e+00  0.000000e+00
      vertex  2.346930e+01 -9.963065e+00  0.000000e+00
      vertex  2.300000e+01 -1.000000e+01  0.000000e+00
    endloop
  endfacet
  facet normal  0.000000e+00  0.000000e+00 -1.000000e+00
    outer loop
      vertex -2.346930e+01 -9.963065e+00  0.000000e+00
      vertex  2.300000e+01 -1.000000e+01  0.000000e+00
      vertex -2.300000e+01 -1.000000e+01  0.000000e+00
    endloop
  endfacet
  facet normal -7.845888e-02 -9.969174e-01  -0.000000e+00
    outer loop
      vertex -2.300000e+01 -1.000000e+01  0.000000e+00
      vertex -2.300000e+01 -1.000000e+01  1.200000e+01
      vertex -2.346930e+01 -9.963065e+00  0.000000e+00
    endloop
  endfacet
  facet normal -7.845888e-02 -9.969174e-01  0.000000e+00
    outer loop
      vertex -2.346930e+01 -9.963065e+00  0.000000e+00
      vertex -2.300000e+01 -1.000000e+01  1.200000e+01
      vertex -2.346930e+01 -9.963065e+00  1.200000e+01
    endloop
  endfacet
  facet normal -2.334454e-01 -9.723699e-01  -0.000000e+00
    outer loop
      vertex -2.346930e+01 -9.963065e+00  0.000000e+00
      vertex -2.346930e+01 -9.963065e+00  1.200000e+01
      vertex -2.392705e+01 -9.853169e+00  0.000000e+00
    endloop
  endfacet
  facet normal -2.334454e-01 -9.723699e-01  0.000000e+00
    outer loop
      vertex -2.392705e+01 -9.853169e+00  0.000000e+00
      vertex -2.346930e+01 -9.963065e+00  1.200000e+01
      vertex -2.392705e+01 -9.853169e+00  1.200000e+01
    endloop
  endfacet
  facet normal -3.826844e-01 -9.238791e-01  -0.000000e+00
    outer loop
      vertex -2.392705e+01 -9.853169e+00  0.000000e+00
      vertex -2.392705e+01 -9.853169e+00  1.200000e+01
      vertex -2.436197e+01 -9.673019e+00  0.000000e+00
    endloop
  endfacet
  facet normal -3.826844e-01 -9.238791e-01  0.000000e+00
    outer loop
      vertex -2.436197e+01 -9.673019e+00  0.000000e+00
      vertex -2.392705e+01 -9.853169e+00  1.200000e+01
      vertex -2.436197e+01 -9.673019e+00  1.200000e+01
    endloop
  endfacet
  facet normal -5.224988e-01 -8.526400e-01  -0.000000e+00
    outer loop
      vertex -2.436197e+01 -9.673019e+00  0.000000e+00
      vertex -2.436197e+01 -9.673019e+00  1.200000e+01
      vertex -2.476336e+01 -9.427051e+00  0.000000e+00
    endloop
  endfacet
  facet normal -5.224988e-01 -8.526400e-01  0.000000e+00
    outer loop
      vertex -2.476336e+01 -9.427051e+00  0.000000e+00
      vertex -2.436197e+01 -9.673019e+00  1.200000e+01
      vertex -2.476336e+01 -9.427051e+00  1.200000e+01
    endloop
  endfacet
  facet normal -6.494462e-01 -7.604076e-01  -0.000000e+00
    outer loop
      vertex -2.476336e+01 -9.427051e+00  0.000000e+00
      vertex -2.476336e+01 -9.427051e+00  1.200000e+01
      vertex -2.512132e+01 -9.121321e+00  0.000000e+00
    endloop
  endfacet
  facet normal -6.494462e-01 -7.604076e-01  0.000000e+00
    outer loop
      vertex -2.512132e+01 -9.121321e+00  0.000000e+00
      vertex -2.476336e+01 -9.427051e+00  1.200000e+01
      vertex -2.512132e+01 -9.121321e+00  1.200000e+01
    endloop
  endfacet
  facet normal -7.604057e-01 -6.494483e-01  -0.000000e+00
    outer loop
      vertex -2.512132e+01 -9.121321e+00  0.000000e+00
      vertex -2.512132e+01 -9.121321e+00  1.200000e+01
      vertex -2.542705e+01 -8.763356e+00  0.000000e+00
    endloop
  endfacet
  facet normal -7.604057e-01 -6.494483e-01  0.000000e+00
    outer loop
      vertex -2.542705e+01 -8.763356e+00  0.000000e+00
      vertex -2.512132e+01 -9.121321e+00  1.200000e+01
      vertex -2.542705e+01 -8.763356e+00  1.200000e+01
    endloop
  endfacet
  facet normal -8.526409e-01 -5.224974e-01  -0.000000e+00
    outer loop
      vertex -2.542705e+01 -8.763356e+00  0.000000e+00
      vertex -2.542705e+01 -8.763356e+00  1.200000e+01
      vertex -2.567302e+01 -8.361972e+00  0.000000e+00
    endloop
  endfacet
  facet normal -8.526409e-01 -5.224974e-01  0.000000e+00
    outer loop
      vertex -2.567302e+01 -8.361972e+00  0.000000e+00
      vertex -2.542705e+01 -8.763356e+00  1.200000e+01
      vertex -2.567302e+01 -8.361972e+00  1.200000e+01
    endloop
  endfacet
  facet normal -9.238788e-01 -3.826851e-01  -0.000000e+00
    outer loop
      vertex -2.567302e+01 -8.361972e+00  0.000000e+00
      vertex -2.567302e+01 -8.361972e+00  1.200000e+01
      vertex -2.585317e+01 -7.927051e+00  0.000000e+00
    endloop
  endfacet
  facet normal -9.238788e-01 -3.826851e-01  0.000000e+00
    outer loop
      vertex -2.585317e+01 -7.927051e+00  0.000000e+00
      vertex -2.567302e+01 -8.361972e+00  1.200000e+01
      vertex -2.585317e+01 -7.927051e+00  1.200000e+01
    endloop
  endfacet
  facet normal -9.723707e-01 -2.334421e-01  -0.000000e+00
    outer loop
      vertex -2.585317e+01 -7.927051e+00  0.000000e+00
      vertex -2.585317e+01 -7.927051e+00  1.200000e+01
      vertex -2.596306e+01 -7.469304e+00  0.000000e+00
    endloop
  endfacet
  facet normal -9.723707e-01 -2.334421e-01  0.000000e+00
    outer loop
      vertex -2.596306e+01 -7.469304e+00  0.000000e+00
      vertex -2.585317e+01 -7.927051e+00  1.200000e+01
      vertex -2.596306e+01 -7.469304e+00  1.200000e+01
    endloop
  endfacet
  facet normal -9.969172e-01 -7.846081e-02  -0.000000e+00
    outer loop
      vertex -2.596306e+01 -7.469304e+00  0.000000e+00
      vertex -2.596306e+01 -7.469304e+00  1.200000e+01
      vertex -2.600000e+01 -7.000000e+00  0.000000e+00
    endloop
  endfacet
  facet normal -9.969172e-01 -7.846081e-02  0.000000e+00
    outer loop
      vertex -2.600000e+01 -7.000000e+00  0.000000e+00
      vertex -2.596306e+01 -7.469304e+00  1.200000e+01
      vertex -2.600000e+01 -7.000000e+00  1.200000e+01
    endloop
  endfacet
  facet normal -1.000000e+00  0.000000e+00  0.000000e+00
    outer loop
      vertex -2.600000e+01  7.000000e+00  1.200000e+01
      vertex -2.600000e+01  7.000000e+00  0.000000e+00
      vertex -2.600000e+01 -7.000000e+00  1.200000e+01
    endloop
  endfacet
  facet normal -1.000000e+00  0.000000e+00  0.000000e+00
    outer loop
      vertex -2.600000e+01 -7.000000e+00  1.200000e+01
      vertex -2.600000e+01  7.000000e+00  0.000000e+00
      vertex -2.600000e+01 -7.000000e+00  0.000000e+00
    endloop
  endfacet
  facet normal -9.969172e-01  7.846081e-02  0.000000e+00
    outer loop
      vertex -2.600000e+01  7.000000e+00  0.000000e+00
      vertex -2.600000e+01  7.000000e+00  1.200000e+01
      vertex -2.596306e+01  7.469304e+00  0.000000e+00
    endloop
  endfacet
  facet normal -9.969172e-01  7.846081e-02  0.000000e+00
    outer loop
      vertex -2.596306e+01  7.469304e+00  0.000000e+00
      vertex -2.600000e+01  7.000000e+00  1.200000e+01
      vertex -2.596306e+01  7.469304e+00  1.200000e+01
    endloop
  endfacet
  facet normal -9.723707e-01  2.334421e-01  0.000000e+00
    outer loop
      vertex -2.596306e+01  7.469304e+00  0.000000e+00
      vertex -2.596306e+01  7.469304e+00  1.200000e+01
      vertex -2.585317e+01  7.927051e+00  0.000000e+00
    endloop
  endfacet
  facet normal -9.723707e-01  2.334421e-01  0.000000e+00
    outer loop
      vertex -2.585317e+01  7.927051e+00  0.000000e+00
      vertex -2.596306e+01  7.469304e+00  1.200000e+01
      vertex -2.585317e+01  7.927051e+00  1.200000e+01
    endloop
  endfacet
  facet normal -9.238788e-01  3.826851e-01  0.000000e+00
    outer loop
      vertex -2.585317e+01  7.927051e+00  0.000000e+00
      vertex -2.585317e+01  7.927051e+00  1.200000e+01
      vertex -2.567302e+01  8.361972e+00  0.000000e+00
    endloop
  endfacet
  facet normal -9.238788e-01  3.826851e-01  0.000000e+00
    outer loop
      vertex -2.567302e+01  8.361972e+00  0.000000e+00
      vertex -2.585317e+01  7.927051e+00  1.200000e+01
      vertex -2.567302e+01  8.361972e+00  1.200000e+01
    endloop
  endfacet
  facet normal -8.526409e-01  5.224974e-01  0.000000e+00
    outer loop
      vertex -2.567302e+01  8.361972e+00  0.000000e+00
      vertex -2.567302e+01  8.361972e+00  1.200000e+01
      vertex -2.542705e+01  8.763356e+00  0.000000e+00
    endloop
  endfacet
  facet normal -8.526409e-01  5.224974e-01  0.000000e+00
    outer loop
      vertex -2.542705e+01  8.763356e+00  0.000000e+00
      vertex -2.567302e+01  8.361972e+00  1.200000e+01
      vertex -2.542705e+01  8.763356e+00  1.200000e+01
    endloop
  endfacet
  facet normal -7.604057e-01  6.494483e-01  0.000000e+00
    outer loop
      vertex -2.542705e+01  8.763356e+00  0.000000e+00
      vertex -2.542705e+01  8.763356e+00  1.200000e+01
      vertex -2.512132e+01  9.121321e+00  0.000000e+00
    endloop
  endfacet
  facet normal -7.604057e-01  6.494483e-01  0.000000e+00
    outer loop
      vertex -2.512132e+01  9.121321e+00  0.000000e+00
      vertex -2.542705e+01  8.763356e+00  1.200000e+01
      vertex -2.512132e+01  9.121321e+00  1.200000e+01
    endloop
  endfacet
  facet normal -6.494462e-01  7.604076e-01  0.000000e+00
    outer loop
      vertex -2.512132e+01  9.121321e+00  0.000000e+00
      vertex -2.512132e+01  9.121321e+00  1.200000e+01
      vertex -2.476336e+01  9.427051e+00  0.000000e+00
    endloop
  endfacet
  facet normal -6.494462e-01  7.604076e-01  0.000000e+00
    outer loop
      vertex -2.476336e+01  9.427051e+00  0.000000e+00
      vertex -2.512132e+01  9.121321e+00  1.200000e+01
      vertex -2.476336e+01  9.427051e+00  1.200000e+01
    endloop
  endfacet
  facet normal -5.224988e-01  8.526400e-01  0.000000e+00
    outer loop
      vertex -2.476336e+01  9.427051e+00  0.000000e+00
      vertex -2.476336e+01  9.427051e+00  1.200000e+01
      vertex -2.436197e+01  9.673019e+00  0.000000e+00
    endloop
  endfacet
  facet normal -5.224988e-01  8.526400e-01  0.000000e+00
    outer loop
      vertex -2.436197e+01  9.673019e+00  0.000000e+00
      vertex -2.476336e+01  9.427051e+00  1.200000e+01
      vertex -2.436197e+01  9.673019e+00  1.200000e+01
    endloop
  endfacet
  facet normal -3.826844e-01  9.238791e-01  0.000000e+00
    outer loop
      vertex -2.436197e+01  9.673019e+00  0.000000e+00
      vertex -2.436197e+01  9.673019e+00  1.200000e+01
      vertex -2.392705e+01  9.853169e+00  0.000000e+00
    endloop
  endfacet
  facet normal -3.826844e-01  9.238791e-01  0.000000e+00
    outer loop
      vertex -2.392705e+01  9.853169e+00  0.000000e+00
      vertex -2.436197e+01  9.673019e+00  1.200000e+01
      vertex -2.392705e+01  9.853169e+00  1.200000e+01
    endloop
  endfacet
  facet normal -2.334454e-01  9.723699e-01  0.000000e+00
    outer loop
      vertex -2.392705e+01  9.853169e+00  0.000000e+00
      vertex -2.392705e+01  9.853169e+00  1.200000e+01
      vertex -2.346930e+01  9.963065e+00  0.000000e+00
    endloop
  endfacet
  facet normal -2.334454e-01  9.723699e-01  0.000000e+00
    outer loop
      vertex -2.346930e+01  9.963065e+00  0.000000e+00
      vertex -2.392705e+01  9.853169e+00  1.200000e+01
      vertex -2.346930e+01  9.963065e+00  1.200000e+01
    endloop
  endfacet
  facet normal -7.845888e-02  9.969174e-01  0.000000e+00
    outer loop
      vertex -2.346930e+01  9.963065e+00  0.000000e+00
      vertex -2.346930e+01  9.963065e+00  1.200000e+01
      vertex -2.300000e+01  1.000000e+01  0.000000e+00
    endloop
  endfacet
  facet normal -7.845888e-02  9.969174e-01  0.000000e+00
    outer loop
      vertex -2.300000e+01  1.000000e+01  0.000000e+00
      vertex -2.346930e+01  9.963065e+00  1.200000e+01
      vertex -2.300000e+01  1.000000e+01  1.200000e+01
    endloop
  endfacet
  facet normal  0.000000e+00  1.000000e+00  -0.000000e+00
    outer loop
      vertex  2.300000e+01  1.000000e+01  1.200000e+01
      vertex  2.300000e+01  1.000000e+01  0.000000e+00
      vertex -2.300000e+01  1.000000e+01  1.200000e+01
    endloop
  endfacet
  facet normal  0.000000e+00  1.000000e+00  0.000000e+00
    outer loop
      vertex -2.300000e+01  1.000000e+01  1.200000e+01
      vertex  2.300000e+01  1.000000e+01  0.000000e+00
      vertex -2.300000e+01  1.000000e+01  0.000000e+00
    endloop
  endfacet
  facet normal  7.845888e-02  9.969174e-01  0.000000e+00
    outer loop
      vertex  2.300000e+01  1.000000e+01  0.000000e+00
      vertex  2.300000e+01  1.000000e+01  1.200000e+01
      vertex  2.346930e+01  9.963065e+00  0.000000e+00
    endloop
  endfacet
  facet normal  7.845888e-02  9.969174e-01  -0.000000e+00
    outer loop
      vertex  2.346930e+01  9.963065e+00  0.000000e+00
      vertex  2.300000e+01  1.000000e+01  1.200000e+01
      vertex  2.346930e+01  9.963065e+00  1.200000e+01
    endloop
  endfacet
  facet normal  2.334454e-01  9.723699e-01  0.000000e+00
    outer loop
      vertex  2.346930e+01  9.963065e+00  0.000000e+00
      vertex  2.346930e+01  9.963065e+00  1.200000e+01
      vertex  2.392705e+01  9.853169e+00  0.000000e+00
    endloop
  endfacet
  facet normal  2.334454e-01  9.723699e-01  -0.000000e+00
    outer loop
      vertex  2.392705e+01  9.853169e+00  0.000000e+00
      vertex  2.346930e+01  9.963065e+00  1.200000e+01
      vertex  2.392705e+01  9.853169e+00  1.200000e+01
    endloop
  endfacet
  facet normal  3.826844e-01  9.238791e-01  0.000000e+00
    outer loop
      vertex  2.392705e+01  9.853169e+00  0.000000e+00
      vertex  2.392705e+01  9.853169e+00  1.200000e+01
      vertex  2.436197e+01  9.673019e+00  0.000000e+00
    endloop
  endfacet
  facet normal  3.826844e-01  9.238791e-01  -0.000000e+00
    outer loop
      vertex  2.436197e+01  9.673019e+00  0.000000e+00
      vertex  2.392705e+01  9.853169e+00  1.200000e+01
      vertex  2.436197e+01  9.673019e+00  1.200000e+01
    endloop
  endfacet
  facet normal  5.224988e-01  8.526400e-01  0.000000e+00
    outer loop
      vertex  2.436197e+01  9.673019e+00  0.000000e+00
      vertex  2.436197e+01  9.673019e+00  1.200000e+01
      vertex  2.476336e+01  9.427051e+00  0.000000e+00
    endloop
  endfacet
  facet normal  5.224988e-01  8.526400e-01  -0.000000e+00
    outer loop
      vertex  2.476336e+01  9.427051e+00  0.000000e+00
      vertex  2.436197e+01  9.673019e+00  1.200000e+01
      vertex  2.476336e+01  9.427051e+00  1.200000e+01
    endloop
  endfacet
  facet normal  6.494462e-01  7.604076e-01  0.000000e+00
    outer loop
      vertex  2.476336e+01  9.427051e+00  0.000000e+00
      vertex  2.476336e+01  9.427051e+00  1.200000e+01
      vertex  2.512132e+01  9.121321e+00  0.000000e+00
    endloop
  endfacet
  facet normal  6.494462e-01  7.604076e-01  -0.000000e+00
    outer loop
      vertex  2.512132e+01  9.121321e+00  0.000000e+00
      vertex  2.476336e+01  9.427051e+00  1.200000e+01
      vertex  2.512132e+01  9.121321e+00  1.200000e+01
    endloop
  endfacet
  facet normal  7.604057e-01  6.494483e-01  0.000000e+00
    outer loop
      vertex  2.512132e+01  9.121321e+00  0.000000e+00
      vertex  2.512132e+01  9.121321e+00  1.200000e+01
      vertex  2.542705e+01  8.763356e+00  0.000000e+00
    endloop
  endfacet
  facet normal  7.604057e-01  6.494483e-01  -0.000000e+00
    outer loop
      vertex  2.542705e+01  8.763356e+00  0.000000e+00
      vertex  2.512132e+01  9.121321e+00  1.200000e+01
      vertex  2.542705e+01  8.763356e+00  1.200000e+01
    endloop
  endfacet
  facet normal  8.526409e-01  5.224974e-01  0.000000e+00
    outer loop
      vertex  2.542705e+01  8.763356e+00  0.000000e+00
      vertex  2.542705e+01  8.763356e+00  1.200000e+01
      vertex  2.567302e+01  8.361972e+00  0.000000e+00
    endloop
  endfacet
  facet normal  8.526409e-01  5.224974e-01  -0.000000e+00
    outer loop
      vertex  2.567302e+01  8.361972e+00  0.000000e+00
      vertex  2.542705e+01  8.763356e+00  1.200000e+01
      vertex  2.567302e+01  8.361972e+00  1.200000e+01
    endloop
  endfacet
  facet normal  9.238788e-01  3.826851e-01  0.000000e+00
    outer loop
      vertex  2.567302e+01  8.361972e+00  0.000000e+00
      vertex  2.567302e+01  8.361972e+00  1.200000e+01
      vertex  2.585317e+01  7.927051e+00  0.000000e+00
    endloop
  endfacet
  facet normal  9.238788e-01  3.826851e-01  -0.000000e+00
    outer loop
      vertex  2.585317e+01  7.927051e+00  0.000000e+00
      vertex  2.567302e+01  8.361972e+00  1.200000e+01
      vertex  2.585317e+01  7.927051e+00  1.200000e+01
    endloop
  endfacet
  facet normal  9.723707e-01  2.334421e-01  0.000000e+00
    outer loop
      vertex  2.585317e+01  7.927051e+00  0.000000e+00
      vertex  2.585317e+01  7.927051e+00  1.200000e+01
      vertex  2.596306e+01  7.469304e+00  0.000000e+00
    endloop
  endfacet
  facet normal  9.723707e-01  2.334421e-01  -0.000000e+00
    outer loop
      vertex  2.596306e+01  7.469304e+00  0.000000e+00
      vertex  2.585317e+01  7.927051e+00  1.200000e+01
      vertex  2.596306e+01  7.469304e+00  1.200000e+01
    endloop
  endfacet
  facet normal  9.969172e-01  7.846081e-02  0.000000e+00
    outer loop
      vertex  2.596306e+01  7.469304e+00  0.000000e+00
      vertex  2.596306e+01  7.469304e+00  1.200000e+01
      vertex  2.600000e+01  7.000000e+00  0.000000e+00
    endloop
  endfacet
  facet normal  9.969172e-01  7.846081e-02  -0.000000e+00
    outer loop
      vertex  2.600000e+01  7.000000e+00  0.000000e+00
      vertex  2.596306e+01  7.469304e+00  1.200000e+01
      vertex  2.600000e+01  7.000000e+00  1.200000e+01
    endloop
  endfacet
  facet normal  1.000000e+00  0.000000e+00  0.000000e+00
    outer loop
      vertex  2.600000e+01 -7.000000e+00  1.200000e+01
      vertex  2.600000e+01 -7.000000e+00  0.000000e+00
      vertex  2.600000e+01  7.000000e+00  1.200000e+01
    endloop
  endfacet
  facet normal  1.000000e+00  0.000000e+00  0.000000e+00
    outer loop
      vertex  2.600000e+01  7.000000e+00  1.200000e+01
      vertex  2.600000e+01 -7.000000e+00  0.000000e+00
      vertex  2.600000e+01  7.000000e+00  0.000000e+00
    endloop
  endfacet
  facet normal  9.969172e-01 -7.846081e-02  0.000000e+00
    outer loop
      vertex  2.600000e+01 -7.000000e+00  0.000000e+00
      vertex  2.600000e+01 -7.000000e+00  1.200000e+01
      vertex  2.596306e+01 -7.469304e+00  0.000000e+00
    endloop
  endfacet
  facet normal  9.969172e-01 -7.846081e-02  0.000000e+00
    outer loop
      vertex  2.596306e+01 -7.469304e+00  0.000000e+00
      vertex  2.600000e+01 -7.000000e+00  1.200000e+01
      vertex  2.596306e+01 -7.469304e+00  1.200000e+01
    endloop
  endfacet
  facet normal  9.723707e-01 -2.334421e-01  0.000000e+00
    outer loop
      vertex  2.596306e+01 -7.469304e+00  0.000000e+00
      vertex  2.596306e+01 -7.469304e+00  1.200000e+01
      vertex  2.585317e+01 -7.927051e+00  0.000000e+00
    endloop
  endfacet
  facet normal  9.723707e-01 -2.334421e-01  0.000000e+00
    outer loop
      vertex  2.585317e+01 -7.927051e+00  0.000000e+00
      vertex  2.596306e+01 -7.469304e+00  1.200000e+01
      vertex  2.585317e+01 -7.927051e+00  1.200000e+01
    endloop
  endfacet
  facet normal  9.238788e-01 -3.826851e-01  0.000000e+00
    outer loop
      vertex  2.585317e+01 -7.927051e+00  0.000000e+00
      vertex  2.585317e+01 -7.927051e+00  1.200000e+01
      vertex  2.567302e+01 -8.361972e+00  0.000000e+00
    endloop
  endfacet
  facet normal  9.238788e-01 -3.826851e-01  0.000000e+00
    outer loop
      vertex  2.567302e+01 -8.361972e+00  0.000000e+00
      vertex  2.585317e+01 -7.927051e+00  1.200000e+01
      vertex  2.567302e+01 -8.361972e+00  1.200000e+01
    endloop
  endfacet
  facet normal  8.526409e-01 -5.224974e-01  0.000000e+00
    outer loop
      vertex  2.567302e+01 -8.361972e+00  0.000000e+00
      vertex  2.567302e+01 -8.361972e+00  1.200000e+01
      vertex  2.542705e+01 -8.763356e+00  0.000000e+00
    endloop
  endfacet
  facet normal  8.526409e-01 -5.224974e-01  0.000000e+00
    outer loop
      vertex  2.542705e+01 -8.763356e+00  0.000000e+00
      vertex  2.567302e+01 -8.361972e+00  1.200000e+01
      vertex  2.542705e+01 -8.763356e+00  1.200000e+01
    endloop
  endfacet
  facet normal  7.604057e-01 -6.494483e-01  0.000000e+00
    outer loop
      vertex  2.542705e+01 -8.763356e+00  0.000000e+00
      vertex  2.542705e+01 -8.763356e+00  1.200000e+01
      vertex  2.512132e+01 -9.121321e+00  0.000000e+00
    endloop
  endfacet
  facet normal  7.604057e-01 -6.494483e-01  0.000000e+00
    outer loop
      vertex  2.512132e+01 -9.121321e+00  0.000000e+00
      vertex  2.542705e+01 -8.763356e+00  1.200000e+01
      vertex  2.512132e+01 -9.121321e+00  1.200000e+01
    endloop
  endfacet
  facet normal  6.494462e-01 -7.604076e-01  0.000000e+00
    outer loop
      vertex  2.512132e+01 -9.121321e+00  0.000000e+00
      vertex  2.512132e+01 -9.121321e+00  1.200000e+01
      vertex  2.476336e+01 -9.427051e+00  0.000000e+00
    endloop
  endfacet
  facet normal  6.494462e-01 -7.604076e-01  0.000000e+00
    outer loop
      vertex  2.476336e+01 -9.427051e+00  0.000000e+00
      vertex  2.512132e+01 -9.121321e+00  1.200000e+01
      vertex  2.476336e+01 -9.427051e+00  1.200000e+01
    endloop
  endfacet
  facet normal  5.224988e-01 -8.526400e-01  0.000000e+00
    outer loop
      vertex  2.476336e+01 -9.427051e+00  0.000000e+00
      vertex  2.476336e+01 -9.427051e+00  1.200000e+01
      vertex  2.436197e+01 -9.673019e+00  0.000000e+00
    endloop
  endfacet
  facet normal  5.224988e-01 -8.526400e-01  0.000000e+00
    outer loop
      vertex  2.436197e+01 -9.673019e+00  0.000000e+00
      vertex  2.476336e+01 -9.427051e+00  1.200000e+01
      vertex  2.436197e+01 -9.673019e+00  1.200000e+01
    endloop
  endfacet
  facet normal  3.826844e-01 -9.238791e-01  0.000000e+00
    outer loop
      vertex  2.436197e+01 -9.673019e+00  0.000000e+00
      vertex  2.436197e+01 -9.673019e+00  1.200000e+01
      vertex  2.392705e+01 -9.853169e+00  0.000000e+00
    endloop
  endfacet
  facet normal  3.826844e-01 -9.238791e-01  0.000000e+00
    outer loop
      vertex  2.392705e+01 -9.853169e+00  0.000000e+00
      vertex  2.436197e+01 -9.673019e+00  1.200000e+01
      vertex  2.392705e+01 -9.853169e+00  1.200000e+01
    endloop
  endfacet
  facet normal  2.334454e-01 -9.723699e-01  0.000000e+00
    outer loop
      vertex  2.392705e+01 -9.853169e+00  0.000000e+00
      vertex  2.392705e+01 -9.853169e+00  1.200000e+01
      vertex  2.346930e+01 -9.963065e+00  0.000000e+00
    endloop
  endfacet
  facet normal  2.334454e-01 -9.723699e-01  0.000000e+00
    outer loop
      vertex  2.346930e+01 -9.963065e+00  0.000000e+00
      vertex  2.392705e+01 -9.853169e+00  1.200000e+01
      vertex  2.346930e+01 -9.963065e+00  1.200000e+01
    endloop
  endfacet
  facet normal  7.845888e-02 -9.969174e-01  0.000000e+00
    outer loop
      vertex  2.346930e+01 -9.963065e+00  0.000000e+00
      vertex  2.346930e+01 -9.963065e+00  1.200000e+01
      vertex  2.300000e+01 -1.000000e+01  0.000000e+00
    endloop
  endfacet
  facet normal  7.845888e-02 -9.969174e-01  0.000000e+00
    outer loop
      vertex  2.300000e+01 -1.000000e+01  0.000000e+00
      vertex  2.346930e+01 -9.963065e+00  1.200000e+01
      vertex  2.300000e+01 -1.000000e+01  1.200000e+01
    endloop
  endfacet
  facet normal  0.000000e+00 -1.000000e+00  0.000000e+00
    outer loop
      vertex -2.300000e+01 -1.000000e+01  1.200000e+01
      vertex -2.300000e+01 -1.000000e+01  0.000000e+00
      vertex  2.300000e+01 -1.000000e+01  1.200000e+01
    endloop
  endfacet
  facet normal  0.000000e+00 -1.000000e+00  -0.000000e+00
    outer loop
      vertex  2.300000e+01 -1.000000e+01  1.200000e+01
      vertex -2.300000e+01 -1.000000e+01  0.000000e+00
      vertex  2.300000e+01 -1.000000e+01  0.000000e+00
    endloop
  endfacet
endsolid CATIA STL
