:020000022000DC
:10000000F0EF01201104020059040200590402001B
:1000100059040200590402005904020000000000C3
:1000200000000000000000000000000061D4020099
:100030005904020000000000C1D4020025D50200CE
:10004000FF5E0200095F0200135F02001D5F0200F5
:10005000275F0200315F02003B5F0200455F020044
:100060004F5F0200595F0200635F02006D5F020094
:10007000775F0200815F02008B5F0200955F0200E4
:100080009F5F020059040200590402005904020053
:1000900059040200590402005904020059040200E4
:1000A000339402003D9402006996020073960200A8
:1000B0007D96020047940200519402005904020008
:1000C00059040200590402005904020059040200B4
:1000D00059040200590402005904020049AF020009
:1000E00053AF0200590402005904020059040200EF
:1000F0005904020059040200590402005904020084
:100100005904020059040200590402005904020073
:100110005904020059040200590402005904020063
:100120005904020059040200590402005904020053
:100130005904020059040200590402005904020043
:100140005904020059040200590402005904020033
:1001500059040200B979020059040200590402004E
:100160001D610200F5600200FF60020009610200EB
:100170005904020013610200357902003F79020040
:1001800049790200537902005D79020059040200A6
:1001900059040200677902007179020059040200D3
:1001A0007B7902008579020059040200590402009B
:1001B0008F7902009979020059040200A3790200A4
:1001C000AD790200590402005904020059040200EA
:1001D00059040200590402005904020059040200A3
:1001E0005904020059040200590402005904020093
:1001F0005904020059040200590402005904020083
:100200005904020059040200590402005904020072
:100210005904020059040200590402005904020062
:100220005904020059040200590402005904020052
:100230005904020059040200590402005904020042
:100240005904020059040200590402005904020032
:100250005904020059040200590402005904020022
:100260005904020059040200590402005904020012
:100270005904020059040200590402005904020002
:1002800059040200590402005904020059040200F2
:1002900059040200590402005904020059040200E2
:1002A00059040200590402005904020059040200D2
:1002B00059040200590402005904020059040200C2
:1002C00059040200590402005904020059040200B2
:1002D00059040200590402005904020059040200A2
:1002E0005904020059040200590402005904020092
:1002F0005904020059040200590402005904020082
:100300005904020059040200590402005904020071
:100310005904020059040200590402005904020061
:100320005904020059040200590402005904020051
:100330005904020059040200590402005904020041
:100340005904020059040200590402005904020031
:100350005904020059040200590402005904020021
:100360005904020059040200590402005904020011
:100370005904020059040200590402005904020001
:1003800059040200590402005904020059040200F1
:1003900059040200590402005904020059040200E1
:1003A00059040200590402005904020059040200D1
:1003B00059040200590402005904020059040200C1
:1003C00059040200590402005904020059040200B1
:1003D00059040200590402005904020059040200A1
:1003E0005904020059040200590402005904020091
:1003F000590402005904020059040200FFFFFFFFE4
:10040000FFFFFFFFFFFFFFFFFFFFFFFFFE7FFFFF7D
:1004100072B64FF000014FF000024FF000034FF0B2
:1004200000044FF000054FF000064FF00007B846FB
:10043000B946BA46BB46BC46044880470448854690
:100440000448804762B60DF023FAFEE7FD3E020045
:10045000F0EF0120613F0200FFF7FEBF81F0004195
:1004600002E000BF83F0004330B54FEA41044FEA99
:10047000430594EA050F08BF90EA020F1FBF54EA34
:10048000000C55EA020C7FEA645C7FEA655C00F0D0
:10049000E2804FEA5454D4EB5555B8BF6D420CDDA1
:1004A0002C4480EA020281EA030382EA000083EA24
:1004B000010180EA020281EA0303362D88BF30BDC4
:1004C00011F0004F4FEA01314FF4801C4CEA11311A
:1004D00002D0404261EB410113F0004F4FEA033379
:1004E0004CEA133302D0524263EB430394EA050F04
:1004F00000F0A780A4F10104D5F1200E0DDB02FA73
:100500000EFC22FA05F2801841F1000103FA0EF206
:10051000801843FA05F359410EE0A5F120050EF1CC
:10052000200E012A03FA0EFC28BF4CF0020C43FAFD
:1005300005F3C01851EBE37101F0004507D54FF00A
:10054000000EDCF1000C7EEB00006EEB0101B1F55A
:10055000801F1BD3B1F5001F0CD349085FEA3000A0
:100560004FEA3C0C04F101044FEA445212F5800FAB
:1005700080F09A80BCF1004F08BF5FEA500C50F148
:10058000000041EB045141EA050130BD5FEA4C0C2B
:10059000404141EB010111F4801FA4F10104E9D1B4
:1005A00091F0000F04BF01460020B1FA81F308BFAB
:1005B0002033A3F10B03B3F120020CDA0C3208DD77
:1005C00002F1140CC2F10C0201FA0CF021FA02F152
:1005D0000CE002F11402D8BFC2F1200C01FA02F1C2
:1005E00020FA0CFCDCBF41EA0C019040E41AA2BFE7
:1005F00001EB0451294330BD6FEA04041F3C1CDAAF
:100600000C340EDC04F11404C4F1200220FA04F0CE
:1006100001FA02F340EA030021FA04F345EA030178
:1006200030BDC4F10C04C4F1200220FA02F001FA3A
:1006300004F340EA0300294630BD21FA04F02946BC
:1006400030BD94F0000F83F4801306BF81F4801155
:100650000134013D4EE77FEA645C18BF7FEA655CC8
:1006600029D094EA050F08BF90EA020F05D054EA9A
:10067000000C04BF1946104630BD91EA030F1EBF9F
:100680000021002030BD5FEA545C05D140004941A3
:1006900028BF41F0004130BD14F580043CBF01F596
:1006A000801130BD01F0004545F0FE4141F470017C
:1006B0004FF0000030BD7FEA645C1ABF1946104657
:1006C0007FEA655C1CBF0B46024650EA013406BF58
:1006D00052EA033591EA030F41F4002130BD00BF17
:1006E00090F0000F04BF0021704730B54FF48064D4
:1006F00004F132044FF000054FF0000150E700BF55
:1007000090F0000F04BF0021704730B54FF48064B3
:1007100004F1320410F0004548BF40424FF00001A0
:100720003EE700BF42004FEAE2014FEA31014FEAE3
:1007300002701FBF12F07F4393F07F4F81F0605132
:10074000704732F07F4208BF704793F07F4F04BF7D
:1007500041F40021704730B54FF4607401F000455A
:1007600021F000411CE700BF50EA010208BF7047BA
:1007700030B54FF000050AE050EA010208BF7047AB
:1007800030B511F0004502D5404261EB41014FF414
:10079000806404F132045FEA915C3FF4D8AE4FF01C
:1007A00003025FEADC0C18BF03325FEADC0C18BFFF
:1007B000033202EBDC02C2F1200300FA03FC20FA50
:1007C00002F001FA03FE40EA0E0021FA02F114449D
:1007D000BDE600BF70B54FF0FF0C4CF4E06C1CEAB6
:1007E00011541DBF1CEA135594EA0C0F95EA0C0F27
:1007F00000F0DEF82C4481EA030621EA4C5123EA9A
:100800004C5350EA013518BF52EA033541F48011C8
:1008100043F4801338D0A0FB02CE4FF00005E1FB7B
:1008200002E506F00042E0FB03E54FF00006E1FBC5
:1008300003569CF0000F18BF4EF0010EA4F1FF0408
:10084000B6F5007F64F5407404D25FEA4E0E6D4148
:1008500046EB060642EAC62141EA55514FEAC52059
:1008600040EA5E504FEACE2EB4F1FD0C88BFBCF5D5
:10087000E06F1ED8BEF1004F08BF5FEA500E50F186
:10088000000041EB045170BD06F0004646EA01014C
:1008900040EA020081EA0301B4EB5C04C2BFD4EB7E
:1008A0000C0541EA045170BD41F480114FF0000E77
:1008B000013C00F3AB8014F1360FDEBF002001F0E5
:1008C000004170BDC4F10004203C35DA0C341BDC5F
:1008D00004F11404C4F1200500FA05F320FA04F031
:1008E00001FA05F240EA020001F0004221F0004165
:1008F00010EBD37021FA04F642EB06015EEA430ED8
:1009000008BF20EAD37070BDC4F10C04C4F1200507
:1009100000FA04F320FA05F001FA04F240EA0200BA
:1009200001F0004110EBD37041F100015EEA430E8B
:1009300008BF20EAD37070BDC4F1200500FA05F2AB
:100940004EEA020E20FA04F301FA05F243EA02032A
:1009500021FA04F001F0004121FA04F220EA020039
:1009600000EBD3705EEA430E08BF20EAD37070BD7F
:1009700094F0000F0FD101F00046400041EB01015F
:1009800011F4801F08BF013CF7D041EA060195F041
:10099000000F18BF704703F00046520043EB0303FB
:1009A00013F4801F08BF013DF7D043EA06037047E8
:1009B00094EA0C0F0CEA135518BF95EA0C0F0CD0F3
:1009C00050EA410618BF52EA4306D1D181EA030139
:1009D00001F000414FF0000070BD50EA410606BF33
:1009E0001046194652EA430619D094EA0C0F02D178
:1009F00050EA013613D195EA0C0F05D152EA0336BD
:100A00001CBF104619460AD181EA030101F00041DA
:100A100041F0FE4141F470014FF0000070BD41F023
:100A2000FE4141F4780170BD70B54FF0FF0C4CF4FD
:100A3000E06C1CEA11541DBF1CEA135594EA0C0F1C
:100A400095EA0C0F00F0A7F8A4EB050481EA030E69
:100A500052EA03354FEA013100F088804FEA033350
:100A60004FF0805545EA131343EA12634FEA02221E
:100A700045EA111545EA10654FEA00260EF00041DF
:100A80009D4208BF964244F1FD0404F5407402D231
:100A90005B084FEA3202B61A65EB03055B084FEAC2
:100AA00032024FF480104FF4002CB6EB020E75EBBF
:100AB000030E22BFB61A754640EA0C005B084FEAE7
:100AC0003202B6EB020E75EB030E22BFB61A754664
:100AD00040EA5C005B084FEA3202B6EB020E75EBAF
:100AE000030E22BFB61A754640EA9C005B084FEA27
:100AF0003202B6EB020E75EB030E22BFB61A754634
:100B000040EADC0055EA060E18D04FEA051545EA22
:100B100016754FEA06164FEAC30343EA52734FEACB
:100B2000C2025FEA1C1CC0D111F4801F0BD141EA44
:100B300000014FF000004FF0004CB6E711F4801FA9
:100B400004BF01430020B4F1FD0C88BFBCF5E06F89
:100B50003FF6AFAEB5EB030C04BFB6EB020C5FEA99
:100B6000500C50F1000041EB045170BD0EF0004EEE
:100B70004EEA113114EB5C04C2BFD4EB0C0541EA20
:100B8000045170BD41F480114FF0000E013C90E61D
:100B900045EA060E8DE60CEA135594EA0C0F08BFE1
:100BA00095EA0C0F3FF43BAF94EA0C0F0AD150EAE0
:100BB00001347FF434AF95EA0C0F7FF425AF104673
:100BC00019462CE795EA0C0F06D152EA03353FF49B
:100BD000FDAE1046194622E750EA410618BF52EA18
:100BE00043067FF4C5AE50EA41047FF40DAF52EAEC
:100BF00043057FF4EBAE12E74FF0FF3C06E000BF89
:100C00004FF0010C02E000BF4FF0010C4DF804CD95
:100C10004FEA410C7FEA6C5C4FEA430C18BF7FEA55
:100C20006C5C1BD001B050EA410C0CBF52EA430C83
:100C300091EA030F02BF90EA020F0020704710F103
:100C4000000F91EA030F58BF994208BF90422CBF92
:100C5000D8176FEAE37040F0010070474FEA410C8B
:100C60007FEA6C5C02D150EA013C07D14FEA430CA9
:100C70007FEA6C5CD6D152EA033CD3D05DF8040B1A
:100C8000704700BF8446104662468C46194663464C
:100C900000E000BF01B5FFF7B7FF002848BF10F123
:100CA000000F01BD4DF808EDFFF7F4FF0CBF012068
:100CB00000205DF808FB00BF4DF808EDFFF7EAFFE4
:100CC00034BF012000205DF808FB00BF4DF808ED9F
:100CD000FFF7E0FF94BF012000205DF808FB00BF94
:100CE0004DF808EDFFF7CEFF94BF012000205DF81E
:100CF00008FB00BF4DF808EDFFF7C4FF34BF01202B
:100D000000205DF808FB00BF4FEA410C7FEA6C5CF5
:100D100002D150EA013C0AD14FEA430C7FEA6C5CF5
:100D200002D152EA033C02D14FF0000070474FF06D
:100D3000010070474FEA410212F5001215D211D599
:100D40006FF47873B3EB625212D94FEAC12343F0C8
:100D5000004343EA505311F0004F23FA02F018BF4A
:100D6000404270474FF00000704750EA013005D113
:100D700011F0004008BF6FF0004070474FF00000D6
:100D8000704700BF4A0011D212F5001211D20DD5E2
:100D90006FF47873B3EB62520ED44FEAC12343F081
:100DA000004343EA505323FA02F070474FF000002B
:100DB000704750EA013002D14FF0FF3070474FF0DA
:100DC000000070474FEA4102B2F1E04324BFB3F59F
:100DD000001CDCF1FE5C0DD901F0004C4FEAC002B2
:100DE0004CEA5070B2F1004F40EB830008BF20F096
:100DF0000100704711F0804F21D113F13872BCBF50
:100E000001F00040704741F480114FEA5252C2F1A4
:100E10001802C2F1200C10FA0CF320FA02F018BFED
:100E200040F001004FEAC1234FEAD32303FA0CFC40
:100E300040EA0C0023FA02F34FEA4303CCE77FEACF
:100E4000625307D150EA01331EBF4FF0FE4040F419
:100E50004000704701F0004040F0FE4040F40000C8
:100E6000704700BF8C4619B3F0B54E1E8F1EF3B20B
:100E7000FF1A4FF0000E10E05A0030F81310023243
:100E8000845AA14284BF20F8134081520133DBB25F
:100E9000AB42F1DB013EB74205D03546002EC8BF5C
:100EA0007346E9DCF6E74FEA5C0C30F81C00F0BD55
:100EB0004FEA510C30F81C007047000008B50A4B8F
:100EC0000A4A03F10C0033F8021B22F8021B83428A
:100ED000F9D10749054B0B6000231A460548006805
:100EE0000BF044F908BD00BF0000002060000020A6
:100EF000C80000205C00002008B5084908480AF036
:100F00002FF90221272007F077FB0022042103207C
:100F10000BF074F8034B186008BD00BFE028030015
:100F2000EC2803005C00002038B500223249334B26
:100F300018680BF093F9012808D0314B1B78012B6E
:100F400052D000212F480AF059F938BD2A4B1968B0
:100F50002D4803780C882D4A22F813404D88DC1D5B
:100F600022F814508D8803F10E0422F81450CD8815
:100F700003F1150422F814500D8903F11C0422F822
:100F800014504C8903F1230122F811400133DBB2E4
:100F90000370062BD1D9154607211046FFF762FFD3
:100FA0001B4C2080072105F10E00FFF75BFF6080DE
:100FB000072105F11C00FFF755FFA080072105F16F
:100FC0002A00FFF74FFFE080072105F13800FFF707
:100FD00049FF2081072105F14600FFF743FF6081AB
:100FE0000022094B1A70A8E7044B18680BF06AFA44
:100FF000034B9871A5E700BFC40000205C000020EF
:1010000024070020EC2803006C0000207000002062
:10101000E009002000B587B000238DF810308DF86E
:1010200011308DF80F300138C0B2032803D90020E9
:1010300007B05DF804FB01238DF81430000140383F
:101040008DF81500E3228DF8162005220092032268
:1010500005A913480AF0B5FB08B10020E8E7022013
:101060000BF002FE05230093002301220DF10F0176
:101070000B480AF0A6FB08B10020D9E7052300932E
:101080000123022204A906480AF0B1FB30B99DF8F9
:1010900010309DF8110040EA0320C9E70020C7E79F
:1010A0004C00002008B5024902480AF02DFB08BD9B
:1010B000A82903004C00002038B5094D2C780134D4
:1010C000E4B22C702046FFF7A5FF064B03EB440467
:1010D00060812B78032B01D900222A7038BD00BF14
:1010E000CC000020E009002010B50D4C01220A219F
:1010F000204609F01AFE01220A21204609F021FEAD
:1011000001220921204609F01CFE00220A21204666
:1011100009F017FE00220921204609F012FE10BD39
:1011200040F00F402DE9F0410546154C01220A21FF
:10113000204609F0FAFD00220921204609F001FEAF
:1011400008240F4E00274FF0010815F0800F14BF40
:1011500042463A460A21304609F0F3FD6D00EDB2F1
:1011600042460921304609F0ECFD3A460921304655
:1011700009F0E7FD631E13F0FF04E6D1BDE8F0813E
:1011800040F00F4010B50D4C01220A21204609F015
:10119000CCFD00220921204609F0D3FD00220A21BE
:1011A000204609F0CEFD01220921204609F0C9FDA3
:1011B00001220A21204609F0C4FD10BD40F00F4075
:1011C00038B5134C00220A21204609F0AEFD012259
:1011D0000A21204609F0B5FD01220921204609F027
:1011E000B0FDFB240A4D284609F0BDFD10F4806FC8
:1011F00007D0631E13F0FF04F5D1FFF7C3FF0120F2
:1012000038BD00220921024809F09BFD002038BDAD
:1012100040F00F4010B582B0032806D8DFE800F098
:1012200002292D31C022194B1A708DF804100123A8
:101230008DF80530154B1B788DF80630E3238DF8BB
:101240000730FFF751FF0023114A1370144602AA1A
:10125000134413F8040CFFF765FFFFF7B1FF237881
:101260000133DBB22370032BF1D9FFF78BFF02B000
:1012700010BDD022054B1A70D7E7E022034B1A703D
:10128000D3E7F022014B1A70CFE700BFCD0000205A
:10129000CE00002010B50446FFF726FF2046FFF7DA
:1012A00041FFFFF78DFF0020FFF73CFFFFF788FFAE
:1012B000FFF768FF10BD00002DE9F84381460022CA
:1012C0000A212D4809F031FD082500242A4EA046A8
:1012D000092742463946304609F033FD0122394696
:1012E000304609F02EFD6400E4B2304609F03BFDC3
:1012F00010F4806F1CBF0134E4B26B1E13F0FF05C5
:10130000E7D1B9F1000F1CD01B4D0022092128465E
:1013100009F017FD01220A21284609F006FD0022E6
:101320000A21284609F00DFD01220921284609F06D
:1013300008FD00220921284609F003FD2046BDE8EA
:10134000F8830D4D00220921284609F0FAFC0122FC
:101350000A21284609F0E9FC01220A21284609F061
:10136000F0FC01220921284609F0EBFC00220921AA
:10137000284609F0E6FCE1E740F00F4038B50446A6
:10138000FFF7B2FE601CC0B2FFF7CCFEFFF718FFFC
:101390000120FFF791FF05460120FFF78DFF04466E
:1013A000FFF7F0FE04EB052080B238BD10B5064C07
:1013B00001220921204609F0C4FC01220A2120460D
:1013C00009F0BFFC10BD00BF40F00F402DE9F04117
:1013D0001D4F0024922602253146E0B2FFF71AFF86
:1013E00028460BF041FC3046FFF754FF28460BF02F
:1013F0003BFC3046FFF7C2FF804628460BF034FC2A
:1014000027F8028B0134042CE6D1104F00249026DB
:1014100002253146E0B2FFF7FDFE28460BF024FC22
:101420003046FFF737FF28460BF01EFC3046FFF72B
:10143000A5FF804628460BF017FC27F8028B0134E5
:10144000042CE6D1BDE8F081F8090020000A002054
:10145000A2B32DE9F04182B00446571EFFB24D1EE3
:101460000F440026DFF8588007E09DF8033005F8A8
:10147000013F0134A4B2BD421DD08DF8036014F4C5
:10148000004FF2D1230A8DF804308DF80540334621
:10149000022201A940460AF08BF903200BF0E4FB7D
:1014A00001231A460DF1030140460AF097F9032083
:1014B0000BF0DAFBD9E702B0BDE8F081704700BF5E
:1014C0002C05FE1F6AB32DE9F04182B004460D469B
:1014D000531EDBB203445E1CB6B2DFF8488001271E
:1014E00007E00134A4B2013505200BF0BDFBB44286
:1014F00014D014F4004FF4D12B78220A8DF8042074
:101500008DF805408DF806303B46032201A9404680
:101510000AF04EF903200BF0A7FBE2E702B0BDE8AA
:10152000F08170472C05FE1F08B5024902480AF0F9
:10153000EBF808BDC02903002C05FE1F08B50C4BB5
:101540001B78012B02D0022B09D008BD0222084BC8
:101550001A70042207490020FFF7B4FF08BD0322D8
:10156000034B1A70042204490020FFF771FFECE7D7
:101570006C0EFE1F700EFE1FD000002008B5064B3B
:101580001B7803B908BD054A054B1A6007F02CF813
:1015900002F0DAFCF6E700BFD5000020CDFE3517DB
:1015A000F0EF012010B50A490A480AF0B5FA012205
:1015B0001121094809F0C5FB084C01221D212046D4
:1015C00009F0BFFB01221E21204609F0BAFB10BD25
:1015D000F42903005C0EFE1F40F00F40C0F00F40E6
:1015E0002DE9F04383B0DD4B1B7D002B00F007811C
:1015F00000248DF800408DF801408DF804408DF8EE
:101600000540DFF8688322461121404609F099FB26
:1016100002200BF029FBD24F022301AA694638466B
:101620000AF0EEFA02200BF01FFB012211214046C6
:1016300009F087FBC94E9DF804209DF8053003EBA7
:101640000223F38202200BF00FFB8DF800408DF88F
:101650000140C44D22461D21284609F072FB02209C
:101660000BF002FB022301AA694638460AF0C8FAC9
:1016700002200BF0F9FA01221D21284609F061FB36
:101680009DF804209DF8053003EB022333830220EC
:101690000BF0EAFA8DF800408DF8014022461E2139
:1016A000284609F04EFB02200BF0DEFA022301AAC5
:1016B000694638460AF0A4FA02200BF0D5FA012256
:1016C0001E21284609F03DFB9DF804209DF80530B9
:1016D00003EB0223738302200BF0C6FA8DF801405E
:1016E0008DF804408DF805404FF007098DF8009003
:1016F00022461121404609F024FB02200BF0B4FAE7
:10170000022301AA694638460AF07AFA02200BF051
:10171000ABFA01221121404609F013FB9DF8042089
:101720009DF8053003EB0223738402200BF09CFA32
:101730008DF800908DF8014022461D21284609F0C1
:1017400000FB02200BF090FA022301AA69463846FA
:101750000AF056FA02200BF087FA01221D212846D2
:1017600009F0EFFA9DF804209DF8053003EB022301
:10177000B38402200BF078FA8DF800908DF80140C8
:1017800022461E21284609F0DCFA02200BF06CFAF2
:10179000022301AA694638460AF032FA02200BF009
:1017A00063FA01221E21284609F0CBFA9DF8042095
:1017B0009DF8053003EB0223F38402200BF054FA6A
:1017C0008DF800408DF801408DF804408DF80540FB
:1017D000284609F0C8FA10F0805F77D0624809F017
:1017E000C2FA10F0020F00F0C3805F4809F0BBFAA4
:1017F00010F0010F00F0038103B0BDE8F083012673
:10180000564B1E7500248DF804408DF805404FF0AE
:1018100080098DF800904FF0D3088DF80180534D6A
:1018200022461121284609F08CFA02200BF01CFAFE
:101830004B4F022301AA694638460AF0E1F902201B
:101840000BF012FA32461121284609F07AFA0220EA
:101850000BF00AFA8DF800908DF801808035224651
:101860001D21284609F06DFA02200BF0FDF9022334
:1018700001AA694638460AF0C3F902200BF0F4F9D0
:1018800032461D21284609F05CFA02200BF0ECF9E3
:101890008DF800908DF8018022461E21284609F01F
:1018A00050FA02200BF0E0F9022301AA69463846FB
:1018B0000AF0A6F902200BF0D7F932461E2128467D
:1018C00009F03FFA02200BF0CFF991E64FF0010842
:1018D0008DF8008027468DF80140244E22461121C4
:1018E000304609F02EFA02200BF0BEF9DFF87090B6
:1018F000022301AA694648460AF082F902200BF049
:10190000B3F942461121304609F01BFA9DF8055003
:101910002D0202248DF800408DF801703A46112105
:10192000304609F00EFA20460BF09EF9234601AA34
:10193000694648460AF064F920460BF095F942469C
:101940001121304609F0FDF99DF805301D44034B87
:101950009D8320460BF088F940E700BFF409002082
:101960005C0EFE1FC0F00F4000F00F4040F00F4033
:101970004FF001088DF8008000278DF80170434E6C
:101980003A461D21304609F0DCF902200BF06CF9D3
:10199000DFF80091022301AA694648460AF030F9AF
:1019A00002200BF061F942461D21304609F0C9F9C9
:1019B0009DF805502D0202248DF800408DF801702D
:1019C0003A461D21304609F0BCF920460BF04CF98F
:1019D000234601AA694648460AF012F920460BF050
:1019E00043F942461D21304609F0ABF99DF8053018
:1019F0001D44274BDD8320460BF036F9F5E64FF00A
:101A000001088DF8008000278DF801701F4E3A46BE
:101A10001E21304609F095F902200BF025F9DFF878
:101A20007490022301AA694648460AF0E9F80220A8
:101A30000BF01AF942461E21304609F082F99DF852
:101A400005502D0202248DF800408DF801703A46B1
:101A50001E21304609F075F920460BF005F92346A2
:101A600001AA694648460AF0CBF820460BF0FCF87C
:101A700042461E21304609F064F99DF805301D44A8
:101A8000034B1D8420460BF0EFF8B5E6C0F00F4085
:101A9000F40900205C0EFE1F10B5084908480AF042
:101AA0003BF8084C00220C21204609F04AF900229C
:101AB0000D21204609F045F910BD00BF102A030092
:101AC000640EFE1F80F00F4030B585B00025ADF8E4
:101AD0000E501E4C01220C21204609F032F9012241
:101AE0000D21204609F02DF9194C294620460AF00F
:101AF000CFF8184B1B7863F0FF0304A921F8023DCF
:101B0000022300930123144A20460AF09BF818B9D7
:101B1000114B1A880F4B9A700D4C012120460AF088
:101B2000B7F80C4B5B7863F0FF0304A921F8023D82
:101B3000022300930123094A20460AF083F818B9CA
:101B4000054B5A88034BDA7005B030BD80F00F406A
:101B5000640EFE1FD8000020DC000020DE00002004
:101B600008B5074A01F00F0303EB0013137020F0D0
:101B70000F0040EA11115170FFF7A6FF08BD00BF2A
:101B8000D800002008B5094BD3F8002442F03002F9
:101B9000C3F80024D3F8042442F03002C3F804242C
:101BA0000349044804F0C0FA08BD00BF001000401B
:101BB000E8010020AC28030038B505460C46C1F307
:101BC0000B033BB1B1F5805F26BF01F58054E41AE9
:101BD0004FF4805422462946094804F00DFB034681
:101BE00008B1184638BD06484FF0FF338361012322
:101BF000C4F30F12294604F047FB0346F1E700BF88
:101C0000E80100202DE9F04385B00746894690465B
:101C100006F0EAFC07EB0805AF4212D23C4602E0B0
:101C20000434AC420DD22368B3F1FF3FF8D0291B36
:101C30002046FFF7C1FF06460028F2D006F0C6FC9A
:101C400014E04B46424639460C4804F053FB064626
:101C500080B90123019303AB00934B4642463946BA
:101C6000064804F0A3FB064606F0B0FC304605B07B
:101C7000BDE8F08306F0AAFCF8E700BFE801002009
:101C800070B504460D46164606F0AEFC46B1291F57
:101C900004EB860254F8043B41F8043F9442F9D126
:101CA00006F094FC70BD01700B0A43700B0C83703E
:101CB000090EC1700420704770B5C0B00D4E351FBD
:101CC000FC36002455F8041F0DEB0400FFF7EBFF72
:101CD0000444A4B2B542F5D114F0070302D008348D
:101CE000E41AA4B2224669464FF48030FFF78AFF17
:101CF00040B070BDE000002008B5402202494FF41A
:101D00008030FFF7BDFF08BDE000002010B5164B86
:101D10001A785B78934224D0134B5A70134B2120CE
:101D200083F8000141F23421A3F80211104AC3F8EC
:101D30000421186059609A60FFF7BEFF0324FFF783
:101D4000DBFF0A4B53F8242083F80021621C53F870
:101D50002220A3F80221023453F82420C3F80421DE
:101D600010BD0024EBE700BF04020020E0000020CB
:101D70007856341238B5494D284608F0F4FF80F4FF
:101D80008054C4F30034284608F0EDFF10F4804F6F
:101D900008BF44F00204414808F0E5FF10F4005F7A
:101DA00008BF44F004043D4808F0DDFF10F4806FE4
:101DB0000EBF44F0080424F00804A4B2374808F029
:101DC000D2FF10F4006F0EBF44F0100424F0100492
:101DD000A4B2324808F0C7FF10F4004F0EBF44F021
:101DE000200424F02004A4B22C4808F0BCFF10F416
:101DF000001F0EBF44F0400424F04004A4B2274862
:101E000008F0B1FF10F4801F0EBF44F0800424F0EE
:101E10008004A4B2214808F0A6FF10F4002F0EBFE2
:101E200044F4807424F48074A4B21C4808F09BFF2E
:101E300010F4803F0EBF44F4007424F40074A4B284
:101E4000164808F090FF10F4800F0EBF44F4806431
:101E500024F48064A4B2114808F085FF10F4000F48
:101E60000EBF44F4006424F40064A4B20B4808F0EC
:101E70007AFF10F0807F0EBF44F4805424F4805425
:101E8000A4B2064808F06FFF10F0007F0EBF44F4C4
:101E9000005024F40054A0B238BD00BF00F10F4040
:101EA00010B50E495D2008F030FF0D4C0121204691
:101EB00008F055FF0221204608F04FFF00221821AC
:101EC000204608F03EFF00221321204608F039FF8B
:101ED00000221221204608F034FF10BD3405FE1FF9
:101EE000C0F00F4008B5FFF745FF08BD38B51D48E5
:101EF00008F039FF80F00804C4F3C0041A4808F061
:101F000032FF10F4807F08BF44F00204174808F045
:101F10002AFF10F4001F08BF44F00404134808F01F
:101F200022FF10F4801F0CBF44F0080404F0F704F3
:101F30000D4808F018FF10F4007F0CBF44F01004A7
:101F400004F0EF040A4808F00EFF10F4003F0CBF45
:101F500044F0200404F0DF04064D6C80FFF70AFF14
:101F6000288038BD80F00F4000F10F4040F00F4056
:101F7000C0F00F40F409002010B5044610F0010F26
:101F800014BF0122002217211C4808F0DAFE14F0C9
:101F9000020F14BF012200220221184808F0D1FECE
:101FA00014F0040F14BF012200220321134808F08B
:101FB000C8FE14F0080F14BF0122002204210F48AC
:101FC00008F0BFFE14F0100F14BF012200221621EA
:101FD0000A4808F0B6FE14F0200F14BF01220022B8
:101FE0000F21074808F0ADFE14F0400F14BF012286
:101FF00000221021024808F0A4FE10BDC0F00F40DE
:1020000080F00F400123002140FA03F202F00102A8
:1020100051400133102BF7D108467047E0B170B43E
:102020000F498C780B1D421ED2B2033201EB4201E4
:102030000025012601E08B420CD033F8022F12F468
:10204000004FF8D0B3F86A0090421CBF44F002047D
:102050003546F0E70DB970BC7047014B9C70FAE74C
:102060000802002010B32DE9F04182B0104DAC1DE4
:10207000431EDBB2043305EB4305DFF8388002274B
:1020800001260097334604F16A022146404609F0D2
:10209000D9FD18B90234AC42F3D104E0044A937874
:1020A00043F00103937002B0BDE8F081704700BFB8
:1020B000080200205400002010B54FF4A040FFF7A4
:1020C000A1FF0F4C00F0010040F4A040E08001208F
:1020D0002071FFF7C7FFB4F87030C3F3400262709D
:1020E00003F4C072B2F5C07F03D103F06003602B2C
:1020F00004D0034A937843F00403937010BD00BFEB
:102100000802002010B54FF49C40FFF77BFF084CFD
:1021100000F0010040F49C40E08001202071FFF7B6
:10212000A1FFB4F87000C0F34200207010BD00BFE2
:102130000802002010B54AF6D430FFF763FF0D4CBB
:1021400000F0010040F42B4040F0D400E0804AF65B
:102150002A40FFF757FF00F0010040F42C4040F008
:102160002A00208102202071FFF77CFF2079FFF7F1
:1021700055FF10BD0802002070B548F25670FFF7F9
:1021800041FF564C00F0010040F4074040F056007B
:10219000E08048F2DE70FFF735FF00F0010040F408
:1021A000074040F0DE00208148F2AC60FFF72AFFD4
:1021B00000F0010040F4064040F0AC00608148F2BD
:1021C0002460FFF71FFF00F0010040F4064040F0DC
:1021D0002400A081042626713046FFF743FF2079B2
:1021E000FFF71CFFFFF768FF4FF40C40FFF70AFFF3
:1021F00000F0010040F40C40E0804FF40E40FFF787
:1022000001FF00F0010040F40E40208102252571FD
:102210002846FFF727FF2079FFF700FF4FF40A4019
:10222000FFF7F0FE00F0010040F40A40E0800120DA
:102230002071FFF717FF2079FFF7F0FEFFF77AFF15
:1022400048F2BE70FFF7DEFE00F0010040F40740E8
:1022500040F0BE00E08048F26860FFF7D3FE00F077
:10226000010040F4064040F06800208148F27C7094
:10227000FFF7C8FE00F0010040F4074040F07C008A
:10228000608148F29470FFF7BDFE00F0010040F459
:10229000074040F09400A08126713046FFF7E2FE2F
:1022A0002079FFF7BBFEFFF707FF4FF4D050FFF791
:1022B000A9FE00F0010040F4D050E0804FF4E0505F
:1022C000FFF7A0FE00F0010040F4E05020812571EE
:1022D0002846FFF7C7FEFFF715FF70BD0802002074
:1022E00038B501280ED060B1022855D0314B1B788B
:1022F000834206D02F4B1870FFF71CFF64200AF0B2
:10230000B3FC38BD2B4B1B78012BFAD00122294B93
:102310001A704AF60620FFF775FE274C00F0010000
:1023200040F42A4040F00600E0804AF6F850FFF7FB
:1023300069FE00F0010040F42D4040F0F8002081DB
:10234000022525712846FFF78DFE2079FFF766FEEE
:102350000A200AF089FC4AF60A20FFF753FE00F033
:10236000010040F42A4040F00A00E0804AF6F450B0
:10237000FFF748FE00F0010040F42D4040F0F4006B
:10238000208125712846FFF76DFE2079FFF746FE74
:102390000A200AF069FC38BD064B1B78022BB0D02E
:1023A0000222044B1A70FFF7C5FE0A200AF05CFCFB
:1023B00038BD00BFE20200200802002010B5064C24
:1023C0000649204609F0A8FB0221204609F060FCDE
:1023D000FFF7D2FE10BD00BF54000020D829030033
:1023E00010B5EE4B1B78012B00F008820020FFF7A0
:1023F00009FEEA4C00F00100E0804FF40070FFF7A6
:1024000001FE00F0010040F4007020814FF4806074
:10241000FFF7F8FD00F0010040F4806060814FF4A8
:10242000C060FFF7EFFD00F0010040F4C060A08144
:102430004FF40060FFF7E6FD00F0010040F400609B
:10244000E0814FF42060FFF7DDFD00F0010040F473
:10245000206020824FF44060FFF7D4FD00F00100BF
:1024600040F4406060824FF46060FFF7CBFD00F005
:10247000010040F46060A0824FF48050FFF7C2FD7D
:1024800000F0010040F48050E0824FF49050FFF7DC
:10249000B9FD00F0010040F4905020834FF4A050AB
:1024A000FFF7B0FD00F0010040F4A05060834FF44E
:1024B000B050FFF7A7FD00F0010040F4B050A0833A
:1024C0004FF4C050FFF79EFD00F0010040F4C050F3
:1024D000E0834FF4D050FFF795FD00F0010040F489
:1024E000D05020844FF4E050FFF78CFD00F0010045
:1024F00040F4E05060844FF4F050FFF783FD00F0AB
:10250000010040F4F050A0844FF40050FFF77AFD32
:1025100000F0010040F40050E0844FF40850FFF751
:1025200071FD00F0010040F4085020854FF4105078
:10253000FFF768FD00F0010040F4105060854FF493
:102540001850FFF75FFD00F0010040F41850A0851F
:102550004FF42050FFF756FD00F0010040F42050EA
:10256000E0854FF42850FFF74DFD00F0010040F4E6
:10257000285020864FF43050FFF744FD00F0010052
:1025800040F4305060864FF43850FFF73BFD00F0C8
:10259000010040F43850A0864FF44050FFF732FD60
:1025A00000F0010040F44050E0864FF44850FFF73F
:1025B00029FD00F0010040F4485020874FF45050AE
:1025C000FFF720FD00F0010040F4505060874FF409
:1025D0005850FFF717FD00F0010040F45850A08755
:1025E0004FF46050FFF70EFD00F0010040F4605022
:1025F000E0874FF46850FFF705FD00F0010040F45C
:102600006850A4F840004FF47050FFF7FBFC00F056
:10261000010040F47050A4F842004FF47850FFF7E6
:10262000F1FC00F0010040F47850A4F844004FF4AD
:102630008040FFF7E7FC00F0010040F48040A4F880
:1026400046004FF48440FFF7DDFC00F0010040F449
:102650008440A4F848004FF48840FFF7D3FC00F012
:10266000010040F48840A4F84A004FF48C40FFF782
:10267000C9FC00F0010040F48C40A4F84C004FF479
:102680009040FFF7BFFC00F0010040F49040A4F838
:102690004E004FF49440FFF7B5FC00F0010040F409
:1026A0009440A4F850004FF49840FFF7ABFC00F0C2
:1026B000010040F49840A4F852004FF49C40FFF70A
:1026C000A1FC00F0010040F49C40A4F854004FF439
:1026D000A040FFF797FC00F0010040F4A040A4F8F0
:1026E00056004FF4A440FFF78DFC00F0010040F4C9
:1026F000A440A4F858004FF4A840FFF783FC00F072
:10270000010040F4A840A4F85A004FF4AC40FFF791
:1027100079FC00F0010040F4AC40A4F85C004FF4F8
:10272000B040FFF76FFC00F0010040F4B040A4F8A7
:102730005E004FF4B440FFF765FC00F0010040F488
:10274000B440A4F860004FF4B840FFF75BFC00F021
:10275000010040F4B840A4F862004FF4BC40FFF719
:1027600051FC00F0010040F4BC40A4F864004FF4B8
:10277000C040FFF747FC00F0010040F4C040A4F85F
:1027800066004FF4C440FFF73DFC00F0010040F448
:10279000C440A4F868004FF4C84001E008020020DB
:1027A000FFF730FC00F0010040F4C840A4F86A00D4
:1027B0004FF4CC40FFF726FC00F0010040F4CC4081
:1027C000A4F86C004FF4FC40FFF71CFC00F0010083
:1027D00040F4FC40A4F86E0035202071FFF742FC65
:1027E000217921B100230133DAB29142FBD8FFF7FE
:1027F00089FC054BD878FFF773FD10BD64200AF003
:1028000033FAFFF7B9FCF4E70802002008B50449E1
:10281000044808F0F9FF0449044808F0F5FF08BD32
:102820001C0EFE1F240EFE1F480EFE1F500EFE1F24
:1028300008B5002814BF4FF4166200220621024892
:1028400009F020F908BD00BF500EFE1F70470000C0
:1028500000B583B00023019311BB002A30D11C4B7B
:102860005B68B3F5F46F1ED0194A0021194808F0CF
:10287000F3FE1949194B0B60002301AA18480068A0
:1028800009F074FC174A137A01331372019B3BB1B0
:102890004FF08052144B1A60BFF34F8FBFF36F8F0E
:1028A00003B05DF804FB0A4B93F84830002BDBD0F3
:1028B000074B1B7A422BD7D101220C4B1A70D3E75E
:1028C000022AD6D10A4A0221024808F0C5FED0E702
:1028D0003803002028290300E8020020E402002039
:1028E000E0060020C806002004ED00E0D50000202E
:1028F000EC020020F0B595B005460F4616461C4682
:102900004C22002101A80FF0C8FF2246082C28BF46
:10291000082202978DF84C20314603A80FF0B2FF31
:10292000022301AA2946024808F056FE15B0F0BD60
:102930002829030008B508230A4601460320FFF7AB
:10294000D9FF08BD10B51D4C1D49204608F034FDC7
:1029500000231C4A1946204608F000FE1A4A0121AD
:10296000204608F0C1FD0023184A0221204608F045
:10297000F5FD174A0321204608F0B6FD00231A464C
:102980001946204608F08CFE002302220121204631
:1029900008F086FE00220F49204608F095FE02212D
:1029A000512005F029FE0C4A0021204608F054FE73
:1029B0000A4A0221204608F04FFE10BD28290300D4
:1029C000F4280300800EFE1F900EFE1F780EFE1FDF
:1029D000880EFE1F5128020038030020EC02002060
:1029E00000B583B00023019391B9042A13D0062ABD
:1029F00000F0CB80684A537A01335372019B3BB19C
:102A00004FF08052654B1A60BFF34F8FBFF36F8F4B
:102A100003B05DF804FB624B93F84830082B05D0F7
:102A20005F4A04215F4808F017FEE3E75C4B5B68F0
:102A3000172B68D025D8122B00F0878011D9132BC3
:102A400047D0162B40F09B80574B03F108025749A3
:102A500003C982E8030093F84920013283F8492032
:102A600042E0112B40F08B804F4B03F120024F4985
:102A700003C982E8030093F84C20013283F84C200C
:102A800032E0B3F5F27F4BD014D940F201429342C9
:102A900068D040F20242934271D1434B03F14002AD
:102AA000424903C982E8030093F85020013283F8B9
:102AB000502019E0422B62D13B4B03F130023B49DD
:102AC00003C982E8030093F84E20013283F84E20B8
:102AD0000AE0354B354A92E8030083E8030093F897
:102AE0004820013283F848202D4A04212D4808F05F
:102AF000B3FD2F492C4B0B60002301AA2D48006821
:102B000009F034FB76E7284B03F11002274903C98B
:102B100082E8030093F84A20013283F84A20E3E771
:102B20001F4A137A517A927A4B409A427FF478AFD7
:102B30001D4B03F118021D4903C982E8030093F8F5
:102B40004B20013283F84B20CEE7174B03F12802CC
:102B5000164903C982E8030093F84D20013283F837
:102B60004D20C1E7104B03F13802104903C982E838
:102B7000030093F84F20013283F84F20B4E7084A4E
:102B80000421084808F068FD34E70B4A062105488F
:102B900008F062FD2EE700BFC806002004ED00E04B
:102BA0004C04002064290300840300205404002006
:102BB000FC030020E40600200004002030B595B09E
:102BC00005460C464C22002101A80FF066FE029536
:102BD00008238DF84C3003AB2068616803C30223DF
:102BE00001AA0521024808F0F7FC15B030BD00BF6E
:102BF0006429030010B51D4C1D49204608F0DCFB7C
:102C000000231C4A0421204608F0A8FC1A4A05218A
:102C1000204608F069FC0023184A0621204608F0E7
:102C20009DFC174A0721204608F05EFC0023042281
:102C30001946204608F034FD0023062201212046D3
:102C400008F02EFD00220F49204608F03DFD02212C
:102C5000582005F0D1FC0C4A0421204608F0FCFC69
:102C60000A4A0621204608F0F7FC10BD642903003B
:102C700030290300A00EFE1FB00EFE1F980EFE1F8F
:102C8000A80EFE1FE12902004C04002000040020D1
:102C900000B583B000230193D1B90A2A1BD00C2AB6
:102CA0001FD01349134B0B60002301AA1248006880
:102CB00009F05CFA114A937A01339372019B3BB19C
:102CC0004FF080520E4B1A60BFF34F8FBFF36F8FE0
:102CD00003B05DF804FB0B4A0A210B4808F0BCFC6A
:102CE000DFE70A4A0C21084808F0B6FCD9E700BF24
:102CF0009C04002098040020E8060020C80600205C
:102D000004ED00E0EC040020A0290300A004002052
:102D100008B503282ED8DFE800F0020D18230122A1
:102D20000821154808F00DF801220D21134808F07C
:102D300008F808BD012208210F4808F002F8002217
:102D40000D210E4807F0FDFF08BD002208210A48AA
:102D500007F0F7FF00220D21084807F0F2FF08BD39
:102D600000220821044807F0ECFF01220D2103484E
:102D700007F0E7FF08BD00BF40F00F40C0F00F4074
:102D800010B5214C2149204608F016FB0023204AAB
:102D90000A21204608F0E2FB1E4A0B21204608F0DB
:102DA000A3FB1D4A0E21204608F09EFB00231B4A70
:102DB0000C21204608F0D2FB194A0D21204608F0CC
:102DC00093FB00230A221946204608F069FC0023E1
:102DD0000C220121204608F063FC00221149204604
:102DE00008F072FC02215F2005F006FC0E4A0A2161
:102DF000204608F031FC0D4A0C21204608F02CFC3E
:102E00000020FFF785FF10BDA02903006C290300F7
:102E1000C00EFE1FD00EFE1FD80EFE1FB80EFE1FE6
:102E2000C80EFE1F912C0200EC040020A00400201C
:102E3000F0B583B00023019341BB364AD37A013306
:102E4000D372354B1B784BB9334B5B78552B5CD029
:102E500001223249324808F0A3FF17E00133DBB208
:102E60002D4A1370202B13D82B490B7801330122E4
:102E700019442B4808F094FF019B3BB14FF080525E
:102E8000284B1A60BFF34F8FBFF36F8F03B0F0BDB5
:102E9000254B186809F021FB022803D900221E4B9C
:102EA0001A70E1E7214B1978214B01EB81112122A6
:102EB0005A544C1C1848421C234421301768566849
:102EC0009568D4681F605E609D60DC6010321033CE
:102ED0008242F3D112781A70154B194400910023E5
:102EE00001AA69461048006809F040F90128D5D1C7
:102EF0000E4B1B780133DBB2032B02D80B4A137045
:102F0000CCE70022094B1A70C8E70122024B1A7065
:102F1000AAE700BFC80600203805002039050020B8
:102F20004C2A030004ED00E0F8060020880600208B
:102F30008405002010B5074C0749204608F0B2FE72
:102F40000821212005F058FB01220449204608F001
:102F500015FF10BD4C2A03002C2A03003905002060
:102F600010B582B00C4601A9314808F010FF0228C4
:102F700008D001A92E4808F00AFF01222D492C484B
:102F800008F0FCFE5CB92C4B1B78A3B9294B1B78CD
:102F90000F2B06D001222749254808F001FF02B077
:102FA00010BD0122244B1A700022244B1A700F22EC
:102FB000234B1A70EEE7012BECD1204A1378013332
:102FC000DBB213701B4A11781D4AD154172BE1D97B
:102FD0000022194B1A701A4B1B7E002BDAD1194CA8
:102FE0002378013323700AF04DFA154B224603F182
:102FF000170013F8011F02F8011F8342F9D10AF0EC
:1030000051FA11490F4B0B60002302AA42F8083D08
:103010000E48006809F0AAF8009B002BBAD04FF0C8
:1030200080520B4B1A60BFF34F8FBFF36F8FB1E726
:10303000742A030089060020AA060020A9060020A1
:1030400090060020AC0600208C060020FC06002024
:1030500004ED00E010B5074C0749204608F022FEB9
:103060000221232005F0C8FA01220449204608F075
:1030700085FE10BD742A0300542A0300890600202F
:1030800000B583B000230D4A01210D4802F05EFC1B
:103090000021084602F068FCFEF702FF094B01938D
:1030A0000423009300234FF400720749074809F0F6
:1030B00019FB09F067FC03B05DF804FB4800002031
:1030C0008C04FE1F100700207C2A030079320200C6
:1030D00010B582B01F4B01930424009400234FF4D9
:1030E00000721D491D4809F0FDFA1D4B0193009423
:1030F00000234FF400721B491B4809F0F3FA1B4BE5
:103100000193009400234FF400721949194809F003
:10311000E9FA194B0193009400234FF40072174908
:10312000174809F0DFFA174B0193009400234FF47E
:1031300000721549154809F0D5FA154B0193009412
:1031400000234FF400721349134809F0CBFA02B080
:1031500010BD00BF1C070020842A0300793E020036
:1031600020070020902A0300B93E02001807002023
:103170009C2A0300C13A02000C070020A82A030081
:10318000E535020014070020B42A0300D9390200F3
:1031900008070020C02A0300D932020008B5002227
:1031A0000421032008F02AFF244B18600022042188
:1031B000032008F023FF224B186000220421032083
:1031C00008F01CFF1F4B186000220421032008F0A8
:1031D00015FF1D4B186000220421032008F00EFF8C
:1031E0001A4B186000220421032008F007FF184B37
:1031F000186000220421032008F000FF154B18601E
:1032000000220421032008F0F9FE134B186000226D
:103210000421032008F0F2FE104B18600022042164
:10322000032008F0EBFE0E4B18600022042103205F
:1032300008F0E4FE0B4B186008BD00BFE00600205C
:10324000E4060020E8060020EC060020F00600203E
:10325000F4060020F8060020FC06002000070020ED
:1032600004070020DC06002008B508F0A2FD014B91
:10327000186008BDC406002008B5FFF78FFFFFF7F0
:10328000F3FFFDF739FEFDF70DFFFEF78FF8FEF7B0
:103290004BF9FFF74FFEFFF7DDFEFFF753FBFFF79C
:1032A000A9FCFFF76DFDFFF789F8FEF7F5FBFEF7C8
:1032B00079F9FFF7ABFAFEF765FCFFF709FF00208D
:1032C00009F0FAFA08BD000008B50221014807F02C
:1032D00046FD08BDC0F00F402DE9F04F2DED028BEB
:1032E00085B00023039309F08BFB03900124A24EC9
:1032F000DFF8ACA206F1100BA04FDFF8A89261E056
:103300009F4B1A6833461068516803C3114651F841
:10331000080F496803C3114651F8100F496803C3E9
:10332000114651F8180F496803C3114651F8200F90
:10333000496803C352F8280F516803C34AE0914B10
:103340001A68914B116819605168596091689960C9
:10335000D168D9601169196151695961916999619F
:10336000D169D961116A1962526A5A623AE05946C2
:103370002020FFF723FC06F120014120FFF71EFC6F
:1033800006F1280140F26940FFF718FC31E006F130
:1033900018011020FFF712FC34E006F108017B4809
:1033A000FFF7C8FA38E00134A4B242F210739C422D
:1033B00088BF01240A2103A809F028FC744A537C21
:1033C0000133537400226E49724B186808F046FFAF
:1033D000012895D000226B496F4B186808F03EFF1A
:1033E0000128ACD031465046FFF7A4FA14F0010F83
:1033F000BDD0A7FB04239B0803EB8303E31A9BB216
:10340000002BC4D0A7FB0423DB0803EB8303A4EB4E
:1034100043039BB2002BC0D0A9FB04231B0932221B
:1034200002FB13439BB2002BBDD1574DD5ED007A63
:103430009FED5A8A67EE887AFDEEE77A17EE903AAA
:103440001BB21A128DF804208DF80530D5ED017AE3
:1034500067EE887AFDEEE77A17EE903A1BB21A1201
:103460008DF806208DF80730D5ED027A67EE887A60
:10347000FDEEE77A17EE903A1BB21A128DF808208B
:103480008DF80930D5ED097A67EE887AFDEEE77A96
:1034900017EE903A1BB21A128DF80A208DF80B30F5
:1034A00001A9BA20FFF78AFBD5ED037A67EE887A87
:1034B000FDEEE77A17EE903A1BB21A128DF804204F
:1034C0008DF80530D5ED047A67EE887AFDEEE77A5F
:1034D00017EE903A1BB21A128DF806208DF80730BD
:1034E000D5ED057A67EE887AFDEEE77A17EE903A29
:1034F0001BB21A128DF808208DF809304FF0000821
:103500008DF80A808DF80B8001A9BB20FFF756FBD0
:10351000D5ED077A67EE887AFDEEE77A17EE903AF6
:103520001BB21A128DF804208DF80530D5ED067AFD
:1035300067EE887AFDEEE77A17EE903A1BB21A1220
:103540008DF806208DF80730D5ED087A27EE888AA9
:10355000BDEEC88A18EE103A1BB21A128DF8082078
:103560008DF809308DF80A808DF80B8001A9BC20F8
:10357000FFF724FB17E700BF2C070020CDCCCCCCF5
:103580009C070020A007002074070020EF09FF0C13
:10359000C8060020EC060020DC0600200000C8421F
:1035A000EF08FF0C1F85EB5103788B420DD00170A3
:1035B000002343708378934204D20133DBB28370DB
:1035C0009A420DD80123C3700AE043781D2B04D81A
:1035D0000133DBB243701D2B02D90023C37083700B
:1035E000C07870472DE9F04F83B009F009FA0190D7
:1035F000DFF8C0930024C04FC04D03264FF0000BEE
:10360000FDE0D9F800C03B46DCF80000DCF804100F
:10361000DCF8082007C35CF80C0FDCF8041003C3C7
:10362000F6E0B74BD3F800C0BCF80030DFF888E311
:10363000AEF80030BCF80230AEF8023063460EF14E
:10364000040853F8040F59689A68DB68A8E80F006B
:103650009CF814308EF81430634653F8162FCEF8C9
:1036600016209B88AEF81A30634653F81C0FCEF82C
:103670001C009B88AEF820305CF8223FCEF8223048
:10368000BCF80430AEF82630CBE009F0FBFE752222
:103690009C4B196828460FF0F5F809F003FF9A4A89
:1036A0002B4603CB10605160984A03CB10605160E9
:1036B000974A03CB10605160964A03CB106051606B
:1036C000954A03CB10605160944A03CB106051605F
:1036D000934A03CB10605160924A03CB1060516053
:1036E000914A03CB10605160B0E0874B1C605C6076
:1036F000B5E0864B1C605C60BAE0854B1C605C608A
:10370000BFE0844B1C605C60C4E0834B1C605C6069
:10371000C9E0824B1C605C60CEE0814B1C605C6049
:10372000D3E0804B1C605C60D8E022467F49804B30
:10373000186808F093FD7F4B1B78002B00F0448144
:10374000FEF7D0FB7C4B1880DFF87082A8F80000F1
:103750007A4BBA891A80FA895A803A8A9A803A88CA
:10376000DA807A881A81764BC3F800B0754BC3F8BB
:1037700000B00AF049F9DFF848C2734A634610689E
:10378000516803C3714A1068516803C3704A1146F7
:1037900051F8020F496803C36E490868496803C3BA
:1037A0006D490868496803C36C490868496803C3E0
:1037B000DFF810A213788AF8003053788AF80130C5
:1037C000674B1B788AF803306649C1F800C023466E
:1037D00022466548006808F037FC6449C1F800A03B
:1037E000234622466248006808F02EFC98F80F3005
:1037F000013388F80F300A2101A809F007FA2246A0
:1038000049465C4B186808F029FD01283FF4F9AEE1
:1038100022463B49584B186808F020FD01283FF428
:1038200000AF22465549564B186808F017FD22464E
:103830005449554B186808F011FD22463149534B45
:10384000186808F00BFD01283FF41FAF324695F8C9
:1038500048104F48FFF7A8FE00283FF446AF324615
:1038600095F849104B48FFF79FFE00283FF441AF01
:10387000324695F84A104848FFF796FE00283FF474
:103880003CAF012295F84B104448FFF78DFE00280D
:103890003FF437AF324695F84C104148FFF784FEAD
:1038A00000283FF432AF324695F84D103D48FFF7FF
:1038B0007BFE00283FF42DAF324695F84E103A4873
:1038C000FFF772FE00283FF428AF324695F84F10FC
:1038D0003648FFF769FE00283FF423AF324695F8DB
:1038E00050103348FFF760FE00287FF41EAF0E4BE8
:1038F0001C605C6019E700BF7C080020BC0700204A
:10390000D8080020C808002084D900208CD90020C5
:1039100094D9002000DC0020D0DB0020D8DB002080
:103920007CD90020B8DB0020C0DB0020CC080020C0
:10393000E8060020E8080020FADB0020F0DB002089
:1039400034DC002038DC0020A0DB0020A8DB0020D5
:1039500070DB0020C8DB002074D90020B0DB002021
:10396000E6DB0020D0080020EC060020E008002064
:10397000F00600200007002004070020DC080020DB
:10398000FC060020C4080020E0060020E406002019
:10399000B0070020B4070020B8070020E40800208A
:1039A000BC080020C0080020A4070020A8070020B1
:1039B000AC070020D408002090080020C806002092
:1039C00034080020B80800200122024B1A700DF0C4
:1039D0007BFBB5E6E80800202DE9F04782B009F04E
:1039E0000FF801900025DFF8CC90DFF8CC802B4F4A
:1039F0002B4E2C4CDFF8C4A01EE0D9F800301A780A
:103A000088F800209A783A705978274A1170DB7844
:103A1000337019E06278244B1B789A4220D125E05C
:103A20000135EDB2132D29D8204A137C01331374CC
:103A30000A2101A809F0EAF8002249461C4B18683F
:103A400008F00CFC0128D8D098F8000023788342B5
:103A500002D02070FEF790FA3878A3788342D9D04C
:103A6000A070114B19786170FEF77AF83078E3781E
:103A70008342D5D0E070FEF7DBFED1E7FEF7B0FC65
:103A8000FDF75CFDFEF7E2FEFEF740F9FDF776FD7F
:103A90000121504607F065F90025C5E7F10800202F
:103AA000E9080020EC080020F0080020C8060020EB
:103AB000F0060020F4080020F8080020C0F00F40B5
:103AC0002DE9F04F2DED048B89B0DFED7D8A9FED60
:103AD0007D8ADFED7D9A9FED7D9A57E17C4B1968D9
:103AE00011F8012B402A28BF40227A4800F8012B08
:103AF0000EF0C8FE53E1F11803F10A0AB2440022A5
:103B000011F801BF5A44D2B25145F9D13444617819
:103B1000914227D00A33DBB20133DBB2184603F1FE
:103B20000A04A54240F2D88032185278552AF3D1BF
:103B300032189278532ADED0522A41D0512AEBD142
:103B4000F11803F10A0AB244002211F801BF5A44E5
:103B5000D2B28A45F9D134446178914270D00A33A7
:103B6000DBB2D9E730440179C27842EA012212B2CD
:103B700006EE102AB8EEC66A26EE226A26EE086A1B
:103B80008179427942EA012212B206EE902AF8EED9
:103B9000E66A66EEA26A66EE886A017AC27942EA4D
:103BA000012212B207EE902AF8EEE77A67EEA27AC7
:103BB00067EE887ACDF808C0CDF804E0F146A9E7B1
:103BC000F11803F10A0AB244002211F801BF5A4465
:103BD000D2B25145F9D134446178914202D00A33CE
:103BE000DBB299E730440179C27842EA012212B28D
:103BF00005EE102AB8EEC55A25EE025A25EE085AEF
:103C00008179427942EA012212B205EE902AF8EE59
:103C1000E55A65EE825A65EE885A017AC27942EA1F
:103C2000012212B207EE102AB8EEC77A27EE027A06
:103C300027EE087A6746CDF810E0CDF80CE0CEE725
:103C400030440179C27842EA012212B203EE102A0E
:103C5000B8EEC33A23EE283A23EE083A8179427946
:103C600042EA012212B203EE902AF8EEE33A63EE42
:103C7000A83A63EE883A017AC27942EA012212B286
:103C800004EE102AB8EEC44A24EE284A24EE084A6C
:103C9000817A427A42EA012212B204EE902AF8EEC8
:103CA000E44A64EEA94A64EE884A74EE894ACDF883
:103CB0001CC0CDF818E0CDF814E0F0464FE700BF87
:103CC000CDCC1C43000000388FC2C042B81E124247
:103CD000D809002024090020B8F1000F40F0A2808C
:103CE000059B13B1574BC3ED013A069B13B1554BDE
:103CF00083ED024A079B13B1524BC3ED094AB9F158
:103D0000000F02D04F4B83ED066A019B13B14D4B60
:103D1000C3ED076A029B13B14A4BC3ED087A039BBC
:103D200013B1484B83ED035A049B13B1454BC3EDCC
:103D3000045A17B1434B83ED057A434B414A11684E
:103D400019605168596091689960D168D9601169AA
:103D500019615169596191699961D169D961116A92
:103D60001962526A5A6239490B6000231A46384870
:103D7000006808F069F9374B1B78012B56D0364A9A
:103D8000937B01339373322008F06EFF0022334996
:103D9000334B186808F062FA01283FF49FAE002206
:103DA0003049314B186808F059FA0128C5D12D4B1C
:103DB000196811F8014B402C28BF40242B4800F80B
:103DC000014B254622460EF05DFD0A2CB5D91D4B50
:103DD00093ED003AD3ED013A93ED024AD3ED094A4F
:103DE00093ED035AD3ED045A93ED057A93ED066AE9
:103DF000D3ED076AD3ED087A00270497039702975B
:103E00000197B946079706970597B8460A243B4697
:103E10003846164E4FF0010CE6469FED152ADFEDB1
:103E2000152A81E6074B83ED003A59E70C4B1868D9
:103E300008F048FB074C20710B4B186808F042FB58
:103E400060719CE7AC090020FC080020D409002028
:103E5000DC06002024070020C8060020D809002026
:103E6000F4060020DC090020F80600206809002084
:103E70000000FA440000344308B50B4C0B4E0C4DC7
:103E8000FDF752F8FDF718F9266000231A4621467F
:103E9000286808F0D9F8074A137B0133137305200B
:103EA00008F0E2FEECE700BF1C0A0020E009002059
:103EB00000070020C806002008B50C4C0C4E0D4D24
:103EC000FEF714F8FDF782FAFDF78AFB266000235F
:103ED0001A462146286808F0B7F8074A537B013391
:103EE0005373642008F0C0FEEAE700BF200A0020F8
:103EF000F409002004070020C80600204FF0E0234A
:103F0000D3F8882D42F47002C3F8882DD3F8342FEB
:103F100022F08042C3F8342F084B094A5A605A688D
:103F200042F220121A604FF6FF729A60054AD2F8E8
:103F3000003843F4F803C2F8003870470020054009
:103F400020C528D900D000404FF0E021D1F80C2D39
:103F500092B2024B1343C1F80C3D70470400FA05BE
:103F6000264B274A9A4208D013462448254A13F87C
:103F7000011B02F8011B9842F9D1234B234A9A42B4
:103F800008D013462048224A13F8011B02F8011BEF
:103F90008342F9D11F4B204A9A4206D01346002192
:103FA0001C4A03F8011B9342FBD11C4B1C4A9A424A
:103FB00008D0134619481B4A13F8011B02F8011BCD
:103FC0008342F9D1184B194A9A4212D010B4184CB6
:103FD000A40808D01946002351F8040B42F8040B3A
:103FE0000133A342F8D1134B104A1A605DF8044B19
:103FF0007047104B0C4A1A60704700BF443D0300E5
:10400000083103000004FE1F7C3D0300443D030013
:104010003C10FE1F6CDC0020000000207C3D0300F3
:104020007C3D030000000020000002000000FE1F95
:104030000004000008ED00E0002303700C22427031
:104040008370C370037143718371C37103724372D0
:104050008372704770B584B006460D465D4B53F8C9
:1040600020404C238DF80C304D238DF80D3004A9E1
:10407000002341F8083D04AB034413F8040C01F09D
:10408000E7FC2B78029ADA400292226C22F060025E
:104090005B0103F06003134323646B78002B08BFBC
:1040A0000123626C22F0FF0213436364226C22F04E
:1040B0000C02AB789B0003F00C0313432364226CC7
:1040C00022F00302EB7803F0030313432364D4F8D4
:1040D000902022F040022B799B0103F04003134310
:1040E000C4F890306B79302200924FF44052019224
:1040F000394A926904A901EB860151F8101C22EAA1
:104100000102002E43D0012E4FD0334B9A61AA7981
:10411000012100914FF4807101919B6904A901EB89
:10412000860151F8101C23EA0103002E39D0012E1C
:1041300045D0294A9361D4F8903023F00403EA79FA
:10414000002A14BF042200221343C4F89030D4F88C
:10415000902022F003022B7A03F003031343C4F8E8
:104160009030D4F8943023F008036A7A002A14BF00
:10417000082200221343C4F8943036B9AB7A1BBB33
:10418000154A536823F40023536004B070BD1B012B
:1041900003F03003134310498B61AA798B6923F034
:1041A000010302F001021343C3E71B0303F440536E
:1041B000134309498B61AA798B6923F48073120236
:1041C00002F480721343B4E7034A536843F40023B4
:1041D0005360DAE7D02A03000080044030B4144B67
:1041E00053F8200053881478A3F5706292B2052A20
:1041F0000BD8104A556825F4E025556055681B0416
:1042000003F4E0232B435360152300EB8101D1F825
:10421000082103F03F0322F07F021343002C14BF58
:10422000402200221343C1F8083130BC704700BF60
:10423000D02A03000080044082B00E2300934FF484
:10424000606301930C4B9B6902AA02EB800252F857
:10425000082C23EA020328B1012808D0064A9361FA
:1042600002B07047490001F00E010B43F6E7490226
:1042700001F460610B43F1E70080044010B582B0A7
:104280000446264B53F8201000233F2241F82320F8
:104290000133102BFAD100230B640C224A64C1F8BD
:1042A0008830C1F88C30C1F89030C1F89430C1F832
:1042B000A0300422C1F8B0203F2003F1420241F8AF
:1042C00022000133202BF8D1302300934FF44053C8
:1042D0000193134B9A6902A901EB840151F8080C70
:1042E00022EA00029A61012200924FF48072019248
:1042F0009A6951F8081C22EA01029A6100212046BD
:10430000FFF79AFF44B9064B5A6822F400225A601C
:104310005A6822F4E0225A6002B010BDD02A03008D
:1043200000800440044B53F82030623153F82130B0
:10433000C3F30B0313807047D02A03002DE9F04725
:1043400082B04F4B53F82040D4F89430C3F3800828
:10435000D4F8947007F00307D4F89060656CEDB260
:10436000D4F8943043F00303C4F89430D4F8943074
:1043700043F00403C4F89430D4F8903023F04003A1
:10438000C4F89030636C23F0FF0343F00C036364C4
:104390000023C4F8B430C4F8B830C4F8BC30C4F852
:1043A000C030C4F8C430C4F8C830C4F8CC304C2293
:1043B0008DF804204D228DF8052002A941F8083D12
:1043C000D4F840904FEA591A02AB184410F8040C84
:1043D00001F03EFB009B0AF0030A23FA0AFA294A7D
:1043E000924512D9284A934208D9284A934245D97E
:1043F000274A934294BF0323002300E00123226C49
:1044000022F0600242EA43132364D4F8943043F06C
:104410008003C4F89430D4F8943013F08003FAD1B8
:10442000226C22F0600209F0600949EA020222646B
:10443000D4F8942022F00402B8F1000F18BF04232E
:104440001343C4F89430D4F8943023F003031F438B
:10445000C4F89470D4F8903023F0400306F040067E
:104460001E43C4F89060002D08BF0125636C23F043
:10447000FF031D43656402B0BDE8F0870223BEE779
:10448000D02A030040787D0181F0FA0203E1F505AE
:1044900007C2EB0B014B33F910007047CC2A030025
:1044A000074B5B69DBB2042B06D0802B06D0012BB7
:1044B0000CBF012004207047022070470320704782
:1044C00000E00740044BD3F8003113F0807F1ABF9F
:1044D000024B18680020704700400640440A002044
:1044E00010B584B00B4600293BD0444AD2F80021D5
:1044F00012F0007F7DD1414AD2F8001121F4000171
:10450000C2F800114FF08061C2F8001100213C4A4E
:104510001160002870D05A7A120202F4E062197A0F
:1045200001F007010A433548C0F80421DA79120185
:1045300002F030029979C90001F008010A43597963
:10454000890001F004010A43C0F808211A79012A00
:1045500029D0E2B1022A32D01A68294B1A60294CBC
:104560003BE000238DF804308DF80C3001228DF8EB
:1045700008208DF809208DF805208DF806300223DB
:104580008DF8073004AB204A43F8102DADE71A7BB5
:10459000002A14BF4FF40002002242F00102174922
:1045A000C1F80021D8E71A7B002A14BF4FF400029B
:1045B000002242F001121149C1F80021CCE71A7B18
:1045C000002A14BF4FF403024FF4403242F00102BC
:1045D0000A49C1F80021BFE7013CFFF773FF18B992
:1045E000002CF9D1032005E0002C14BF002003208B
:1045F00000E0022004B010BD0020FBE700400640B0
:10460000440A002088E7300000127A00084BD3F8F3
:10461000003213F0807F09D0054BD3F8083203F045
:104620000103002B034808BF00207047002070479B
:104630000040064000127A0010B582B00B460029F7
:1046400038D02D4AD2F8002212F0007F4FD12A4AEA
:10465000D2F8001221F40001C2F800120021C2F8C1
:104660000012002846D09A78120202F4E0625978CB
:1046700001F007010A432049C1F804221A7802F028
:104680000102C1F8082259799A791B79002B14BFCD
:1046900003230123002914BF042100210B43002A16
:1046A00014BF4FF4000200221343134AC2F8003231
:1046B000642410E000238DF8043001228DF80520D9
:1046C0008DF806308DF801208DF8022002AB03F83A
:1046D000082DB6E7013CFFF799FF18B9002CF9D176
:1046E000032005E0002C14BF0020032000E002207E
:1046F00002B010BD0020FBE700400640054BD3F898
:10470000003313F0807F1DBF024BD3F808330248FB
:104710000020704700400640006CDC0210B582B0FB
:104720000B46002932D0294AD2F8002312F0007F2C
:1047300047D1264AD2F8001321F40001C2F8001331
:104740004FF08061C2F8001300283DD09A78120221
:1047500002F4E062597801F007010A431B49C1F8ED
:1047600004231A7802F00302C1F808239A795B79CE
:10477000002B14BF01230923002A14BF4FF40002A9
:1047800000221343C1F8003314240EE001238DF8F6
:10479000053000228DF806208DF801308DF80230AA
:1047A00002AB03F8082DBEE7013CFFF7A7FF18B9DD
:1047B000002CF9D1032005E0002C14BF00200320B9
:1047C00000E0022002B010BD0020FBE700400640E0
:1047D00008B50F4BD3F8003613F0807F02D10023C9
:1047E000184608BDFFF76EFE03460028F8D00849BA
:1047F000D1F80826C2F302220132B0FBF2F3D1F85D
:104800000826C2F30442103203FB02F35B08E7E719
:104810000040064010B584B00C4699B13D4BD3F82A
:10482000003613F0007F72D13A4BD3F8002622F401
:104830000002C3F800264FF08062C3F80026A0B93A
:10484000002065E000238DF804308DF80B30012244
:104850008DF808208DF809208DF8053007228DF895
:1048600006208DF8073001ACD8E7FFF72BFE6379FF
:104870001B0203F4E063227902F007021343254987
:10488000C1F8043663781B0203F4E063A2781204D3
:1048900002F4F8121343C1F808362378012B16D01E
:1048A0004BB1022B1FD04FF47A74FFF791FF48BB36
:1048B00034B3013CF9E7E379002B14BF4FF4000354
:1048C000002343F00103134AC2F80036EBE7E37913
:1048D000002B14BF4FF40003002343F001130D4AD3
:1048E000C2F80036DFE7E379002B14BF4FF403036F
:1048F0004FF4403343F00103064AC2F80036D2E7D2
:10490000032005E0002C14BF0020032000E002205B
:1049100004B010BD004006402DE9F04180460D4630
:104920008C7801344E7806FB04460F7807FB044769
:10493000CB78013B052B1CD8DFE803F00312151BD5
:104940001B18FFF7BFFD0009B8F1020F4AD0B8F1FC
:10495000030F7BD0B8F1010F0DD00020BDE8F0812E
:10496000FFF754FEEFE7FFF7C9FEECE7FFF730FF74
:10497000E9E70020E7E7EA7802EB42015B4B53F8F6
:1049800021301B0904FB03F4A04200F293800B4684
:10499000564901EB83035B681B0906FB03F6B04233
:1049A00000F28B8002EB420301EB83039B681B093F
:1049B00007FB03F7B84200F28380AB781B0403F4D3
:1049C0007023120602F0706213432A7802F00F027D
:1049D00013436A781201D2B21343454A536100204F
:1049E000BDE8F081EA7802EB4201424B53F82130F6
:1049F0001B0904FB03F4A04265D80B463D4901EBBB
:104A000083035B681B0906FB03F6B0425ED802EB2A
:104A1000420301EB83039B681B0907FB03F7B842C2
:104A200057D8AB781B0403F47023120602F07062AF
:104A300013432A7802F00F0213436A781201D2B2AC
:104A400013432B4A93610020BDE8F081EB7803EB20
:104A50004301294A52F82120120904FB02F4A04222
:104A60003AD80A46244901EB82025268120906FB31
:104A700002F6B04233D803EB430201EB82029268A4
:104A8000120907FB02F7B8422CD8AA78120402F4E4
:104A900070221B0603F0706313432A7802F00F02A2
:104AA00013436A781201D2B21343114AD361002032
:104AB000BDE8F0810120BDE8F0810120BDE8F08172
:104AC0000120BDE8F0810120BDE8F0810120BDE8B2
:104AD000F0810120BDE8F0810120BDE8F0810120D6
:104AE000BDE8F0810120BDE8F08100BFE42B0300A8
:104AF00000400640382C0300902B030038B50546D3
:104B0000FFF7CEFC2946FFF707FF044658B9E878BF
:104B10000A220849013A0B69C3F30363984204D09F
:104B2000002AF7D10324204638BD002A08BF0324F9
:104B3000F9E700BF0040064010B504461B4B1B6957
:104B4000C3F30363013B052B1DD8DFE803F0031318
:104B5000161C1C19FFF7B6FC144B1B69C3F3034367
:104B60000133B0FBF3F0012C0FD0ECB1022C14D0C8
:104B7000002010BDFFF74AFDEEE7FFF7BFFDEBE7B2
:104B8000FFF726FEE8E70020E6E7084B1B69C3F3C2
:104B900003130133B0FBF3F010BD044B1B6903F0AA
:104BA0000F030133B0FBF3F010BD00BF004006401F
:104BB00008B5094BD3F8D801C0F3807038B103F5BC
:104BC00088331B681B0E03D10020FFF7B5FF08BD1B
:104BD0000120FFF7B1FF08BD0050064008B50F4B9C
:104BE0001B6AC3F30363062B15D8DFE803F0040840
:104BF0000B0E141411000220FFF79EFF08BDFFF7F3
:104C000061FC08BDFFF702FD08BDFFF777FD08BD99
:104C1000FFF7DEFD08BD002008BD00BF00400640D4
:104C200008B541B1012931D00020024610B1431E20
:104C300022FA03F008BD0438032852D8DFE800F058
:104C40000B02141DFFF75AFD0246294BD3F804034B
:104C500000F00700EAE7FFF7D9FC0246244BD3F83F
:104C6000040200F00700E1E7FFF72CFC0246204BAE
:104C7000D3F8040100F00700D8E7FFF7A9FD0246CA
:104C80001B4BD3F8040600F00700CFE704380328D5
:104C90002AD8DFE800F00B02141DFFF72FFD0246B3
:104CA000134BD3F80403C0F30220BFE7FFF7AEFCB9
:104CB00002460F4BD3F80402C0F30220B6E7FFF719
:104CC00001FC02460A4BD3F80401C0F30220ADE711
:104CD000FFF77EFD0246064BD3F80406C0F3022020
:104CE000A4E700200246A1E7002002469EE700BF9D
:104CF0000040064008B5114B1B69C3F30113032B99
:104D000019D8DFE803F00207101300210620FFF78F
:104D100087FF08BD094B186900F00200002818BF82
:104D20004FF4FA4008BD064B186808BD0021052065
:104D3000FFF776FF08BD002008BD00BF00800440DB
:104D4000240A002008B50B4B1B6A13F0806F0FD0AC
:104D5000094B1B681B0E4FF0000114BF05200720F4
:104D6000FFF75EFF044B5B6A0133B0FBF3F008BD55
:104D7000002008BD008004400060074038B51C4B8F
:104D800033F810309B0003F1804303F5CA231D68FC
:104D9000C5F3C0051C6804F00704AC4225D31868AD
:104DA000C0F3807010B31B68C3F30263013B052B93
:104DB00019D8DFE803F0030C101818140620FFF7C9
:104DC0002FFF0134B0FBF4F005FB000038BD0420D8
:104DD000FFF726FFF5E70520FFF722FFF1E70720A1
:104DE000FFF71EFFEDE70020EBE7002038BD00BF16
:104DF000D82A03000F4B1B69C3F38103022B07D092
:104E0000032B0ED0002B0CBF4FF4FA30002070475C
:104E1000084B186900F00200002818BF4FF4FA4050
:104E20007047044B186900F00200002818BF4FF4C7
:104E3000FA4070470080044008B5304B5B6813F4BB
:104E4000006F58D02D4B5B68C3F303130F2B09D8A9
:104E5000DFE803F00A080D08122F171C202547333E
:104E600029362C3E00203EE0FFF7B8FE3BE0012152
:104E70000620FFF7D5FE36E001210420FFF7D0FE23
:104E800031E001210520FFF7CBFE2CE00020FFF7E9
:104E900053FE28E001210720FFF7C2FE23E0012096
:104EA000FFF74AFE1FE0FFF7A5FF1CE0FFF722FF18
:104EB00019E0FFF747FF400815E0FFF779FE12E021
:104EC000FFF740FF0E4B1B681B0E0CD040080AE09A
:104ED0000B4B1B681B0E01D1002004E0FFF732FFD3
:104EE00001E04FF4FA30054B5B68C3F30223013352
:104EF000B0FBF3F008BD002008BD00BF00800440F7
:104F000000600740F0B5A1B028B30446064600286B
:104F100000F0FF80644B1B69C3F30363032B00F0B5
:104F2000C980FFF7EBFB002800F0B48003238DF865
:104F3000073000228DF8062001228DF8052020A8D8
:104F400000F87C3DFFF7DAFD0546002800F0B2804E
:104F5000284621B0F0BD01238DF80B3000228DF8DA
:104F60000C208DF80D308DF80E208DF808308DF85E
:104F700009308DF80A308DF816308DF814308DF820
:104F800015208DF80F208DF810308DF811308DF828
:104F900038300D928DF82530444906918DF81C204B
:104FA0008DF824208DF81D308DF81E2002208DF8FC
:104FB0001F008DF820308DF821308DF830308DF8BD
:104FC00028208DF82F208DF829200C218DF82A100B
:104FD0008DF82B208DF82C308DF82D308DF83D304C
:104FE00003218DF83C108DF84B308DF841108DF871
:104FF00040208DF83F308DF83E308DF845008DF81B
:1050000044308DF843208DF8421006208DF8490079
:105010008DF848208DF847308DF8461024491E91B0
:1050200029211D918DF84C308DF84D208DF84E20A2
:105030008DF84F208DF850308DF854308DF8533066
:105040008DF852208DF851208DF868308DF8693038
:105050008DF86A308DF86B308DF86C308DF86D30CE
:105060008DF873308DF858301792189219928DF888
:105070006E308DF86F308DF870208DF871208DF8BE
:1050800072208DF87C308DF87D308DF87E2002AE58
:1050900034463FE700210120FFF740FB054600288A
:1050A0007FF456AF42E700BF0040064000127A008E
:1050B000E00EFE1F3146E078FFF7BEFA05460028F5
:1050C00000F03081FFF7ECF9022800F06581032839
:1050D00000F06581012800F03F81002D7FF438AF9A
:1050E00094F8303013B1E26AAE4B1A6094F8353060
:1050F00053B1AD490A6A22F0706294F834301B064D
:1051000003F0706313430B6294F84330002B40F0BC
:10511000B28114F16C0F35D0236F002B32D0E36EC7
:1051200083B30021A148A24D01EB8102236F9B5C58
:1051300030F813309B0003F1804303F5CA231E6847
:1051400026F080461E60236F9F189E5CBB781B066E
:1051500003F0E063FA78D20002F0080213433A79D0
:1051600002F0070213437A78002A14BF4FF08042FE
:105170000022134330F8162045F822300131E36E47
:105180009942D1D394F84430C3B194F8463094F89E
:1051900047208849496821F47F6194F84500002838
:1051A00014BF4FF4006000201B01DBB2120202F4B6
:1051B000E06213430B4303437E4A536094F8483044
:1051C000DBB194F84A3094F849207A49096921F012
:1051D0003F0194F84C00084394F84B10002914BF89
:1051E000022100219B0003F00C030343120102F093
:1051F000300213430B436F4A136194F86030002B65
:1052000044D06C4B196C21F0010194F861200A43E1
:105210001A641B6C23F0020394F86220002A14BF66
:10522000022200221343634A1364136C23F0040325
:1052300094F86320002A14BF0422002213435D4A1D
:105240001364136C23F0080394F86420002A14BF3D
:10525000082200221343574A1364136C23F01003EF
:1052600094F86520002A14BF102200221343514AEB
:105270001364136A23F0806394F86B20002A14BF30
:105280004FF08062002213434A4A136294F8503070
:1052900033B1494B626D1A60A26D5A60E26D9A603B
:1052A00094F86630EBB1434A936E002090665168E3
:1052B00021F4805194F868301B0303F480530B43AE
:1052C0005360906694F867305BB194F869305B0086
:1052D00003F00E0394F86A2042F080521343354ADB
:1052E000936694F87430002B00F0E18033498B789A
:1052F00003F07F0394F8752082F0010243EAC213A1
:10530000DBB28B7094F97630002BBCBF20335BB2DC
:105310002A490A7903F01F0302F0E00213430B71DC
:10532000002515E604F11001607FFFF7D9F8054666
:1053300000287FF4C7AE04F1200194F82800FFF79D
:1053400069FA0546FFF7ACF8022825D0032826D0D5
:10535000012801D0002601E004F13606002D7FF47B
:10536000BCAEF378032B2BD08DF80730B3788DF8D3
:10537000063073788DF80530337820A800F87C3D2E
:10538000FFF7BCFB054600287FF4A7AEE11DA07B1C
:10539000FFF7C4F90546A0E604F13A06DEE704F19A
:1053A0003E06DBE7240A002000400640D82A03001E
:1053B0000050064000800440280A002000D007402A
:1053C00094F828300BBB637F93BBE378002B42D16A
:1053D0000125002D7FF481AEE11DA07BFFF79EF932
:1053E000054600287FF479AEF3788DF80730B3785E
:1053F0008DF8063073788DF80530337820A800F8E2
:105400007C3DFFF77BFB054667E606238DF80730FA
:1054100002238DF8063001238DF8053020A800F80E
:105420007C3DFFF76BFB0546637F7BB10128D0D144
:1054300001238DF8073000228DF806208DF8053005
:1054400020A800F87C3DFFF759FB0546E378002BC8
:10545000BFD0012DBDD102238DF8073000238DF878
:1054600006308DF8053020A8012300F87C3DFFF7B9
:1054700045FB0546ADE704F136010120FFF74CFA84
:10548000054600287FF464AD04F13A010220FFF7DD
:1054900043FA054600287FF45BAD04F13E0103208A
:1054A000FFF73AFA054600287FF452AD31E60025B1
:1054B0004EE500BF70B504460D46112807D92B28CC
:1054C00040F285805A2840F2D081042070BD112816
:1054D0007AD8DFE800F00913191F24292E33383C4D
:1054E00041484F565D646B720020FFF725FB034671
:1054F0000020002D00F020822B6070BD0120FFF7FE
:105500001BFB03460020F4E70220FFF715FB0346D0
:105510000020EEE7FFF790FC03460020E9E7FFF7E5
:1055200075F803460020E4E7FFF7E8F8034600209B
:10553000DFE7FEF7C7FF03460020DAE7FFF748F989
:1055400003460020D5E7B44B1B680020D1E7FFF7E6
:1055500045FB03460020CCE700210420FFF760FB59
:1055600003460020C5E701210420FFF759FB03464D
:105570000020BEE700210520FFF752FB0346002074
:10558000B7E701210520FFF74BFB03460020B0E7FA
:1055900000210620FFF744FB03460020A9E7012174
:1055A0000620FFF73DFB03460020A2E7002107206D
:1055B000FFF736FB034600209BE701210720FFF79A
:1055C0002FFB0346002094E70023042091E7A0F17D
:1055D0001504162C00F20181DFE814F017002300F7
:1055E0002F003B00460052005E006A0076007F00FC
:1055F000840090009D00AA00B300BC00C500CE004E
:10560000D700DF00E400E900F300844BDB68C3F35C
:105610000163022B00F2E480814A52F8233000201B
:1056200056E07E4BDB68C3F38163022B00F2DB8024
:105630007B4A52F8233000204AE0784BDB68C3F302
:105640000173022B00F2D280754A52F823300020F9
:105650003EE0724BDB689B0F022B00F2CA80704A5F
:1056600052F82330002033E06C4BDB68C3F3014376
:10567000022B00F2C1806A4A52F82330002027E052
:10568000664BDB68C3F38143022B00F2B880644AA7
:1056900052F8233000201BE0604BDB68C3F301535A
:1056A000022B00F2AF805E4A52F8233000200FE058
:1056B0005A4BDB68C3F38153022B00F2A680584A91
:1056C00052F82330002003E0FFF7B6FB034600202A
:1056D000002D00F031812B6070BDFFF70BFB0346FE
:1056E0000020F5E74F4B9B78DB0902D000231846DA
:1056F000EEE7FFF77FFB03460020E9E7494B9B7885
:10570000DB0940F08580454B1B6913F0010340F035
:105710008D800020DCE7434B9B78DB0940F08A80DA
:105720003E4B1B6913F0020340F087800020CFE757
:105730003C4B9B78DB0940F084804FF4FA33002027
:10574000C6E7364B1B6CC3F30013002B7CD14FF420
:105750008070BDE7314B1B6CC3F3C003002B76D1C7
:105760004FF48070B4E72D4B1B6CC3F38003002B08
:1057700070D14FF48070ABE7284B1B6CC3F3400330
:10578000002B6AD14FF48070A2E7244B1B6C13F0FE
:10579000010365D14FF480709AE7FFF7D3FA43080D
:1057A000002095E7FFF704FA0346002090E7FFF793
:1057B000C9FA03461C4A1268120E54D0430800204E
:1057C00086E7194B1B681B0E02D1002318467FE7A2
:1057D000FFF7B8FA034600207AE70023042077E7B2
:1057E0000023184674E70023184671E70023184683
:1057F0006EE7002318466BE70023184668E700238E
:10580000184665E70023184662E7002318465FE75D
:10581000002318465CE700BF240A002000800440F3
:10582000280A002000D00740006007404FF47A7338
:1058300000204DE7002318464AE74FF4FA430020C2
:1058400046E70023184643E70023184640E70023B5
:1058500018463DE7002318463AE70023184637E785
:105860000023184634E7002032E72C2805D804200E
:105870000023002D60D02B6070BDA0F13903DBB296
:10588000122B07D82D4A22FA03F313F0010F18BF89
:105890000420EDD15A2C4DD0294B33F81420294B3C
:1058A00053F8223013F0804F33D14FF48070DFE78C
:1058B0000120FFF741F9B8BB00234FF48070D8E70F
:1058C0000020FFF739F90028F6D02DE00220FFF77D
:1058D00033F90028F0D027E016F0080F06D116F0B3
:1058E000100F0BD100234FF48070C2E70021204637
:1058F000FFF744FA034616F0100F04D001212046AA
:10590000FFF73CFA0346002B14BF00204FF48070D1
:10591000AFE70D4B1E5D16F0200FC9D116F0400FFA
:10592000CED116F0800FD1D116F0180FD4D10023AC
:1059300018469EE704209BE770BD00BF41010400AC
:10594000D82A0300005006408C2C030010B4054CEC
:1059500020602171A2602373637300205DF8044B03
:10596000704700BF340A0020F0B583B007460E46EA
:105970008DF804008DF8051002F036FE334B1C7BC9
:105980005C7301238DF80630002C4AD000242F4D83
:1059900004E00134E4B22B7BA34242D9AB6853F854
:1059A0002430002BF5D01A79022AF2D01A689968AF
:1059B00001A890470028ECD06C73002EE9D140F28A
:1059C000031500238DF80630A400204E20E001349A
:1059D000E4B23B7BA34212D9BB6853F82430002BBE
:1059E000F5D01A79012AF2D01A68996801A890476F
:1059F0000028ECD07C73002EE9D14FF4827502F0C0
:105A0000E5FD284603B0F0BD043C14F1040FF6D0C8
:105A1000B3681B59002BF7D01A68996801A8904702
:105A2000F2E70A4D2B6853F82700FFF76BFA6F7106
:105A300005460028C5D102238DF80630034B1B7B99
:105A4000002BDCD00024014FC6E700BF340A002041
:105A500008B5FFF72FFD08BD10B4064B1B6853F8BF
:105A60002040616053F820309A6000205DF8044BBC
:105A7000704700BF480A002008B5084B1B6853F860
:105A8000203000F00F00064A1077D07723B15A6813
:105A900012B1197B9868904708BD00BF480A0020E2
:105AA0000080004038B5054600F00F040022214672
:105AB000094800F06FF9094B1B6853F8253053B1C2
:105AC000054A1477D477947701221A735A6812B171
:105AD000197B9868904738BD00800040480A002034
:105AE0002DE9F04F87B09DF84070119D0124BC4016
:105AF0005FFA84FCB5FBFCF60CFB1656002E14BFB7
:105B00004FF0010A4FF0000A03D0504607B0BDE83D
:105B1000F08F059304920391804600F00F06DFF8A2
:105B200000913146484600F03AF9D9F8003023F0A8
:105B30008003C9F80030730103F1804202F5004B85
:105B400002F51042049810604B4441F2100205988F
:105B500098500197009700231A463146484600F0B6
:105B600043F9039B032B12D8DFE803F0022D3D4CD1
:105B7000002241F204032BF8032064B2A4B27301A3
:105B800003F1804303F5004341F214029C52244C7C
:105B90002A463146204600F03FF901223146204690
:105BA00000F068F904EB461641F21C02B35A1BB22E
:105BB00043F002039BB2B3521A4B1B6853F82830D0
:105BC00000221A73A1E764B2A4B241F204032BF8D5
:105BD0000340730103F1804303F50043002141F2C8
:105BE00014029952D3E764B2A4B241F204032BF831
:105BF0000340730103F1804303F5004341F21402B3
:105C00009C52C4E7002241F204032BF803207301E5
:105C100003F1804303F5004341F214015A52B6E701
:105C200000800040480A002070B582B00446079DFD
:105C300001959DF818500095FFF752FF054610B1E9
:105C4000284602B070BD04F00F040F4E089A21469A
:105C5000304600F00FF906EB441641F21C03F35AEC
:105C600023F008031B041B0C9DF82420002A14BFFA
:105C7000082200221343640104F1804404F5004427
:105C800041F21C02A352DBE70080004008B501226C
:105C900000F00F01024800F07DF8002008BD00BFB1
:105CA0000080004008B5002200F00F01024800F01B
:105CB00071F8002008BD00BF0080004010B40F4BF9
:105CC0001C5C04F07F041C541C5C01F03F0104F0D8
:105CD000C004214319541B5C03F0BF03002A14BF06
:105CE000402200221A43054B1A541A5C42F08002EB
:105CF0001A5400205DF8044B704700BF00100240AA
:105D000000F00F00400100F1804000F5004041F23A
:105D10000C03C150704700F00F00400100F18040BB
:105D200000F5004041F21003C150704708B50A4623
:105D300000F00F01014800F09DF808BD0080004010
:105D400008B500F00F01024800F0C3F808BD00BF1D
:105D50000080004000F00F00430103F1804303F591
:105D6000004341F21C029B5A23F008031B041B0C46
:105D7000002914BF082200221343400100F1804093
:105D800000F5004041F21C02835270470048704702
:105D9000008000400AB981767047C176704700EBF9
:105DA0004111002341F208028B5001F5805213602B
:105DB00041F204028B5241F206028B5241F20C0274
:105DC0008B5041F210028B5041F214028B5241F27F
:105DD00016028B5241F218028B5041F21C028B5278
:105DE00041F21E028B52704710B4DB00DCB29DF80A
:105DF000083003F00703234343EAC2239DF804203D
:105E0000120202F4E06213439BB2803100EB4111B5
:105E1000CB805DF8044B7047036813F0800F13D0FC
:105E200010B400EB411341F208041B59002B11DBA5
:105E300000EB41131B5913F0804F0BD122F040426D
:105E400000EB4110025112E000EB411041F2080357
:105E5000C250704700EB411041F20801435823F44F
:105E60007F7323F00303C2F309021A4342505DF823
:105E7000044B704710B400EB411441F21E03E35A87
:105E800013F4004F14D100EB411141F21E000B5AE4
:105E9000C2F30E0203F4004313430B5241F2160007
:105EA0000B5A03F400431A430A525DF8044B70473F
:105EB00041F21E00235AC2F3080203F47E43134347
:105EC000235241F21600235A03F47E431A4322520E
:105ED000EBE700EB411241F21E03D35A13F4004FDB
:105EE00007D100EB411041F21603C05AC0F30E0077
:105EF000704741F21603D05AC0F30800704708B546
:105F00000020FFF7B9FD08BD08B50120FFF7B4FD7B
:105F100008BD08B50220FFF7AFFD08BD08B5032096
:105F2000FFF7AAFD08BD08B50420FFF7A5FD08BDD1
:105F300008B50520FFF7A0FD08BD08B50620FFF74E
:105F40009BFD08BD08B50720FFF796FD08BD08B505
:105F50000820FFF791FD08BD08B50920FFF78CFD6B
:105F600008BD08B50A20FFF787FD08BD08B50B205E
:105F7000FFF782FD08BD08B50C20FFF77DFD08BDC9
:105F800008B50D20FFF778FD08BD08B50E20FFF716
:105F900073FD08BD08B50F20FFF76EFD08BD38B5CD
:105FA0000020FFF7F3FEC56A002404E06D08013409
:105FB000E4B2102C06D015F0010FF7D02046FFF701
:105FC00071FDF3E738BD000029B9064A536A23F092
:105FD0000C0353627047034A536A43F00C03536245
:105FE000704700BF0090074008B5094B5B6813F08D
:105FF000406F0BD0074B53F820305B6913B1002280
:10600000012198474FF04062014B5A6008BD00BF24
:10601000009007404C0A002008B5094B5B6813F05C
:10602000407F0BD0074B53F820305B6913B100223F
:10603000114698474FF04072014B5A6008BD00BFAF
:10604000009007404C0A002008B50B4B5A680B4BD8
:106050001A4210D00A4B53F820305B6913B100226A
:1060600002219847044A536823F01F4323F4000396
:106070009B0C9B04536008BD0090074000007C60AF
:106080004C0A00200C4B5B6813F4003F00D17047B2
:1060900010B504460021FFF797FF084B53F8243052
:1060A0005B691BB100220321204698474FF4003260
:1060B000014B5A6010BD00BF009007404C0A002001
:1060C00008B50A4B5B6813F4004F0DD0084B53F82A
:1060D00020309B6923B1054AD2F80416C9B298470B
:1060E0004FF40042014B5A6008BD00BF00900740CA
:1060F0004C0A002008B50020FFF776FF08BD08B560
:106100000020FFF789FF08BD08B50020FFF79CFFBE
:1061100008BD08B50020FFF7B5FF08BD08B5002091
:10612000FFF7CEFF08BD000003680B6043684B60BB
:1061300083688B60C3680B6103698B612D4BDB6CDB
:10614000C3F303330F2B4FD8DFE803F0080F131707
:106150001B22262A2E32363A3E42464A4FF400236C
:10616000CB6000234B61002070474FF0FF33CB60C2
:10617000F7E74FF0FF33CB60F3E74FF0FF33CB602F
:10618000EFE74FF4E023CB604FF480534B61EAE735
:106190004FF0FF33CB60E4E74FF0FF33CB60E0E735
:1061A0004FF0FF33CB60DCE74FF0FF33CB60D8E735
:1061B0004FF0FF33CB60D4E74FF0FF33CB60D0E735
:1061C0004FF0FF33CB60CCE74FF0FF33CB60C8E735
:1061D0004FF0FF33CB60C4E74FF0FF33CB60C0E735
:1061E0004FF40023CB60BCE7CB68B3F5002FCBD3D3
:1061F000B7E700BF008004402DE9F8430646174684
:1062000084688C4211D8C368234499420DD201F5A9
:1062100000010C1BC7F30B00003018BF0120194D03
:106220004FF070094FF009081BE03468A14223D3F6
:1062300073682344994222D20C1BEBE785F8009047
:1062400085F80780C4F30743AB71C4F307236B7170
:10625000E3B22B7130460CF053FFA7F5805704F5DD
:1062600080543FB120B92B7813F0800FE6D1022083
:10627000BDE8F883BDE8F8830120BDE8F88301207C
:10628000BDE8F8830000024038B584688C420DD820
:10629000C5682544A94209D201F50001091B144C27
:1062A000247814F0800F0AD1022038BD0468A1427E
:1062B0001AD345682544A94218D2091BEFE70C4CB4
:1062C000702525700125E571C1F30745A571C1F35E
:1062D00007256571C9B22171110AE172D2B2A272A9
:1062E00063720CF00DFF38BD012038BD012038BDB0
:1062F0000000024012F0070F4ED12DE9F047814611
:106300000C46154682688A4208D8C16811448C42FE
:1063100004D204F50004A41A00200CE0D9F80020EF
:10632000944207D3D9F8041011448C4213D2A41A12
:10633000002000E001205E1EDFF86C804FF0700A44
:10634000174F5DB350BB98F8003013F0800F04D1A5
:106350000220BDE8F0870120EDE788F800A00723C0
:1063600088F80730C4F3074388F80630C4F30723DE
:1063700088F80530E3B288F804303346094A13F848
:10638000011F02F8011FBA42F9D148460CF0B8FECD
:106390000834083D0836D4E701207047BDE8F0878F
:1063A0000F00024007000240000002402DE9F04FBC
:1063B00083B001939DF8349012F0030F04D00123B1
:1063C000184603B0BDE8F08F064615468768B94207
:1063D00019D3C3683B44994215D201F50004E41B6C
:1063E0004FF0000A5346DFF8A880DFF8A8B035B1B7
:1063F0002BB998F8003013F0800F0DD102230C9ABE
:10640000C2F800A0DCE73768B94235D373683B4473
:10641000994235D2CC1BE3E7702388F80030022381
:1064200088F80730C4F3074388F80630C4F307231D
:1064300088F80530E3B288F8043088F80B90019BA7
:106440005A1E114B12F8011F03F8011F5B45F9D1C9
:1064500030460CF055FE034640B10C4A944286BFCC
:10646000A7F5000AA24407EB040AC0E7043D019A1D
:10647000043201920434BAE74FF0000A0123BEE768
:106480004FF0000A0123BAE70B000240FFFF7F0034
:10649000000002400F0002402DE9F04186B00C469A
:1064A00016469846284B53F82070284B53F8205036
:1064B000284600F00BFE844205D34FF44073184683
:1064C00006B0BDE8F08104EB440307EB83031B7ABD
:1064D0000BB10223F3E71F2C04D804F01F020123A1
:1064E00093402B6304EB440307EB830302221A72ED
:1064F0009DF834205A72F27A9A7273680493337852
:106500008DF80C30337A8DF81430737A8DF815309D
:10651000B37A8DF81630F37A9BB11C2302930C9B4F
:106520000093434602AA2146284601F037F8034665
:106530000028C4D004EB440407EB84040022227238
:10654000BDE70C230293EAE7500A0020E82C030081
:106550002DE9F0410C4690461F461E4B53F8205043
:106560001D4B53F82060284600F0B0FD844204D350
:106570004FF440731846BDE8F0812B6813F0005FBC
:1065800009D06B6BC3F303635B0007339C4202D8F3
:106590004FF44073EEE704EB440306EB83031B7AEE
:1065A0000BB10223E6E704EB44039B00F118012240
:1065B0000A7246F803804F722146284600F008FF11
:1065C00003460028D6D004EB440406EB84040022E2
:1065D0002272CFE7E82C0300500A00202DE9F04397
:1065E00083B005460F4690463D4B53F820603D4B27
:1065F00053F8204094F89131012B06D0237A13B33D
:106600000223184603B0BDE8F083237ADBB2032BE4
:10661000F4D1B36A326B134013F0200F02D1002380
:106620002372EBE7304600F0FEFE01233363D6F819
:106630008C30B36A326B134013F0200FF7D1304621
:1066400000F0E4FEEBE7336813F0005F01D10123B3
:10665000D7E74FF0010984F8089084F80980276093
:106660004A460621304600F0B3FE4A46072130462E
:1066700000F0AEFE4A460521304600F0A9FE94F82F
:1066800091314B4501D00023BBE72A46164994F8C7
:106690009001FFF7E1F918B1002323724B46B0E7F0
:1066A000236894F89001102201920221009106F1D2
:1066B0008002FFF715FA18B1002323720123A0E727
:1066C000012194F89001FFF745FB94F89001FFF742
:1066D000DDFA0346002894D000232372012390E7BB
:1066E000E82C0300500A00208D67020070B50646B2
:1066F000244B53F8204094F8913113B3237ADBB242
:10670000032B30D0256894F89001FFF7CBFA2B6863
:1067100013F4001F02D16A68920C6A60C3F303434A
:1067200085F84830AB681BBAAB60EB681BBAEB600E
:10673000D4F88051BDB12346002208213046A84735
:1067400011E0114B53F8205000220521284600F09B
:106750003FFE00220621284600F03AFE00220721D3
:10676000284600F035FE00232360637A33B9237A8C
:10677000DBB2032B1CBF0023237270BD201D07F06A
:106780004BF8F4E7500A0020E82C030038B5044623
:10679000012903D0E0B2FFF7A9FF38BD064B53F83B
:1067A000203003221A72D3F88051002DF2D000223B
:1067B0000921C0B2A847EDE7500A002038B50C46C1
:1067C0000E4B53F8205000220D4B53F8200000F0E0
:1067D000FFFD04EB440305EB83035B7A33B904EB61
:1067E000440405EB84040023237238BD04EB440009
:1067F00005EB8000043007F00FF8F0E7500A0020A6
:10680000E82C030038B50D46094B53F820402046CC
:1068100000F009FE3DB1236843F480332360204635
:1068200000F0F4FD38BD236823F480332360F6E7DD
:10683000E82C0300F8B50E4615461F46414B53F8A9
:106840002040204600F0EFFD236803F07F039D42C7
:1068500001D81F2D05D9204600F0D8FD4FF4407017
:10686000F8BD236813F0005F15D15EB9364B03EA1B
:10687000874705F5087544F82570204600F0C6FDE9
:106880000020F8BD012EF8D127F0604705F5087506
:1068900044F82570F1E7636BDB0D03F01E0307334B
:1068A0001F2B28BF1F239D4212D82368C3F3012347
:1068B000022B2BD0032B39D0012B1BD03A460021C1
:1068C000304600F0D3FB05F5087544F82500D4E701
:1068D0003EB91D4B03EA874705F5087544F8257056
:1068E000CBE7012EC9D127F0604705F5087544F8BC
:1068F0002570C2E73A460121304600F0B7FB40EA76
:10690000104005F5087544F82500B6E73A4602211F
:10691000304600F0ABFB030C43EA1063034343EA49
:10692000102305F5087544F82530A6E73A460321FB
:10693000304600F09BFB05F508754FF0FF3344F837
:1069400025309AE7E82C03000000FC1F2DE9F047F2
:10695000814688461746A64B53F820402368002BF3
:1069600005DB204600F05FFD204600F0DAFB6268A0
:106970007B7A5B0303F4005322F4005213436360F9
:10698000204600F0B9FB204600F04DFD204600F007
:10699000D5FB236823F400633A7A002A40F0138180
:1069A0002360226D22F00042002314E1636B23F484
:1069B0008053002A14BF4FF48052002213436363B4
:1069C000BB79022B03D0236843F4003323607B7927
:1069D000002B40F0B78097F83430012B00F0BB80DB
:1069E00097F834301BB9236823F400432360F97906
:1069F000204600F09DFD3968204600F04DFF02461C
:106A0000002840F0F280236813F4006F00F0AC809F
:106A1000FB6838697E69BD69FA69216D01F0004142
:106A20002165216D9B029BB2400100F47870034305
:106A300006F01F0633436F4800EA45552B43120406
:106A400002F4F81213430B4323653B6A786ABE6A6B
:106A5000FD6A3A6BD4F804CC67490CEA0101C4F82A
:106A6000041CD4F8041C9B0203F4F8434001C0B298
:106A7000034306F007063343604800EA05552B43FD
:106A8000120402F4E02213430B43C4F8043CB97926
:106A9000204600F01EFDBB79032B02D0204600F0FB
:106AA000B5FC574B33F9190010F1800F01D001F0FC
:106AB00073FD544B33F9190001F06EFD524B33F95D
:106AC000190001F069FD514B33F9190010F1800FE5
:106AD00001D001F061FD09F103034C4A32F91300C2
:106AE00010F1800F01D001F057FD08F1040A55465E
:106AF000002426463146284606F0BAFE0246002803
:106B000051D16E7145F8046C04EB440308EB830328
:106B10001E7201340C35202CECD197F8343088F8F3
:106B2000913197F8353088F890310023C8F88031DA
:106B3000C8F88431C8F88831C8F88C31344B43F830
:106B4000298052E03979204600F02CFB02460028CB
:106B50003FF441AF49E0236813F0005F2FD0236872
:106B600043F4004323603BE7FB6838697D69BE69F5
:106B7000FA69616821F007010904090C6160616824
:106B800003F0070343EA06632D0405F4E0252B43D5
:106B9000C00400F460100343920502F44002134362
:106BA0000B43636073E764B10025504606F06AFE4C
:106BB00001350AF10C0AA542F7D1012215E00122A4
:106BC00013E0012211E043F400632360226D22F000
:106BD00000424FF000431343236523683A7AC3F31E
:106BE000C0239A423FF4E2AE01221046BDE8F0878E
:106BF000E82C03000000E07F188308C00000F03F8D
:106C0000102D0300FC2C0300F42C0300042D0300C2
:106C1000500A002010B586B00D4C54F8200054687E
:106C2000049414788DF80C40947A8DF81640147AF8
:106C30008DF81440527A8DF8152006AA082442F8DF
:106C4000104D0024009400F0A9FC06B010BD00BF58
:106C5000E82C03002DE9F04F83B00C462E4E56F879
:106C600020702E4E56F82060012501950C9D009550
:106C7000FFF712FC054618B1284603B0BDE8F08FB7
:106C8000A04601222146304600F0A2FB04EB44005E
:106C900007EB80000D99043006F0A4FD814603281F
:106CA000EAD104EB440307EB83031B7A002BE3D008
:106CB00000222146304600F08BFB04F01F0B4FF002
:106CC000010A0AFA0BFA1F2C98BFC6F830A0214619
:106CD000304600F023FDB8F11F0FFCD8336B0AEAF1
:106CE000030323FA0BF313F0FF0FF4D021463046D1
:106CF00000F03BFC0368C3F30363092B08BF4D4658
:106D00001F2C98BFC6F830A004EB440407EB8404A2
:106D100000232372B0E700BF500A0020E82C0300D4
:106D200070B584B00D461E46164C54F8204050688D
:106D3000029010788DF80400127A8DF80C2004AAC5
:106D40000F2042F8100D204600F0F2FC034610B16F
:106D5000184604B070BD04AA002342F8103D334623
:106D60002946204600F0E4FC03460028F0D104AA9E
:106D7000042342F8103D33462946204600F0D8FC53
:106D80000346E5E7E82C030070B50D461646074BB1
:106D900053F82040204600F046FB32462946204664
:106DA00000F02AFA204600F031FB70BDE82C030009
:106DB00008B50023FFF7CCFB08BD08B50022FFF79C
:106DC0000DFC08BD10B5074B53F82040064B53F897
:106DD0002020D2F888310BB10A219847204600F0D4
:106DE00043FB10BDE82C0300500A0020F8B5184BF7
:106DF00053F82040236813F4804F28D00546154BE4
:106E000053F82060D4F8083B13F4003F0CD0D4F8BA
:106E1000083B43F40033C4F8083BD6F880711FB137
:106E2000334600220521B847D4F8083B13F4803FCD
:106E30000DD0D4F8083B43F48033C4F8083BD6F8AF
:106E4000804124B13346002206212846A047F8BDE0
:106E5000E82C0300500A00202DE9F04194B00546CB
:106E60006D4B53F82040A36A226B134003F00103DB
:106E7000002663B90136202E00F0B880A36A226B89
:106E8000134006F01F02D34003F00103F1E7002B8B
:106E900000F0AC80614B53F82570236813F0005F5D
:106EA00001D0072E12D906EB460307EB83031B7AAA
:106EB000DBB2012B42D006EB460307EB83031B7AC0
:106EC000DBB2022B5FD014B0BDE8F081052E10D0EC
:106ED000062E26D0072EEED180232363D7F880819B
:106EE000B8F1000FE7D03B46002203212846C047F7
:106EF000E1E73B7ADBB2012BDDD13968204600F0B7
:106F0000BDFA2846FFF7F2FB20232363D7F88081E0
:106F1000B8F1000FCFD03B46002201212846C047E0
:106F2000C9E740232363D7F88081B8F1000FC2D0AE
:106F30003B46002202212846C047BCE73146204696
:106F400000F0A5FC06EB460357F823203146204607
:106F500000F052FC0028AED1A36831462846FFF766
:106F60002DFC1F2E04D806F01F020123934023633B
:106F7000D7F88081B8F1000F9DD03B463246002102
:106F80002846C04797E731462846FFF717FC06EB2F
:106F9000460307EB83039B7A83B91F2E04D806F0C0
:106FA0001F02012393402363D7F88041002C8AD02D
:106FB0003B46324604212846A04784E73146204616
:106FC00000F065FC01AA3146204600F015FCA368DC
:106FD0009DF8073003F00F03042BE5D11F2EE3D8F3
:106FE00006F01F02012393402363DDE765B9D4F85F
:106FF000083BD4F8082B5B0C43EA124313F0010F53
:1070000002D00020FFF7F2FEE369002B3FF45BAFF4
:107010002846FFF7D7FE56E7E82C0300500A002069
:10702000034B53F82030C3F88011C3F88421704714
:10703000500A0020082817D90938062813D8DFE895
:1070400000F00406080A0C0E10000C2070471020F7
:107050007047142070471820704720207047302058
:10706000704740207047002070470000012914D06D
:1070700021B1022920D000231846704702F0404376
:1070800030B10128F8D1520022F040421343F3E717
:107090000C4901EAC2421343EEE702F0404330B12B
:1070A0000128E9D1084901EA02421343E4E705490E
:1070B00001EAC2421343DFE7012801D90023DBE7DD
:1070C0001306D9E70000F83F0000FF3F0346084AD7
:1070D000904209D002F58052904207D00020054A24
:1070E000934208BF202070472020F8E720207047F7
:1070F0000040024000B00240036813F4801F0FD02C
:10710000036823F000430360036823F080430360B7
:10711000036823F080530360036813F0006FFBD112
:1071200070470368002B07DB036843F000430360EC
:10713000036813F4801FFBD07047000070B504464D
:10714000036843F000730360236813F0007FFBD1F2
:10715000236843F4805323602046FFF7B7FF04F110
:107160008001860007D00B4601EB8601002543F81D
:10717000045B8B42FBD104F5086230B11346324404
:10718000002143F8041B9A42FBD14FF0FF332361E7
:107190006361A3610022A2622363014B236270BD7D
:1071A00006003B0038B504460D46FFF78FFF014649
:1071B000236803F40063002B14BF012000201AD1C0
:1071C000236843F000532360626B2B0603F0706367
:1071D00022F07062134363634FF0FF33A36489B2FC
:1071E00049B100236FF0604503F5087244F822505E
:1071F00001338B42F8D138BD2DE9F04100F1E003B5
:10720000446BC4F30364032900F2DC80DFE811F06F
:1072100004002E007E00D600016821F44071016058
:107220000134E40000F0CE80114602EBC402664E49
:1072300008E04C6806EAC4442C441C60083104335E
:107240008A4211D0087800280CBF00254FF0004575
:1072500048780028EDD04868400020F0404045F0D4
:10726000804420441860E9E7BDE8F081016821F41A
:10727000407141F4807101600134E40000F0A280AB
:10728000154602EB0412504F504E43F6F87411E0CD
:10729000696807EAC1414144196024E01868DEF8D2
:1072A0000C1004EAC1016144014319601035043334
:1072B000954229D0AE46297800290CBF4FF000082E
:1072C0004FF00048297A00290CBF4FF0000C4FF412
:1072D000004C69780029DBD0686806EA400048F075
:1072E0008041014419609EF809100029D6D0D3F8D6
:1072F0000080DEF80C00C0F3CD304CF48041014436
:1073000041EA08011960D1E7BDE8F081016821F484
:10731000407141F4007101600134E40052D0104624
:1073200002EB441220E01C684568ED0844EA05645D
:107330001C6023E01D68CC68640304F47F042C43C4
:107340001C6025E01D684C69640104F47F442C43F3
:107350001C6027E01C68C969C1F3C701214319609B
:1073600020300433904227D001464478002CDAD0F4
:107370001C6845686D0D44EA05641C604C7A002C5D
:10738000D8D01D68CC68640904F47F042C431C60C9
:107390004C7C002CD6D01D684C69640B04F47F44EF
:1073A0002C431C604C7E002CD4D01C68C969C1F3EE
:1073B000475121431960D3E7BDE8F081036843F4E6
:1073C00040730360BDE8F0810000F83F0000FF3F1C
:1073D000036803F07F038B4207D24FF4407070477D
:1073E000836A19438162002070471F290CD801F07D
:1073F0001F01012303FA01F1002AF1D1836A23EA74
:10740000010181620020704700207047036823F06B
:1074100080530360036823F080430360036813F024
:10742000807FFBD17047036843F0804303600368AB
:1074300043F0805303600368002B0EDB01220368D6
:1074400013F0807FFBD03AB9036843F00043036038
:10745000036813F4801FFBD07047036823F00043D8
:1074600003600022EBE70000026A034B134013B1F4
:10747000014B0362036A704706003B00F8B50746FC
:107480000E4600F1880401F10805D0F88000C0F331
:107490000340FFF7CFFD86F84800D7F8803033600F
:1074A00013F4001F10D0D7F8843073600646002311
:1074B00048B1990854F8212012BA45F82120043324
:1074C000B342F6D3F8BDF8BDD7F884309B0C736097
:1074D000ECE708B504292AD8DFE801F00B181D03F2
:1074E0000600FFF7A0FF08BD036843F000430360F8
:1074F00008BD036823F400030360436823F0080316
:107500004360436823F48053436008BD436843F0FD
:107510000803436008BD436843F4805343604368F5
:1075200023F008034360036823F40033036008BDBD
:10753000036813F4006F07D0D0F8003C23F4403305
:1075400043EA0141C0F8001C7047036813F4006F60
:1075500009D0D0F8000CC0F301400330012303FA36
:1075600000F0C0B270470820FBE738B504460D466E
:10757000FFF7EBFF0830C0B24FF40073B3FBF0F33A
:10758000DBB2B5FBF3F203FB12538008D20100FB20
:107590000320203004EB800038BD00002DE9F843C3
:1075A0000746894614469846089DFFF7DEFF3B686C
:1075B00003F07F03994500F2A38006463B6813F071
:1075C000005F0FD07B6BC3F303635B000733994508
:1075D00008D84FF44070BDE8F8837B6B4FF44070DF
:1075E000BDE8F8833B6813F4006F07D0A37B2BB191
:1075F000D7F8003C43F00043C7F8003CD4F80890AB
:107600005FFA89F3402B9ABF424AD05CFF200746BD
:1076100065B3FFF70FFD39F003030DD00023990880
:107620008A00083255F8211009BAB1500433A26813
:1076300022F003029A42F2D806F10801A2689342AE
:107640000AD21D4483F0030215F801CB01F802C0F1
:107650000133A2689A42F5D80546824206D282F0EA
:107660000303607BC8540132AA42F8D1002333607F
:1076700073602379012B2FD0002322796AB97368B4
:1076800023F0FF5323F4E01373607268224B03EA84
:10769000884848EA0202726000233F0407F470271A
:1076A0003B4322680F2A28D01C2A08BF43F48013CA
:1076B00023F07063217BD9B1120602F0706242F0B0
:1076C00000421343A27B0AB143F080433268134364
:1076D00033600020BDE8F883736803F06043736093
:1076E000726828F06043134373604FF40013C4E7DB
:1076F000120602F070621343E4E70020BDE8F8834D
:107700003B6813F0005F7FF468AF4FF44070BDE852
:10771000F88300BF182D03000000FC1F08B5FFF719
:1077200024FF036823F0706343F01063036008BD17
:10773000F8B504460E4615461F46FFF716FF2368A8
:1077400003F07F039E423FD8236813F0005F46D1C9
:107750000023036043602B79012B21D02B797BB967
:10776000036823F4C0030360436823F0FF5323F44A
:10777000E013436042681F4B03EA874313434360AF
:107780002B680F2B1ED0036823F070630360026820
:107790002B681B0603F07063134303600020F8BDE1
:1077A000036843F400130360036823F48003036059
:1077B000436803F060434360426827F0604313432B
:1077C0004360CBE70020F8BD236813F0005F03D0CF
:1077D000636B4FF44070F8BD4FF44070F8BD636BBD
:1077E000C3F303635B0007339E42B1D84FF440708C
:1077F000F8BD00BF0000FC1FF8B507460E46154651
:10780000FFF7B3FE04460068C0F30340FFF712FC25
:1078100085F848003B6813F0005F2FD07B6BC3F303
:1078200003635B0007339E4228D84FF44070F8BDD5
:1078300063686B6030F0030608BF00230CD00023A0
:1078400003F0FC0202F10801615809BA2A44916070
:107850000433DBB2B342F3D383420DD2D91D2944A2
:1078600083F003020832A25C01F8012F0133DBB27E
:107870009842F5D10020F8BD0020F8BD23682B60A8
:1078800013F4001FD4D163689B0C6B60D2E708B57A
:10789000FFF76BFE036808BD2DE9F84306460F4667
:1078A000FFF753FE04467D1E29463046FFF75DFE76
:1078B0002044083006F52073984203D94FF44070F5
:1078C000BDE8F883A0463046FFF700FC874206D9A2
:1078D0004FF44070BDE8F8830020BDE8F8833368BA
:1078E00023F07F0305F07F051D433560316811F0FB
:1078F00000511CD1002FEFD000252C4608F10809BB
:107900003046FFF732FE04604460B8F1000F06D045
:1079100000F10803484403F8014B9842FBD10135BC
:10792000EDB22946AF42EBD80020BDE8F883002035
:10793000BDE8F88308B50020FFF78EFA08BD08B54A
:107940000020FFF73FFA08BD08B50020FFF74EFA08
:1079500008BD08B50020FFF77FFA08BD08B5002074
:10796000FFF77AFA08BD08B50120FFF775FA08BDE0
:1079700008B50120FFF726FA08BD08B50120FFF77A
:107980006BFA08BD08B50120FFF766FA08BD08B517
:107990000220FFF761FA08BD08B50220FFF712FACE
:1079A00008BD08B50220FFF757FA08BD08B5022048
:1079B000FFF752FA08BD0000F8B5134B1A6A1D69AB
:1079C0001540596A5A690A40996A9B690B400F49E8
:1079D0000E68341D1436012715431D4302E09047FD
:1079E000B4420FD054F8040F0028F9D00268002ADE
:1079F000F6D0037A07FA03F3013B417A8B402B421E
:107A0000EED0ECE7F8BD00BF00A005405C0A002006
:107A10004B782BB98B78002B40F0A480CB7800E01A
:107A2000012303F001030A78002A00F0C980002B2B
:107A300040F09680644B53F82030002A00F09B8081
:107A4000D3F88C2042F48062C3F88C20D3F88C20C9
:107A500042F40062C3F88C20D3F88C2042F48052A8
:107A6000C3F88C20D3F88C2042F40072C3F88C2029
:107A7000D3F88C00CA7A120202F4807220F480706B
:107A80000243C3F88C20D3F88C2042F08002C3F864
:107A90008C204A7822B99A6D22F010029A6503E090
:107AA0009A6D42F010029A658A78002A4ED09A6D3B
:107AB00042F020029A65CA78002A4CD09A6D42F0B2
:107AC00040029A65986D0A79520002F0020220F095
:107AD000020002439A659A6D22F00102487902433E
:107AE0009A659A6D087A003018BF012022F00802CA
:107AF00042EAC0029A65D3F88C008A79120102F03A
:107B0000100220F010000243C3F88C20D3F88C0040
:107B1000CA79520102F0200220F020000243C3F88B
:107B20008C20D3F88C004A7A920002F0040220F0F4
:107B300004000243C3F88C20D3F88C2022F0010209
:107B4000897A0A43C3F88C20002070479A6D22F08E
:107B500020029A65AFE79A6D22F040029A65B1E77C
:107B6000012070470A78002A3FF464AF0120704773
:107B7000154B53F82030D3F88C2042F48022C3F800
:107B80008C20D3F88C2042F40022C3F88C20D3F848
:107B90008C2042F48012C3F88C20D3F88C2042F45D
:107BA0000032C3F88C20D3F88C20C87A003018BF7C
:107BB000012022F4803242EA0042C3F88C2062E7BE
:107BC000002BD5D1012070475C2D030070B582B029
:107BD00005461B4B53F8203000220192186800F034
:107BE000070001248440174B53F825301B78022BE3
:107BF0001BD0032B07D0012B1CD0E4B20198B0FBA3
:107C0000F4F002B070BD104B03EB45035E7801A9A0
:107C10003046FDF71DFF019B13B90B4B13F81560A0
:107C200001A93046FDF714FFE7E701A91E20FDF783
:107C30000FFFE2E701A90020FDF70AFFDDE700BF23
:107C40005C2D0300600A00207C2D0300F8B5344B46
:107C500053F8203013B101273846F8BD314B53F8A3
:107C600020508B7B13700023537053802C4B43F8B0
:107C7000202002F1080702F1180402F1580E02F167
:107C8000380C2646002327F8023B46F8043B4CF804
:107C9000043B0EF8013BA742F5D117460C460646B9
:107CA000284600F059F8617B284600F049F8304634
:107CB000FFF78CFF7860237B023BDBB2022B1FD9DE
:107CC0000027EA6E637C9B0103F0400322F0400230
:107CD0001343EB66D5F88420E37B9B01DBB222F0F3
:107CE000C0021343C5F88430237C7BB92B6823F48E
:107CF00080732B600C4B33F9160000F059FCABE796
:107D000021463046FFF784FE0746DAE72B6843F446
:107D100080732B60044B33F9160000F03DFC9BE7A9
:107D2000600A00205C2D03008C2D0300034B53F8E8
:107D300020305868B0FBF1F080B27047600A002034
:107D4000436D43F001034365036823F0070301F02B
:107D500007010B4303607047F0B4436F0023436790
:107D6000042242650268036043608360C364026D5D
:107D700003658365C365036643668366C26EC36637
:107D800003678367C367C0F88030C0F88430C0F8E9
:107D90008830C0F88C30C0F89030C0F89430C0F80B
:107DA0009830C0F89C30124B984208D003F58053AD
:107DB000984204D0002319460D4D0E4F0AE00023CF
:107DC000C0F80032F6E7803400EB840461600133D0
:107DD000082B0AD01C4600EBC302D668D1601161A3
:107DE000A842F0D0B842F2D1EDE7F0BC704700BF36
:107DF0000090034000A0034001290ED9052999BF36
:107E00000239012306394FF4807303FA01F142B9B4
:107E1000C36E23EA0101C1667047102303FA01F122
:107E2000F5E7C36E1943C166704700002DE9F041C4
:107E3000BDF818703C4C54F820503C4C54F820606D
:107E4000AC68A4B27078042819D0032803BF0134A9
:107E5000A4B200200120CAB9B3F5004F58D8B7F535
:107E6000004F58D804FB03F2C2F3CF3204FB07F7EC
:107E7000C7F3CF37B3F5004F05D013460AE06400CF
:107E8000A4B20020E7E7531C9BB203E09C4245D319
:107E9000BC4246D3002845D14A08D5F864804FEA51
:107EA000C20E4FF0010C0CFA0EFC1CEA080F25D094
:107EB000D5F864C0802101FA0EFE1EEA0C0F07D02F
:107EC000296811F0180F06D105EB02110B6102E0D1
:107ED00005EB02110B6153000133DBB2013305EBFB
:107EE000C3039F60AA6D9DF81C30DB01DBB222F05A
:107EF00080021343AB657480BDE8F0812A6812F0FC
:107F0000200F18BF5B08013105EBC1018B60E9E769
:107F10000120BDE8F0810120BDE8F0810120BDE82D
:107F2000F0810120BDE8F0815C2D0300600A002093
:107F30002DE9F04F85B0A44B53F820300393002B6C
:107F400000F0E9825B781BB1012005B0BDE8F08F3D
:107F50000D4602909D4B53F82040236823F01803F0
:107F60002360236823F4007323602368636D43F068
:107F7000040363658B78039A53700B78002B00F031
:107F8000E8804FF000084FF001094FF0020A4FF06F
:107F9000100B82E0216F09FA06F20A4322678EE095
:107FA00004EBC602D16841F00401D160D16821F030
:107FB0000801D16094E0626ED9000BFA01F122EA67
:107FC000010262669BE0497931B9216F09FA02F238
:107FD00021EA0202226712E0216F09FA02F20A4343
:107FE00022670CE0216F09FA02F20A43226706E0D9
:107FF000626ED9000AFA01F122EA01026266626E3B
:10800000DB000421994022EA01026266626E09FAED
:1080100003F122EA01026266626E8021994022EA3F
:108020000102626604EBC602D16841F01001D16022
:10803000D16841F02001D1606A69D278002A00F04D
:108040008180616E40229A400A436266616E2022FE
:1080500002FA03F30B436366EB683B441A7931463B
:108060002046FFF7C9FE226806F1100309FA03F360
:1080700013432360EB681F44BB793BB12268731C38
:10808000DBB2103309FA03F31343236008F101084C
:108090005FFA88F82B7843455BD908EB88025700D4
:1080A000EB68D91913F8126073084A79002A7FF433
:1080B00071AF226F09FA06F122EA01022267EA682B
:1080C0003A445179527891423FF46AAF04EBC602C8
:1080D000D16821F00401D160D16841F00801D1607C
:1080E000EA683A449179002982D0127A002A3FF452
:1080F00062AF616EDA000BFA02F20A436266721C2A
:10810000D2B204EBC201C86820F00400C860C8689D
:1081100040F00800C860606ED9000AFA01F101431E
:108120006166E9683944C87901283FF44CAF497960
:1081300000293FF457AF216F09FA02F221EA020247
:1081400022675CE7626E4021994022EA0102626682
:108150007CE71E4B029A53F822606B78002B00F0EC
:108160000E814FF000094FF0010A4FF0040B82E03E
:10817000306F0AFA01F2024332678CE006EBC1026B
:10818000D06840F00400D060D06820F00800D060D3
:1081900092E0D6F870C00AFA02F040EA0C003067AC
:1081A000B4E0807A40B9706E4FF0020C0CFA03FC18
:1081B00020EA0C00706613E0D6F864C002209840F4
:1081C00040EA0C0070660BE0600A00205C2D0300A2
:1081D000706E4FF0020C0CFA03FC20EA0C00706683
:1081E000306810320AFA02F2024332606A69D278C9
:1081F000002A00F0AE80706E40229A400243726600
:10820000706E20229A4002437266706E0AFA03F280
:10821000024372662A693A44D279002A00F0A080AB
:10822000706E80229A40024372662A693A449279BB
:10823000002A00F09C80706E102202FA03F30343C0
:10824000736601F0FE082B693B44DA7A41463046FA
:10825000FFF7D2FD2B691F4408F101013A7BC9B237
:108260003046FFF7C9FD09F101095FFA89F96B781A
:108270004B4540F284804FEA09172B69DA19D95D22
:108280004B08527B002A7FF473AF326F0AFA01F079
:1082900022EA000232672A693A44507B127A9042FD
:1082A0003FF46CAF06EBC102D06820F00400D06050
:1082B000D06840F00800D060726EDB000BFA03F06B
:1082C00022EA0002726606EBC102D06840F010009C
:1082D000D060D06840F02000D060306801F110021A
:1082E0000AFA02F20243326028693844427A002ACC
:1082F0003FF47CAF4A1CD2B2807B00287FF449AFA8
:10830000306F0AFA02FC20EA0C00306706EBC2006C
:10831000D0F80CC02CF0040CC0F80CC0D0F80CC085
:108320004CF0080CC0F80CC02869384490F80EE0F6
:1083300090F80DC0E6453FF434AF807A00287FF412
:1083400047AFD6F864C00220984040EA0C0070663F
:1083500046E7726E4020984022EA000272664FE7BC
:10836000726E8020984022EA000272665DE7726EAB
:10837000102000FA03F322EA0303736661E7636DDA
:1083800043F0020363656B69DA78002A65D01B78D5
:10839000C3B1E36F43F40043E367E26F6B699B781B
:1083A0001B0203F4706322F470621343E367029BC1
:1083B000042B34BF4FF0040C4FF0020C04260023B2
:1083C00001271DE0E36F23F40043E367E5E7E26F75
:1083D00007FA06FE22EA0E02E2676A6901EB410132
:1083E00011448A79012AD4F888200CBF22EA0000BF
:1083F0001043C4F8880001330136DAB294451BD922
:1084000019466A6903EB430002441279002AF2D04C
:10841000E26F07FA03F00243E2676A6903EB430E77
:1084200072445279002AD2D0D4F87CE007FA06F2DE
:1084300042EA0E02E267D0E76B695B781BB1636DBD
:1084400043F080036365626D6B69DB785B0103F069
:10845000600322F06002134363652368AA78042A4C
:1084600014BF0022012223F0200343EA42132360B9
:10847000A9680298FFF75AFC039B5880E36C1B0C19
:108480001B04E364AB78042B3CD0A268039B5B889D
:10849000013B9BB2120C12041343A3602B78002BF8
:1084A0003BD00026374606EB8601EA6802EB410323
:1084B0005B8812F81110019700973A460298FFF76F
:1084C000B5FC0136F6B22B78B342ECD86B78A3B189
:1084D00000263746DDF808803101286942185388A4
:1084E000415C0197928800923A464046FFF79EFC15
:1084F0000136F6B26B78B342EED888B10023039A06
:10850000537022E5A368039A52881B0C1B0443EAAC
:108510005203A360C2E7012017E56B78002BD7D187
:10852000A26EEB7803F03F0322F03F021343A366F1
:10853000A26E2B799B01DBB222F0C0021343A3662B
:10854000636D43F001036365636D43F00803636586
:108550002268039B1B78DB0003F0180322F018024B
:10856000134323600020F0E472B110B4144600F10C
:108570001003084A52F8233023601030054B43F8AB
:1085800020105DF8044B70471030024B43F8201068
:10859000704700BF0000FE1F420900F01F000123CA
:1085A00003FA00F0014B43F82200704700E100E0BD
:1085B000430900F01F00012202FA00F02033024AB2
:1085C00042F82300704700BF00E100E0054B1B6844
:1085D000002B04DD013B034A1360002B00DD7047D4
:1085E00062B6FCE7800A002072B6024A13680133C3
:1085F00013607047800A0020002808DB0901C9B217
:1086000000F1604000F5614080F80013704780B2CF
:10861000C0F38102012A0DD010B40A4C0A4B022A81
:1086200018BF234600F003000901C9B219545DF8D0
:10863000044B7047054B00F003000901C9B21954FF
:10864000704700BF20ED00E01CED00E018ED00E0F9
:1086500070B491F82430002B50D00B8CDB0903F060
:108660000603103BDBB2C56D466806F00F06012419
:10867000B44005F00705A4B2A54227D203F58063F4
:10868000036691F82060C46D456805F00F0501236D
:10869000AB4004F007049BB29C421FD20666002A3E
:1086A00043D00B8CDB0903F006030F3BDBB2C46D38
:1086B000456805F00F050122AA4004F0070492B2B4
:1086C000944213D203F5806303662EE08C7A04256E
:1086D0000D550D196B7101348C72D2E78B7A002421
:1086E000CC54CC18667101338B72D8E78A7A042097
:1086F00088548818437101328A7216E091F820304C
:1087000002EB4302D2B2C46D456805F00F050123A8
:10871000AB4004F007049BB29C4208D38B7A042040
:10872000C854C818427101338B7270BC704702F58F
:1087300080620266F9E730B4C36D44688D7ACA7A04
:10874000954201D030BC70478A69002AFAD004F003
:108750000F0201249440A4B203F007039C42F1D914
:108760004B691B7803664B6901334B618B69013B95
:108770008B61C26D02F00702002BE3D09442EFD868
:10878000E0E7D0F8183123F4706323F00703C0F852
:10879000183191F821303BB98B689BB9D0F81C3166
:1087A00023F00103C0F81C31D0F8103123F001038D
:1087B000C0F8103100238B700B618B60CB604B6075
:1087C000CB757047D0F81C3123F00203C0F81C3180
:1087D000EAE7F8B505460C4616461F46836923F4BA
:1087E000E05323F00303836191F82D30ABB13FB127
:1087F0002B6943F480732B612B6943F400732B6165
:1088000016B14FF400732B6600236361A361E3602C
:108810002361012384F82230F8BD91F82E00FDF782
:1088200041FA236923B1EB6923F00203EB61DEE730
:10883000EB6923F00103EB61D9E7000070B50E4648
:10884000204B53F82050204B53F82040A36983B1AC
:10885000012927D00023A361AB6D23F00303AB658F
:10886000EB6923F00103EB61AB6943F00103AB61FA
:1088700070BD002394F8232021462846FFF7A9FF66
:1088800094F82C304BB9012E17D00023A383236B0F
:10889000B3B1616B0420984770BD04F1280004F067
:1088A000BBFFF0E7002394F8232021462846FFF77A
:1088B00090FF94F82C30002BEFD10123A383E6E73F
:1088C00070BD00BF9C2D0300840A002038B504460B
:1088D0000D4690F821303BB1637D53B1636A13B10B
:1088E000A16A0420984738BD90F82200FDF7DAF914
:1088F000F2E721462846FFF744FF94F82030002B8A
:10890000ECD004F11C0004F087FFE7E730B585B038
:108910000C460B7CB3B1164B03EB400000224178B0
:108920002078FDF7CBF9A36862686178207800258C
:108930000395E4680294012401940095FDF774F90D
:1089400005B030BD00220A4B13F810102078FDF757
:10895000B5F96368A2686178207800250395E4681A
:108960000294012401940095FDF75EF9E8E700BF49
:10897000A82D0300F0B587B006463D4B53F82040C4
:108980003C4B53F8205095F82E308DF80430A969EF
:1089900000294ED0626802F00F02A06D20F00300A3
:1089A000012707FA02F293B28B4228BF0B46013B24
:1089B00003F003030343A3658DF8057004F160031E
:1089C00002936B69039300278DF81470AB690493CD
:1089D00001A93046FFF79AFF01219DF80400FDF739
:1089E000B9F9324624499DF80400FDF735F89DF8A1
:1089F0000400FDF74BF93A4629462046FFF728FECA
:108A0000AB6943BB2B69013BDBB2E16D606800F0F1
:108A10000F000122824001F0070192B291421FD261
:108A200003F580732366E36943F00203E36107B053
:108A3000F0BDA36D23F44033A36500238DF805300A
:108A400004F170030293EB68039301278DF814700F
:108A50002B690493BCE7E36943F00103E361E6E7B4
:108A6000AA7A0121A954A9184B710132AA72DAE736
:108A70009C2D0300840A00203D88020030B587B099
:108A8000244B53F82050244B53F8204063683BB3E9
:108A900094F822308DF8043001238DF8053005F567
:108AA000B0730293E368039300238DF81430636876
:108AB000049301A9FFF72AFF616849429DF8040069
:108AC000FDF71EF99DF80400FDF7E0F86368CBB9E7
:108AD000D5F81C3143F00203C5F81C3107B030BD96
:108AE00094F822308DF8043000238DF8053005F518
:108AF000B87302932369039301238DF81430A3689C
:108B00000493D6E7D5F81C3143F00103C5F81C31B6
:108B1000E4E700BF9C2D03008C0A00204B4B53F868
:108B2000203093F822300BB902207047F0B583B0A3
:108B300017460E460546464B53F8204001A9454BC3
:108B4000185CFCF785FF236923F0010323619FB3C1
:108B500001994A1E07EB4703C7EB4313B2FBF3F23D
:108B60000132012A18D901239C460CFA03F08242F3
:108B700002D90133072BF8D107FA03F201EB5201B6
:108B8000B1FBF2F25F2A28BF5F22012A06D8022732
:108B90000322012108461DE00023EDE7023A2E4999
:108BA000A1FB02014908521A49B9032A38BF03221E
:108BB0000227012108460DE03E2207231F21032A38
:108BC00038BF032248080F46022938BF0227002871
:108BD00008BF0120D4F824C02CF0070C03F00703D1
:108BE00043EA0C036362A36C23F07C53000600F09D
:108BF0007C501843A064A06C20F47C103B0403F468
:108C00007C130343A364A36C23F47C53090201F493
:108C10007C511943A164A36C23F03F0302F03F028F
:108C20001A43A264094B53F82520636A23F0E063DA
:108C30006362636A23F4007363629677236943F087
:108C400001032361002003B0F0BD00BF840A0020AF
:108C50009C2D0300A42D0300ABAAAAAA2DE9F04382
:108C600083B007460E46144601A9274B185CFCF753
:108C7000EFFE264B53F82780DFF8989049F82740FD
:108C80000025E56025616561A561A583012384F860
:108C9000223033882384B37884F82430337A84F8FC
:108CA0002D30737A84F82E30F3682363336963635D
:108CB00084F82C507368E36384F83850294604F133
:108CC000280004F0D5FDE572A572114B33F91700A9
:108CD000FFF762FC404600F09DFB7268F178384671
:108CE000FFF71CFF3188B27859F82730198483F8D0
:108CF0002420D8F8103043F00103C8F8103028467B
:108D000003B0BDE8F08300BFA42D03009C2D030039
:108D1000AC2D0300840A00202DE9F04106460C46E4
:108D2000134B53F82070DFF84C8048F826100025CC
:108D30004D618D61CD600D61012381F82230CD72CE
:108D40008D72384600F066FBE26BA17F3046FFF77C
:108D5000E5FE218C94F8242058F82630198483F8F5
:108D600024203B6943F001033B612846BDE8F081C4
:108D70009C2D0300840A00202DE9F0410546884619
:108D80002E4B53F820602E4B53F8204004F1280757
:108D9000384604F027FD032806D0002384F82C3041
:108DA000A08B80B2BDE8F081A36943BB94F82D305D
:108DB00073B3B36923F00203B361F36DC3F30241EC
:108DC00022698A4229D08A420BD9012284F83820AC
:108DD000B26D22F4403203F440331343B3650323EE
:108DE000A383B36943F00203B3614146384604F0FC
:108DF000F9FC03281BD0002384F83830CDE7012389
:108E0000002221463046FFF7E4FC0323A383C4E796
:108E100094F82E00FCF746FFCBE7002AD3D10023BD
:108E2000A38384F82C30A08B80B2BDE8F08121466A
:108E30002846FFF771FF0323A383DCE79C2D030083
:108E4000840A002038B51A4C54F8204094F8225077
:108E50000DB9022038BD174D55F820506161A2614F
:108E600084F82330002384F822300223A38394F86B
:108E70002D30A3B1002221462846FFF7E9FB214609
:108E80002846FFF758FCAB6D23F00303AB65AB69D5
:108E900043F4E05343F00103AB61002038BDAB69FC
:108EA00043F4E053AB61FFF765FD002038BD00BF20
:108EB000840A00209C2D03002DE9F041104C54F849
:108EC000205095F8224014B90220BDE8F081984660
:108ED00017460E460446012385F82C30002105F183
:108EE000280004F07FFC43463A4631462046FFF70F
:108EF000A9FF06992046FFF73FFFBDE8F08100BFBC
:108F0000840A0020F8B5304C54F8204094F82250E0
:108F10000DB90220F8BD16462C4A52F820502661A1
:108F2000002284F8222084F82330E1600223A38306
:108F300094F82D30002B36D0012221462846FFF729
:108F400087FBF3B25A1ED7B2E96D686800F00F00D4
:108F50000122824001F0070192B291422BD207F523
:108F600080772F666968C1F3032101228A4091B29C
:108F7000B14294BF0B469BB2AA6D22F44032013B32
:108F80001B0403F440331343AB65A27AE37A9A429D
:108F9000AB6943F4E05314BF43F0030343F002030F
:108FA000AB610020F8BDAB6943F4E053AB61FFF760
:108FB000E1FC0020F8BDA27A0121A154A1184F7153
:108FC0000132A272CEE700BF840A00209C2D03006C
:108FD0002DE9F041104C54F8205095F8224014B976
:108FE0000220BDE8F081984617460E46044601234C
:108FF00085F82C30002105F1280004F0F3FB4346EE
:109000003A4631462046FFF77DFF06992046FFF796
:10901000B3FEBDE8F08100BF840A002070B50646AB
:10902000894B53F82050894B53F820406B6913F05B
:10903000010F38D16B6913F0020F0ED094F838305D
:10904000002B7AD094F82C30002B40F09F80032323
:10905000A38321463046FFF75FFE6B6913F4805F00
:1090600040F0B1806B6913F4006F40F0C6806B690B
:1090700013F4806F00F0E68094F82C30002B40F061
:10908000D8804FF40073A383012300222146284691
:10909000FFF79FFB236B13B1616B042098474FF4DC
:1090A00080636B6170BDE37AA27A9A4217D16369DB
:1090B000002B3DD0A369002B35D194F82320214605
:1090C0002846FFF786FB94F82C303BBB0023A38394
:1090D000236B002BAED0616B04209847AAE7EA6DA2
:1090E000696801F00F010120884080B202F0070298
:1090F00082429FD2E25C23445B7903EB02232B661E
:10910000E37A0133DBB2E372EA6D02F00702A17A7F
:10911000994200F093809042ECD88BE704F128004C
:1091200004F07AFBD2E721462846FFF704FB81E7EB
:10913000AB6923F00103AB617CE7EB6D13F4E02F27
:1091400029D0236973B1E3682A6F1A70E368013389
:10915000E3602369013B2361EA6D12F4E02F1AD02A
:10916000002BF0D1002394F8232021462846FFF756
:1091700030FB94F82C300BBB0023A383236B002B14
:109180003FF46BAF616B0420984766E704F1280059
:1091900004F042FB5BE72369002BE3D0AA6DC2F326
:1091A000014293423FF659AFAA6D22F44032013B8F
:1091B0001B0403F440331343AB654EE704F128006E
:1091C00004F02AFBD8E74FF480536B610123A3839B
:1091D000002221462846FFF7FCFA94F82C303BB9D0
:1091E000236B002B3FF43EAF616B0420984739E7B7
:1091F00004F1280004F010FBF2E74FF400636B6108
:109200000123002221462846FFF7E3FA94F82C3088
:1092100053B940F20323A383236B002B3FF427AF02
:10922000616B0420984722E704F1280004F0F4FA67
:10923000EFE704F1280004F0EFFA22E70023E372DD
:10924000A372F7E670BD00BF9C2D0300840A0020C6
:1092500070B56E4B53F820406D4B53F82050D4F846
:10926000143113F0040F40D1D4F8143113F0010F6E
:1092700004D0D4F8183113F0010F6FD1D4F81431A1
:1092800013F0020F05D0D4F8183113F0020F40F09C
:109290008480D4F81421D4F8143113F4807F00F0C2
:1092A0009E80EB7D0133DBB2EB75012B00F08F80EC
:1092B0004FF40073C4F814314FF48073C4F81431C0
:1092C000D4F8183123F00103C4F818312B88022B8D
:1092D00004BF00232B8021462846FFF7F7FAD4F875
:1092E000143113F4806F7FD170BD0646D4F850312D
:1092F00013F0010F1DD06B6A0BB16A7D72B995F83E
:109300002130012B0ED000232B7695F82130A3B904
:109310006B7D93B13046FFF7B1FB0EE0A96A0220E6
:109320009847ECE7D4F8183143F00103C4F818313A
:10933000E9E76B6A3BB16A7D12B902232B8093E7A0
:10934000A96A0320984795F82130002BF5D16B7D51
:10935000002BF2D03046FFF791FBEEE72B7E13B1E6
:1093600040F201232B806B6863B96B6A23B1A96A51
:10937000012098476B682BB901232B76FF23C4F893
:1093800060317BE7EB681B78C4F86031EB68013330
:10939000EB606B68013B6B6070E7AB6863B96B6A4D
:1093A00023B1A96A00209847AB682BB940F2022389
:1093B0002B80D4F870316CE72B69D4F870211A70C7
:1093C0002B6901332B61AB68013BAB6061E7AB7D7F
:1093D000002B3FF46DAF4FF48073C4F8143112F4D6
:1093E000007F7FF465AF7AE701232B804FF4806321
:1093F000C4F81431D4F8183123F00103C4F818313B
:1094000021462846FFF762FA70BD00BF9C2D03007D
:109410008C0A0020036943F002030361D0F8103185
:1094200043F00203C0F8103100230361C0F810318B
:10943000704708B50020FFF7F1FD08BD08B5002012
:10944000FFF706FF08BD08B50120FFF7E7FD08BDDF
:1094500008B50120FFF7FCFE08BD022303610023CD
:1094600003617047436913F0807F01D00220704789
:10947000036923F00103036100207047436A23F06E
:1094800001031943416200207047036943EA422205
:1094900042EA012202617047B1F57C5F07D0426960
:1094A000012303FA01F11143416100207047436930
:1094B00043F47C534361F8E710B4436A0831012454
:1094C0008C4023EA04038A401A43426200205DF87C
:1094D000044B704710B4446A24F0706483F00103B5
:1094E000920642EAC36343EA0163234343620020D6
:1094F0005DF8044B7047036C23F0FF03C9B21943B6
:1095000001640020704700002DE9F04F83B09646BB
:109510000193DFF8F8A04FF00009CDF80090CB469A
:109520004FF0FF354DE0A1EB03081646E04538BF8C
:109530001D46331B012B15D9A219C2F34702931CF8
:1095400007FB03F3BEFBF3F38D4234BFA1EB050C25
:10955000A5EB010C8B42E6D35C1A644538BF1D466F
:109560001446E6E7A31C07FB03F3BEFBF3F3B21CB0
:1095700007FB02F7BEFBF7F799428CBFCA1A5A1ACB
:10958000B9428CBFA1EB070CA7EB010C944528BF97
:109590002646944528BF1F468D4234BF4B1B6B1A8D
:1095A0008F4234BFCA1B7A1A9A4203D8CDF8009072
:1095B000B3463D468D420AD009F10109B9F1080FC1
:1095C00005D05AF8047F4FF480760024B4E74FEAC0
:1095D0009B02036C23F07F4343EA02630364036C42
:1095E00023F47F0343EA02430364036C23F47F43C1
:1095F00043EA022303645946FFF77DFF019B1A46A5
:10960000009B1360284603B0BDE8F08FAC2D03002B
:10961000CA680B68013B43EAC2634A7C43EAC273EF
:109620000A7C43EA8273CA7A43EA02638A7A43EA8B
:10963000C2534A7A43EA82530A7A43EA4253CA79C6
:1096400043EA02538A7943EAC2434A7943EA8243AE
:109650000A7943EA024303667047036E23F04073BE
:1096600043EA01610166704708B5002000F036FB4F
:1096700008BD08B5012000F031FB08BD08B5022087
:1096800000F02CFB08BD00002DE9F04784B0774CBA
:1096900054F82040656915F0807F03D0022004B0A3
:1096A000BDE8F087724D55F820607788B3FBF7F579
:1096B00007FB1535ADB20DB10120F0E71D46174689
:1096C00088468146012211462046FFF7DEFE012230
:1096D00011462046FFF7D9FE33791BB1236E43F4C0
:1096E00080132366002386F82C304FF47C512046EB
:1096F000FFF7D2FEA36943F40063A361002F00F0DB
:10970000A080A36943F48053A3617583236E23F47F
:1097100000232366A36D23F44033A365A36D23F0D8
:10972000030343F00203A36596F82430012B54D0C1
:109730007388022B6BD0042B6CD0012B0CBF4FF025
:10974000000A4FF0020AB8F1000F66D096F8230025
:109750000121039125FA0AF3029301FA0AF3019316
:10976000CDF800A004F164034246FCF75DFA002F37
:109770006ED096F822004FF00108CDF80C8025FA43
:109780000AF5029508FA0AF30193CDF800A03B46CA
:1097900004F174020021FCF747FA4A46354996F86D
:1097A0002200FCF759F996F82200FCF76FFA4A46B6
:1097B000314996F82300FCF74FF996F82300FCF79F
:1097C00065FA86F80C80E36943F00203E361E3691C
:1097D00043F00103E361002061E7C6F81080776180
:1097E0000023B383F383358333791BB1338B013388
:1097F0009BB23383012333731FB1A36943F0020388
:10980000A361A36943F00103A361002047E74FF080
:10981000010A98E74FF0020A95E796F82300012322
:10982000039325FA0AF2029203FA0AF30193CDF8A0
:1098300000A004F1640306F138020321FCF7F4F9F7
:1098400095E700237383236E43F40023236661E7C7
:109850004A46094996F82300FCF7FEF896F82300DB
:10986000FCF714FA01233373B1E700BFB00FFE1FFA
:10987000940A0020C59B0200819B020038B51B4B57
:1098800053F820501A4B53F8204000232B7395F8BF
:109890002430D3B9E36923F00203E361E36923F0E1
:1098A0000103E36100F0CEFAA36923F48063A361AE
:1098B0000A212046FFF7F0FD6B797BB92B6B1BB1BA
:1098C0006A6B00212846984738BDA36923F002033C
:1098D000A361A36923F00103A361E3E705F1280075
:1098E00003F09AFF00236B71E8E700BF940A0020A1
:1098F000B00FFE1F2DE9F04186B00C469046404B5C
:1099000053F820503F4B53F820603046FFF7AAFD34
:1099100000286CD107462389A3F1080292B240F6D1
:10992000F8718A4268D82B80E268AA60A2792A710D
:10993000A27C85F82020E27C85F8242000222A736E
:109940006A710733C3F3CF036B80032B4CD0042B16
:1099500004D9013B23F0030304336B80237D85F896
:109960002230637D85F82330A3692B63E3696B6341
:10997000627921793046FFF79FFD05ABE2682168E7
:109980003046FFF7C1FD736A43F002037362336927
:1099900043F00103336188B3B8F1000F01D0C8F878
:1099A00000002B88009300238DF804308DF80530DB
:1099B0008DF806308DF80730A2798DF808208DF8E3
:1099C0000930A37C8DF80A3023798DF80B30059B84
:1099D0000393237C8DF81030637C8DF81130694639
:1099E0003046FFF715FE03E004236B80B6E701273E
:1099F000384606B0BDE8F0810127F9E70127F7E70F
:109A0000940A0020B00FFE1FF8B506460D46174613
:109A10001A4B53F820401A4B43F820102046FFF70A
:109A20001CFD01212046FFF729FD012300221146DC
:109A30002046FFF74FFD15F1210F05D06268D2B225
:109A40000123934085F82130002239463046FFF744
:109A500051FF074608B13846F8BD0021A96305F15A
:109A6000280003F005FF0746064B33F91600FEF702
:109A700093FD236943F001032361ECE7B00FFE1F60
:109A8000940A0020BC0FFE1F2DE9F047002B54D094
:109A900098462B4C54F82060746914F0807F03D0F2
:109AA00002242046BDE8F08717460C460546254BA4
:109AB00053F8209009F1280A0021504603F092FE45
:109AC000012389F8053043463A4621462846FFF7E8
:109AD000DBFD044690B90899504603F083FE074623
:109AE000032822D0284600F0ADF9B36923F480633F
:109AF000B3610A213046FFF7CFFCD2E7B36923F008
:109B00000103B361B36923F00203B361284600F097
:109B100099F9B36923F48063B3610A213046FFF7F2
:109B2000BBFC002389F80530BBE7002389F805302A
:109B30002846FFF7A3FE3C46B3E70024B1E700BF89
:109B4000B00FFE1F940A00200BB90020704710B51B
:109B5000FFF79AFD10BD000010B5084B53F82040E8
:109B6000FFF78CFE012211462046FFF78EFC0122F2
:109B700011462046FFF789FC002010BDB00FFE1FE4
:109B800010B50E4B53F820400D4B53F820300129EF
:109B90000DD022791AB11A6E22F480121A660022B0
:109BA000228362839A6942F480629A6110BDFFF752
:109BB000D3FF012384F82C3010BD00BF940A00208D
:109BC000B00FFE1F012900D0704710B5044B53F8A9
:109BD0002040FFF7C1FF012384F82C3010BD00BFE7
:109BE000940A002070B50E4615460E4B53F82040DF
:109BF0002046FFF737FC10B10125284670BD2A46E4
:109C000031462046FFF758FC054608B10125F4E728
:109C1000236943F00103236131462046FFF71DFD10
:109C2000EBE700BFB00FFE1F70B50546294B53F898
:109C30002060294B53F82040636913F4006F0BD068
:109C400033694BB1FFF788FF0B212046FFF724FC57
:109C5000012386F82C3070BD636913F4805F0CD04B
:109C6000736953B12846FFF777FF0C212046FFF7B1
:109C700013FC022386F82C3070BD636913F0020FC9
:109C800002D0738B9BB2CBB9636913F0010F02D082
:109C9000338B9BB2B3B9338B9BB273B9A36923F0F7
:109CA0000103A361A36943F48063A361738B9BB237
:109CB0001BB9636913F4806F08D170BD284600F0AA
:109CC0007BF8E1E7284600F01DF8E4E72846FFF7B7
:109CD000D5FDF2E7940A0020B00FFE1F02280DD830
:109CE00008B5074B53F820305B6A13F0010F02D11F
:109CF00000F0FAF808BDFFF797FF08BD704700BFF6
:109D0000B00FFE1F2A4B53F820302A4A52F8200089
:109D1000C26D02F0070293F82110891A11F0FF01B9
:109D200045D0F0B504244FF0000C1FE0026E22F481
:109D30008012026600221A83F0BD12F8015B1A61DC
:109D4000B3F81CE017FA8EFE9EFBF6F206FB12E655
:109D5000B6B29E8345661A8BD21B92B21A831A8BB7
:109D600092B21AB3013911F0FF011FD01A791AB15A
:109D70001A8B92B2012AD9D05E889A8B92B2B21A0B
:109D8000042ADDBF9A8BB21A97B227461A695AB1D4
:109D9000012ED2D0022E03D052F8045B1A61CFE715
:109DA00032F8025B1A61CBE76546D3E7F0BD704736
:109DB000940A0020B00FFE1FF0B4204B53F820107F
:109DC0001F4B53F82070FE6DC6F30246002E32D0B2
:109DD0004FF0040C22E0644600234869DA0025FABB
:109DE00002F202704A6901324A6101339AB2944226
:109DF000F3D8CB8B14FA83F2488892FBF0F300FB84
:109E000013239BB2CB834B8B1C1BA4B24C834B8B79
:109E10009BB283B1013E16F0FF060CD07D6F4C88DB
:109E2000CB8B9BB2E31A042BD5DCCB8BE41AA4B208
:109E3000002CD1D1DDE7F0BC704700BF940A0020B0
:109E4000B00FFE1F10B50A4B53F82040A36923F44E
:109E50000063A361A36923F48053A3610B2120460F
:109E6000FFF71AFB0C212046FFF716FB10BD00BFC1
:109E7000B00FFE1F38B51A4B53F82040194B53F85A
:109E8000205095F82430012B19D0E36923F0020308
:109E9000E361E36923F00103E361FFF7D3FF0023EC
:109EA0002B73012211462046FFF7EFFA01221146DB
:109EB0002046FFF7EAFA6B7953B9002038BDA36951
:109EC00023F00103A361A36923F00203A361E4E784
:109ED00005F1280003F0A0FC00236B71EDE700BF43
:109EE000B00FFE1F940A002070B50646314B53F8A0
:109EF0002050314B53F820406B6913F4006F07D0AA
:109F000023692BB1FFF7B6FF012384F82C3070BD15
:109F10006B6913F4805F08D0636933B13046FFF793
:109F2000A9FF022384F82C3070BD6B6913F0020F77
:109F300003D0638B9BB2002B2DD16B6913F0010F03
:109F400002D0238B9BB253BB238B9BB21BB9AB6953
:109F500023F00103AB61638B9BB21BB9AB6923F0A8
:109F60000203AB61638B9BB2A3B9238B9BB28BB90A
:109F7000AB6923F40063AB61AB6923F48053AB613D
:109F8000236B1BB1626B002120469847637953B95C
:109F90000023237370BD3046FFF70EFFCDE7304638
:109FA000FFF7B0FED0E704F1280003F035FC0023F2
:109FB0006371EDE7B00FFE1F940A002038B5144B13
:109FC00053F82040134B53F82050AB8E9BB2022B1A
:109FD00016D000221049204600F0B9FC00220F499B
:109FE000204600F0B4FCA36923F40023A361A36915
:109FF00013F4002FFBD100232B74AB7C1BB938BDAD
:10A000000023AB86EAE705F1300003F005FCF6E734
:10A01000D02D0300A00A0020170003001600030043
:10A0200038B5154B53F82040144B53F82050236992
:10A0300023F40003236195F82A00FBF733FE002286
:10A040000F49204600F083FCA36923F40023A36199
:10A05000A36913F4002FFBD1AB7C43B9AB8E9BB249
:10A06000022B04BF0023AB8600232B7438BD05F1FF
:10A07000300003F0D1FBF1E7D02D0300A00A00204F
:10A080001600030008B50E4B53F820300D4A52F865
:10A0900020001A681B7D43B1012B09D01378517839
:10A0A00043EA012100F02AFC08BD1378037708BDBC
:10A0B0001378517843EA012100F015FC08BD00BF78
:10A0C000A00A0020D02D030010B5114B53F820300A
:10A0D0005C7C0CB1022010BD0E4C54F820400120D5
:10A0E00058745960DA600222DA86A36943F4802347
:10A0F000A361A36913F4802FFBD00121204600F057
:10A10000A7FC01220449204600F021FC002010BDDC
:10A11000A00A0020D02D0300150003002DE9F04314
:10A1200085B0224C54F82040657C1DB1022005B05A
:10A13000BDE8F0830F4606461D4B53F8205094F8B7
:10A1400029004FF00108CDF80C800292CDF8048070
:10A150004FF00009CDF800900B4605F11C0249466E
:10A16000FBF762FD3246134994F82900FBF774FCB3
:10A1700094F82900FBF78AFD6760C4F80C9084F816
:10A1800011800223E386AB6943F48023AB61AB69A2
:10A1900013F4802FFBD00121284600F059FC2B69D5
:10A1A00043F400132B610020C1E700BFA00A002088
:10A1B000D02D030081A2020038B5154B53F8205072
:10A1C000144B53F82040A36923F48023A361A369AF
:10A1D00013F4802FFBD10021204600F039FCE36905
:10A1E00000220D49204600F0B2FBEB7C43B900236E
:10A1F0006B74EB8E9BB2022B04BF0023EB8638BD41
:10A2000005F12C0003F008FB0023EB74EFE700BF1F
:10A21000A00A0020D02D03001500030038B5164B0E
:10A2200053F82040154B53F82050A36923F48023A2
:10A23000A361A36913F4802FFBD10021204600F015
:10A2400007FC236923F400132361E36995F82900CF
:10A25000FBF728FDEB7C43B9EB8E9BB2022B04BFCE
:10A260000023EB8600236B7438BD05F12C0003F04E
:10A27000D3FA0023EB74EFE7D02D0300A00A0020EF
:10A2800070B50546254B53F82040254B53F8206008
:10A29000012904D0E38E9BB2022B13D070BD0123A1
:10A2A000E386FFF7BBFFA3691BB1E26903212046E8
:10A2B0009847736923F0C02323F4F81343F4702301
:10A2C0007361E7E7A3691BB1E26900212046984763
:10A2D000E3688BB92846FFF7A1FFA3691BB1E269C8
:10A2E000022120469847736923F0C02323F4F81312
:10A2F00043F470237361D1E7616894F82900FBF798
:10A300000AFDE16894F82900FBF710FD0023E360E3
:10A3100094F82900FBF7BAFC70BD00BFA00A00202A
:10A32000D02D030010B582B0134B53F82030134AE0
:10A3300052F820005C681B7D73B1012B0FD00DF12A
:10A34000060100F0F5FABDF806302370BDF80630BE
:10A350001B0A637002B010BDC3692370FAE70DF1E8
:10A36000060100F0DCFABDF806302370BDF80630B7
:10A370001B0A6370EEE700BFA00A0020D02D030087
:10A38000034B53F8203098699961DA61704700BF38
:10A39000A00A0020034B53F82030186A19625A6251
:10A3A000704700BFA00A002010B5074B53F82030BB
:10A3B0000024DC7493F82830012B02D0FFF7AEFEA6
:10A3C00010BDFFF781FE10BDA00A002038B50C4B70
:10A3D00053F8204089B10D46627C62B194F8282080
:10A3E000012A05D094F82900FBF7AAFC286004E0B4
:10A3F000E2680A6001E000220A60E08E80B238BDA7
:10A40000A00A0020314B53F820303BB11A7C0AB12E
:10A41000022070475B7C0BB1022070472DE9F041B0
:10A4200082B00C462A4B53F8205001A9294B185CE6
:10A43000FBF70EFB019E4FEA840CB6FBFCFC1FFAF7
:10A440008CFC4FEA8C07B6FBF7F7BC4206D23F1BE9
:10A4500004EB840105224FF0040805E0E71BF7E751
:10A4600021440132212A12D09646B6FBF1F083B284
:10A4700002FB03F3B6FBF3F39C4234BF1B1BE31A4E
:10A48000BB42EDD81FFA80FC1F469046E8E7B8F1C2
:10A49000070F03D82B6943F400332B612A6922F09C
:10A4A000F85208F1FF331B0603F0F85313432B61F6
:10A4B0002B6923F4FF5323F01F03CCF30C0C4CEA5D
:10A4C00003032B61002002B0BDE8F081A00A002048
:10A4D000D02D0300DC2D0300F0B583B006460C46FA
:10A4E0001546304B53F8207001A92F4B185CFBF731
:10A4F000AFFA631E04F13701002203F8012F8B42EB
:10A50000FBD12A4B43F82640EB7984F82830AB790D
:10A5100023752B7A84F829306B7A84F82A303846F0
:10A5200000F0A8F929683046FFF76CFF2B798BB350
:10A530000122A979384600F0AFF92979384600F0B0
:10A54000C3F93B696A7923F4005343EA42333B6120
:10A550000025A586E586294604F12C0003F088F93C
:10A560000746294604F1300003F082F9012F17D085
:10A5700001280DD00E4B33F916402A460D4B53F8E7
:10A5800026102046FDF7F0FF2046FEF705F8284686
:10A5900003B0F0BD0022A979384600F07DF9CCE780
:10A5A0003846F5E7D02D0300DC2D0300A00A00207B
:10A5B000E02D0300C40FFE1F034B53F820305960F9
:10A5C000DA600020704700BFA00A0020F8B50646F8
:10A5D0009B4B53F820409B4B53F820509A49204600
:10A5E00000F012FA80B340F20163EB8695F8283050
:10A5F000012B25D03046FFF711FEAB691BB1EA698C
:10A60000032128469847636923F0C02323F4F813F5
:10A6100043F4702363618D49204600F0D0F900288F
:10A620007BD18B49204600F0CAF9002840F0A98070
:10A630008849204600F0C3F9002840F0DE80F8BDCC
:10A640003046FFF7B9FDD8E78349204600F0DCF932
:10A65000E0B140F20363EB8695F82830012B11D06E
:10A660003046FFF7DBFDAB691BB1EA6903212846E1
:10A670009847636923F0C02323F4F81343F470234D
:10A680006361C8E73046FFF797FDECE77349204662
:10A6900000F0BAF9E0B140F20463EB8695F8283097
:10A6A000012B11D03046FFF7B9FDAB691BB1EA6948
:10A6B000032128469847636923F0C02323F4F81345
:10A6C00043F470236361A6E73046FFF775FDECE7BE
:10A6D0006349204600F098F9E0B140F20563EB864B
:10A6E00095F82830012B11D03046FFF797FDAB6964
:10A6F0001BB1EA69032128469847636923F0C02308
:10A7000023F4F81343F47023636184E73046FFF7C2
:10A7100053FDECE7534B63617DE75349204600F05E
:10A7200073F900283FF47DAF464B53F8265030466E
:10A73000FFF7F8FD2B7DEBB96B6801336B60EB68BD
:10A74000013BEB60EB682BB9AB691BB1EA690021F7
:10A7500028469847EB68002B7FF463AF3046FFF73D
:10A760002BFDAB69002B3FF45CAFEA690221284660
:10A77000984756E76B6802336B60EB68023BEB600F
:10A78000E0E73A49204600F03FF900283FF450AF97
:10A790002C4B53F82650AB68002B3FF449AF284BA5
:10A7A00053F826703046FFF76DFC2B7DF3B92B680C
:10A7B00001332B60AB68013BAB60AB68002B7FF4CF
:10A7C00037AF2B6A1BB16A6A012128469847AB68EC
:10A7D000002B7FF42DAF00221D49384600F0B7F85A
:10A7E00001221C49384600F0B2F821E72B680233F9
:10A7F0002B60AB68023BAB60DFE71D49204600F0F1
:10A8000003F900283FF41BAF0E4B53F82640A36812
:10A81000002B7FF414AF94F82830012B0BD0304676
:10A82000FFF7FEFB236A002B3FF409AF626A0221A7
:10A830002046984703E73046FFF7C0FBF2E700BF2A
:10A84000D02D0300A00A0020130002001500030011
:10A8500017000300160003001100020010000200A0
:10A860001200020000C01FC0150002001700020005
:10A8700016000200064B0361064B4361002383610F
:10A88000036243624FF470328262C362704700BF5A
:10A890000400000F00C01FC010B40C4602B14C1CD5
:10A8A000022C0CD0836923F0100343EA0413836164
:10A8B000036923F0005303615DF8044B704703699B
:10A8C00043F000530361F7E7826901F0FE0322F0D1
:10A8D000020213438361836923F0010301F0010144
:10A8E0001943816170478369C1F3002223F08043DB
:10A8F00043EA82738361C9B201777047836923F0A9
:10A900008043C1F3002243EA827323F00043C1F382
:10A91000402243EAC2738361C9B2017770478369F9
:10A92000DB0F1B020B80C269D2B213430B8070474E
:10A9300083695B0D03F400730B808269D20F43EAD5
:10A9400002230B80C269D2B213430B80704710B44C
:10A950008BB2090C013906290ED8DFE801F0040D8D
:10A96000100D0D1A2400016901249C4021EA040104
:10A9700002FA03F30B4303615DF8044B70478169EE
:10A9800001249C4021EA040102FA03F30B43836192
:10A99000F2E7416A01249C4021EA040102FA03F330
:10A9A0000B434362E8E7816A01249C4021F4403173
:10A9B00021EA040102FA03F30B438362DCE70B0C88
:10A9C000013B062B1ED8DFE803F0041D0B1D1D11F3
:10A9D0001700036988B223FA00F000F00100704705
:10A9E000806989B2C84000F001007047406A89B2AE
:10A9F000C84000F001007047806A89B2C84000F08A
:10AA000001007047002070470B0C023B052B1DD83E
:10AA1000DFE803F0031C0A1C1016436988B223FA0E
:10AA200000F000F001007047C06989B2C84000F032
:10AA300001007047406A89B2C84000F001007047C9
:10AA4000806A89B2C84000F001007047002070475A
:10AA500038B505460C460A460949FFF778FF2246F5
:10AA600008492846FFF773FF224607492846FFF7A3
:10AA70006EFF224605492846FFF769FF38BD00BF33
:10AA80001B000300180003001A0003001900030054
:10AA900008B50020FFF79AFD08BD08B50120FFF7B3
:10AAA00095FD08BD08B50220FFF790FD08BD000028
:10AAB00070B505460C46164B53F820600021154B27
:10AAC000185CFAF7C5FF304600F07CF821463046A6
:10AAD00000F0A8F8237A73B10F4A536843F4005387
:10AAE0005360E3790BB963785BB10C4B33F9150014
:10AAF000FDF752FD70BD084A536823F400535360BC
:10AB0000EFE7064B33F91500FDF752FD70BD00BFAE
:10AB1000E82D0300F02D030000800440F42D030015
:10AB2000034B53F82020136843F0800313607047F1
:10AB3000E82D0300034B53F82020136843F48033BF
:10AB400013607047E82D0300034B53F8202013686F
:10AB500043F0010313607047E82D0300F8B50F467A
:10AB600014460E4B53F8205001261268237906FA3A
:10AB700002F2284600F0B4F82268637906FA02F27D
:10AB80003946284600F095F82268A37906FA02F2C1
:10AB90003946284600F074F8F8BD00BFE82D0300E0
:10ABA00010B4074C54F820009BB201EB810102EB7A
:10ABB0004102063240F822305DF8044B704700BF76
:10ABC000E82D030030B400250560036843F08003DE
:10ABD00003604FF6FF734360C360294605EB8503AE
:10ABE00000EBC303196159610B4605EB8504640052
:10ABF000E218063240F822100133082BF8D1013553
:10AC0000042DEBD10023C0F89031C0F894310368D3
:10AC100043F001030360036823F08003036030BC4A
:10AC20007047000010B40368144A1A400B789B0464
:10AC300003F440231A434B780BB142F400328B7873
:10AC40001B0303F4E0430C79240204F470642343EF
:10AC5000CC78A40004F00C04234313434A790AB1CE
:10AC600043F002038A790AB143F40043CA790AB176
:10AC700043F0200303605DF8044B7047D100F1FFFF
:10AC800010B401EB810400EBC404246963B912041D
:10AC900002F47F0224EA020401EB810100EBC1010E
:10ACA0000C615DF8044B7047120402F47F031C43EF
:10ACB000F2E710B401EB810400EBC40424695BB932
:10ACC000120292B224EA020401EB810100EBC101FD
:10ACD0000C615DF8044B7047120293B21C43F3E71A
:10ACE00010B401EB810400EBC404246953B9D2B25F
:10ACF00024EA020401EB810100EBC1010C615DF863
:10AD0000044B7047D2B21443F4E760B170B5064605
:10AD10000C460025204600F061F801351834AE429B
:10AD2000F8D1002070BD0020704710B443690124A1
:10AD30008C4023EA04038A401A4342615DF8044BC5
:10AD4000704710B4036801248C4023EA04038A404E
:10AD50001A4302605DF8044B7047416070478160A0
:10AD60007047C1607047006970470000194B9842F6
:10AD700004D0194B984220D0FF207047102927D8C3
:10AD8000DFE801F0090C262626262626262626267A
:10AD9000260F1215180042F00100704742F0020021
:10ADA000704742F00400704742F00800704702F01C
:10ADB0000E00704702F00D00704719B1012904D050
:10ADC000FF20704702F00B00704702F00700704749
:10ADD000FF20704700A0044000B0044038B504468E
:10ADE0000068616850F82120237A012B3FD0002BA6
:10ADF0003AD0022B40D0657A2D0105F0100322F0E5
:10AE000050051D43A37A9B0103F040032B4323F419
:10AE1000E065E37A082B32D01B0203F4E0632B4396
:10AE2000227BD20392B223F478231343627B120471
:10AE300002F470221343A27B0AB143F080732268AC
:10AE4000616842F821302168D1F8C0206068012390
:10AE5000834022EA0302E37B83401343C1F8C030FE
:10AE6000E37A012B21D038BD22F00202C3E722F0A1
:10AE7000010242F00202BEE742F00302BBE71B4BB5
:10AE80005A6802F00F02FFF771FFFF280BD0174B33
:10AE90005A6822F00F025A605A6800F00F001043FF
:10AEA00058600023B8E70023B6E721694B69227D8B
:10AEB00022B1012A0AD0012A05D10BE061680122E2
:10AEC0008A4023EA020322695361CCE760680122C9
:10AED00082401343656808680122AA4020EA020004
:10AEE000627DAA4002430A60EDE700BF0080044093
:10AEF00038B50D4614461146064800F020F808B152
:10AF0000012038BD22462946024800F005F80020FD
:10AF100038BD00BF0030064030B4950850F82530E9
:10AF200002F00302D2007F24944023EA0403D2B249
:10AF300001FA02F21A4340F8252030BC7047890814
:10AF400050F82100C00F704708B5002000F07EF9CE
:10AF500008BD08B5012000F079F908BD10B4C0EBB8
:10AF6000C002164B53F8224004EB4114A37AD3B12C
:10AF70001346124A02EB83030633C0EBC0000F4AAC
:10AF800002EB8000416101225A7100225A80227A2C
:10AF9000617A12FB01F21A80A2695AB101221A7178
:10AFA0005DF8044B7047C0EBC003044A02EB830317
:10AFB0000C33E2E700221A71F2E700BFAC0A00206E
:10AFC0002DE9F04387B00646C0EBC0004F01634B4C
:10AFD00053F8208008EB0705002A14BF00210F2139
:10AFE00000238DF808308DF809305C4A02EB8002AE
:10AFF000127E8DF80A208DF80B308DF80E308DF80A
:10B000000F308DF80D308DF80C1002A93046FFF787
:10B010004FFD2B7B002B50D0012B6FD001238DF8DF
:10B0200004308DF8053000238DF806302B7AA3B15B
:10B030000024A14600946A4649463046FFF78EFD3B
:10B040002B6933F81430009A49463046FFF7A8FDC3
:10B050000134E4B22B7AA342ECD83046FFF760FD0E
:10B060003046FFF771FD00238DF814302B7A012B49
:10B0700071D0002214462B6833F81230ADF8163028
:10B0800005AA21463046F9F7A9F80134E4B2224670
:10B090002B7A013B9C42EED301238DF8143058F8F3
:10B0A000073033F81230ADF8163005AA2146304685
:10B0B000F9F794F807B0BDE8F08301248DF8044057
:10B0C00000218DF805108DF8061006AA42F8181D0B
:10B0D0003046FFF743FD8DF806402B7AA342BCD9DA
:10B0E0004FF0000900946A4649463046FFF736FDA6
:10B0F0000134E4B22B7AA342F4D8AEE74FF0010951
:10B100008DF804908DF8059000248DF8064006AA6D
:10B1100042F8184D21463046FFF720FD2B691B8869
:10B12000009A21463046FFF73BFD8DF805408DF82B
:10B1300006902B7A4B4590D94C464FF0000900946D
:10B140006A4649463046FFF709FD0134E4B22B7ADE
:10B15000A342F4D881E7002214469DE7AC0A002000
:10B16000F0B585B00F46456808682249C5EBC502B1
:10B1700092008B188850BA889A800024DC72DC8098
:10B180001C819C725C749C81DC811C745C61BA685B
:10B1900052791A76BE682846F9F770F801A8F8F7D0
:10B1A0004BFF01238DF80830BB798DF805303378DB
:10B1B0008DF8043073788DF80630B3788DF8073049
:10B1C000F3788DF80C3033798DF80E308DF8094016
:10B1D00001A92846F8F73EFF2846F9F7AFF8064BD5
:10B1E0005A5D21462046FFF783FE001B18BF012051
:10B1F00005B0F0BDAC0A0020F82D030038B5446856
:10B20000C4EBC402104B03EB8203DB7A0BB10220C8
:10B2100038BD13460C4A02EB83035B7C0BB1022062
:10B2200038BD0D462046FFF799FE2046F9F732F962
:10B23000FDF7B2F9002229462046FFF7C1FE20465D
:10B24000FFF778FC002038BDAC0A00202DE9F0475C
:10B2500082B00746304AC0EBC0039B00D118D1F83A
:10B2600014A04FEA4A19D6584E44B37A002B42D163
:10B2700001F10C08B8F80230756805EB4305337A24
:10B280005BB100242A4621463846F9F74BF80235CF
:10B290000134E4B2337AA342F4D8B8F8022013445C
:10B2A000B8F8001093FBF1F201FB1233A8F802305A
:10B2B000B37A23B9337D33BB002388F8053098F87F
:10B2C0000430ABB1C7EBC707134B53F82730CDF8A9
:10B2D00000A0B8F80220D2B9B8F80020013AADF8C1
:10B2E00004209944D9F81830D9F81C1068469847BA
:10B2F00002B0BDE8F087C0EBC008074B03EB88083D
:10B3000008F10608B6E73846FFF714FCD7E7013A1C
:10B31000ADF80420E5E700BFAC0A00200A4B1B682B
:10B3200098420FD0084B5B68984209D0064B9B6847
:10B33000834214BF03200220022828BF0220704746
:10B340000120F9E70020F7E7A80F00202DE9F041E0
:10B3500080460C4615461F46FFF7E0FF144B53F896
:10B360002060144B13F810303BB135B1114B03EB97
:10B3700040004378A5EB4305073D012C10D044B1B4
:10B38000042C12D13B46EAB201214046B047BDE849
:10B39000F0813B46EAB200214046B047BDE8F0816B
:10B3A0003B46EAB200214046B047BDE8F08100BF0D
:10B3B00038110020E40A0020F0B58FB003781BB1EB
:10B3C000012528460FB0F0BD414B1B78002B6BD0F8
:10B3D0003F4B5B78002B63D03D4B9B780324002BC5
:10B3E0005AD0022C28BF022400223A4B03F8142022
:10B3F0000B6800930A798DF806208A798DF8082069
:10B40000CA798DF80720CA6804920A6905924A69C8
:10B4100006928A6803928A6907920A6A09924A6ABE
:10B420000A928A6A0B92CA690892CA6A0C924A798D
:10B430008DF809200A6B002A40D001258DF80550AF
:10B4400012788DF8042000268DF835608DF8346070
:10B4500003EB4203073300931E4B03F8145003EB36
:10B4600044035A700F4606466A464FF4CA711A4B97
:10B4700001FB04310079FBF769FA05460028A0D1E9
:10B48000144B13F81430002B9BD03B6B5A6859783F
:10B490003079FBF779FC94E70224104A234606E052
:10B4A00001240F4A234602E0094A00231C4646684D
:10B4B0000C4D45F823600123137092E700238DF8AB
:10B4C00005308DF804308DF835308DF83430C9E70B
:10B4D000B40F0020E40A0020EC0A0020B60F002080
:10B4E000B50F0020A80F0020037883BB70B584B08F
:10B4F0000D46144646683046FFF710FFE3788DF896
:10B5000004300823029323788DF80C30A3788DF84B
:10B510000D3063788DF80E3000238DF80F3005EB79
:10B5200040120C4B43F822400B4B13F8103033B150
:10B53000094B03EB4000437805EB43050735002337
:10B5400001AAE9B2F0B2FBF765FB04B070BD0120BF
:10B55000704700BFB80F0020E40A0020F0B585B0A6
:10B560001F460378002B31D10D46144646683046FD
:10B57000FFF7D4FEE3788DF804302378002B14BF56
:10B580004022082202928DF80C30A3788DF80D30FD
:10B5900063788DF80E3023798DF80F3005EB40126B
:10B5A0000B4B43F822400B4B13F8103033B1094BCF
:10B5B00003EB4000437805EB430507353B4601AA02
:10B5C000E9B2F0B2FBF7ACFB05B0F0BD0120FBE740
:10B5D000B80F0020E40A0020F0B587B01F460378BA
:10B5E000002B32D10D46144646683046FFF796FED2
:10B5F00005EB4012164B53F82230DA788DF80C2008
:10B6000094F8482004921A788DF814209A788DF8CE
:10B6100015205A788DF816201B798DF817300D4BB0
:10B6200013F8103033B10B4B03EB4000437805EBBC
:10B6300043050735636801970834009403AAE9B20B
:10B64000F0B2FBF707FB07B0F0BD0120FBE700BF3E
:10B65000B80F0020E40A00200378EBB970B50C465F
:10B66000164645682846FFF759FE0C4B13F8103074
:10B670003BB164B1094B03EB4000437804EB430456
:10B6800007343246E1B2E8B2FBF792FB70BD3146B7
:10B69000E8B2FBF792FB70BD01207047E40A00207E
:10B6A000F8B504780CB10120F8BD1F4616460D46CA
:10B6B000044601210079FBF7A5F83B46F2B2294682
:10B6C0002079FBF7B7F8F8BD0378BBB970B515461C
:10B6D0000C4669B146683046FFF720FE084B43F838
:10B6E00020402A460749F0B2FBF79AFC002070BDC3
:10B6F00000210079FBF794FC002070BD0120704709
:10B70000381100204DB302000378002B46D130B52C
:10B7100087B00B88ADF804308B788DF806308B7AC3
:10B72000F3B1012B20D0CB6804930B690593CB7A3E
:10B73000F3B1012B20D04B6802930B7A8DF80D30BA
:10B74000174B1B7833B3164B5B78CBB10223154AEA
:10B7500002EB831201A94068FDF780FA07B030BD03
:10B7600000238DF80C30DEE701238DF80C30DAE78A
:10B7700000238DF80730DEE701238DF80730DAE784
:10B780000949012213464568084C44F82250012219
:10B790000A70DCE7024900221346F4E701207047F3
:10B7A000CC11002044110020CD110020C411002034
:10B7B00010B504780CB1012010BD4068FDF742FBC4
:10B7C00010BD10B582B0047814B1012002B010BDD4
:10B7D0004068049C0094FDF76FFBF7E710B5047810
:10B7E0000CB1012010BD4068FDF78CFB10BD10B5F9
:10B7F00082B0047814B1012002B010BD4068049CEE
:10B800000094FDF7E5FBF7E72DE9F04FB7B00191A4
:10B810000378002B40F0278103AB002203920492AF
:10B820000592069212AA109222AA0F9211930B6807
:10B830005C6922788DF82A2062788DF82920A27818
:10B840008DF834205A78012A0CBF042203228DF887
:10B8500032209DF832208DF8282001258DF81C50CB
:10B8600000228DF81E208DF81F208DF81D208DF8E8
:10B8700026208DF824208DF825508DF822508DF843
:10B8800023208DF820508DF821208DF827208DF869
:10B890002C208DF82B208DF831208DF83020A278C7
:10B8A0008DF834209A7B8DF83320019A1779002F78
:10B8B00000F0A3809C46002422462E46DFF8C0E11B
:10B8C00021E04FEA880505EB080936A901EB490993
:10B8D00009F84F2C09F84B2C9DF830504FEA850899
:10B8E00008EB050936A901EB490909F84C2C09F8C0
:10B8F000482C09F84A2C01358DF8305001341833A2
:10B90000E5B2AF4279D9A3EB0C09DD7BFDB99DF817
:10B91000308008EB880936A901EB49099D68ED03E1
:10B920005968B5FBF1F529F84E5C1D7809F8505CB3
:10B930001D7B002DC5D14FEA880505EB080936A906
:10B9400001EB490909F84F6C09F84B2CC4E79D68D5
:10B95000ED035968B5FBF1F59DF8318036A901EB8F
:10B96000081A2AF88E2C2AF88C5C0AF8892C0AF816
:10B97000876C1D780AF8905C1D7B65BB0AF8886CA3
:10B980000AF8832C0AF8822C0199D1F8008008EB80
:10B99000090B9BF8105045BB9DF8315036A901EBBF
:10B9A000051505F8862C9DF8315036A901EB051ACE
:10B9B0000AF8852C9BF80DB00AF88ABC0AF8842C8A
:10B9C00001358DF83150456818F809800EEBC50532
:10B9D00005F8086092E736A901EB081808F8882CEA
:10B9E00008F8832C08F8822CCEE79DF8315036A950
:10B9F00001EB051505F8866CD5E71C4B1B7843B3A6
:10BA00001A4B5B780BB3194B9B780322CBB1019D8A
:10BA1000044602EB4202164B03EB421207A94068B0
:10BA2000FCF714F96068FCF7D1F82B685B68B0FB91
:10BA3000F3F00E900CA96068FCF77AFA37B0BDE815
:10BA4000F08F02220B4E154606E001220A4E1546E3
:10BA500002E0064E00252A464468084B43F825407C
:10BA600001233370D3E70120E8E700BFFC12002078
:10BA7000D0110020FE120020FD120020F012002044
:10BA8000001300200378CBB910B582B0134640688C
:10BA90000B4A02EBC002525C42B90122019200241F
:10BAA00000949BB2FCF7C2F902B010BD01220192D2
:10BAB0009BB200930023FCF7B9F9F5E7012070472A
:10BAC0000013002070B40B4900220B4E04E0013338
:10BAD000DBB20132032A09D0D3B211F8014B002C9A
:10BAE000F5D056F822504468A542F0D1184670BCF3
:10BAF000704700BF00140020F4130020013880B20A
:10BB000040EA500040EA900040EA101040EA10205D
:10BB10000130C0F3CC00704730B58BB052238DF8A4
:10BB2000243053238DF8253054238DF826300378A4
:10BB300013B101200BB030BD0C4605460B680193D4
:10BB40004B7A8DF80830CB79B3FA83F35B098DF823
:10BB500009300B79ADF80C3043680AAA134404A9E4
:10BB600013F8040CF9F774FF237A8DF81430A379D5
:10BB70008DF815306379003318BF01238DF8163026
:10BB8000A37A8DF81730E37A8DF81830237B8DF87F
:10BB90001930236907936369089300238DF80A30ED
:10BBA000124B1B78C3B1114B5B788BB10F4B9B7859
:10BBB00003214BB1C1EB011101AA0D4B03EB810134
:10BBC0006868FDF721FFB5E702210A4C084606E048
:10BBD0000121094C084602E0044C002001466A6835
:10BBE000064B43F8202001232370E3E700140020D4
:10BBF000401300200214002001140020F413002040
:10BC0000F8B50478BCB91D4616460F460446FFF742
:10BC100059FF032811D0C0EB0010094B33F8200066
:10BC2000FFF76CFF10FB05F39BB2324639466068A4
:10BC3000FDF78AFFF8BD0120F8BD0120F8BD00BF67
:10BC400040130020F0B583B00478D4B91D461646E1
:10BC50000F460446FFF736FF032815D0C0EB00104F
:10BC60000A4B33F82000FFF749FF10FB05F360682B
:10BC7000BDF8202000929BB232463946FDF704FF02
:10BC800000E0012003B0F0BD0120FBE740130020DD
:10BC900008B503780BB1012008BD00224068FDF70C
:10BCA000A1FF08BD70B584B003781BB101263046F2
:10BCB00004B070BD0B79022B3DD0032B3FD0012B7C
:10BCC00035D00B6801934B798DF808308B798DF85E
:10BCD0000930CB798DF80B300B7A8DF80C304B7A1C
:10BCE0008DF80D30204B1B78002B34D01E4B5B7829
:10BCF0006BB31D4B9B7833B303230C460546C3EB54
:10BD0000C30301AA194901EBC3014068FEF7E4FB34
:10BD10000646E16819B122696868FEF731FB61697E
:10BD20000029C4D0A2696868FEF734FBBFE700238E
:10BD30008DF80A30C5E701238DF80A30C1E70223E8
:10BD40008DF80A30BDE70223094E1D4606E00123A7
:10BD5000084E1D4602E0044E00252B464468064A64
:10BD6000545501223270C8E7B0140020041400209A
:10BD7000B2140020B1140020AC14002008B50378E0
:10BD80000BB1012008BD4068FEF70EFB08BD08B5E9
:10BD900003780BB1012008BD4068FEF717FB08BD12
:10BDA00008B503780BB1012008BD4068FEF704FC1C
:10BDB00008BD10B51C2001F069FC044620B1002329
:10BDC00040F8043B00F002F8204610BD00F10803E3
:10BDD00043604FF0FF328260C36003610023036061
:10BDE000704700230361704743684B609A688A601C
:10BDF0009A68516099600861036801330360704775
:10BE000030B40D68B5F1FF3F02D000F1080202E046
:10BE1000026904E01A4653681C68A542FAD25368C6
:10BE20004B6099608A605160086103680133036068
:10BE300030BC7047036942688168916082684168DC
:10BE400051605A68904204BF82685A6000220261C1
:10BE50001A68013A1A601868704710B5044601F074
:10BE600011FBA46B01F01EFBB4FA84F0400910BD75
:10BE700070B504461646856B026C5AB903680020FB
:10BE800013B10135A56370BD606801F069F8002346
:10BE90006360F6E76EB9806806F0F4FCA368226C74
:10BEA0001344A3606268934219D32368A3600020FF
:10BEB000E7E7C06806F0E6FC226C5242E3681344F0
:10BEC000E36021688B4202D263681A44E260022E6A
:10BED00001D00020D5E725B1013D0020D1E70020A9
:10BEE000CFE70020CDE7026C72B110B5C3681344F0
:10BEF000C3604468A34224BF0368C3600C46C168A2
:10BF0000204606F0BFFC10BD704770B5054601F035
:10BF1000B9FA95F8454064B2002C03DD6B6A05F16F
:10BF20002406E3B9FF2385F8453001F0BBFA01F0A0
:10BF3000A9FA95F8444064B2002C03DD2B6905F1A1
:10BF40001006DBB9FF2385F8443001F0ABFA70BD71
:10BF5000013C64B2002CE5D06B6A002BE2D0304685
:10BF600000F00CFF0028F3D000F088FFF0E7013C60
:10BF700064B2002CE6D02B69002BE3D0304600F0F1
:10BF8000FDFE0028F3D000F079FFF0E738B5044655
:10BF90000D4601F077FA2268216CE36B03FB01F395
:10BFA000D01860600020A063A2605B1A1344E360B5
:10BFB000FF2384F8443084F84530A5B923691BB9C0
:10BFC00001F070FA012038BD04F1100000F0D6FE37
:10BFD0000028F5D04FF08052074B1A60BFF34F8F07
:10BFE000BFF36F8FECE704F11000FFF7EFFE04F1F1
:10BFF0002400FFF7EBFEE3E704ED00E0F8B50646AA
:10C000000D46174600FB01F0503001F03FFB04469F
:10C0100058B165B100F150030360E6632564012166
:10C020002046FFF7B3FF84F84C702046F8BD20602F
:10C03000F3E710B50C4602220021FFF7DFFF0346AD
:10C0400000B18463184610BD2DE9F04784B0044662
:10C05000884601921D464FF000094E46424F33E09C
:10C060002A4641462046FFF703FF636A73B938B199
:10C070004FF080523C4B1A60BFF34F8FBFF36F8F6E
:10C0800001F010FA012004B0BDE8F08704F12400AB
:10C0900000F074FE0028F3D04FF08052324B1A604B
:10C0A000BFF34F8FBFF36F8FEAE701F0FBF900207A
:10C0B000E9E702A800F09CFE14E02046FFF725FF08
:10C0C00000F030FD4FF0010901F0DCF9A26BE36BE9
:10C0D0009A42C5D3022DC3D0019B002BE5D0B9F104
:10C0E000000FE6D001F0DEF900F082FC01F0CAF9A1
:10C0F00094F844305BB2B3F1FF3F08BF84F844606A
:10C1000094F845305BB2B3F1FF3F08BF84F8456057
:10C1100001F0C8F901A902A800F076FEE8B901F023
:10C12000B1F9D4F838A0D4F83C9001F0BBF9CA4575
:10C13000C3D1019904F1100000F0FEFD2046FFF785
:10C14000E4FE00F0EFFC0028BCD14FF080533B60D0
:10C15000BFF34F8FBFF36F8FB4E72046FFF7D5FED5
:10C1600000F0E0FC00208EE704ED00E02DE9F8434C
:10C170000446894690461E4601F052FAEFF31187B5
:10C180004FF0100383F31188BFF36F8FBFF34F8F0E
:10C19000A26BE36B9A4206D3022E04D0002087F3F1
:10C1A0001188BDE8F88394F845506DB2324649468F
:10C1B0002046FFF75DFEB5F1FF3F05D001356DB2BA
:10C1C00084F845500120EAE7636A0BB90120E6E7ED
:10C1D00004F1240000F0D2FD30B1B8F1000F05D019
:10C1E0000120C8F80000DAE70120D8E70120D6E7EF
:10C1F00070B504460E4601F013FAEFF311854FF0C7
:10C20000100383F31188BFF36F8FBFF34F8FA26BBF
:10C21000E36B9A421CD294F845305BB20132A263C0
:10C22000B3F1FF3F07D001335BB284F84530012002
:10C2300085F3118870BD636A0BB90120F8E704F13A
:10C24000240000F09BFD28B136B101203060EFE7FB
:10C250000020EDE70120EBE70120E9E72DE9F043BD
:10C2600085B004468846019200263546DFF8F890EE
:10C2700035E041462046FFF736FE7B1EA363236967
:10C280002BB901F00FF9012005B0BDE8F08304F1EE
:10C29000100000F073FD0028F3D04FF08052324BB5
:10C2A0001A60BFF34F8FBFF36F8FEAE701F0FAF820
:10C2B0000020E9E702A800F09BFD1AE02046FFF706
:10C2C00024FE00F02FFC09E02046FFF71EFE00F0E0
:10C2D00029FC2046FFF7C1FD002842D1012601F0CC
:10C2E000D1F8A76B002FC4D1019B002BDED0002E0C
:10C2F000E0D001F0D7F800F07BFB01F0C3F894F830
:10C3000044305BB2B3F1FF3F08BF84F8445094F867
:10C3100045305BB2B3F1FF3F08BF84F8455001F0F0
:10C32000C1F801A902A800F06FFD0028CCD1204679
:10C33000FFF793FD0028C1D0019904F1240000F01B
:10C34000FBFC2046FFF7E1FD00F0ECFB0028C5D127
:10C350004FF08053C9F80030BFF34F8FBFF36F8F9A
:10C36000BCE7002090E700BF04ED00E02DE9F041BC
:10C3700084B0044601914FF0000846464546504FB0
:10C3800043E0013BA36323684BB123695BB901F030
:10C3900089F84FF00108404604B0BDE8F08100F094
:10C3A00067FE6060F1E704F1100000F0E7FC002890
:10C3B000EDD04FF08052424B1A60BFF34F8FBFF366
:10C3C0006F8FE4E701F06EF84FF00008E3E702A892
:10C3D00000F00EFD23E001F055F8606800F064FD08
:10C3E000804601F05FF840E02046FFF78EFD00F048
:10C3F00099FB09E02046FFF788FD00F093FB2046FB
:10C40000FFF72BFD002844D1012601F03BF8A36B78
:10C41000002BB6D1019B002BD4D0002ED7D001F039
:10C4200041F800F0E5FA01F02DF894F844305BB2E1
:10C43000B3F1FF3F08BF84F8445094F845305BB235
:10C44000B3F1FF3F08BF84F8455001F02BF801A974
:10C4500002A800F0D9FC0028CCD12046FFF7FDFC53
:10C460000028C1D02368002BB5D0019904F1240025
:10C4700000F062FC2046FFF748FD00F053FB002867
:10C48000C2D14FF080533B60BFF34F8FBFF36F8F2C
:10C49000BAE7B8F1000F3FF47EAF00F0F3FF636A34
:10C4A0005BB1236B1968C1F10801606800F098FD69
:10C4B00000F0F8FF4FF000086DE70021F5E700BF3E
:10C4C00004ED00E038B5054600F0DCFFAB6BEC6B2B
:10C4D000E41A00F0E7FF204638BD806B704700008B
:10C4E00010B40B4B1B6843B10123094C54F83320A3
:10C4F00022B10133642BF9D106E00023044A42F84B
:10C50000331002EBC30358605DF8044B704700BF63
:10C51000B41400200B4B5B68984209D0094A0123F0
:10C52000D168814205D001330832642BF8D17047BD
:10C530000023044A002142F8331002EBC303596080
:10C54000704700BFB414002010B50446FFF7E2FFA7
:10C55000204601F021F910BD70B504460D4616467F
:10C5600000F090FF94F844305BB2B3F1FF3F04BF9A
:10C57000002384F8443094F845305BB2B3F1FF3FB8
:10C5800004BF002384F8453000F08CFFA36B1BB17F
:10C590002046FFF7BAFC70BD3246294604F124005C
:10C5A00000F0D8FBF4E70000084B1B681B683BB1A8
:10C5B000064B1B68DB68DB685A68054B1A607047DE
:10C5C0004FF0FF32024B1A60704700BFD8170020AF
:10C5D000C818002080B5164D164F174EDFF8608042
:10C5E0002B68BBB100F04EFFFB68DC68201DFFF735
:10C5F00021FC3368013B33602B68013B2B6000F06A
:10C6000051FF206B01F0C8F8204601F0C5F82B68F7
:10C61000002BE7D1094B1B68012BE1D94FF0805368
:10C62000C8F80030BFF34F8FBFF36F8FD8E700BF5C
:10C6300088180020FC18002084180020E017002033
:10C6400004ED00E070B504460E461F4B1D681F4BFD
:10C650001A68002182F8651018680430FFF7EAFBB9
:10C6600048B91A4B1A681A490B68D06A01228240ED
:10C6700023EA02030B60B4F1FF3F13D02C44134BA9
:10C680001B685C60A54216D8124B18680F4B1968DE
:10C690000431FFF7B5FB104B1B689C423CBF0E4BAF
:10C6A0001C6070BD002EE9D0084B196804310B489E
:10C6B000FFF79AFB70BD0A4B1868044B19680431E8
:10C6C000FFF79EFB70BD00BF10190020D41700209B
:10C6D00098180020D8170020C8180020E81800205B
:10C6E000DC1700202DE9F04F83B001908946984671
:10C6F0000D9E9500284600F0C9FF002800F09280AA
:10C700000746682000F0C2FF0446002800F087803A
:10C7100007632A46A521384606F0BFF8043D236B7F
:10C720001D4425F0070599F8003084F8343099F855
:10C73000003063B14B4604F1340209F10F0158781F
:10C7400002F8010F13F8010F08B18B42F7D100274F
:10C7500084F843700C9B072B28BF07239A46E3629B
:10C76000E364276504F1040B5846FFF73AFB04F134
:10C770001800FFF736FB2461CAF10803A361646265
:10C78000E7656765A765276684F8647084F8657057
:10C7900042460199284600F04DFE206006B1346003
:10C7A00000F070FE364A136801331360354B1B6886
:10C7B000002B3AD0344B1B683BB9324B1B68DA6A0A
:10C7C000E36A9A429CBF2F4B1C60304A13680133C6
:10C7D00013606364E06A2E4A1168012383400B43AF
:10C7E000136000EB800059462A4B03EB8000FFF7F3
:10C7F000FBFA00F057FE244B1B68002B39D0214B6D
:10C800001B68DA6AE36A9A4237D24FF08052224BB1
:10C810001A60BFF34F8FBFF36F8F01202AE03846B5
:10C8200000F0BAFF4FF0FF3024E0164B1C60136895
:10C83000012BCAD1174D05F1A0062846FFF7C6FA0D
:10C840001435AE42F9D1154E3046FFF7BFFA144DFC
:10C850002846FFF7BBFA1348FFF7B8FA1248FFF76C
:10C86000B5FA1248FFF7B2FA114B1E60114B1D606A
:10C87000ABE7012003B0BDE8F08F0120FAE700BF6D
:10C8800084180020D4170020E418002094180020F9
:10C8900098180020E017002004ED00E09C1800200C
:10C8A000B0180020D0180020FC180020E818002044
:10C8B000D8170020DC17002038B5044600F0E2FD50
:10C8C000002C37D0251D2846FFF7B4FA70B9E26A6C
:10C8D00002EB82039B002249CB583BB921480368F5
:10C8E000012101FA02F223EA02020260A36A1BB1EB
:10C8F00004F11800FFF79EFA1B4A13680133136016
:10C900001A4B1B689C4218D0194A1368013B1360EC
:10C91000206B00F041FF204600F03EFFFFF744FE91
:10C9200000F0C0FD134B1B681BB1104B1B689C42F1
:10C930000CD038BD0D4B1C68C4E729460E48FFF7E4
:10C9400053FA0E4A136801331360E9E74FF080523F
:10C950000B4B1A60BFF34F8FBFF36F8FE9E700BF38
:10C96000E01700209818002094180020D417002009
:10C9700084180020E4180020FC18002088180020EB
:10C9800004ED00E000B583B0134B01930023009346
:10C990004FF4007211491248FFF7A4FE012802D09B
:10C9A00003B05DF804FB00F0C3FB0128F8D14FF0A1
:10C9B000100383F31188BFF36F8FBFF34F8F4FF0D6
:10C9C000FF32084B1A600122074B1A600022074B06
:10C9D0001A6000F0CFFDE3E7C4180020FC2D03002F
:10C9E000D5C50200C8180020E41800201019002046
:10C9F000024A136801331360704700BF901800208B
:10CA0000014B1868704700BF101900202DE9F0474E
:10CA1000394B1B68002B68D1384B1A6802F10108AA
:10CA2000C3F80080B8F1000F17D0354B1B6898454C
:10CA300020D20025334B1B68DB6A03EB83039B008A
:10CA4000314AD358022B28BF0125304B1B68002BDD
:10CA50000CBF28460120BDE8F0872D4A11682D4BF8
:10CA60001868106019602C4A136801331360FFF7CF
:10CA70009BFDDAE70025264FDFF8A490DFF888A0B9
:10CA800021E04FF0FF321E4B1A60D3E71C4A1360BF
:10CA9000D0E704F11800FFF7CDF9E06AD9F80020DB
:10CAA000012383401343C9F8003000EB8000314676
:10CAB0000AEB8000FFF798F9124B1B68E26ADB6A09
:10CAC0009A4228BF01253B681B68002BD9D03B68E0
:10CAD000DB68DC6863689845D8D3261D3046FFF7CD
:10CAE000A9F9A36A002BD4D1D7E70C4A1368013304
:10CAF00013600025A9E700BF90180020101900203E
:10CB0000C8180020D4170020E017002014190020B6
:10CB1000D8170020DC170020CC1800208C1800202B
:10CB2000981800202DE9F04100F0ACFC2E4B1A685B
:10CB3000013A1A601B68002B4DD12C4B1B683BB38C
:10CB400000242B4E2B4FDFF8C080336813B3F368FB
:10CB5000DC6804F11800FFF76DF9251D2846FFF782
:10CB600069F9E06A3A680123834013433B6000EBB4
:10CB70008000294608EB8000FFF736F91E4B1B6842
:10CB8000E26ADB6A9A42E0D301221C4B1A60DCE7BE
:10CB9000002421E00CB1FFF707FD194B1C686CB1B4
:10CBA000164E012501E0013C05D0FFF72FFF0028BC
:10CBB000F9D03560F7E70022114B1A600F4B1B6864
:10CBC0007BB14FF080520F4B1A60BFF34F8FBFF312
:10CBD0006F8F012400E0002400F064FC2046BDE8D3
:10CBE000F0810024F8E700BF90180020841800208E
:10CBF000D018002098180020D41700201419002005
:10CC00008C18002004ED00E0E017002038B5054640
:10CC10000C46FFF7EDFE124B18682A681444904248
:10CC200005D2A24207D92C60A04205D211E0A2424F
:10CC30000ED8A0420CD32C60FFF774FF70B94FF0F0
:10CC40008052084B1A60BFF34F8FBFF36F8F38BD10
:10CC50002C600021201AFFF7F5FCEDE738BD00BF7E
:10CC60001019002004ED00E010B540B94FF08052DB
:10CC7000094B1A60BFF34F8FBFF36F8F10BD04468F
:10CC8000FFF7B6FE00212046FFF7DCFCFFF74AFF66
:10CC90000028F3D1EAE700BF04ED00E01F4B1B685A
:10CCA0001BB101221E4B1A60704710B400221C4BAE
:10CCB0001A601C4B1B681C4A1168994205D21B4A1A
:10CCC0001068C26D521A1A44C265174A1360184B95
:10CCD0001B68B3FA83F3DBB2C3F11F03154A990053
:10CCE000C81802EB80004468646844601944024636
:10CCF000083294420BD003EB83030E4A02EB83030A
:10CD00005B68DA68094B1A605DF8044B704760682D
:10CD10000A46084901EB82025060ECE790180020B7
:10CD2000141900201019002080180020D4170020AA
:10CD300098180020E017002010B50C46044B196825
:10CD40001831FFF75DF801212046FFF77BFC10BD8D
:10CD5000D417002038B50D461446074B1968183112
:10CD6000FFF742F8002C21460CBF28464FF0FF3059
:10CD7000FFF768FC38BD00BFD417002038B5C36882
:10CD8000DC6804F118052846FFF754F8124B1B68BD
:10CD9000EBB9251D2846FFF74DF8E06A0F4A1168E8
:10CDA000012383400B43136000EB800029460C4BAA
:10CDB00003EB8000FFF718F80A4B1B68E26ADB6A96
:10CDC0009A4283BF0120084B1860002038BD2946D5
:10CDD0000648FFF709F8EFE79018002098180020A0
:10CDE000E0170020D417002014190020D0180020CC
:10CDF000034B1B680360034B1B684360704700BF15
:10CE0000CC1800201019002070B504460D4600F023
:10CE100039FB174B1B68174A126892F8652092B9C4
:10CE20002A68B2F1FF3F1FD0616813480068266886
:10CE3000864201D08B4219D25B1A93420DD3002354
:10CE40002B60012405E00B4B1B68002283F8652052
:10CE5000012400F027FB204670BDD31A2B6020462A
:10CE6000FFF7C6FF0024F4E70024F2E70124F0E70F
:10CE700010190020D4170020CC1800200122014BEB
:10CE80001A60704714190020054B1B6833B1054B1D
:10CE90001B68002B0CBF0220002070470120704748
:10CEA000E418002090180020002850D038B504461F
:10CEB000C26A28490968C96A8A423FD28169002941
:10CEC00005DB24490968C96AC1F10801816102EBE7
:10CED0008202214901EB82026169914205D01D4A1B
:10CEE0001268D26AE262012038BD251D2846FEF78D
:10CEF000A1FF70B9E26A02EB82039B001649CB588E
:10CF00003BB916480368012101FA02F223EA020242
:10CF10000260104B1B68D86AE062104A1168012455
:10CF200004FA00F30B43136000EB800029460A4B20
:10CF300003EB8000FEF758FF204638BD054A126813
:10CF4000C06CD36A98422CBF0020012038BD00205D
:10CF5000704700BFD4170020E01700209818002069
:10CF6000002835D038B50446026D013A0265C06A22
:10CF7000E16C88422ED00AB1002038BD251D28461C
:10CF8000FEF758FF70B9E26A02EB82039B00124978
:10CF9000CB583BB911480368012101FA02F223EA98
:10CFA00002020260E06CE062C0F10803A3610B4A78
:10CFB0001168012404FA00F30B43136000EB8000B6
:10CFC0002946054B03EB8000FEF70EFF204638BDD7
:10CFD00000207047002038BDE0170020981800207E
:10CFE00000283FD038B50446C26C914238BF114684
:10CFF000C26A8A4202D0006D012800D038BDE162C9
:10D00000A0690028A4BFC1F10801A16102EB82025E
:10D01000154901EB820261699142EFD1251D284635
:10D02000FEF708FF70B9E26A02EB82039B000E492B
:10D03000CB583BB90D480368012101FA02F223EAFB
:10D0400002020260E06A094A1168012383400B432F
:10D05000136000EB80002946034B03EB8000FEF7D2
:10D06000C3FECBE7704700BFE017002098180020F0
:10D07000054B1B6823B1044B1A68136D013313650C
:10D08000014B1868704700BFD417002008B54160F5
:10D09000006191420CD8D21A83699A4201D30120CF
:10D0A00008BD011D094B1868FEF7AAFE002008BD47
:10D0B0009A4201D2994206D2011D054B1868FEF72B
:10D0C0009FFE002008BD012008BD00BF1C190020E4
:10D0D0001819002038B500F0D5F90F4B1B6813B1B3
:10D0E00000F0E0F938BD0D4D2846FEF76FFE0C4C00
:10D0F0002046FEF76BFE0B4B1D600B4B1C600022A5
:10D1000010210A20FEF77AFF034B18600028E7D0B1
:10D110000649FFF7E5F9E3E74C1900202019002044
:10D1200034190020181900201C190020042E0300B7
:10D1300000B583B0FFF7CEFF084B1B6863B1084B07
:10D140000193032300930023802206490648FFF73A
:10D15000C9FA03B05DF804FB0020FAE74C1900207F
:10D16000501900200C2E03004DD2020030B585B0BE
:10D17000104C2568DDB11C460091019202900529F2
:10D180000EDCFFF781FE02284FF000030CBF089A67
:10D190001A46694607480068FEF756FF05B030BDDD
:10D1A0000023224669462846FEF7E0FFF6E7002006
:10D1B000F4E700BF4C1900202DE9F04782B0074684
:10D1C000FFF71EFC06461E4B1B68984210D3002337
:10D1D0003B601B4B1E60304602B0BDE8F087CDF8C7
:10D1E00000804346524641462046FFF7BFFF02E01B
:10D1F000144D4FF000082B681A68CAB1DB68D3F8E9
:10D2000000A0DC6804F104094846FEF713FE636AD7
:10D2100020469847E369012BEDD1A36953449A4511
:10D22000DDD26360246149462868FEF7E9FDE2E744
:10D23000054A106803490860136001233B60C8E792
:10D2400048190020181900201C1900202DE9F0436E
:10D2500089B05D4F5D4DDFF87C813B681A6872B123
:10D26000DB681E68FFF7C4FB04A8FFF7A5FF0446B0
:10D27000049B002B49D1B04222D200220FE0FFF7DD
:10D28000B7FB04A8FFF798FF0446049B002B3CD192
:10D290004F4B1B681A68B2FA82F252090026311B02
:10D2A0002868FFF759F9FFF73DFC38B94FF0805374
:10D2B000C8F80030BFF34F8FBFF36F8F00242EE00C
:10D2C000FFF730FC3B68DB68D3F80C9009F10400F1
:10D2D000FEF7B0FDD9F81C30012B04D0D9F824306A
:10D2E00048469847EAE7D9F81810334622463144B1
:10D2F0004846FFF7CBFE0028F0D0002100910B46F6
:10D3000032464846FFF732FFE8E7FFF70BFCD5E768
:10D3100007990698059B9847049B002B09DA22463B
:10D3200004A92868FEF79AFF002896D0049B002BDA
:10D33000EEDB069E736913B1301DFEF77BFD03A87B
:10D34000FFF73AFF049B092BE9D801A252F823F01A
:10D3500079D3020079D3020079D302001FD30200EF
:10D36000ADD30200BFD3020079D3020079D302000B
:10D370001FD30200ADD3020005990B460246B069E7
:10D3800001443046FFF782FE0028C8D0736A304659
:10D390009847F369012BC2D1B269009423460599DD
:10D3A0000A4421463046FFF7E1FEB8E70599B1612E
:10D3B0000346024601443046FFF768FEAFE73046B9
:10D3C00000F0EAF9ABE700BF181900204C19002063
:10D3D0001C19002004ED00E082B0002301934FF0FF
:10D3E000100383F31188BFF36F8FBFF34F8F019B3F
:10D3F000002BFCD002B0704708480068006880F33A
:10D4000008884FF0000080F3148862B661B6BFF35D
:10D410004F8FBFF36F8F00DF00BF000008ED00E00B
:10D42000DFF80C00016841F47001016070470000F2
:10D4300088ED00E04FF0807340F8043C21F00101DA
:10D4400040F8081C054B40F80C3C40F8202C6FF0CD
:10D45000020340F8243C4438704700BFD9D302008F
:10D46000074B19680868B0E8F04F80F30988BFF3EC
:10D470006F8F4FF0000080F311887047AFF300808A
:10D48000D41700204FF0100383F31188BFF36F8F80
:10D49000BFF34F8F024A136801331360704700BF18
:10D4A000D00FFE1F034A1368013B13600BB983F3CF
:10D4B00011887047D00FFE1F000000000000000020
:10D4C000EFF30980BFF36F8F154B1A681EF0100F32
:10D4D00008BF20ED108A20E9F04F10602DE9090007
:10D4E0004FF0100080F31188BFF34F8FBFF36F8FA1
:10D4F000FFF7D4FB4FF0000080F3118809BC1968D6
:10D500000868B0E8F04F1EF0100F08BFB0EC108AAA
:10D5100080F30988BFF36F8F704700BFAFF30080BF
:10D52000D417002008B54FF0100383F31188BFF320
:10D530006F8FBFF34F8FFFF769FA18B14FF080522A
:10D54000024B1A60002383F3118808BD04ED00E04C
:10D55000054B00221A6005490A604BF67F31044AE8
:10D56000116007221A60704710E000E018E000E048
:10D5700014E000E010B582B0244B1A78D2B20192C8
:10D58000FF221A701B78DBB28DF803309DF8033050
:10D5900007221F4B1A609DF8033013F0800F0DD047
:10D5A000013A9DF803305B00DBB28DF803309DF843
:10D5B000033013F0800FF3D1154B1A60144A13682F
:10D5C0001B0203F4E0631360019BDBB20F4A13708C
:10D5D000104B1A6842F470021A601A6842F07042E6
:10D5E0001A60FFF7B5FF00240B4B1C60FFF718FF14
:10D5F0000A4A136843F040431360FFF7FDFEFFF74C
:10D600004DFBFFF7E9FE204602B010BD00E400E04C
:10D610005419002020ED00E0D00FFE1F34EF00E091
:10D62000EFF305830F2B84BF014A9B5C704700BF5B
:10D63000F0E300E010B4134A00E01A461368834296
:10D64000FBD351685418A0420AD041684418A34241
:10D650000BD00360904218BF10605DF8044B704718
:10D660004068014451601046EFE7074C2468A3422C
:10D6700006D05B681944416013681B680360E9E7E2
:10D680000360E7E768D9002058190020F8B5044680
:10D69000FFF7AEF93A4B1B68B3B13A4B1D68254210
:10D6A00064D1002C64D004F1080212F0070F1CBFF3
:10D6B00022F007020832002A5CD0334B1E68B242C7
:10D6C0005AD832490C6827E0314A12F0070F1ED0B1
:10D6D000D11D21F0070102F540435B1A0A462B4891
:10D6E0000260002141601344083B23F007032448F3
:10D6F000036059601960991A51601360254B1960D5
:10D70000214B19604FF000421E4B1A60C5E74FF4E1
:10D710004043E4E721461C4663689A4202D92368E5
:10D72000002BF7D1164B1B689C4227D00F68083797
:10D7300023680B6063689B1A102B11D86268B61AB5
:10D7400011490E60134909688E423CBF11490E60B1
:10D750001543656000232360FFF7E4F93846F8BD00
:10D76000A01843606260FFF765FFE7E70027F3E773
:10D770000027F1E70027EFE70027EDE70027EBE7B9
:10D78000581900205CD9002060D9002068D90020F9
:10D790005C19002064D90020F0B110B5044650F89F
:10D7A000042C0E4909680A4202D050F8080C00B156
:10D7B00010BD22EA010244F8042CFFF719F9084AC7
:10D7C00054F8043C11680B441360A4F10800FFF7FF
:10D7D00031FFFFF7A7F9EBE7704700BF5CD90020E6
:10D7E00060D9002008B50068B1F1FF3F0ED04FF4BA
:10D7F0007A7303FB01F1074BA3FB01318909FEF7A3
:10D80000B5FD01280CBF0020032008BD4FF0FF31FB
:10D81000F5E700BFD34D621000B583B000684FF04C
:10D82000E023D3F8043DC3F3080393B102A9002316
:10D8300041F8043DFEF7DCFC01280FD1019B6BB1E0
:10D840004FF08052094B1A60BFF34F8FBFF36F8FB9
:10D8500004E000231A461946FEF7F6FB10F1FF30EC
:10D8600018BF012003B05DF804FB00BF04ED00E029
:10D8700010B50446FF20FEF7DCFB2060B0FA80F014
:10D88000400910BD08B50068FEF75EFE002008BD27
:10D8900008B5F5F7F5FBF5F717FD034A1368002BFC
:10D8A000FCD0014B186808BD70D9002030B4114B72
:10D8B00000200021C3E92201C3E91001C3E91401DA
:10D8C000C3E90E0100244FF08045C3E90C45C3E9CC
:10D8D0001A01C3E91C01C3E91E01C3E920010024A8
:10D8E000054DC3E91845C3E91601C3E9124530BC2B
:10D8F000704700BFA0D900200000F03F30B40E4BAD
:10D9000000200021C3E92201C3E91001C3E9140189
:10D91000C3E90E01C3E90C010024084DC3E91A450F
:10D92000C3E91C01C3E91E01C3E92001C3E91801D1
:10D93000C3E9160130BC7047A0D900200000F03FB9
:10D940002DE9F04716461F460B8883422FD231F847
:10D950001730834248D97C0801EB440331F8142086
:10D96000824204D9013C33F8022D8242FAD801EBFD
:10D97000440300E01446621C33F8025FA842F9D267
:10D9800031F814A0A0EB0A0080B2F2F7A9FE80469D
:10D990008946A5EB0A0080B2F2F7A2FE02460B46CA
:10D9A00040464946F3F740F88046894604E00024A3
:10D9B0004FF000084FF00009BC4215D006EBC4043C
:10D9C000D4E9006732463B46D4E90201F2F74AFD4A
:10D9D00042464B46F2F7FEFE32463B46F2F744FD26
:10D9E00041EC100BBDE8F08706EBC70696ED000B87
:10D9F000BDE8F08710B50446082003F0DDFC84ED97
:10DA0000000B10BD000000002DE9F04F2DED088B3C
:10DA1000A1B0CB4B1C88CB4B19AA03F10A0033F8F9
:10DA2000021B22F8021B8342F9D1C74BD3ED008AB7
:10DA3000C64B93ED008AC64B1E78C64B93F8B230A6
:10DA4000B34200F0BE80C34B83F8B260002283F87B
:10DA5000B620BF4B93F801C0BE4B93F8B33063457B
:10DA600000F0BD80BB4B83F8B3C0002283F8B72021
:10DA7000B74B9B78B74A92F8B4209A4200F0BD8029
:10DA8000B44A82F8B430002382F8B830B04BDB7867
:10DA9000B04A92F8B5209A4200F0BD80AD4A82F8B3
:10DAA000B530002382F8B930AB4B1B78A52B00F0C2
:10DAB000C08000252846AE4610F0040F22D0A74BA8
:10DAC00059781A7802EB0122ADF86A20D9789A7851
:10DAD00002EB0122ADF86C2059791A7902EB012290
:10DAE00008EE902AF8EEE88ADFED9D7A68EEA78AC4
:10DAF000DA799B7903EB022308EE103AB8EEC88A74
:10DB000028EE278A974A02F112031A32002103F8FD
:10DB1000011B9A42FBD1934B9872DD721C73220A4F
:10DB20005A738C4A92F8B6201A745E74BDF8645029
:10DB30009D742A0ADA74BDF866601E75320A5A7539
:10DB4000BDF868709F753A0ADA75BEF1000F01D012
:10DB500001221A76834B83F819C0BDF86A8083F8D6
:10DB60001A804FEA1822DA76BDF86C9083F81C9080
:10DB70004FEA19225A77F2EE047A68EEA77AF5EEA8
:10DB8000C07AF1EE10FA40F2AE809FED777AF4EEB3
:10DB9000C77AF1EE10FA80F2A880B6EE000A37EEEE
:10DBA000800A03F043FBDFED717AB4EEE70AF1EE91
:10DBB00010FA40F1E180BCEEC00A10EE103A9BB2C0
:10DBC00095E0644B93F8B630312B3FF642AF01330A
:10DBD000FF2B28BFFF235F4A82F8B63039E75D4B41
:10DBE00093F8B730312B3FF643AF0133FF2B28BFFB
:10DBF000FF23584A82F8B7303AE7564B93F8B830CB
:10DC0000312B3FF643AF0133FF2B28BFFF23514A8F
:10DC100082F8B8303AE74F4B93F8B930312B3FF6E2
:10DC200043AF0133FF2B28BFFF234A4A82F8B930A4
:10DC30003AE7494B5B785A2B03D000252846AE467D
:10DC40003AE7444B93F8B630312B44D8424B9B789B
:10DC500003F00F0513F0010F41D013F0020F38D07D
:10DC60003C4A92F8B720312A8CBF0120032013F0E0
:10DC7000040F06D0374A92F8B820312A98BF40F0F6
:10DC8000040013F0080F0CD0324B93F8B930312B4D
:10DC900007D840F00800364B5C781B7803EB042370
:10DCA0009CB210F0020E3FF407AF324B59781A784D
:10DCB00002EB0122ADF86420D9789A7802EB0122B8
:10DCC000ADF866205A791B7903EB0223ADF8683072
:10DCD000F2E60120CBE700252846AE46ECE64FF001
:10DCE000000E70460EE7002301E04FF6FF731D4A59
:10DCF00093771B0AD377F2EE047A68EE277AF5EE73
:10DD0000C07AF1EE10FA3AD99FED177AF4EEC77A9D
:10DD1000F1EE10FA35DAB6EE000A37EE800A03F0BB
:10DD200085FADFED127AB4EEE70AF1EE10FA40F16F
:10DD3000AD82BCEEC00A10EE103A9BB223E000BFE9
:10DD4000FADB0020F0DB002034DC002038DC00208F
:10DD500030DC002068DA002018DC002010DC002015
:10DD6000CDCCCC3D70DB002000FF7F47000080471A
:10DD700020DC002028DC00204FF6FF73B7E70023EB
:10DD800001E04FF6FF73D44A82F820301B0A82F874
:10DD9000213004F00102D14B1A70C4F34002D04B81
:10DDA0001A70C4F38002CF4B1A70C4F3C002CE4B7A
:10DDB0001A70C4F30012CD4B1A70C4F34012CC4B4E
:10DDC0001A70C4F38012CB4B1A70C4F3C013CA4A42
:10DDD000137007EE909AF8EE677A9FEDC80A67EE27
:10DDE000807AB2EE047AF4EE477AF1EE10FAC8BF08
:10DDF000F0EE477A9FEDC20A27EE800A03F016FA8A
:10DE0000BDEEC00ADFEDBF0AB8EEC00A03F0CCFBDE
:10DE1000BDEEC00ABC4B10EE102A1A8007EE908AA5
:10DE2000F8EE677A9FEDB50A67EE807AB2EE047A73
:10DE3000F4EE477AF1EE10FAC8BFF0EE477A9FEDA4
:10DE4000B00A27EE800A03F0F1F9BDEEC00ADFED5B
:10DE5000AD0AB8EEC00A03F0A7FBBDEEC00AAB4B9B
:10DE600010EE102A1A8007EE907AF8EE677A9FED8E
:10DE7000A80A67EE807AB1EE047AF4EE477AF1EE02
:10DE800010FAC8BFF0EE477A9FED9D0A27EE800A90
:10DE900003F0CCF9BDEEC00ADFED9A0AB8EEC00A75
:10DEA00003F082FBBDEEC00A9A4B10EE102A1A80D6
:10DEB00007EE906AF8EE677A9FED950A67EE807A32
:10DEC000B1EE047AF4EE477AF1EE10FAC8BFF0EE44
:10DED000477A9FED8B0A27EE800A03F0A7F9BDEE83
:10DEE000C00ADFED880AB8EEC00A03F05DFBBDEEA4
:10DEF000C00A894B10EE102A1A8007EE905AF8EEED
:10DF0000677A9FED830A67EE807AB1EE047AF4EEC9
:10DF1000477AF1EE10FAC8BFF0EE477A9FED780A23
:10DF200027EE800A03F082F9BDEEC00ADFED750A24
:10DF3000B8EEC00A03F038FBBDEEC00A10EE103A8E
:10DF40009CB2764B1C80714B1888F2F7C9FB5CA31E
:10DF5000D3E90023F2F73EFC0022714BF2F73AFCC2
:10DF6000CDE90001684B1888F2F7BAFB54A3D3E956
:10DF70000023F2F72FFC0022694BF2F72BFCCDE9CE
:10DF80000801684BD3E90C6718EE900AF2F7CAFB58
:10DF90000022654BF2F71EFC4BA3D3E90023F2F7F6
:10DFA00019FC0022614BF2F73FFD32463B46F2F787
:10DFB00011FCCDE9020118EE100AF2F7B3FB0022C2
:10DFC000594BF2F707FC40A3D3E90023F2F702FC18
:10DFD0000022564BF2F728FD32463B46F2F7FAFB99
:10DFE000CDE90601524901230A4610312046FFF7C8
:10DFF000A7FCB0EE408AF0EE608A00224D4B51EC57
:10E00000100BF2F777FE002800F043819FED308B74
:10E01000474901230A4610313F480088FFF790FC2A
:10E02000B0EE409AF0EE609A0022424B51EC100B99
:10E03000F2F760FE002800F038819FED259B3E4AF4
:10E040001478C4F380030A933C4B93F8DE60557850
:10E0500083F8DE5093F8DC30002B40F03281374BF0
:10E06000012283F8DC2083F8DD206540334B93F8F0
:10E07000DA30002B40F09181304B012283F8DA2016
:10E0800083F8DB2000200021C3E90C010A9B002B50
:10E0900058D0002200232A49D1E92801F2F702FED4
:10E0A00000284FD1002200232549D1E92601F2F7AB
:10E0B000F9FD002802F0468444E000BFAFF3008081
:10E0C000000000004062E0406F1283C0CA21094096
:10E0D000000000000000F03F70DB0020E4DB0020C7
:10E0E0000BDC00200ADC0020E1DB0020E2DB00206A
:10E0F00009DC00200CDC00209ADB002066661E3B59
:10E1000000007A440000804794DB002092DB00206E
:10E11000A69B44399CDB002098DB002096DB002086
:10E120000000603E182E0300000042400080664060
:10E13000802E03000000F03F00DC002068DA0020A1
:10E14000A0D9002014F0010F40F0B08100230B9300
:10E150000023B74F3B70C4F30014DFF8F88298F83F
:10E16000015098F802A098F803300C9398F8070033
:10E17000F2F7B6FA41EC100B1EA8FFF73BFC05F0D6
:10E18000030098F8003003EB0020F2F7A9FA41EC05
:10E190001A0B20AE66E9040198F803B098F8043031
:10E1A0000D93DFF8B48298F80000F2F799FA41EC89
:10E1B000100B3046FFF71EFC98F80330DA09109276
:10E1C000C3F380130F9339789A4A92F8EE3003EB39
:10E1D000810303EB440398490B7092ED020B03F0AB
:10E1E00067F8B0EE40BAF0EE60BA03F00BF8002822
:10E1F00000F05F810026002730463946F2F7C2FD65
:10E20000C0B28D4B587000229A70DA701A715A7130
:10E210009A71DA71894B1B7805930022884BDDE9EE
:10E22000026730463946F2F765FD002800F0668146
:10E230000022834B30463946F2F714F906460F4662
:10E2400000227F4BDDE9068940464946F2F752FD40
:10E25000002800F068810022794B40464946F2F7D9
:10E2600001F9804689460022002330463946F2F7FC
:10E2700019FD002800F06B8100220023404649462A
:10E28000F2F710FD003018BF012061E14FF6FF7377
:10E2900079E50022002351EC180BF2F70DFD002860
:10E2A0003FF4B6AE9FED608BB2E60022002351EC46
:10E2B000190BF2F701FD00283FF4C1AE9FED5A9B08
:10E2C000BDE65C4B93F8DD30022B25D0032B38D014
:10E2D000012B14D0574BD3E90E890022594B4046ED
:10E2E0004946F2F707FD00283DD00322514B83F841
:10E2F000DD2000200021544BC3E92801B5E6AE42E1
:10E300003FF4B3AE02224B4B83F8DD2000204F498F
:10E310004D4BC3E92801A8E6AE4205D000204B4989
:10E32000494BC3E92801A0E6424E042386F8DD30BC
:10E330000022464BD6E90E01F2F796F8C6E90E0127
:10E3400093E6AE4209D002223A4B83F8DD2000204A
:10E350003E493D4BC3E9280187E6002000213A4BA6
:10E36000C3E9280181E6AE420DD0324B00200021E6
:10E37000C3E90E01022283F8DD2000203349324B2D
:10E38000C3E9280171E60022304B40464946F2F7C6
:10E390006BF8284BC3E90E0167E6264B93F8DB3098
:10E3A000022B28D0032B59D0012B15D0002000219F
:10E3B000254BC3E92601264B9B78AB427FF466AE22
:10E3C0001C4BC3E90C01022283F8DB2000201F490B
:10E3D0001D4BC3E9260159E61D4B9B78AB427FF4E8
:10E3E00055AE0222134B83F8DB2000201749164B51
:10E3F000C3E926014AE600201449134BC3E926016C
:10E40000134B9B78AB423FF441AE0A4E032386F890
:10E41000DB3002460B46D6E90C01F2F725F8C6E9D7
:10E420000C0133E6AFF300800000000000000000A4
:10E43000FDDB002068DA0020C8DB00209ADB00202A
:10E440000000E03F00003E40A0D900200000F03F67
:10E4500000DC0020D0DB0020D8DB002000229E4B17
:10E460009E49D1E90C01F2F73BFC48B104229B4BD9
:10E4700083F8DB2000200021994BC3E9260105E643
:10E48000984B9B78AB427FF401AE944B0020002167
:10E49000C3E90C01022283F8DB2000209249904B53
:10E4A000C3E92601F2E501230B9352E600230B9307
:10E4B0004FE6B0EE4B0AF0EE6B0A02F083FE002846
:10E4C0007FF498AE9FED821BB0EE4B0AF0EE6B0A24
:10E4D00003F0C6F857EC106B0022002310EE100A70
:10E4E0003946F2F7E9FB00283FF486AE304607F1E3
:10E4F0000041F2F747FC4042C0B282E600227B4B6B
:10E50000DDE9026730463946F2F7EAFB40B90022FE
:10E51000774B30463946F1F7A7FF06460F468FE6A0
:10E52000002600278CE60022704BDDE90689404674
:10E530004946F2F7D5FB002842F0148200226C4BCA
:10E5400040464946F1F790FF804689468BE6002019
:10E55000684B5968614A936FCB1A9167B2F89E2055
:10E56000D118B1F5805F15D25C4AA2F89E105B4BC2
:10E5700093F8C230A3B1594B93F8C330013B052B3C
:10E5800000F23182DFE813F01700EB0021015E0199
:10E59000BC01040240F6FF72504BA3F89E20E6E750
:10E5A0004E4B012283F8C220042283F8C320FFF7D8
:10E5B000A5F902F052BA494B93F8EF60002E76D1DC
:10E5C00093F8AE30002B72D1059B002B6FD04A4BD5
:10E5D0001B78002B6BD1002858D0404B93F8F130BA
:10E5E000002B53D0002040493D4BC3E90A013B4B6F
:10E5F000002283F8C420032283F8C320384B002074
:10E600000021C3E92201C3E91001C3E91401C3E9F0
:10E610000E014FF00008DFF8D090C3E90C89C3E980
:10E620001A01C3E91C01C3E91E01C3E92089C3E93A
:10E630001801C3E91601002E02F02C85274B93F830
:10E64000C430012B5AD0264B00200021C3E92201FF
:10E650000026254FC3E91067C3E914674FF000088F
:10E660004FF08049C3E90E89C3E90C01C3E91A01DF
:10E67000C3E91C01C3E91E67C3E92001C3E918010E
:10E68000C3E916010024264602F0C4B9134B93F8DF
:10E69000F230B3B1114BB3F89E2040F68B239A426F
:10E6A00011D9002010490E4BC3E90A019FE70B4B1B
:10E6B000002683F8C460022283F8C320FFF7F6F82F
:10E6C000B9E70126B7E70126B5E700BFAFF3008041
:10E6D00000000000000070400000244068DA0020C4
:10E6E000A0D9002000DC00200000F03F0000E0BFC7
:10E6F0000000E03F68DB0020FDDB0020A04B93F82A
:10E70000F660002E02F0C8849E4B002683F8BE609F
:10E7100083F8BD6002219A4A82F8C41000200021CB
:10E72000C3E922014FF00008DFF85C92C3E91089C9
:10E73000C3E914899FED907B83ED0E7BC3E90C0147
:10E74000C3E91A01C3E91C01C3E91E89C3E9200119
:10E75000C3E91801C3E91601344602F05BB9884BDE
:10E7600093F8F0302BB9059B1BB9854B93F8F460F7
:10E770001EB3844B00200021C3E92201C3E910012C
:10E78000C3E91401C3E90E0100264FF08047C3E935
:10E790000C67C3E91A01C3E91C01C3E91E01C3E9FF
:10E7A00020010026784FC3E91867C3E91601C3E9C1
:10E7B00012670024264602F02DB9042283F8C320F4
:10E7C000FFF79CF8344602F025B9704B1E78002EF6
:10E7D00026D1059B23B96A4B93F8F440002C29D02D
:10E7E000684B00200021C3E92201C3E91001C3E9FD
:10E7F0001401C3E90E014FF00008DFF88C91C3E962
:10E800000C89C3E91A01C3E91C01C3E91E01C3E96C
:10E810002089C3E91801C3E91601344602F0FAB8A9
:10E820000222574B83F8C320FFF740F80024264606
:10E8300002F0F0B8042283F8C320FFF75FF8264601
:10E8400002F0E8B84E4B93F8AE30059A002A42F039
:10E850009480002B42F09780002200234949D1E99F
:10E860001201F2F71FFA002802F08D80444B93F852
:10E87000F56026BB93F8EC300BB30622404B83F8CF
:10E88000C320404B00200021C3E92201C3E910014D
:10E89000C3E91401C3E90E01C3E90C01C3E91A017C
:10E8A000C3E91C01C3E91E01C3E92001C3E9180142
:10E8B00000203549C3E91601344602F0ABB8FFF732
:10E8C0001DF8059E344602F0A5B8002B42F05B808F
:10E8D000002200232B49D1E91201F2F7E3F90028C5
:10E8E00002F0518000204FF08041264BC3E9140113
:10E8F0000722234B83F8C3200024264602F08AB85F
:10E900001F4B93F8EF30002B42F0BB831C4B93F866
:10E91000AE30002B42F0B583059B002B02F0B18393
:10E920001A4B1E78002E42F0AC83154BB3F89E3084
:10E93000B3F5FA7FC2F0B283002C02F0B183114B21
:10E94000012283F8BD2083F8BE200D4981F8C32041
:10E950000020A1F89E0081F8C42000200A49C3E9E4
:10E9600022014FF000084FF00009C3E91C89C3E9F8
:10E970001E01344602F04EB80000000000000040C6
:10E9800068DA0020A0D900200000F03FFDDB002065
:10E99000A14B93F8EC60F6B1A04B00200021C3E935
:10E9A0002201C3E91001C3E91401C3E90E01C3E95F
:10E9B0000C01C3E91A01C3E91C01C3E91E01C3E943
:10E9C0002001C3E9180100209549C3E9160100247C
:10E9D000264602F01FB8042283F8C320FEF78EFFFC
:10E9E000344602F017B88C4B93F8EC30002B02F051
:10E9F0000980894B93F8EF40002C42F0538393F841
:10EA0000AE30002B42F05183059A002A02F04F836A
:10EA1000844A1678002E42F04D837F4B93F8EB30FA
:10EA2000002B30D0002200237C49D1E91201F2F7FB
:10EA300039F940B3784B052283F8C3200022A3F8AC
:10EA40009E20764B00200021C3E922014FF00008F0
:10EA5000DFF8CC91C3E910899FED6B7B83ED147BCC
:10EA6000C3E90E89C3E90C01C3E91A01C3E91C8992
:10EA7000C3E91E01C3E92001C3E91801C3E9160176
:10EA8000344601F0C7BF644B93F8AE30002B42F020
:10EA9000DE82059B002B02F0DC82624B1E78003682
:10EAA00018BF012601F0B5BF02225B4B83F8C320DB
:10EAB000FEF7FCFE01F0D1BF55A3D3E9002351ECD2
:10EAC0001A0BF1F787FE804689460AF00F03A80863
:10EAD00000EB8310F1F704FE4DA3D3E90023F1F717
:10EAE00079FE06460F460C9B03F03F034FEA1A10CF
:10EAF00000EB0310F1F7F4FD45A3D3E90023F1F790
:10EB000069FE04460D460D9B980000EB9B10F1F743
:10EB1000F7FD3FA3D3E90023F1F75CFE82468B4665
:10EB20003D4B93F8BE30012B1FD0022B3FD000226B
:10EB30004FF080433949D1E91401F2F7B3F80028C6
:10EB400001F09D870222344B83F8BE20334B002016
:10EB50003349C3E90801C3E90089C3E90267C3E98E
:10EB60000445C3E906AB01F08ABF002200232B490C
:10EB7000D1E91401F2F796F850B10322264B83F83D
:10EB8000BE2000200021254BC3E9080101F077BF1A
:10EB9000224B00202249C3E90801C3E90089C3E9E7
:10EBA0000267C3E90445C3E906AB01F068BF002270
:10EBB0001B4B1A49D1E91401F2F774F890B1012204
:10EBC000154B83F8BE20154B00201549C3E90801F9
:10EBD000C3E90089C3E90267C3E90445C3E906AB99
:10EBE00001F04DBF0D4B00200D49C3E90801C3E9F9
:10EBF0000089C3E90267C3E90445C3E906AB01F034
:10EC00003EBF00BFAFF300800000000000000040E6
:10EC10007B14AE47E17A843F68DA0020A0D9002057
:10EC20000000F03FFDDB0020B0EE4A0AF0EE6A0A79
:10EC300002F0C8FA002841F036879FEDD11BB0EEF4
:10EC40004A0AF0EE6A0A02F00BFD55EC104B002266
:10EC5000002310EE100A2946F2F72EF8002801F0E2
:10EC60002487204605F10041F2F78CF8404285B236
:10EC700001F020BFB0EE4A0AF0EE6A0A02F0A2FAF2
:10EC8000002841F02E879FEDBE1BB0EE4A0AF0EE41
:10EC90006A0A02F0E5FC57EC106B0022002310EE2C
:10ECA000100A3946F2F708F8002801F01C873046B0
:10ECB00007F10041F2F766F8404286B201F018BF52
:10ECC000B0EE4A0AF0EE6A0A02F07CFA002841F03F
:10ECD00027879FEDAB1BB0EE4A0AF0EE6A0A02F0FE
:10ECE000BFFC59EC108B0022002310EE100A49469D
:10ECF000F1F7E2FF002801F01787404609F10041D3
:10ED0000F2F740F840421FFA80F801F013BFB0EE6E
:10ED10004A0AF0EE6A0A02F055FA002841F022870A
:10ED20009FED971BB0EE4A0AF0EE6A0A02F098FCDB
:10ED30005BEC10AB0022002310EE100A5946F1F7ED
:10ED4000BBFF002801F0128750460BF10041F2F79B
:10ED500019F8404287B201F00EBFB0EE4A0AF0EE59
:10ED60006A0A02F02FFA002841F017879FED861BF0
:10ED7000B0EE4A0AF0EE6A0A02F072FC5BEC10ABED
:10ED80000022002310EE100A5946F1F795FF0028E3
:10ED900001F0078750460BF10041F1F7F3FF4042C5
:10EDA000C0B201F003BF7A4B93F8C030022B25D0DC
:10EDB000032B39D0012B14D0754BD3E906890022DF
:10EDC000744B40464946F1F795FF00283ED0032298
:10EDD0006F4B83F8C02000226F4B83F8B82001F0FE
:10EDE00039BFA54201F036870222694B83F8C02063
:10EDF0000122694B83F8B82001F02CBFA54205D051
:10EE00000122654B83F8B82001F024BF604C042335
:10EE100084F8C0300022614BD4E90601F1F724FBED
:10EE2000C4E9060101F016BFA54209D00222584BE1
:10EE300083F8C0200122584B83F8B82001F00ABFA4
:10EE40000022554B83F8B82001F004BFA5420DD035
:10EE50004F4B00200021C3E90601022283F8C020A5
:10EE600001224D4B83F8B82001F0F4BE00224B4B39
:10EE700040464946F1F7F8FA454BC3E9060101F06F
:10EE8000E9BE012301F00CBF414B0022A3F8A020F2
:10EE9000B3F8A230B3F57A7F08D201334FF6FF7290
:10EEA000934228BF13463A4AA2F8A230384BB3F82F
:10EEB000A230312B0AD8364B93F8FA30003318BF02
:10EEC0000123334A82F8FA3001F0EDBE0023F8E75F
:10EED000012301F055BF2E4B0022A3F8A420B3F864
:10EEE000A630B3F57A7F08D201334FF6FF72934212
:10EEF00028BF1346264AA2F8A630254BB3F8A63001
:10EF0000312B0AD8224B93F8FB30003318BF012372
:10EF10001F4A82F8FB3001F036BF0023F8E70122D8
:10EF200001F05CBF1A4B0022A3F8A820B3F8AA3066
:10EF3000B3F57A7F08D201334FF6FF72934228BFB0
:10EF40001346134AA2F8AA30114BB3F8AA30312B5A
:10EF500006D80F4B93F8FC20003218BF012200E0C6
:10EF600000220B4B83F8FC20B3F8FA30002B01F0A1
:10EF70003D8701230C9317E0012301F03DBF00BF43
:10EF8000000000000000F0400000000000007040A1
:10EF900068DA002000002440A0D900200000F03FE3
:10EFA0000B9B002B01F030870022B94BDDE90001FB
:10EFB000F1F796FE002801F02787B1A3D3E90023DB
:10EFC000DDE90601F1F78CFE002801F01D87ACA3F6
:10EFD000D3E90023DDE91201F1F782FE002801F0F8
:10EFE0001387A9A3D3E90023DDE91401F1F778FE23
:10EFF000002801F00987A4A3D3E90023DDE9160165
:10F00000F1F76EFE002801F0FF86A24B93F8EA307C
:10F01000002B01F0F9860C9B002B41F0F5860125B1
:10F0200001F0F3BE00229C4BDDE90201F1F758FE2E
:10F0300038B1984B002283F8F820A3F8982001F00B
:10F040006CBF944BB3F89830B3F57A7FC1F0F48776
:10F05000904BB3F89830312B41F25F878D4B0122F2
:10F0600083F8F920002283F8F82001F056BF01232D
:10F0700001F07DBF0022874BA3F89A2001F07ABFF0
:10F080000022864BDDE90001F1F72AFE002801F09D
:10F090008287804BB3F89C30B3F57A7F08D2013376
:10F0A0004FF6FF72934228BF13467A4AA2F89C306B
:10F0B000784BB3F89C30632B0CD8764B93F8F9203F
:10F0C000003218BF0122734B83F8F92093F8B190F6
:10F0D00001F067BF0022F6E76E4B0022A3F89C20E8
:10F0E00093F8B1906E4B1B78002B41F05A870025A6
:10F0F000EDB2684B83F8EF5093F8EB2083F8AF2024
:10F1000083F8B08093F8F92083F8B12093F8D630D3
:10F11000002B5ED15F4B012283F8D620062283F8B4
:10F12000D720604B604A92F8B7005A4A92F8F11023
:10F1300001EB40011970002159709970D970197153
:10F1400059719971D971594B1B781B09052B14BF43
:10F150000021012182F8F2109DF83C1082F8F11094
:10F16000003318BF012382F8F33045A3D3E900230D
:10F17000DDE90601F1F7B4FD002800F04D8140A360
:10F18000D3E90023DDE91201F1F7AAFD002800F020
:10F190006D823DA3D3E90023DDE91401F1F7A0FD61
:10F1A000002800F0658238A3D3E90023DDE91601C9
:10F1B000F1F796FD002800F05D82364B93F8FA30A7
:10F1C000002B40F05982B4F5965F8CBF00240124D7
:10F1D00023E1304B93F8D730013B062B00F204813A
:10F1E000DFE813F0070018002A003C0066007800F2
:10F1F000F0002D49102381F8B7300022264BD1E9C9
:10F200001E01F1F74FFD00288BD10622214B83F818
:10F21000D72086E72449402381F8B73000221E4BCF
:10F22000D1E91801F1F73EFD00287FF47AAF0622FC
:10F23000184B83F8D72074E71B49202381F8B73097
:10F240000022154BD1E92001F1F72CFD00287FF4B5
:10F2500068AF06220F4B83F8D72062E712490123DB
:10F2600081F8B73000220C4BD1E91A01F1F71AFDF1
:10F2700000287FF456AF0622064B83F8D72050E7CC
:10F28000894160E5D022EB3F5839B4C876BEE73FEC
:10F2900000000C4068DA00200000F03F000004404D
:10F2A000E4DB002074D90020A0D900207CD9002004
:10F2B0005649042381F8B7300022554BD1E91C018F
:10F2C000F1F7F0FC00287FF42CAF0622514B83F8B5
:10F2D000D72026E700224E4B4C49D1E91A01F1F71D
:10F2E000E1FC40B104224B4B83F8D7200122474B6D
:10F2F00083F8B72015E70022454B4449D1E91601B0
:10F30000F1F7D0FC40B10722424B83F8D72002220C
:10F310003E4B83F8B72004E700223D4B3B49D1E93F
:10F320001C01F1F7BFFC40B105223A4B83F8D7200E
:10F330000422364B83F8B720F3E60022344B3349DE
:10F34000D1E92201F1F7AEFC38B10823314A82F845
:10F35000D7302E4A82F8B730E3E600222C4B2B49F7
:10F36000D1E91E01F1F79EFC40B10122294B83F83F
:10F37000D7201022254B83F8B720D2E60022244B59
:10F380002249D1E92001F1F78DFC40B10322214B44
:10F3900083F8D72020221D4B83F8B720C1E6002236
:10F3A0001B4B1A49D1E91801F1F77CFC00283FF406
:10F3B000B8AE0222174B83F8D7204022134B83F8B4
:10F3C000B720AEE61149022381F8B7300022104B76
:10F3D000D1E91601F1F766FC00287FF4A2AE0622FF
:10F3E0000C4B83F8D7209CE60849082381F8B730F6
:10F3F0000022074BD1E92201F1F754FC00287FF4E9
:10F4000090AE0622034B83F8D7208AE6A0D90020CD
:10F410000000F03F68DA00200024C94B83F8F44074
:10F42000002D40F02B814FF001040022C54BDDE997
:10F430000201F1F74BFC08B94FF00004E4B2C04BF5
:10F4400083F8F540C04A92F8B82083F8EA20BF4A12
:10F45000D378147904EB0324A4F58064BC4B58786A
:10F46000F1F73EF9DDE91C23F0F7FEFF0022B94B6E
:10F47000F0F7F8FF0022B84BF1F7ACF90022B54BDA
:10F48000F0F7F2FF41EC100B01F012FFB0EE40AAD2
:10F49000F0EE60AA01F0B6FE002800F0F1809FEDCA
:10F4A000A2AB51EC1A0BF1F76DFC80460234A44A72
:10F4B000042C8CBF0023012382F8F630A74B5D6833
:10F4C000536FEB1A556792F8BC20D118012940F20E
:10F4D000008101229A4B83F8BC20994B93F8BA30F3
:10F4E000002B40F0FA80964B012283F8BA200322C9
:10F4F00083F8BB20944B002283F8B42083F8B52016
:10F500008F4B93F8F230002B00F093812846F1F7EF
:10F51000E7F887A3D3E90023F1F75CF941EC100B7E
:10F5200001F0FAFF00228E4B51EC100BF1F752F96B
:10F5300041EC100B01F0BCFE0022864B51EC100B8D
:10F54000F0F792FFCDE91C019DED1C0B01F05AFE76
:10F55000002800F0768100200021F1F713FC80B232
:10F56000C2B2794991F8B4407E4B1C7000255D70A1
:10F570009D70000AD8701A7191F8B5505D7191F8BC
:10F58000B61099716C404C4054404440DC71764B4D
:10F5900093F80080B8F1000F00F05C81734B1C7889
:10F5A000B4FA84F46409664B93F8E630002B40F01B
:10F5B0005781634B012283F8E620022283F8E7207B
:10F5C000032283F8E820002283F8FD205C4B93F8A7
:10F5D000E230002B40F00782594B012283F8E220F1
:10F5E000022283F8E320032283F8E4200020002194
:10F5F000C3E91401594B5C68514AD2F89430E31ABC
:10F60000C2F8944092F8E120D118FF2900F2D0828C
:10F610004B4A82F8E1104A4B93F8DF30002B40F060
:10F62000D382474B012283F8DF2083F8E0200022B9
:10F6300000234549D1E92A01F1F734FB002840F0C5
:10F64000FD83002200233E49D1E90401F1F72AFBA2
:10F65000002800F0F583002200233B49D1E918017E
:10F66000F1F720FB003018BF0120CEE20024D4E6E1
:10F670000024D2E60024D0E60024CEE60024DEE614
:10F68000B0EE4A0AF0EE6A0A01F09CFD00287FF411
:10F6900006AF9FED291BB0EE4A0AF0EE6A0A01F0B0
:10F6A000DFFFB0EE40AAF0EE60AA0022002351EC8A
:10F6B000100BF1F701FB00283FF4F3AE1AEE100A2D
:10F6C0001AEE903A03F10041F1F75CFBC0F100083B
:10F6D000ECE61B4A82F8BC10FFE6194B93F8BB30EE
:10F6E000012B47D0022B00F080800022204B1649CE
:10F6F000D1E91001F1F7D6FA00283FF401AF104B21
:10F70000012283F8BB20002283F8BC200E4B20216D
:10F7100083F8B410C3F8B08083F8B5200C4A92780F
:10F7200083F8B620ECE600BF0000000000000000F7
:10F730007B14AE47E17A843F000000000000F041F6
:10F7400068DA002000001640A0D90020B8DB0020B5
:10F75000D8DB0020000090400000144068DB00204F
:10F7600000805640B0DB00209ADB0020E2DB002066
:10F770000000F03F00220023AF49D1E91001F1F76A
:10F7800091FA50B10322AD4B83F8BB20AA4B002263
:10F7900083F8B42083F8B520B2E6A84B93F8BC30C8
:10F7A000ABB1A64B93F8EE308BB10222A34B83F89A
:10F7B000BB20A14B202283F8B4200422C3F8B02040
:10F7C000552283F8B520142283F8B62098E69A4B88
:10F7D000202283F8B420C3F8B080002283F8B5203B
:10F7E000974A927883F8B6208AE6042C13D8934B74
:10F7F000012283F8BB20002283F8BC208E4B2021FD
:10F8000083F8B410C3F8B08083F8B5208C4A92789E
:10F8100083F8B62074E6884B202283F8B4200422B3
:10F82000C3F8B020552283F8B520142283F8B620FF
:10F8300066E6814BD3F8B000F0F752FFCDE91C012A
:10F8400082E69FED7B1B9DED1C0B01F009FF51EC47
:10F85000100B82E67B4B1C78B4FA84F46409A2E6B0
:10F86000764B93F8E730012B19D0744B93F8FD30A9
:10F87000012B4DD0714B93F8E830012B5AD0022B5D
:10F8800000F0838002226D4B83F8E820002C00F00A
:10F89000A78000200021694BC3E9180196E6674B59
:10F8A00093F8FD3063B9654B002283F8E92002210B
:10F8B00083F8E710032183F8E81083F8FD2085E63C
:10F8C0005E4B93F8E930012B3FF480AE0022002319
:10F8D0005A49D1E91601F1F7E5F958B10222574B1F
:10F8E00083F8E920002C7FF471AE00205649C3E96B
:10F8F00016016BE60122514B83F8E920002C3FF4FE
:10F9000065AE00234D4A82F8FD30504A13705DE623
:10F910004A4B002283F8E820012283F8E7200222E4
:10F9200083F8E920002C7FF451AE00204649C3E95A
:10F9300016014BE6414B93ED18AB0022002351EC2E
:10F940001A0BF1F7AFF968B102223C4B83F8E820BB
:10F950002CB100200021394BC3E9180136E6002004
:10F960003949F8E70022384B51EC1A0BF1F79AF9B4
:10F9700000283FF42BAE002C3FF428AE01232F4A81
:10F9800082F8FD30314A137020E62C4B93ED18AB12
:10F990000022002351EC1A0BF1F784F948B12CB185
:10F9A00000200021254BC3E918010FE6002026495D
:10F9B000F8E70022244B51EC1A0BF1F773F90028F9
:10F9C0003FF404AE01221D4B83F8E820002C3FF4E5
:10F9D000FDAD1346194A82F8FD301C4A1370F5E557
:10F9E0000020194957E71A4B1C78144B93F8E33061
:10F9F000012B2FD00022144B1049D1E91401F1F74B
:10FA000051F9002866D00D4B002283F8E420012232
:10FA100083F8E320022283F8E520002C3FF4EAADCE
:10FA200000200949C3E91201E4E500BFAFF30080FB
:10FA3000000000000000F040A0D9002068DA00209B
:10FA4000D8DB0020E1DB00200000F03FE0DB0020FD
:10FA500009DC0020002200235849D1E91401F1F704
:10FA600021F970B1554B002283F8E520022283F87A
:10FA7000E320032283F8E42000200021C3E91401DD
:10FA8000B8E54E4B93F8E530012B3FF4B3AD0022BF
:10FA900000234A49D1E91201F1F704F958B10222D1
:10FAA000464B83F8E520002C3FF4A4AD00204449E8
:10FAB000C3E912019EE50122404B83F8E520002CAA
:10FAC0007FF498AD00200021C3E9140100223D4BD2
:10FAD0001A708FE5394B93F8E430012B0DD0022BCF
:10FAE00038D00222354B83F8E420002C5DD1002071
:10FAF0000021324BC3E910017CE5304B93ED10AB94
:10FB000000222F4B51EC1A0BF1F7CCF858B1002C16
:10FB10007FF470AD00202A49284BC3E9140101226B
:10FB2000284B1A7066E50022002351EC1A0BF1F7FE
:10FB3000B9F800283FF45EAD0222204B83F8E420A0
:10FB40002CB9002000211D4BC3E9100152E5002013
:10FB50001B49F8E7194B93ED10AB0022184B51EC01
:10FB60001A0BF1F79FF868B10122144B83F8E420D7
:10FB7000002C7FF43FAD00201149C3E91401114B63
:10FB80001A7037E50022002351EC1A0BF1F78AF8BE
:10FB900000283FF42FAD2CB900200021074BC3E90A
:10FBA000100127E500200649F8E700200449A0E7F6
:10FBB000FF22024B83F8E1202DE500BF68DA002028
:10FBC0000000F03F08DC0020AF4B93F8E030012B41
:10FBD00000F00081AC4B93F8E130C72B7FF627ADE6
:10FBE0000022AA4B83F8C120A94B1B783BB1A94B3B
:10FBF0001B7823B1A84B1B78002B7FF418AD002095
:10FC00000021A24BC3E92A0100209F4B83F8EC009E
:10FC1000B8F1000F00F0168193F8ED209F4B1A7099
:10FC2000994AD2F89030E31AC2F89040B2F8AC206A
:10FC3000D118B1F5806F80F00B81934AA2F8AC1017
:10FC4000914B93F8D830002B40F008818E4B012265
:10FC500083F8D82083F8D92000228B4B1B6F622BAE
:10FC600040F33D81002088490867002A00F03B816D
:10FC7000312B8CBF00230123894A1370824A884BA1
:10FC80001B7882F8F030814B93F8BD1082F8ED10AC
:10FC900093F8BE1082F8EE10D3E91201C2E9040114
:10FCA00092F8F4107F4B1970D2F88C30E31AC2F836
:10FCB0008C4092F8D520D1187F2900F21881724A21
:10FCC00082F8D510704B93F8D330002B40F014819C
:10FCD0006D4B012283F8D32083F8D420002283F8CF
:10FCE000D520714B1B78B3B10A9BA3B1674B93F836
:10FCF000BF3083B1B8F1000F0DD04FF001050022E5
:10FD00006A4BDDE90801F0F7EBFF08B94FF0000599
:10FD10005E4B83F8C0505C4AD2F88830E31AC2F8D0
:10FD2000884092F8D220D118FF2900F26081564A0B
:10FD300082F8D210544B93F8D030002B40F05C8105
:10FD4000514B012583F8D05083F8D150002283F81D
:10FD5000D2200022564BDDE90001F0F7B7FF002862
:10FD600040F05E810022524BDDE90801F0F7AEFF62
:10FD7000002840F08881454B93F8C030002B40F0BC
:10FD800084813FA3D3E90023DDE90601F0F79EFF5C
:10FD9000002840F07C813AA3D3E90023DDE9120179
:10FDA000F0F794FF002840F0748135A3D3E90023D5
:10FDB000DDE91401F0F78AFF002840F06C8130A3E0
:10FDC000D3E90023DDE91601F0F780FF002818BF12
:10FDD000012526E1002000212C4BC3E92A012C4BF0
:10FDE0001B78002B3FF410AF2A4B1B78002B3FF4FD
:10FDF0000BAFB8F1000F0FD1274B1B78D3B1224BBB
:10FE000093F8F430C3B1214B00202949C3E92A01FA
:10FE1000012283F8C12004E0002025491B4BC3E9DF
:10FE20002A01194B022283F8E020002283F8E12006
:10FE3000FFF7FDBB0020E8E60020E6E60020E4E650
:10FE40000020E2E6114B93F8C120144B1A70E7E64C
:10FE500040F2FF320C4BA3F8AC20F1E60A4B93F8CA
:10FE6000D930012B26D0084BB3F8AC30B3F5617F05
:10FE700033D30122044B83F8D9200022EDE600BFE2
:10FE8000295C8FC2F528BC3F68DA0020A0D9002089
:10FE90000CDC0020E0DB002008DC0020FCDB002084
:10FEA000E3DB0020EADB0020FDDB002000000C404B
:10FEB0000000F03F0022AC4BAC49D1E91801F0F74B
:10FEC000F1FE40B1AA4B022283F8D9200022A3F808
:10FED000AC200122C1E60022BFE60122BDE6591C8A
:10FEE000A3480167C1E60022A24B1A70C6E67F2232
:10FEF0009F4B83F8D520E5E69D4B93F8D430022B39
:10FF00002CD0032B5AD0012B12D09B4B1A789B4B31
:10FF10001B789A4266D0964D022385F8D430002291
:10FF2000914BD5E90A01F0F79FFAC5E90A01D8E635
:10FF30008F4B93F8D530632B7FF6D3AE8E4B1A7868
:10FF40008E4B1B789A427FF4CCAE0422884B83F808
:10FF5000D4200122854B83F8BF20C2E6844B93ED69
:10FF60000AAB0022864B51EC1A0BF0F7C3FE40B1EE
:10FF700003227F4B83F8D42000227C4B83F8BF20E0
:10FF8000AFE67D4B1A787D4B1B789A4209D0002250
:10FF9000754B51EC1A0BF0F767FA754BC3E90A0180
:10FFA0009FE6734B00200021C3E90A01042283F875
:10FFB000D42001226D4B83F8BF2092E66E4B1A7855
:10FFC0006E4B1B789A4204D00022684B83F8BF2006
:10FFD00087E60422664B83F8D4200122634B83F822
:10FFE000BF207EE60122614B83F8BF2079E6FF2225
:10FFF0005F4B83F8D2209DE65D4B93F8D130012B07
:020000023000CC
:1000000001D00025A5E65A4B93F8D230C72B05D96D
:100010000222574B83F8D12000259AE6012598E665
:100020000125584B1D70524AD2F88430E31AC2F8A9
:10003000844092F8CF20D118FF292ED84C4A82F85C
:10004000CF104B4B93F8CD3063BB494B012283F863
:10005000CD20032283F8CE20002283F8CF204EF655
:100060006022434B9B6E622B40F3FE800020404990
:1000700088660A2A40F2018149F640418A4240F3EB
:10008000F7800123FAE00125CBE70125C9E7012527
:10009000C7E70125C5E70125C3E7FF22344B83F8F5
:1000A000CF20CEE7324B93F8CE30013B032B00F24A
:1000B000A380DFE803F002244E692C4B93ED0CABD8
:1000C0000022002351EC1A0BF0F7ECFD08B9059B58
:1000D0002BB90222264B83F8CE200022C1E7002252
:1000E000214B51EC1A0BF0F7DDFD002800F0AC803D
:1000F00005221F4B83F8CE204EF66022B1E71B4B42
:1001000093ED0CAB0022184B51EC1A0BF0F7CAFD23
:1001100050B1B8F1000F00F09A800522144B83F81B
:10012000CE204EF660229CE700224FF0804351EC37
:100130001A0BF0F7B7FD002800F08B80B8F1000F24
:1001400000F0898001220A4B83F8CE2047F230521A
:1001500087E7074B93F8CF30C72B7ED90422044B97
:1001600083F8CE2000227CE70000F03FA0D90020D9
:1001700068DA0020E3DB00200BDC00200ADC002032
:1001800000002440EBDB0020AD4B93ED0CAB0022D4
:10019000AC4B51EC1A0BF0F785FD50B1B8F1000FE4
:1001A00000F061870522A84B83F8CE204EF660222E
:1001B00057E70022002351EC1A0BF0F773FD28B12A
:1001C0000222A14B83F8CE2000224AE7059B002B98
:1001D000F6D000224FF0804351EC1A0BF0F762FD8D
:1001E00000283DD0B8F1000F3CD00122964B83F897
:1001F000CE2047F2305234E7914B93ED0CAB002206
:100200004FF0804351EC1A0BF0F74CFD48B1B8F1B8
:10021000000F13D001228C4B83F8CE2047F23052CE
:100220001FE70022002351EC1A0BF0F73BFD28B129
:100230000222854B83F8CE20002212E7059B002B7B
:10024000F6D04EF660220CE747F2305209E7002262
:1002500007E7002205E7002203E74EF6602200E7E9
:100260000022FEE60022FCE6591C7748816600E782
:10027000312B8CBF0023012300E00023734A13704D
:10028000714AD2F88030E31AC2F8804092F8CC204C
:10029000D118FF2924D86C4A82F8CC106A4B93F805
:1002A000CA3013BB684B012283F8CA20042283F8AA
:1002B000CB20002283F8CC204EF66022624BDB6E0E
:1002C000622B40F3EA8000205F49C8660A2A40F2A8
:1002D000ED8049F640418A4240F3E3800123E6E0A5
:1002E000FF22594B83F8CC20D8E7574B93F8CB30FB
:1002F000013B032B00F28280DFE803F002244D75FE
:100300004F4B93ED0EAB0022002351EC1A0BF0F78C
:10031000C9FC08B9059B2BB902224B4B83F8CB20B3
:100320000022CBE70022474B51EC1A0BF0F7BAFC46
:10033000002800F0A2800322434B83F8CB204EF626
:100340006022BBE73E4B93ED0EAB00223D4B51ECE0
:100350001A0BF0F7A7FC50B1B8F1000F00F0908035
:100360000322394B83F8CB204EF66022A6E7002209
:100370004FF0804351EC1A0BF0F794FC002800F08A
:100380008180B8F1000F7FD001222F4B83F8CB2062
:1003900047F2305292E72A4B93ED0EAB00224FF01A
:1003A000804351EC1A0BF0F77DFC48B1B8F1000F17
:1003B00013D00122244B83F8CB2047F230527DE743
:1003C0000022002351EC1A0BF0F76CFC28B102223A
:1003D0001D4B83F8CB20002270E7059B002BF6D045
:1003E0004EF660226AE7184B93F8CC30C72B4DD9F4
:1003F0000522154B83F8CB2000225FE7104B93EDCD
:100400000EAB00220F4B51EC1A0BF0F74BFC50B126
:10041000B8F1000F00F02E8603220B4B83F8CB209F
:100420004EF660224AE70022002351EC1A0BF0F747
:1004300039FC68B10222044B83F8CB2000223DE74F
:10044000A0D900200000F03F68DA0020E7DB0020A0
:10045000059B002BEED000224FF0804351EC1A0B8D
:10046000F0F720FCA8B1B8F1000F14D00122A44B82
:1004700083F8CB2047F2305220E747F230521DE795
:1004800000221BE7002219E7002217E74EF6602240
:1004900014E7002212E7002210E7591C9848C166B1
:1004A00014E7312B8CBF0023012300E00023954A81
:1004B0001370934AD36FE31AD46792F8C920D11806
:1004C000FF2900F299808E4A82F8C9108C4B93F86C
:1004D000C730002B40F09580894A012382F8C7304D
:1004E00082F8C830002182F8C910874A1370874A01
:1004F00013700C9B002B40F0A38019F1000218BF71
:1005000001227F4B83F8AE20814B93F867904FEA2E
:10051000490909F007097F4B1B7849EA03097E4B1B
:100520001B78002B18BF01227C4B42EA49095FFA75
:1005300089F9744A127842EA49095FFA89F9784AD6
:10054000127842EA49025FFA82F9764A127842EA60
:1005500049021A70744A1178744A127842EA4102C8
:10056000D1B2734A127842EA4102D1B2714A12788A
:1005700042EA4102D1B2644A127842EA4102D1B25F
:10058000624A127842EA4102D1B26B4A127842EAD8
:1005900041025A709DF844209A709DF83420DA7018
:1005A0001E7183F805B09DF838209A71DF71584AA2
:1005B00092F858005044187200225A725F4B987992
:1005C000F0F78EF8DDE91E23EFF74EFF46A3D3E9DF
:1005D0000023EFF747FF06460F460022584BF0F77F
:1005E00089FB78BB0022002330463946F0F764FBD4
:1005F00050B30026002727E0FF22414B83F8C92093
:1006000064E73F4B93F8C830012B05D000233E4AE6
:1006100013703E4A13706CE73B4A13703B4A1370E9
:10062000374B93F8C930C72B7FF663AF0222344BA8
:1006300083F8C8200023344A1370344A137058E7F3
:1006400001225EE700263E4F3E4B1B78E3B10022BD
:1006500000233D49D1E91E01F0F724FB00283ED1DB
:10066000002200233849D1E92201F0F71BFB0028C2
:1006700037D0002200232249D1E90401F0F712FB10
:10068000041C18BF012400E0002453EC192B51EC8A
:10069000180BEFF7E7FE02460B46104623F0004129
:1006A00013A3D3E90023F0F71BFB002852D0144D0D
:1006B0000022264BD5E90801EFF7D6FEC5E908016F
:1006C0000022234BF0F70CFB002800F0E78000200D
:1006D0001E491D4BC3E924019FED078B52E0002406
:1006E000D3E70024D1E700BF000000000088B3403A
:1006F0009A9999999999B93F00000000000000006B
:1007000068DA0020E8DB0020ECDB0020E9DB0020D9
:10071000182E0300FDDB0020EBDB002070DB002047
:10072000E7DB0020EADB0020E3DB0020FCDB00202D
:1007300008DC0020E0DB0020E5DB0020D0DB00202F
:1007400000804B409ADB0020A0D900200000F03F41
:1007500000000840002200239F49C1E908239F4967
:10076000C1E9242353EC192B51EC180BEFF77CFE55
:1007700000229B4BF0F72EF800229A4BF0F72AF854
:1007800041EC180B944B93F8C530002B40F093804C
:10079000914B012283F8C520022283F8C6209FEDE9
:1007A0008A8B914A92F85A305B005FFA83F992F88B
:1007B0006040A401E4B20022894B8849D1E91801C4
:1007C000F0F78EFA08B19FED808BB0EE480AF0EE9C
:1007D000680A00F06DFDB0EE408AF0EE608A824B50
:1007E000B3F84220DE8F360A06EB0216B6B2B3F833
:1007F00044804FEA1818B3F846703F0A00F002FD33
:10080000002800F0948000200021784D04EB0903BB
:10081000714A92F8EC402344734C94F85C2003EB4B
:10082000820394F85E2003EB021394F8622003EB3A
:10083000C2132B7094F863306B70AE7085F8038030
:10084000F0F7A0FA00F59C500830287113236B7163
:1008500094F86430AB71EF71B4F84E10090AB4F833
:100860005220120A624B94F865001870597094F87F
:1008700066109970DA7000221A715A719A71DA71E1
:100880005C4B1A789A735A78DA735B4A536801336F
:10089000536021B0BDEC088BBDE8F08F002200232F
:1008A0004E49D1E92401F0F7FDF900287FF45AAF51
:1008B0009FED458B66E7E4B2474B93F8C630012BBA
:1008C00012D0022B18D0002200234449D1E916018E
:1008D000F0F7E8F900283FF464AF02223E4B83F8BA
:1008E000C6209FED398B5CE7DCB902223A4B83F8D6
:1008F000C6209FED358B54E70022404B3749D1E9A4
:100900001601F0F7CFF920B10322334B83F8C6204C
:1009100047E74CB10122304B83F8C62047EC186BF7
:100920003FE747EC186B3CE79FED278B39E79FEDDE
:10093000281BB0EE480AF0EE680A00F091FE51EC78
:10094000100B62E714F0010F08D02D4B9B78AB42DF
:100950003DF4A9AD01230B93FDF7FABB01230B93E3
:10096000FDF7F6BB0022002330463946F0F79AF92E
:10097000003018BF0120FDF7EBBD174A92F8F320B5
:10098000002A7DF4A2AF154B00200021C3E922010B
:10099000C3E91001C3E91401C3E90E01C3E90C0165
:1009A0000026164FC3E91A67C3E91C01C3E91E01FB
:1009B000C3E92001C3E91801C3E916010024264652
:1009C00028E000BFAFF3008000000000000000003E
:1009D000000000000000F04068DA0020A0D90020EC
:1009E0000000E03F00004940182E0300A0DB00207B
:1009F000A8DB002070DB002068DB00200000F03F57
:100A000000DC0020C44B93F8EF30002B3EF43BA8F1
:100A100001260024F4B1C14B00200021C3E92201CA
:100A20004FF00008DFF81893C3E910899FEDB67BFB
:100A300083ED147BC3E90E89C3E90C01C3E91A01F4
:100A4000C3E91C89C3E91E01C3E92001C3E91801F8
:100A5000C3E91601002E7EF427A8AF4B93F8BD30F2
:100A6000002B7EF429A8AC4B012283F8BD20032281
:100A700083F8BE2000200021A84BC3E90801002212
:100A8000A74BA649D1E90001EFF7A4FE41EC100BFA
:100A900000F00EFCB0EE40AAF0EE60AA00F0B2FB4F
:100AA00000283EF4C1A80024002520462946F0F77E
:100AB00069F985B22C0104F0F0040022984B9749A3
:100AC000D1E90201EFF786FE41EC100B00F0F0FBDC
:100AD000B0EE40AAF0EE60AA00F094FB00283EF4CD
:100AE000C9A80026002730463946F0F74BF986B2F0
:100AF000C6F30323E3180D930022894B8749D1E9FC
:100B00000401EFF767FE41EC100B00F0D1FBB0EEF3
:100B100040AAF0EE60AA00F075FB00283EF4D0A8D1
:100B20004FF000084FF0000940464946F0F72AF917
:100B30001FFA80F84FEA081404F0F0040022784B02
:100B40007649D1E90601EFF745FE41EC100B00F0C4
:100B5000AFFBB0EE40AAF0EE60AA00F053FB002815
:100B60003EF4D5A84FF0000A4FF0000B504659460E
:100B7000F0F708F987B2C7F30323E3180E93674B26
:100B800093ED080B00F094FBB0EE40AAF0EE60AAE3
:100B900000F038FB00283EF4E0A84FF0000A4FF0C8
:100BA000000B50465946F0F7EDF8C0B280015FFAED
:100BB00080FA2B0911934FEA181B5A4C657894F868
:100BC00004802078000100EB1510EFF789FD50A399
:100BD000D3E90023EFF7FEFDCDE9060108F00F0091
:100BE000637903EB0020EFF77BFD49A3D3E90023F2
:100BF000EFF7F0FDCDE9160105F00F05A07800EB49
:100C00000520EFF76DFD42A3D3E90023EFF7E2FDE6
:100C1000CDE91201E078000100EB1810EFF760FD5C
:100C20003BA3D3E90023EFF7D5FDCDE914013A4BFF
:100C300093F8C150A47904F00F0483F8C14093F8ED
:100C4000BF30002B7EF4AFA8334B012283F8BF20C6
:100C500083F8C020344B1C88643CA4B2B4F5965F82
:100C60007EF612A92C4B0022A3F8A220B3F8A030E4
:100C7000B3F57A7F08D201334FF6FF72934228BF53
:100C80001346254AA2F8A030234BB3F8A030092B15
:100C90003EF6F7A8204B93F8FA30003318BF012333
:100CA0001D4A82F8FA30214B1D8848F2123000FBB1
:100CB00005F0EFF715FD00221D4BEFF78BFD804689
:100CC0008946CDE902891B4B1A8842F242739A4247
:100CD00038D89D4236D80022174BDDE90001EFF7E6
:100CE000EBFF78BB0022154BDDE90001EFF7BCFB01
:100CF00002460B4640464946EFF7FCFF00283EF40B
:100D0000EAA81FE0AFF300800000000000000040F0
:100D10007B14AE47E17A843F68DA0020A0D9002036
:100D20000000594084D900209CDB002094DB002087
:100D30000000603E92DB0020000004400000F83F0D
:100D40000000F03F9D4B0022A3F8A620B3F8A4308A
:100D5000B3F57A7F08D201334FF6FF72934228BF72
:100D60001346964AA2F8A430944BB3F8A430312B22
:100D70003EF6AEA8914B93F8FB30003318BF012329
:100D80008E4A82F8FB308D4B93F8EA3043B10B9BCF
:100D900033B18B4B93F80090B9F1000F7EF4C2A8E9
:100DA000864B0022A3F8AA20B3F8A830B3F57A7FC7
:100DB00008D201334FF6FF72934228BF13467F4A91
:100DC000A2F8A8307D4BB3F8A8301D2B3EF6A7A89B
:100DD0007A4B93F8FC20003218BF0122774B83F83E
:100DE000FC20B3F8FA30002B7EF4C6A8734B93F8BE
:100DF000FC30003318BF01230C93714B93F8009023
:100E0000B9F1000F7EF4CCA80025EDB26B4B83F84E
:100E1000EB506C4A11786C4A117093F8AF80002245
:100E200000236A49D1E90001EFF764FF30B145457D
:100E300094BF00220122664B83F8BB2000220023CE
:100E40006249D1E90201EFF755FF30B145452CBFAA
:100E5000002501255E4B83F8BC50DDF84080574BE0
:100E600093F8B050002200235849D1E90401EFF76C
:100E700041FF30B1A84594BF00220122544B83F8B2
:100E8000B920002200235149D1E90601EFF732FFD2
:100E900030B1A8452CBF002501254D4B83F8BA5031
:100EA0004B4B93F8BB303BBB494B93F8BC301BBB5F
:100EB000474BD3F8B83023F07F4323F0FF03DBB96F
:100EC000434B93ED0AAB4FF001031D460022002374
:100ED00051EC1A0BEFF7E6FE10B14FF000031D4680
:100EE0002A46EDB23B4B1A700022002351EC1A0B3C
:100EF000EFF7D8FE40B902E00125364B1D702F4BAD
:100F000093F8F730002B6DD02C4B83F8F7502B4B18
:100F100093F8F830002B7EF485A800222E4BDDE9F3
:100F20000001EFF7A1FA02460B46DDE90201EFF7F7
:100F3000E1FE00283EF49EA8204BB3F89A30B3F5AA
:100F40007A7F08D201334FF6FF72934228BF1346CF
:100F50001A4AA2F89A30194BB3F89A30132B3EF67E
:100F600086A8164B93F8F930003318BF0123134AB3
:100F700082F8F930059B002B7EF4AEA8104B1B784D
:100F8000002B68D00022154BDDE90201EFF794FE3B
:100F900000287EF475A8094B0022A3F89C2093F842
:100FA000B19000220E4BDDE90801EFF799FE002811
:100FB0003EF49DA80125FEF79BB800BF68DA00202B
:100FC000E4DB00209ADB0020E6DB0020182E030083
:100FD000A0D90020E5DB00200000F83F0000F03F32
:100FE00000001840354B83F8F750B9F1000F8ED050
:100FF0000022334BDDE90001EFF772FE002886D0B6
:101000000022304BDDE90201EFF756FE00283FF4E5
:101010007EAF2A4B012283F8F8200022A3F8982003
:101020000022284BDDE90201EFF75AFE00287EF48A
:1010300000A8224BB3F8983001334FF6FF72934269
:1010400028BF13461D4AA2F89830FEF701B80126C2
:10105000DFE40126DDE4194B0022A3F89C2093F87D
:10106000B190FEF744B8059B002B3FF4A9A80022DD
:10107000FEF7F7BF059B002B3FF4DCA90022FFF72A
:101080001DB902220D4B83F8C320FCF70FFC00248E
:101090002646BFE43446BDE43446BBE40124B9E44B
:1010A0000124B7E400240126B4E40126B2E4059C3F
:1010B0000126AFE41C460126ACE400BF68DA00203C
:1010C000000004400000F03F08B5082000F04EF892
:1010D0000D4B322283F8B62083F8B72083F8B8206E
:1010E00083F8B920094A52689A675A67C3F894206E
:1010F000C3F89020C3F88C20C3F88820C3F884205C
:10110000C3F88020DA6708BD68DA002068DB0020B9
:101110009FED010B704700BF000000000000F07F52
:101120009FED010A704700BF0000807F00000000B3
:101130009FED010B704700BF000000000000F0FFB2
:101140009FED010A704700BF000080FF0000000013
:101150009FED010B704700BF000000000000F8FF8A
:101160009FED010A704700BF0000C0FF08B5FFF700
:10117000EFFF0E4B83ED000BFFF7F2FF0C4B83EDFF
:10118000000AFFF7C5FF0B4B83ED000BFFF7C8FF0D
:10119000094B83ED000AFFF7CBFF084B83ED000BF3
:1011A000FFF7CEFF064B83ED000A08BD60DC002090
:1011B00068DC002040DC002048DC002050DC0020FF
:1011C00058DC0020D0B557EC106B10EE102A3B46CF
:1011D0000A49D1E90001EFF765FD68B94FF0010454
:1011E00032463B460649D1E90001EFF75BFD08B9FD
:1011F0004FF00004E0B2D0BD0120D0BD40DC0020A3
:1012000050DC002053EC102B10EE100A064A9A43D3
:1012100001D000207047C3F313031BB9003018BF7F
:1012200001207047012070470000F07F10EE103A57
:1012300023F00041CA0D7F3A162A2ADC002A11DA6F
:10124000DFED187A30EE270AB5EEC00AF1EE10FA9B
:1012500005DD002B23DA144A002918BF134600EEDF
:10126000103A7047114911410B42FAD0DFED0D7A67
:1012700030EE270AB5EEC00AF1EE10FAEFDD002BD2
:10128000BEBF4FF4000040FA02F29B1823EA0103AC
:10129000E5E7B1F1FF4FE4D330EE000A70470023D9
:1012A000DDE700BFCAF24971000080BFFFFF7F0089
:1012B00051EC100B2DE9F041C1F30A57A7F2FF36AC
:1012C000132E10EE108A0C4610EE105A35DC002E4C
:1012D00017DA35A3D3E90023EFF7C6F8002200237D
:1012E000EFF708FD50B1002C5ADA24F0004353EA1E
:1012F00008032F4B4FF0000518BF1C462146284617
:1013000025E02C4F374101EA070303431FD026A3F2
:10131000D3E90023EFF7A8F800220023EFF7EAFC57
:101320000028EBD0002CBEBF4FF4801343FA06F622
:10133000A41924EA07040025E0E7332E0BDDB6F5F7
:10134000806F04D110EE102A0B46EFF78DF841ECB8
:10135000100BBDE8F081A7F213474FF0FF3323FADB
:1013600007F73842F3D010A3D3E90023EFF77CF856
:1013700000220023EFF7BEFC0028BFD0002C02DAC9
:10138000142E03D1013425EA0705B7E70123C6F17E
:10139000340603FA06F63544A84588BFE418F2E798
:1013A00000252C46AAE700BF9C7500883CE4377EE8
:1013B0000000F0BFFFFF0F0010B52DED028BB0EE67
:1013C000408AF0EE608A044601F04CFAF8B100223F
:1013D000002351EC180BEFF765FCC0B9B0EE480ADA
:1013E000F0EE680A204600F01BF8B0EE408AF0EEFE
:1013F000608A01F037FA30B10022002351EC180B5B
:10140000EFF750FC18B101F037FA22230360B0EE79
:10141000480AF0EE680ABDEC028B10BD0000000027
:1014200070B555EC104BC5F30A5206462B46B2B9BF
:1014300025F0004323433CD00022334B294610EED5
:10144000100AEFF7C7F9314A964204460D460B469B
:1014500013DA29A3D3E90023EFF7BCF90AE040F23D
:10146000FF718A420CD110EE102A2B4620462946E5
:10147000EEF7FAFF04460D461BE0C1F30A52363A76
:10148000324440F2FE718A420BDD45EC114B9FED78
:101490001C0B01F0D3F91AA3D3E9002351EC100B74
:1014A000DAE7002A08DD23F0FF4323F4E00343EAF0
:1014B000025545EC104B70BD12F1350F0DDA4CF2B0
:1014C00050339E4245EC114BE1DC9FED0B0B01F0DC
:1014D000B5F909A3D3E90023E0E723F0FF4336324F
:1014E00023F4E00343EA0255204629460022084B34
:1014F000B2E700BFAFF3008059F3F8C21F6EA50139
:101500009C7500883CE4377E00005043B03CFFFFF0
:101510000000903C000000001FB551EC100B204A69
:1015200021F00043934207DC9FED1B1B002001F0DC
:10153000CBF851EC100B07E01A4A934209DD10EE8C
:10154000102A0B46EEF78EFF41EC100B05B05DF84C
:1015500004FB684600F08CFA00F0030001289DEDC2
:10156000021B9DED000B04D0022805D070B90120AC
:10157000DDE700F071FCDCE7012001F0A5F853EC99
:10158000102B10EE100A03F10041DDE700F064FCBF
:10159000F5E700BFAFF3008000000000000000008E
:1015A000FB21E93FFFFFEF7FD0B52DED028B8AB025
:1015B000F0EE408AB0EE608A00F0B6F8264B93F960
:1015C0000040631C35D0B4EE488AF1EE10FA30D6F4
:1015D000F4EE688AF1EE10FA2BD6B5EE408AF1EE01
:1015E00010FA26D1012300931C4B019318EE900AA8
:1015F00000230893EFF796F806460F4618EE100AF8
:10160000CDE90267EFF78EF8CDE90401ACB9CDE979
:101610000667684601F02EF9C8B1089B1BB101F0BE
:101620002BF9089B0360DDE90601EFF7CBFB00EE29
:10163000100A0AB0BDEC028BD0BD00220023104678
:101640001946EFF7F1F9022CCDE90601E1D101F0DD
:1016500013F921230360E0E7D40FFE1F982E030047
:101660002DE9F0432DED028B8BB055EC104B57EC70
:10167000116B00F0E3F82A4BB0EE408AF0EE608A7E
:1016800093F90080B8F1FF3F30D032463B463046F8
:101690003946EFF739FB48BB22462B462046294600
:1016A000EFF732FB814608BB002200233046394663
:1016B000EFF7F8FAD0B1012300931A4B0193CDE96B
:1016C0000245CDE90467CDF82090B8F1000F16D19E
:1016D000CDE90645684601F0CDF8D8B1089B1BB1AD
:1016E00001F0CAF8089B03609DED068BB0EE480A36
:1016F000F0EE680A0BB0BDEC028BBDE8F08300226F
:10170000002310461946EFF78FF9B8F1020FCDE923
:101710000601DFD101F0B0F821230360DEE700BF4E
:10172000D40FFE1F9E2E0300F0B510EE907A37F016
:10173000004510EE102A09D022F00046B6F1FF4F06
:1017400010EE10CA02DAB5F1FF4F0ADD07EE902A5B
:1017500067EEA00AC0EEA07A17EE902A00EE102ADB
:10176000F0BDAE42FADB02F0004405D13149E20F90
:1017700001EB82021268F1E72F4B9E423FDC3202FE
:101780006FF07D00002A37DC9D423BDC2B026FF0BE
:101790007D015B0001F1FF31FBD510F17E0FB9BF78
:1017A0006FF07D031B1ACCF3160343F40003B8BF9C
:1017B00006FA03F311F17E0FB5BF6FF07D02C7F398
:1017C0001605521A45F40005B8BF9540401A5A1B39
:1017D000D8B913EA220338BF1346002BC6D0164AE5
:1017E00093421ADD11F17E0F1ADBA3F500022243AA
:1017F0007F3142EAC152B1E701385200C2E7F01529
:101800007F38C1E7E9157F39C7E7002A02DA5B00B4
:101810000138DCE7AAD05300FAE75B000139DFE7C3
:10182000C1F1FF2101F57F0182310B4143EA04023E
:1018300094E700BFA42E0300FFFF7F002DE9F84FBF
:1018400053EC112B57EC106B23F0004C52EA0C05B3
:1018500010EE109A394610EE104A11EE10EA1846B2
:1018600011EE108A0CD07A4D27F0004AAA4507DC09
:1018700055421543DFF8F0B14CEAD5755D450DD9F9
:1018800030463946EEF7A6FF02460B46EFF7CCF896
:1018900006460F4647EC106BBDE8F88FE24507F0AF
:1018A00000450ADCF6DB9642F4D306D1694AED0F17
:1018B00002EBC505D5E90067ECE7674B9A4548DCC4
:1018C000BAF1000F3CD1654E4A46002A35DC9C45F2
:1018D00050DCBCF1000F44D1604A7346002B3DDC64
:1018E0005F4B9E424BDBC1F3130343F480135C490F
:1018F0008A4258DBC0F3130040F48010B61A191A5C
:10190000002E67D1444538BF01F1FF310029A4BF43
:10191000A4EB08040B4653EA0401C7D04E498B429E
:101920006EDD4F498A4271DBA3F580131D4302F23D
:10193000FF3245EA02572646ACE7013E5200C4E7B3
:10194000474E4FEACA225200002A06F1FF36FADC5F
:10195000BDE74FEA2A56A6F2FF36B8E7013A5B0028
:10196000BCE73F4A4FEACC235B00002B02F1FF3279
:10197000FADCB5E74FEA2C52A2F2FF32B0E79C1B2B
:101980001F2C0ADCC4F120030AFA04FA29FA03F333
:1019900043EA0A0309FA04F4A9E7324B9B1B09FA4C
:1019A00003F30024A3E7A1EB0208B8F11F0F0ADC40
:1019B000C8F120000CFA08FC2EFA00F040EA0C00F6
:1019C0000EFA08F89AE72748801A0EFA00F04FF04E
:1019D000000893E7444538BF01F1FF31002905DADB
:1019E000E10F01EB43036400013E88E7A4EB080428
:1019F00051EA04033FF45AAFE30F03EB4103F2E76C
:101A0000E00F00EB43036400013A88E7891A1429C8
:101A10000ADCC1F1200203FA02F2CC4022430B415E
:101A200043EA0507164635E71F2907DC24FA01F2C9
:101A3000C1F120018B401A432B46F1E7C2F17F42EE
:101A400002F57F0202F57B42E23243FA02F2F3E74B
:101A5000FFFFEF7FB02E0300FFFF0F00EDFBFFFF46
:101A600002FCFFFFE2FBFFFF0000F07F0000000030
:101A70002DE9F04F57EC106BC34B8DB027F00048A9
:101A800098450446049707DC0022002384ED000BF0
:101A9000C0E90223002527E0BC4B984575DC049B78
:101AA000BB4D002B10EE100AA9A3D3E90023394641
:101AB00036DDEEF7D7FCA84506460F4618D0A6A39C
:101AC000D3E90023EEF7CEFC02460B46C4E900231F
:101AD00030463946EEF7C6FC9FA3D3E90023EEF764
:101AE000C1FCC4E90201012528460DB0BDE8F08F14
:101AF0009BA3D3E90023EEF7B5FC9BA3D3E9002316
:101B000006460F46EEF7AEFC02460B46C4E900233C
:101B100030463946EEF7A6FC93A3D3E90023DEE76F
:101B2000EEF7A2FCA84506460F4616D08AA3D3E9D5
:101B30000023EEF799FC02460B46C4E90023304629
:101B40003946EEF78FFC84A3D3E90023EEF78CFC33
:101B50004FF0FF35C4E90201C6E781A3D3E90023B2
:101B6000EEF782FC80A3D3E9002306460F46EEF78A
:101B70007BFC02460B46C4E9002330463946EEF7AB
:101B800071FC79A3D3E90023E0E7824B984500F389
:101B9000D08000F060FE57EC106B10EE100A74A3BA
:101BA000D3E900233946EEF715FE00227A4BEEF713
:101BB0005BFCEFF7BFF80546EEF7A2FD64A3D3E99F
:101BC0000023CDE90201EEF705FE02460B46304642
:101BD0003946EEF747FC60A3D3E9002382468B46E3
:101BE000DDE90201EEF7F6FD1F2D06460F462ADC61
:101BF0006A1E6A4B53F82230984524D032463B4641
:101C000050465946EEF72EFCC4E90001D4E900899C
:101C1000504642464B465946EEF724FC3B46324678
:101C2000EEF720FC049B002BC4E90201BFF65CAF79
:101C300009F100436360C4F80080A06001F1004333
:101C4000E3606D4250E732463B4650465946EEF758
:101C500009FC4FEA2852C1F30A53D31A102BC4E9E6
:101C600000010592D2DD3EA3D3E90023DDE90201A4
:101C7000EEF7B0FD06460F4602460B465046594663
:101C8000EEF7F0FB02460B46804689465046594621
:101C9000EEF7E8FB32463B46EEF7E4FB32A3D3E92E
:101CA000002306460F46DDE90201EEF793FD3246BA
:101CB0003B46EEF7D7FB02460B4606460F4640462C
:101CC0004946EEF7CFFB059AC1F30A53D31A312BDD
:101CD000C4E900012ADD28A3D3E90023DDE90201DC
:101CE000EEF778FD06460F4602460B46404649464B
:101CF000EEF7B8FB02460B4682468B464046494605
:101D0000EEF7B0FB32463B46EEF7ACFB1CA3D3E943
:101D1000002306460F46DDE90201EEF75BFD324681
:101D20003B46EEF79FFB06460F4667E7C246CB46AB
:101D30006CE71B4B984535DD10EE102A3B463046CC
:101D40003946EEF78FFBC4E90201C4E90001A1E6C0
:101D500000004054FB21F93F3163621A61B4D03D69
:101D60000000601A61B4D03D7370032E8A19A33B42
:101D700083C8C96D305FE43F0000002E8A19A33B81
:101D8000C14920259A837B39FB21E93F7BD9024059
:101D9000FB21F93FFB2139410000E03FC02E030049
:101DA000FFFFEF7F4FEA2855A5F21645A8EB055136
:101DB00030460F46EEF7BEFFEEF7A2FC02460B469A
:101DC00030463946CDE90623EEF74CFB00221F4B87
:101DD000EEF700FD0F460646EEF7ACFFEEF790FC7F
:101DE00002460B4630463946CDE90823EEF73AFB6A
:101DF0000022164BEEF7EEFCCDE90A010DF1300999
:101E00004FF003080026002732463B4679E90201DD
:101E100008F1FF3AEEF746FFB0B90D4B01930223EC
:101E200000932A464346214606A800F0FDF8049B8D
:101E3000002B0546BFF658AE636803F100436360AC
:101E4000E36803F10043FBE6D046DDE700007041A4
:101E5000402F0300000000002DE9F04F59EC108BDB
:101E600029F0004785B0B7F1795F8DED001B07DAE7
:101E700010EE100A4946EEF75DFF002800F0AA8038
:101E800042464B4640464946EEF7A4FC59A3D3E9E7
:101E9000002304460D46EEF79DFC58A3D3E900232A
:101EA000EEF7E2FA22462B46EEF794FC55A3D3E96F
:101EB0000023EEF7D7FA22462B46EEF78BFC53A30E
:101EC000D3E90023EEF7D0FA22462B46EEF782FC48
:101ED00050A3D3E90023EEF7C5FA22462B46EEF7CE
:101EE00079FC4EA3D3E90023EEF7BEFA2B46224637
:101EF000EEF770FC3A4B9F4282468B462CDC002268
:101F0000384B20462946EEF765FC524606460F46FA
:101F10005B4620462946EEF75DFCDDE900230446DA
:101F20000D4640464946EEF755FC02460B46204614
:101F30002946EEF797FA02460B4630463946EEF749
:101F400091FA0B46284902460020EEF78BFA41EC45
:101F5000100B05B0BDE8F08F244B23499F42D7BF3B
:101F6000A7F50013224F00221646D4BF1F460026B5
:101F700032463B460020EEF775FA0022CDE9020119
:101F8000184B20462946EEF725FC32463B46EEF735
:101F900069FA524606460F465B4620462946EEF74A
:101FA00019FCDDE9002304460D4640464946EEF79C
:101FB00011FC02460B4620462946EEF753FA02462C
:101FC0000B4630463946EEF74DFA02460B46DDE940
:101FD0000201BAE700200449B9E700BFAFF300806F
:101FE0003233D33F0000E03F0000F03F0000E93F04
:101FF0000000D23FD43888BEE9FAA8BDC4B1B4BD50
:102000009EEE213EAD529C804F7E923E9015CB19A4
:10201000A001FA3E7751C1166CC1563F4C5555553B
:102020005555A53F000000002DE9F04F2DED028B26
:10203000ADF5197DD41E06930291C34BA499099066
:1020400053F821300093069B013B0493182394FB23
:10205000F3F46FF0170324EAE47404FB033303EB97
:10206000020A009B049A9FEDB48B03EB0208A59B28
:10207000A71A20AE03EB87090025454513DD9FED28
:10208000AE8B0DF5E07B0026009B9E4232DC099B67
:102090000393069B9D1920AB03EBC503089359ECF2
:1020A000188B00271FE0EF4207D459F82500EEF700
:1020B00027FBE6E802010135DFE751EC180BF8E7F2
:1020C0000899039D71E902230891F5E8020103953F
:1020D000EEF780FB02460B4640464946EEF7C4F950
:1020E000013780468946049B9F42E9DDEBE802897F
:1020F0000136C9E7009B009F0CAA02EB83030B93F8
:10210000A59B03EB84030A9398AB07F1005B03EBF9
:10211000C7030BF1FF3B53E928894FEACB03089330
:10212000089A98AB1344A3F1980B0026BB1B002B15
:1021300077DC49EC108B5046FFF772F955EC104BE9
:1021400000224FF07F5310EE100A2946EEF742FBB3
:1021500041EC100BFFF7ACF8002251EC100B7B4B5D
:10216000EEF738FB02460B4620462946EEF77AF991
:102170000D460446EEF7DEFD0390EEF7C1FA024687
:102180000B4620462946EEF76DF9BAF1000F80465E
:1021900089466BDD7A1E0CABCAF1180153F8220098
:1021A000039C40FA01F31C448B40C01A0CAB03940F
:1021B00043F82200CAF1170340FA03FBBBF1000FFA
:1021C00062DD039B00220133039314466FF07F41CD
:1021D000974200F38980BAF1000F07DDBAF1010FD1
:1021E00000F09680BAF1020F00F09C80BBF1020F64
:1021F0004AD142464B4600205549EEF733F9804616
:102200008946002C40D050469FED4D0BFFF708F952
:102210004046494653EC102BEEF724F98046894698
:1022200032E000224B4B40464946EEF7D3FAEEF738
:1022300081FDEEF765FA0022474B04460D46EEF7A6
:10224000C9FA02460B4640464946EEF70BF9EEF74F
:1022500071FD0CAB294643F826007BE9022320469A
:10226000EEF702F90136804689465FE706D17B1E0C
:102270000CAA52F823004FEAE05B9FE70022374B9D
:10228000EEF72EFD68BB83460022002340464946F8
:10229000EEF708FD002800F0C1807C1E23460022D6
:1022A00000998B425CDA002A40F08B8001246FF0A9
:1022B000030202FB04F30B99CB58002B56D0089B6A
:1022C00098AA1344A3F1900B069BDD1920AB03EBF6
:1022D000C505E3197E1C0393039B9E4248DD1F4600
:1022E00012E74FF0020B6CE70CAB53F822304CB9FD
:1022F0002BB10CA8C3F1807340F8223001230132C6
:102300001C4665E70CA8CB1A40F822302346F6E7B6
:102310007A1E0CAB53F82230C3F316030CA941F814
:10232000223063E77A1E0CAB53F82230C3F3150357
:10233000F4E700BFAFF300800000000000000000E1
:10234000000000000000F03F883003000000204043
:102350000000F03F0000703E000070410000E03FD0
:102360000CA951F82310013B0A4399E70134A0E777
:102370000A9B53F82600EEF7C3F9E5E80201099B32
:1023800008951C4600274FF000084FF00009049BF9
:102390009F4203DDEBE8028901369DE7089971E968
:1023A00002230891F4E80201EEF714FA02460B4604
:1023B00040464946EEF758F8013780468946E6E739
:1023C000013C0CABAAF1180A53F82430002BF7D0CB
:1023D00050469FEDB50BFFF723F8E50098AB03EBF4
:1023E000050957EC106BA9F19809A046B8F1000F48
:1023F0004DDA9FEDAF8B0DF5907A0023049357468D
:10240000049BB4EB030976D4AB4B1E4670AB03EBD5
:10241000C9098DED068B4FF000085EE0CAF100009F
:1024200049EC108BFEF7FCFF55EC104B0022A34B40
:1024300010EE100A2946EEF753FCF8B10022A04B2B
:1024400020462946EEF7C6F9EEF774FC0646EEF78D
:1024500057F90022994BEEF7BDF90B460246294683
:102460002046EDF7FFFFEEF765FC7C1C0CAB0AF194
:10247000180A43F8270043F82460A9E720462946B4
:10248000EEF758FC0CAB3C4643F82700A0E70CAB3A
:1024900053F82800EEF734F932463B46EEF79AF946
:1024A000002269E90201864B30463946EEF792F97F
:1024B00008F1FF3806460F4698E7F9E80223F6E8E8
:1024C0000201EEF787F902460B46DDE90601EDF75A
:1024D000CBFFCDE9060108F10108009B984502DC1D
:1024E000049B9845E9DD049B9DED067B0133AAEC36
:1024F000027B049384E7A49B032B5DD8DFE803F001
:102500004B26260298AB1D44A5F59C752E46A24687
:10251000BAF1000F6EDC2E46A246BAF1010F00F3AD
:102520008A8000200021012C00F3A680BBF1000F5F
:1025300040F0A880DDE94823029CC4E90023DDE9DE
:102540004A23C4E90401C4E9022335E0083548AB55
:102550001D44264600200021002E3CDABBF1000F6E
:102560003FD0024601F10043029DC5E90023024627
:102570000B46DDE94801EDF775FF4AAE0125AC4297
:1025800032DABBF1000F02D001F100431946029B81
:10259000C3E9020110E098AB1D44A5F59C7500202D
:1025A0000021002C11DABBF1000F02D001F1004331
:1025B0001946029BC3E90001039B03F007000DF5D8
:1025C000197DBDEC028BBDE8F08F75E90223EDF7B4
:1025D0004BFF013CE5E775E90223EDF745FF013EBE
:1025E000BAE702460B46BFE7F6E80223EDF73CFFE9
:1025F0000135C4E716ED027B56E9048953EC172B2D
:10260000404649468DED007BEDF72EFFCDE90401F4
:1026100002460B4640464946EDF724FFDDE900231C
:10262000EDF722FF9DED047B66E902010AF1FF3A16
:1026300006ED027B6CE716ED027B56E9048953EC4C
:10264000172B404649468DED007BEDF70DFFCDE998
:10265000040102460B4640464946EDF703FFDDE91B
:102660000023EDF701FF9DED047B66E902010AF10D
:10267000FF3A06ED027B50E775E90223EDF7F4FE21
:10268000013C50E7029A3B6813607B68106103F1DC
:1026900000435360BB689360FB6803F10043D36061
:1026A00001F10043536187E7000000000000F03FA4
:1026B00000000000000000004830030000007041EE
:1026C0000000703E000000002DE9F04F55EC104B6B
:1026D00085B025F00043B3F1795F8DED001B0290CA
:1026E00006DA10EE100A2946EEF724FB002851D036
:1026F00022462B4620462946EEF76CF882468B464A
:1027000002460B4620462946EEF764F841A3D3E97A
:1027100000238046894650465946EEF75BF83FA3B2
:10272000D3E90023EDF79EFE52465B46EEF752F8E2
:102730003CA3D3E90023EDF797FE52465B46EEF744
:1027400049F83AA3D3E90023EDF78CFE52465B46E5
:10275000EEF740F837A3D3E90023EDF785FE029B9F
:1027600006460F46DBB902460B4650465946EEF781
:1027700031F825A3D3E90023EDF774FE42464B461A
:10278000EEF728F802460B4620462946EDF76CFE88
:1027900004460D4645EC104B05B0BDE8F08F002215
:1027A0001B4BDDE90001EEF715F83246CDE90201D9
:1027B0003B4640464946EEF70DF802460B46DDE93A
:1027C0000201EDF74FFE52465B46EEF703F8DDE9F6
:1027D0000023EDF747FE0CA3D3E9002306460F467E
:1027E00040464946EDF7F6FF02460B46304639466D
:1027F000EDF73AFE02460B4620462946EDF732FE3B
:10280000C6E700BFAFF30080495555555555C53F44
:102810000000E03F7CD5CF5A3AD9E53DEB9C2B8AAE
:10282000E6E55A3E7DFEB157E31DC73ED561C119AD
:10283000A0012A3FA6F810111111813F53EC102B73
:1028400011EE900A23F0004100F0004041EA00033D
:1028500043EC102B704753EC102B23F0004343EC58
:10286000102B704710EE903A43F0004000F58010B6
:10287000C00F704700207047014B1868704700BFB9
:10288000D80FFE1F10B5431E0A44914200D110BD5F
:1028900011F8014B03F8014FF7E702440346934256
:1028A00000D1704703F8011BF9E7000000000000A9
:1028B000000018000000001000000014FFFFFFFFE0
:1028C0000004FE1F000000200606000000000000BB
:1028D0000000000000000000BD0E0200000000002B
:1028E000C0280300010032000C04FE1F000000009D
:1028F00000000000100000000000000007000000C1
:1029000004000000010000000000000001000000C1
:1029100007000000040000000100000000000000AB
:1029200001000000000000000000000000000000A6
:10293000100000000000000007000000040000007C
:10294000010000000000000001000000070000007E
:102950000400000001000000000000000100000071
:102960000000000000000000010000001000000056
:10297000000000000700000004000000010000004B
:10298000000000000100000007000000040000003B
:102990000100000000000000010000000000000035
:1029A000000000000200000048000000A0860100B6
:1029B000FFFF010000000000000000000000000018
:1029C00050000000A0860100FFFF01000000000091
:1029D0000000000000000000A086010010000001BF
:1029E000000001FFFF0000000000000000000000E8
:1029F00000000000A086010008000101010001FFA5
:102A0000FF000000000000000000000000000000C7
:102A1000A086010010000001010001FFFF0000007E
:102A20000000000000000000000000008025000001
:102A30000100000100000000312E02000000000033
:102A40000000000000000000000000000000000086
:102A500001000000A0860100010201010000000049
:102A6000612F0200000000000000000000000000D4
:102A7000000000000000000002000000545F496EEA
:102A800069740000545F676574496E31000000008E
:102A9000545F676574496E3200000000545F6765DB
:102AA00074436F6D496E0000545F436F72654170EF
:102AB00070000000545F5663754374726C00000030
:102AC000545F43616E4F75740000000027002800BA
:102AD00000B0034000700240000000000000000051
:102AE00000000000000000000000000000000000E6
:102AF00000000000000000000000000000000000D6
:102B000000000000000000000000000000000000C5
:102B100000000000000000000000000000000000B5
:102B200000000000000000000000000000000000A5
:102B30000000730032002100610049004A004B0090
:102B40004C004D003D0054005500000024002500BD
:102B50002B00360031000000200000007900380012
:102B600039003A0026006E006F007000710000000E
:102B70003B0027005A006600670037002C002D003C
:102B80002E0040006A006B006C0076000000000020
:102B900000000000000000000000000000FCAC0687
:102BA000007E5603003FAB0100FCAC06007E5603DE
:102BB000003FAB0100FCAC06007E5603003FAB01BA
:102BC0000000000000000000000000000000000005
:102BD000000000000000000000FCAC06007E560370
:102BE000003FAB01000000000000000000000000FA
:102BF00000B4C404006CDC02B0F3960100B4C40459
:102C0000006CDC02B0F3960100B4C404006CDC027A
:102C1000B0F396010000000000000000000000007A
:102C200000000000000000000000000000B4C40428
:102C3000005A6202B0F3960100000000000000009C
:102C40000000000000093D0000093D0040420F0067
:102C500000093D0000093D0040420F0000093D0011
:102C600000093D0040420F0000000000000000008D
:102C70000000000000000000000000000000000054
:102C800000093D0000093D0040420F000000000027
:102C90000000000000000000000000000000000034
:102CA00000000000000000000000000000000041E3
:102CB0004141414100000000002020202020202030
:102CC0002020202020004040404040008000564806
:102CD000484848484848480030303030303030307C
:102CE00030363030302000000040024000500240BA
:102CF00000B002404E0055005C0000004F0056003E
:102D00005D000000510058005F0052005900600053
:102D1000500080FF80FF0000000102030405060749
:102D200008090909090A0A0A0A0B0B0B0B0C0C0CFF
:102D30000C0D0D0D0D0D0D0D0D0E0E0E0E0E0E0EBD
:102D40000E0E0E0E0E0E0E0E0E0F0F0F0F0F0F0F9C
:102D50000F0F0F0F0F0F0F0F0F0000000080034029
:102D60000090034000A003400060024000E00640E5
:102D700000F00640000007400010074015431644CD
:102D80001745184619471A481B491C4A68006E0027
:102D900074007A00800086008C009200006006407B
:102DA000007006404F5000002D2C090818001D002F
:102DB0000100000002000000040000000800000004
:102DC0001000000020000000400000008000000013
:102DD00000A0064000B0064000C00640565758000C
:102DE0001F0021002300000000600340001003408A
:102DF0003D3E000034004400383C000049444C454E
:102E000000000000546D725100000000546D7220EB
:102E10005376630000000000000000000000000086
:102E2000000000000000F03F000000000000F03F44
:102E300000000000000000005555555555D5544080
:102E40000000000000000000EC51B81E85EBE93FD7
:102E5000F4018C3C53000000000000000000003C26
:102E60008C0053005D000000090000005D000900B7
:102E70000000000202010100000000538C5D090007
:102E80000000000000000000000000000000F03F13
:102E9000FC00D00700000000666D6F646600666D80
:102EA0006F640000000000000000008000000000CF
:102EB0000000000000000000000000000000008092
:102EC000FB21F93FFB2109407CD91240FB2119402D
:102ED0007A6A1F407CD92240BBFD2540FB21294056
:102EE0003A462C407A6A2F405C4731407CD93240C8
:102EF0009C6B3440BBFD3540DB8F3740FB213940B4
:102F00001BB43A403A463C405AD83D407A6A3F406A
:102F10004C7E40405C4741406C1042407CD942406E
:102F20008CA243409C6B4440AC344540BBFD4540C3
:102F3000CBC64640DB8F4740EB584840FB21494019
:102F400083F9A200444E6E00FC291500D1572700DA
:102F5000DD34F50062DBC0003C99950041904300F0
:102F60006351FE00BBDEAB00B761C5003A6E2400C2
:102F7000D24D42004906E00009EA2E001C92D10021
:102F8000EB1DFE0029B11C00E83EA700F5358200CC
:102F900044BB2E009CE98400B4267000417E5F0093
:102FA000D6913900538339009CF439008B5F84003B
:102FB00028F9BD00F81F3B00DEFF97000F980500C1
:102FC000112FEF000A5A8B006D1F6D00CF7E360067
:102FD00009CB2700464FB7009E663F002DEA5F00F1
:102FE000BA277500E5EBC7003D7BF100F739070014
:102FF00092528A00FB6BEA001FB15F00085D8D00F2
:10300000300356007BFC4600F0AB6B0020BCCF00C9
:1030100036F49A00E3A91D005E619100081BE600EA
:1030200085996500A0145F008D40680080D8FF007E
:1030300027734D0006063100CA561500C9A8730053
:103040007BE260006B8CC00000000040FB21F93F78
:10305000000000002D44743E000000809846F83CBB
:103060000000006051CC783B00000080831BF039E9
:103070000000004020257A38000000802282E336DC
:10308000000000001DF3693502000000030000008D
:103090000400000006000000000000000000000026
:1030A0000000000000000000000000000000000020
:1030B0000000000000000000000000000000000010
:1030C0000000000000000000000000000000000000
:1030D00000000000000000000000000000000000F0
:1030E00000000000000000000000000000000000E0
:1030F0000000000000000000F8B500BFF8B500BFF8
:083100005FF800F03D10FE1F16
:103108002B002C002D002E002F002A0000010000AB
:10311800010000000101010100010000010100009F
:103128000100010000127A00000100030101000003
:103138000001000000000C00010100000100000077
:10314800000000000100000003010101000303006A
:103158000102030100060001010000000100000156
:103168000100000001000000000000000000000055
:10317800000000000101010101010101000000003F
:103188001F0000009004FE1F010100001404FE1F30
:103198004C010200004D010200002F010000004216
:1031A8000103000030010000003A010000003B016B
:1031B8000000003C010000004E0102000043010233
:1031C800000044010200004501020000460102001F
:1031D8000047010200004801020000490102000006
:1031E8004A010200004F0102000050010200005293
:1031F80001020000530102000054010200005601C0
:10320800020000570102000058010200003D0100C1
:10321800000031010000003201000000330100000D
:10322800003401000000350100000000000000002B
:103238000100000000D00440100000000000000160
:103248000000000000F10F400000000000D0044022
:103258000F000000000000010000000000F10F4016
:103268000000000000C00440010000000000000150
:1032780000000000C0F00F400100000000C0044042
:10328800000000000000000100000000C0F00F4036
:103298000100000000D004400B0000000000000105
:1032A8000000000000F10F400000000000D00440C2
:1032B8000A000000000000010000000000F10F40BB
:1032C8000000000000D004400D00000000000001D4
:1032D8000000000000F10F400000000000D0044092
:1032E80005000000000000050000000000000000CC
:1032F8000000000000D004400400000000000005A9
:1033080000000000000000000000000000D00440A1
:103318000E000000000000010000000000F10F4056
:103328000000000000D004400C0000000000000174
:103338000000000000F10F400000000000C0044041
:10334800110000000000000100000000C0F00F4064
:103358000000000000D00440090000000000000147
:103368000000000000F10F40000000000090044041
:103378001F00000000000002000000000000000024
:103388000000000000C004400E0000000000000122
:1033980000000000C0F00F400000000000C0044022
:1033A8000D0000000000000100000000C0F00F4008
:1033B8000100000000A0044014000000000000010B
:1033C8000000000040F00F400000000000A0044092
:1033D80015000000000000010000000040F00F4050
:1033E8000000000000D004400800000000000001B8
:1033F8000000000000F10F400000000000A00440A1
:1034080005000000000000070000000000000000A8
:103418000000000000A004400400000000000005B7
:1034280000000000000000000000000000B00440A0
:1034380003000000000000010000000080F00F40C1
:103448000000000000B00440020000000000000579
:1034580000000000000000000000000000C0044060
:103468000700000000000005000000000000000048
:103478000000000000C00440060000000000000238
:1034880000000000000000000000000000C0044030
:103498000C00000000000005000000000000000013
:1034A8000000000000C004400B0000000000000500
:1034B80000000000000000000000000000B0044010
:1034C80001000000000000040000000000000000EF
:1034D8000000000000B004400000000000000005EB
:1034E80000000000000000000000000000C00440D0
:1034F80009000000000000020000000000000000B9
:103508000000000000C004400800000000000002A5
:1035180000000000000000000000000000B00440AF
:10352800110000000000000500000000000000007D
:103538000000000000B0044010000000000000017E
:103548000000000080F00F400100000000A00440CF
:10355800160000000000000200000000000000004B
:103568000000000000B004400F000000000000014F
:103578000000000080F00F400100000000A004409F
:1035880017000000000000010000000040F00F409C
:103598000000000000A00440190000000000000521
:1035A80000000000000000000000000000A004402F
:1035B8001B000000000000050000000000000000E3
:1035C8000000000000A004401C00000000000005EE
:1035D80000000000000000000000000000A00440FF
:1035E80002000000000000010000000040F00F4051
:1035F8000100000000A004401D00000000000005BC
:1036080000000000000000000000000000B00440BE
:103618000D000000000000010000000080F00F40D5
:103628000100000000B004400C0000000000000190
:103638000000000080F00F400100000000B00440CE
:10364800130000000000000500000000000000005A
:103658000000000000A0044001000000000000027B
:1036680000000000000000000000000000A004406E
:103678000000000000000002000000000000000040
:103688000000000000900440070000000000000156
:103698000000000000F00F4000000000009004400F
:1036A80006000000000000010000000000F00F40CC
:1036B8000000000000C004401200000000000001EB
:1036C80000000000C0F00F400100000000C00440EE
:1036D800130000000000000100000000C0F00F40CF
:1036E8000100000000A004401100000000000001DB
:1036F8000000000040F00F400100000000A004405E
:10370800100000000000000300000000000000009E
:103718000000000000A004400F00000000000003AB
:1037280000000000000000000000000000A00440AD
:103738000E00000000000003000000000000000070
:103748000000000000A004400D000000000000047C
:1037580000000000000000000000000000A004407D
:103768000C00000000000004000000000000000041
:103778000000000000C00440160000000000000126
:1037880000000000C0F00F400100000000C004402D
:10379800040000000000000100000000C0F00F401D
:1037A8000100000000C00440030000000000000108
:1037B80000000000C0F00F400100000000C00440FD
:1037C800020000000000000100000000C0F00F40EF
:1037D8000100000000C004401700000000000001C4
:1037E80000000000C0F00F400100000000900440FD
:1037F80003000000000000030000000000000000BB
:1038080000000000009004400200000000000003D7
:1038180000000000000000000000000000C004409C
:10382800180000000000000100000000C0F00F4078
:103838000100000000A004400B000000000000018F
:103848000000000040F00F400000000000A004400D
:103858000A000000000000010000000040F00F40D6
:103868000100000000A00440090000000000000161
:103878000000000040F00F400100000000C00440BC
:103888001B0000000000000100000000C0F00F4015
:103898000100000000A00440080000000000000132
:1038A8000000000040F00F400100000000C004408C
:1038B8001C0000000000000100000000C0F00F40E4
:1038C800000000000090044001000000000000011A
:1038D8000000000000F00F400000000000C004409D
:1038E8001D0000000000000100000000C0F00F40B3
:1038F80001000000009004400000000000000001EA
:103908000000000000F00F400000000000C004406C
:103918001E0000000000000100000000C0F00F4081
:103928000100000000B00440070000000000000291
:1039380000000000000000000000000000B004408B
:103948000600000000000002000000000000000067
:103958000000000000900440100000000000000279
:10396800000000000000000000000000009004407B
:103978000F0000000000000200000000000000002E
:103988000000000000D00440060000000000000213
:1039980000000000000000000000000000D004400B
:1039A800020000000000000200000000000000000B
:1039B8000000000000D004401300000000000001D7
:1039C8000000000000F10F400000000000D004409B
:1039D80014000000000000010000000000F10F408A
:1039E8000000000000D004401500000000000001A5
:1039F8000000000000F10F400000000000D004406B
:103A080016000000000000010000000000F10F4057
:103A180000000000009004400D00000000000003BA
:103A280000000000000000000000000000D004407A
:103A380017000000000000010000000000F10F4026
:103A48000000000000D00440180000000000000141
:103A58000000000000F10F400000000000D004400A
:103A680019000000000000010000000000F10F40F4
:103A780000000000009004400C000000000000035B
:103A880000000000000000000000000000D004401A
:103A9800010000000000000200000000000000001B
:103AA8000000000000D004400000000000000002F8
:103AB800000000000000000000000000009004402A
:103AC80009000000000000040000000000000000E1
:103AD80000000000009004400800000000000004FE
:103AE80000000000000000000000000002000000CC
:103AF800C0120000000000000000000000000000EC
:103B08002C0EFE1F03000000C01200000000000081
:103B180000000000000000002C0EFE1FEC0DFE1F30
:103B28000200000000000000010000000100010088
:103B380006000000C01200000000000000000000A5
:103B480000000000580EFE1F300EFE1F010000008E
:103B58000000000005000000010001000000000056
:103B68000100000000000000020000000200000048
:103B78003637383900000000000008010000000056
:103B8800000008000000000000000801000000001C
:103B9800000008000000000000000801000000000C
:103BA80000000800000000000000080100000000FC
:103BB80000000800000000000000080100000000EC
:103BC80000000800000000000000080100000000DC
:103BD80000000800000000000000080000000000CD
:103BE8004C010200004D010200002D010000002ED2
:103BF800010000002F010000004201020000300116
:103C08000000003A010000003B010000003C0100F8
:103C180000004E01020000400100000043010200C4
:103C280000440102000045010200004601020000B4
:103C38004701020000480102000049010200004A51
:103C4800010200004F010200005001020000510172
:103C58000200005201020000530102000054010258
:103C68000000550102000056010200005701020041
:103C78000058010200003D010000003E0100000064
:103C8800310100000032010000003301000000345F
:103C98000100000035010000005901000000360154
:103CA800000000370100000038010000000000009B
:103CB80000C0024000D0024000E002401A001B0091
:103CC8001C00000091AA02009BAA0200A5AA0200FB
:103CD800AAAAAAAA01000000DC0FFE1F000000002B
:103CE800B8300300D830030098300300000000000B
:103CF80000000000000000000000000000000000BC
:103D080000000000000000000000000000000000AB
:103D1800000000000000000000000000000000009B
:103D2800000000000000000000000000000000008B
:0C3D38000000000000000000000000007F
:103D440038B505460B4A137843F0800313701446C4
:103D5400237813F0800F05D1AB69B3F1FF3FF7D09F
:103D64009847F5E7034B1B7813F0710F14BF01203C
:083D7400002038BD00000240F0
:020000020000FC
:020000042001D9
:04EFF000000000001D
:0400000320000411C4
:00000001FF
